caseKey,caseName,caseDescription,caseWeight,legislativeSource,scenarioKey,scenario,totalCases,petitionFiledRate,admissionRate,screenOutRate,meritsTransferRate,certiorariPathRate,certiorariAdmissionRate,paidPetitionRate,ifpPetitionRate,courtRequestedResponseRate,cvsgRequestRate,paidCfrRequestRate,ifpCfrRequestRate,solicitorGeneralSignalRate,amicusIntensity,lowerCourtSplitDepth,genuineLowerCourtSplitRate,lowerCourtIdeologicalDrift,lowerCourtResistanceRisk,splitMaturity,relistRate,specialistCounselRate,barCapital,claimStrength,vehicleQuality,vehicleDefectRisk,forumShoppingPressure,preReviewSettlementPressure,settledBeforeReviewRate,strategicPlaintiffSelection,repeatPlayerAdvantage,governmentNoncomplianceRisk,governmentNoncomplianceRate,enforcementCapacity,emergencyOpportunism,recusalIncentivePressure,conditionalReversalProbability,directionalScore,stabilityRightsScore,legitimacyControlScore,legalStability,precedentStability,statutoryStability,interbranchCompliance,rightsProtection,partisanAlignment,shadowDocketAbuse,emergencyLegitimacyRisk,legitimacy,reversalRate,constitutionalConflict,democraticResponsiveness,independenceAccountabilityBalance,administrativeCost,invalidationRate,meritsReviewRate,emergencyOrderRate,emergencyGrantRate,shadowReliefRate,reasonedEmergencyOrderRate,temporaryStayRate,meritsAccelerationRate,expiredEmergencyOrderRate,recusalRate,quorumFailureRate,justiceReplacementRate,concurrenceRate,dissentRate,fragmentationIndex,panelRate,enBancRate,crossCheckDisagreementRate,councilWarningRate,constitutionalRemandRate,publicInterestFilteredRate,overrideAttemptRate,overrideRate,rightsCarveoutBlockRate,repeatedOverrideRate,strategicPressure,legislativeDefiance,executiveEmergencyStrategy,appointmentManipulationPressure,overrideAdaptation,legislativeComplianceRate,legislativeEvasionRate,delayedReenactmentStrategyRate,executiveEmergencyFloodRate,overrideCampaignRate,appointmentPressureCampaignRate,formalRepealRate,formalReplacementRate,formalNarrowedReenactmentRate,formalWeakOverrideRate,formalAmendmentRate,formalCourtCurbingRate,formalOpenDefianceRate,practicalDelayRate,practicalAdministrativeSubstitutionRate,practicalSymbolicComplianceRate,practicalBureaucraticResistanceRate,practicalOpenNoncomplianceRate,individualOneShotClaimantRate,organizedRightsClaimantRate,businessRepeatPlayerClaimantRate,governmentClaimantRate,expertBarClinicClaimantRate,rightsClaimantCaseRate,rightsClaimantSuccess,rightsDomainClaimantSuccess,structuralDomainClaimantSuccess,electionDomainClaimantSuccess,executivePowerDomainClaimantSuccess,administrativeDomainClaimantSuccess,economicDomainClaimantSuccess,doctrinalDepth,remedialBreadth,precedentDurability,emergencyDownstreamEffect,lowerCourtCompliance,eliteAcceptance,publicConfidence,facialChallengeRate,asAppliedChallengeRate,electionDisputeRate,emergencyStayDocketRate,executivePowerDisputeRate,administrativeLawRate,rightsClaimRate
baseline,Baseline,"Moderate polarization, ordinary emergency pressure, and neutral legislative output.",1.000,neutral synthetic legislature,current-us-like,Stylized current U.S.-like supreme court,5120,0.962,0.513,0.449,0.402,0.590,0.214,0.424,0.166,0.097,0.000,0.050,0.046,0.099,0.681,0.547,0.501,0.389,0.258,0.577,0.435,0.415,0.558,0.517,0.663,0.042,0.494,0.134,0.009,0.508,0.369,0.344,0.104,0.599,0.495,0.445,0.738,0.595,0.685,0.697,0.660,0.749,0.670,0.528,0.642,0.034,0.226,0.241,0.472,0.028,0.403,0.578,0.705,0.141,0.112,0.276,0.354,0.053,0.053,0.000,0.053,0.000,0.000,0.013,0.000,0.034,0.310,0.517,0.237,0.487,0.513,0.000,0.000,0.000,0.000,0.000,0.000,0.000,0.000,0.235,0.149,0.561,0.608,0.087,0.315,0.125,0.040,0.265,0.156,0.250,0.015,0.076,0.020,0.000,0.010,0.098,0.000,0.006,0.059,0.071,0.009,0.000,0.352,0.241,0.188,0.073,0.146,0.305,0.135,0.355,0.423,0.971,0.333,0.344,0.187,0.091,0.084,0.699,0.119,0.567,0.524,0.396,0.306,0.085,0.053,0.061,0.094,0.174,0.227
baseline,Baseline,"Moderate polarization, ordinary emergency pressure, and neutral legislative output.",1.000,neutral synthetic legislature,term-limited-balanced,18-year staggered terms + regular appointments,5120,0.961,0.521,0.440,0.402,0.590,0.228,0.424,0.166,0.101,0.001,0.049,0.038,0.099,0.681,0.547,0.501,0.389,0.250,0.577,0.435,0.415,0.558,0.517,0.663,0.042,0.455,0.134,0.007,0.508,0.369,0.344,0.092,0.607,0.351,0.449,0.738,0.607,0.695,0.749,0.665,0.756,0.667,0.538,0.641,0.038,0.076,0.188,0.584,0.038,0.386,0.592,0.743,0.179,0.159,0.418,0.352,0.257,0.000,0.352,0.042,0.215,0.000,0.041,0.000,0.070,0.111,0.522,0.194,0.479,0.521,0.000,0.000,0.000,0.000,0.000,0.000,0.000,0.000,0.213,0.168,0.418,0.615,0.093,0.330,0.122,0.040,0.253,0.164,0.261,0.019,0.076,0.018,0.000,0.005,0.102,0.000,0.006,0.064,0.067,0.008,0.000,0.352,0.241,0.188,0.073,0.146,0.305,0.132,0.386,0.443,0.770,0.333,0.344,0.187,0.116,0.114,0.735,0.071,0.584,0.534,0.514,0.306,0.085,0.053,0.061,0.094,0.174,0.227
baseline,Baseline,"Moderate polarization, ordinary emergency pressure, and neutral legislative output.",1.000,neutral synthetic legislature,nonpartisan-commission,Nonpartisan commission appointments,5120,0.963,0.523,0.440,0.408,0.590,0.224,0.424,0.166,0.101,0.001,0.053,0.028,0.099,0.681,0.547,0.501,0.389,0.249,0.577,0.435,0.415,0.558,0.517,0.663,0.042,0.455,0.134,0.007,0.508,0.369,0.344,0.084,0.607,0.351,0.452,0.738,0.604,0.694,0.753,0.663,0.753,0.666,0.539,0.641,0.024,0.075,0.181,0.588,0.043,0.387,0.592,0.747,0.199,0.163,0.415,0.338,0.243,0.000,0.338,0.047,0.196,0.000,0.058,0.000,0.075,0.108,0.519,0.195,0.477,0.523,0.000,0.000,0.000,0.000,0.000,0.000,0.000,0.000,0.205,0.170,0.420,0.568,0.091,0.329,0.127,0.041,0.253,0.160,0.188,0.014,0.083,0.019,0.000,0.006,0.094,0.000,0.005,0.063,0.068,0.008,0.000,0.352,0.241,0.188,0.073,0.146,0.305,0.132,0.394,0.485,0.746,0.194,0.281,0.187,0.116,0.117,0.731,0.070,0.585,0.536,0.528,0.306,0.085,0.053,0.061,0.094,0.174,0.227
baseline,Baseline,"Moderate polarization, ordinary emergency pressure, and neutral legislative output.",1.000,neutral synthetic legislature,expanded-court-fifteen,Expanded 15-seat court,5120,0.965,0.519,0.446,0.414,0.590,0.223,0.424,0.166,0.107,0.001,0.054,0.034,0.099,0.681,0.547,0.501,0.389,0.249,0.577,0.435,0.415,0.558,0.517,0.663,0.042,0.454,0.134,0.007,0.508,0.369,0.344,0.082,0.607,0.351,0.454,0.738,0.603,0.695,0.752,0.666,0.759,0.667,0.540,0.642,0.023,0.075,0.187,0.593,0.040,0.385,0.591,0.747,0.213,0.159,0.422,0.346,0.254,0.000,0.346,0.048,0.205,0.000,0.043,0.000,0.068,0.413,0.554,0.274,0.481,0.519,0.000,0.000,0.000,0.000,0.000,0.000,0.000,0.000,0.211,0.164,0.411,0.613,0.089,0.333,0.127,0.039,0.247,0.160,0.258,0.018,0.084,0.018,0.000,0.007,0.096,0.000,0.005,0.069,0.061,0.009,0.000,0.352,0.241,0.188,0.073,0.146,0.305,0.131,0.397,0.457,0.717,0.333,0.250,0.201,0.115,0.115,0.729,0.072,0.587,0.537,0.526,0.306,0.085,0.053,0.061,0.094,0.174,0.227
baseline,Baseline,"Moderate polarization, ordinary emergency pressure, and neutral legislative output.",1.000,neutral synthetic legislature,supermajority-review,60 percent invalidation threshold,5120,0.964,0.521,0.444,0.407,0.590,0.228,0.424,0.166,0.101,0.001,0.059,0.036,0.099,0.681,0.547,0.501,0.389,0.251,0.577,0.435,0.415,0.558,0.517,0.663,0.042,0.454,0.134,0.005,0.508,0.369,0.344,0.084,0.605,0.335,0.449,0.738,0.608,0.698,0.749,0.672,0.779,0.666,0.540,0.633,0.036,0.069,0.191,0.572,0.034,0.385,0.587,0.741,0.174,0.133,0.388,0.345,0.196,0.000,0.345,0.082,0.114,0.148,0.039,0.000,0.035,0.107,0.516,0.194,0.479,0.521,0.000,0.000,0.000,0.000,0.000,0.000,0.000,0.000,0.213,0.149,0.438,0.604,0.090,0.329,0.127,0.043,0.260,0.160,0.260,0.015,0.078,0.020,0.000,0.007,0.109,0.000,0.007,0.057,0.070,0.006,0.000,0.352,0.241,0.188,0.073,0.146,0.305,0.110,0.319,0.392,0.639,0.278,0.250,0.163,0.101,0.104,0.755,0.080,0.584,0.534,0.502,0.306,0.085,0.053,0.061,0.094,0.174,0.227
baseline,Baseline,"Moderate polarization, ordinary emergency pressure, and neutral legislative output.",1.000,neutral synthetic legislature,recusal-and-emergency-reform,Peer recusal + reasoned emergency docket,5120,0.959,0.517,0.443,0.407,0.590,0.219,0.424,0.166,0.097,0.001,0.047,0.035,0.099,0.681,0.547,0.501,0.389,0.250,0.577,0.435,0.415,0.558,0.517,0.663,0.042,0.454,0.134,0.006,0.508,0.369,0.344,0.088,0.607,0.351,0.454,0.738,0.603,0.695,0.750,0.665,0.755,0.667,0.539,0.640,0.037,0.076,0.183,0.587,0.040,0.385,0.590,0.744,0.205,0.159,0.416,0.343,0.248,0.000,0.343,0.044,0.204,0.000,0.069,0.000,0.075,0.113,0.525,0.193,0.483,0.517,0.000,0.000,0.000,0.000,0.000,0.000,0.000,0.000,0.212,0.165,0.416,0.615,0.089,0.326,0.119,0.037,0.249,0.159,0.259,0.016,0.075,0.017,0.000,0.006,0.103,0.000,0.006,0.062,0.071,0.007,0.000,0.352,0.241,0.188,0.073,0.146,0.305,0.131,0.393,0.392,0.766,0.333,0.261,0.179,0.115,0.115,0.734,0.070,0.585,0.535,0.519,0.306,0.085,0.053,0.061,0.094,0.174,0.227
baseline,Baseline,"Moderate polarization, ordinary emergency pressure, and neutral legislative output.",1.000,neutral synthetic legislature,panel-en-banc,Three-judge panels with en banc correction,5120,0.962,0.523,0.439,0.416,0.590,0.225,0.424,0.166,0.101,0.000,0.058,0.032,0.099,0.681,0.547,0.501,0.389,0.249,0.577,0.435,0.415,0.558,0.517,0.663,0.042,0.425,0.134,0.007,0.508,0.369,0.344,0.087,0.608,0.350,0.538,0.738,0.603,0.695,0.751,0.666,0.756,0.667,0.540,0.638,0.038,0.075,0.184,0.634,0.043,0.384,0.592,0.749,0.215,0.158,0.427,0.345,0.258,0.000,0.345,0.051,0.207,0.000,0.475,0.000,0.260,0.074,0.465,0.160,0.800,0.200,0.000,0.000,0.000,0.000,0.000,0.000,0.000,0.000,0.199,0.163,0.402,0.559,0.091,0.328,0.122,0.042,0.235,0.160,0.180,0.019,0.077,0.023,0.000,0.005,0.092,0.000,0.005,0.059,0.066,0.010,0.000,0.352,0.241,0.188,0.073,0.146,0.305,0.125,0.371,0.399,0.754,0.222,0.188,0.163,0.115,0.115,0.738,0.071,0.587,0.537,0.573,0.306,0.085,0.053,0.061,0.094,0.174,0.227
baseline,Baseline,"Moderate polarization, ordinary emergency pressure, and neutral legislative output.",1.000,neutral synthetic legislature,cross-checking-courts,Supreme court with cross-checking constitutional court,5120,0.964,0.529,0.435,0.416,0.590,0.236,0.424,0.166,0.101,0.000,0.047,0.046,0.099,0.681,0.547,0.501,0.389,0.230,0.577,0.435,0.415,0.558,0.517,0.663,0.042,0.455,0.134,0.007,0.508,0.369,0.344,0.089,0.626,0.335,0.461,0.738,0.588,0.698,0.751,0.666,0.776,0.668,0.522,0.622,0.016,0.069,0.195,0.593,0.028,0.410,0.582,0.745,0.282,0.107,0.396,0.354,0.201,0.000,0.354,0.080,0.120,0.154,0.109,0.000,0.088,0.114,0.524,0.198,0.471,0.529,0.141,0.000,0.000,0.000,0.000,0.000,0.000,0.000,0.204,0.132,0.442,0.578,0.082,0.344,0.119,0.037,0.259,0.158,0.197,0.019,0.073,0.018,0.000,0.010,0.106,0.000,0.006,0.060,0.066,0.009,0.000,0.352,0.241,0.188,0.073,0.146,0.305,0.085,0.248,0.402,0.447,0.306,0.250,0.106,0.101,0.086,0.752,0.081,0.588,0.520,0.530,0.306,0.085,0.053,0.061,0.094,0.174,0.227
baseline,Baseline,"Moderate polarization, ordinary emergency pressure, and neutral legislative output.",1.000,neutral synthetic legislature,dual-supreme-courts,Dual supreme courts with disagreement filter,5120,0.963,0.525,0.438,0.413,0.590,0.228,0.424,0.166,0.105,0.001,0.051,0.034,0.099,0.681,0.547,0.501,0.389,0.252,0.577,0.435,0.415,0.558,0.517,0.663,0.042,0.455,0.134,0.008,0.508,0.369,0.344,0.097,0.606,0.336,0.464,0.738,0.577,0.683,0.751,0.644,0.726,0.657,0.515,0.641,0.015,0.069,0.196,0.596,0.040,0.417,0.593,0.743,0.316,0.156,0.393,0.355,0.202,0.000,0.355,0.082,0.120,0.153,0.108,0.000,0.095,0.110,0.532,0.198,0.475,0.525,0.145,0.000,0.000,0.000,0.000,0.000,0.000,0.000,0.211,0.178,0.443,0.601,0.090,0.328,0.129,0.044,0.263,0.153,0.201,0.017,0.080,0.019,0.000,0.011,0.101,0.000,0.006,0.067,0.067,0.009,0.000,0.352,0.241,0.188,0.073,0.146,0.305,0.129,0.387,0.454,0.750,0.194,0.250,0.171,0.117,0.119,0.704,0.081,0.578,0.512,0.533,0.306,0.085,0.053,0.061,0.094,0.174,0.227
baseline,Baseline,"Moderate polarization, ordinary emergency pressure, and neutral legislative output.",1.000,neutral synthetic legislature,comparative-constitutional-senates,Comparative 16-seat constitutional senates,5120,0.966,0.512,0.454,0.410,0.590,0.215,0.424,0.166,0.099,0.001,0.049,0.034,0.099,0.681,0.547,0.501,0.389,0.251,0.577,0.435,0.415,0.558,0.517,0.663,0.042,0.484,0.134,0.006,0.508,0.369,0.344,0.092,0.605,0.334,0.573,0.738,0.597,0.699,0.742,0.674,0.781,0.668,0.539,0.633,0.021,0.068,0.192,0.622,0.031,0.382,0.583,0.747,0.243,0.120,0.388,0.347,0.196,0.000,0.347,0.083,0.113,0.150,0.462,0.000,0.104,0.110,0.499,0.183,0.804,0.196,0.000,0.000,0.000,0.000,0.000,0.000,0.000,0.000,0.204,0.141,0.437,0.557,0.083,0.333,0.118,0.036,0.247,0.158,0.187,0.018,0.080,0.015,0.000,0.006,0.098,0.000,0.008,0.059,0.056,0.010,0.000,0.352,0.241,0.188,0.073,0.146,0.305,0.104,0.319,0.292,0.639,0.167,0.094,0.068,0.097,0.096,0.758,0.081,0.585,0.536,0.560,0.306,0.085,0.053,0.061,0.094,0.174,0.227
baseline,Baseline,"Moderate polarization, ordinary emergency pressure, and neutral legislative output.",1.000,neutral synthetic legislature,constitutional-council,Pre-enactment constitutional council,5120,0.965,0.528,0.437,0.413,0.590,0.226,0.424,0.166,0.102,0.001,0.054,0.021,0.099,0.681,0.547,0.501,0.389,0.248,0.577,0.435,0.415,0.558,0.517,0.663,0.042,0.445,0.134,0.009,0.508,0.369,0.344,0.089,0.649,0.351,0.495,0.738,0.599,0.703,0.755,0.674,0.770,0.668,0.552,0.641,0.029,0.077,0.187,0.647,0.037,0.398,0.610,0.758,0.274,0.148,0.422,0.352,0.257,0.000,0.352,0.047,0.210,0.000,0.317,0.000,0.105,0.077,0.506,0.182,0.798,0.202,0.000,0.367,0.000,0.000,0.085,0.023,0.036,0.002,0.207,0.177,0.415,0.574,0.142,0.335,0.127,0.046,0.252,0.162,0.198,0.015,0.051,0.014,0.162,0.005,0.070,0.000,0.007,0.062,0.068,0.009,0.000,0.352,0.241,0.188,0.073,0.146,0.305,0.124,0.382,0.412,0.697,0.278,0.188,0.122,0.113,0.104,0.749,0.071,0.590,0.549,0.587,0.306,0.085,0.053,0.061,0.094,0.174,0.227
baseline,Baseline,"Moderate polarization, ordinary emergency pressure, and neutral legislative output.",1.000,neutral synthetic legislature,legislative-override,Judicial review with legislative supermajority override,5120,0.965,0.526,0.438,0.415,0.590,0.233,0.424,0.166,0.105,0.001,0.055,0.029,0.099,0.681,0.547,0.501,0.389,0.250,0.577,0.435,0.415,0.558,0.517,0.663,0.042,0.455,0.134,0.007,0.508,0.369,0.344,0.096,0.608,0.351,0.449,0.738,0.602,0.693,0.752,0.662,0.758,0.665,0.529,0.643,0.015,0.076,0.185,0.591,0.039,0.401,0.597,0.747,0.207,0.159,0.423,0.346,0.250,0.000,0.346,0.043,0.206,0.000,0.042,0.000,0.069,0.110,0.527,0.196,0.474,0.526,0.000,0.000,0.000,0.000,0.096,0.022,0.037,0.001,0.211,0.196,0.412,0.584,0.159,0.339,0.131,0.048,0.248,0.163,0.194,0.012,0.056,0.016,0.163,0.005,0.068,0.000,0.006,0.064,0.062,0.010,0.000,0.352,0.241,0.188,0.073,0.146,0.305,0.130,0.403,0.351,0.746,0.278,0.323,0.130,0.116,0.111,0.737,0.071,0.583,0.526,0.533,0.306,0.085,0.053,0.061,0.094,0.174,0.227
baseline,Baseline,"Moderate polarization, ordinary emergency pressure, and neutral legislative output.",1.000,neutral synthetic legislature,accountability-retention-court,Retention-election accountability court,5120,0.963,0.527,0.436,0.418,0.590,0.227,0.424,0.166,0.103,0.001,0.052,0.035,0.099,0.681,0.547,0.501,0.389,0.250,0.577,0.435,0.415,0.558,0.517,0.663,0.042,0.455,0.134,0.006,0.508,0.369,0.344,0.096,0.609,0.351,0.450,0.738,0.603,0.692,0.752,0.663,0.757,0.668,0.531,0.639,0.022,0.075,0.186,0.592,0.037,0.400,0.603,0.747,0.201,0.161,0.428,0.349,0.258,0.000,0.349,0.043,0.215,0.000,0.048,0.000,0.110,0.309,0.540,0.244,0.473,0.527,0.000,0.000,0.000,0.000,0.093,0.046,0.000,0.004,0.207,0.183,0.412,0.586,0.108,0.328,0.128,0.042,0.254,0.161,0.197,0.015,0.054,0.017,0.161,0.005,0.065,0.000,0.007,0.062,0.068,0.010,0.000,0.352,0.241,0.188,0.073,0.146,0.305,0.137,0.426,0.468,0.730,0.222,0.250,0.174,0.117,0.108,0.731,0.070,0.584,0.528,0.534,0.306,0.085,0.053,0.061,0.094,0.174,0.227
baseline,Baseline,"Moderate polarization, ordinary emergency pressure, and neutral legislative output.",1.000,neutral synthetic legislature,emergency-restraint-court,No emergency relief without merits review,5120,0.961,0.522,0.439,0.410,0.590,0.225,0.424,0.166,0.099,0.001,0.058,0.034,0.099,0.681,0.547,0.501,0.389,0.247,0.577,0.435,0.415,0.558,0.517,0.663,0.042,0.455,0.134,0.006,0.508,0.369,0.344,0.091,0.611,0.285,0.458,0.738,0.609,0.697,0.770,0.663,0.753,0.664,0.539,0.646,0.025,0.011,0.176,0.635,0.045,0.383,0.596,0.760,0.216,0.173,0.480,0.344,0.344,0.000,0.344,0.000,0.344,0.000,0.094,0.000,0.072,0.108,0.511,0.191,0.478,0.522,0.000,0.000,0.000,0.000,0.000,0.000,0.000,0.000,0.197,0.179,0.361,0.570,0.093,0.322,0.134,0.042,0.241,0.163,0.188,0.015,0.085,0.021,0.000,0.005,0.094,0.000,0.005,0.069,0.065,0.009,0.000,0.352,0.241,0.188,0.073,0.146,0.305,0.144,0.413,0.485,0.918,0.278,0.250,0.171,0.128,0.116,0.741,0.058,0.592,0.535,0.576,0.306,0.085,0.053,0.061,0.094,0.174,0.227
baseline,Baseline,"Moderate polarization, ordinary emergency pressure, and neutral legislative output.",1.000,neutral synthetic legislature,randomized-merits-panels,Randomized merits panels with en banc correction,5120,0.964,0.525,0.440,0.414,0.590,0.221,0.424,0.166,0.103,0.001,0.055,0.049,0.099,0.681,0.547,0.501,0.389,0.249,0.577,0.435,0.415,0.558,0.517,0.663,0.042,0.425,0.134,0.008,0.508,0.369,0.344,0.089,0.607,0.350,0.559,0.738,0.603,0.695,0.750,0.663,0.753,0.665,0.540,0.644,0.036,0.073,0.181,0.635,0.041,0.385,0.594,0.751,0.221,0.169,0.424,0.336,0.256,0.000,0.336,0.052,0.204,0.000,0.492,0.000,0.101,0.071,0.448,0.160,0.793,0.207,0.000,0.000,0.000,0.000,0.000,0.000,0.000,0.000,0.200,0.173,0.397,0.562,0.090,0.326,0.124,0.039,0.237,0.160,0.181,0.018,0.080,0.018,0.000,0.006,0.092,0.000,0.007,0.062,0.068,0.008,0.000,0.352,0.241,0.188,0.073,0.146,0.305,0.137,0.426,0.495,0.721,0.250,0.281,0.179,0.118,0.122,0.735,0.070,0.585,0.537,0.574,0.306,0.085,0.053,0.061,0.094,0.174,0.227
baseline,Baseline,"Moderate polarization, ordinary emergency pressure, and neutral legislative output.",1.000,neutral synthetic legislature,mandatory-written-emergency-reasoning,Mandatory written emergency reasoning,5120,0.964,0.526,0.438,0.412,0.590,0.239,0.424,0.166,0.106,0.002,0.062,0.039,0.099,0.681,0.547,0.501,0.389,0.250,0.577,0.435,0.415,0.558,0.517,0.663,0.042,0.455,0.134,0.009,0.508,0.369,0.344,0.091,0.607,0.324,0.450,0.738,0.603,0.696,0.753,0.667,0.765,0.667,0.537,0.640,0.038,0.050,0.192,0.589,0.038,0.389,0.592,0.745,0.216,0.158,0.419,0.350,0.235,0.000,0.350,0.080,0.155,0.000,0.043,0.000,0.068,0.109,0.516,0.195,0.474,0.526,0.000,0.000,0.000,0.000,0.000,0.000,0.000,0.000,0.213,0.161,0.430,0.613,0.090,0.339,0.122,0.042,0.260,0.160,0.264,0.019,0.074,0.018,0.000,0.006,0.107,0.000,0.005,0.059,0.066,0.010,0.000,0.352,0.241,0.188,0.073,0.146,0.305,0.128,0.386,0.454,0.693,0.222,0.366,0.201,0.113,0.120,0.745,0.079,0.584,0.533,0.518,0.306,0.085,0.053,0.061,0.094,0.174,0.227
baseline,Baseline,"Moderate polarization, ordinary emergency pressure, and neutral legislative output.",1.000,neutral synthetic legislature,automatic-merits-follow-up,Automatic merits follow-up for emergency relief,5120,0.958,0.517,0.441,0.407,0.590,0.220,0.424,0.166,0.107,0.001,0.056,0.031,0.099,0.681,0.547,0.501,0.389,0.247,0.577,0.435,0.415,0.558,0.517,0.663,0.042,0.455,0.134,0.007,0.508,0.369,0.344,0.089,0.611,0.306,0.449,0.738,0.605,0.695,0.765,0.659,0.741,0.661,0.540,0.646,0.036,0.017,0.171,0.619,0.045,0.383,0.595,0.756,0.229,0.184,0.475,0.336,0.336,0.000,0.336,0.084,0.336,0.000,0.042,0.000,0.079,0.110,0.520,0.191,0.483,0.517,0.000,0.000,0.000,0.000,0.000,0.000,0.000,0.000,0.207,0.183,0.373,0.624,0.090,0.329,0.123,0.039,0.249,0.147,0.259,0.018,0.079,0.020,0.000,0.008,0.100,0.000,0.006,0.063,0.061,0.010,0.000,0.352,0.241,0.188,0.073,0.146,0.305,0.149,0.422,0.468,0.951,0.333,0.386,0.201,0.130,0.138,0.728,0.064,0.591,0.537,0.553,0.306,0.085,0.053,0.061,0.094,0.174,0.227
baseline,Baseline,"Moderate polarization, ordinary emergency pressure, and neutral legislative output.",1.000,neutral synthetic legislature,strong-recusal-enforcement,Independent recusal enforcement with substitutes,5120,0.964,0.526,0.438,0.416,0.590,0.230,0.424,0.166,0.099,0.000,0.051,0.040,0.099,0.681,0.547,0.501,0.389,0.250,0.577,0.435,0.415,0.558,0.517,0.663,0.042,0.455,0.134,0.009,0.508,0.369,0.344,0.090,0.607,0.351,0.462,0.738,0.601,0.693,0.752,0.661,0.750,0.664,0.537,0.643,0.024,0.076,0.188,0.603,0.042,0.389,0.594,0.747,0.222,0.170,0.425,0.350,0.267,0.000,0.350,0.050,0.217,0.000,0.094,0.000,0.066,0.109,0.526,0.199,0.474,0.526,0.000,0.000,0.000,0.000,0.000,0.000,0.000,0.000,0.205,0.172,0.416,0.573,0.091,0.338,0.119,0.040,0.253,0.156,0.186,0.021,0.073,0.018,0.000,0.005,0.093,0.000,0.006,0.063,0.064,0.010,0.000,0.352,0.241,0.188,0.073,0.146,0.305,0.135,0.408,0.443,0.742,0.250,0.375,0.220,0.120,0.123,0.728,0.072,0.584,0.536,0.542,0.306,0.085,0.053,0.061,0.094,0.174,0.227
baseline,Baseline,"Moderate polarization, ordinary emergency pressure, and neutral legislative output.",1.000,neutral synthetic legislature,jurisdiction-stripping-constraints,Jurisdiction stripping constrained by rights carveouts,5120,0.963,0.518,0.445,0.409,0.590,0.219,0.424,0.166,0.109,0.001,0.061,0.047,0.099,0.681,0.547,0.501,0.389,0.248,0.577,0.435,0.415,0.558,0.517,0.663,0.042,0.404,0.134,0.008,0.508,0.369,0.344,0.089,0.637,0.351,0.449,0.738,0.608,0.699,0.758,0.665,0.758,0.666,0.537,0.641,0.015,0.075,0.184,0.588,0.040,0.391,0.595,0.752,0.199,0.157,0.416,0.345,0.257,0.000,0.345,0.046,0.211,0.000,0.041,0.000,0.075,0.111,0.525,0.193,0.482,0.518,0.000,0.000,0.000,0.000,0.089,0.000,0.000,0.000,0.201,0.205,0.410,0.573,0.145,0.320,0.125,0.042,0.252,0.162,0.187,0.020,0.117,0.025,0.000,0.008,0.000,0.000,0.006,0.062,0.073,0.009,0.000,0.352,0.241,0.188,0.073,0.146,0.305,0.128,0.396,0.412,0.730,0.167,0.219,0.146,0.115,0.114,0.737,0.070,0.589,0.545,0.538,0.306,0.085,0.053,0.061,0.094,0.174,0.227
baseline,Baseline,"Moderate polarization, ordinary emergency pressure, and neutral legislative output.",1.000,neutral synthetic legislature,legislative-override-window,Time-limited legislative override window,5120,0.965,0.519,0.446,0.407,0.590,0.225,0.424,0.166,0.102,0.001,0.056,0.038,0.099,0.681,0.547,0.501,0.389,0.250,0.577,0.435,0.415,0.558,0.517,0.663,0.042,0.454,0.134,0.005,0.508,0.369,0.344,0.089,0.608,0.351,0.449,0.738,0.602,0.693,0.753,0.663,0.757,0.666,0.532,0.639,0.015,0.074,0.183,0.589,0.040,0.398,0.595,0.747,0.205,0.157,0.420,0.342,0.250,0.000,0.342,0.045,0.205,0.000,0.042,0.000,0.075,0.109,0.529,0.194,0.481,0.519,0.000,0.000,0.000,0.000,0.092,0.027,0.034,0.000,0.209,0.192,0.413,0.576,0.148,0.317,0.135,0.047,0.246,0.163,0.186,0.012,0.059,0.014,0.163,0.003,0.071,0.000,0.006,0.065,0.073,0.009,0.000,0.352,0.241,0.188,0.073,0.146,0.305,0.128,0.374,0.454,0.754,0.333,0.281,0.157,0.114,0.109,0.735,0.071,0.585,0.526,0.532,0.306,0.085,0.053,0.061,0.094,0.174,0.227
baseline,Baseline,"Moderate polarization, ordinary emergency pressure, and neutral legislative output.",1.000,neutral synthetic legislature,constitutional-remand,Constitutional remand before invalidation,5120,0.965,0.533,0.433,0.416,0.590,0.235,0.424,0.166,0.096,0.000,0.050,0.038,0.099,0.681,0.547,0.501,0.389,0.215,0.577,0.435,0.415,0.558,0.517,0.663,0.042,0.415,0.134,0.008,0.508,0.369,0.344,0.090,0.624,0.351,0.452,0.738,0.604,0.713,0.761,0.690,0.799,0.683,0.558,0.635,0.025,0.074,0.183,0.621,0.024,0.384,0.607,0.757,0.284,0.106,0.432,0.344,0.259,0.000,0.344,0.046,0.212,0.000,0.058,0.000,0.092,0.074,0.535,0.193,0.467,0.533,0.000,0.415,0.048,0.000,0.063,0.018,0.025,0.002,0.199,0.148,0.404,0.550,0.127,0.333,0.135,0.048,0.251,0.166,0.194,0.013,0.056,0.016,0.166,0.004,0.064,0.000,0.006,0.070,0.065,0.007,0.000,0.352,0.241,0.188,0.073,0.146,0.305,0.111,0.336,0.389,0.593,0.222,0.239,0.180,0.100,0.089,0.775,0.070,0.600,0.556,0.563,0.306,0.085,0.053,0.061,0.094,0.174,0.227
baseline,Baseline,"Moderate polarization, ordinary emergency pressure, and neutral legislative output.",1.000,neutral synthetic legislature,public-interest-litigation-filter,Public-interest litigation filter,5120,0.961,0.530,0.431,0.419,0.590,0.238,0.424,0.166,0.099,0.001,0.058,0.042,0.099,0.681,0.547,0.501,0.389,0.251,0.577,0.435,0.415,0.558,0.517,0.663,0.042,0.368,0.134,0.007,0.508,0.369,0.344,0.099,0.608,0.351,0.452,0.738,0.603,0.695,0.759,0.665,0.761,0.667,0.535,0.646,0.024,0.076,0.187,0.596,0.039,0.388,0.593,0.746,0.224,0.157,0.427,0.350,0.254,0.000,0.350,0.045,0.209,0.000,0.055,0.000,0.069,0.110,0.540,0.194,0.470,0.530,0.000,0.000,0.000,0.107,0.000,0.000,0.000,0.000,0.200,0.169,0.422,0.564,0.088,0.333,0.125,0.040,0.252,0.154,0.179,0.018,0.078,0.019,0.000,0.007,0.107,0.000,0.004,0.058,0.070,0.009,0.000,0.352,0.241,0.188,0.073,0.146,0.305,0.138,0.424,0.454,0.779,0.167,0.198,0.179,0.116,0.114,0.739,0.072,0.583,0.531,0.534,0.306,0.085,0.053,0.061,0.094,0.174,0.227
baseline,Baseline,"Moderate polarization, ordinary emergency pressure, and neutral legislative output.",1.000,neutral synthetic legislature,emergency-integrity-package,Emergency integrity package,5120,0.967,0.529,0.438,0.415,0.590,0.238,0.424,0.166,0.107,0.002,0.057,0.035,0.099,0.681,0.547,0.501,0.389,0.247,0.577,0.435,0.415,0.558,0.517,0.663,0.042,0.455,0.134,0.007,0.508,0.369,0.344,0.087,0.611,0.305,0.462,0.738,0.605,0.698,0.767,0.664,0.758,0.663,0.539,0.649,0.024,0.018,0.177,0.640,0.041,0.386,0.598,0.760,0.254,0.177,0.486,0.346,0.346,0.000,0.346,0.085,0.346,0.000,0.094,0.000,0.077,0.112,0.528,0.201,0.471,0.529,0.000,0.000,0.000,0.000,0.000,0.000,0.000,0.000,0.198,0.172,0.369,0.572,0.088,0.339,0.123,0.038,0.247,0.154,0.191,0.015,0.081,0.016,0.000,0.007,0.100,0.000,0.007,0.058,0.069,0.011,0.000,0.352,0.241,0.188,0.073,0.146,0.305,0.150,0.440,0.443,0.947,0.250,0.281,0.203,0.130,0.134,0.744,0.065,0.592,0.536,0.580,0.306,0.085,0.053,0.061,0.094,0.174,0.227
baseline,Baseline,"Moderate polarization, ordinary emergency pressure, and neutral legislative output.",1.000,neutral synthetic legislature,remand-override-window-package,Constitutional remand with override window,5120,0.965,0.528,0.437,0.418,0.590,0.223,0.424,0.166,0.106,0.002,0.054,0.036,0.099,0.681,0.547,0.501,0.389,0.216,0.577,0.435,0.415,0.558,0.517,0.663,0.042,0.415,0.134,0.009,0.508,0.369,0.344,0.091,0.623,0.323,0.452,0.738,0.601,0.713,0.763,0.691,0.802,0.682,0.558,0.636,0.025,0.049,0.192,0.622,0.025,0.384,0.605,0.757,0.312,0.108,0.424,0.354,0.239,0.000,0.354,0.074,0.165,0.000,0.059,0.000,0.092,0.073,0.539,0.189,0.472,0.528,0.000,0.405,0.045,0.000,0.059,0.014,0.024,0.000,0.198,0.145,0.428,0.547,0.122,0.334,0.125,0.044,0.257,0.159,0.187,0.014,0.052,0.015,0.159,0.004,0.069,0.000,0.006,0.061,0.065,0.008,0.000,0.352,0.241,0.188,0.073,0.146,0.305,0.109,0.329,0.327,0.624,0.182,0.305,0.133,0.097,0.095,0.780,0.078,0.599,0.556,0.562,0.306,0.085,0.053,0.061,0.094,0.174,0.227
baseline,Baseline,"Moderate polarization, ordinary emergency pressure, and neutral legislative output.",1.000,neutral synthetic legislature,panel-jurisdiction-safeguards,Random panels with jurisdiction safeguards,5120,0.960,0.521,0.439,0.404,0.590,0.217,0.424,0.166,0.102,0.000,0.053,0.048,0.099,0.681,0.547,0.501,0.389,0.251,0.577,0.435,0.415,0.558,0.517,0.663,0.042,0.375,0.134,0.009,0.508,0.369,0.344,0.102,0.635,0.334,0.586,0.738,0.600,0.700,0.750,0.668,0.775,0.664,0.534,0.633,0.037,0.066,0.188,0.629,0.034,0.391,0.591,0.750,0.244,0.138,0.389,0.341,0.202,0.000,0.341,0.081,0.121,0.139,0.533,0.000,0.098,0.075,0.479,0.160,0.798,0.202,0.000,0.000,0.000,0.000,0.080,0.000,0.000,0.000,0.201,0.187,0.435,0.571,0.137,0.334,0.126,0.041,0.252,0.165,0.198,0.022,0.116,0.023,0.000,0.008,0.000,0.000,0.006,0.061,0.065,0.010,0.000,0.352,0.241,0.188,0.073,0.146,0.305,0.112,0.331,0.412,0.660,0.194,0.219,0.122,0.103,0.107,0.755,0.079,0.584,0.544,0.575,0.306,0.085,0.053,0.061,0.094,0.174,0.227
baseline,Baseline,"Moderate polarization, ordinary emergency pressure, and neutral legislative output.",1.000,neutral synthetic legislature,council-concrete-hybrid,Constitutional council with concrete-review backstop,5120,0.968,0.515,0.453,0.402,0.590,0.216,0.424,0.166,0.101,0.001,0.059,0.039,0.099,0.681,0.547,0.501,0.389,0.247,0.577,0.435,0.415,0.558,0.517,0.663,0.042,0.444,0.134,0.007,0.508,0.369,0.344,0.084,0.648,0.351,0.530,0.738,0.598,0.705,0.754,0.678,0.774,0.671,0.554,0.639,0.020,0.074,0.181,0.644,0.032,0.391,0.603,0.759,0.282,0.131,0.412,0.339,0.247,0.000,0.339,0.044,0.203,0.000,0.406,0.000,0.101,0.107,0.525,0.187,0.808,0.192,0.000,0.360,0.000,0.000,0.074,0.015,0.032,0.002,0.205,0.174,0.416,0.566,0.145,0.317,0.132,0.046,0.252,0.159,0.184,0.010,0.058,0.016,0.159,0.003,0.063,0.000,0.005,0.064,0.067,0.010,0.000,0.352,0.241,0.188,0.073,0.146,0.305,0.114,0.357,0.309,0.664,0.222,0.156,0.081,0.106,0.094,0.752,0.069,0.593,0.551,0.588,0.306,0.085,0.053,0.061,0.094,0.174,0.227
partisan-appointment-pressure,Partisan Appointment Pressure,High appointment capture and polarized justice pool.,1.000,neutral synthetic legislature,current-us-like,Stylized current U.S.-like supreme court,5120,0.961,0.524,0.437,0.417,0.584,0.227,0.416,0.169,0.096,0.001,0.044,0.042,0.099,0.666,0.544,0.492,0.427,0.268,0.575,0.448,0.418,0.556,0.520,0.661,0.043,0.502,0.132,0.006,0.508,0.367,0.342,0.104,0.600,0.494,0.444,0.739,0.593,0.683,0.696,0.661,0.750,0.671,0.526,0.640,0.040,0.229,0.244,0.476,0.024,0.406,0.583,0.703,0.143,0.112,0.288,0.361,0.049,0.049,0.000,0.049,0.000,0.000,0.019,0.000,0.031,0.309,0.527,0.246,0.476,0.524,0.000,0.000,0.000,0.000,0.000,0.000,0.000,0.000,0.236,0.145,0.547,0.604,0.084,0.331,0.129,0.042,0.263,0.157,0.256,0.017,0.083,0.019,0.000,0.009,0.108,0.000,0.007,0.069,0.066,0.008,0.000,0.355,0.246,0.182,0.078,0.139,0.311,0.129,0.336,0.352,0.957,0.342,0.250,0.126,0.091,0.083,0.700,0.118,0.563,0.521,0.397,0.307,0.086,0.050,0.057,0.092,0.169,0.239
partisan-appointment-pressure,Partisan Appointment Pressure,High appointment capture and polarized justice pool.,1.000,neutral synthetic legislature,term-limited-balanced,18-year staggered terms + regular appointments,5120,0.963,0.524,0.439,0.414,0.584,0.227,0.416,0.169,0.100,0.001,0.051,0.037,0.099,0.666,0.544,0.492,0.427,0.261,0.575,0.448,0.418,0.556,0.520,0.661,0.043,0.462,0.132,0.006,0.508,0.367,0.342,0.096,0.608,0.351,0.451,0.739,0.605,0.692,0.748,0.662,0.751,0.666,0.535,0.640,0.041,0.075,0.183,0.587,0.037,0.388,0.594,0.742,0.179,0.163,0.423,0.345,0.250,0.000,0.345,0.046,0.204,0.000,0.058,0.000,0.077,0.108,0.521,0.196,0.476,0.524,0.000,0.000,0.000,0.000,0.000,0.000,0.000,0.000,0.214,0.173,0.413,0.613,0.090,0.333,0.125,0.038,0.252,0.161,0.261,0.014,0.081,0.020,0.000,0.005,0.103,0.000,0.007,0.061,0.063,0.011,0.000,0.355,0.246,0.182,0.078,0.139,0.311,0.132,0.381,0.396,0.768,0.342,0.286,0.172,0.117,0.117,0.730,0.070,0.580,0.531,0.518,0.307,0.086,0.050,0.057,0.092,0.169,0.239
partisan-appointment-pressure,Partisan Appointment Pressure,High appointment capture and polarized justice pool.,1.000,neutral synthetic legislature,nonpartisan-commission,Nonpartisan commission appointments,5120,0.960,0.532,0.428,0.420,0.584,0.237,0.416,0.169,0.102,0.000,0.059,0.036,0.099,0.666,0.544,0.492,0.427,0.260,0.575,0.448,0.418,0.556,0.520,0.661,0.043,0.462,0.132,0.005,0.508,0.367,0.342,0.093,0.608,0.350,0.454,0.739,0.602,0.693,0.752,0.664,0.757,0.667,0.536,0.638,0.032,0.074,0.181,0.597,0.035,0.388,0.596,0.746,0.201,0.161,0.433,0.344,0.254,0.000,0.344,0.044,0.210,0.000,0.076,0.000,0.070,0.108,0.527,0.197,0.468,0.532,0.000,0.000,0.000,0.000,0.000,0.000,0.000,0.000,0.204,0.162,0.402,0.565,0.084,0.339,0.121,0.036,0.247,0.153,0.196,0.014,0.074,0.021,0.000,0.005,0.098,0.000,0.007,0.058,0.071,0.009,0.000,0.355,0.246,0.182,0.078,0.139,0.311,0.124,0.368,0.368,0.708,0.237,0.214,0.126,0.117,0.115,0.735,0.069,0.581,0.534,0.535,0.307,0.086,0.050,0.057,0.092,0.169,0.239
partisan-appointment-pressure,Partisan Appointment Pressure,High appointment capture and polarized justice pool.,1.000,neutral synthetic legislature,expanded-court-fifteen,Expanded 15-seat court,5120,0.955,0.530,0.425,0.420,0.584,0.239,0.416,0.169,0.101,0.001,0.051,0.030,0.099,0.666,0.544,0.492,0.427,0.261,0.575,0.448,0.418,0.556,0.520,0.661,0.043,0.462,0.132,0.007,0.508,0.367,0.342,0.094,0.608,0.351,0.457,0.739,0.599,0.691,0.750,0.664,0.757,0.666,0.534,0.640,0.025,0.077,0.187,0.599,0.037,0.390,0.595,0.744,0.216,0.160,0.426,0.350,0.250,0.000,0.350,0.047,0.204,0.000,0.058,0.000,0.076,0.414,0.561,0.283,0.470,0.530,0.000,0.000,0.000,0.000,0.000,0.000,0.000,0.000,0.215,0.175,0.408,0.611,0.090,0.332,0.134,0.042,0.250,0.163,0.264,0.016,0.087,0.017,0.000,0.007,0.105,0.000,0.006,0.069,0.066,0.011,0.000,0.355,0.246,0.182,0.078,0.139,0.311,0.129,0.372,0.349,0.777,0.211,0.357,0.188,0.116,0.115,0.726,0.071,0.580,0.529,0.531,0.307,0.086,0.050,0.057,0.092,0.169,0.239
partisan-appointment-pressure,Partisan Appointment Pressure,High appointment capture and polarized justice pool.,1.000,neutral synthetic legislature,supermajority-review,60 percent invalidation threshold,5120,0.968,0.515,0.453,0.406,0.584,0.222,0.416,0.169,0.101,0.001,0.061,0.027,0.099,0.666,0.544,0.492,0.427,0.262,0.575,0.448,0.418,0.556,0.520,0.661,0.043,0.461,0.132,0.007,0.508,0.367,0.342,0.094,0.605,0.335,0.451,0.739,0.605,0.695,0.748,0.671,0.774,0.667,0.536,0.629,0.037,0.067,0.187,0.573,0.032,0.384,0.585,0.739,0.173,0.128,0.385,0.343,0.195,0.000,0.343,0.078,0.116,0.149,0.056,0.000,0.032,0.111,0.524,0.195,0.485,0.515,0.000,0.000,0.000,0.000,0.000,0.000,0.000,0.000,0.212,0.150,0.435,0.598,0.085,0.328,0.121,0.037,0.260,0.155,0.254,0.016,0.077,0.017,0.000,0.007,0.103,0.000,0.005,0.061,0.064,0.007,0.000,0.355,0.246,0.182,0.078,0.139,0.311,0.106,0.308,0.274,0.639,0.263,0.107,0.138,0.100,0.100,0.750,0.078,0.579,0.533,0.504,0.307,0.086,0.050,0.057,0.092,0.169,0.239
partisan-appointment-pressure,Partisan Appointment Pressure,High appointment capture and polarized justice pool.,1.000,neutral synthetic legislature,recusal-and-emergency-reform,Peer recusal + reasoned emergency docket,5120,0.962,0.524,0.438,0.421,0.584,0.225,0.416,0.169,0.102,0.001,0.054,0.042,0.099,0.666,0.544,0.492,0.427,0.259,0.575,0.448,0.418,0.556,0.520,0.661,0.043,0.462,0.132,0.007,0.508,0.367,0.342,0.083,0.608,0.351,0.457,0.739,0.603,0.694,0.750,0.665,0.754,0.667,0.539,0.641,0.043,0.074,0.182,0.594,0.036,0.386,0.593,0.745,0.207,0.161,0.427,0.344,0.252,0.000,0.344,0.042,0.210,0.000,0.093,0.000,0.072,0.109,0.525,0.197,0.476,0.524,0.000,0.000,0.000,0.000,0.000,0.000,0.000,0.000,0.211,0.159,0.403,0.606,0.087,0.344,0.118,0.041,0.255,0.150,0.263,0.020,0.070,0.020,0.000,0.005,0.105,0.000,0.007,0.057,0.062,0.008,0.000,0.355,0.246,0.182,0.078,0.139,0.311,0.133,0.386,0.396,0.764,0.289,0.321,0.172,0.116,0.115,0.733,0.068,0.583,0.536,0.525,0.307,0.086,0.050,0.057,0.092,0.169,0.239
partisan-appointment-pressure,Partisan Appointment Pressure,High appointment capture and polarized justice pool.,1.000,neutral synthetic legislature,panel-en-banc,Three-judge panels with en banc correction,5120,0.964,0.534,0.430,0.422,0.584,0.234,0.416,0.169,0.100,0.001,0.051,0.037,0.099,0.666,0.544,0.492,0.427,0.260,0.575,0.448,0.418,0.556,0.520,0.661,0.043,0.432,0.132,0.009,0.508,0.367,0.342,0.090,0.608,0.350,0.541,0.739,0.601,0.693,0.749,0.664,0.756,0.665,0.536,0.642,0.050,0.075,0.179,0.636,0.037,0.389,0.596,0.748,0.216,0.164,0.426,0.340,0.248,0.000,0.340,0.049,0.199,0.000,0.487,0.000,0.277,0.071,0.450,0.161,0.797,0.203,0.000,0.000,0.000,0.000,0.000,0.000,0.000,0.000,0.203,0.172,0.395,0.567,0.090,0.331,0.129,0.040,0.240,0.160,0.191,0.020,0.082,0.022,0.000,0.005,0.101,0.000,0.007,0.064,0.074,0.008,0.000,0.355,0.246,0.182,0.078,0.139,0.311,0.134,0.401,0.358,0.764,0.237,0.263,0.138,0.118,0.119,0.738,0.070,0.580,0.532,0.573,0.307,0.086,0.050,0.057,0.092,0.169,0.239
partisan-appointment-pressure,Partisan Appointment Pressure,High appointment capture and polarized justice pool.,1.000,neutral synthetic legislature,cross-checking-courts,Supreme court with cross-checking constitutional court,5120,0.963,0.521,0.442,0.415,0.584,0.222,0.416,0.169,0.098,0.001,0.057,0.042,0.099,0.666,0.544,0.492,0.427,0.241,0.575,0.448,0.418,0.556,0.520,0.661,0.043,0.462,0.132,0.008,0.508,0.367,0.342,0.095,0.626,0.334,0.467,0.739,0.586,0.697,0.751,0.667,0.776,0.671,0.522,0.619,0.020,0.067,0.188,0.598,0.022,0.406,0.579,0.745,0.279,0.096,0.395,0.346,0.196,0.000,0.346,0.077,0.118,0.150,0.153,0.000,0.095,0.108,0.528,0.193,0.479,0.521,0.141,0.000,0.000,0.000,0.000,0.000,0.000,0.000,0.200,0.131,0.425,0.559,0.080,0.332,0.122,0.039,0.244,0.153,0.184,0.021,0.079,0.020,0.000,0.010,0.094,0.000,0.006,0.062,0.064,0.007,0.000,0.355,0.246,0.182,0.078,0.139,0.311,0.077,0.228,0.258,0.403,0.263,0.143,0.092,0.097,0.078,0.752,0.078,0.585,0.520,0.538,0.307,0.086,0.050,0.057,0.092,0.169,0.239
partisan-appointment-pressure,Partisan Appointment Pressure,High appointment capture and polarized justice pool.,1.000,neutral synthetic legislature,dual-supreme-courts,Dual supreme courts with disagreement filter,5120,0.961,0.524,0.437,0.421,0.584,0.222,0.416,0.169,0.104,0.001,0.057,0.032,0.099,0.666,0.544,0.492,0.427,0.262,0.575,0.448,0.418,0.556,0.520,0.661,0.043,0.462,0.132,0.008,0.508,0.367,0.342,0.096,0.606,0.335,0.473,0.739,0.576,0.681,0.751,0.643,0.722,0.657,0.515,0.637,0.018,0.067,0.192,0.607,0.038,0.417,0.592,0.743,0.315,0.155,0.401,0.352,0.203,0.000,0.352,0.083,0.120,0.148,0.155,0.000,0.100,0.110,0.538,0.197,0.476,0.524,0.146,0.000,0.000,0.000,0.000,0.000,0.000,0.000,0.212,0.174,0.432,0.597,0.093,0.332,0.131,0.047,0.259,0.159,0.206,0.014,0.080,0.022,0.000,0.011,0.101,0.000,0.008,0.069,0.062,0.008,0.000,0.355,0.246,0.182,0.078,0.139,0.311,0.126,0.362,0.358,0.760,0.289,0.214,0.149,0.116,0.119,0.700,0.080,0.576,0.511,0.544,0.307,0.086,0.050,0.057,0.092,0.169,0.239
partisan-appointment-pressure,Partisan Appointment Pressure,High appointment capture and polarized justice pool.,1.000,neutral synthetic legislature,comparative-constitutional-senates,Comparative 16-seat constitutional senates,5120,0.966,0.515,0.451,0.409,0.584,0.213,0.416,0.169,0.102,0.001,0.051,0.043,0.099,0.666,0.544,0.492,0.427,0.261,0.575,0.448,0.418,0.556,0.520,0.661,0.043,0.491,0.132,0.006,0.508,0.367,0.342,0.088,0.606,0.335,0.576,0.739,0.597,0.698,0.742,0.674,0.780,0.669,0.538,0.632,0.026,0.065,0.187,0.627,0.027,0.383,0.584,0.747,0.243,0.120,0.394,0.341,0.196,0.000,0.341,0.079,0.116,0.146,0.475,0.000,0.102,0.108,0.505,0.184,0.801,0.199,0.000,0.000,0.000,0.000,0.000,0.000,0.000,0.000,0.203,0.140,0.431,0.550,0.083,0.333,0.120,0.041,0.256,0.149,0.178,0.014,0.071,0.022,0.000,0.006,0.089,0.000,0.007,0.059,0.062,0.010,0.000,0.355,0.246,0.182,0.078,0.139,0.311,0.106,0.301,0.274,0.695,0.105,0.214,0.126,0.097,0.095,0.758,0.078,0.582,0.538,0.567,0.307,0.086,0.050,0.057,0.092,0.169,0.239
partisan-appointment-pressure,Partisan Appointment Pressure,High appointment capture and polarized justice pool.,1.000,neutral synthetic legislature,constitutional-council,Pre-enactment constitutional council,5120,0.961,0.522,0.438,0.414,0.584,0.221,0.416,0.169,0.109,0.002,0.062,0.038,0.099,0.666,0.544,0.492,0.427,0.258,0.575,0.448,0.418,0.556,0.520,0.661,0.043,0.452,0.132,0.006,0.508,0.367,0.342,0.091,0.649,0.350,0.495,0.739,0.596,0.699,0.754,0.670,0.759,0.668,0.549,0.639,0.037,0.073,0.181,0.647,0.033,0.398,0.609,0.756,0.271,0.146,0.426,0.344,0.256,0.000,0.344,0.045,0.212,0.000,0.328,0.000,0.101,0.070,0.508,0.178,0.796,0.204,0.000,0.361,0.000,0.000,0.090,0.021,0.037,0.002,0.210,0.191,0.401,0.577,0.154,0.317,0.138,0.049,0.247,0.155,0.201,0.009,0.060,0.015,0.155,0.006,0.071,0.000,0.007,0.069,0.067,0.007,0.000,0.355,0.246,0.182,0.078,0.139,0.311,0.124,0.366,0.349,0.708,0.211,0.250,0.138,0.112,0.103,0.739,0.069,0.587,0.543,0.587,0.307,0.086,0.050,0.057,0.092,0.169,0.239
partisan-appointment-pressure,Partisan Appointment Pressure,High appointment capture and polarized justice pool.,1.000,neutral synthetic legislature,legislative-override,Judicial review with legislative supermajority override,5120,0.964,0.519,0.445,0.407,0.584,0.221,0.416,0.169,0.096,0.001,0.045,0.038,0.099,0.666,0.544,0.492,0.427,0.261,0.575,0.448,0.418,0.556,0.520,0.661,0.043,0.462,0.132,0.005,0.508,0.367,0.342,0.093,0.608,0.350,0.451,0.739,0.600,0.691,0.752,0.662,0.755,0.666,0.530,0.639,0.019,0.074,0.182,0.591,0.036,0.397,0.596,0.746,0.206,0.153,0.423,0.345,0.255,0.000,0.345,0.043,0.212,0.000,0.056,0.000,0.071,0.114,0.533,0.196,0.481,0.519,0.000,0.000,0.000,0.000,0.090,0.017,0.035,0.002,0.212,0.201,0.402,0.582,0.161,0.319,0.136,0.048,0.238,0.168,0.199,0.013,0.053,0.016,0.168,0.006,0.064,0.000,0.006,0.068,0.071,0.008,0.000,0.355,0.246,0.182,0.078,0.139,0.311,0.126,0.360,0.396,0.777,0.316,0.250,0.103,0.114,0.108,0.733,0.068,0.580,0.526,0.534,0.307,0.086,0.050,0.057,0.092,0.169,0.239
partisan-appointment-pressure,Partisan Appointment Pressure,High appointment capture and polarized justice pool.,1.000,neutral synthetic legislature,accountability-retention-court,Retention-election accountability court,5120,0.961,0.524,0.437,0.421,0.584,0.225,0.416,0.169,0.102,0.001,0.051,0.024,0.099,0.666,0.544,0.492,0.427,0.260,0.575,0.448,0.418,0.556,0.520,0.661,0.043,0.462,0.132,0.006,0.508,0.367,0.342,0.089,0.609,0.350,0.452,0.739,0.602,0.691,0.752,0.665,0.756,0.670,0.533,0.633,0.034,0.073,0.181,0.593,0.033,0.396,0.601,0.746,0.200,0.152,0.431,0.345,0.254,0.000,0.345,0.038,0.216,0.000,0.065,0.000,0.108,0.316,0.550,0.248,0.476,0.524,0.000,0.000,0.000,0.000,0.085,0.040,0.000,0.002,0.204,0.172,0.403,0.570,0.104,0.331,0.128,0.042,0.250,0.151,0.187,0.013,0.060,0.014,0.151,0.004,0.066,0.000,0.007,0.064,0.063,0.009,0.000,0.355,0.246,0.182,0.078,0.139,0.311,0.127,0.375,0.368,0.755,0.237,0.143,0.115,0.114,0.102,0.730,0.067,0.583,0.530,0.535,0.307,0.086,0.050,0.057,0.092,0.169,0.239
partisan-appointment-pressure,Partisan Appointment Pressure,High appointment capture and polarized justice pool.,1.000,neutral synthetic legislature,emergency-restraint-court,No emergency relief without merits review,5120,0.963,0.532,0.430,0.422,0.584,0.235,0.416,0.169,0.103,0.000,0.054,0.034,0.099,0.666,0.544,0.492,0.427,0.256,0.575,0.448,0.418,0.556,0.520,0.661,0.043,0.462,0.132,0.005,0.508,0.367,0.342,0.080,0.612,0.284,0.463,0.739,0.609,0.697,0.770,0.664,0.754,0.663,0.540,0.649,0.035,0.011,0.175,0.645,0.040,0.385,0.600,0.761,0.219,0.175,0.497,0.346,0.346,0.000,0.346,0.000,0.346,0.000,0.128,0.000,0.074,0.110,0.519,0.195,0.468,0.532,0.000,0.000,0.000,0.000,0.000,0.000,0.000,0.000,0.196,0.173,0.348,0.570,0.089,0.336,0.129,0.041,0.238,0.152,0.196,0.015,0.080,0.021,0.000,0.005,0.104,0.000,0.007,0.066,0.067,0.008,0.000,0.355,0.246,0.182,0.078,0.139,0.311,0.149,0.431,0.377,0.961,0.263,0.191,0.103,0.131,0.118,0.742,0.057,0.590,0.535,0.584,0.307,0.086,0.050,0.057,0.092,0.169,0.239
partisan-appointment-pressure,Partisan Appointment Pressure,High appointment capture and polarized justice pool.,1.000,neutral synthetic legislature,randomized-merits-panels,Randomized merits panels with en banc correction,5120,0.960,0.525,0.435,0.411,0.584,0.223,0.416,0.169,0.104,0.001,0.055,0.036,0.099,0.666,0.544,0.492,0.427,0.260,0.575,0.448,0.418,0.556,0.520,0.661,0.043,0.432,0.132,0.007,0.508,0.367,0.342,0.088,0.608,0.350,0.563,0.739,0.600,0.693,0.748,0.665,0.753,0.668,0.538,0.638,0.046,0.075,0.180,0.635,0.035,0.385,0.592,0.748,0.222,0.156,0.421,0.342,0.247,0.000,0.342,0.044,0.203,0.000,0.510,0.000,0.102,0.076,0.471,0.163,0.798,0.202,0.000,0.000,0.000,0.000,0.000,0.000,0.000,0.000,0.201,0.160,0.404,0.563,0.093,0.340,0.119,0.043,0.244,0.162,0.188,0.017,0.074,0.020,0.000,0.007,0.091,0.000,0.005,0.057,0.068,0.008,0.000,0.355,0.246,0.182,0.078,0.139,0.311,0.128,0.381,0.358,0.721,0.237,0.321,0.161,0.115,0.113,0.735,0.069,0.581,0.537,0.573,0.307,0.086,0.050,0.057,0.092,0.169,0.239
partisan-appointment-pressure,Partisan Appointment Pressure,High appointment capture and polarized justice pool.,1.000,neutral synthetic legislature,mandatory-written-emergency-reasoning,Mandatory written emergency reasoning,5120,0.961,0.521,0.440,0.410,0.584,0.222,0.416,0.169,0.101,0.000,0.050,0.032,0.099,0.666,0.544,0.492,0.427,0.260,0.575,0.448,0.418,0.556,0.520,0.661,0.043,0.462,0.132,0.008,0.508,0.367,0.342,0.086,0.608,0.323,0.451,0.739,0.602,0.694,0.754,0.667,0.760,0.668,0.538,0.637,0.039,0.047,0.187,0.591,0.036,0.387,0.592,0.745,0.214,0.154,0.421,0.345,0.233,0.000,0.345,0.078,0.154,0.000,0.056,0.000,0.076,0.111,0.528,0.198,0.479,0.521,0.000,0.000,0.000,0.000,0.000,0.000,0.000,0.000,0.212,0.170,0.420,0.618,0.088,0.323,0.128,0.041,0.249,0.149,0.267,0.018,0.081,0.019,0.000,0.008,0.103,0.000,0.007,0.071,0.065,0.007,0.000,0.355,0.246,0.182,0.078,0.139,0.311,0.126,0.360,0.352,0.768,0.237,0.286,0.169,0.111,0.118,0.739,0.076,0.582,0.533,0.521,0.307,0.086,0.050,0.057,0.092,0.169,0.239
partisan-appointment-pressure,Partisan Appointment Pressure,High appointment capture and polarized justice pool.,1.000,neutral synthetic legislature,automatic-merits-follow-up,Automatic merits follow-up for emergency relief,5120,0.967,0.520,0.447,0.405,0.584,0.222,0.416,0.169,0.109,0.001,0.060,0.044,0.099,0.666,0.544,0.492,0.427,0.258,0.575,0.448,0.418,0.556,0.520,0.661,0.043,0.461,0.132,0.006,0.508,0.367,0.342,0.089,0.611,0.303,0.450,0.739,0.602,0.690,0.764,0.654,0.729,0.659,0.539,0.644,0.042,0.017,0.173,0.622,0.049,0.384,0.598,0.755,0.231,0.195,0.479,0.340,0.340,0.000,0.340,0.086,0.340,0.000,0.055,0.000,0.070,0.108,0.512,0.194,0.480,0.520,0.000,0.000,0.000,0.000,0.000,0.000,0.000,0.000,0.206,0.189,0.350,0.625,0.092,0.332,0.124,0.042,0.223,0.151,0.269,0.017,0.076,0.021,0.000,0.006,0.104,0.000,0.007,0.060,0.068,0.009,0.000,0.355,0.246,0.182,0.078,0.139,0.311,0.154,0.429,0.434,0.974,0.342,0.405,0.241,0.134,0.145,0.717,0.062,0.586,0.535,0.554,0.307,0.086,0.050,0.057,0.092,0.169,0.239
partisan-appointment-pressure,Partisan Appointment Pressure,High appointment capture and polarized justice pool.,1.000,neutral synthetic legislature,strong-recusal-enforcement,Independent recusal enforcement with substitutes,5120,0.963,0.524,0.439,0.415,0.584,0.224,0.416,0.169,0.103,0.000,0.059,0.043,0.099,0.666,0.544,0.492,0.427,0.260,0.575,0.448,0.418,0.556,0.520,0.661,0.043,0.462,0.132,0.007,0.508,0.367,0.342,0.091,0.608,0.350,0.468,0.739,0.600,0.692,0.751,0.664,0.753,0.666,0.537,0.640,0.029,0.075,0.182,0.608,0.038,0.386,0.593,0.747,0.221,0.162,0.421,0.343,0.256,0.000,0.343,0.053,0.203,0.000,0.131,0.000,0.073,0.109,0.534,0.196,0.476,0.524,0.000,0.000,0.000,0.000,0.000,0.000,0.000,0.000,0.203,0.168,0.401,0.564,0.085,0.342,0.120,0.040,0.245,0.143,0.185,0.014,0.079,0.017,0.000,0.007,0.099,0.000,0.005,0.055,0.063,0.008,0.000,0.355,0.246,0.182,0.078,0.139,0.311,0.132,0.391,0.396,0.721,0.237,0.286,0.230,0.116,0.118,0.731,0.070,0.581,0.535,0.547,0.307,0.086,0.050,0.057,0.092,0.169,0.239
partisan-appointment-pressure,Partisan Appointment Pressure,High appointment capture and polarized justice pool.,1.000,neutral synthetic legislature,jurisdiction-stripping-constraints,Jurisdiction stripping constrained by rights carveouts,5120,0.964,0.529,0.435,0.419,0.584,0.233,0.416,0.169,0.105,0.001,0.055,0.045,0.099,0.666,0.544,0.492,0.427,0.260,0.575,0.448,0.418,0.556,0.520,0.661,0.043,0.412,0.132,0.006,0.508,0.367,0.342,0.099,0.638,0.351,0.452,0.739,0.605,0.695,0.756,0.661,0.754,0.666,0.531,0.640,0.020,0.076,0.184,0.595,0.037,0.397,0.599,0.750,0.201,0.160,0.427,0.347,0.262,0.000,0.347,0.051,0.211,0.000,0.062,0.000,0.066,0.113,0.532,0.198,0.471,0.529,0.000,0.000,0.000,0.000,0.092,0.000,0.000,0.000,0.204,0.207,0.409,0.569,0.149,0.328,0.131,0.046,0.256,0.171,0.185,0.020,0.116,0.028,0.000,0.008,0.000,0.000,0.007,0.064,0.070,0.011,0.000,0.355,0.246,0.182,0.078,0.139,0.311,0.129,0.389,0.358,0.708,0.263,0.286,0.126,0.117,0.116,0.732,0.071,0.582,0.539,0.545,0.307,0.086,0.050,0.057,0.092,0.169,0.239
partisan-appointment-pressure,Partisan Appointment Pressure,High appointment capture and polarized justice pool.,1.000,neutral synthetic legislature,legislative-override-window,Time-limited legislative override window,5120,0.965,0.526,0.439,0.409,0.584,0.226,0.416,0.169,0.106,0.000,0.057,0.038,0.099,0.666,0.544,0.492,0.427,0.262,0.575,0.448,0.418,0.556,0.520,0.661,0.043,0.462,0.132,0.008,0.508,0.367,0.342,0.100,0.608,0.351,0.451,0.739,0.600,0.691,0.751,0.662,0.758,0.666,0.528,0.637,0.020,0.076,0.181,0.588,0.034,0.401,0.597,0.744,0.207,0.156,0.414,0.342,0.248,0.000,0.342,0.047,0.201,0.000,0.059,0.000,0.070,0.110,0.524,0.195,0.474,0.526,0.000,0.000,0.000,0.000,0.092,0.023,0.035,0.000,0.211,0.197,0.409,0.575,0.151,0.329,0.128,0.041,0.248,0.159,0.189,0.013,0.054,0.014,0.159,0.006,0.070,0.000,0.008,0.068,0.069,0.010,0.000,0.355,0.246,0.182,0.078,0.139,0.311,0.125,0.370,0.349,0.708,0.132,0.250,0.218,0.114,0.109,0.737,0.070,0.577,0.524,0.531,0.307,0.086,0.050,0.057,0.092,0.169,0.239
partisan-appointment-pressure,Partisan Appointment Pressure,High appointment capture and polarized justice pool.,1.000,neutral synthetic legislature,constitutional-remand,Constitutional remand before invalidation,5120,0.960,0.535,0.424,0.422,0.584,0.233,0.416,0.169,0.100,0.001,0.054,0.024,0.099,0.666,0.544,0.492,0.427,0.226,0.575,0.448,0.418,0.556,0.520,0.661,0.043,0.422,0.132,0.007,0.508,0.367,0.342,0.089,0.624,0.350,0.454,0.739,0.602,0.710,0.759,0.689,0.796,0.683,0.557,0.633,0.030,0.077,0.186,0.622,0.024,0.385,0.609,0.755,0.286,0.109,0.432,0.354,0.259,0.000,0.354,0.047,0.212,0.000,0.077,0.000,0.092,0.073,0.544,0.194,0.465,0.535,0.000,0.412,0.043,0.000,0.059,0.018,0.020,0.001,0.197,0.143,0.400,0.540,0.116,0.343,0.124,0.037,0.248,0.164,0.186,0.013,0.059,0.009,0.164,0.003,0.065,0.000,0.006,0.061,0.071,0.006,0.000,0.355,0.246,0.182,0.078,0.139,0.311,0.109,0.314,0.325,0.640,0.292,0.214,0.139,0.101,0.090,0.772,0.070,0.595,0.557,0.564,0.307,0.086,0.050,0.057,0.092,0.169,0.239
partisan-appointment-pressure,Partisan Appointment Pressure,High appointment capture and polarized justice pool.,1.000,neutral synthetic legislature,public-interest-litigation-filter,Public-interest litigation filter,5120,0.962,0.521,0.442,0.417,0.584,0.221,0.416,0.169,0.097,0.001,0.051,0.035,0.099,0.666,0.544,0.492,0.427,0.260,0.575,0.448,0.418,0.556,0.520,0.661,0.043,0.376,0.132,0.007,0.508,0.367,0.342,0.094,0.608,0.350,0.454,0.739,0.602,0.694,0.758,0.666,0.757,0.668,0.537,0.639,0.035,0.073,0.182,0.596,0.032,0.383,0.591,0.745,0.222,0.152,0.426,0.344,0.263,0.000,0.344,0.049,0.213,0.000,0.078,0.000,0.076,0.113,0.542,0.190,0.479,0.521,0.000,0.000,0.000,0.100,0.000,0.000,0.000,0.000,0.198,0.166,0.406,0.563,0.087,0.328,0.124,0.043,0.242,0.147,0.189,0.017,0.075,0.021,0.000,0.007,0.096,0.000,0.005,0.057,0.071,0.008,0.000,0.355,0.246,0.182,0.078,0.139,0.311,0.129,0.384,0.358,0.717,0.263,0.393,0.134,0.114,0.111,0.736,0.070,0.582,0.534,0.534,0.307,0.086,0.050,0.057,0.092,0.169,0.239
partisan-appointment-pressure,Partisan Appointment Pressure,High appointment capture and polarized justice pool.,1.000,neutral synthetic legislature,emergency-integrity-package,Emergency integrity package,5120,0.962,0.531,0.431,0.420,0.584,0.233,0.416,0.169,0.104,0.001,0.055,0.032,0.099,0.666,0.544,0.492,0.427,0.256,0.575,0.448,0.418,0.556,0.520,0.661,0.043,0.462,0.132,0.006,0.508,0.367,0.342,0.077,0.611,0.305,0.467,0.739,0.602,0.695,0.768,0.662,0.747,0.663,0.540,0.645,0.030,0.017,0.174,0.645,0.039,0.385,0.599,0.760,0.255,0.175,0.487,0.342,0.342,0.000,0.342,0.087,0.342,0.000,0.128,0.000,0.074,0.111,0.530,0.199,0.469,0.531,0.000,0.000,0.000,0.000,0.000,0.000,0.000,0.000,0.197,0.174,0.356,0.562,0.091,0.335,0.130,0.040,0.244,0.159,0.181,0.017,0.084,0.019,0.000,0.007,0.093,0.000,0.007,0.072,0.064,0.008,0.000,0.355,0.246,0.182,0.078,0.139,0.311,0.145,0.402,0.400,0.953,0.342,0.334,0.149,0.130,0.133,0.733,0.064,0.590,0.538,0.587,0.307,0.086,0.050,0.057,0.092,0.169,0.239
partisan-appointment-pressure,Partisan Appointment Pressure,High appointment capture and polarized justice pool.,1.000,neutral synthetic legislature,remand-override-window-package,Constitutional remand with override window,5120,0.964,0.534,0.431,0.430,0.584,0.232,0.416,0.169,0.108,0.001,0.056,0.044,0.099,0.666,0.544,0.492,0.427,0.225,0.575,0.448,0.418,0.556,0.520,0.661,0.043,0.422,0.132,0.009,0.508,0.367,0.342,0.082,0.624,0.323,0.454,0.739,0.601,0.711,0.764,0.690,0.797,0.682,0.558,0.635,0.031,0.047,0.188,0.627,0.027,0.386,0.609,0.758,0.314,0.111,0.433,0.348,0.239,0.000,0.348,0.079,0.160,0.000,0.077,0.000,0.098,0.073,0.539,0.191,0.466,0.534,0.000,0.411,0.046,0.000,0.061,0.018,0.026,0.000,0.197,0.141,0.412,0.549,0.122,0.339,0.126,0.043,0.252,0.165,0.196,0.015,0.054,0.015,0.165,0.005,0.065,0.000,0.006,0.064,0.063,0.007,0.000,0.355,0.246,0.182,0.078,0.139,0.311,0.113,0.321,0.326,0.674,0.295,0.345,0.143,0.098,0.098,0.776,0.077,0.597,0.558,0.567,0.307,0.086,0.050,0.057,0.092,0.169,0.239
partisan-appointment-pressure,Partisan Appointment Pressure,High appointment capture and polarized justice pool.,1.000,neutral synthetic legislature,panel-jurisdiction-safeguards,Random panels with jurisdiction safeguards,5120,0.962,0.530,0.431,0.415,0.584,0.228,0.416,0.169,0.103,0.000,0.056,0.041,0.099,0.666,0.544,0.492,0.427,0.260,0.575,0.448,0.418,0.556,0.520,0.661,0.043,0.382,0.132,0.007,0.508,0.367,0.342,0.095,0.636,0.335,0.591,0.739,0.598,0.697,0.749,0.666,0.771,0.662,0.532,0.634,0.046,0.068,0.192,0.636,0.034,0.396,0.594,0.749,0.248,0.144,0.398,0.352,0.204,0.000,0.352,0.083,0.121,0.148,0.547,0.000,0.118,0.073,0.474,0.163,0.793,0.207,0.000,0.000,0.000,0.000,0.087,0.000,0.000,0.000,0.203,0.193,0.429,0.568,0.147,0.336,0.134,0.047,0.255,0.178,0.194,0.022,0.121,0.027,0.000,0.008,0.000,0.000,0.008,0.066,0.069,0.010,0.000,0.355,0.246,0.182,0.078,0.139,0.311,0.115,0.335,0.330,0.644,0.316,0.321,0.161,0.106,0.111,0.751,0.080,0.580,0.541,0.580,0.307,0.086,0.050,0.057,0.092,0.169,0.239
partisan-appointment-pressure,Partisan Appointment Pressure,High appointment capture and polarized justice pool.,1.000,neutral synthetic legislature,council-concrete-hybrid,Constitutional council with concrete-review backstop,5120,0.961,0.520,0.441,0.407,0.584,0.212,0.416,0.169,0.106,0.001,0.060,0.043,0.099,0.666,0.544,0.492,0.427,0.259,0.575,0.448,0.418,0.556,0.520,0.661,0.043,0.452,0.132,0.008,0.508,0.367,0.342,0.094,0.648,0.350,0.534,0.739,0.595,0.703,0.751,0.677,0.774,0.672,0.552,0.636,0.025,0.078,0.183,0.646,0.028,0.392,0.604,0.756,0.283,0.130,0.414,0.349,0.243,0.000,0.349,0.040,0.203,0.000,0.424,0.000,0.103,0.111,0.531,0.191,0.808,0.192,0.000,0.350,0.000,0.000,0.068,0.019,0.032,0.001,0.208,0.175,0.411,0.570,0.137,0.319,0.137,0.053,0.243,0.158,0.199,0.012,0.057,0.017,0.158,0.006,0.074,0.000,0.007,0.069,0.070,0.008,0.000,0.355,0.246,0.182,0.078,0.139,0.311,0.112,0.333,0.261,0.691,0.158,0.107,0.092,0.106,0.092,0.752,0.068,0.587,0.547,0.587,0.307,0.086,0.050,0.057,0.092,0.169,0.239
rights-risk-legislation,Rights-Risk Legislation,Legislative output creates concentrated rights burdens and weak mandates.,1.000,rights-risk synthetic legislature,current-us-like,Stylized current U.S.-like supreme court,5120,0.973,0.573,0.401,0.460,0.555,0.266,0.395,0.161,0.107,0.001,0.054,0.038,0.118,0.751,0.593,0.543,0.422,0.352,0.618,0.478,0.440,0.591,0.653,0.704,0.053,0.554,0.111,0.002,0.569,0.386,0.438,0.191,0.505,0.556,0.486,0.784,0.533,0.572,0.650,0.513,0.507,0.576,0.425,0.601,0.052,0.292,0.306,0.458,0.107,0.537,0.604,0.648,0.157,0.284,0.320,0.427,0.129,0.129,0.000,0.129,0.000,0.000,0.017,0.000,0.042,0.316,0.103,0.149,0.427,0.573,0.000,0.000,0.000,0.000,0.000,0.000,0.000,0.000,0.303,0.320,0.631,0.776,0.121,0.308,0.193,0.077,0.316,0.192,0.353,0.028,0.104,0.038,0.000,0.030,0.115,0.000,0.002,0.094,0.110,0.026,0.004,0.294,0.287,0.177,0.081,0.162,0.618,0.296,0.436,0.491,0.993,0.460,0.498,0.300,0.161,0.209,0.466,0.174,0.491,0.416,0.364,0.217,0.060,0.050,0.065,0.103,0.187,0.317
rights-risk-legislation,Rights-Risk Legislation,Legislative output creates concentrated rights burdens and weak mandates.,1.000,rights-risk synthetic legislature,term-limited-balanced,18-year staggered terms + regular appointments,5120,0.972,0.560,0.412,0.443,0.555,0.240,0.395,0.161,0.109,0.000,0.059,0.041,0.118,0.751,0.593,0.543,0.422,0.345,0.618,0.478,0.440,0.591,0.653,0.704,0.053,0.514,0.111,0.003,0.569,0.386,0.438,0.179,0.513,0.404,0.492,0.784,0.540,0.573,0.714,0.502,0.469,0.565,0.440,0.593,0.050,0.096,0.229,0.584,0.141,0.507,0.628,0.697,0.195,0.402,0.448,0.395,0.335,0.000,0.395,0.118,0.217,0.000,0.048,0.000,0.086,0.113,0.092,0.089,0.440,0.560,0.000,0.000,0.000,0.000,0.000,0.000,0.000,0.000,0.278,0.400,0.467,0.786,0.134,0.290,0.196,0.079,0.298,0.180,0.334,0.030,0.108,0.039,0.000,0.030,0.112,0.000,0.004,0.097,0.111,0.033,0.006,0.294,0.287,0.177,0.081,0.162,0.618,0.293,0.472,0.528,0.789,0.320,0.477,0.339,0.202,0.286,0.465,0.100,0.504,0.428,0.499,0.217,0.060,0.050,0.065,0.103,0.187,0.317
rights-risk-legislation,Rights-Risk Legislation,Legislative output creates concentrated rights burdens and weak mandates.,1.000,rights-risk synthetic legislature,nonpartisan-commission,Nonpartisan commission appointments,5120,0.971,0.565,0.406,0.448,0.555,0.252,0.395,0.161,0.117,0.001,0.063,0.035,0.118,0.751,0.593,0.543,0.422,0.345,0.618,0.478,0.440,0.591,0.653,0.704,0.053,0.514,0.111,0.003,0.569,0.386,0.438,0.176,0.513,0.403,0.495,0.784,0.537,0.572,0.717,0.502,0.467,0.565,0.441,0.593,0.035,0.096,0.230,0.592,0.145,0.507,0.629,0.700,0.218,0.403,0.450,0.397,0.340,0.000,0.397,0.119,0.222,0.000,0.066,0.000,0.074,0.112,0.089,0.089,0.435,0.565,0.000,0.000,0.000,0.000,0.000,0.000,0.000,0.000,0.268,0.386,0.458,0.734,0.129,0.307,0.188,0.072,0.294,0.180,0.252,0.028,0.100,0.036,0.000,0.028,0.117,0.000,0.004,0.089,0.104,0.033,0.005,0.294,0.287,0.177,0.081,0.162,0.618,0.289,0.463,0.495,0.800,0.328,0.498,0.329,0.203,0.287,0.463,0.100,0.505,0.430,0.515,0.217,0.060,0.050,0.065,0.103,0.187,0.317
rights-risk-legislation,Rights-Risk Legislation,Legislative output creates concentrated rights burdens and weak mandates.,1.000,rights-risk synthetic legislature,expanded-court-fifteen,Expanded 15-seat court,5120,0.973,0.560,0.413,0.452,0.555,0.238,0.395,0.161,0.108,0.001,0.061,0.039,0.118,0.751,0.593,0.543,0.422,0.344,0.618,0.478,0.440,0.591,0.653,0.704,0.053,0.514,0.111,0.001,0.569,0.386,0.438,0.173,0.513,0.403,0.497,0.784,0.535,0.572,0.717,0.502,0.467,0.565,0.441,0.593,0.031,0.096,0.231,0.595,0.143,0.506,0.629,0.700,0.231,0.405,0.453,0.396,0.338,0.000,0.396,0.115,0.223,0.000,0.047,0.000,0.085,0.431,0.106,0.175,0.440,0.560,0.000,0.000,0.000,0.000,0.000,0.000,0.000,0.000,0.275,0.387,0.462,0.781,0.134,0.295,0.185,0.078,0.293,0.189,0.325,0.032,0.096,0.039,0.000,0.029,0.111,0.000,0.004,0.089,0.109,0.029,0.006,0.294,0.287,0.177,0.081,0.162,0.618,0.291,0.476,0.523,0.782,0.360,0.463,0.304,0.202,0.287,0.456,0.100,0.506,0.430,0.513,0.217,0.060,0.050,0.065,0.103,0.187,0.317
rights-risk-legislation,Rights-Risk Legislation,Legislative output creates concentrated rights burdens and weak mandates.,1.000,rights-risk synthetic legislature,supermajority-review,60 percent invalidation threshold,5120,0.971,0.558,0.413,0.448,0.555,0.240,0.395,0.161,0.110,0.001,0.055,0.044,0.118,0.751,0.593,0.543,0.422,0.345,0.618,0.478,0.440,0.591,0.653,0.704,0.053,0.514,0.111,0.002,0.569,0.386,0.438,0.165,0.510,0.388,0.491,0.784,0.545,0.583,0.712,0.526,0.528,0.573,0.444,0.577,0.051,0.091,0.239,0.566,0.125,0.502,0.615,0.691,0.189,0.349,0.406,0.395,0.288,0.000,0.395,0.200,0.088,0.107,0.047,0.000,0.041,0.110,0.093,0.090,0.442,0.558,0.000,0.000,0.000,0.000,0.000,0.000,0.000,0.000,0.271,0.345,0.465,0.772,0.123,0.310,0.179,0.071,0.290,0.176,0.337,0.029,0.099,0.033,0.000,0.029,0.116,0.000,0.003,0.087,0.104,0.024,0.004,0.294,0.287,0.177,0.081,0.162,0.618,0.254,0.383,0.464,0.673,0.324,0.478,0.287,0.176,0.266,0.518,0.119,0.506,0.434,0.479,0.217,0.060,0.050,0.065,0.103,0.187,0.317
rights-risk-legislation,Rights-Risk Legislation,Legislative output creates concentrated rights burdens and weak mandates.,1.000,rights-risk synthetic legislature,recusal-and-emergency-reform,Peer recusal + reasoned emergency docket,5120,0.971,0.554,0.417,0.433,0.555,0.230,0.395,0.161,0.113,0.001,0.045,0.049,0.118,0.751,0.593,0.543,0.422,0.346,0.618,0.478,0.440,0.591,0.653,0.704,0.053,0.514,0.111,0.004,0.569,0.386,0.438,0.179,0.512,0.403,0.497,0.784,0.537,0.575,0.713,0.507,0.477,0.569,0.442,0.589,0.055,0.096,0.226,0.585,0.138,0.502,0.624,0.696,0.222,0.389,0.438,0.391,0.332,0.000,0.391,0.117,0.215,0.000,0.080,0.000,0.080,0.109,0.093,0.088,0.446,0.554,0.000,0.000,0.000,0.000,0.000,0.000,0.000,0.000,0.275,0.392,0.460,0.781,0.129,0.288,0.188,0.073,0.281,0.176,0.328,0.029,0.099,0.039,0.000,0.026,0.109,0.000,0.003,0.092,0.110,0.030,0.007,0.294,0.287,0.177,0.081,0.162,0.618,0.283,0.446,0.484,0.778,0.348,0.486,0.326,0.197,0.278,0.473,0.099,0.505,0.431,0.500,0.217,0.060,0.050,0.065,0.103,0.187,0.317
rights-risk-legislation,Rights-Risk Legislation,Legislative output creates concentrated rights burdens and weak mandates.,1.000,rights-risk synthetic legislature,panel-en-banc,Three-judge panels with en banc correction,5120,0.974,0.563,0.411,0.441,0.555,0.243,0.395,0.161,0.119,0.001,0.069,0.041,0.118,0.751,0.593,0.543,0.422,0.344,0.618,0.478,0.440,0.591,0.653,0.704,0.053,0.484,0.111,0.001,0.569,0.386,0.438,0.167,0.513,0.403,0.581,0.784,0.536,0.575,0.715,0.507,0.478,0.568,0.443,0.590,0.051,0.097,0.230,0.633,0.141,0.504,0.627,0.702,0.233,0.390,0.445,0.399,0.338,0.000,0.399,0.123,0.215,0.000,0.452,0.000,0.307,0.074,0.088,0.073,0.761,0.239,0.000,0.000,0.000,0.000,0.000,0.000,0.000,0.000,0.264,0.383,0.454,0.728,0.132,0.286,0.195,0.079,0.286,0.185,0.243,0.029,0.103,0.037,0.000,0.027,0.117,0.000,0.005,0.096,0.117,0.026,0.005,0.294,0.287,0.177,0.081,0.162,0.618,0.284,0.466,0.502,0.742,0.316,0.488,0.306,0.198,0.279,0.474,0.101,0.507,0.430,0.554,0.217,0.060,0.050,0.065,0.103,0.187,0.317
rights-risk-legislation,Rights-Risk Legislation,Legislative output creates concentrated rights burdens and weak mandates.,1.000,rights-risk synthetic legislature,cross-checking-courts,Supreme court with cross-checking constitutional court,5120,0.976,0.560,0.416,0.447,0.555,0.233,0.395,0.161,0.115,0.001,0.051,0.036,0.118,0.751,0.593,0.543,0.422,0.324,0.618,0.478,0.440,0.591,0.653,0.704,0.053,0.514,0.111,0.003,0.569,0.386,0.438,0.164,0.530,0.388,0.505,0.784,0.533,0.602,0.715,0.554,0.607,0.593,0.430,0.552,0.021,0.090,0.239,0.590,0.087,0.519,0.593,0.696,0.299,0.246,0.410,0.396,0.282,0.000,0.396,0.192,0.090,0.114,0.125,0.000,0.104,0.112,0.116,0.098,0.440,0.560,0.165,0.000,0.000,0.000,0.000,0.000,0.000,0.000,0.255,0.281,0.460,0.708,0.111,0.309,0.172,0.065,0.283,0.186,0.251,0.030,0.094,0.031,0.000,0.026,0.114,0.000,0.003,0.082,0.099,0.022,0.004,0.294,0.287,0.177,0.081,0.162,0.618,0.178,0.274,0.322,0.429,0.208,0.346,0.215,0.151,0.196,0.592,0.117,0.518,0.422,0.513,0.217,0.060,0.050,0.065,0.103,0.187,0.317
rights-risk-legislation,Rights-Risk Legislation,Legislative output creates concentrated rights burdens and weak mandates.,1.000,rights-risk synthetic legislature,dual-supreme-courts,Dual supreme courts with disagreement filter,5120,0.973,0.559,0.414,0.442,0.555,0.239,0.395,0.161,0.107,0.001,0.063,0.026,0.118,0.751,0.593,0.543,0.422,0.347,0.618,0.478,0.440,0.591,0.653,0.704,0.053,0.514,0.111,0.002,0.569,0.386,0.438,0.180,0.510,0.388,0.510,0.784,0.508,0.559,0.714,0.481,0.437,0.557,0.417,0.585,0.020,0.092,0.244,0.594,0.145,0.539,0.625,0.694,0.336,0.401,0.405,0.404,0.295,0.000,0.404,0.206,0.089,0.109,0.126,0.000,0.101,0.112,0.095,0.091,0.441,0.559,0.167,0.000,0.000,0.000,0.000,0.000,0.000,0.000,0.273,0.405,0.465,0.766,0.136,0.293,0.197,0.081,0.283,0.182,0.264,0.029,0.102,0.040,0.000,0.035,0.121,0.000,0.004,0.097,0.108,0.036,0.005,0.294,0.287,0.177,0.081,0.162,0.618,0.283,0.432,0.539,0.771,0.308,0.500,0.329,0.201,0.300,0.433,0.121,0.496,0.405,0.514,0.217,0.060,0.050,0.065,0.103,0.187,0.317
rights-risk-legislation,Rights-Risk Legislation,Legislative output creates concentrated rights burdens and weak mandates.,1.000,rights-risk synthetic legislature,comparative-constitutional-senates,Comparative 16-seat constitutional senates,5120,0.971,0.561,0.411,0.440,0.555,0.244,0.395,0.161,0.113,0.001,0.058,0.044,0.118,0.751,0.593,0.543,0.422,0.345,0.618,0.478,0.440,0.591,0.653,0.704,0.053,0.544,0.111,0.002,0.569,0.386,0.438,0.161,0.510,0.389,0.617,0.784,0.537,0.589,0.706,0.536,0.553,0.578,0.445,0.580,0.028,0.092,0.244,0.622,0.119,0.501,0.614,0.699,0.264,0.325,0.401,0.403,0.292,0.000,0.403,0.203,0.089,0.112,0.433,0.000,0.118,0.109,0.099,0.092,0.755,0.245,0.000,0.000,0.000,0.000,0.000,0.000,0.000,0.000,0.263,0.332,0.463,0.710,0.122,0.299,0.189,0.074,0.295,0.176,0.245,0.029,0.100,0.039,0.000,0.027,0.111,0.000,0.003,0.094,0.107,0.026,0.004,0.294,0.287,0.177,0.081,0.162,0.618,0.248,0.396,0.441,0.665,0.276,0.458,0.261,0.170,0.252,0.541,0.120,0.508,0.433,0.544,0.217,0.060,0.050,0.065,0.103,0.187,0.317
rights-risk-legislation,Rights-Risk Legislation,Legislative output creates concentrated rights burdens and weak mandates.,1.000,rights-risk synthetic legislature,constitutional-council,Pre-enactment constitutional council,5120,0.969,0.571,0.398,0.451,0.555,0.254,0.395,0.161,0.115,0.001,0.061,0.052,0.118,0.751,0.593,0.543,0.422,0.344,0.618,0.478,0.440,0.591,0.653,0.704,0.053,0.505,0.111,0.004,0.569,0.386,0.438,0.193,0.562,0.404,0.537,0.784,0.526,0.577,0.721,0.504,0.477,0.563,0.443,0.600,0.040,0.096,0.234,0.665,0.135,0.548,0.666,0.712,0.311,0.391,0.461,0.407,0.347,0.000,0.407,0.109,0.238,0.000,0.299,0.000,0.121,0.074,0.114,0.092,0.748,0.252,0.000,0.566,0.000,0.000,0.269,0.094,0.111,0.021,0.288,0.448,0.470,0.763,0.293,0.282,0.223,0.099,0.303,0.217,0.270,0.020,0.071,0.028,0.217,0.021,0.065,0.000,0.003,0.113,0.112,0.034,0.009,0.294,0.287,0.177,0.081,0.162,0.618,0.295,0.466,0.514,0.825,0.356,0.491,0.335,0.201,0.263,0.473,0.100,0.506,0.420,0.590,0.217,0.060,0.050,0.065,0.103,0.187,0.317
rights-risk-legislation,Rights-Risk Legislation,Legislative output creates concentrated rights burdens and weak mandates.,1.000,rights-risk synthetic legislature,legislative-override,Judicial review with legislative supermajority override,5120,0.970,0.568,0.402,0.448,0.555,0.249,0.395,0.161,0.104,0.000,0.044,0.040,0.118,0.751,0.593,0.543,0.422,0.348,0.618,0.478,0.440,0.591,0.653,0.704,0.053,0.514,0.111,0.002,0.569,0.386,0.438,0.200,0.514,0.403,0.492,0.784,0.529,0.566,0.716,0.491,0.468,0.559,0.414,0.599,0.021,0.095,0.229,0.592,0.144,0.549,0.644,0.698,0.225,0.401,0.452,0.395,0.340,0.000,0.395,0.118,0.222,0.000,0.050,0.000,0.082,0.111,0.095,0.092,0.432,0.568,0.000,0.000,0.000,0.000,0.281,0.076,0.114,0.016,0.293,0.478,0.463,0.769,0.322,0.273,0.228,0.110,0.295,0.210,0.272,0.020,0.068,0.036,0.210,0.018,0.070,0.000,0.004,0.113,0.121,0.032,0.010,0.294,0.287,0.177,0.081,0.162,0.618,0.294,0.470,0.551,0.760,0.284,0.535,0.328,0.203,0.274,0.465,0.100,0.497,0.392,0.520,0.217,0.060,0.050,0.065,0.103,0.187,0.317
rights-risk-legislation,Rights-Risk Legislation,Legislative output creates concentrated rights burdens and weak mandates.,1.000,rights-risk synthetic legislature,accountability-retention-court,Retention-election accountability court,5120,0.975,0.562,0.413,0.443,0.555,0.247,0.395,0.161,0.110,0.001,0.057,0.047,0.118,0.751,0.593,0.543,0.422,0.345,0.618,0.478,0.440,0.591,0.653,0.704,0.053,0.514,0.111,0.003,0.569,0.386,0.438,0.175,0.514,0.404,0.493,0.784,0.535,0.570,0.719,0.505,0.484,0.573,0.425,0.577,0.030,0.095,0.230,0.590,0.133,0.537,0.651,0.699,0.217,0.384,0.448,0.399,0.335,0.000,0.399,0.108,0.227,0.000,0.053,0.000,0.147,0.314,0.120,0.154,0.438,0.562,0.000,0.000,0.000,0.000,0.255,0.140,0.000,0.033,0.274,0.407,0.462,0.764,0.171,0.295,0.203,0.089,0.299,0.191,0.269,0.023,0.066,0.027,0.191,0.020,0.079,0.000,0.004,0.097,0.108,0.033,0.007,0.294,0.287,0.177,0.081,0.162,0.618,0.290,0.441,0.520,0.815,0.340,0.501,0.352,0.197,0.251,0.473,0.098,0.504,0.407,0.516,0.217,0.060,0.050,0.065,0.103,0.187,0.317
rights-risk-legislation,Rights-Risk Legislation,Legislative output creates concentrated rights burdens and weak mandates.,1.000,rights-risk synthetic legislature,emergency-restraint-court,No emergency relief without merits review,5120,0.974,0.568,0.406,0.448,0.555,0.250,0.395,0.161,0.121,0.002,0.067,0.056,0.118,0.751,0.593,0.543,0.422,0.341,0.618,0.478,0.440,0.591,0.653,0.704,0.053,0.514,0.111,0.003,0.569,0.386,0.438,0.174,0.518,0.336,0.503,0.784,0.541,0.568,0.741,0.483,0.425,0.550,0.441,0.610,0.036,0.018,0.213,0.651,0.163,0.508,0.645,0.720,0.234,0.468,0.533,0.391,0.391,0.000,0.391,0.000,0.391,0.000,0.109,0.000,0.080,0.110,0.081,0.084,0.432,0.568,0.000,0.000,0.000,0.000,0.000,0.000,0.000,0.000,0.264,0.433,0.417,0.752,0.138,0.293,0.198,0.078,0.284,0.182,0.250,0.028,0.104,0.037,0.000,0.031,0.120,0.000,0.005,0.097,0.115,0.032,0.005,0.294,0.287,0.177,0.081,0.162,0.618,0.341,0.528,0.612,1.000,0.452,0.565,0.361,0.234,0.309,0.435,0.073,0.509,0.426,0.576,0.217,0.060,0.050,0.065,0.103,0.187,0.317
rights-risk-legislation,Rights-Risk Legislation,Legislative output creates concentrated rights burdens and weak mandates.,1.000,rights-risk synthetic legislature,randomized-merits-panels,Randomized merits panels with en banc correction,5120,0.973,0.566,0.407,0.448,0.555,0.245,0.395,0.161,0.111,0.001,0.064,0.041,0.118,0.751,0.593,0.543,0.422,0.345,0.618,0.478,0.440,0.591,0.653,0.704,0.053,0.484,0.111,0.004,0.569,0.386,0.438,0.180,0.513,0.403,0.599,0.784,0.534,0.574,0.714,0.504,0.471,0.567,0.441,0.592,0.049,0.095,0.228,0.636,0.138,0.505,0.628,0.702,0.242,0.395,0.452,0.399,0.338,0.000,0.399,0.113,0.225,0.000,0.454,0.000,0.120,0.076,0.087,0.075,0.742,0.258,0.000,0.000,0.000,0.000,0.000,0.000,0.000,0.000,0.266,0.386,0.456,0.732,0.130,0.292,0.193,0.073,0.288,0.184,0.254,0.029,0.107,0.036,0.000,0.026,0.110,0.000,0.003,0.093,0.112,0.028,0.006,0.294,0.287,0.177,0.081,0.162,0.618,0.287,0.466,0.524,0.782,0.304,0.478,0.306,0.200,0.281,0.469,0.099,0.505,0.429,0.558,0.217,0.060,0.050,0.065,0.103,0.187,0.317
rights-risk-legislation,Rights-Risk Legislation,Legislative output creates concentrated rights burdens and weak mandates.,1.000,rights-risk synthetic legislature,mandatory-written-emergency-reasoning,Mandatory written emergency reasoning,5120,0.970,0.561,0.410,0.450,0.555,0.244,0.395,0.161,0.111,0.001,0.050,0.029,0.118,0.751,0.593,0.543,0.422,0.345,0.618,0.478,0.440,0.591,0.653,0.704,0.053,0.514,0.111,0.002,0.569,0.386,0.438,0.174,0.512,0.376,0.492,0.784,0.537,0.576,0.717,0.509,0.485,0.569,0.441,0.589,0.052,0.068,0.238,0.585,0.137,0.507,0.624,0.696,0.234,0.389,0.439,0.398,0.346,0.000,0.398,0.202,0.144,0.000,0.047,0.000,0.091,0.112,0.090,0.089,0.439,0.561,0.000,0.000,0.000,0.000,0.000,0.000,0.000,0.000,0.273,0.376,0.453,0.780,0.131,0.301,0.182,0.075,0.283,0.180,0.338,0.031,0.097,0.036,0.000,0.023,0.113,0.000,0.002,0.091,0.108,0.028,0.006,0.294,0.287,0.177,0.081,0.162,0.618,0.281,0.439,0.525,0.775,0.304,0.474,0.325,0.193,0.293,0.480,0.117,0.505,0.431,0.497,0.217,0.060,0.050,0.065,0.103,0.187,0.317
rights-risk-legislation,Rights-Risk Legislation,Legislative output creates concentrated rights burdens and weak mandates.,1.000,rights-risk synthetic legislature,automatic-merits-follow-up,Automatic merits follow-up for emergency relief,5120,0.969,0.559,0.410,0.447,0.555,0.243,0.395,0.161,0.114,0.001,0.064,0.035,0.118,0.751,0.593,0.543,0.422,0.341,0.618,0.478,0.440,0.591,0.653,0.704,0.053,0.514,0.111,0.002,0.569,0.386,0.438,0.175,0.517,0.356,0.492,0.784,0.537,0.566,0.736,0.482,0.421,0.549,0.443,0.601,0.049,0.026,0.212,0.631,0.171,0.504,0.642,0.716,0.249,0.478,0.526,0.392,0.392,0.000,0.392,0.204,0.392,0.000,0.049,0.000,0.083,0.111,0.085,0.087,0.441,0.559,0.000,0.000,0.000,0.000,0.000,0.000,0.000,0.000,0.275,0.449,0.414,0.806,0.146,0.284,0.196,0.082,0.285,0.185,0.338,0.028,0.101,0.041,0.000,0.027,0.121,0.000,0.004,0.099,0.109,0.031,0.007,0.294,0.287,0.177,0.081,0.162,0.618,0.335,0.500,0.602,0.996,0.420,0.616,0.361,0.236,0.350,0.431,0.060,0.509,0.429,0.548,0.217,0.060,0.050,0.065,0.103,0.187,0.317
rights-risk-legislation,Rights-Risk Legislation,Legislative output creates concentrated rights burdens and weak mandates.,1.000,rights-risk synthetic legislature,strong-recusal-enforcement,Independent recusal enforcement with substitutes,5120,0.972,0.568,0.404,0.457,0.555,0.251,0.395,0.161,0.114,0.000,0.054,0.043,0.118,0.751,0.593,0.543,0.422,0.346,0.618,0.478,0.440,0.591,0.653,0.704,0.053,0.514,0.111,0.001,0.569,0.386,0.438,0.184,0.513,0.404,0.507,0.784,0.532,0.571,0.717,0.498,0.460,0.564,0.438,0.595,0.030,0.096,0.231,0.610,0.143,0.510,0.630,0.701,0.240,0.408,0.457,0.400,0.341,0.000,0.400,0.115,0.226,0.000,0.111,0.000,0.088,0.111,0.097,0.092,0.432,0.568,0.000,0.000,0.000,0.000,0.000,0.000,0.000,0.000,0.274,0.400,0.465,0.751,0.135,0.291,0.196,0.083,0.306,0.187,0.272,0.028,0.104,0.039,0.000,0.025,0.118,0.000,0.003,0.104,0.113,0.030,0.005,0.294,0.287,0.177,0.081,0.162,0.618,0.294,0.469,0.541,0.804,0.328,0.489,0.327,0.205,0.290,0.456,0.100,0.503,0.425,0.531,0.217,0.060,0.050,0.065,0.103,0.187,0.317
rights-risk-legislation,Rights-Risk Legislation,Legislative output creates concentrated rights burdens and weak mandates.,1.000,rights-risk synthetic legislature,jurisdiction-stripping-constraints,Jurisdiction stripping constrained by rights carveouts,5120,0.974,0.566,0.408,0.449,0.555,0.249,0.395,0.161,0.113,0.000,0.056,0.054,0.118,0.751,0.593,0.543,0.422,0.345,0.618,0.478,0.440,0.591,0.653,0.704,0.053,0.464,0.111,0.003,0.569,0.386,0.438,0.194,0.543,0.402,0.491,0.784,0.534,0.570,0.722,0.492,0.462,0.561,0.421,0.593,0.021,0.095,0.228,0.593,0.146,0.534,0.641,0.703,0.218,0.406,0.453,0.394,0.337,0.000,0.394,0.111,0.227,0.000,0.047,0.000,0.083,0.112,0.094,0.091,0.434,0.566,0.000,0.000,0.000,0.000,0.282,0.000,0.000,0.000,0.284,0.516,0.455,0.761,0.308,0.275,0.225,0.107,0.282,0.212,0.264,0.030,0.170,0.063,0.000,0.032,0.000,0.000,0.003,0.108,0.124,0.042,0.010,0.294,0.287,0.177,0.081,0.162,0.618,0.296,0.484,0.541,0.749,0.296,0.509,0.338,0.204,0.287,0.459,0.098,0.502,0.408,0.529,0.217,0.060,0.050,0.065,0.103,0.187,0.317
rights-risk-legislation,Rights-Risk Legislation,Legislative output creates concentrated rights burdens and weak mandates.,1.000,rights-risk synthetic legislature,legislative-override-window,Time-limited legislative override window,5120,0.972,0.558,0.414,0.444,0.555,0.238,0.395,0.161,0.106,0.001,0.056,0.050,0.118,0.751,0.593,0.543,0.422,0.347,0.618,0.478,0.440,0.591,0.653,0.704,0.053,0.514,0.111,0.004,0.569,0.386,0.438,0.189,0.515,0.403,0.491,0.784,0.531,0.569,0.717,0.498,0.474,0.565,0.422,0.595,0.020,0.095,0.224,0.586,0.138,0.542,0.641,0.699,0.222,0.394,0.438,0.387,0.328,0.000,0.387,0.117,0.211,0.000,0.047,0.000,0.076,0.111,0.092,0.090,0.442,0.558,0.000,0.000,0.000,0.000,0.274,0.086,0.110,0.000,0.288,0.465,0.461,0.770,0.310,0.281,0.217,0.104,0.283,0.203,0.269,0.021,0.063,0.032,0.203,0.022,0.065,0.000,0.003,0.112,0.102,0.034,0.008,0.294,0.287,0.177,0.081,0.162,0.618,0.285,0.445,0.509,0.822,0.324,0.472,0.328,0.198,0.267,0.469,0.099,0.500,0.402,0.515,0.217,0.060,0.050,0.065,0.103,0.187,0.317
rights-risk-legislation,Rights-Risk Legislation,Legislative output creates concentrated rights burdens and weak mandates.,1.000,rights-risk synthetic legislature,constitutional-remand,Constitutional remand before invalidation,5120,0.969,0.571,0.398,0.453,0.555,0.251,0.395,0.161,0.118,0.002,0.072,0.052,0.118,0.751,0.593,0.543,0.422,0.305,0.618,0.478,0.440,0.591,0.653,0.704,0.053,0.475,0.111,0.004,0.569,0.386,0.438,0.167,0.537,0.403,0.495,0.784,0.550,0.611,0.728,0.562,0.596,0.595,0.463,0.594,0.034,0.095,0.231,0.631,0.105,0.512,0.651,0.714,0.317,0.299,0.459,0.401,0.342,0.000,0.401,0.114,0.228,0.000,0.064,0.000,0.106,0.074,0.113,0.091,0.429,0.571,0.000,0.569,0.102,0.000,0.195,0.067,0.083,0.016,0.264,0.352,0.454,0.709,0.235,0.300,0.200,0.085,0.297,0.193,0.247,0.023,0.071,0.024,0.193,0.017,0.073,0.000,0.004,0.096,0.109,0.027,0.006,0.294,0.287,0.177,0.081,0.162,0.618,0.264,0.433,0.479,0.729,0.261,0.430,0.282,0.170,0.234,0.586,0.100,0.532,0.446,0.558,0.217,0.060,0.050,0.065,0.103,0.187,0.317
rights-risk-legislation,Rights-Risk Legislation,Legislative output creates concentrated rights burdens and weak mandates.,1.000,rights-risk synthetic legislature,public-interest-litigation-filter,Public-interest litigation filter,5120,0.974,0.575,0.399,0.453,0.555,0.258,0.395,0.161,0.108,0.001,0.056,0.045,0.118,0.751,0.593,0.543,0.422,0.344,0.618,0.478,0.440,0.591,0.653,0.704,0.053,0.432,0.111,0.003,0.569,0.386,0.438,0.178,0.514,0.403,0.495,0.784,0.538,0.576,0.726,0.506,0.480,0.567,0.439,0.601,0.034,0.094,0.231,0.602,0.139,0.507,0.632,0.702,0.245,0.396,0.467,0.402,0.345,0.000,0.402,0.108,0.238,0.000,0.065,0.000,0.086,0.110,0.124,0.102,0.425,0.575,0.000,0.000,0.000,0.042,0.000,0.000,0.000,0.000,0.262,0.374,0.457,0.731,0.130,0.305,0.194,0.079,0.295,0.187,0.251,0.032,0.099,0.039,0.000,0.027,0.118,0.000,0.004,0.097,0.111,0.027,0.004,0.294,0.287,0.177,0.081,0.162,0.618,0.299,0.493,0.523,0.815,0.316,0.509,0.319,0.203,0.281,0.475,0.099,0.505,0.427,0.524,0.217,0.060,0.050,0.065,0.103,0.187,0.317
rights-risk-legislation,Rights-Risk Legislation,Legislative output creates concentrated rights burdens and weak mandates.,1.000,rights-risk synthetic legislature,emergency-integrity-package,Emergency integrity package,5120,0.977,0.568,0.409,0.444,0.555,0.251,0.395,0.161,0.118,0.001,0.067,0.044,0.118,0.751,0.593,0.543,0.422,0.342,0.618,0.478,0.440,0.591,0.653,0.704,0.053,0.514,0.111,0.003,0.569,0.386,0.438,0.180,0.518,0.355,0.507,0.784,0.535,0.567,0.739,0.481,0.422,0.550,0.441,0.608,0.030,0.026,0.213,0.655,0.164,0.506,0.646,0.721,0.273,0.471,0.532,0.393,0.393,0.000,0.393,0.204,0.393,0.000,0.109,0.000,0.082,0.113,0.087,0.088,0.432,0.568,0.000,0.000,0.000,0.000,0.000,0.000,0.000,0.000,0.264,0.438,0.411,0.751,0.142,0.294,0.200,0.079,0.281,0.184,0.250,0.033,0.108,0.036,0.000,0.026,0.116,0.000,0.003,0.094,0.113,0.030,0.006,0.294,0.287,0.177,0.081,0.162,0.618,0.340,0.533,0.588,0.989,0.436,0.587,0.356,0.235,0.347,0.432,0.060,0.508,0.428,0.581,0.217,0.060,0.050,0.065,0.103,0.187,0.317
rights-risk-legislation,Rights-Risk Legislation,Legislative output creates concentrated rights burdens and weak mandates.,1.000,rights-risk synthetic legislature,remand-override-window-package,Constitutional remand with override window,5120,0.969,0.569,0.400,0.446,0.555,0.245,0.395,0.161,0.115,0.001,0.072,0.045,0.118,0.751,0.593,0.543,0.422,0.307,0.618,0.478,0.440,0.591,0.653,0.704,0.053,0.474,0.111,0.003,0.569,0.386,0.438,0.170,0.537,0.376,0.495,0.784,0.548,0.615,0.729,0.573,0.622,0.601,0.464,0.586,0.032,0.070,0.242,0.628,0.100,0.509,0.643,0.712,0.348,0.279,0.440,0.406,0.340,0.000,0.406,0.195,0.145,0.000,0.066,0.000,0.100,0.075,0.115,0.091,0.431,0.569,0.000,0.567,0.097,0.000,0.178,0.053,0.073,0.000,0.262,0.339,0.457,0.704,0.233,0.301,0.199,0.093,0.283,0.199,0.251,0.021,0.062,0.029,0.199,0.016,0.077,0.000,0.003,0.097,0.103,0.027,0.004,0.294,0.287,0.177,0.081,0.162,0.618,0.248,0.409,0.422,0.636,0.272,0.423,0.288,0.159,0.237,0.611,0.117,0.530,0.448,0.553,0.217,0.060,0.050,0.065,0.103,0.187,0.317
rights-risk-legislation,Rights-Risk Legislation,Legislative output creates concentrated rights burdens and weak mandates.,1.000,rights-risk synthetic legislature,panel-jurisdiction-safeguards,Random panels with jurisdiction safeguards,5120,0.969,0.558,0.411,0.446,0.555,0.231,0.395,0.161,0.110,0.001,0.056,0.040,0.118,0.751,0.593,0.543,0.422,0.346,0.618,0.478,0.440,0.591,0.653,0.704,0.053,0.434,0.111,0.003,0.569,0.386,0.438,0.185,0.540,0.389,0.626,0.784,0.533,0.584,0.712,0.520,0.531,0.570,0.428,0.579,0.049,0.091,0.239,0.626,0.126,0.523,0.624,0.699,0.263,0.348,0.404,0.397,0.287,0.000,0.397,0.200,0.087,0.110,0.499,0.000,0.115,0.077,0.088,0.076,0.749,0.251,0.000,0.000,0.000,0.000,0.235,0.000,0.000,0.000,0.275,0.460,0.470,0.746,0.278,0.281,0.212,0.099,0.293,0.205,0.262,0.033,0.162,0.055,0.000,0.030,0.000,0.000,0.003,0.106,0.111,0.033,0.008,0.294,0.287,0.177,0.081,0.162,0.618,0.254,0.412,0.466,0.644,0.284,0.437,0.284,0.176,0.265,0.522,0.118,0.505,0.419,0.556,0.217,0.060,0.050,0.065,0.103,0.187,0.317
rights-risk-legislation,Rights-Risk Legislation,Legislative output creates concentrated rights burdens and weak mandates.,1.000,rights-risk synthetic legislature,council-concrete-hybrid,Constitutional council with concrete-review backstop,5120,0.972,0.570,0.403,0.460,0.555,0.251,0.395,0.161,0.113,0.001,0.069,0.044,0.118,0.751,0.593,0.543,0.422,0.344,0.618,0.478,0.440,0.591,0.653,0.704,0.053,0.504,0.111,0.002,0.569,0.386,0.438,0.190,0.562,0.403,0.572,0.784,0.525,0.580,0.720,0.511,0.490,0.567,0.446,0.599,0.026,0.097,0.233,0.669,0.135,0.544,0.664,0.714,0.324,0.377,0.462,0.405,0.340,0.000,0.405,0.113,0.227,0.000,0.371,0.000,0.126,0.112,0.118,0.106,0.743,0.257,0.000,0.564,0.000,0.000,0.260,0.094,0.109,0.018,0.285,0.434,0.466,0.763,0.288,0.289,0.214,0.098,0.297,0.212,0.268,0.021,0.066,0.028,0.212,0.018,0.073,0.000,0.004,0.099,0.116,0.036,0.008,0.294,0.287,0.177,0.081,0.162,0.618,0.286,0.468,0.534,0.756,0.308,0.448,0.312,0.196,0.255,0.484,0.100,0.509,0.423,0.595,0.217,0.060,0.050,0.065,0.103,0.187,0.317
shadow-docket-stress,Shadow-Docket Stress,High emergency pressure and executive-defiance disputes.,1.000,emergency-pressure synthetic legislature,current-us-like,Stylized current U.S.-like supreme court,5120,0.972,0.606,0.366,0.461,0.516,0.259,0.373,0.143,0.155,0.001,0.061,0.050,0.113,0.761,0.631,0.563,0.439,0.369,0.655,0.513,0.436,0.573,0.588,0.688,0.047,0.552,0.105,0.001,0.585,0.405,0.455,0.212,0.538,0.693,0.544,0.784,0.530,0.604,0.591,0.574,0.675,0.615,0.405,0.665,0.061,0.420,0.428,0.415,0.066,0.580,0.600,0.611,0.176,0.128,0.251,0.589,0.164,0.164,0.000,0.164,0.000,0.000,0.020,0.000,0.044,0.301,0.416,0.264,0.394,0.606,0.000,0.000,0.000,0.000,0.000,0.000,0.000,0.000,0.342,0.222,0.908,0.769,0.105,0.350,0.191,0.074,0.464,0.219,0.360,0.018,0.100,0.040,0.000,0.046,0.123,0.000,0.003,0.093,0.103,0.034,0.004,0.343,0.254,0.179,0.075,0.148,0.371,0.223,0.573,0.607,0.980,0.450,0.632,0.297,0.124,0.115,0.588,0.281,0.480,0.397,0.297,0.225,0.064,0.047,0.159,0.114,0.162,0.229
shadow-docket-stress,Shadow-Docket Stress,High emergency pressure and executive-defiance disputes.,1.000,emergency-pressure synthetic legislature,term-limited-balanced,18-year staggered terms + regular appointments,5120,0.974,0.598,0.376,0.461,0.516,0.247,0.373,0.143,0.162,0.001,0.050,0.046,0.113,0.761,0.631,0.563,0.439,0.357,0.655,0.513,0.436,0.573,0.588,0.688,0.047,0.512,0.105,0.000,0.585,0.405,0.455,0.182,0.550,0.529,0.550,0.784,0.545,0.619,0.673,0.591,0.698,0.618,0.429,0.634,0.059,0.156,0.333,0.592,0.104,0.532,0.615,0.676,0.223,0.210,0.450,0.566,0.436,0.000,0.566,0.147,0.289,0.000,0.054,0.000,0.089,0.105,0.413,0.205,0.402,0.598,0.000,0.000,0.000,0.000,0.000,0.000,0.000,0.000,0.302,0.254,0.647,0.758,0.113,0.343,0.189,0.072,0.423,0.215,0.349,0.021,0.095,0.041,0.000,0.040,0.119,0.000,0.004,0.094,0.102,0.025,0.004,0.343,0.254,0.179,0.075,0.148,0.371,0.160,0.416,0.373,0.761,0.257,0.382,0.212,0.156,0.167,0.659,0.184,0.510,0.420,0.486,0.225,0.064,0.047,0.159,0.114,0.162,0.229
shadow-docket-stress,Shadow-Docket Stress,High emergency pressure and executive-defiance disputes.,1.000,emergency-pressure synthetic legislature,nonpartisan-commission,Nonpartisan commission appointments,5120,0.976,0.599,0.377,0.444,0.516,0.239,0.373,0.143,0.155,0.001,0.064,0.035,0.113,0.761,0.631,0.563,0.439,0.358,0.655,0.513,0.436,0.573,0.588,0.688,0.047,0.512,0.105,0.001,0.585,0.405,0.455,0.186,0.549,0.529,0.554,0.784,0.542,0.619,0.675,0.591,0.700,0.618,0.428,0.634,0.037,0.160,0.331,0.596,0.101,0.533,0.615,0.678,0.245,0.208,0.435,0.565,0.427,0.000,0.565,0.147,0.280,0.000,0.077,0.000,0.085,0.104,0.409,0.201,0.401,0.599,0.000,0.000,0.000,0.000,0.000,0.000,0.000,0.000,0.294,0.258,0.648,0.710,0.111,0.335,0.196,0.073,0.412,0.212,0.265,0.017,0.105,0.039,0.000,0.037,0.120,0.000,0.004,0.100,0.097,0.032,0.005,0.343,0.254,0.179,0.075,0.148,0.371,0.158,0.394,0.407,0.745,0.275,0.441,0.273,0.155,0.165,0.661,0.184,0.507,0.418,0.499,0.225,0.064,0.047,0.159,0.114,0.162,0.229
shadow-docket-stress,Shadow-Docket Stress,High emergency pressure and executive-defiance disputes.,1.000,emergency-pressure synthetic legislature,expanded-court-fifteen,Expanded 15-seat court,5120,0.975,0.608,0.367,0.460,0.516,0.261,0.373,0.143,0.158,0.001,0.064,0.030,0.113,0.761,0.631,0.563,0.439,0.357,0.655,0.513,0.436,0.573,0.588,0.688,0.047,0.512,0.105,0.001,0.585,0.405,0.455,0.191,0.550,0.529,0.557,0.784,0.539,0.619,0.674,0.592,0.705,0.617,0.426,0.640,0.040,0.157,0.340,0.610,0.101,0.536,0.619,0.678,0.263,0.212,0.462,0.573,0.436,0.000,0.573,0.137,0.299,0.000,0.055,0.000,0.088,0.405,0.449,0.302,0.392,0.608,0.000,0.000,0.000,0.000,0.000,0.000,0.000,0.000,0.306,0.258,0.654,0.760,0.113,0.344,0.200,0.079,0.429,0.213,0.364,0.021,0.099,0.044,0.000,0.041,0.122,0.000,0.004,0.103,0.100,0.031,0.004,0.343,0.254,0.179,0.075,0.148,0.371,0.162,0.431,0.420,0.713,0.266,0.338,0.218,0.158,0.166,0.656,0.184,0.508,0.416,0.502,0.225,0.064,0.047,0.159,0.114,0.162,0.229
shadow-docket-stress,Shadow-Docket Stress,High emergency pressure and executive-defiance disputes.,1.000,emergency-pressure synthetic legislature,supermajority-review,60 percent invalidation threshold,5120,0.974,0.606,0.368,0.459,0.516,0.258,0.373,0.143,0.167,0.001,0.058,0.044,0.113,0.761,0.631,0.563,0.439,0.358,0.655,0.513,0.436,0.573,0.588,0.688,0.047,0.512,0.105,0.000,0.585,0.405,0.455,0.178,0.547,0.515,0.549,0.784,0.550,0.629,0.669,0.613,0.762,0.621,0.428,0.625,0.061,0.146,0.349,0.575,0.081,0.535,0.607,0.669,0.222,0.156,0.403,0.575,0.398,0.000,0.575,0.251,0.146,0.178,0.050,0.000,0.044,0.105,0.415,0.210,0.394,0.606,0.000,0.000,0.000,0.000,0.000,0.000,0.000,0.000,0.302,0.214,0.691,0.746,0.105,0.352,0.187,0.074,0.429,0.213,0.350,0.022,0.096,0.039,0.000,0.042,0.125,0.000,0.002,0.092,0.098,0.027,0.004,0.343,0.254,0.179,0.075,0.148,0.371,0.128,0.313,0.387,0.653,0.183,0.338,0.164,0.131,0.150,0.717,0.209,0.508,0.418,0.465,0.225,0.064,0.047,0.159,0.114,0.162,0.229
shadow-docket-stress,Shadow-Docket Stress,High emergency pressure and executive-defiance disputes.,1.000,emergency-pressure synthetic legislature,recusal-and-emergency-reform,Peer recusal + reasoned emergency docket,5120,0.973,0.594,0.379,0.459,0.516,0.237,0.373,0.143,0.157,0.001,0.061,0.034,0.113,0.761,0.631,0.563,0.439,0.357,0.655,0.513,0.436,0.573,0.588,0.688,0.047,0.512,0.105,0.001,0.585,0.405,0.455,0.186,0.550,0.529,0.556,0.784,0.540,0.617,0.672,0.588,0.690,0.617,0.429,0.633,0.065,0.155,0.330,0.597,0.108,0.530,0.615,0.675,0.251,0.213,0.448,0.562,0.436,0.000,0.562,0.148,0.287,0.000,0.088,0.000,0.086,0.109,0.408,0.202,0.406,0.594,0.000,0.000,0.000,0.000,0.000,0.000,0.000,0.000,0.302,0.258,0.643,0.755,0.114,0.336,0.190,0.075,0.416,0.213,0.350,0.018,0.094,0.038,0.000,0.040,0.124,0.000,0.003,0.088,0.104,0.027,0.004,0.343,0.254,0.179,0.075,0.148,0.371,0.160,0.420,0.447,0.681,0.275,0.382,0.248,0.156,0.169,0.652,0.183,0.510,0.419,0.489,0.225,0.064,0.047,0.159,0.114,0.162,0.229
shadow-docket-stress,Shadow-Docket Stress,High emergency pressure and executive-defiance disputes.,1.000,emergency-pressure synthetic legislature,panel-en-banc,Three-judge panels with en banc correction,5120,0.972,0.602,0.370,0.461,0.516,0.247,0.373,0.143,0.156,0.000,0.048,0.040,0.113,0.761,0.631,0.563,0.439,0.356,0.655,0.513,0.436,0.573,0.588,0.688,0.047,0.482,0.105,0.001,0.585,0.405,0.455,0.180,0.550,0.529,0.641,0.784,0.540,0.619,0.674,0.590,0.696,0.617,0.429,0.636,0.063,0.157,0.332,0.646,0.106,0.533,0.617,0.681,0.263,0.213,0.459,0.573,0.443,0.000,0.573,0.148,0.295,0.000,0.441,0.000,0.338,0.070,0.381,0.170,0.731,0.269,0.000,0.000,0.000,0.000,0.000,0.000,0.000,0.000,0.293,0.256,0.644,0.714,0.111,0.339,0.198,0.073,0.421,0.216,0.268,0.019,0.103,0.038,0.000,0.045,0.118,0.000,0.003,0.101,0.103,0.030,0.004,0.343,0.254,0.179,0.075,0.148,0.371,0.162,0.416,0.467,0.737,0.275,0.368,0.248,0.158,0.169,0.660,0.185,0.511,0.419,0.546,0.225,0.064,0.047,0.159,0.114,0.162,0.229
shadow-docket-stress,Shadow-Docket Stress,High emergency pressure and executive-defiance disputes.,1.000,emergency-pressure synthetic legislature,cross-checking-courts,Supreme court with cross-checking constitutional court,5120,0.975,0.600,0.375,0.450,0.516,0.246,0.373,0.143,0.171,0.001,0.071,0.033,0.113,0.761,0.631,0.563,0.439,0.338,0.655,0.513,0.436,0.573,0.588,0.688,0.047,0.512,0.105,0.001,0.585,0.405,0.455,0.181,0.567,0.515,0.566,0.784,0.526,0.632,0.674,0.606,0.756,0.628,0.410,0.609,0.024,0.144,0.345,0.601,0.058,0.560,0.595,0.676,0.336,0.114,0.404,0.572,0.394,0.000,0.572,0.246,0.148,0.178,0.139,0.000,0.114,0.106,0.430,0.204,0.400,0.600,0.188,0.000,0.000,0.000,0.000,0.000,0.000,0.000,0.293,0.199,0.688,0.713,0.104,0.343,0.190,0.076,0.422,0.211,0.279,0.019,0.099,0.039,0.000,0.040,0.122,0.000,0.004,0.097,0.096,0.027,0.003,0.343,0.254,0.179,0.075,0.148,0.371,0.088,0.215,0.287,0.410,0.156,0.176,0.152,0.124,0.120,0.711,0.208,0.514,0.402,0.502,0.225,0.064,0.047,0.159,0.114,0.162,0.229
shadow-docket-stress,Shadow-Docket Stress,High emergency pressure and executive-defiance disputes.,1.000,emergency-pressure synthetic legislature,dual-supreme-courts,Dual supreme courts with disagreement filter,5120,0.979,0.605,0.373,0.465,0.516,0.254,0.373,0.143,0.159,0.001,0.059,0.045,0.113,0.761,0.631,0.563,0.439,0.361,0.655,0.513,0.436,0.573,0.588,0.688,0.047,0.512,0.105,0.001,0.585,0.405,0.455,0.200,0.547,0.516,0.574,0.784,0.505,0.599,0.672,0.556,0.638,0.605,0.397,0.635,0.025,0.145,0.349,0.610,0.105,0.574,0.617,0.674,0.375,0.209,0.405,0.575,0.404,0.000,0.575,0.262,0.143,0.171,0.145,0.000,0.117,0.105,0.420,0.205,0.395,0.605,0.190,0.000,0.000,0.000,0.000,0.000,0.000,0.000,0.305,0.266,0.692,0.746,0.114,0.350,0.196,0.075,0.431,0.227,0.283,0.016,0.096,0.039,0.000,0.054,0.116,0.000,0.003,0.094,0.102,0.034,0.005,0.343,0.254,0.179,0.075,0.148,0.371,0.157,0.401,0.373,0.769,0.275,0.338,0.242,0.157,0.187,0.597,0.211,0.497,0.391,0.510,0.225,0.064,0.047,0.159,0.114,0.162,0.229
shadow-docket-stress,Shadow-Docket Stress,High emergency pressure and executive-defiance disputes.,1.000,emergency-pressure synthetic legislature,comparative-constitutional-senates,Comparative 16-seat constitutional senates,5120,0.975,0.597,0.377,0.450,0.516,0.244,0.373,0.143,0.153,0.001,0.055,0.052,0.113,0.761,0.631,0.563,0.439,0.358,0.655,0.513,0.436,0.573,0.588,0.688,0.047,0.542,0.105,0.001,0.585,0.405,0.455,0.175,0.546,0.514,0.684,0.784,0.540,0.634,0.665,0.618,0.770,0.626,0.430,0.625,0.033,0.144,0.343,0.632,0.065,0.530,0.603,0.679,0.295,0.137,0.394,0.567,0.396,0.000,0.567,0.243,0.153,0.171,0.443,0.000,0.118,0.107,0.414,0.200,0.744,0.256,0.000,0.000,0.000,0.000,0.000,0.000,0.000,0.000,0.292,0.207,0.686,0.691,0.102,0.342,0.185,0.066,0.419,0.211,0.260,0.021,0.097,0.035,0.000,0.039,0.116,0.000,0.003,0.095,0.099,0.025,0.004,0.343,0.254,0.179,0.075,0.148,0.371,0.117,0.303,0.293,0.614,0.156,0.162,0.127,0.124,0.136,0.725,0.205,0.510,0.422,0.534,0.225,0.064,0.047,0.159,0.114,0.162,0.229
shadow-docket-stress,Shadow-Docket Stress,High emergency pressure and executive-defiance disputes.,1.000,emergency-pressure synthetic legislature,constitutional-council,Pre-enactment constitutional council,5120,0.977,0.603,0.373,0.464,0.516,0.252,0.373,0.143,0.156,0.000,0.053,0.046,0.113,0.761,0.631,0.563,0.439,0.355,0.655,0.513,0.436,0.573,0.588,0.688,0.047,0.502,0.105,0.001,0.585,0.405,0.455,0.190,0.598,0.529,0.598,0.784,0.535,0.628,0.681,0.600,0.709,0.618,0.444,0.638,0.051,0.155,0.330,0.673,0.092,0.551,0.644,0.693,0.338,0.194,0.463,0.571,0.435,0.000,0.571,0.134,0.301,0.000,0.304,0.000,0.122,0.071,0.422,0.194,0.731,0.269,0.000,0.571,0.000,0.000,0.133,0.045,0.054,0.013,0.301,0.277,0.652,0.725,0.188,0.336,0.201,0.084,0.427,0.230,0.278,0.012,0.064,0.025,0.230,0.029,0.076,0.000,0.003,0.101,0.100,0.040,0.006,0.343,0.254,0.179,0.075,0.148,0.371,0.157,0.419,0.367,0.737,0.229,0.412,0.178,0.152,0.147,0.671,0.183,0.516,0.434,0.577,0.225,0.064,0.047,0.159,0.114,0.162,0.229
shadow-docket-stress,Shadow-Docket Stress,High emergency pressure and executive-defiance disputes.,1.000,emergency-pressure synthetic legislature,legislative-override,Judicial review with legislative supermajority override,5120,0.975,0.600,0.375,0.456,0.516,0.247,0.373,0.143,0.155,0.001,0.057,0.040,0.113,0.761,0.631,0.563,0.439,0.358,0.655,0.513,0.436,0.573,0.588,0.688,0.047,0.512,0.105,0.001,0.585,0.405,0.455,0.192,0.550,0.529,0.550,0.784,0.539,0.615,0.678,0.584,0.694,0.614,0.417,0.638,0.022,0.155,0.330,0.602,0.103,0.551,0.624,0.681,0.253,0.214,0.455,0.566,0.433,0.000,0.566,0.140,0.293,0.000,0.055,0.000,0.088,0.108,0.420,0.206,0.400,0.600,0.000,0.000,0.000,0.000,0.138,0.038,0.051,0.010,0.303,0.297,0.650,0.733,0.192,0.337,0.203,0.084,0.420,0.221,0.276,0.015,0.057,0.028,0.221,0.030,0.076,0.000,0.003,0.102,0.105,0.036,0.005,0.343,0.254,0.179,0.075,0.148,0.371,0.164,0.418,0.407,0.761,0.330,0.353,0.273,0.158,0.162,0.655,0.183,0.507,0.408,0.510,0.225,0.064,0.047,0.159,0.114,0.162,0.229
shadow-docket-stress,Shadow-Docket Stress,High emergency pressure and executive-defiance disputes.,1.000,emergency-pressure synthetic legislature,accountability-retention-court,Retention-election accountability court,5120,0.972,0.607,0.365,0.458,0.516,0.255,0.373,0.143,0.157,0.001,0.062,0.046,0.113,0.761,0.631,0.563,0.439,0.357,0.655,0.513,0.436,0.573,0.588,0.688,0.047,0.512,0.105,0.001,0.585,0.405,0.455,0.188,0.551,0.529,0.552,0.784,0.542,0.618,0.676,0.594,0.714,0.622,0.419,0.632,0.044,0.158,0.334,0.600,0.098,0.549,0.629,0.678,0.247,0.198,0.456,0.573,0.427,0.000,0.573,0.135,0.292,0.000,0.061,0.000,0.155,0.308,0.452,0.269,0.393,0.607,0.000,0.000,0.000,0.000,0.129,0.065,0.000,0.017,0.296,0.261,0.652,0.730,0.129,0.342,0.195,0.074,0.419,0.215,0.291,0.017,0.060,0.028,0.215,0.028,0.074,0.000,0.003,0.092,0.108,0.033,0.006,0.343,0.254,0.179,0.075,0.148,0.371,0.160,0.427,0.387,0.729,0.266,0.382,0.190,0.154,0.147,0.668,0.184,0.508,0.411,0.504,0.225,0.064,0.047,0.159,0.114,0.162,0.229
shadow-docket-stress,Shadow-Docket Stress,High emergency pressure and executive-defiance disputes.,1.000,emergency-pressure synthetic legislature,emergency-restraint-court,No emergency relief without merits review,5120,0.976,0.595,0.381,0.458,0.516,0.233,0.373,0.143,0.153,0.001,0.061,0.048,0.113,0.761,0.631,0.563,0.439,0.351,0.655,0.513,0.436,0.573,0.588,0.688,0.047,0.512,0.105,0.001,0.585,0.405,0.455,0.179,0.558,0.456,0.563,0.784,0.546,0.611,0.709,0.561,0.619,0.601,0.435,0.652,0.041,0.037,0.306,0.690,0.136,0.525,0.631,0.709,0.262,0.286,0.588,0.557,0.557,0.000,0.557,0.000,0.557,0.000,0.125,0.000,0.094,0.108,0.388,0.197,0.405,0.595,0.000,0.000,0.000,0.000,0.000,0.000,0.000,0.000,0.282,0.305,0.519,0.729,0.120,0.334,0.195,0.073,0.396,0.212,0.269,0.020,0.103,0.036,0.000,0.046,0.122,0.000,0.003,0.096,0.106,0.032,0.005,0.343,0.254,0.179,0.075,0.148,0.371,0.214,0.553,0.527,0.992,0.431,0.515,0.285,0.197,0.191,0.602,0.147,0.524,0.424,0.596,0.225,0.064,0.047,0.159,0.114,0.162,0.229
shadow-docket-stress,Shadow-Docket Stress,High emergency pressure and executive-defiance disputes.,1.000,emergency-pressure synthetic legislature,randomized-merits-panels,Randomized merits panels with en banc correction,5120,0.972,0.594,0.378,0.449,0.516,0.236,0.373,0.143,0.160,0.001,0.060,0.044,0.113,0.761,0.631,0.563,0.439,0.356,0.655,0.513,0.436,0.573,0.588,0.688,0.047,0.482,0.105,0.001,0.585,0.405,0.455,0.175,0.549,0.529,0.663,0.784,0.542,0.623,0.673,0.599,0.715,0.621,0.433,0.632,0.057,0.157,0.326,0.640,0.101,0.526,0.613,0.682,0.267,0.197,0.439,0.560,0.425,0.000,0.560,0.146,0.280,0.000,0.464,0.000,0.127,0.072,0.387,0.170,0.735,0.265,0.000,0.000,0.000,0.000,0.000,0.000,0.000,0.000,0.289,0.238,0.647,0.708,0.108,0.343,0.179,0.068,0.414,0.214,0.269,0.022,0.090,0.037,0.000,0.040,0.121,0.000,0.002,0.088,0.103,0.022,0.003,0.343,0.254,0.179,0.075,0.148,0.371,0.151,0.382,0.400,0.753,0.248,0.338,0.194,0.150,0.158,0.678,0.183,0.512,0.425,0.541,0.225,0.064,0.047,0.159,0.114,0.162,0.229
shadow-docket-stress,Shadow-Docket Stress,High emergency pressure and executive-defiance disputes.,1.000,emergency-pressure synthetic legislature,mandatory-written-emergency-reasoning,Mandatory written emergency reasoning,5120,0.976,0.596,0.380,0.447,0.516,0.240,0.373,0.143,0.147,0.001,0.054,0.045,0.113,0.761,0.631,0.563,0.439,0.358,0.655,0.513,0.436,0.573,0.588,0.688,0.047,0.512,0.105,0.001,0.585,0.405,0.455,0.188,0.548,0.504,0.550,0.784,0.542,0.624,0.673,0.603,0.733,0.623,0.427,0.627,0.067,0.118,0.344,0.589,0.093,0.534,0.610,0.673,0.262,0.186,0.429,0.568,0.428,0.000,0.568,0.248,0.179,0.000,0.055,0.000,0.090,0.104,0.415,0.208,0.404,0.596,0.000,0.000,0.000,0.000,0.000,0.000,0.000,0.000,0.302,0.240,0.670,0.751,0.111,0.340,0.189,0.076,0.424,0.213,0.349,0.020,0.096,0.040,0.000,0.036,0.121,0.000,0.004,0.091,0.107,0.030,0.003,0.343,0.254,0.179,0.075,0.148,0.371,0.142,0.349,0.407,0.697,0.284,0.338,0.200,0.141,0.169,0.692,0.206,0.508,0.417,0.479,0.225,0.064,0.047,0.159,0.114,0.162,0.229
shadow-docket-stress,Shadow-Docket Stress,High emergency pressure and executive-defiance disputes.,1.000,emergency-pressure synthetic legislature,automatic-merits-follow-up,Automatic merits follow-up for emergency relief,5120,0.972,0.596,0.376,0.454,0.516,0.241,0.373,0.143,0.160,0.000,0.060,0.040,0.113,0.761,0.631,0.563,0.439,0.352,0.655,0.513,0.436,0.573,0.588,0.688,0.047,0.512,0.105,0.001,0.585,0.405,0.455,0.190,0.558,0.477,0.550,0.784,0.534,0.598,0.701,0.541,0.575,0.592,0.429,0.652,0.060,0.048,0.305,0.669,0.160,0.533,0.636,0.702,0.280,0.323,0.587,0.552,0.552,0.000,0.552,0.282,0.552,0.000,0.055,0.000,0.085,0.104,0.374,0.195,0.404,0.596,0.000,0.000,0.000,0.000,0.000,0.000,0.000,0.000,0.299,0.337,0.534,0.789,0.126,0.327,0.200,0.078,0.410,0.211,0.360,0.017,0.100,0.036,0.000,0.046,0.120,0.000,0.002,0.093,0.113,0.036,0.006,0.343,0.254,0.179,0.075,0.148,0.371,0.227,0.586,0.607,0.988,0.495,0.559,0.327,0.208,0.265,0.557,0.155,0.517,0.418,0.566,0.225,0.064,0.047,0.159,0.114,0.162,0.229
shadow-docket-stress,Shadow-Docket Stress,High emergency pressure and executive-defiance disputes.,1.000,emergency-pressure synthetic legislature,strong-recusal-enforcement,Independent recusal enforcement with substitutes,5120,0.976,0.596,0.380,0.445,0.516,0.237,0.373,0.143,0.160,0.001,0.051,0.042,0.113,0.761,0.631,0.563,0.439,0.358,0.655,0.513,0.436,0.573,0.588,0.688,0.047,0.512,0.105,0.001,0.585,0.405,0.455,0.186,0.549,0.530,0.568,0.784,0.538,0.618,0.675,0.590,0.695,0.619,0.429,0.635,0.035,0.158,0.334,0.614,0.101,0.532,0.615,0.680,0.267,0.207,0.441,0.567,0.438,0.000,0.567,0.156,0.282,0.000,0.124,0.000,0.091,0.109,0.425,0.207,0.404,0.596,0.000,0.000,0.000,0.000,0.000,0.000,0.000,0.000,0.296,0.262,0.650,0.717,0.113,0.331,0.200,0.077,0.426,0.212,0.267,0.020,0.098,0.043,0.000,0.039,0.116,0.000,0.002,0.098,0.107,0.030,0.005,0.343,0.254,0.179,0.075,0.148,0.371,0.156,0.398,0.420,0.741,0.220,0.368,0.261,0.154,0.166,0.654,0.186,0.509,0.419,0.517,0.225,0.064,0.047,0.159,0.114,0.162,0.229
shadow-docket-stress,Shadow-Docket Stress,High emergency pressure and executive-defiance disputes.,1.000,emergency-pressure synthetic legislature,jurisdiction-stripping-constraints,Jurisdiction stripping constrained by rights carveouts,5120,0.975,0.598,0.377,0.456,0.516,0.239,0.373,0.143,0.154,0.001,0.056,0.042,0.113,0.761,0.631,0.563,0.439,0.358,0.655,0.513,0.436,0.573,0.588,0.688,0.047,0.462,0.105,0.000,0.585,0.405,0.455,0.203,0.579,0.528,0.549,0.784,0.542,0.620,0.681,0.586,0.695,0.617,0.420,0.636,0.022,0.157,0.330,0.597,0.105,0.544,0.619,0.683,0.244,0.205,0.442,0.563,0.428,0.000,0.563,0.144,0.284,0.000,0.051,0.000,0.083,0.108,0.418,0.205,0.402,0.598,0.000,0.000,0.000,0.000,0.134,0.000,0.000,0.000,0.296,0.317,0.653,0.721,0.192,0.328,0.211,0.090,0.411,0.223,0.265,0.022,0.164,0.059,0.000,0.039,0.000,0.000,0.004,0.105,0.107,0.036,0.006,0.343,0.254,0.179,0.075,0.148,0.371,0.157,0.407,0.427,0.717,0.312,0.397,0.170,0.154,0.163,0.655,0.183,0.509,0.420,0.513,0.225,0.064,0.047,0.159,0.114,0.162,0.229
shadow-docket-stress,Shadow-Docket Stress,High emergency pressure and executive-defiance disputes.,1.000,emergency-pressure synthetic legislature,legislative-override-window,Time-limited legislative override window,5120,0.974,0.597,0.376,0.454,0.516,0.241,0.373,0.143,0.159,0.001,0.067,0.034,0.113,0.761,0.631,0.563,0.439,0.358,0.655,0.513,0.436,0.573,0.588,0.688,0.047,0.512,0.105,0.000,0.585,0.405,0.455,0.191,0.551,0.529,0.550,0.784,0.540,0.619,0.677,0.591,0.707,0.619,0.419,0.636,0.022,0.156,0.331,0.600,0.096,0.549,0.621,0.680,0.252,0.198,0.452,0.566,0.436,0.000,0.566,0.140,0.295,0.000,0.054,0.000,0.099,0.106,0.429,0.209,0.403,0.597,0.000,0.000,0.000,0.000,0.135,0.043,0.054,0.000,0.302,0.285,0.650,0.728,0.192,0.327,0.205,0.084,0.420,0.229,0.279,0.012,0.061,0.025,0.229,0.027,0.071,0.000,0.004,0.102,0.108,0.034,0.006,0.343,0.254,0.179,0.075,0.148,0.371,0.154,0.401,0.427,0.737,0.229,0.294,0.182,0.152,0.151,0.667,0.183,0.509,0.409,0.509,0.225,0.064,0.047,0.159,0.114,0.162,0.229
shadow-docket-stress,Shadow-Docket Stress,High emergency pressure and executive-defiance disputes.,1.000,emergency-pressure synthetic legislature,constitutional-remand,Constitutional remand before invalidation,5120,0.980,0.599,0.381,0.468,0.516,0.240,0.373,0.143,0.158,0.000,0.052,0.041,0.113,0.761,0.631,0.563,0.439,0.320,0.655,0.513,0.436,0.573,0.588,0.688,0.047,0.472,0.105,0.002,0.585,0.405,0.455,0.177,0.572,0.529,0.554,0.784,0.546,0.644,0.687,0.625,0.756,0.636,0.457,0.632,0.038,0.153,0.329,0.642,0.077,0.529,0.636,0.694,0.345,0.151,0.463,0.563,0.437,0.000,0.563,0.141,0.296,0.000,0.078,0.000,0.099,0.073,0.433,0.198,0.401,0.599,0.000,0.582,0.058,0.000,0.098,0.032,0.037,0.008,0.287,0.233,0.639,0.697,0.161,0.335,0.194,0.085,0.421,0.218,0.271,0.012,0.058,0.026,0.218,0.023,0.081,0.000,0.002,0.100,0.104,0.029,0.004,0.343,0.254,0.179,0.075,0.148,0.371,0.142,0.381,0.322,0.637,0.220,0.334,0.195,0.137,0.136,0.715,0.182,0.531,0.446,0.548,0.225,0.064,0.047,0.159,0.114,0.162,0.229
shadow-docket-stress,Shadow-Docket Stress,High emergency pressure and executive-defiance disputes.,1.000,emergency-pressure synthetic legislature,public-interest-litigation-filter,Public-interest litigation filter,5120,0.976,0.605,0.371,0.451,0.516,0.252,0.373,0.143,0.164,0.001,0.059,0.045,0.113,0.761,0.631,0.563,0.439,0.356,0.655,0.513,0.436,0.573,0.588,0.688,0.047,0.429,0.105,0.001,0.585,0.405,0.455,0.182,0.550,0.529,0.554,0.784,0.544,0.623,0.684,0.595,0.708,0.619,0.429,0.644,0.040,0.156,0.333,0.607,0.098,0.531,0.616,0.681,0.272,0.203,0.460,0.572,0.433,0.000,0.572,0.132,0.301,0.000,0.074,0.000,0.091,0.107,0.450,0.205,0.395,0.605,0.000,0.000,0.000,0.054,0.000,0.000,0.000,0.000,0.287,0.244,0.650,0.708,0.109,0.354,0.183,0.073,0.423,0.206,0.265,0.022,0.094,0.038,0.000,0.045,0.120,0.000,0.003,0.090,0.103,0.030,0.004,0.343,0.254,0.179,0.075,0.148,0.371,0.172,0.452,0.447,0.805,0.257,0.338,0.230,0.156,0.161,0.669,0.183,0.511,0.421,0.509,0.225,0.064,0.047,0.159,0.114,0.162,0.229
shadow-docket-stress,Shadow-Docket Stress,High emergency pressure and executive-defiance disputes.,1.000,emergency-pressure synthetic legislature,emergency-integrity-package,Emergency integrity package,5120,0.977,0.600,0.377,0.458,0.516,0.247,0.373,0.143,0.164,0.001,0.062,0.054,0.113,0.761,0.631,0.563,0.439,0.350,0.655,0.513,0.436,0.573,0.588,0.688,0.047,0.512,0.105,0.000,0.585,0.405,0.455,0.177,0.558,0.476,0.567,0.784,0.536,0.606,0.706,0.553,0.599,0.598,0.433,0.654,0.038,0.048,0.309,0.695,0.143,0.529,0.635,0.708,0.303,0.297,0.593,0.557,0.557,0.000,0.557,0.276,0.557,0.000,0.120,0.000,0.085,0.107,0.395,0.203,0.400,0.600,0.000,0.000,0.000,0.000,0.000,0.000,0.000,0.000,0.285,0.308,0.522,0.735,0.120,0.333,0.196,0.076,0.395,0.214,0.269,0.019,0.101,0.043,0.000,0.040,0.121,0.000,0.003,0.098,0.107,0.035,0.004,0.343,0.254,0.179,0.075,0.148,0.371,0.220,0.574,0.520,0.992,0.431,0.632,0.279,0.201,0.248,0.579,0.156,0.522,0.422,0.601,0.225,0.064,0.047,0.159,0.114,0.162,0.229
shadow-docket-stress,Shadow-Docket Stress,High emergency pressure and executive-defiance disputes.,1.000,emergency-pressure synthetic legislature,remand-override-window-package,Constitutional remand with override window,5120,0.976,0.607,0.369,0.452,0.516,0.255,0.373,0.143,0.165,0.001,0.074,0.048,0.113,0.761,0.631,0.563,0.439,0.322,0.655,0.513,0.436,0.573,0.588,0.688,0.047,0.472,0.105,0.001,0.585,0.405,0.455,0.182,0.571,0.504,0.554,0.784,0.542,0.647,0.688,0.634,0.782,0.641,0.454,0.627,0.040,0.117,0.346,0.642,0.065,0.533,0.633,0.691,0.382,0.131,0.444,0.575,0.427,0.000,0.575,0.242,0.185,0.000,0.075,0.000,0.113,0.071,0.438,0.201,0.393,0.607,0.000,0.591,0.056,0.000,0.082,0.023,0.032,0.000,0.288,0.217,0.668,0.692,0.146,0.347,0.196,0.076,0.429,0.212,0.274,0.013,0.068,0.024,0.212,0.022,0.083,0.000,0.003,0.102,0.094,0.033,0.004,0.343,0.254,0.179,0.075,0.148,0.371,0.127,0.316,0.313,0.673,0.220,0.293,0.148,0.124,0.142,0.741,0.207,0.526,0.444,0.544,0.225,0.064,0.047,0.159,0.114,0.162,0.229
shadow-docket-stress,Shadow-Docket Stress,High emergency pressure and executive-defiance disputes.,1.000,emergency-pressure synthetic legislature,panel-jurisdiction-safeguards,Random panels with jurisdiction safeguards,5120,0.971,0.605,0.366,0.462,0.516,0.252,0.373,0.143,0.153,0.000,0.065,0.041,0.113,0.761,0.631,0.563,0.439,0.359,0.655,0.513,0.436,0.573,0.588,0.688,0.047,0.432,0.105,0.002,0.585,0.405,0.455,0.192,0.577,0.516,0.692,0.784,0.536,0.625,0.669,0.598,0.732,0.615,0.420,0.628,0.065,0.147,0.347,0.638,0.091,0.547,0.614,0.679,0.298,0.177,0.401,0.573,0.404,0.000,0.573,0.263,0.140,0.170,0.499,0.000,0.127,0.073,0.385,0.175,0.724,0.276,0.000,0.000,0.000,0.000,0.112,0.000,0.000,0.000,0.295,0.281,0.695,0.718,0.171,0.335,0.202,0.083,0.437,0.222,0.276,0.021,0.159,0.054,0.000,0.042,0.000,0.000,0.003,0.095,0.115,0.033,0.006,0.343,0.254,0.179,0.075,0.148,0.371,0.137,0.338,0.387,0.673,0.239,0.309,0.220,0.137,0.166,0.690,0.211,0.506,0.423,0.545,0.225,0.064,0.047,0.159,0.114,0.162,0.229
shadow-docket-stress,Shadow-Docket Stress,High emergency pressure and executive-defiance disputes.,1.000,emergency-pressure synthetic legislature,council-concrete-hybrid,Constitutional council with concrete-review backstop,5120,0.974,0.592,0.382,0.450,0.516,0.232,0.373,0.143,0.155,0.001,0.053,0.034,0.113,0.761,0.631,0.563,0.439,0.354,0.655,0.513,0.436,0.573,0.588,0.688,0.047,0.502,0.105,0.000,0.585,0.405,0.455,0.185,0.597,0.528,0.635,0.784,0.538,0.634,0.681,0.610,0.728,0.623,0.451,0.637,0.032,0.151,0.324,0.674,0.087,0.540,0.636,0.697,0.348,0.176,0.455,0.556,0.427,0.000,0.556,0.129,0.297,0.000,0.384,0.000,0.129,0.107,0.441,0.204,0.741,0.259,0.000,0.562,0.000,0.000,0.116,0.034,0.050,0.008,0.295,0.257,0.648,0.716,0.177,0.339,0.189,0.085,0.416,0.209,0.279,0.012,0.056,0.031,0.209,0.024,0.077,0.000,0.003,0.097,0.104,0.029,0.004,0.343,0.254,0.179,0.075,0.148,0.371,0.149,0.397,0.260,0.781,0.220,0.265,0.164,0.145,0.137,0.689,0.179,0.520,0.441,0.582,0.225,0.064,0.047,0.159,0.114,0.162,0.229
high-democratic-mandate,High Democratic Mandate,"Popular, high-mandate laws create accountability pressure against invalidation.",1.000,high-mandate synthetic legislature,current-us-like,Stylized current U.S.-like supreme court,5120,0.963,0.517,0.446,0.409,0.580,0.217,0.420,0.160,0.105,0.001,0.068,0.032,0.103,0.663,0.522,0.482,0.358,0.210,0.556,0.439,0.424,0.556,0.494,0.655,0.038,0.479,0.135,0.008,0.494,0.366,0.299,0.071,0.654,0.463,0.421,0.725,0.614,0.713,0.719,0.688,0.773,0.693,0.567,0.640,0.025,0.199,0.218,0.495,0.020,0.371,0.584,0.732,0.139,0.097,0.302,0.326,0.032,0.032,0.000,0.032,0.000,0.000,0.014,0.000,0.029,0.323,0.597,0.254,0.483,0.517,0.000,0.000,0.000,0.000,0.000,0.000,0.000,0.000,0.213,0.123,0.484,0.563,0.080,0.343,0.109,0.033,0.237,0.150,0.245,0.018,0.069,0.016,0.000,0.008,0.097,0.000,0.005,0.054,0.056,0.005,0.000,0.359,0.238,0.189,0.074,0.141,0.313,0.117,0.301,0.310,0.896,0.135,0.182,0.059,0.084,0.072,0.726,0.097,0.596,0.567,0.424,0.313,0.081,0.057,0.045,0.091,0.171,0.243
high-democratic-mandate,High Democratic Mandate,"Popular, high-mandate laws create accountability pressure against invalidation.",1.000,high-mandate synthetic legislature,term-limited-balanced,18-year staggered terms + regular appointments,5120,0.966,0.522,0.444,0.409,0.580,0.233,0.420,0.160,0.098,0.001,0.053,0.037,0.103,0.663,0.522,0.482,0.358,0.203,0.556,0.439,0.424,0.556,0.494,0.655,0.038,0.439,0.135,0.007,0.494,0.366,0.299,0.060,0.661,0.321,0.425,0.725,0.628,0.725,0.768,0.696,0.790,0.691,0.577,0.644,0.028,0.061,0.163,0.596,0.025,0.355,0.593,0.767,0.174,0.129,0.430,0.310,0.232,0.000,0.310,0.030,0.202,0.000,0.039,0.000,0.074,0.109,0.602,0.206,0.478,0.522,0.000,0.000,0.000,0.000,0.000,0.000,0.000,0.000,0.191,0.139,0.348,0.562,0.086,0.338,0.117,0.036,0.218,0.151,0.251,0.016,0.076,0.018,0.000,0.004,0.098,0.000,0.005,0.060,0.056,0.007,0.000,0.359,0.238,0.189,0.074,0.141,0.313,0.118,0.376,0.242,0.644,0.054,0.045,0.069,0.105,0.093,0.769,0.054,0.613,0.575,0.533,0.313,0.081,0.057,0.045,0.091,0.171,0.243
high-democratic-mandate,High Democratic Mandate,"Popular, high-mandate laws create accountability pressure against invalidation.",1.000,high-mandate synthetic legislature,nonpartisan-commission,Nonpartisan commission appointments,5120,0.962,0.525,0.437,0.416,0.580,0.224,0.420,0.160,0.098,0.000,0.058,0.030,0.103,0.663,0.522,0.482,0.358,0.204,0.556,0.439,0.424,0.556,0.494,0.655,0.038,0.440,0.135,0.010,0.494,0.366,0.299,0.068,0.661,0.322,0.427,0.725,0.624,0.723,0.768,0.693,0.785,0.690,0.574,0.648,0.019,0.064,0.167,0.598,0.026,0.358,0.594,0.767,0.197,0.134,0.428,0.319,0.237,0.000,0.319,0.032,0.205,0.000,0.047,0.000,0.071,0.110,0.601,0.208,0.475,0.525,0.000,0.000,0.000,0.000,0.000,0.000,0.000,0.000,0.184,0.144,0.360,0.517,0.083,0.356,0.114,0.035,0.225,0.146,0.172,0.019,0.077,0.016,0.000,0.005,0.088,0.000,0.004,0.060,0.053,0.005,0.000,0.359,0.238,0.189,0.074,0.141,0.313,0.126,0.374,0.302,0.740,0.162,0.091,0.102,0.107,0.098,0.764,0.057,0.610,0.575,0.543,0.313,0.081,0.057,0.045,0.091,0.171,0.243
high-democratic-mandate,High Democratic Mandate,"Popular, high-mandate laws create accountability pressure against invalidation.",1.000,high-mandate synthetic legislature,expanded-court-fifteen,Expanded 15-seat court,5120,0.962,0.519,0.443,0.415,0.580,0.222,0.420,0.160,0.099,0.001,0.056,0.039,0.103,0.663,0.522,0.482,0.358,0.204,0.556,0.439,0.424,0.556,0.494,0.655,0.038,0.439,0.135,0.009,0.494,0.366,0.299,0.062,0.661,0.322,0.429,0.725,0.621,0.723,0.768,0.694,0.784,0.690,0.575,0.644,0.017,0.062,0.164,0.600,0.025,0.356,0.591,0.768,0.208,0.132,0.426,0.307,0.229,0.000,0.307,0.033,0.196,0.000,0.037,0.000,0.070,0.426,0.640,0.289,0.481,0.519,0.000,0.000,0.000,0.000,0.000,0.000,0.000,0.000,0.191,0.138,0.354,0.565,0.088,0.352,0.108,0.038,0.220,0.152,0.251,0.021,0.070,0.018,0.000,0.005,0.102,0.000,0.005,0.051,0.051,0.005,0.000,0.359,0.238,0.189,0.074,0.141,0.313,0.120,0.366,0.250,0.692,0.108,0.091,0.069,0.105,0.096,0.755,0.056,0.612,0.575,0.538,0.313,0.081,0.057,0.045,0.091,0.171,0.243
high-democratic-mandate,High Democratic Mandate,"Popular, high-mandate laws create accountability pressure against invalidation.",1.000,high-mandate synthetic legislature,supermajority-review,60 percent invalidation threshold,5120,0.962,0.517,0.444,0.410,0.580,0.221,0.420,0.160,0.102,0.001,0.059,0.046,0.103,0.663,0.522,0.482,0.358,0.205,0.556,0.439,0.424,0.556,0.494,0.655,0.038,0.439,0.135,0.008,0.494,0.366,0.299,0.062,0.659,0.306,0.425,0.725,0.627,0.725,0.767,0.699,0.800,0.689,0.576,0.634,0.026,0.055,0.166,0.583,0.019,0.355,0.587,0.764,0.169,0.106,0.398,0.308,0.168,0.000,0.308,0.054,0.115,0.140,0.036,0.000,0.031,0.113,0.600,0.203,0.483,0.517,0.000,0.000,0.000,0.000,0.000,0.000,0.000,0.000,0.192,0.121,0.383,0.559,0.084,0.346,0.110,0.037,0.231,0.152,0.255,0.018,0.066,0.020,0.000,0.006,0.099,0.000,0.004,0.054,0.052,0.005,0.000,0.359,0.238,0.189,0.074,0.141,0.313,0.099,0.297,0.207,0.596,0.081,0.182,0.059,0.092,0.082,0.778,0.062,0.611,0.575,0.519,0.313,0.081,0.057,0.045,0.091,0.171,0.243
high-democratic-mandate,High Democratic Mandate,"Popular, high-mandate laws create accountability pressure against invalidation.",1.000,high-mandate synthetic legislature,recusal-and-emergency-reform,Peer recusal + reasoned emergency docket,5120,0.963,0.516,0.447,0.412,0.580,0.218,0.420,0.160,0.100,0.001,0.052,0.033,0.103,0.663,0.522,0.482,0.358,0.204,0.556,0.439,0.424,0.556,0.494,0.655,0.038,0.439,0.135,0.009,0.494,0.366,0.299,0.063,0.661,0.322,0.429,0.725,0.623,0.724,0.767,0.697,0.790,0.692,0.577,0.640,0.028,0.063,0.164,0.594,0.026,0.353,0.590,0.766,0.201,0.125,0.420,0.311,0.228,0.000,0.311,0.030,0.198,0.000,0.060,0.000,0.070,0.113,0.612,0.206,0.484,0.516,0.000,0.000,0.000,0.000,0.000,0.000,0.000,0.000,0.190,0.130,0.362,0.553,0.084,0.347,0.103,0.036,0.225,0.150,0.241,0.019,0.062,0.016,0.000,0.004,0.102,0.000,0.007,0.055,0.052,0.004,0.000,0.359,0.238,0.189,0.074,0.141,0.313,0.113,0.336,0.226,0.692,0.081,0.182,0.076,0.103,0.091,0.768,0.056,0.613,0.576,0.532,0.313,0.081,0.057,0.045,0.091,0.171,0.243
high-democratic-mandate,High Democratic Mandate,"Popular, high-mandate laws create accountability pressure against invalidation.",1.000,high-mandate synthetic legislature,panel-en-banc,Three-judge panels with en banc correction,5120,0.964,0.536,0.427,0.417,0.580,0.244,0.420,0.160,0.099,0.001,0.059,0.033,0.103,0.663,0.522,0.482,0.358,0.203,0.556,0.439,0.424,0.556,0.494,0.655,0.038,0.410,0.135,0.009,0.494,0.366,0.299,0.063,0.662,0.323,0.519,0.725,0.623,0.725,0.767,0.697,0.794,0.692,0.575,0.642,0.032,0.063,0.163,0.648,0.026,0.359,0.596,0.772,0.213,0.126,0.438,0.313,0.234,0.000,0.313,0.031,0.203,0.000,0.483,0.000,0.264,0.072,0.538,0.173,0.804,0.196,0.000,0.000,0.000,0.000,0.000,0.000,0.000,0.000,0.182,0.129,0.361,0.512,0.084,0.352,0.116,0.035,0.237,0.158,0.178,0.016,0.080,0.018,0.000,0.003,0.081,0.000,0.005,0.059,0.055,0.006,0.000,0.359,0.238,0.189,0.074,0.141,0.313,0.113,0.352,0.286,0.588,0.162,0.182,0.089,0.105,0.091,0.777,0.056,0.612,0.577,0.592,0.313,0.081,0.057,0.045,0.091,0.171,0.243
high-democratic-mandate,High Democratic Mandate,"Popular, high-mandate laws create accountability pressure against invalidation.",1.000,high-mandate synthetic legislature,cross-checking-courts,Supreme court with cross-checking constitutional court,5120,0.962,0.525,0.437,0.420,0.580,0.231,0.420,0.160,0.100,0.001,0.051,0.048,0.103,0.663,0.522,0.482,0.358,0.184,0.556,0.439,0.424,0.556,0.494,0.655,0.038,0.440,0.135,0.010,0.494,0.366,0.299,0.065,0.680,0.306,0.435,0.725,0.606,0.726,0.769,0.693,0.797,0.692,0.560,0.624,0.011,0.056,0.173,0.602,0.015,0.378,0.585,0.768,0.276,0.081,0.408,0.322,0.176,0.000,0.322,0.054,0.122,0.146,0.099,0.000,0.087,0.111,0.607,0.206,0.475,0.525,0.140,0.000,0.000,0.000,0.000,0.000,0.000,0.000,0.182,0.104,0.385,0.522,0.077,0.355,0.110,0.032,0.233,0.155,0.183,0.020,0.073,0.015,0.000,0.006,0.091,0.000,0.005,0.055,0.053,0.006,0.000,0.359,0.238,0.189,0.074,0.141,0.313,0.072,0.230,0.190,0.348,0.027,0.045,0.109,0.092,0.065,0.774,0.064,0.616,0.562,0.546,0.313,0.081,0.057,0.045,0.091,0.171,0.243
high-democratic-mandate,High Democratic Mandate,"Popular, high-mandate laws create accountability pressure against invalidation.",1.000,high-mandate synthetic legislature,dual-supreme-courts,Dual supreme courts with disagreement filter,5120,0.964,0.524,0.440,0.412,0.580,0.227,0.420,0.160,0.101,0.000,0.055,0.032,0.103,0.663,0.522,0.482,0.358,0.206,0.556,0.439,0.424,0.556,0.494,0.655,0.038,0.440,0.135,0.010,0.494,0.366,0.299,0.073,0.660,0.306,0.439,0.725,0.598,0.713,0.768,0.675,0.760,0.680,0.553,0.644,0.009,0.056,0.174,0.605,0.027,0.385,0.593,0.765,0.310,0.131,0.403,0.322,0.177,0.000,0.322,0.056,0.121,0.145,0.098,0.000,0.093,0.112,0.614,0.210,0.476,0.524,0.136,0.000,0.000,0.000,0.000,0.000,0.000,0.000,0.189,0.148,0.380,0.543,0.087,0.354,0.114,0.036,0.228,0.157,0.187,0.019,0.073,0.016,0.000,0.007,0.097,0.000,0.004,0.058,0.053,0.006,0.000,0.359,0.238,0.189,0.074,0.141,0.313,0.121,0.361,0.250,0.716,0.081,0.227,0.099,0.108,0.100,0.739,0.064,0.605,0.554,0.548,0.313,0.081,0.057,0.045,0.091,0.171,0.243
high-democratic-mandate,High Democratic Mandate,"Popular, high-mandate laws create accountability pressure against invalidation.",1.000,high-mandate synthetic legislature,comparative-constitutional-senates,Comparative 16-seat constitutional senates,5120,0.958,0.516,0.442,0.415,0.580,0.219,0.420,0.160,0.095,0.000,0.053,0.039,0.103,0.663,0.522,0.482,0.358,0.204,0.556,0.439,0.424,0.556,0.494,0.655,0.038,0.469,0.135,0.007,0.494,0.366,0.299,0.057,0.660,0.306,0.559,0.725,0.616,0.727,0.759,0.703,0.806,0.692,0.578,0.631,0.014,0.055,0.171,0.636,0.017,0.352,0.586,0.770,0.238,0.092,0.403,0.318,0.173,0.000,0.318,0.055,0.118,0.146,0.491,0.000,0.111,0.109,0.590,0.194,0.830,0.170,0.000,0.000,0.000,0.000,0.000,0.000,0.000,0.000,0.183,0.109,0.383,0.500,0.083,0.343,0.113,0.034,0.228,0.161,0.169,0.019,0.077,0.014,0.000,0.003,0.081,0.000,0.004,0.055,0.054,0.005,0.000,0.359,0.238,0.189,0.074,0.141,0.313,0.088,0.273,0.179,0.508,0.000,0.045,0.040,0.087,0.073,0.784,0.063,0.614,0.580,0.582,0.313,0.081,0.057,0.045,0.091,0.171,0.243
high-democratic-mandate,High Democratic Mandate,"Popular, high-mandate laws create accountability pressure against invalidation.",1.000,high-mandate synthetic legislature,constitutional-council,Pre-enactment constitutional council,5120,0.965,0.525,0.440,0.418,0.580,0.228,0.420,0.160,0.099,0.000,0.052,0.039,0.103,0.663,0.522,0.482,0.358,0.202,0.556,0.439,0.424,0.556,0.494,0.655,0.038,0.430,0.135,0.008,0.494,0.366,0.299,0.065,0.701,0.323,0.472,0.725,0.619,0.731,0.772,0.701,0.796,0.692,0.587,0.643,0.023,0.062,0.163,0.653,0.023,0.366,0.607,0.779,0.263,0.119,0.432,0.311,0.228,0.000,0.311,0.026,0.202,0.000,0.323,0.000,0.103,0.073,0.575,0.193,0.812,0.188,0.000,0.311,0.000,0.000,0.065,0.017,0.031,0.001,0.188,0.153,0.363,0.525,0.134,0.347,0.125,0.044,0.231,0.159,0.182,0.017,0.052,0.013,0.159,0.003,0.059,0.000,0.004,0.062,0.060,0.005,0.000,0.359,0.238,0.189,0.074,0.141,0.313,0.113,0.352,0.223,0.608,0.162,0.136,0.079,0.102,0.083,0.776,0.055,0.617,0.588,0.601,0.313,0.081,0.057,0.045,0.091,0.171,0.243
high-democratic-mandate,High Democratic Mandate,"Popular, high-mandate laws create accountability pressure against invalidation.",1.000,high-mandate synthetic legislature,legislative-override,Judicial review with legislative supermajority override,5120,0.964,0.523,0.441,0.416,0.580,0.223,0.420,0.160,0.097,0.001,0.059,0.030,0.103,0.663,0.522,0.482,0.358,0.204,0.556,0.439,0.424,0.556,0.494,0.655,0.038,0.440,0.135,0.007,0.494,0.366,0.299,0.065,0.662,0.322,0.425,0.725,0.622,0.723,0.769,0.693,0.786,0.690,0.570,0.645,0.010,0.062,0.164,0.599,0.026,0.366,0.595,0.769,0.203,0.128,0.432,0.313,0.235,0.000,0.313,0.031,0.204,0.000,0.038,0.000,0.068,0.111,0.608,0.207,0.477,0.523,0.000,0.000,0.000,0.000,0.068,0.013,0.030,0.000,0.187,0.164,0.352,0.522,0.142,0.339,0.123,0.042,0.220,0.159,0.172,0.013,0.057,0.012,0.159,0.003,0.059,0.000,0.005,0.058,0.062,0.006,0.000,0.359,0.238,0.189,0.074,0.141,0.313,0.119,0.359,0.274,0.684,0.054,0.227,0.109,0.105,0.091,0.765,0.056,0.612,0.571,0.549,0.313,0.081,0.057,0.045,0.091,0.171,0.243
high-democratic-mandate,High Democratic Mandate,"Popular, high-mandate laws create accountability pressure against invalidation.",1.000,high-mandate synthetic legislature,accountability-retention-court,Retention-election accountability court,5120,0.958,0.523,0.434,0.417,0.580,0.222,0.420,0.160,0.096,0.000,0.053,0.029,0.103,0.663,0.522,0.482,0.358,0.203,0.556,0.439,0.424,0.556,0.494,0.655,0.038,0.440,0.135,0.011,0.494,0.366,0.299,0.057,0.662,0.323,0.425,0.725,0.624,0.724,0.769,0.700,0.797,0.696,0.575,0.636,0.021,0.064,0.166,0.596,0.022,0.362,0.597,0.768,0.196,0.115,0.427,0.319,0.235,0.000,0.319,0.032,0.203,0.000,0.040,0.000,0.097,0.319,0.633,0.262,0.477,0.523,0.000,0.000,0.000,0.000,0.058,0.028,0.000,0.001,0.183,0.130,0.362,0.519,0.097,0.358,0.110,0.036,0.234,0.157,0.182,0.014,0.051,0.013,0.157,0.002,0.061,0.000,0.006,0.056,0.051,0.006,0.000,0.359,0.238,0.189,0.074,0.141,0.313,0.108,0.327,0.167,0.636,0.081,0.182,0.129,0.101,0.080,0.770,0.056,0.614,0.578,0.542,0.313,0.081,0.057,0.045,0.091,0.171,0.243
high-democratic-mandate,High Democratic Mandate,"Popular, high-mandate laws create accountability pressure against invalidation.",1.000,high-mandate synthetic legislature,emergency-restraint-court,No emergency relief without merits review,5120,0.963,0.523,0.440,0.421,0.580,0.227,0.420,0.160,0.093,0.001,0.053,0.034,0.103,0.663,0.522,0.482,0.358,0.202,0.556,0.439,0.424,0.556,0.494,0.655,0.038,0.440,0.135,0.009,0.494,0.366,0.299,0.069,0.664,0.257,0.432,0.725,0.629,0.728,0.784,0.696,0.792,0.690,0.576,0.647,0.020,0.007,0.154,0.636,0.026,0.353,0.595,0.779,0.211,0.136,0.479,0.304,0.304,0.000,0.304,0.000,0.304,0.000,0.082,0.000,0.068,0.108,0.593,0.204,0.477,0.523,0.000,0.000,0.000,0.000,0.000,0.000,0.000,0.000,0.176,0.135,0.317,0.517,0.084,0.353,0.106,0.033,0.216,0.152,0.180,0.020,0.070,0.018,0.000,0.003,0.089,0.000,0.006,0.054,0.050,0.005,0.000,0.359,0.238,0.189,0.074,0.141,0.313,0.126,0.368,0.250,0.832,0.054,0.136,0.059,0.113,0.093,0.779,0.046,0.618,0.578,0.582,0.313,0.081,0.057,0.045,0.091,0.171,0.243
high-democratic-mandate,High Democratic Mandate,"Popular, high-mandate laws create accountability pressure against invalidation.",1.000,high-mandate synthetic legislature,randomized-merits-panels,Randomized merits panels with en banc correction,5120,0.958,0.523,0.435,0.420,0.580,0.223,0.420,0.160,0.098,0.001,0.054,0.035,0.103,0.663,0.522,0.482,0.358,0.204,0.556,0.439,0.424,0.556,0.494,0.655,0.038,0.410,0.135,0.010,0.494,0.366,0.299,0.068,0.661,0.322,0.545,0.725,0.621,0.726,0.764,0.698,0.793,0.693,0.575,0.642,0.029,0.063,0.163,0.643,0.024,0.355,0.592,0.771,0.216,0.123,0.427,0.310,0.225,0.000,0.310,0.034,0.191,0.000,0.530,0.000,0.110,0.073,0.540,0.170,0.824,0.176,0.000,0.000,0.000,0.000,0.000,0.000,0.000,0.000,0.180,0.133,0.353,0.506,0.082,0.344,0.117,0.037,0.221,0.146,0.171,0.021,0.078,0.018,0.000,0.004,0.088,0.000,0.004,0.056,0.054,0.005,0.000,0.359,0.238,0.189,0.074,0.141,0.313,0.112,0.351,0.214,0.616,0.135,0.136,0.069,0.102,0.090,0.776,0.056,0.612,0.575,0.588,0.313,0.081,0.057,0.045,0.091,0.171,0.243
high-democratic-mandate,High Democratic Mandate,"Popular, high-mandate laws create accountability pressure against invalidation.",1.000,high-mandate synthetic legislature,mandatory-written-emergency-reasoning,Mandatory written emergency reasoning,5120,0.966,0.512,0.454,0.405,0.580,0.221,0.420,0.160,0.101,0.000,0.057,0.033,0.103,0.663,0.522,0.482,0.358,0.204,0.556,0.439,0.424,0.556,0.494,0.655,0.038,0.439,0.135,0.008,0.494,0.366,0.299,0.063,0.661,0.294,0.425,0.725,0.623,0.725,0.771,0.696,0.789,0.692,0.576,0.641,0.027,0.037,0.166,0.596,0.021,0.354,0.588,0.767,0.208,0.121,0.422,0.311,0.210,0.000,0.311,0.051,0.159,0.000,0.038,0.000,0.079,0.111,0.611,0.204,0.488,0.512,0.000,0.000,0.000,0.000,0.000,0.000,0.000,0.000,0.191,0.138,0.377,0.560,0.086,0.334,0.113,0.035,0.230,0.155,0.243,0.018,0.073,0.015,0.000,0.005,0.088,0.000,0.005,0.056,0.057,0.006,0.000,0.359,0.238,0.189,0.074,0.141,0.313,0.112,0.334,0.250,0.684,0.108,0.061,0.089,0.099,0.092,0.769,0.060,0.613,0.575,0.534,0.313,0.081,0.057,0.045,0.091,0.171,0.243
high-democratic-mandate,High Democratic Mandate,"Popular, high-mandate laws create accountability pressure against invalidation.",1.000,high-mandate synthetic legislature,automatic-merits-follow-up,Automatic merits follow-up for emergency relief,5120,0.964,0.517,0.446,0.409,0.580,0.219,0.420,0.160,0.103,0.000,0.056,0.043,0.103,0.663,0.522,0.482,0.358,0.201,0.556,0.439,0.424,0.556,0.494,0.655,0.038,0.439,0.135,0.006,0.494,0.366,0.299,0.053,0.664,0.276,0.425,0.725,0.626,0.727,0.781,0.696,0.787,0.689,0.580,0.647,0.024,0.013,0.158,0.624,0.029,0.352,0.593,0.777,0.226,0.139,0.474,0.313,0.313,0.000,0.313,0.057,0.313,0.000,0.035,0.000,0.074,0.110,0.608,0.206,0.483,0.517,0.000,0.000,0.000,0.000,0.000,0.000,0.000,0.000,0.184,0.138,0.316,0.566,0.084,0.350,0.108,0.027,0.210,0.158,0.249,0.021,0.074,0.013,0.000,0.005,0.091,0.000,0.005,0.053,0.046,0.006,0.000,0.359,0.238,0.189,0.074,0.141,0.313,0.129,0.369,0.302,0.848,0.081,0.182,0.069,0.114,0.105,0.772,0.055,0.620,0.581,0.564,0.313,0.081,0.057,0.045,0.091,0.171,0.243
high-democratic-mandate,High Democratic Mandate,"Popular, high-mandate laws create accountability pressure against invalidation.",1.000,high-mandate synthetic legislature,strong-recusal-enforcement,Independent recusal enforcement with substitutes,5120,0.963,0.526,0.437,0.419,0.580,0.236,0.420,0.160,0.097,0.001,0.053,0.032,0.103,0.663,0.522,0.482,0.358,0.203,0.556,0.439,0.424,0.556,0.494,0.655,0.038,0.440,0.135,0.008,0.494,0.366,0.299,0.062,0.661,0.322,0.436,0.725,0.622,0.724,0.769,0.696,0.790,0.691,0.576,0.645,0.018,0.063,0.163,0.609,0.026,0.357,0.593,0.770,0.217,0.129,0.431,0.310,0.230,0.000,0.310,0.031,0.199,0.000,0.082,0.000,0.075,0.108,0.624,0.211,0.474,0.526,0.000,0.000,0.000,0.000,0.000,0.000,0.000,0.000,0.182,0.132,0.351,0.511,0.084,0.355,0.112,0.035,0.221,0.154,0.175,0.019,0.075,0.017,0.000,0.003,0.089,0.000,0.006,0.055,0.055,0.003,0.000,0.359,0.238,0.189,0.074,0.141,0.313,0.121,0.366,0.306,0.688,0.081,0.227,0.079,0.105,0.093,0.768,0.056,0.612,0.577,0.555,0.313,0.081,0.057,0.045,0.091,0.171,0.243
high-democratic-mandate,High Democratic Mandate,"Popular, high-mandate laws create accountability pressure against invalidation.",1.000,high-mandate synthetic legislature,jurisdiction-stripping-constraints,Jurisdiction stripping constrained by rights carveouts,5120,0.965,0.524,0.441,0.420,0.580,0.226,0.420,0.160,0.090,0.000,0.047,0.034,0.103,0.663,0.522,0.482,0.358,0.203,0.556,0.439,0.424,0.556,0.494,0.655,0.038,0.390,0.135,0.008,0.494,0.366,0.299,0.068,0.691,0.322,0.425,0.725,0.626,0.727,0.774,0.692,0.783,0.690,0.572,0.646,0.010,0.063,0.165,0.601,0.025,0.363,0.596,0.773,0.196,0.129,0.433,0.317,0.232,0.000,0.317,0.029,0.204,0.000,0.037,0.000,0.075,0.114,0.608,0.207,0.476,0.524,0.000,0.000,0.000,0.000,0.079,0.000,0.000,0.000,0.181,0.171,0.359,0.522,0.134,0.343,0.121,0.038,0.223,0.155,0.179,0.023,0.108,0.023,0.000,0.006,0.000,0.000,0.004,0.065,0.056,0.006,0.000,0.359,0.238,0.189,0.074,0.141,0.313,0.120,0.361,0.274,0.692,0.108,0.182,0.119,0.105,0.094,0.762,0.055,0.615,0.583,0.555,0.313,0.081,0.057,0.045,0.091,0.171,0.243
high-democratic-mandate,High Democratic Mandate,"Popular, high-mandate laws create accountability pressure against invalidation.",1.000,high-mandate synthetic legislature,legislative-override-window,Time-limited legislative override window,5120,0.963,0.519,0.444,0.411,0.580,0.221,0.420,0.160,0.099,0.002,0.059,0.030,0.103,0.663,0.522,0.482,0.358,0.204,0.556,0.439,0.424,0.556,0.494,0.655,0.038,0.439,0.135,0.008,0.494,0.366,0.299,0.066,0.661,0.322,0.425,0.725,0.622,0.722,0.769,0.693,0.788,0.690,0.570,0.640,0.010,0.063,0.165,0.595,0.024,0.366,0.595,0.768,0.202,0.127,0.422,0.314,0.236,0.000,0.314,0.029,0.207,0.000,0.038,0.000,0.072,0.115,0.611,0.208,0.481,0.519,0.000,0.000,0.000,0.000,0.074,0.017,0.031,0.000,0.188,0.161,0.361,0.520,0.142,0.333,0.122,0.042,0.225,0.164,0.171,0.012,0.054,0.013,0.164,0.005,0.055,0.000,0.006,0.065,0.058,0.006,0.000,0.359,0.238,0.189,0.074,0.141,0.313,0.115,0.346,0.254,0.676,0.108,0.091,0.083,0.104,0.089,0.767,0.055,0.611,0.571,0.545,0.313,0.081,0.057,0.045,0.091,0.171,0.243
high-democratic-mandate,High Democratic Mandate,"Popular, high-mandate laws create accountability pressure against invalidation.",1.000,high-mandate synthetic legislature,constitutional-remand,Constitutional remand before invalidation,5120,0.960,0.531,0.429,0.427,0.580,0.228,0.420,0.160,0.099,0.001,0.052,0.027,0.103,0.663,0.522,0.482,0.358,0.171,0.556,0.439,0.424,0.556,0.494,0.655,0.038,0.400,0.135,0.008,0.494,0.366,0.299,0.067,0.674,0.322,0.428,0.725,0.621,0.737,0.776,0.713,0.812,0.704,0.592,0.638,0.020,0.064,0.166,0.623,0.016,0.354,0.607,0.777,0.275,0.087,0.435,0.318,0.236,0.000,0.318,0.029,0.207,0.000,0.052,0.000,0.090,0.075,0.619,0.204,0.469,0.531,0.000,0.344,0.038,0.000,0.050,0.013,0.025,0.001,0.178,0.116,0.359,0.499,0.114,0.349,0.115,0.036,0.229,0.162,0.178,0.015,0.050,0.012,0.162,0.002,0.054,0.000,0.004,0.059,0.054,0.006,0.000,0.359,0.238,0.189,0.074,0.141,0.313,0.101,0.314,0.230,0.571,0.057,0.116,0.030,0.093,0.073,0.790,0.056,0.624,0.596,0.571,0.313,0.081,0.057,0.045,0.091,0.171,0.243
high-democratic-mandate,High Democratic Mandate,"Popular, high-mandate laws create accountability pressure against invalidation.",1.000,high-mandate synthetic legislature,public-interest-litigation-filter,Public-interest litigation filter,5120,0.960,0.529,0.431,0.422,0.580,0.228,0.420,0.160,0.098,0.001,0.053,0.037,0.103,0.663,0.522,0.482,0.358,0.204,0.556,0.439,0.424,0.556,0.494,0.655,0.038,0.354,0.135,0.010,0.494,0.366,0.299,0.064,0.661,0.323,0.427,0.725,0.623,0.724,0.776,0.694,0.787,0.690,0.575,0.648,0.020,0.062,0.164,0.603,0.025,0.357,0.595,0.769,0.219,0.134,0.433,0.311,0.229,0.000,0.311,0.032,0.197,0.000,0.051,0.000,0.073,0.113,0.605,0.206,0.471,0.529,0.000,0.000,0.000,0.096,0.000,0.000,0.000,0.000,0.179,0.139,0.364,0.514,0.085,0.353,0.114,0.037,0.232,0.153,0.175,0.018,0.074,0.018,0.000,0.004,0.082,0.000,0.005,0.057,0.053,0.007,0.000,0.359,0.238,0.189,0.074,0.141,0.313,0.128,0.398,0.250,0.684,0.216,0.182,0.089,0.107,0.097,0.766,0.056,0.612,0.577,0.549,0.313,0.081,0.057,0.045,0.091,0.171,0.243
high-democratic-mandate,High Democratic Mandate,"Popular, high-mandate laws create accountability pressure against invalidation.",1.000,high-mandate synthetic legislature,emergency-integrity-package,Emergency integrity package,5120,0.964,0.522,0.442,0.422,0.580,0.217,0.420,0.160,0.102,0.001,0.060,0.041,0.103,0.663,0.522,0.482,0.358,0.201,0.556,0.439,0.424,0.556,0.494,0.655,0.038,0.439,0.135,0.008,0.494,0.366,0.299,0.060,0.664,0.278,0.435,0.725,0.623,0.729,0.782,0.699,0.795,0.691,0.578,0.645,0.018,0.013,0.154,0.636,0.024,0.352,0.594,0.779,0.247,0.129,0.473,0.306,0.306,0.000,0.306,0.057,0.306,0.000,0.082,0.000,0.072,0.112,0.621,0.210,0.478,0.522,0.000,0.000,0.000,0.000,0.000,0.000,0.000,0.000,0.177,0.129,0.325,0.512,0.084,0.354,0.107,0.030,0.223,0.159,0.176,0.017,0.076,0.013,0.000,0.002,0.083,0.000,0.004,0.053,0.057,0.004,0.000,0.359,0.238,0.189,0.074,0.141,0.313,0.119,0.338,0.226,0.808,0.108,0.136,0.089,0.111,0.098,0.780,0.054,0.620,0.581,0.584,0.313,0.081,0.057,0.045,0.091,0.171,0.243
high-democratic-mandate,High Democratic Mandate,"Popular, high-mandate laws create accountability pressure against invalidation.",1.000,high-mandate synthetic legislature,remand-override-window-package,Constitutional remand with override window,5120,0.964,0.531,0.433,0.420,0.580,0.228,0.420,0.160,0.093,0.001,0.050,0.038,0.103,0.663,0.522,0.482,0.358,0.170,0.556,0.439,0.424,0.556,0.494,0.655,0.038,0.400,0.135,0.011,0.494,0.366,0.299,0.058,0.674,0.294,0.427,0.725,0.619,0.738,0.781,0.715,0.818,0.705,0.593,0.636,0.019,0.038,0.172,0.627,0.018,0.354,0.607,0.779,0.304,0.084,0.433,0.324,0.217,0.000,0.324,0.049,0.169,0.000,0.051,0.000,0.102,0.072,0.625,0.203,0.469,0.531,0.000,0.343,0.036,0.000,0.047,0.011,0.021,0.000,0.174,0.113,0.372,0.490,0.110,0.357,0.116,0.040,0.230,0.156,0.164,0.016,0.047,0.015,0.156,0.003,0.056,0.000,0.006,0.056,0.057,0.007,0.000,0.359,0.238,0.189,0.074,0.141,0.313,0.097,0.292,0.201,0.579,0.057,0.152,0.067,0.089,0.074,0.797,0.061,0.625,0.598,0.575,0.313,0.081,0.057,0.045,0.091,0.171,0.243
high-democratic-mandate,High Democratic Mandate,"Popular, high-mandate laws create accountability pressure against invalidation.",1.000,high-mandate synthetic legislature,panel-jurisdiction-safeguards,Random panels with jurisdiction safeguards,5120,0.962,0.525,0.437,0.417,0.580,0.230,0.420,0.160,0.094,0.000,0.046,0.041,0.103,0.663,0.522,0.482,0.358,0.204,0.556,0.439,0.424,0.556,0.494,0.655,0.038,0.360,0.135,0.009,0.494,0.366,0.299,0.067,0.690,0.306,0.566,0.725,0.620,0.729,0.768,0.696,0.799,0.686,0.573,0.638,0.029,0.056,0.169,0.641,0.020,0.362,0.594,0.774,0.241,0.116,0.404,0.316,0.168,0.000,0.316,0.054,0.114,0.147,0.541,0.000,0.100,0.074,0.559,0.172,0.805,0.195,0.000,0.000,0.000,0.000,0.066,0.000,0.000,0.000,0.178,0.148,0.378,0.516,0.123,0.353,0.113,0.036,0.225,0.161,0.181,0.024,0.104,0.021,0.000,0.006,0.000,0.000,0.005,0.055,0.058,0.004,0.000,0.359,0.238,0.189,0.074,0.141,0.313,0.106,0.311,0.298,0.600,0.081,0.227,0.139,0.095,0.089,0.780,0.063,0.612,0.586,0.592,0.313,0.081,0.057,0.045,0.091,0.171,0.243
high-democratic-mandate,High Democratic Mandate,"Popular, high-mandate laws create accountability pressure against invalidation.",1.000,high-mandate synthetic legislature,council-concrete-hybrid,Constitutional council with concrete-review backstop,5120,0.965,0.531,0.435,0.412,0.580,0.233,0.420,0.160,0.102,0.000,0.065,0.037,0.103,0.663,0.522,0.482,0.358,0.201,0.556,0.439,0.424,0.556,0.494,0.655,0.038,0.430,0.135,0.008,0.494,0.366,0.299,0.059,0.701,0.323,0.511,0.725,0.616,0.733,0.769,0.707,0.806,0.696,0.589,0.638,0.014,0.066,0.169,0.657,0.020,0.364,0.606,0.779,0.279,0.103,0.429,0.325,0.236,0.000,0.325,0.030,0.206,0.000,0.412,0.000,0.110,0.114,0.596,0.205,0.810,0.190,0.000,0.312,0.000,0.000,0.059,0.013,0.032,0.000,0.186,0.135,0.362,0.509,0.135,0.345,0.126,0.043,0.238,0.170,0.176,0.014,0.049,0.012,0.170,0.003,0.059,0.000,0.006,0.064,0.052,0.007,0.000,0.359,0.238,0.189,0.074,0.141,0.313,0.098,0.307,0.274,0.524,0.027,0.091,0.040,0.098,0.074,0.783,0.057,0.618,0.590,0.605,0.313,0.081,0.057,0.045,0.091,0.171,0.243
constitutional-conflict,Constitutional Conflict,"Polarized laws, executive defiance, and public attention raise court-legislature conflict.",1.000,conflict synthetic legislature,current-us-like,Stylized current U.S.-like supreme court,5120,0.974,0.593,0.381,0.458,0.536,0.254,0.387,0.149,0.141,0.001,0.058,0.047,0.113,0.854,0.658,0.599,0.490,0.430,0.675,0.496,0.431,0.583,0.632,0.703,0.052,0.584,0.112,0.001,0.599,0.399,0.516,0.242,0.488,0.653,0.568,0.805,0.503,0.556,0.592,0.512,0.566,0.577,0.362,0.645,0.081,0.392,0.388,0.415,0.099,0.616,0.601,0.600,0.170,0.204,0.273,0.532,0.195,0.195,0.000,0.195,0.000,0.000,0.025,0.000,0.042,0.299,0.208,0.204,0.407,0.593,0.000,0.000,0.000,0.000,0.000,0.000,0.000,0.000,0.354,0.314,0.832,0.837,0.130,0.296,0.236,0.106,0.420,0.233,0.371,0.016,0.110,0.055,0.000,0.065,0.117,0.000,0.004,0.107,0.130,0.055,0.014,0.325,0.277,0.167,0.079,0.153,0.426,0.247,0.544,0.569,0.997,0.463,0.552,0.320,0.148,0.169,0.494,0.255,0.451,0.351,0.307,0.243,0.069,0.054,0.117,0.106,0.173,0.239
constitutional-conflict,Constitutional Conflict,"Polarized laws, executive defiance, and public attention raise court-legislature conflict.",1.000,conflict synthetic legislature,term-limited-balanced,18-year staggered terms + regular appointments,5120,0.976,0.585,0.391,0.455,0.536,0.245,0.387,0.149,0.139,0.001,0.057,0.056,0.113,0.854,0.658,0.599,0.490,0.421,0.675,0.496,0.431,0.583,0.632,0.703,0.052,0.543,0.112,0.001,0.599,0.399,0.516,0.223,0.498,0.492,0.576,0.805,0.509,0.555,0.669,0.506,0.534,0.573,0.381,0.617,0.080,0.146,0.301,0.579,0.163,0.575,0.628,0.660,0.214,0.330,0.440,0.507,0.416,0.000,0.507,0.179,0.237,0.000,0.069,0.000,0.097,0.105,0.196,0.145,0.415,0.585,0.000,0.000,0.000,0.000,0.000,0.000,0.000,0.000,0.322,0.375,0.616,0.836,0.138,0.290,0.233,0.100,0.390,0.221,0.364,0.017,0.107,0.049,0.000,0.058,0.119,0.000,0.003,0.113,0.124,0.052,0.013,0.325,0.277,0.167,0.079,0.153,0.426,0.201,0.458,0.471,0.753,0.279,0.474,0.315,0.189,0.249,0.509,0.160,0.471,0.368,0.474,0.243,0.069,0.054,0.117,0.106,0.173,0.239
constitutional-conflict,Constitutional Conflict,"Polarized laws, executive defiance, and public attention raise court-legislature conflict.",1.000,conflict synthetic legislature,nonpartisan-commission,Nonpartisan commission appointments,5120,0.978,0.596,0.382,0.453,0.536,0.260,0.387,0.149,0.133,0.001,0.053,0.039,0.113,0.854,0.658,0.599,0.490,0.422,0.675,0.496,0.431,0.583,0.632,0.703,0.052,0.544,0.112,0.001,0.599,0.399,0.516,0.235,0.498,0.493,0.581,0.805,0.505,0.556,0.670,0.507,0.542,0.573,0.376,0.617,0.059,0.148,0.303,0.592,0.158,0.580,0.630,0.662,0.239,0.327,0.445,0.514,0.413,0.000,0.514,0.170,0.243,0.000,0.095,0.000,0.088,0.106,0.202,0.141,0.404,0.596,0.000,0.000,0.000,0.000,0.000,0.000,0.000,0.000,0.320,0.378,0.625,0.806,0.144,0.291,0.239,0.110,0.405,0.238,0.299,0.020,0.108,0.058,0.000,0.061,0.112,0.000,0.003,0.118,0.125,0.051,0.014,0.325,0.277,0.167,0.079,0.153,0.426,0.198,0.430,0.500,0.777,0.340,0.422,0.293,0.189,0.245,0.518,0.160,0.467,0.364,0.495,0.243,0.069,0.054,0.117,0.106,0.173,0.239
constitutional-conflict,Constitutional Conflict,"Polarized laws, executive defiance, and public attention raise court-legislature conflict.",1.000,conflict synthetic legislature,expanded-court-fifteen,Expanded 15-seat court,5120,0.974,0.591,0.383,0.457,0.536,0.256,0.387,0.149,0.141,0.000,0.059,0.050,0.113,0.854,0.658,0.599,0.490,0.421,0.675,0.496,0.431,0.583,0.632,0.703,0.052,0.544,0.112,0.002,0.599,0.399,0.516,0.222,0.498,0.492,0.585,0.805,0.503,0.555,0.672,0.507,0.537,0.573,0.380,0.617,0.053,0.147,0.308,0.597,0.163,0.577,0.629,0.664,0.253,0.328,0.444,0.512,0.412,0.000,0.512,0.172,0.240,0.000,0.070,0.000,0.093,0.402,0.225,0.235,0.409,0.591,0.000,0.000,0.000,0.000,0.000,0.000,0.000,0.000,0.320,0.368,0.614,0.831,0.142,0.300,0.228,0.103,0.388,0.232,0.361,0.017,0.113,0.051,0.000,0.059,0.109,0.000,0.003,0.112,0.124,0.054,0.011,0.325,0.277,0.167,0.079,0.153,0.426,0.202,0.445,0.489,0.787,0.279,0.491,0.320,0.189,0.246,0.504,0.160,0.471,0.369,0.495,0.243,0.069,0.054,0.117,0.106,0.173,0.239
constitutional-conflict,Constitutional Conflict,"Polarized laws, executive defiance, and public attention raise court-legislature conflict.",1.000,conflict synthetic legislature,supermajority-review,60 percent invalidation threshold,5120,0.976,0.587,0.389,0.455,0.536,0.246,0.387,0.149,0.140,0.001,0.060,0.045,0.113,0.854,0.658,0.599,0.490,0.422,0.675,0.496,0.431,0.583,0.632,0.703,0.052,0.543,0.112,0.001,0.599,0.399,0.516,0.216,0.495,0.478,0.576,0.805,0.520,0.574,0.665,0.543,0.633,0.583,0.381,0.609,0.080,0.138,0.316,0.560,0.127,0.573,0.614,0.653,0.210,0.257,0.388,0.509,0.388,0.000,0.509,0.296,0.092,0.122,0.069,0.000,0.046,0.109,0.205,0.151,0.413,0.587,0.000,0.000,0.000,0.000,0.000,0.000,0.000,0.000,0.317,0.317,0.633,0.821,0.134,0.312,0.210,0.095,0.392,0.232,0.360,0.017,0.103,0.048,0.000,0.057,0.113,0.000,0.003,0.102,0.121,0.048,0.014,0.325,0.277,0.167,0.079,0.153,0.426,0.165,0.353,0.406,0.663,0.259,0.379,0.266,0.157,0.222,0.601,0.186,0.471,0.373,0.453,0.243,0.069,0.054,0.117,0.106,0.173,0.239
constitutional-conflict,Constitutional Conflict,"Polarized laws, executive defiance, and public attention raise court-legislature conflict.",1.000,conflict synthetic legislature,recusal-and-emergency-reform,Peer recusal + reasoned emergency docket,5120,0.976,0.591,0.384,0.459,0.536,0.254,0.387,0.149,0.136,0.000,0.063,0.043,0.113,0.854,0.658,0.599,0.490,0.421,0.675,0.496,0.431,0.583,0.632,0.703,0.052,0.543,0.112,0.002,0.599,0.399,0.516,0.222,0.498,0.491,0.585,0.805,0.504,0.557,0.668,0.509,0.543,0.573,0.380,0.614,0.085,0.148,0.303,0.590,0.160,0.577,0.629,0.660,0.246,0.327,0.443,0.514,0.415,0.000,0.514,0.171,0.244,0.000,0.118,0.000,0.096,0.105,0.202,0.146,0.409,0.591,0.000,0.000,0.000,0.000,0.000,0.000,0.000,0.000,0.320,0.364,0.614,0.835,0.137,0.304,0.219,0.092,0.387,0.233,0.365,0.019,0.109,0.045,0.000,0.056,0.114,0.000,0.003,0.108,0.122,0.051,0.015,0.325,0.277,0.167,0.079,0.153,0.426,0.193,0.432,0.457,0.763,0.259,0.425,0.302,0.188,0.245,0.517,0.160,0.471,0.370,0.485,0.243,0.069,0.054,0.117,0.106,0.173,0.239
constitutional-conflict,Constitutional Conflict,"Polarized laws, executive defiance, and public attention raise court-legislature conflict.",1.000,conflict synthetic legislature,panel-en-banc,Three-judge panels with en banc correction,5120,0.978,0.594,0.384,0.456,0.536,0.261,0.387,0.149,0.143,0.001,0.057,0.058,0.113,0.854,0.658,0.599,0.490,0.421,0.675,0.496,0.431,0.583,0.632,0.703,0.052,0.513,0.112,0.002,0.599,0.399,0.516,0.221,0.498,0.493,0.664,0.805,0.505,0.559,0.668,0.513,0.555,0.575,0.379,0.618,0.089,0.150,0.302,0.627,0.157,0.577,0.629,0.663,0.256,0.318,0.436,0.513,0.413,0.000,0.513,0.177,0.236,0.000,0.446,0.000,0.316,0.071,0.183,0.120,0.729,0.271,0.000,0.000,0.000,0.000,0.000,0.000,0.000,0.000,0.313,0.359,0.625,0.799,0.136,0.296,0.229,0.097,0.398,0.231,0.290,0.021,0.109,0.046,0.000,0.063,0.112,0.000,0.003,0.108,0.130,0.054,0.016,0.325,0.277,0.167,0.079,0.153,0.426,0.195,0.444,0.445,0.759,0.320,0.431,0.248,0.186,0.241,0.531,0.161,0.470,0.368,0.527,0.243,0.069,0.054,0.117,0.106,0.173,0.239
constitutional-conflict,Constitutional Conflict,"Polarized laws, executive defiance, and public attention raise court-legislature conflict.",1.000,conflict synthetic legislature,cross-checking-courts,Supreme court with cross-checking constitutional court,5120,0.978,0.590,0.388,0.461,0.536,0.253,0.387,0.149,0.141,0.002,0.069,0.043,0.113,0.854,0.658,0.599,0.490,0.402,0.675,0.496,0.431,0.583,0.632,0.703,0.052,0.543,0.112,0.001,0.599,0.399,0.516,0.220,0.515,0.477,0.597,0.805,0.502,0.585,0.670,0.552,0.667,0.597,0.364,0.590,0.037,0.137,0.313,0.595,0.091,0.597,0.596,0.661,0.326,0.183,0.394,0.509,0.388,0.000,0.509,0.285,0.103,0.121,0.182,0.000,0.120,0.108,0.222,0.147,0.410,0.590,0.194,0.000,0.000,0.000,0.000,0.000,0.000,0.000,0.307,0.279,0.631,0.790,0.123,0.308,0.219,0.095,0.392,0.229,0.300,0.020,0.106,0.050,0.000,0.056,0.110,0.000,0.002,0.107,0.120,0.050,0.010,0.325,0.277,0.167,0.079,0.153,0.426,0.111,0.241,0.310,0.423,0.170,0.250,0.144,0.143,0.171,0.633,0.183,0.480,0.358,0.500,0.243,0.069,0.054,0.117,0.106,0.173,0.239
constitutional-conflict,Constitutional Conflict,"Polarized laws, executive defiance, and public attention raise court-legislature conflict.",1.000,conflict synthetic legislature,dual-supreme-courts,Dual supreme courts with disagreement filter,5120,0.977,0.595,0.381,0.457,0.536,0.262,0.387,0.149,0.142,0.001,0.062,0.042,0.113,0.854,0.658,0.599,0.490,0.424,0.675,0.496,0.431,0.583,0.632,0.703,0.052,0.544,0.112,0.001,0.599,0.399,0.516,0.232,0.495,0.478,0.605,0.805,0.472,0.537,0.669,0.476,0.483,0.562,0.353,0.613,0.038,0.140,0.319,0.604,0.173,0.612,0.631,0.659,0.364,0.336,0.393,0.514,0.409,0.000,0.514,0.313,0.095,0.105,0.186,0.000,0.121,0.109,0.191,0.139,0.405,0.595,0.182,0.000,0.000,0.000,0.000,0.000,0.000,0.000,0.321,0.386,0.621,0.824,0.145,0.298,0.233,0.108,0.391,0.238,0.298,0.020,0.109,0.056,0.000,0.065,0.113,0.000,0.003,0.112,0.128,0.056,0.015,0.325,0.277,0.167,0.079,0.153,0.426,0.199,0.439,0.493,0.729,0.320,0.457,0.338,0.192,0.276,0.459,0.189,0.458,0.346,0.507,0.243,0.069,0.054,0.117,0.106,0.173,0.239
constitutional-conflict,Constitutional Conflict,"Polarized laws, executive defiance, and public attention raise court-legislature conflict.",1.000,conflict synthetic legislature,comparative-constitutional-senates,Comparative 16-seat constitutional senates,5120,0.980,0.589,0.391,0.466,0.536,0.251,0.387,0.149,0.138,0.002,0.057,0.039,0.113,0.854,0.658,0.599,0.490,0.424,0.675,0.496,0.431,0.583,0.632,0.703,0.052,0.573,0.112,0.002,0.599,0.399,0.516,0.227,0.495,0.478,0.697,0.805,0.511,0.579,0.660,0.549,0.650,0.586,0.379,0.611,0.049,0.139,0.317,0.619,0.118,0.573,0.614,0.661,0.287,0.243,0.389,0.511,0.389,0.000,0.511,0.297,0.092,0.122,0.428,0.000,0.123,0.108,0.211,0.143,0.719,0.281,0.000,0.000,0.000,0.000,0.000,0.000,0.000,0.000,0.311,0.310,0.631,0.781,0.127,0.313,0.217,0.095,0.392,0.221,0.287,0.016,0.101,0.053,0.000,0.056,0.113,0.000,0.003,0.112,0.115,0.051,0.011,0.325,0.277,0.167,0.079,0.153,0.426,0.164,0.358,0.412,0.663,0.224,0.391,0.225,0.153,0.214,0.618,0.186,0.471,0.371,0.522,0.243,0.069,0.054,0.117,0.106,0.173,0.239
constitutional-conflict,Constitutional Conflict,"Polarized laws, executive defiance, and public attention raise court-legislature conflict.",1.000,conflict synthetic legislature,constitutional-council,Pre-enactment constitutional council,5120,0.978,0.596,0.381,0.465,0.536,0.259,0.387,0.149,0.135,0.001,0.062,0.058,0.113,0.854,0.658,0.599,0.490,0.420,0.675,0.496,0.431,0.583,0.632,0.703,0.052,0.534,0.112,0.002,0.599,0.399,0.516,0.237,0.546,0.492,0.622,0.805,0.500,0.568,0.676,0.522,0.573,0.575,0.388,0.624,0.071,0.147,0.302,0.663,0.147,0.604,0.663,0.676,0.333,0.303,0.450,0.515,0.418,0.000,0.515,0.161,0.257,0.000,0.316,0.000,0.131,0.074,0.231,0.144,0.731,0.269,0.000,0.589,0.000,0.000,0.221,0.088,0.072,0.031,0.326,0.402,0.626,0.818,0.244,0.283,0.248,0.119,0.403,0.248,0.298,0.011,0.067,0.033,0.248,0.032,0.072,0.000,0.003,0.126,0.128,0.053,0.016,0.325,0.277,0.167,0.079,0.153,0.426,0.196,0.463,0.456,0.763,0.245,0.379,0.248,0.183,0.215,0.547,0.158,0.474,0.369,0.569,0.243,0.069,0.054,0.117,0.106,0.173,0.239
constitutional-conflict,Constitutional Conflict,"Polarized laws, executive defiance, and public attention raise court-legislature conflict.",1.000,conflict synthetic legislature,legislative-override,Judicial review with legislative supermajority override,5120,0.977,0.591,0.386,0.462,0.536,0.255,0.387,0.149,0.133,0.001,0.058,0.046,0.113,0.854,0.658,0.599,0.490,0.422,0.675,0.496,0.431,0.583,0.632,0.703,0.052,0.543,0.112,0.002,0.599,0.399,0.516,0.233,0.498,0.492,0.576,0.805,0.502,0.554,0.672,0.505,0.550,0.571,0.363,0.619,0.035,0.150,0.304,0.587,0.155,0.605,0.641,0.664,0.246,0.318,0.437,0.513,0.413,0.000,0.513,0.176,0.237,0.000,0.068,0.000,0.090,0.107,0.207,0.146,0.409,0.591,0.000,0.000,0.000,0.000,0.235,0.078,0.074,0.025,0.328,0.420,0.623,0.818,0.267,0.292,0.247,0.124,0.397,0.251,0.296,0.011,0.061,0.035,0.251,0.036,0.067,0.000,0.004,0.124,0.123,0.054,0.016,0.325,0.277,0.167,0.079,0.153,0.426,0.194,0.438,0.434,0.759,0.286,0.448,0.284,0.186,0.228,0.524,0.161,0.467,0.350,0.498,0.243,0.069,0.054,0.117,0.106,0.173,0.239
constitutional-conflict,Constitutional Conflict,"Polarized laws, executive defiance, and public attention raise court-legislature conflict.",1.000,conflict synthetic legislature,accountability-retention-court,Retention-election accountability court,5120,0.976,0.593,0.383,0.460,0.536,0.255,0.387,0.149,0.142,0.001,0.067,0.037,0.113,0.854,0.658,0.599,0.490,0.424,0.675,0.496,0.431,0.583,0.632,0.703,0.052,0.543,0.112,0.001,0.599,0.399,0.516,0.246,0.499,0.491,0.578,0.805,0.505,0.555,0.671,0.512,0.562,0.580,0.363,0.607,0.058,0.147,0.301,0.589,0.148,0.600,0.648,0.661,0.238,0.307,0.443,0.509,0.409,0.000,0.509,0.162,0.247,0.000,0.083,0.000,0.176,0.299,0.238,0.209,0.407,0.593,0.000,0.000,0.000,0.000,0.214,0.119,0.000,0.036,0.318,0.380,0.624,0.813,0.168,0.293,0.237,0.105,0.390,0.248,0.293,0.012,0.064,0.032,0.248,0.036,0.063,0.000,0.003,0.114,0.129,0.055,0.017,0.325,0.277,0.167,0.079,0.153,0.426,0.197,0.451,0.460,0.735,0.340,0.466,0.261,0.183,0.213,0.530,0.157,0.466,0.351,0.498,0.243,0.069,0.054,0.117,0.106,0.173,0.239
constitutional-conflict,Constitutional Conflict,"Polarized laws, executive defiance, and public attention raise court-legislature conflict.",1.000,conflict synthetic legislature,emergency-restraint-court,No emergency relief without merits review,5120,0.974,0.600,0.373,0.464,0.536,0.269,0.387,0.149,0.136,0.000,0.054,0.047,0.113,0.854,0.658,0.599,0.490,0.416,0.675,0.496,0.431,0.583,0.632,0.703,0.052,0.544,0.112,0.001,0.599,0.399,0.516,0.229,0.507,0.420,0.593,0.805,0.504,0.539,0.702,0.466,0.443,0.547,0.377,0.634,0.064,0.038,0.281,0.684,0.213,0.581,0.656,0.691,0.258,0.439,0.583,0.512,0.512,0.000,0.512,0.000,0.512,0.000,0.159,0.000,0.095,0.105,0.173,0.131,0.400,0.600,0.000,0.000,0.000,0.000,0.000,0.000,0.000,0.000,0.311,0.441,0.532,0.822,0.153,0.295,0.242,0.103,0.379,0.245,0.293,0.019,0.117,0.053,0.000,0.058,0.119,0.000,0.002,0.120,0.128,0.056,0.016,0.325,0.277,0.167,0.079,0.153,0.426,0.265,0.595,0.591,0.993,0.476,0.603,0.414,0.243,0.288,0.442,0.122,0.476,0.364,0.590,0.243,0.069,0.054,0.117,0.106,0.173,0.239
constitutional-conflict,Constitutional Conflict,"Polarized laws, executive defiance, and public attention raise court-legislature conflict.",1.000,conflict synthetic legislature,randomized-merits-panels,Randomized merits panels with en banc correction,5120,0.975,0.586,0.389,0.446,0.536,0.241,0.387,0.149,0.138,0.001,0.063,0.041,0.113,0.854,0.658,0.599,0.490,0.422,0.675,0.496,0.431,0.583,0.632,0.703,0.052,0.513,0.112,0.002,0.599,0.399,0.516,0.227,0.497,0.493,0.682,0.805,0.506,0.563,0.666,0.518,0.565,0.578,0.381,0.616,0.084,0.150,0.301,0.624,0.148,0.573,0.624,0.663,0.261,0.308,0.428,0.507,0.411,0.000,0.507,0.185,0.226,0.000,0.457,0.000,0.127,0.070,0.185,0.120,0.722,0.278,0.000,0.000,0.000,0.000,0.000,0.000,0.000,0.000,0.314,0.363,0.622,0.797,0.143,0.294,0.229,0.106,0.398,0.235,0.287,0.020,0.105,0.053,0.000,0.060,0.115,0.000,0.004,0.108,0.128,0.054,0.013,0.325,0.277,0.167,0.079,0.153,0.426,0.192,0.449,0.478,0.722,0.184,0.414,0.270,0.181,0.236,0.541,0.161,0.471,0.370,0.525,0.243,0.069,0.054,0.117,0.106,0.173,0.239
constitutional-conflict,Constitutional Conflict,"Polarized laws, executive defiance, and public attention raise court-legislature conflict.",1.000,conflict synthetic legislature,mandatory-written-emergency-reasoning,Mandatory written emergency reasoning,5120,0.975,0.589,0.386,0.450,0.536,0.253,0.387,0.149,0.139,0.002,0.064,0.045,0.113,0.854,0.658,0.599,0.490,0.423,0.675,0.496,0.431,0.583,0.632,0.703,0.052,0.543,0.112,0.001,0.599,0.399,0.516,0.233,0.497,0.467,0.576,0.805,0.506,0.562,0.668,0.522,0.578,0.578,0.377,0.612,0.083,0.115,0.316,0.576,0.149,0.579,0.623,0.656,0.255,0.302,0.420,0.510,0.417,0.000,0.510,0.300,0.117,0.000,0.070,0.000,0.091,0.111,0.207,0.151,0.411,0.589,0.000,0.000,0.000,0.000,0.000,0.000,0.000,0.000,0.322,0.357,0.627,0.838,0.136,0.303,0.227,0.098,0.395,0.227,0.371,0.020,0.114,0.046,0.000,0.056,0.113,0.000,0.003,0.105,0.120,0.050,0.015,0.325,0.277,0.167,0.079,0.153,0.426,0.185,0.403,0.489,0.718,0.306,0.414,0.261,0.173,0.252,0.551,0.186,0.467,0.367,0.468,0.243,0.069,0.054,0.117,0.106,0.173,0.239
constitutional-conflict,Constitutional Conflict,"Polarized laws, executive defiance, and public attention raise court-legislature conflict.",1.000,conflict synthetic legislature,automatic-merits-follow-up,Automatic merits follow-up for emergency relief,5120,0.978,0.582,0.396,0.452,0.536,0.238,0.387,0.149,0.138,0.001,0.064,0.052,0.113,0.854,0.658,0.599,0.490,0.417,0.675,0.496,0.431,0.583,0.632,0.703,0.052,0.543,0.112,0.001,0.599,0.399,0.516,0.236,0.505,0.440,0.575,0.805,0.499,0.535,0.696,0.462,0.429,0.545,0.380,0.628,0.086,0.047,0.274,0.648,0.222,0.576,0.651,0.684,0.269,0.450,0.565,0.494,0.494,0.000,0.494,0.312,0.494,0.000,0.069,0.000,0.083,0.109,0.175,0.138,0.418,0.582,0.000,0.000,0.000,0.000,0.000,0.000,0.000,0.000,0.319,0.469,0.534,0.858,0.160,0.279,0.247,0.113,0.370,0.228,0.362,0.018,0.115,0.055,0.000,0.064,0.110,0.000,0.003,0.118,0.134,0.054,0.017,0.325,0.277,0.167,0.079,0.153,0.426,0.259,0.579,0.580,0.993,0.449,0.638,0.383,0.243,0.350,0.429,0.112,0.475,0.367,0.549,0.243,0.069,0.054,0.117,0.106,0.173,0.239
constitutional-conflict,Constitutional Conflict,"Polarized laws, executive defiance, and public attention raise court-legislature conflict.",1.000,conflict synthetic legislature,strong-recusal-enforcement,Independent recusal enforcement with substitutes,5120,0.976,0.596,0.380,0.463,0.536,0.260,0.387,0.149,0.147,0.001,0.067,0.051,0.113,0.854,0.658,0.599,0.490,0.422,0.675,0.496,0.431,0.583,0.632,0.703,0.052,0.544,0.112,0.002,0.599,0.399,0.516,0.235,0.498,0.492,0.599,0.805,0.502,0.555,0.671,0.506,0.540,0.572,0.375,0.620,0.050,0.149,0.305,0.614,0.165,0.581,0.630,0.664,0.262,0.330,0.445,0.514,0.423,0.000,0.514,0.183,0.240,0.000,0.157,0.000,0.092,0.107,0.204,0.143,0.404,0.596,0.000,0.000,0.000,0.000,0.000,0.000,0.000,0.000,0.317,0.373,0.611,0.801,0.142,0.296,0.232,0.104,0.391,0.236,0.295,0.020,0.109,0.054,0.000,0.054,0.120,0.000,0.002,0.112,0.134,0.057,0.013,0.325,0.277,0.167,0.079,0.153,0.426,0.204,0.458,0.489,0.739,0.327,0.460,0.338,0.191,0.250,0.516,0.162,0.467,0.363,0.517,0.243,0.069,0.054,0.117,0.106,0.173,0.239
constitutional-conflict,Constitutional Conflict,"Polarized laws, executive defiance, and public attention raise court-legislature conflict.",1.000,conflict synthetic legislature,jurisdiction-stripping-constraints,Jurisdiction stripping constrained by rights carveouts,5120,0.977,0.587,0.391,0.457,0.536,0.245,0.387,0.149,0.137,0.002,0.055,0.038,0.113,0.854,0.658,0.599,0.490,0.422,0.675,0.496,0.431,0.583,0.632,0.703,0.052,0.493,0.112,0.000,0.599,0.399,0.516,0.246,0.528,0.492,0.575,0.805,0.505,0.558,0.676,0.503,0.543,0.572,0.365,0.617,0.035,0.148,0.303,0.589,0.156,0.596,0.637,0.666,0.237,0.323,0.440,0.511,0.419,0.000,0.511,0.179,0.240,0.000,0.066,0.000,0.089,0.104,0.204,0.142,0.413,0.587,0.000,0.000,0.000,0.000,0.244,0.000,0.000,0.000,0.327,0.477,0.617,0.815,0.290,0.269,0.264,0.134,0.389,0.256,0.296,0.021,0.179,0.077,0.000,0.057,0.000,0.000,0.002,0.132,0.127,0.050,0.021,0.325,0.277,0.167,0.079,0.153,0.426,0.199,0.445,0.453,0.777,0.286,0.526,0.293,0.187,0.245,0.518,0.161,0.469,0.356,0.507,0.243,0.069,0.054,0.117,0.106,0.173,0.239
constitutional-conflict,Constitutional Conflict,"Polarized laws, executive defiance, and public attention raise court-legislature conflict.",1.000,conflict synthetic legislature,legislative-override-window,Time-limited legislative override window,5120,0.976,0.588,0.388,0.454,0.536,0.251,0.387,0.149,0.141,0.001,0.064,0.047,0.113,0.854,0.658,0.599,0.490,0.423,0.675,0.496,0.431,0.583,0.632,0.703,0.052,0.543,0.112,0.002,0.599,0.399,0.516,0.239,0.500,0.492,0.576,0.805,0.503,0.555,0.672,0.508,0.551,0.576,0.365,0.621,0.034,0.149,0.303,0.588,0.153,0.603,0.642,0.664,0.245,0.316,0.434,0.513,0.419,0.000,0.513,0.174,0.245,0.000,0.070,0.000,0.093,0.108,0.209,0.144,0.412,0.588,0.000,0.000,0.000,0.000,0.236,0.091,0.079,0.000,0.328,0.413,0.625,0.816,0.257,0.289,0.241,0.116,0.399,0.252,0.299,0.012,0.059,0.032,0.252,0.039,0.066,0.000,0.003,0.116,0.127,0.054,0.017,0.325,0.277,0.167,0.079,0.153,0.426,0.198,0.466,0.449,0.722,0.279,0.431,0.293,0.185,0.225,0.525,0.160,0.466,0.351,0.498,0.243,0.069,0.054,0.117,0.106,0.173,0.239
constitutional-conflict,Constitutional Conflict,"Polarized laws, executive defiance, and public attention raise court-legislature conflict.",1.000,conflict synthetic legislature,constitutional-remand,Constitutional remand before invalidation,5120,0.977,0.595,0.382,0.459,0.536,0.255,0.387,0.149,0.143,0.001,0.062,0.045,0.113,0.854,0.658,0.599,0.490,0.385,0.675,0.496,0.431,0.583,0.632,0.703,0.052,0.504,0.112,0.001,0.599,0.399,0.516,0.232,0.522,0.492,0.581,0.805,0.520,0.596,0.682,0.566,0.667,0.601,0.400,0.622,0.055,0.146,0.302,0.631,0.113,0.578,0.650,0.677,0.340,0.233,0.450,0.511,0.415,0.000,0.511,0.166,0.249,0.000,0.097,0.000,0.111,0.069,0.224,0.140,0.405,0.595,0.000,0.593,0.084,0.000,0.160,0.062,0.056,0.019,0.310,0.336,0.616,0.782,0.211,0.303,0.230,0.116,0.394,0.239,0.291,0.014,0.059,0.031,0.239,0.033,0.069,0.000,0.003,0.110,0.121,0.048,0.015,0.325,0.277,0.167,0.079,0.153,0.426,0.183,0.432,0.400,0.653,0.292,0.370,0.284,0.159,0.196,0.639,0.158,0.492,0.387,0.540,0.243,0.069,0.054,0.117,0.106,0.173,0.239
constitutional-conflict,Constitutional Conflict,"Polarized laws, executive defiance, and public attention raise court-legislature conflict.",1.000,conflict synthetic legislature,public-interest-litigation-filter,Public-interest litigation filter,5120,0.977,0.596,0.381,0.463,0.536,0.259,0.387,0.149,0.146,0.000,0.066,0.062,0.113,0.854,0.658,0.599,0.490,0.421,0.675,0.496,0.431,0.583,0.632,0.703,0.052,0.461,0.112,0.001,0.599,0.399,0.516,0.227,0.499,0.492,0.581,0.805,0.508,0.562,0.679,0.515,0.559,0.577,0.379,0.626,0.063,0.146,0.302,0.595,0.152,0.575,0.629,0.664,0.264,0.311,0.451,0.512,0.404,0.000,0.512,0.157,0.247,0.000,0.096,0.000,0.087,0.108,0.249,0.156,0.404,0.596,0.000,0.000,0.000,0.042,0.000,0.000,0.000,0.000,0.310,0.359,0.620,0.790,0.139,0.292,0.236,0.106,0.397,0.234,0.284,0.018,0.113,0.050,0.000,0.058,0.124,0.000,0.004,0.112,0.129,0.053,0.013,0.325,0.277,0.167,0.079,0.153,0.426,0.210,0.469,0.526,0.784,0.306,0.466,0.329,0.186,0.234,0.533,0.157,0.471,0.365,0.498,0.243,0.069,0.054,0.117,0.106,0.173,0.239
constitutional-conflict,Constitutional Conflict,"Polarized laws, executive defiance, and public attention raise court-legislature conflict.",1.000,conflict synthetic legislature,emergency-integrity-package,Emergency integrity package,5120,0.976,0.596,0.379,0.456,0.536,0.262,0.387,0.149,0.142,0.001,0.069,0.039,0.113,0.854,0.658,0.599,0.490,0.417,0.675,0.496,0.431,0.583,0.632,0.703,0.052,0.544,0.112,0.002,0.599,0.399,0.516,0.239,0.506,0.440,0.598,0.805,0.499,0.538,0.701,0.465,0.440,0.547,0.377,0.636,0.050,0.048,0.281,0.688,0.218,0.579,0.655,0.692,0.296,0.440,0.580,0.507,0.507,0.000,0.507,0.318,0.507,0.000,0.154,0.000,0.094,0.107,0.177,0.134,0.404,0.596,0.000,0.000,0.000,0.000,0.000,0.000,0.000,0.000,0.313,0.442,0.529,0.833,0.154,0.296,0.235,0.109,0.373,0.236,0.314,0.021,0.107,0.052,0.000,0.062,0.116,0.000,0.002,0.115,0.127,0.059,0.015,0.325,0.277,0.167,0.079,0.153,0.426,0.270,0.609,0.595,0.997,0.463,0.595,0.468,0.243,0.346,0.439,0.114,0.475,0.365,0.594,0.243,0.069,0.054,0.117,0.106,0.173,0.239
constitutional-conflict,Constitutional Conflict,"Polarized laws, executive defiance, and public attention raise court-legislature conflict.",1.000,conflict synthetic legislature,remand-override-window-package,Constitutional remand with override window,5120,0.975,0.596,0.379,0.462,0.536,0.256,0.387,0.149,0.135,0.001,0.055,0.048,0.113,0.854,0.658,0.599,0.490,0.386,0.675,0.496,0.431,0.583,0.632,0.703,0.052,0.504,0.112,0.001,0.599,0.399,0.516,0.231,0.522,0.467,0.581,0.805,0.514,0.597,0.682,0.574,0.686,0.605,0.401,0.613,0.053,0.114,0.318,0.629,0.110,0.580,0.645,0.674,0.374,0.220,0.430,0.518,0.425,0.000,0.518,0.292,0.133,0.000,0.098,0.000,0.118,0.073,0.229,0.143,0.404,0.596,0.000,0.594,0.079,0.000,0.158,0.061,0.053,0.000,0.311,0.328,0.628,0.784,0.207,0.293,0.236,0.116,0.399,0.242,0.298,0.013,0.063,0.033,0.242,0.032,0.073,0.000,0.002,0.113,0.127,0.052,0.015,0.325,0.277,0.167,0.079,0.153,0.426,0.165,0.371,0.415,0.649,0.167,0.426,0.215,0.148,0.208,0.656,0.185,0.490,0.386,0.534,0.243,0.069,0.054,0.117,0.106,0.173,0.239
constitutional-conflict,Constitutional Conflict,"Polarized laws, executive defiance, and public attention raise court-legislature conflict.",1.000,conflict synthetic legislature,panel-jurisdiction-safeguards,Random panels with jurisdiction safeguards,5120,0.976,0.590,0.387,0.459,0.536,0.250,0.387,0.149,0.134,0.001,0.054,0.050,0.113,0.854,0.658,0.599,0.490,0.423,0.675,0.496,0.431,0.583,0.632,0.703,0.052,0.463,0.112,0.002,0.599,0.399,0.516,0.231,0.525,0.478,0.714,0.805,0.506,0.573,0.666,0.534,0.622,0.580,0.370,0.605,0.082,0.138,0.313,0.626,0.133,0.590,0.623,0.662,0.287,0.263,0.391,0.508,0.393,0.000,0.508,0.297,0.096,0.116,0.514,0.000,0.129,0.071,0.200,0.123,0.726,0.274,0.000,0.000,0.000,0.000,0.191,0.000,0.000,0.000,0.317,0.416,0.630,0.799,0.249,0.279,0.255,0.120,0.395,0.246,0.289,0.019,0.176,0.073,0.000,0.060,0.000,0.000,0.003,0.129,0.129,0.050,0.016,0.325,0.277,0.167,0.079,0.153,0.426,0.161,0.347,0.423,0.656,0.190,0.388,0.239,0.159,0.226,0.593,0.185,0.470,0.364,0.537,0.243,0.069,0.054,0.117,0.106,0.173,0.239
constitutional-conflict,Constitutional Conflict,"Polarized laws, executive defiance, and public attention raise court-legislature conflict.",1.000,conflict synthetic legislature,council-concrete-hybrid,Constitutional council with concrete-review backstop,5120,0.979,0.596,0.384,0.459,0.536,0.260,0.387,0.149,0.138,0.001,0.065,0.045,0.113,0.854,0.658,0.599,0.490,0.421,0.675,0.496,0.431,0.583,0.632,0.703,0.052,0.533,0.112,0.002,0.599,0.399,0.516,0.244,0.546,0.492,0.658,0.805,0.501,0.572,0.675,0.530,0.592,0.579,0.389,0.624,0.049,0.148,0.300,0.667,0.141,0.600,0.660,0.678,0.347,0.287,0.446,0.509,0.403,0.000,0.509,0.161,0.242,0.000,0.382,0.000,0.143,0.109,0.234,0.155,0.718,0.282,0.000,0.589,0.000,0.000,0.209,0.082,0.074,0.030,0.325,0.388,0.621,0.809,0.242,0.284,0.254,0.122,0.392,0.257,0.308,0.011,0.065,0.035,0.257,0.031,0.063,0.000,0.004,0.122,0.133,0.050,0.017,0.325,0.277,0.167,0.079,0.153,0.426,0.194,0.457,0.474,0.729,0.265,0.328,0.257,0.178,0.206,0.565,0.157,0.474,0.372,0.576,0.243,0.069,0.054,0.117,0.106,0.173,0.239
imported-legislative-output,Imported Legislative Output,Docket assumptions derived from a legislative simulator campaign CSV.,1.000,neutral/imported blend,current-us-like,Stylized current U.S.-like supreme court,5120,0.962,0.513,0.449,0.402,0.586,0.214,0.423,0.163,0.099,0.000,0.048,0.031,0.102,0.644,0.530,0.502,0.391,0.246,0.562,0.436,0.414,0.546,0.508,0.658,0.044,0.483,0.131,0.007,0.496,0.368,0.336,0.089,0.601,0.493,0.435,0.732,0.599,0.694,0.701,0.672,0.765,0.678,0.538,0.645,0.030,0.225,0.242,0.473,0.018,0.391,0.579,0.710,0.140,0.093,0.277,0.361,0.043,0.043,0.000,0.043,0.000,0.000,0.015,0.000,0.034,0.311,0.575,0.248,0.487,0.513,0.000,0.000,0.000,0.000,0.000,0.000,0.000,0.000,0.231,0.126,0.574,0.593,0.079,0.332,0.113,0.035,0.269,0.154,0.259,0.017,0.076,0.014,0.000,0.006,0.094,0.000,0.007,0.055,0.064,0.007,0.000,0.367,0.235,0.186,0.077,0.134,0.273,0.113,0.329,0.316,0.953,0.118,0.227,0.207,0.082,0.070,0.713,0.118,0.576,0.537,0.397,0.307,0.083,0.052,0.065,0.101,0.179,0.214
imported-legislative-output,Imported Legislative Output,Docket assumptions derived from a legislative simulator campaign CSV.,1.000,neutral/imported blend,term-limited-balanced,18-year staggered terms + regular appointments,5120,0.963,0.523,0.440,0.412,0.586,0.229,0.423,0.163,0.107,0.001,0.054,0.026,0.102,0.644,0.530,0.502,0.391,0.239,0.562,0.436,0.414,0.546,0.508,0.658,0.044,0.444,0.131,0.008,0.496,0.368,0.336,0.085,0.610,0.349,0.440,0.732,0.612,0.706,0.752,0.678,0.782,0.675,0.545,0.646,0.034,0.075,0.189,0.588,0.023,0.377,0.590,0.747,0.179,0.136,0.426,0.361,0.264,0.000,0.361,0.042,0.222,0.000,0.043,0.000,0.072,0.112,0.579,0.204,0.477,0.523,0.000,0.000,0.000,0.000,0.000,0.000,0.000,0.000,0.207,0.144,0.419,0.589,0.088,0.344,0.114,0.038,0.254,0.163,0.255,0.015,0.073,0.016,0.000,0.005,0.096,0.000,0.008,0.056,0.063,0.008,0.000,0.367,0.235,0.186,0.077,0.134,0.273,0.114,0.375,0.363,0.744,0.059,0.273,0.243,0.107,0.099,0.758,0.074,0.592,0.544,0.519,0.307,0.083,0.052,0.065,0.101,0.179,0.214
imported-legislative-output,Imported Legislative Output,Docket assumptions derived from a legislative simulator campaign CSV.,1.000,neutral/imported blend,nonpartisan-commission,Nonpartisan commission appointments,5120,0.963,0.527,0.436,0.412,0.586,0.229,0.423,0.163,0.113,0.001,0.067,0.033,0.102,0.644,0.530,0.502,0.391,0.240,0.562,0.436,0.414,0.546,0.508,0.658,0.044,0.444,0.131,0.007,0.496,0.368,0.336,0.089,0.610,0.349,0.442,0.732,0.609,0.705,0.753,0.678,0.782,0.675,0.543,0.645,0.021,0.079,0.193,0.590,0.023,0.378,0.591,0.747,0.201,0.134,0.418,0.368,0.258,0.000,0.368,0.045,0.213,0.000,0.057,0.000,0.069,0.110,0.578,0.203,0.473,0.527,0.000,0.000,0.000,0.000,0.000,0.000,0.000,0.000,0.199,0.145,0.423,0.542,0.084,0.338,0.115,0.033,0.254,0.160,0.179,0.016,0.079,0.016,0.000,0.006,0.087,0.000,0.008,0.061,0.064,0.006,0.000,0.367,0.235,0.186,0.077,0.134,0.273,0.113,0.376,0.329,0.702,0.118,0.364,0.230,0.106,0.098,0.758,0.076,0.590,0.544,0.530,0.307,0.083,0.052,0.065,0.101,0.179,0.214
imported-legislative-output,Imported Legislative Output,Docket assumptions derived from a legislative simulator campaign CSV.,1.000,neutral/imported blend,expanded-court-fifteen,Expanded 15-seat court,5120,0.966,0.525,0.441,0.413,0.586,0.233,0.423,0.163,0.105,0.000,0.053,0.036,0.102,0.644,0.530,0.502,0.391,0.239,0.562,0.436,0.414,0.546,0.508,0.658,0.044,0.444,0.131,0.007,0.496,0.368,0.336,0.084,0.610,0.349,0.445,0.732,0.605,0.704,0.754,0.679,0.782,0.675,0.545,0.644,0.020,0.075,0.187,0.594,0.024,0.377,0.590,0.749,0.214,0.132,0.421,0.354,0.256,0.000,0.354,0.041,0.215,0.000,0.044,0.000,0.072,0.423,0.618,0.289,0.475,0.525,0.000,0.000,0.000,0.000,0.000,0.000,0.000,0.000,0.207,0.148,0.420,0.583,0.086,0.328,0.124,0.039,0.254,0.158,0.246,0.014,0.079,0.020,0.000,0.004,0.102,0.000,0.008,0.063,0.071,0.007,0.000,0.367,0.235,0.186,0.077,0.134,0.273,0.109,0.357,0.354,0.744,0.118,0.364,0.122,0.106,0.096,0.750,0.073,0.592,0.541,0.528,0.307,0.083,0.052,0.065,0.101,0.179,0.214
imported-legislative-output,Imported Legislative Output,Docket assumptions derived from a legislative simulator campaign CSV.,1.000,neutral/imported blend,supermajority-review,60 percent invalidation threshold,5120,0.965,0.514,0.451,0.405,0.586,0.212,0.423,0.163,0.103,0.001,0.056,0.032,0.102,0.644,0.530,0.502,0.391,0.240,0.562,0.436,0.414,0.546,0.508,0.658,0.044,0.443,0.131,0.007,0.496,0.368,0.336,0.080,0.608,0.332,0.440,0.732,0.612,0.707,0.752,0.684,0.796,0.673,0.547,0.636,0.031,0.067,0.193,0.573,0.020,0.373,0.582,0.744,0.173,0.105,0.386,0.359,0.196,0.000,0.359,0.072,0.124,0.163,0.046,0.000,0.029,0.110,0.580,0.199,0.486,0.514,0.000,0.000,0.000,0.000,0.000,0.000,0.000,0.000,0.204,0.127,0.445,0.572,0.080,0.331,0.118,0.041,0.250,0.146,0.240,0.015,0.073,0.020,0.000,0.004,0.100,0.000,0.006,0.059,0.058,0.008,0.000,0.367,0.235,0.186,0.077,0.134,0.273,0.091,0.298,0.266,0.619,0.000,0.182,0.189,0.091,0.084,0.771,0.081,0.591,0.544,0.505,0.307,0.083,0.052,0.065,0.101,0.179,0.214
imported-legislative-output,Imported Legislative Output,Docket assumptions derived from a legislative simulator campaign CSV.,1.000,neutral/imported blend,recusal-and-emergency-reform,Peer recusal + reasoned emergency docket,5120,0.958,0.521,0.438,0.412,0.586,0.228,0.423,0.163,0.109,0.001,0.056,0.030,0.102,0.644,0.530,0.502,0.391,0.239,0.562,0.436,0.414,0.546,0.508,0.658,0.044,0.444,0.131,0.006,0.496,0.368,0.336,0.086,0.610,0.349,0.443,0.732,0.608,0.705,0.753,0.677,0.778,0.675,0.546,0.646,0.031,0.074,0.185,0.591,0.023,0.375,0.589,0.748,0.206,0.137,0.424,0.355,0.262,0.000,0.355,0.043,0.219,0.000,0.066,0.000,0.074,0.114,0.579,0.202,0.479,0.521,0.000,0.000,0.000,0.000,0.000,0.000,0.000,0.000,0.206,0.148,0.413,0.584,0.088,0.335,0.113,0.035,0.254,0.165,0.247,0.017,0.072,0.017,0.000,0.004,0.096,0.000,0.006,0.060,0.065,0.006,0.000,0.367,0.235,0.186,0.077,0.134,0.273,0.114,0.372,0.380,0.730,0.235,0.182,0.270,0.107,0.099,0.754,0.073,0.592,0.544,0.525,0.307,0.083,0.052,0.065,0.101,0.179,0.214
imported-legislative-output,Imported Legislative Output,Docket assumptions derived from a legislative simulator campaign CSV.,1.000,neutral/imported blend,panel-en-banc,Three-judge panels with en banc correction,5120,0.963,0.527,0.436,0.415,0.586,0.224,0.423,0.163,0.104,0.001,0.057,0.042,0.102,0.644,0.530,0.502,0.391,0.239,0.562,0.436,0.414,0.546,0.508,0.658,0.044,0.414,0.131,0.007,0.496,0.368,0.336,0.086,0.610,0.349,0.531,0.732,0.608,0.706,0.753,0.680,0.785,0.675,0.545,0.647,0.039,0.074,0.184,0.635,0.025,0.376,0.592,0.752,0.215,0.134,0.423,0.352,0.257,0.000,0.352,0.043,0.214,0.000,0.484,0.000,0.287,0.073,0.510,0.168,0.805,0.195,0.000,0.000,0.000,0.000,0.000,0.000,0.000,0.000,0.197,0.144,0.408,0.542,0.085,0.336,0.121,0.038,0.251,0.159,0.182,0.016,0.076,0.019,0.000,0.004,0.098,0.000,0.009,0.058,0.065,0.008,0.000,0.367,0.235,0.186,0.077,0.134,0.273,0.113,0.367,0.367,0.740,0.118,0.198,0.284,0.106,0.098,0.765,0.073,0.591,0.543,0.572,0.307,0.083,0.052,0.065,0.101,0.179,0.214
imported-legislative-output,Imported Legislative Output,Docket assumptions derived from a legislative simulator campaign CSV.,1.000,neutral/imported blend,cross-checking-courts,Supreme court with cross-checking constitutional court,5120,0.958,0.522,0.436,0.409,0.586,0.218,0.423,0.163,0.104,0.001,0.059,0.041,0.102,0.644,0.530,0.502,0.391,0.220,0.562,0.436,0.414,0.546,0.508,0.658,0.044,0.444,0.131,0.005,0.496,0.368,0.336,0.087,0.628,0.333,0.451,0.732,0.591,0.708,0.754,0.676,0.791,0.676,0.530,0.628,0.015,0.067,0.193,0.592,0.015,0.398,0.580,0.749,0.279,0.085,0.398,0.358,0.195,0.000,0.358,0.071,0.124,0.163,0.110,0.000,0.095,0.108,0.581,0.202,0.478,0.522,0.142,0.000,0.000,0.000,0.000,0.000,0.000,0.000,0.198,0.120,0.446,0.548,0.080,0.331,0.120,0.038,0.254,0.158,0.184,0.017,0.074,0.019,0.000,0.007,0.091,0.000,0.007,0.057,0.063,0.008,0.000,0.367,0.235,0.186,0.077,0.134,0.273,0.067,0.224,0.220,0.442,0.000,0.091,0.122,0.092,0.070,0.766,0.082,0.595,0.529,0.532,0.307,0.083,0.052,0.065,0.101,0.179,0.214
imported-legislative-output,Imported Legislative Output,Docket assumptions derived from a legislative simulator campaign CSV.,1.000,neutral/imported blend,dual-supreme-courts,Dual supreme courts with disagreement filter,5120,0.962,0.520,0.441,0.404,0.586,0.222,0.423,0.163,0.102,0.001,0.055,0.022,0.102,0.644,0.530,0.502,0.391,0.242,0.562,0.436,0.414,0.546,0.508,0.658,0.044,0.444,0.131,0.004,0.496,0.368,0.336,0.093,0.608,0.333,0.456,0.732,0.582,0.693,0.752,0.656,0.749,0.663,0.523,0.643,0.015,0.070,0.198,0.595,0.025,0.406,0.589,0.745,0.314,0.136,0.388,0.366,0.202,0.000,0.366,0.078,0.124,0.165,0.118,0.000,0.100,0.111,0.587,0.204,0.480,0.520,0.140,0.000,0.000,0.000,0.000,0.000,0.000,0.000,0.207,0.159,0.456,0.582,0.086,0.335,0.117,0.038,0.261,0.157,0.203,0.016,0.076,0.019,0.000,0.009,0.093,0.000,0.008,0.063,0.059,0.008,0.000,0.367,0.235,0.186,0.077,0.134,0.273,0.113,0.369,0.354,0.735,0.000,0.273,0.257,0.108,0.105,0.725,0.084,0.583,0.522,0.532,0.307,0.083,0.052,0.065,0.101,0.179,0.214
imported-legislative-output,Imported Legislative Output,Docket assumptions derived from a legislative simulator campaign CSV.,1.000,neutral/imported blend,comparative-constitutional-senates,Comparative 16-seat constitutional senates,5120,0.962,0.519,0.443,0.408,0.586,0.222,0.423,0.163,0.104,0.001,0.051,0.032,0.102,0.644,0.530,0.502,0.391,0.241,0.562,0.436,0.414,0.546,0.508,0.658,0.044,0.474,0.131,0.006,0.496,0.368,0.336,0.087,0.608,0.333,0.571,0.732,0.602,0.709,0.745,0.686,0.802,0.676,0.546,0.638,0.020,0.065,0.190,0.629,0.016,0.374,0.583,0.751,0.243,0.100,0.395,0.351,0.197,0.000,0.351,0.074,0.123,0.154,0.485,0.000,0.100,0.111,0.558,0.193,0.817,0.183,0.000,0.000,0.000,0.000,0.000,0.000,0.000,0.000,0.200,0.125,0.444,0.533,0.082,0.340,0.119,0.040,0.253,0.153,0.180,0.015,0.079,0.020,0.000,0.004,0.096,0.000,0.009,0.059,0.058,0.008,0.000,0.367,0.235,0.186,0.077,0.134,0.273,0.088,0.296,0.304,0.563,0.000,0.227,0.108,0.090,0.081,0.777,0.081,0.592,0.544,0.569,0.307,0.083,0.052,0.065,0.101,0.179,0.214
imported-legislative-output,Imported Legislative Output,Docket assumptions derived from a legislative simulator campaign CSV.,1.000,neutral/imported blend,constitutional-council,Pre-enactment constitutional council,5120,0.966,0.531,0.435,0.422,0.586,0.234,0.423,0.163,0.107,0.001,0.058,0.036,0.102,0.644,0.530,0.502,0.391,0.238,0.562,0.436,0.414,0.546,0.508,0.658,0.044,0.434,0.131,0.008,0.496,0.368,0.336,0.091,0.651,0.349,0.487,0.732,0.604,0.712,0.757,0.686,0.792,0.677,0.557,0.645,0.027,0.078,0.190,0.650,0.023,0.387,0.608,0.759,0.270,0.124,0.428,0.364,0.261,0.000,0.364,0.041,0.219,0.000,0.326,0.000,0.104,0.076,0.564,0.190,0.807,0.193,0.000,0.327,0.000,0.000,0.065,0.019,0.026,0.001,0.203,0.162,0.420,0.554,0.128,0.330,0.132,0.044,0.251,0.160,0.194,0.011,0.063,0.013,0.160,0.004,0.061,0.000,0.008,0.070,0.065,0.008,0.000,0.367,0.235,0.186,0.077,0.134,0.273,0.108,0.365,0.278,0.721,0.000,0.045,0.176,0.104,0.088,0.769,0.073,0.596,0.556,0.591,0.307,0.083,0.052,0.065,0.101,0.179,0.214
imported-legislative-output,Imported Legislative Output,Docket assumptions derived from a legislative simulator campaign CSV.,1.000,neutral/imported blend,legislative-override,Judicial review with legislative supermajority override,5120,0.963,0.527,0.435,0.413,0.586,0.230,0.423,0.163,0.103,0.001,0.055,0.033,0.102,0.644,0.530,0.502,0.391,0.239,0.562,0.436,0.414,0.546,0.508,0.658,0.044,0.444,0.131,0.008,0.496,0.368,0.336,0.087,0.610,0.349,0.440,0.732,0.607,0.703,0.755,0.676,0.781,0.673,0.539,0.645,0.014,0.076,0.188,0.592,0.024,0.388,0.596,0.750,0.208,0.138,0.426,0.361,0.264,0.000,0.361,0.042,0.222,0.000,0.048,0.000,0.072,0.108,0.583,0.206,0.473,0.527,0.000,0.000,0.000,0.000,0.078,0.016,0.024,0.002,0.203,0.170,0.417,0.553,0.136,0.332,0.121,0.039,0.254,0.163,0.186,0.013,0.053,0.014,0.163,0.006,0.061,0.000,0.007,0.067,0.061,0.009,0.000,0.367,0.235,0.186,0.077,0.134,0.273,0.110,0.365,0.329,0.712,0.118,0.318,0.172,0.108,0.097,0.757,0.073,0.590,0.538,0.536,0.307,0.083,0.052,0.065,0.101,0.179,0.214
imported-legislative-output,Imported Legislative Output,Docket assumptions derived from a legislative simulator campaign CSV.,1.000,neutral/imported blend,accountability-retention-court,Retention-election accountability court,5120,0.963,0.517,0.445,0.402,0.586,0.219,0.423,0.163,0.108,0.001,0.051,0.042,0.102,0.644,0.530,0.502,0.391,0.240,0.562,0.436,0.414,0.546,0.508,0.658,0.044,0.444,0.131,0.008,0.496,0.368,0.336,0.091,0.611,0.349,0.441,0.732,0.608,0.704,0.754,0.681,0.788,0.679,0.540,0.637,0.021,0.075,0.185,0.587,0.019,0.383,0.594,0.748,0.198,0.122,0.418,0.355,0.256,0.000,0.355,0.038,0.218,0.000,0.049,0.000,0.104,0.314,0.606,0.254,0.483,0.517,0.000,0.000,0.000,0.000,0.075,0.035,0.000,0.003,0.199,0.155,0.419,0.544,0.099,0.327,0.122,0.038,0.258,0.159,0.175,0.013,0.056,0.011,0.159,0.005,0.061,0.000,0.008,0.060,0.063,0.008,0.000,0.367,0.235,0.186,0.077,0.134,0.273,0.105,0.345,0.316,0.702,0.059,0.227,0.189,0.102,0.083,0.759,0.072,0.591,0.540,0.531,0.307,0.083,0.052,0.065,0.101,0.179,0.214
imported-legislative-output,Imported Legislative Output,Docket assumptions derived from a legislative simulator campaign CSV.,1.000,neutral/imported blend,emergency-restraint-court,No emergency relief without merits review,5120,0.963,0.518,0.445,0.413,0.586,0.219,0.423,0.163,0.103,0.001,0.055,0.038,0.102,0.644,0.530,0.502,0.391,0.236,0.562,0.436,0.414,0.546,0.508,0.658,0.044,0.444,0.131,0.009,0.496,0.368,0.336,0.080,0.613,0.284,0.449,0.732,0.616,0.709,0.773,0.678,0.778,0.672,0.549,0.650,0.022,0.009,0.175,0.636,0.026,0.371,0.593,0.764,0.215,0.150,0.481,0.349,0.349,0.000,0.349,0.000,0.349,0.000,0.101,0.000,0.073,0.115,0.568,0.198,0.482,0.518,0.000,0.000,0.000,0.000,0.000,0.000,0.000,0.000,0.190,0.155,0.366,0.543,0.083,0.328,0.117,0.034,0.255,0.149,0.178,0.015,0.080,0.018,0.000,0.005,0.086,0.000,0.008,0.058,0.069,0.010,0.000,0.367,0.235,0.186,0.077,0.134,0.273,0.129,0.408,0.380,0.935,0.000,0.273,0.284,0.119,0.101,0.764,0.060,0.600,0.548,0.579,0.307,0.083,0.052,0.065,0.101,0.179,0.214
imported-legislative-output,Imported Legislative Output,Docket assumptions derived from a legislative simulator campaign CSV.,1.000,neutral/imported blend,randomized-merits-panels,Randomized merits panels with en banc correction,5120,0.964,0.526,0.438,0.417,0.586,0.225,0.423,0.163,0.110,0.001,0.055,0.043,0.102,0.644,0.530,0.502,0.391,0.239,0.562,0.436,0.414,0.546,0.508,0.658,0.044,0.414,0.131,0.010,0.496,0.368,0.336,0.085,0.610,0.349,0.554,0.732,0.607,0.707,0.750,0.679,0.784,0.675,0.546,0.646,0.038,0.076,0.188,0.636,0.023,0.376,0.591,0.751,0.222,0.136,0.425,0.361,0.264,0.000,0.361,0.044,0.220,0.000,0.511,0.000,0.105,0.076,0.522,0.171,0.806,0.194,0.000,0.000,0.000,0.000,0.000,0.000,0.000,0.000,0.197,0.146,0.414,0.537,0.087,0.336,0.124,0.041,0.254,0.160,0.181,0.014,0.082,0.018,0.000,0.002,0.094,0.000,0.007,0.061,0.063,0.010,0.000,0.367,0.235,0.186,0.077,0.134,0.273,0.115,0.364,0.468,0.763,0.000,0.318,0.257,0.107,0.099,0.763,0.073,0.592,0.544,0.574,0.307,0.083,0.052,0.065,0.101,0.179,0.214
imported-legislative-output,Imported Legislative Output,Docket assumptions derived from a legislative simulator campaign CSV.,1.000,neutral/imported blend,mandatory-written-emergency-reasoning,Mandatory written emergency reasoning,5120,0.963,0.521,0.442,0.418,0.586,0.222,0.423,0.163,0.101,0.000,0.050,0.025,0.102,0.644,0.530,0.502,0.391,0.239,0.562,0.436,0.414,0.546,0.508,0.658,0.044,0.444,0.131,0.006,0.496,0.368,0.336,0.086,0.610,0.322,0.439,0.732,0.608,0.706,0.756,0.679,0.785,0.674,0.544,0.645,0.032,0.048,0.195,0.592,0.024,0.379,0.589,0.748,0.215,0.136,0.427,0.364,0.238,0.000,0.364,0.076,0.162,0.000,0.043,0.000,0.072,0.113,0.579,0.203,0.479,0.521,0.000,0.000,0.000,0.000,0.000,0.000,0.000,0.000,0.207,0.145,0.441,0.591,0.086,0.343,0.115,0.036,0.261,0.161,0.249,0.014,0.074,0.017,0.000,0.005,0.096,0.000,0.006,0.058,0.063,0.008,0.000,0.367,0.235,0.186,0.077,0.134,0.273,0.111,0.367,0.380,0.721,0.235,0.182,0.189,0.103,0.105,0.762,0.082,0.592,0.544,0.524,0.307,0.083,0.052,0.065,0.101,0.179,0.214
imported-legislative-output,Imported Legislative Output,Docket assumptions derived from a legislative simulator campaign CSV.,1.000,neutral/imported blend,automatic-merits-follow-up,Automatic merits follow-up for emergency relief,5120,0.964,0.509,0.455,0.403,0.586,0.212,0.423,0.163,0.110,0.000,0.063,0.036,0.102,0.644,0.530,0.502,0.391,0.236,0.562,0.436,0.414,0.546,0.508,0.658,0.044,0.443,0.131,0.008,0.496,0.368,0.336,0.079,0.613,0.302,0.440,0.732,0.610,0.706,0.767,0.672,0.764,0.668,0.548,0.650,0.035,0.016,0.175,0.620,0.029,0.372,0.592,0.758,0.228,0.164,0.476,0.346,0.346,0.000,0.346,0.077,0.346,0.000,0.045,0.000,0.071,0.111,0.568,0.197,0.491,0.509,0.000,0.000,0.000,0.000,0.000,0.000,0.000,0.000,0.201,0.169,0.363,0.594,0.094,0.320,0.124,0.042,0.236,0.160,0.245,0.014,0.077,0.019,0.000,0.005,0.106,0.000,0.009,0.063,0.060,0.009,0.000,0.367,0.235,0.186,0.077,0.134,0.273,0.134,0.420,0.418,0.967,0.176,0.364,0.257,0.122,0.123,0.749,0.069,0.599,0.543,0.554,0.307,0.083,0.052,0.065,0.101,0.179,0.214
imported-legislative-output,Imported Legislative Output,Docket assumptions derived from a legislative simulator campaign CSV.,1.000,neutral/imported blend,strong-recusal-enforcement,Independent recusal enforcement with substitutes,5120,0.961,0.523,0.438,0.410,0.586,0.222,0.423,0.163,0.107,0.000,0.052,0.043,0.102,0.644,0.530,0.502,0.391,0.239,0.562,0.436,0.414,0.546,0.508,0.658,0.044,0.444,0.131,0.007,0.496,0.368,0.336,0.079,0.610,0.350,0.452,0.732,0.607,0.706,0.756,0.678,0.780,0.675,0.547,0.646,0.020,0.075,0.187,0.603,0.024,0.375,0.590,0.751,0.220,0.134,0.423,0.356,0.256,0.000,0.356,0.039,0.216,0.000,0.099,0.000,0.070,0.111,0.595,0.209,0.477,0.523,0.000,0.000,0.000,0.000,0.000,0.000,0.000,0.000,0.198,0.144,0.418,0.540,0.084,0.339,0.118,0.036,0.260,0.152,0.176,0.015,0.079,0.018,0.000,0.005,0.092,0.000,0.006,0.059,0.060,0.007,0.000,0.367,0.235,0.186,0.077,0.134,0.273,0.112,0.364,0.346,0.758,0.118,0.227,0.203,0.106,0.097,0.756,0.072,0.593,0.546,0.544,0.307,0.083,0.052,0.065,0.101,0.179,0.214
imported-legislative-output,Imported Legislative Output,Docket assumptions derived from a legislative simulator campaign CSV.,1.000,neutral/imported blend,jurisdiction-stripping-constraints,Jurisdiction stripping constrained by rights carveouts,5120,0.960,0.520,0.440,0.407,0.586,0.221,0.423,0.163,0.099,0.001,0.047,0.032,0.102,0.644,0.530,0.502,0.391,0.238,0.562,0.436,0.414,0.546,0.508,0.658,0.044,0.394,0.131,0.008,0.496,0.368,0.336,0.088,0.640,0.348,0.440,0.732,0.612,0.709,0.761,0.676,0.779,0.674,0.543,0.646,0.014,0.072,0.183,0.591,0.023,0.381,0.592,0.755,0.198,0.135,0.424,0.348,0.258,0.000,0.348,0.040,0.218,0.000,0.043,0.000,0.073,0.113,0.580,0.202,0.480,0.520,0.000,0.000,0.000,0.000,0.075,0.000,0.000,0.000,0.195,0.179,0.411,0.548,0.132,0.332,0.121,0.039,0.249,0.155,0.182,0.017,0.115,0.021,0.000,0.005,0.000,0.000,0.008,0.060,0.064,0.012,0.000,0.367,0.235,0.186,0.077,0.134,0.273,0.112,0.373,0.296,0.735,0.118,0.318,0.189,0.106,0.098,0.756,0.072,0.594,0.553,0.542,0.307,0.083,0.052,0.065,0.101,0.179,0.214
imported-legislative-output,Imported Legislative Output,Docket assumptions derived from a legislative simulator campaign CSV.,1.000,neutral/imported blend,legislative-override-window,Time-limited legislative override window,5120,0.963,0.525,0.438,0.412,0.586,0.226,0.423,0.163,0.100,0.001,0.051,0.029,0.102,0.644,0.530,0.502,0.391,0.241,0.562,0.436,0.414,0.546,0.508,0.658,0.044,0.444,0.131,0.009,0.496,0.368,0.336,0.097,0.611,0.350,0.440,0.732,0.606,0.702,0.754,0.673,0.777,0.673,0.537,0.648,0.014,0.076,0.190,0.591,0.025,0.390,0.596,0.749,0.208,0.138,0.424,0.364,0.264,0.000,0.364,0.040,0.224,0.000,0.043,0.000,0.071,0.111,0.585,0.205,0.475,0.525,0.000,0.000,0.000,0.000,0.077,0.022,0.028,0.000,0.205,0.172,0.429,0.552,0.130,0.335,0.125,0.041,0.264,0.160,0.179,0.013,0.055,0.013,0.160,0.003,0.060,0.000,0.009,0.061,0.064,0.010,0.000,0.367,0.235,0.186,0.077,0.134,0.273,0.117,0.373,0.405,0.791,0.235,0.136,0.257,0.108,0.097,0.753,0.073,0.588,0.537,0.535,0.307,0.083,0.052,0.065,0.101,0.179,0.214
imported-legislative-output,Imported Legislative Output,Docket assumptions derived from a legislative simulator campaign CSV.,1.000,neutral/imported blend,constitutional-remand,Constitutional remand before invalidation,5120,0.962,0.528,0.433,0.414,0.586,0.225,0.423,0.163,0.100,0.001,0.051,0.036,0.102,0.644,0.530,0.502,0.391,0.206,0.562,0.436,0.414,0.546,0.508,0.658,0.044,0.404,0.131,0.008,0.496,0.368,0.336,0.086,0.625,0.349,0.443,0.732,0.607,0.719,0.762,0.697,0.806,0.688,0.564,0.642,0.020,0.075,0.190,0.619,0.017,0.373,0.604,0.759,0.281,0.095,0.431,0.363,0.261,0.000,0.363,0.039,0.222,0.000,0.061,0.000,0.089,0.073,0.593,0.197,0.472,0.528,0.000,0.380,0.038,0.000,0.051,0.017,0.019,0.001,0.194,0.131,0.420,0.533,0.108,0.336,0.127,0.042,0.255,0.152,0.193,0.013,0.056,0.013,0.152,0.003,0.065,0.000,0.009,0.064,0.063,0.006,0.000,0.367,0.235,0.186,0.077,0.134,0.273,0.100,0.328,0.314,0.685,0.150,0.116,0.128,0.095,0.078,0.781,0.073,0.605,0.564,0.560,0.307,0.083,0.052,0.065,0.101,0.179,0.214
imported-legislative-output,Imported Legislative Output,Docket assumptions derived from a legislative simulator campaign CSV.,1.000,neutral/imported blend,public-interest-litigation-filter,Public-interest litigation filter,5120,0.966,0.525,0.441,0.415,0.586,0.224,0.423,0.163,0.109,0.000,0.056,0.029,0.102,0.644,0.530,0.502,0.391,0.239,0.562,0.436,0.414,0.546,0.508,0.658,0.044,0.357,0.131,0.008,0.496,0.368,0.336,0.084,0.610,0.349,0.442,0.732,0.608,0.707,0.762,0.680,0.784,0.676,0.546,0.647,0.022,0.076,0.188,0.593,0.021,0.375,0.591,0.749,0.223,0.131,0.420,0.358,0.254,0.000,0.358,0.044,0.209,0.000,0.060,0.000,0.065,0.117,0.591,0.202,0.475,0.525,0.000,0.000,0.000,0.111,0.000,0.000,0.000,0.000,0.193,0.146,0.419,0.542,0.088,0.333,0.119,0.043,0.254,0.158,0.179,0.015,0.079,0.021,0.000,0.005,0.087,0.000,0.006,0.059,0.066,0.009,0.000,0.367,0.235,0.186,0.077,0.134,0.273,0.115,0.380,0.405,0.735,0.176,0.289,0.216,0.105,0.096,0.760,0.073,0.592,0.545,0.533,0.307,0.083,0.052,0.065,0.101,0.179,0.214
imported-legislative-output,Imported Legislative Output,Docket assumptions derived from a legislative simulator campaign CSV.,1.000,neutral/imported blend,emergency-integrity-package,Emergency integrity package,5120,0.958,0.529,0.428,0.414,0.586,0.233,0.423,0.163,0.098,0.000,0.057,0.035,0.102,0.644,0.530,0.502,0.391,0.236,0.562,0.436,0.414,0.546,0.508,0.658,0.044,0.444,0.131,0.005,0.496,0.368,0.336,0.082,0.614,0.302,0.452,0.732,0.609,0.709,0.770,0.678,0.782,0.672,0.547,0.654,0.021,0.016,0.179,0.644,0.028,0.375,0.596,0.763,0.255,0.146,0.493,0.358,0.358,0.000,0.358,0.074,0.358,0.000,0.097,0.000,0.071,0.111,0.593,0.208,0.471,0.529,0.000,0.000,0.000,0.000,0.000,0.000,0.000,0.000,0.192,0.152,0.357,0.543,0.087,0.333,0.119,0.042,0.240,0.158,0.183,0.015,0.079,0.021,0.000,0.004,0.093,0.000,0.009,0.060,0.071,0.006,0.000,0.367,0.235,0.186,0.077,0.134,0.273,0.128,0.413,0.346,0.916,0.118,0.273,0.216,0.120,0.112,0.766,0.071,0.599,0.545,0.585,0.307,0.083,0.052,0.065,0.101,0.179,0.214
imported-legislative-output,Imported Legislative Output,Docket assumptions derived from a legislative simulator campaign CSV.,1.000,neutral/imported blend,remand-override-window-package,Constitutional remand with override window,5120,0.968,0.536,0.432,0.415,0.586,0.232,0.423,0.163,0.109,0.001,0.064,0.037,0.102,0.644,0.530,0.502,0.391,0.205,0.562,0.436,0.414,0.546,0.508,0.658,0.044,0.404,0.131,0.007,0.496,0.368,0.336,0.078,0.625,0.321,0.443,0.732,0.604,0.720,0.767,0.699,0.814,0.688,0.565,0.641,0.022,0.048,0.197,0.626,0.016,0.377,0.607,0.761,0.314,0.094,0.435,0.371,0.245,0.000,0.371,0.070,0.175,0.000,0.060,0.000,0.089,0.075,0.593,0.202,0.464,0.536,0.000,0.388,0.037,0.000,0.054,0.015,0.019,0.000,0.190,0.126,0.425,0.519,0.110,0.339,0.125,0.041,0.259,0.154,0.175,0.013,0.060,0.012,0.154,0.003,0.062,0.000,0.008,0.061,0.070,0.005,0.000,0.367,0.235,0.186,0.077,0.134,0.273,0.096,0.321,0.311,0.647,0.059,0.095,0.119,0.092,0.083,0.790,0.081,0.605,0.566,0.568,0.307,0.083,0.052,0.065,0.101,0.179,0.214
imported-legislative-output,Imported Legislative Output,Docket assumptions derived from a legislative simulator campaign CSV.,1.000,neutral/imported blend,panel-jurisdiction-safeguards,Random panels with jurisdiction safeguards,5120,0.958,0.523,0.435,0.405,0.586,0.224,0.423,0.163,0.103,0.001,0.057,0.033,0.102,0.644,0.530,0.502,0.391,0.240,0.562,0.436,0.414,0.546,0.508,0.658,0.044,0.364,0.131,0.006,0.496,0.368,0.336,0.088,0.638,0.332,0.582,0.732,0.603,0.709,0.753,0.679,0.790,0.671,0.544,0.637,0.037,0.067,0.194,0.632,0.020,0.381,0.589,0.753,0.245,0.118,0.392,0.362,0.206,0.000,0.362,0.075,0.131,0.155,0.553,0.000,0.107,0.074,0.536,0.170,0.810,0.190,0.000,0.000,0.000,0.000,0.065,0.000,0.000,0.000,0.194,0.169,0.437,0.544,0.126,0.321,0.137,0.046,0.248,0.155,0.188,0.017,0.128,0.024,0.000,0.005,0.000,0.000,0.006,0.067,0.067,0.009,0.000,0.367,0.235,0.186,0.077,0.134,0.273,0.095,0.297,0.278,0.688,0.176,0.182,0.216,0.096,0.092,0.768,0.082,0.592,0.552,0.578,0.307,0.083,0.052,0.065,0.101,0.179,0.214
imported-legislative-output,Imported Legislative Output,Docket assumptions derived from a legislative simulator campaign CSV.,1.000,neutral/imported blend,council-concrete-hybrid,Constitutional council with concrete-review backstop,5120,0.963,0.517,0.445,0.402,0.586,0.216,0.423,0.163,0.109,0.000,0.058,0.043,0.102,0.644,0.530,0.502,0.391,0.237,0.562,0.436,0.414,0.546,0.508,0.658,0.044,0.434,0.131,0.007,0.496,0.368,0.336,0.079,0.650,0.349,0.521,0.732,0.603,0.714,0.757,0.689,0.794,0.680,0.561,0.641,0.018,0.074,0.185,0.646,0.018,0.380,0.601,0.762,0.280,0.110,0.416,0.353,0.256,0.000,0.353,0.039,0.217,0.000,0.408,0.000,0.112,0.107,0.565,0.195,0.805,0.195,0.000,0.323,0.000,0.000,0.065,0.019,0.024,0.002,0.198,0.141,0.422,0.542,0.125,0.338,0.117,0.039,0.250,0.167,0.181,0.013,0.050,0.015,0.167,0.005,0.059,0.000,0.010,0.060,0.057,0.008,0.000,0.367,0.235,0.186,0.077,0.134,0.273,0.099,0.317,0.283,0.702,0.059,0.000,0.230,0.098,0.078,0.770,0.072,0.599,0.562,0.590,0.307,0.083,0.052,0.065,0.101,0.179,0.214
low-appointment-capture,Low Appointment Capture,Appointment incentives are less partisan and the justice pool is less polarized.,0.750,neutral synthetic legislature,current-us-like,Stylized current U.S.-like supreme court,5120,0.962,0.519,0.443,0.401,0.578,0.212,0.417,0.161,0.110,0.000,0.059,0.044,0.103,0.667,0.546,0.508,0.369,0.252,0.575,0.430,0.417,0.558,0.519,0.664,0.043,0.493,0.132,0.006,0.509,0.368,0.342,0.099,0.600,0.494,0.444,0.739,0.596,0.686,0.697,0.662,0.750,0.672,0.532,0.642,0.030,0.230,0.245,0.473,0.028,0.402,0.579,0.706,0.142,0.108,0.277,0.359,0.051,0.051,0.000,0.051,0.000,0.000,0.011,0.000,0.032,0.311,0.521,0.240,0.481,0.519,0.000,0.000,0.000,0.000,0.000,0.000,0.000,0.000,0.235,0.143,0.555,0.611,0.085,0.332,0.126,0.044,0.267,0.154,0.268,0.019,0.075,0.019,0.000,0.012,0.099,0.000,0.006,0.063,0.061,0.008,0.000,0.349,0.244,0.188,0.076,0.142,0.310,0.131,0.355,0.295,0.962,0.226,0.320,0.111,0.090,0.081,0.700,0.118,0.569,0.529,0.395,0.311,0.076,0.052,0.060,0.091,0.179,0.232
low-appointment-capture,Low Appointment Capture,Appointment incentives are less partisan and the justice pool is less polarized.,0.750,neutral synthetic legislature,term-limited-balanced,18-year staggered terms + regular appointments,5120,0.962,0.539,0.423,0.422,0.578,0.239,0.417,0.161,0.104,0.001,0.060,0.039,0.103,0.667,0.546,0.508,0.369,0.243,0.575,0.430,0.417,0.558,0.519,0.664,0.043,0.454,0.132,0.006,0.509,0.368,0.342,0.087,0.609,0.349,0.448,0.739,0.607,0.695,0.752,0.663,0.754,0.665,0.539,0.644,0.032,0.076,0.188,0.592,0.044,0.391,0.598,0.746,0.183,0.169,0.437,0.354,0.262,0.000,0.354,0.045,0.218,0.000,0.031,0.000,0.075,0.108,0.522,0.202,0.461,0.539,0.000,0.000,0.000,0.000,0.000,0.000,0.000,0.000,0.212,0.172,0.396,0.611,0.090,0.334,0.134,0.041,0.243,0.158,0.271,0.019,0.085,0.020,0.000,0.006,0.109,0.000,0.006,0.068,0.076,0.008,0.000,0.349,0.244,0.188,0.076,0.142,0.310,0.135,0.404,0.375,0.750,0.323,0.240,0.182,0.121,0.121,0.732,0.071,0.586,0.533,0.522,0.311,0.076,0.052,0.060,0.091,0.179,0.232
low-appointment-capture,Low Appointment Capture,Appointment incentives are less partisan and the justice pool is less polarized.,0.750,neutral synthetic legislature,nonpartisan-commission,Nonpartisan commission appointments,5120,0.965,0.543,0.422,0.429,0.578,0.245,0.417,0.161,0.108,0.001,0.057,0.044,0.103,0.667,0.546,0.508,0.369,0.244,0.575,0.430,0.417,0.558,0.519,0.664,0.043,0.454,0.132,0.007,0.509,0.368,0.342,0.091,0.610,0.350,0.451,0.739,0.604,0.694,0.754,0.660,0.749,0.663,0.537,0.646,0.022,0.074,0.186,0.601,0.042,0.393,0.601,0.749,0.204,0.177,0.445,0.349,0.266,0.000,0.349,0.046,0.219,0.000,0.048,0.000,0.069,0.112,0.510,0.198,0.457,0.543,0.000,0.000,0.000,0.000,0.000,0.000,0.000,0.000,0.207,0.182,0.401,0.568,0.093,0.335,0.140,0.044,0.254,0.168,0.194,0.023,0.091,0.022,0.000,0.007,0.099,0.000,0.007,0.071,0.069,0.012,0.000,0.349,0.244,0.188,0.076,0.142,0.310,0.140,0.426,0.393,0.771,0.290,0.240,0.141,0.124,0.126,0.728,0.071,0.585,0.532,0.539,0.311,0.076,0.052,0.060,0.091,0.179,0.232
low-appointment-capture,Low Appointment Capture,Appointment incentives are less partisan and the justice pool is less polarized.,0.750,neutral synthetic legislature,expanded-court-fifteen,Expanded 15-seat court,5120,0.967,0.528,0.439,0.412,0.578,0.224,0.417,0.161,0.110,0.001,0.069,0.032,0.103,0.667,0.546,0.508,0.369,0.244,0.575,0.430,0.417,0.558,0.519,0.664,0.043,0.454,0.132,0.005,0.509,0.368,0.342,0.087,0.609,0.349,0.452,0.739,0.601,0.694,0.752,0.664,0.752,0.666,0.541,0.643,0.019,0.079,0.190,0.593,0.040,0.386,0.593,0.747,0.215,0.163,0.423,0.354,0.254,0.000,0.354,0.045,0.210,0.000,0.034,0.000,0.071,0.420,0.562,0.281,0.472,0.528,0.000,0.000,0.000,0.000,0.000,0.000,0.000,0.000,0.210,0.166,0.408,0.602,0.089,0.335,0.122,0.039,0.245,0.161,0.255,0.016,0.076,0.018,0.000,0.007,0.106,0.000,0.005,0.058,0.071,0.008,0.000,0.349,0.244,0.188,0.076,0.142,0.310,0.133,0.403,0.333,0.750,0.161,0.280,0.182,0.118,0.117,0.721,0.071,0.587,0.537,0.525,0.311,0.076,0.052,0.060,0.091,0.179,0.232
low-appointment-capture,Low Appointment Capture,Appointment incentives are less partisan and the justice pool is less polarized.,0.750,neutral synthetic legislature,supermajority-review,60 percent invalidation threshold,5120,0.965,0.535,0.431,0.413,0.578,0.237,0.417,0.161,0.108,0.001,0.060,0.038,0.103,0.667,0.546,0.508,0.369,0.246,0.575,0.430,0.417,0.558,0.519,0.664,0.043,0.454,0.132,0.007,0.509,0.368,0.342,0.093,0.607,0.335,0.447,0.739,0.609,0.698,0.750,0.672,0.782,0.664,0.538,0.638,0.032,0.069,0.192,0.577,0.036,0.389,0.591,0.742,0.177,0.138,0.400,0.350,0.195,0.000,0.350,0.083,0.113,0.154,0.030,0.000,0.028,0.109,0.521,0.197,0.465,0.535,0.000,0.000,0.000,0.000,0.000,0.000,0.000,0.000,0.212,0.151,0.436,0.598,0.085,0.342,0.125,0.041,0.262,0.156,0.261,0.021,0.078,0.021,0.000,0.005,0.109,0.000,0.006,0.065,0.060,0.007,0.000,0.349,0.244,0.188,0.076,0.142,0.310,0.115,0.355,0.307,0.636,0.129,0.240,0.081,0.105,0.108,0.758,0.080,0.583,0.534,0.507,0.311,0.076,0.052,0.060,0.091,0.179,0.232
low-appointment-capture,Low Appointment Capture,Appointment incentives are less partisan and the justice pool is less polarized.,0.750,neutral synthetic legislature,recusal-and-emergency-reform,Peer recusal + reasoned emergency docket,5120,0.963,0.531,0.432,0.423,0.578,0.227,0.417,0.161,0.106,0.001,0.058,0.045,0.103,0.667,0.546,0.508,0.369,0.244,0.575,0.430,0.417,0.558,0.519,0.664,0.043,0.454,0.132,0.007,0.509,0.368,0.342,0.089,0.609,0.349,0.451,0.739,0.605,0.697,0.751,0.667,0.764,0.667,0.539,0.642,0.035,0.076,0.186,0.592,0.038,0.387,0.594,0.746,0.209,0.159,0.430,0.350,0.259,0.000,0.350,0.044,0.214,0.000,0.054,0.000,0.075,0.109,0.527,0.198,0.469,0.531,0.000,0.000,0.000,0.000,0.000,0.000,0.000,0.000,0.210,0.163,0.407,0.605,0.088,0.340,0.121,0.037,0.244,0.157,0.263,0.018,0.076,0.019,0.000,0.008,0.104,0.000,0.007,0.063,0.063,0.011,0.000,0.349,0.244,0.188,0.076,0.142,0.310,0.130,0.379,0.402,0.750,0.290,0.440,0.125,0.117,0.115,0.742,0.070,0.587,0.536,0.523,0.311,0.076,0.052,0.060,0.091,0.179,0.232
low-appointment-capture,Low Appointment Capture,Appointment incentives are less partisan and the justice pool is less polarized.,0.750,neutral synthetic legislature,panel-en-banc,Three-judge panels with en banc correction,5120,0.961,0.530,0.431,0.425,0.578,0.222,0.417,0.161,0.098,0.001,0.055,0.026,0.103,0.667,0.546,0.508,0.369,0.244,0.575,0.430,0.417,0.558,0.519,0.664,0.043,0.424,0.132,0.006,0.509,0.368,0.342,0.089,0.609,0.350,0.538,0.739,0.604,0.696,0.751,0.665,0.756,0.666,0.540,0.641,0.034,0.074,0.185,0.638,0.042,0.387,0.595,0.751,0.217,0.165,0.433,0.348,0.262,0.000,0.348,0.046,0.216,0.000,0.469,0.000,0.271,0.072,0.451,0.161,0.797,0.203,0.000,0.000,0.000,0.000,0.000,0.000,0.000,0.000,0.203,0.169,0.404,0.567,0.089,0.329,0.129,0.041,0.251,0.159,0.198,0.022,0.080,0.020,0.000,0.005,0.099,0.000,0.004,0.061,0.075,0.007,0.000,0.349,0.244,0.188,0.076,0.142,0.310,0.133,0.390,0.360,0.784,0.290,0.320,0.131,0.119,0.119,0.738,0.070,0.587,0.536,0.575,0.311,0.076,0.052,0.060,0.091,0.179,0.232
low-appointment-capture,Low Appointment Capture,Appointment incentives are less partisan and the justice pool is less polarized.,0.750,neutral synthetic legislature,cross-checking-courts,Supreme court with cross-checking constitutional court,5120,0.966,0.524,0.442,0.407,0.578,0.216,0.417,0.161,0.102,0.002,0.059,0.035,0.103,0.667,0.546,0.508,0.369,0.225,0.575,0.430,0.417,0.558,0.519,0.664,0.043,0.453,0.132,0.007,0.509,0.368,0.342,0.089,0.627,0.333,0.457,0.739,0.587,0.699,0.752,0.666,0.771,0.669,0.526,0.621,0.011,0.070,0.194,0.588,0.028,0.406,0.580,0.746,0.280,0.105,0.389,0.355,0.199,0.000,0.355,0.080,0.119,0.156,0.088,0.000,0.095,0.108,0.523,0.194,0.476,0.524,0.141,0.000,0.000,0.000,0.000,0.000,0.000,0.000,0.201,0.138,0.427,0.562,0.086,0.333,0.127,0.042,0.248,0.165,0.188,0.018,0.081,0.017,0.000,0.008,0.097,0.000,0.005,0.069,0.064,0.008,0.000,0.349,0.244,0.188,0.076,0.142,0.310,0.081,0.243,0.277,0.424,0.129,0.120,0.121,0.100,0.084,0.747,0.080,0.590,0.523,0.527,0.311,0.076,0.052,0.060,0.091,0.179,0.232
low-appointment-capture,Low Appointment Capture,Appointment incentives are less partisan and the justice pool is less polarized.,0.750,neutral synthetic legislature,dual-supreme-courts,Dual supreme courts with disagreement filter,5120,0.961,0.520,0.442,0.412,0.578,0.214,0.417,0.161,0.110,0.000,0.067,0.043,0.103,0.667,0.546,0.508,0.369,0.246,0.575,0.430,0.417,0.558,0.519,0.664,0.043,0.453,0.132,0.007,0.509,0.368,0.342,0.088,0.607,0.333,0.460,0.739,0.579,0.684,0.753,0.644,0.721,0.658,0.521,0.637,0.010,0.067,0.191,0.591,0.041,0.411,0.590,0.746,0.313,0.155,0.390,0.347,0.205,0.000,0.347,0.083,0.122,0.142,0.090,0.000,0.088,0.110,0.536,0.197,0.480,0.520,0.140,0.000,0.000,0.000,0.000,0.000,0.000,0.000,0.205,0.169,0.423,0.585,0.085,0.338,0.122,0.038,0.248,0.150,0.191,0.018,0.079,0.018,0.000,0.007,0.104,0.000,0.005,0.061,0.061,0.009,0.000,0.349,0.244,0.188,0.076,0.142,0.310,0.126,0.352,0.393,0.792,0.226,0.280,0.175,0.116,0.119,0.699,0.079,0.582,0.518,0.530,0.311,0.076,0.052,0.060,0.091,0.179,0.232
low-appointment-capture,Low Appointment Capture,Appointment incentives are less partisan and the justice pool is less polarized.,0.750,neutral synthetic legislature,comparative-constitutional-senates,Comparative 16-seat constitutional senates,5120,0.963,0.522,0.441,0.411,0.578,0.212,0.417,0.161,0.101,0.001,0.046,0.030,0.103,0.667,0.546,0.508,0.369,0.245,0.575,0.430,0.417,0.558,0.519,0.664,0.043,0.483,0.132,0.008,0.509,0.368,0.342,0.087,0.607,0.333,0.570,0.739,0.599,0.700,0.745,0.674,0.781,0.668,0.541,0.634,0.014,0.066,0.189,0.626,0.032,0.384,0.586,0.750,0.245,0.126,0.395,0.342,0.201,0.000,0.342,0.082,0.118,0.141,0.443,0.000,0.108,0.113,0.498,0.187,0.791,0.209,0.000,0.000,0.000,0.000,0.000,0.000,0.000,0.000,0.202,0.143,0.423,0.556,0.082,0.336,0.120,0.037,0.247,0.151,0.192,0.018,0.074,0.019,0.000,0.006,0.092,0.000,0.006,0.059,0.064,0.007,0.000,0.349,0.244,0.188,0.076,0.142,0.310,0.109,0.330,0.283,0.636,0.129,0.120,0.101,0.100,0.100,0.759,0.079,0.587,0.540,0.565,0.311,0.076,0.052,0.060,0.091,0.179,0.232
low-appointment-capture,Low Appointment Capture,Appointment incentives are less partisan and the justice pool is less polarized.,0.750,neutral synthetic legislature,constitutional-council,Pre-enactment constitutional council,5120,0.960,0.533,0.427,0.416,0.578,0.225,0.417,0.161,0.106,0.001,0.059,0.046,0.103,0.667,0.546,0.508,0.369,0.242,0.575,0.430,0.417,0.558,0.519,0.664,0.043,0.444,0.132,0.008,0.509,0.368,0.342,0.092,0.651,0.350,0.496,0.739,0.599,0.702,0.756,0.671,0.763,0.667,0.552,0.642,0.024,0.077,0.188,0.651,0.037,0.401,0.613,0.759,0.275,0.154,0.426,0.355,0.259,0.000,0.355,0.046,0.213,0.000,0.317,0.000,0.109,0.071,0.506,0.181,0.804,0.196,0.000,0.370,0.000,0.000,0.093,0.026,0.038,0.001,0.207,0.183,0.410,0.567,0.149,0.337,0.129,0.044,0.254,0.169,0.191,0.014,0.056,0.018,0.169,0.005,0.063,0.000,0.005,0.066,0.064,0.010,0.000,0.349,0.244,0.188,0.076,0.142,0.310,0.127,0.383,0.325,0.742,0.323,0.160,0.081,0.116,0.108,0.742,0.071,0.590,0.549,0.593,0.311,0.076,0.052,0.060,0.091,0.179,0.232
low-appointment-capture,Low Appointment Capture,Appointment incentives are less partisan and the justice pool is less polarized.,0.750,neutral synthetic legislature,legislative-override,Judicial review with legislative supermajority override,5120,0.965,0.529,0.436,0.421,0.578,0.229,0.417,0.161,0.102,0.001,0.055,0.038,0.103,0.667,0.546,0.508,0.369,0.246,0.575,0.430,0.417,0.558,0.519,0.664,0.043,0.454,0.132,0.008,0.509,0.368,0.342,0.102,0.609,0.350,0.448,0.739,0.602,0.693,0.753,0.660,0.754,0.664,0.530,0.643,0.010,0.075,0.184,0.592,0.038,0.402,0.599,0.748,0.208,0.163,0.428,0.344,0.257,0.000,0.344,0.049,0.208,0.000,0.032,0.000,0.070,0.104,0.524,0.196,0.471,0.529,0.000,0.000,0.000,0.000,0.096,0.017,0.038,0.002,0.214,0.209,0.407,0.583,0.167,0.328,0.139,0.048,0.252,0.178,0.202,0.015,0.060,0.015,0.178,0.006,0.062,0.000,0.007,0.070,0.067,0.011,0.001,0.349,0.244,0.188,0.076,0.142,0.310,0.134,0.396,0.393,0.763,0.290,0.200,0.182,0.118,0.116,0.732,0.070,0.583,0.526,0.535,0.311,0.076,0.052,0.060,0.091,0.179,0.232
low-appointment-capture,Low Appointment Capture,Appointment incentives are less partisan and the justice pool is less polarized.,0.750,neutral synthetic legislature,accountability-retention-court,Retention-election accountability court,5120,0.966,0.534,0.433,0.413,0.578,0.225,0.417,0.161,0.102,0.001,0.057,0.036,0.103,0.667,0.546,0.508,0.369,0.244,0.575,0.430,0.417,0.558,0.519,0.664,0.043,0.454,0.132,0.005,0.509,0.368,0.342,0.088,0.610,0.350,0.449,0.739,0.605,0.696,0.754,0.670,0.772,0.671,0.535,0.635,0.021,0.074,0.185,0.593,0.040,0.397,0.602,0.748,0.202,0.149,0.433,0.348,0.256,0.000,0.348,0.040,0.216,0.000,0.037,0.000,0.111,0.313,0.557,0.253,0.466,0.534,0.000,0.000,0.000,0.000,0.086,0.038,0.000,0.004,0.205,0.176,0.406,0.571,0.109,0.328,0.135,0.041,0.253,0.165,0.198,0.013,0.061,0.015,0.165,0.006,0.070,0.000,0.004,0.071,0.070,0.007,0.000,0.349,0.244,0.188,0.076,0.142,0.310,0.123,0.371,0.339,0.699,0.161,0.160,0.152,0.114,0.101,0.745,0.069,0.587,0.531,0.535,0.311,0.076,0.052,0.060,0.091,0.179,0.232
low-appointment-capture,Low Appointment Capture,Appointment incentives are less partisan and the justice pool is less polarized.,0.750,neutral synthetic legislature,emergency-restraint-court,No emergency relief without merits review,5120,0.963,0.530,0.433,0.418,0.578,0.220,0.417,0.161,0.097,0.001,0.046,0.033,0.103,0.667,0.546,0.508,0.369,0.242,0.575,0.430,0.417,0.558,0.519,0.664,0.043,0.454,0.132,0.007,0.509,0.368,0.342,0.091,0.613,0.284,0.455,0.739,0.611,0.699,0.771,0.663,0.753,0.663,0.541,0.648,0.022,0.011,0.172,0.636,0.044,0.383,0.599,0.762,0.217,0.178,0.489,0.336,0.336,0.000,0.336,0.000,0.336,0.000,0.077,0.000,0.070,0.109,0.513,0.194,0.470,0.530,0.000,0.000,0.000,0.000,0.000,0.000,0.000,0.000,0.195,0.178,0.351,0.566,0.090,0.333,0.126,0.039,0.240,0.158,0.196,0.018,0.084,0.018,0.000,0.006,0.094,0.000,0.006,0.063,0.069,0.007,0.000,0.349,0.244,0.188,0.076,0.142,0.310,0.147,0.422,0.342,0.941,0.258,0.240,0.192,0.131,0.120,0.742,0.056,0.593,0.539,0.577,0.311,0.076,0.052,0.060,0.091,0.179,0.232
low-appointment-capture,Low Appointment Capture,Appointment incentives are less partisan and the justice pool is less polarized.,0.750,neutral synthetic legislature,randomized-merits-panels,Randomized merits panels with en banc correction,5120,0.962,0.531,0.432,0.414,0.578,0.225,0.417,0.161,0.107,0.001,0.052,0.052,0.103,0.667,0.546,0.508,0.369,0.244,0.575,0.430,0.417,0.558,0.519,0.664,0.043,0.424,0.132,0.007,0.509,0.368,0.342,0.092,0.609,0.350,0.559,0.739,0.602,0.696,0.749,0.666,0.759,0.668,0.540,0.642,0.032,0.076,0.185,0.637,0.042,0.386,0.594,0.751,0.224,0.158,0.428,0.351,0.264,0.000,0.351,0.043,0.221,0.000,0.486,0.000,0.102,0.074,0.480,0.166,0.791,0.209,0.000,0.000,0.000,0.000,0.000,0.000,0.000,0.000,0.203,0.167,0.409,0.563,0.090,0.340,0.128,0.041,0.254,0.162,0.195,0.018,0.080,0.020,0.000,0.006,0.102,0.000,0.007,0.062,0.062,0.008,0.000,0.349,0.244,0.188,0.076,0.142,0.310,0.129,0.386,0.348,0.729,0.194,0.280,0.182,0.117,0.114,0.741,0.069,0.586,0.536,0.574,0.311,0.076,0.052,0.060,0.091,0.179,0.232
low-appointment-capture,Low Appointment Capture,Appointment incentives are less partisan and the justice pool is less polarized.,0.750,neutral synthetic legislature,mandatory-written-emergency-reasoning,Mandatory written emergency reasoning,5120,0.962,0.531,0.431,0.419,0.578,0.228,0.417,0.161,0.096,0.000,0.042,0.039,0.103,0.667,0.546,0.508,0.369,0.244,0.575,0.430,0.417,0.558,0.519,0.664,0.043,0.454,0.132,0.007,0.509,0.368,0.342,0.092,0.609,0.322,0.448,0.739,0.604,0.696,0.754,0.667,0.762,0.667,0.539,0.643,0.033,0.049,0.193,0.593,0.043,0.389,0.594,0.746,0.218,0.160,0.431,0.355,0.236,0.000,0.355,0.079,0.157,0.000,0.031,0.000,0.078,0.111,0.522,0.197,0.469,0.531,0.000,0.000,0.000,0.000,0.000,0.000,0.000,0.000,0.212,0.170,0.417,0.606,0.092,0.337,0.132,0.043,0.253,0.164,0.259,0.018,0.080,0.018,0.000,0.007,0.113,0.000,0.006,0.068,0.062,0.011,0.000,0.349,0.244,0.188,0.076,0.142,0.310,0.131,0.401,0.295,0.733,0.258,0.320,0.162,0.114,0.122,0.742,0.078,0.586,0.533,0.522,0.311,0.076,0.052,0.060,0.091,0.179,0.232
low-appointment-capture,Low Appointment Capture,Appointment incentives are less partisan and the justice pool is less polarized.,0.750,neutral synthetic legislature,automatic-merits-follow-up,Automatic merits follow-up for emergency relief,5120,0.963,0.523,0.440,0.412,0.578,0.220,0.417,0.161,0.106,0.001,0.059,0.030,0.103,0.667,0.546,0.508,0.369,0.241,0.575,0.430,0.417,0.558,0.519,0.664,0.043,0.454,0.132,0.006,0.509,0.368,0.342,0.085,0.612,0.305,0.448,0.739,0.605,0.696,0.766,0.658,0.738,0.661,0.543,0.647,0.031,0.017,0.174,0.622,0.046,0.384,0.598,0.758,0.232,0.187,0.486,0.342,0.342,0.000,0.342,0.084,0.342,0.000,0.032,0.000,0.079,0.109,0.518,0.193,0.477,0.523,0.000,0.000,0.000,0.000,0.000,0.000,0.000,0.000,0.207,0.191,0.369,0.615,0.095,0.322,0.131,0.042,0.252,0.161,0.255,0.015,0.081,0.020,0.000,0.006,0.104,0.000,0.006,0.062,0.073,0.010,0.000,0.349,0.244,0.188,0.076,0.142,0.310,0.150,0.427,0.339,0.958,0.452,0.240,0.232,0.133,0.141,0.725,0.064,0.593,0.537,0.557,0.311,0.076,0.052,0.060,0.091,0.179,0.232
low-appointment-capture,Low Appointment Capture,Appointment incentives are less partisan and the justice pool is less polarized.,0.750,neutral synthetic legislature,strong-recusal-enforcement,Independent recusal enforcement with substitutes,5120,0.963,0.526,0.437,0.417,0.578,0.221,0.417,0.161,0.110,0.001,0.060,0.035,0.103,0.667,0.546,0.508,0.369,0.244,0.575,0.430,0.417,0.558,0.519,0.664,0.043,0.454,0.132,0.005,0.509,0.368,0.342,0.089,0.609,0.350,0.458,0.739,0.604,0.696,0.754,0.666,0.758,0.666,0.541,0.642,0.022,0.073,0.182,0.601,0.042,0.385,0.593,0.750,0.221,0.165,0.428,0.339,0.255,0.000,0.339,0.048,0.207,0.000,0.079,0.000,0.074,0.107,0.537,0.200,0.474,0.526,0.000,0.000,0.000,0.000,0.000,0.000,0.000,0.000,0.203,0.166,0.406,0.564,0.088,0.341,0.120,0.039,0.255,0.157,0.188,0.018,0.074,0.021,0.000,0.007,0.095,0.000,0.007,0.061,0.062,0.006,0.000,0.349,0.244,0.188,0.076,0.142,0.310,0.132,0.387,0.429,0.737,0.194,0.360,0.162,0.118,0.119,0.737,0.069,0.587,0.540,0.541,0.311,0.076,0.052,0.060,0.091,0.179,0.232
low-appointment-capture,Low Appointment Capture,Appointment incentives are less partisan and the justice pool is less polarized.,0.750,neutral synthetic legislature,jurisdiction-stripping-constraints,Jurisdiction stripping constrained by rights carveouts,5120,0.964,0.530,0.433,0.422,0.578,0.224,0.417,0.161,0.106,0.001,0.059,0.041,0.103,0.667,0.546,0.508,0.369,0.243,0.575,0.430,0.417,0.558,0.519,0.664,0.043,0.404,0.132,0.005,0.509,0.368,0.342,0.097,0.640,0.350,0.448,0.739,0.607,0.697,0.758,0.660,0.751,0.664,0.534,0.642,0.010,0.076,0.189,0.597,0.040,0.398,0.599,0.753,0.203,0.168,0.437,0.357,0.266,0.000,0.357,0.045,0.220,0.000,0.034,0.000,0.072,0.112,0.527,0.199,0.470,0.530,0.000,0.000,0.000,0.000,0.101,0.000,0.000,0.000,0.205,0.223,0.413,0.575,0.155,0.325,0.139,0.048,0.257,0.164,0.195,0.019,0.127,0.026,0.000,0.009,0.000,0.000,0.006,0.070,0.070,0.009,0.000,0.349,0.244,0.188,0.076,0.142,0.310,0.135,0.392,0.411,0.780,0.161,0.360,0.202,0.120,0.121,0.730,0.071,0.588,0.540,0.546,0.311,0.076,0.052,0.060,0.091,0.179,0.232
low-appointment-capture,Low Appointment Capture,Appointment incentives are less partisan and the justice pool is less polarized.,0.750,neutral synthetic legislature,legislative-override-window,Time-limited legislative override window,5120,0.962,0.521,0.440,0.413,0.578,0.210,0.417,0.161,0.103,0.001,0.052,0.036,0.103,0.667,0.546,0.508,0.369,0.245,0.575,0.430,0.417,0.558,0.519,0.664,0.043,0.454,0.132,0.007,0.509,0.368,0.342,0.093,0.610,0.350,0.448,0.739,0.603,0.693,0.754,0.661,0.752,0.665,0.533,0.641,0.010,0.074,0.184,0.590,0.041,0.398,0.597,0.749,0.207,0.162,0.428,0.346,0.256,0.000,0.346,0.046,0.210,0.000,0.031,0.000,0.077,0.111,0.528,0.196,0.479,0.521,0.000,0.000,0.000,0.000,0.095,0.022,0.037,0.000,0.210,0.198,0.406,0.577,0.155,0.329,0.135,0.046,0.250,0.161,0.195,0.013,0.060,0.013,0.161,0.005,0.067,0.000,0.006,0.065,0.069,0.009,0.000,0.349,0.244,0.188,0.076,0.142,0.310,0.131,0.397,0.366,0.708,0.290,0.400,0.135,0.117,0.113,0.731,0.070,0.586,0.529,0.534,0.311,0.076,0.052,0.060,0.091,0.179,0.232
low-appointment-capture,Low Appointment Capture,Appointment incentives are less partisan and the justice pool is less polarized.,0.750,neutral synthetic legislature,constitutional-remand,Constitutional remand before invalidation,5120,0.964,0.540,0.424,0.432,0.578,0.231,0.417,0.161,0.106,0.001,0.064,0.026,0.103,0.667,0.546,0.508,0.369,0.210,0.575,0.430,0.417,0.558,0.519,0.664,0.043,0.414,0.132,0.008,0.509,0.368,0.342,0.091,0.626,0.350,0.451,0.739,0.606,0.713,0.762,0.688,0.795,0.681,0.559,0.640,0.022,0.074,0.186,0.624,0.027,0.386,0.612,0.759,0.287,0.118,0.441,0.348,0.259,0.000,0.348,0.044,0.215,0.000,0.050,0.000,0.100,0.073,0.533,0.195,0.460,0.540,0.000,0.415,0.049,0.000,0.066,0.018,0.026,0.001,0.197,0.151,0.404,0.546,0.121,0.344,0.131,0.044,0.254,0.154,0.192,0.016,0.061,0.016,0.154,0.004,0.064,0.000,0.005,0.062,0.062,0.009,0.000,0.349,0.244,0.188,0.076,0.142,0.310,0.121,0.363,0.346,0.665,0.179,0.328,0.138,0.105,0.097,0.772,0.069,0.601,0.559,0.567,0.311,0.076,0.052,0.060,0.091,0.179,0.232
low-appointment-capture,Low Appointment Capture,Appointment incentives are less partisan and the justice pool is less polarized.,0.750,neutral synthetic legislature,public-interest-litigation-filter,Public-interest litigation filter,5120,0.961,0.527,0.434,0.422,0.578,0.220,0.417,0.161,0.107,0.000,0.059,0.034,0.103,0.667,0.546,0.508,0.369,0.245,0.575,0.430,0.417,0.558,0.519,0.664,0.043,0.368,0.132,0.008,0.509,0.368,0.342,0.095,0.609,0.350,0.450,0.739,0.604,0.698,0.760,0.668,0.764,0.669,0.539,0.644,0.021,0.075,0.184,0.594,0.036,0.385,0.592,0.747,0.223,0.153,0.425,0.344,0.253,0.000,0.344,0.046,0.208,0.000,0.049,0.000,0.071,0.109,0.541,0.194,0.473,0.527,0.000,0.000,0.000,0.102,0.000,0.000,0.000,0.000,0.201,0.172,0.414,0.568,0.088,0.325,0.134,0.037,0.248,0.159,0.198,0.018,0.089,0.018,0.000,0.008,0.101,0.000,0.006,0.068,0.067,0.009,0.000,0.349,0.244,0.188,0.076,0.142,0.310,0.132,0.397,0.375,0.729,0.226,0.280,0.172,0.114,0.111,0.742,0.070,0.586,0.534,0.533,0.311,0.076,0.052,0.060,0.091,0.179,0.232
low-appointment-capture,Low Appointment Capture,Appointment incentives are less partisan and the justice pool is less polarized.,0.750,neutral synthetic legislature,emergency-integrity-package,Emergency integrity package,5120,0.963,0.529,0.434,0.414,0.578,0.227,0.417,0.161,0.106,0.001,0.053,0.040,0.103,0.667,0.546,0.508,0.369,0.241,0.575,0.430,0.417,0.558,0.519,0.664,0.043,0.454,0.132,0.007,0.509,0.368,0.342,0.085,0.612,0.303,0.458,0.739,0.604,0.698,0.769,0.662,0.749,0.663,0.543,0.645,0.021,0.017,0.174,0.637,0.043,0.383,0.600,0.761,0.254,0.178,0.486,0.342,0.342,0.000,0.342,0.084,0.342,0.000,0.077,0.000,0.068,0.108,0.529,0.199,0.471,0.529,0.000,0.000,0.000,0.000,0.000,0.000,0.000,0.000,0.197,0.175,0.355,0.570,0.091,0.342,0.125,0.041,0.232,0.159,0.196,0.022,0.080,0.019,0.000,0.008,0.098,0.000,0.006,0.057,0.066,0.008,0.000,0.349,0.244,0.188,0.076,0.142,0.310,0.144,0.408,0.342,0.941,0.258,0.400,0.185,0.131,0.134,0.735,0.063,0.593,0.540,0.577,0.311,0.076,0.052,0.060,0.091,0.179,0.232
low-appointment-capture,Low Appointment Capture,Appointment incentives are less partisan and the justice pool is less polarized.,0.750,neutral synthetic legislature,remand-override-window-package,Constitutional remand with override window,5120,0.961,0.537,0.424,0.423,0.578,0.225,0.417,0.161,0.108,0.001,0.052,0.039,0.103,0.667,0.546,0.508,0.369,0.210,0.575,0.430,0.417,0.558,0.519,0.664,0.043,0.414,0.132,0.007,0.509,0.368,0.342,0.093,0.625,0.322,0.450,0.739,0.602,0.713,0.766,0.689,0.797,0.682,0.559,0.639,0.021,0.046,0.190,0.628,0.027,0.387,0.610,0.760,0.316,0.114,0.440,0.351,0.244,0.000,0.351,0.076,0.167,0.000,0.048,0.000,0.092,0.075,0.540,0.195,0.463,0.537,0.000,0.413,0.046,0.000,0.064,0.017,0.027,0.000,0.197,0.149,0.415,0.542,0.129,0.339,0.132,0.047,0.256,0.169,0.191,0.018,0.054,0.017,0.169,0.003,0.058,0.000,0.007,0.068,0.064,0.007,0.000,0.349,0.244,0.188,0.076,0.142,0.310,0.116,0.344,0.348,0.653,0.197,0.204,0.148,0.100,0.099,0.776,0.077,0.601,0.559,0.570,0.311,0.076,0.052,0.060,0.091,0.179,0.232
low-appointment-capture,Low Appointment Capture,Appointment incentives are less partisan and the justice pool is less polarized.,0.750,neutral synthetic legislature,panel-jurisdiction-safeguards,Random panels with jurisdiction safeguards,5120,0.964,0.532,0.433,0.416,0.578,0.226,0.417,0.161,0.114,0.001,0.072,0.033,0.103,0.667,0.546,0.508,0.369,0.244,0.575,0.430,0.417,0.558,0.519,0.664,0.043,0.374,0.132,0.006,0.509,0.368,0.342,0.092,0.637,0.334,0.587,0.739,0.600,0.701,0.751,0.668,0.774,0.663,0.536,0.636,0.034,0.068,0.193,0.633,0.036,0.394,0.594,0.752,0.248,0.141,0.398,0.355,0.202,0.000,0.355,0.083,0.119,0.153,0.526,0.000,0.117,0.072,0.486,0.162,0.795,0.205,0.000,0.000,0.000,0.000,0.083,0.000,0.000,0.000,0.201,0.189,0.432,0.568,0.140,0.327,0.137,0.047,0.259,0.166,0.200,0.021,0.123,0.027,0.000,0.010,0.000,0.000,0.006,0.064,0.074,0.010,0.000,0.349,0.244,0.188,0.076,0.142,0.310,0.113,0.338,0.286,0.648,0.161,0.280,0.162,0.105,0.109,0.754,0.081,0.586,0.544,0.578,0.311,0.076,0.052,0.060,0.091,0.179,0.232
low-appointment-capture,Low Appointment Capture,Appointment incentives are less partisan and the justice pool is less polarized.,0.750,neutral synthetic legislature,council-concrete-hybrid,Constitutional council with concrete-review backstop,5120,0.963,0.535,0.428,0.430,0.578,0.237,0.417,0.161,0.104,0.001,0.060,0.027,0.103,0.667,0.546,0.508,0.369,0.241,0.575,0.430,0.417,0.558,0.519,0.664,0.043,0.444,0.132,0.005,0.509,0.368,0.342,0.086,0.651,0.349,0.529,0.739,0.599,0.706,0.756,0.677,0.777,0.670,0.554,0.642,0.014,0.076,0.189,0.658,0.033,0.397,0.611,0.762,0.290,0.140,0.441,0.357,0.265,0.000,0.357,0.044,0.221,0.000,0.387,0.000,0.107,0.108,0.526,0.195,0.788,0.212,0.000,0.367,0.000,0.000,0.080,0.018,0.037,0.001,0.206,0.174,0.404,0.565,0.150,0.337,0.137,0.047,0.248,0.175,0.193,0.015,0.060,0.013,0.175,0.006,0.064,0.000,0.007,0.067,0.068,0.007,0.000,0.349,0.244,0.188,0.076,0.142,0.310,0.121,0.369,0.295,0.708,0.194,0.200,0.094,0.112,0.100,0.755,0.070,0.595,0.552,0.600,0.311,0.076,0.052,0.060,0.091,0.179,0.232
extreme-appointment-capture,Extreme Appointment Capture,Appointment incentives are highly partisan and vacancies become ideological leverage points.,1.000,neutral synthetic legislature,current-us-like,Stylized current U.S.-like supreme court,5120,0.964,0.515,0.449,0.406,0.587,0.217,0.418,0.168,0.098,0.000,0.040,0.037,0.101,0.669,0.543,0.504,0.436,0.273,0.574,0.434,0.434,0.553,0.520,0.662,0.044,0.504,0.131,0.004,0.510,0.369,0.346,0.106,0.596,0.501,0.448,0.738,0.592,0.681,0.692,0.660,0.750,0.671,0.524,0.640,0.043,0.232,0.245,0.470,0.024,0.407,0.578,0.700,0.142,0.104,0.276,0.362,0.054,0.054,0.000,0.054,0.000,0.000,0.022,0.000,0.035,0.306,0.530,0.244,0.485,0.515,0.000,0.000,0.000,0.000,0.000,0.000,0.000,0.000,0.239,0.144,0.571,0.615,0.084,0.323,0.127,0.038,0.266,0.159,0.259,0.014,0.080,0.020,0.000,0.011,0.100,0.000,0.008,0.063,0.065,0.008,0.000,0.361,0.246,0.181,0.072,0.141,0.316,0.133,0.347,0.426,0.939,0.350,0.333,0.155,0.089,0.079,0.698,0.122,0.562,0.520,0.392,0.302,0.081,0.050,0.063,0.098,0.170,0.236
extreme-appointment-capture,Extreme Appointment Capture,Appointment incentives are highly partisan and vacancies become ideological leverage points.,1.000,neutral synthetic legislature,term-limited-balanced,18-year staggered terms + regular appointments,5120,0.963,0.519,0.444,0.413,0.587,0.218,0.418,0.168,0.106,0.000,0.055,0.034,0.101,0.669,0.543,0.504,0.436,0.264,0.574,0.434,0.434,0.553,0.520,0.662,0.044,0.464,0.131,0.006,0.510,0.369,0.346,0.090,0.605,0.357,0.455,0.738,0.604,0.691,0.746,0.662,0.751,0.666,0.535,0.641,0.046,0.076,0.188,0.588,0.038,0.389,0.592,0.741,0.179,0.162,0.424,0.353,0.262,0.000,0.353,0.044,0.218,0.000,0.069,0.000,0.076,0.107,0.524,0.198,0.481,0.519,0.000,0.000,0.000,0.000,0.000,0.000,0.000,0.000,0.217,0.173,0.425,0.617,0.091,0.318,0.128,0.041,0.262,0.159,0.259,0.017,0.078,0.021,0.000,0.007,0.107,0.000,0.007,0.065,0.070,0.009,0.000,0.361,0.246,0.181,0.072,0.141,0.316,0.134,0.389,0.491,0.757,0.250,0.300,0.155,0.117,0.116,0.728,0.072,0.580,0.529,0.518,0.302,0.081,0.050,0.063,0.098,0.170,0.236
extreme-appointment-capture,Extreme Appointment Capture,Appointment incentives are highly partisan and vacancies become ideological leverage points.,1.000,neutral synthetic legislature,nonpartisan-commission,Nonpartisan commission appointments,5120,0.964,0.530,0.434,0.419,0.587,0.231,0.418,0.168,0.104,0.001,0.060,0.034,0.101,0.669,0.543,0.504,0.436,0.264,0.574,0.434,0.434,0.553,0.520,0.662,0.044,0.465,0.131,0.008,0.510,0.369,0.346,0.089,0.605,0.357,0.458,0.738,0.603,0.692,0.748,0.666,0.763,0.666,0.534,0.642,0.035,0.079,0.190,0.596,0.039,0.392,0.594,0.743,0.203,0.162,0.427,0.358,0.263,0.000,0.358,0.052,0.212,0.000,0.085,0.000,0.076,0.108,0.525,0.194,0.470,0.530,0.000,0.000,0.000,0.000,0.000,0.000,0.000,0.000,0.208,0.167,0.416,0.562,0.092,0.331,0.128,0.041,0.260,0.164,0.188,0.020,0.078,0.019,0.000,0.010,0.103,0.000,0.006,0.064,0.071,0.010,0.000,0.361,0.246,0.181,0.072,0.141,0.316,0.134,0.398,0.509,0.722,0.275,0.300,0.116,0.117,0.118,0.741,0.074,0.580,0.530,0.532,0.302,0.081,0.050,0.063,0.098,0.170,0.236
extreme-appointment-capture,Extreme Appointment Capture,Appointment incentives are highly partisan and vacancies become ideological leverage points.,1.000,neutral synthetic legislature,expanded-court-fifteen,Expanded 15-seat court,5120,0.964,0.519,0.446,0.404,0.587,0.223,0.418,0.168,0.106,0.001,0.054,0.048,0.101,0.669,0.543,0.504,0.436,0.264,0.574,0.434,0.434,0.553,0.520,0.662,0.044,0.464,0.131,0.007,0.510,0.369,0.346,0.086,0.604,0.356,0.462,0.738,0.600,0.692,0.748,0.668,0.763,0.669,0.536,0.637,0.030,0.076,0.190,0.597,0.035,0.386,0.589,0.743,0.214,0.149,0.418,0.353,0.263,0.000,0.353,0.048,0.214,0.000,0.065,0.000,0.073,0.416,0.568,0.282,0.481,0.519,0.000,0.000,0.000,0.000,0.000,0.000,0.000,0.000,0.213,0.158,0.414,0.607,0.086,0.330,0.122,0.034,0.249,0.158,0.263,0.015,0.080,0.017,0.000,0.007,0.102,0.000,0.006,0.060,0.063,0.012,0.000,0.361,0.246,0.181,0.072,0.141,0.316,0.125,0.344,0.481,0.765,0.150,0.400,0.186,0.112,0.108,0.732,0.073,0.581,0.533,0.528,0.302,0.081,0.050,0.063,0.098,0.170,0.236
extreme-appointment-capture,Extreme Appointment Capture,Appointment incentives are highly partisan and vacancies become ideological leverage points.,1.000,neutral synthetic legislature,supermajority-review,60 percent invalidation threshold,5120,0.964,0.527,0.437,0.407,0.587,0.237,0.418,0.168,0.101,0.001,0.054,0.041,0.101,0.669,0.543,0.504,0.436,0.266,0.574,0.434,0.434,0.553,0.520,0.662,0.044,0.465,0.131,0.007,0.510,0.369,0.346,0.093,0.603,0.341,0.454,0.738,0.606,0.694,0.745,0.671,0.779,0.665,0.533,0.636,0.046,0.069,0.196,0.579,0.032,0.391,0.588,0.737,0.177,0.134,0.396,0.356,0.208,0.000,0.356,0.083,0.125,0.148,0.062,0.000,0.028,0.108,0.514,0.197,0.473,0.527,0.000,0.000,0.000,0.000,0.000,0.000,0.000,0.000,0.214,0.145,0.439,0.599,0.086,0.338,0.119,0.038,0.260,0.161,0.256,0.015,0.073,0.020,0.000,0.009,0.105,0.000,0.006,0.061,0.064,0.010,0.000,0.361,0.246,0.181,0.072,0.141,0.316,0.116,0.331,0.472,0.696,0.175,0.233,0.093,0.103,0.105,0.755,0.083,0.577,0.529,0.507,0.302,0.081,0.050,0.063,0.098,0.170,0.236
extreme-appointment-capture,Extreme Appointment Capture,Appointment incentives are highly partisan and vacancies become ideological leverage points.,1.000,neutral synthetic legislature,recusal-and-emergency-reform,Peer recusal + reasoned emergency docket,5120,0.965,0.519,0.446,0.408,0.587,0.226,0.418,0.168,0.109,0.000,0.063,0.034,0.101,0.669,0.543,0.504,0.436,0.265,0.574,0.434,0.434,0.553,0.520,0.662,0.044,0.464,0.131,0.007,0.510,0.369,0.346,0.090,0.604,0.357,0.461,0.738,0.602,0.693,0.746,0.667,0.762,0.668,0.535,0.640,0.051,0.075,0.188,0.594,0.036,0.387,0.590,0.741,0.207,0.152,0.423,0.354,0.265,0.000,0.354,0.044,0.221,0.000,0.103,0.000,0.076,0.106,0.535,0.196,0.481,0.519,0.000,0.000,0.000,0.000,0.000,0.000,0.000,0.000,0.213,0.159,0.418,0.610,0.085,0.337,0.119,0.035,0.258,0.154,0.259,0.018,0.079,0.017,0.000,0.008,0.104,0.000,0.009,0.062,0.058,0.009,0.000,0.361,0.246,0.181,0.072,0.141,0.316,0.129,0.370,0.451,0.783,0.175,0.300,0.145,0.114,0.110,0.740,0.072,0.581,0.532,0.523,0.302,0.081,0.050,0.063,0.098,0.170,0.236
extreme-appointment-capture,Extreme Appointment Capture,Appointment incentives are highly partisan and vacancies become ideological leverage points.,1.000,neutral synthetic legislature,panel-en-banc,Three-judge panels with en banc correction,5120,0.962,0.527,0.435,0.417,0.587,0.232,0.418,0.168,0.104,0.000,0.059,0.038,0.101,0.669,0.543,0.504,0.436,0.265,0.574,0.434,0.434,0.553,0.520,0.662,0.044,0.435,0.131,0.007,0.510,0.369,0.346,0.092,0.605,0.356,0.546,0.738,0.601,0.692,0.746,0.664,0.757,0.666,0.534,0.642,0.054,0.076,0.187,0.637,0.039,0.389,0.594,0.745,0.216,0.160,0.427,0.352,0.266,0.000,0.352,0.053,0.213,0.000,0.501,0.000,0.272,0.070,0.447,0.160,0.808,0.192,0.000,0.000,0.000,0.000,0.000,0.000,0.000,0.000,0.205,0.163,0.408,0.568,0.088,0.341,0.125,0.041,0.252,0.158,0.192,0.019,0.078,0.020,0.000,0.008,0.100,0.000,0.007,0.062,0.063,0.009,0.000,0.361,0.246,0.181,0.072,0.141,0.316,0.133,0.393,0.506,0.765,0.175,0.212,0.109,0.117,0.117,0.739,0.074,0.580,0.532,0.571,0.302,0.081,0.050,0.063,0.098,0.170,0.236
extreme-appointment-capture,Extreme Appointment Capture,Appointment incentives are highly partisan and vacancies become ideological leverage points.,1.000,neutral synthetic legislature,cross-checking-courts,Supreme court with cross-checking constitutional court,5120,0.959,0.524,0.435,0.414,0.587,0.220,0.418,0.168,0.109,0.000,0.056,0.042,0.101,0.669,0.543,0.504,0.436,0.245,0.574,0.434,0.434,0.553,0.520,0.662,0.044,0.465,0.131,0.008,0.510,0.369,0.346,0.091,0.623,0.340,0.471,0.738,0.585,0.695,0.748,0.664,0.771,0.668,0.519,0.623,0.024,0.070,0.196,0.600,0.021,0.412,0.581,0.743,0.281,0.105,0.396,0.359,0.204,0.000,0.359,0.081,0.123,0.155,0.162,0.000,0.098,0.113,0.527,0.190,0.476,0.524,0.140,0.000,0.000,0.000,0.000,0.000,0.000,0.000,0.205,0.137,0.439,0.571,0.084,0.334,0.128,0.042,0.250,0.158,0.195,0.016,0.079,0.020,0.000,0.010,0.097,0.000,0.007,0.063,0.063,0.008,0.000,0.361,0.246,0.181,0.072,0.141,0.316,0.087,0.252,0.343,0.483,0.150,0.133,0.116,0.100,0.085,0.748,0.083,0.583,0.517,0.536,0.302,0.081,0.050,0.063,0.098,0.170,0.236
extreme-appointment-capture,Extreme Appointment Capture,Appointment incentives are highly partisan and vacancies become ideological leverage points.,1.000,neutral synthetic legislature,dual-supreme-courts,Dual supreme courts with disagreement filter,5120,0.962,0.529,0.433,0.420,0.587,0.232,0.418,0.168,0.106,0.002,0.061,0.030,0.101,0.669,0.543,0.504,0.436,0.266,0.574,0.434,0.434,0.553,0.520,0.662,0.044,0.465,0.131,0.006,0.510,0.369,0.346,0.097,0.603,0.341,0.479,0.738,0.576,0.680,0.748,0.643,0.726,0.656,0.512,0.641,0.022,0.069,0.198,0.610,0.035,0.420,0.594,0.742,0.317,0.157,0.400,0.361,0.211,0.000,0.361,0.086,0.125,0.150,0.172,0.000,0.094,0.109,0.538,0.197,0.471,0.529,0.141,0.000,0.000,0.000,0.000,0.000,0.000,0.000,0.213,0.173,0.444,0.594,0.090,0.340,0.123,0.040,0.268,0.164,0.198,0.017,0.074,0.018,0.000,0.012,0.105,0.000,0.008,0.062,0.067,0.009,0.000,0.361,0.246,0.181,0.072,0.141,0.316,0.134,0.391,0.509,0.757,0.175,0.267,0.140,0.118,0.121,0.704,0.084,0.573,0.509,0.546,0.302,0.081,0.050,0.063,0.098,0.170,0.236
extreme-appointment-capture,Extreme Appointment Capture,Appointment incentives are highly partisan and vacancies become ideological leverage points.,1.000,neutral synthetic legislature,comparative-constitutional-senates,Comparative 16-seat constitutional senates,5120,0.962,0.516,0.446,0.398,0.587,0.216,0.418,0.168,0.105,0.001,0.059,0.038,0.101,0.669,0.543,0.504,0.436,0.267,0.574,0.434,0.434,0.553,0.520,0.662,0.044,0.494,0.131,0.007,0.510,0.369,0.346,0.093,0.602,0.340,0.582,0.738,0.595,0.696,0.738,0.676,0.788,0.670,0.534,0.629,0.029,0.071,0.194,0.623,0.027,0.386,0.582,0.742,0.245,0.112,0.379,0.354,0.201,0.000,0.354,0.083,0.117,0.153,0.485,0.000,0.106,0.113,0.517,0.185,0.804,0.196,0.000,0.000,0.000,0.000,0.000,0.000,0.000,0.000,0.206,0.138,0.439,0.548,0.085,0.321,0.123,0.040,0.244,0.163,0.183,0.018,0.081,0.015,0.000,0.006,0.097,0.000,0.007,0.059,0.065,0.007,0.000,0.361,0.246,0.181,0.072,0.141,0.316,0.100,0.286,0.383,0.613,0.100,0.233,0.093,0.095,0.091,0.764,0.083,0.578,0.531,0.560,0.302,0.081,0.050,0.063,0.098,0.170,0.236
extreme-appointment-capture,Extreme Appointment Capture,Appointment incentives are highly partisan and vacancies become ideological leverage points.,1.000,neutral synthetic legislature,constitutional-council,Pre-enactment constitutional council,5120,0.963,0.524,0.439,0.420,0.587,0.228,0.418,0.168,0.100,0.001,0.057,0.034,0.101,0.669,0.543,0.504,0.436,0.263,0.574,0.434,0.434,0.553,0.520,0.662,0.044,0.455,0.131,0.007,0.510,0.369,0.346,0.096,0.646,0.356,0.500,0.738,0.597,0.699,0.751,0.672,0.767,0.668,0.546,0.642,0.041,0.078,0.190,0.649,0.034,0.401,0.610,0.754,0.273,0.148,0.429,0.360,0.261,0.000,0.360,0.044,0.217,0.000,0.338,0.000,0.102,0.073,0.520,0.180,0.801,0.199,0.000,0.369,0.000,0.000,0.088,0.025,0.036,0.003,0.211,0.189,0.421,0.567,0.150,0.319,0.138,0.048,0.251,0.168,0.187,0.011,0.055,0.015,0.168,0.006,0.061,0.000,0.007,0.073,0.067,0.012,0.000,0.361,0.246,0.181,0.072,0.141,0.316,0.128,0.383,0.407,0.735,0.175,0.233,0.109,0.113,0.103,0.746,0.073,0.585,0.542,0.589,0.302,0.081,0.050,0.063,0.098,0.170,0.236
extreme-appointment-capture,Extreme Appointment Capture,Appointment incentives are highly partisan and vacancies become ideological leverage points.,1.000,neutral synthetic legislature,legislative-override,Judicial review with legislative supermajority override,5120,0.967,0.529,0.438,0.419,0.587,0.230,0.418,0.168,0.104,0.001,0.060,0.028,0.101,0.669,0.543,0.504,0.436,0.266,0.574,0.434,0.434,0.553,0.520,0.662,0.044,0.465,0.131,0.006,0.510,0.369,0.346,0.102,0.605,0.356,0.454,0.738,0.599,0.690,0.748,0.662,0.761,0.666,0.523,0.643,0.022,0.080,0.192,0.594,0.035,0.406,0.597,0.742,0.210,0.154,0.427,0.363,0.268,0.000,0.363,0.049,0.220,0.000,0.063,0.000,0.080,0.110,0.535,0.200,0.471,0.529,0.000,0.000,0.000,0.000,0.091,0.020,0.033,0.002,0.215,0.195,0.421,0.581,0.153,0.321,0.137,0.050,0.251,0.170,0.199,0.010,0.057,0.016,0.170,0.005,0.068,0.000,0.006,0.065,0.084,0.012,0.000,0.361,0.246,0.181,0.072,0.141,0.316,0.133,0.386,0.556,0.748,0.150,0.300,0.147,0.116,0.109,0.738,0.075,0.577,0.518,0.534,0.302,0.081,0.050,0.063,0.098,0.170,0.236
extreme-appointment-capture,Extreme Appointment Capture,Appointment incentives are highly partisan and vacancies become ideological leverage points.,1.000,neutral synthetic legislature,accountability-retention-court,Retention-election accountability court,5120,0.959,0.524,0.436,0.406,0.587,0.222,0.418,0.168,0.105,0.001,0.057,0.024,0.101,0.669,0.543,0.504,0.436,0.265,0.574,0.434,0.434,0.553,0.520,0.662,0.044,0.465,0.131,0.007,0.510,0.369,0.346,0.097,0.605,0.356,0.456,0.738,0.602,0.692,0.749,0.669,0.770,0.671,0.529,0.636,0.036,0.074,0.183,0.591,0.034,0.398,0.598,0.743,0.200,0.144,0.421,0.346,0.257,0.000,0.346,0.041,0.216,0.000,0.071,0.000,0.118,0.311,0.554,0.249,0.476,0.524,0.000,0.000,0.000,0.000,0.078,0.033,0.000,0.002,0.207,0.176,0.415,0.568,0.111,0.330,0.129,0.047,0.252,0.161,0.190,0.013,0.049,0.019,0.161,0.006,0.064,0.000,0.007,0.067,0.062,0.009,0.000,0.361,0.246,0.181,0.072,0.141,0.316,0.125,0.377,0.407,0.696,0.225,0.200,0.124,0.112,0.099,0.743,0.070,0.579,0.528,0.532,0.302,0.081,0.050,0.063,0.098,0.170,0.236
extreme-appointment-capture,Extreme Appointment Capture,Appointment incentives are highly partisan and vacancies become ideological leverage points.,1.000,neutral synthetic legislature,emergency-restraint-court,No emergency relief without merits review,5120,0.963,0.530,0.433,0.415,0.587,0.233,0.418,0.168,0.106,0.001,0.052,0.039,0.101,0.669,0.543,0.504,0.436,0.263,0.574,0.434,0.434,0.553,0.520,0.662,0.044,0.465,0.131,0.008,0.510,0.369,0.346,0.097,0.608,0.290,0.468,0.738,0.608,0.695,0.766,0.664,0.759,0.664,0.534,0.648,0.036,0.011,0.174,0.643,0.040,0.388,0.598,0.757,0.218,0.171,0.484,0.344,0.344,0.000,0.344,0.000,0.344,0.000,0.144,0.000,0.072,0.110,0.514,0.193,0.470,0.530,0.000,0.000,0.000,0.000,0.000,0.000,0.000,0.000,0.199,0.183,0.357,0.567,0.090,0.317,0.140,0.041,0.235,0.156,0.190,0.014,0.093,0.020,0.000,0.008,0.098,0.000,0.005,0.065,0.075,0.009,0.000,0.361,0.246,0.181,0.072,0.141,0.316,0.149,0.420,0.531,0.930,0.175,0.400,0.140,0.129,0.115,0.747,0.059,0.585,0.529,0.583,0.302,0.081,0.050,0.063,0.098,0.170,0.236
extreme-appointment-capture,Extreme Appointment Capture,Appointment incentives are highly partisan and vacancies become ideological leverage points.,1.000,neutral synthetic legislature,randomized-merits-panels,Randomized merits panels with en banc correction,5120,0.960,0.530,0.429,0.409,0.587,0.228,0.418,0.168,0.104,0.002,0.055,0.044,0.101,0.669,0.543,0.504,0.436,0.265,0.574,0.434,0.434,0.553,0.520,0.662,0.044,0.435,0.131,0.006,0.510,0.369,0.346,0.098,0.605,0.356,0.565,0.738,0.599,0.693,0.743,0.666,0.764,0.667,0.532,0.642,0.051,0.079,0.192,0.636,0.037,0.391,0.594,0.743,0.225,0.156,0.425,0.363,0.268,0.000,0.363,0.048,0.220,0.000,0.504,0.000,0.116,0.072,0.468,0.166,0.789,0.211,0.000,0.000,0.000,0.000,0.000,0.000,0.000,0.000,0.208,0.170,0.414,0.571,0.093,0.328,0.139,0.047,0.254,0.166,0.199,0.018,0.090,0.023,0.000,0.007,0.101,0.000,0.008,0.066,0.069,0.009,0.000,0.361,0.246,0.181,0.072,0.141,0.316,0.132,0.390,0.463,0.743,0.250,0.300,0.124,0.116,0.113,0.744,0.074,0.577,0.527,0.570,0.302,0.081,0.050,0.063,0.098,0.170,0.236
extreme-appointment-capture,Extreme Appointment Capture,Appointment incentives are highly partisan and vacancies become ideological leverage points.,1.000,neutral synthetic legislature,mandatory-written-emergency-reasoning,Mandatory written emergency reasoning,5120,0.962,0.521,0.441,0.404,0.587,0.222,0.418,0.168,0.108,0.000,0.057,0.044,0.101,0.669,0.543,0.504,0.436,0.266,0.574,0.434,0.434,0.553,0.520,0.662,0.044,0.465,0.131,0.006,0.510,0.369,0.346,0.103,0.604,0.328,0.454,0.738,0.600,0.691,0.749,0.666,0.763,0.668,0.531,0.638,0.044,0.050,0.193,0.590,0.040,0.391,0.590,0.740,0.215,0.152,0.416,0.354,0.240,0.000,0.354,0.077,0.163,0.000,0.064,0.000,0.071,0.112,0.528,0.199,0.479,0.521,0.000,0.000,0.000,0.000,0.000,0.000,0.000,0.000,0.216,0.162,0.434,0.616,0.087,0.334,0.121,0.036,0.252,0.160,0.272,0.017,0.071,0.021,0.000,0.008,0.104,0.000,0.007,0.056,0.068,0.011,0.000,0.361,0.246,0.181,0.072,0.141,0.316,0.127,0.365,0.444,0.726,0.325,0.333,0.155,0.111,0.116,0.742,0.080,0.577,0.528,0.518,0.302,0.081,0.050,0.063,0.098,0.170,0.236
extreme-appointment-capture,Extreme Appointment Capture,Appointment incentives are highly partisan and vacancies become ideological leverage points.,1.000,neutral synthetic legislature,automatic-merits-follow-up,Automatic merits follow-up for emergency relief,5120,0.965,0.518,0.447,0.408,0.587,0.217,0.418,0.168,0.106,0.001,0.052,0.032,0.101,0.669,0.543,0.504,0.436,0.262,0.574,0.434,0.434,0.553,0.520,0.662,0.044,0.464,0.131,0.004,0.510,0.369,0.346,0.088,0.608,0.311,0.454,0.738,0.603,0.690,0.762,0.654,0.732,0.658,0.536,0.648,0.047,0.018,0.178,0.624,0.046,0.388,0.598,0.753,0.231,0.196,0.486,0.348,0.348,0.000,0.348,0.087,0.348,0.000,0.063,0.000,0.073,0.107,0.508,0.193,0.482,0.518,0.000,0.000,0.000,0.000,0.000,0.000,0.000,0.000,0.210,0.190,0.370,0.628,0.094,0.326,0.123,0.041,0.250,0.153,0.267,0.014,0.076,0.019,0.000,0.008,0.100,0.000,0.007,0.060,0.065,0.009,0.000,0.361,0.246,0.181,0.072,0.141,0.316,0.160,0.454,0.611,0.952,0.350,0.267,0.171,0.135,0.146,0.719,0.066,0.586,0.532,0.555,0.302,0.081,0.050,0.063,0.098,0.170,0.236
extreme-appointment-capture,Extreme Appointment Capture,Appointment incentives are highly partisan and vacancies become ideological leverage points.,1.000,neutral synthetic legislature,strong-recusal-enforcement,Independent recusal enforcement with substitutes,5120,0.964,0.516,0.448,0.404,0.587,0.215,0.418,0.168,0.108,0.001,0.059,0.039,0.101,0.669,0.543,0.504,0.436,0.264,0.574,0.434,0.434,0.553,0.520,0.662,0.044,0.464,0.131,0.007,0.510,0.369,0.346,0.082,0.604,0.356,0.472,0.738,0.600,0.692,0.750,0.665,0.755,0.667,0.537,0.638,0.032,0.075,0.182,0.605,0.034,0.386,0.589,0.746,0.219,0.156,0.415,0.341,0.255,0.000,0.341,0.047,0.208,0.000,0.141,0.000,0.070,0.110,0.535,0.193,0.484,0.516,0.000,0.000,0.000,0.000,0.000,0.000,0.000,0.000,0.204,0.165,0.411,0.565,0.089,0.325,0.121,0.038,0.244,0.155,0.187,0.021,0.077,0.020,0.000,0.007,0.096,0.000,0.007,0.060,0.070,0.009,0.000,0.361,0.246,0.181,0.072,0.141,0.316,0.130,0.371,0.491,0.787,0.250,0.300,0.114,0.114,0.113,0.734,0.072,0.581,0.534,0.544,0.302,0.081,0.050,0.063,0.098,0.170,0.236
extreme-appointment-capture,Extreme Appointment Capture,Appointment incentives are highly partisan and vacancies become ideological leverage points.,1.000,neutral synthetic legislature,jurisdiction-stripping-constraints,Jurisdiction stripping constrained by rights carveouts,5120,0.961,0.525,0.436,0.413,0.587,0.227,0.418,0.168,0.106,0.000,0.060,0.041,0.101,0.669,0.543,0.504,0.436,0.264,0.574,0.434,0.434,0.553,0.520,0.662,0.044,0.415,0.131,0.007,0.510,0.369,0.346,0.100,0.634,0.356,0.454,0.738,0.605,0.694,0.754,0.663,0.760,0.666,0.528,0.641,0.022,0.076,0.187,0.594,0.038,0.399,0.596,0.748,0.201,0.158,0.423,0.352,0.264,0.000,0.352,0.042,0.222,0.000,0.064,0.000,0.072,0.109,0.532,0.198,0.475,0.525,0.000,0.000,0.000,0.000,0.096,0.000,0.000,0.000,0.207,0.215,0.422,0.575,0.148,0.323,0.139,0.046,0.253,0.156,0.195,0.022,0.124,0.027,0.000,0.010,0.000,0.000,0.008,0.070,0.074,0.011,0.001,0.361,0.246,0.181,0.072,0.141,0.316,0.132,0.385,0.481,0.752,0.325,0.257,0.124,0.116,0.113,0.738,0.072,0.581,0.535,0.542,0.302,0.081,0.050,0.063,0.098,0.170,0.236
extreme-appointment-capture,Extreme Appointment Capture,Appointment incentives are highly partisan and vacancies become ideological leverage points.,1.000,neutral synthetic legislature,legislative-override-window,Time-limited legislative override window,5120,0.960,0.516,0.443,0.402,0.587,0.213,0.418,0.168,0.104,0.002,0.048,0.042,0.101,0.669,0.543,0.504,0.436,0.265,0.574,0.434,0.434,0.553,0.520,0.662,0.044,0.464,0.131,0.006,0.510,0.369,0.346,0.096,0.605,0.357,0.455,0.738,0.600,0.689,0.749,0.660,0.754,0.665,0.526,0.641,0.021,0.077,0.188,0.589,0.039,0.402,0.596,0.743,0.206,0.160,0.417,0.351,0.257,0.000,0.351,0.050,0.207,0.000,0.065,0.000,0.068,0.108,0.527,0.191,0.484,0.516,0.000,0.000,0.000,0.000,0.093,0.026,0.034,0.000,0.213,0.202,0.422,0.582,0.149,0.317,0.139,0.048,0.249,0.161,0.187,0.009,0.059,0.015,0.161,0.006,0.068,0.000,0.005,0.070,0.066,0.009,0.000,0.361,0.246,0.181,0.072,0.141,0.316,0.135,0.394,0.491,0.783,0.275,0.200,0.142,0.115,0.112,0.732,0.074,0.578,0.521,0.531,0.302,0.081,0.050,0.063,0.098,0.170,0.236
extreme-appointment-capture,Extreme Appointment Capture,Appointment incentives are highly partisan and vacancies become ideological leverage points.,1.000,neutral synthetic legislature,constitutional-remand,Constitutional remand before invalidation,5120,0.961,0.538,0.422,0.420,0.587,0.242,0.418,0.168,0.104,0.001,0.051,0.036,0.101,0.669,0.543,0.504,0.436,0.229,0.574,0.434,0.434,0.553,0.520,0.662,0.044,0.425,0.131,0.007,0.510,0.369,0.346,0.081,0.621,0.357,0.459,0.738,0.603,0.709,0.757,0.690,0.799,0.682,0.555,0.636,0.034,0.079,0.192,0.626,0.027,0.389,0.609,0.754,0.288,0.111,0.433,0.362,0.261,0.000,0.362,0.044,0.217,0.000,0.091,0.000,0.099,0.072,0.541,0.196,0.462,0.538,0.000,0.417,0.047,0.000,0.058,0.018,0.023,0.001,0.199,0.139,0.418,0.544,0.118,0.343,0.129,0.044,0.257,0.160,0.189,0.010,0.059,0.017,0.160,0.005,0.067,0.000,0.007,0.067,0.065,0.010,0.000,0.361,0.246,0.181,0.072,0.141,0.316,0.114,0.333,0.422,0.635,0.239,0.188,0.146,0.102,0.092,0.775,0.074,0.595,0.555,0.565,0.302,0.081,0.050,0.063,0.098,0.170,0.236
extreme-appointment-capture,Extreme Appointment Capture,Appointment incentives are highly partisan and vacancies become ideological leverage points.,1.000,neutral synthetic legislature,public-interest-litigation-filter,Public-interest litigation filter,5120,0.963,0.525,0.438,0.413,0.587,0.226,0.418,0.168,0.113,0.001,0.061,0.044,0.101,0.669,0.543,0.504,0.436,0.265,0.574,0.434,0.434,0.553,0.520,0.662,0.044,0.379,0.131,0.006,0.510,0.369,0.346,0.092,0.605,0.357,0.458,0.738,0.603,0.694,0.757,0.667,0.765,0.667,0.534,0.647,0.036,0.074,0.185,0.598,0.037,0.388,0.592,0.744,0.223,0.157,0.426,0.347,0.263,0.000,0.347,0.048,0.215,0.000,0.086,0.000,0.071,0.113,0.540,0.191,0.475,0.525,0.000,0.000,0.000,0.101,0.000,0.000,0.000,0.000,0.199,0.161,0.410,0.563,0.083,0.339,0.119,0.038,0.255,0.140,0.193,0.019,0.074,0.019,0.000,0.009,0.101,0.000,0.006,0.062,0.065,0.006,0.000,0.361,0.246,0.181,0.072,0.141,0.316,0.141,0.422,0.546,0.743,0.200,0.267,0.163,0.116,0.115,0.743,0.072,0.580,0.532,0.535,0.302,0.081,0.050,0.063,0.098,0.170,0.236
extreme-appointment-capture,Extreme Appointment Capture,Appointment incentives are highly partisan and vacancies become ideological leverage points.,1.000,neutral synthetic legislature,emergency-integrity-package,Emergency integrity package,5120,0.967,0.522,0.446,0.413,0.587,0.224,0.418,0.168,0.104,0.001,0.056,0.037,0.101,0.669,0.543,0.504,0.436,0.261,0.574,0.434,0.434,0.553,0.520,0.662,0.044,0.464,0.131,0.006,0.510,0.369,0.346,0.082,0.608,0.311,0.473,0.738,0.602,0.695,0.765,0.664,0.753,0.664,0.538,0.646,0.031,0.018,0.173,0.645,0.039,0.385,0.595,0.758,0.252,0.169,0.483,0.341,0.341,0.000,0.341,0.088,0.341,0.000,0.143,0.000,0.074,0.107,0.535,0.197,0.478,0.522,0.000,0.000,0.000,0.000,0.000,0.000,0.000,0.000,0.198,0.169,0.363,0.564,0.088,0.330,0.125,0.038,0.244,0.155,0.187,0.017,0.082,0.020,0.000,0.005,0.096,0.000,0.007,0.059,0.067,0.007,0.000,0.361,0.246,0.181,0.072,0.141,0.316,0.144,0.407,0.472,0.917,0.250,0.267,0.158,0.127,0.129,0.739,0.066,0.589,0.536,0.586,0.302,0.081,0.050,0.063,0.098,0.170,0.236
extreme-appointment-capture,Extreme Appointment Capture,Appointment incentives are highly partisan and vacancies become ideological leverage points.,1.000,neutral synthetic legislature,remand-override-window-package,Constitutional remand with override window,5120,0.967,0.529,0.438,0.421,0.587,0.224,0.418,0.168,0.101,0.001,0.045,0.043,0.101,0.669,0.543,0.504,0.436,0.230,0.574,0.434,0.434,0.553,0.520,0.662,0.044,0.425,0.131,0.006,0.510,0.369,0.346,0.087,0.621,0.329,0.458,0.738,0.599,0.710,0.760,0.690,0.799,0.682,0.554,0.635,0.034,0.050,0.198,0.628,0.023,0.388,0.606,0.755,0.314,0.108,0.432,0.364,0.247,0.000,0.364,0.083,0.164,0.000,0.087,0.000,0.092,0.071,0.536,0.190,0.471,0.529,0.000,0.413,0.048,0.000,0.057,0.015,0.023,0.000,0.200,0.143,0.433,0.546,0.120,0.337,0.125,0.045,0.263,0.160,0.182,0.011,0.055,0.014,0.160,0.004,0.069,0.000,0.006,0.064,0.066,0.009,0.000,0.361,0.246,0.181,0.072,0.141,0.316,0.114,0.334,0.400,0.661,0.191,0.243,0.089,0.097,0.097,0.777,0.083,0.595,0.553,0.566,0.302,0.081,0.050,0.063,0.098,0.170,0.236
extreme-appointment-capture,Extreme Appointment Capture,Appointment incentives are highly partisan and vacancies become ideological leverage points.,1.000,neutral synthetic legislature,panel-jurisdiction-safeguards,Random panels with jurisdiction safeguards,5120,0.963,0.523,0.440,0.405,0.587,0.220,0.418,0.168,0.106,0.000,0.057,0.036,0.101,0.669,0.543,0.504,0.436,0.264,0.574,0.434,0.434,0.553,0.520,0.662,0.044,0.385,0.131,0.006,0.510,0.369,0.346,0.089,0.632,0.341,0.597,0.738,0.599,0.698,0.747,0.670,0.779,0.664,0.533,0.633,0.051,0.068,0.194,0.633,0.033,0.395,0.590,0.748,0.246,0.135,0.389,0.353,0.207,0.000,0.353,0.087,0.121,0.146,0.566,0.000,0.112,0.078,0.484,0.163,0.804,0.196,0.000,0.000,0.000,0.000,0.075,0.000,0.000,0.000,0.201,0.178,0.442,0.562,0.132,0.331,0.130,0.044,0.257,0.162,0.189,0.022,0.123,0.026,0.000,0.008,0.000,0.000,0.007,0.060,0.064,0.008,0.000,0.361,0.246,0.181,0.072,0.141,0.316,0.113,0.326,0.491,0.652,0.175,0.133,0.119,0.103,0.106,0.758,0.083,0.580,0.542,0.577,0.302,0.081,0.050,0.063,0.098,0.170,0.236
extreme-appointment-capture,Extreme Appointment Capture,Appointment incentives are highly partisan and vacancies become ideological leverage points.,1.000,neutral synthetic legislature,council-concrete-hybrid,Constitutional council with concrete-review backstop,5120,0.961,0.524,0.438,0.408,0.587,0.226,0.418,0.168,0.100,0.001,0.050,0.038,0.101,0.669,0.543,0.504,0.436,0.263,0.574,0.434,0.434,0.553,0.520,0.662,0.044,0.455,0.131,0.006,0.510,0.369,0.346,0.098,0.646,0.356,0.535,0.738,0.595,0.701,0.750,0.675,0.773,0.671,0.547,0.641,0.029,0.076,0.185,0.651,0.030,0.398,0.607,0.755,0.287,0.134,0.424,0.349,0.250,0.000,0.349,0.043,0.207,0.000,0.414,0.000,0.114,0.111,0.534,0.191,0.787,0.213,0.000,0.368,0.000,0.000,0.077,0.019,0.032,0.002,0.209,0.174,0.421,0.568,0.140,0.322,0.134,0.043,0.249,0.162,0.192,0.012,0.058,0.015,0.162,0.006,0.068,0.000,0.006,0.066,0.070,0.011,0.000,0.361,0.246,0.181,0.072,0.141,0.316,0.121,0.363,0.380,0.678,0.125,0.345,0.109,0.108,0.095,0.751,0.072,0.585,0.543,0.592,0.302,0.081,0.050,0.063,0.098,0.170,0.236
low-emergency-pressure,Low Emergency Pressure,Few cases arrive through urgent stay requests or executive emergency disputes.,0.750,neutral synthetic legislature,current-us-like,Stylized current U.S.-like supreme court,5120,0.962,0.507,0.454,0.403,0.606,0.226,0.431,0.174,0.087,0.000,0.056,0.040,0.102,0.679,0.542,0.506,0.388,0.249,0.573,0.424,0.418,0.556,0.518,0.661,0.043,0.494,0.142,0.008,0.499,0.360,0.334,0.088,0.604,0.452,0.433,0.737,0.602,0.691,0.718,0.666,0.749,0.672,0.541,0.633,0.032,0.180,0.193,0.493,0.031,0.382,0.580,0.723,0.137,0.125,0.308,0.294,0.029,0.029,0.000,0.029,0.000,0.000,0.014,0.000,0.030,0.309,0.510,0.232,0.493,0.507,0.000,0.000,0.000,0.000,0.000,0.000,0.000,0.000,0.221,0.153,0.458,0.602,0.089,0.316,0.129,0.042,0.226,0.155,0.249,0.015,0.079,0.020,0.000,0.008,0.101,0.000,0.005,0.060,0.065,0.010,0.000,0.359,0.230,0.190,0.071,0.149,0.308,0.117,0.300,0.321,0.943,0.182,0.475,0.202,0.092,0.088,0.709,0.084,0.577,0.536,0.426,0.324,0.083,0.050,0.027,0.093,0.179,0.243
low-emergency-pressure,Low Emergency Pressure,Few cases arrive through urgent stay requests or executive emergency disputes.,0.750,neutral synthetic legislature,term-limited-balanced,18-year staggered terms + regular appointments,5120,0.962,0.508,0.454,0.404,0.606,0.230,0.431,0.174,0.080,0.000,0.051,0.029,0.102,0.679,0.542,0.506,0.388,0.243,0.573,0.424,0.418,0.556,0.518,0.661,0.043,0.454,0.142,0.008,0.499,0.360,0.334,0.081,0.611,0.313,0.437,0.737,0.612,0.697,0.763,0.664,0.744,0.667,0.548,0.641,0.035,0.057,0.142,0.582,0.045,0.370,0.589,0.755,0.169,0.168,0.417,0.274,0.207,0.000,0.274,0.034,0.172,0.000,0.042,0.000,0.070,0.108,0.502,0.185,0.492,0.508,0.000,0.000,0.000,0.000,0.000,0.000,0.000,0.000,0.200,0.169,0.355,0.611,0.088,0.327,0.116,0.033,0.207,0.149,0.259,0.016,0.076,0.017,0.000,0.004,0.107,0.000,0.004,0.057,0.060,0.008,0.000,0.359,0.230,0.190,0.071,0.149,0.308,0.134,0.418,0.337,0.695,0.341,0.423,0.202,0.115,0.119,0.728,0.047,0.590,0.544,0.521,0.324,0.083,0.050,0.027,0.093,0.179,0.243
low-emergency-pressure,Low Emergency Pressure,Few cases arrive through urgent stay requests or executive emergency disputes.,0.750,neutral synthetic legislature,nonpartisan-commission,Nonpartisan commission appointments,5120,0.960,0.505,0.455,0.402,0.606,0.220,0.431,0.174,0.085,0.000,0.044,0.038,0.102,0.679,0.542,0.506,0.388,0.243,0.573,0.424,0.418,0.556,0.518,0.661,0.043,0.454,0.142,0.008,0.499,0.360,0.334,0.076,0.610,0.314,0.439,0.737,0.610,0.697,0.765,0.665,0.743,0.667,0.550,0.639,0.022,0.059,0.144,0.584,0.041,0.369,0.588,0.757,0.189,0.167,0.411,0.278,0.202,0.000,0.278,0.033,0.170,0.000,0.056,0.000,0.072,0.107,0.501,0.185,0.495,0.505,0.000,0.000,0.000,0.000,0.000,0.000,0.000,0.000,0.194,0.172,0.365,0.569,0.093,0.323,0.122,0.040,0.216,0.151,0.192,0.020,0.079,0.020,0.000,0.005,0.089,0.000,0.007,0.065,0.057,0.006,0.000,0.359,0.230,0.190,0.071,0.149,0.308,0.133,0.407,0.404,0.738,0.159,0.462,0.179,0.114,0.117,0.727,0.047,0.591,0.548,0.531,0.324,0.083,0.050,0.027,0.093,0.179,0.243
low-emergency-pressure,Low Emergency Pressure,Few cases arrive through urgent stay requests or executive emergency disputes.,0.750,neutral synthetic legislature,expanded-court-fifteen,Expanded 15-seat court,5120,0.963,0.503,0.460,0.403,0.606,0.225,0.431,0.174,0.085,0.001,0.047,0.031,0.102,0.679,0.542,0.506,0.388,0.244,0.573,0.424,0.418,0.556,0.518,0.661,0.043,0.454,0.142,0.010,0.499,0.360,0.334,0.081,0.610,0.314,0.441,0.737,0.607,0.697,0.764,0.665,0.745,0.667,0.549,0.639,0.021,0.057,0.144,0.586,0.040,0.368,0.587,0.756,0.202,0.165,0.411,0.274,0.205,0.000,0.274,0.035,0.170,0.000,0.040,0.000,0.064,0.421,0.534,0.263,0.497,0.503,0.000,0.000,0.000,0.000,0.000,0.000,0.000,0.000,0.199,0.169,0.361,0.601,0.088,0.322,0.114,0.037,0.216,0.146,0.247,0.019,0.068,0.019,0.000,0.005,0.104,0.000,0.004,0.055,0.059,0.008,0.000,0.359,0.230,0.190,0.071,0.149,0.308,0.131,0.409,0.365,0.719,0.182,0.385,0.192,0.113,0.117,0.721,0.047,0.590,0.545,0.528,0.324,0.083,0.050,0.027,0.093,0.179,0.243
low-emergency-pressure,Low Emergency Pressure,Few cases arrive through urgent stay requests or executive emergency disputes.,0.750,neutral synthetic legislature,supermajority-review,60 percent invalidation threshold,5120,0.961,0.497,0.464,0.395,0.606,0.218,0.431,0.174,0.094,0.001,0.063,0.032,0.102,0.679,0.542,0.506,0.388,0.244,0.573,0.424,0.418,0.556,0.518,0.661,0.043,0.454,0.142,0.008,0.499,0.360,0.334,0.079,0.609,0.296,0.437,0.737,0.614,0.700,0.764,0.671,0.761,0.666,0.550,0.633,0.034,0.048,0.145,0.571,0.037,0.366,0.581,0.753,0.162,0.144,0.390,0.272,0.160,0.000,0.272,0.057,0.103,0.112,0.040,0.000,0.031,0.111,0.496,0.182,0.503,0.497,0.000,0.000,0.000,0.000,0.000,0.000,0.000,0.000,0.198,0.163,0.370,0.597,0.091,0.310,0.122,0.041,0.209,0.148,0.244,0.017,0.075,0.022,0.000,0.005,0.094,0.000,0.006,0.060,0.064,0.005,0.000,0.359,0.230,0.190,0.071,0.149,0.308,0.119,0.363,0.359,0.648,0.159,0.385,0.202,0.102,0.107,0.744,0.052,0.590,0.546,0.512,0.324,0.083,0.050,0.027,0.093,0.179,0.243
low-emergency-pressure,Low Emergency Pressure,Few cases arrive through urgent stay requests or executive emergency disputes.,0.750,neutral synthetic legislature,recusal-and-emergency-reform,Peer recusal + reasoned emergency docket,5120,0.961,0.509,0.452,0.402,0.606,0.236,0.431,0.174,0.087,0.001,0.056,0.041,0.102,0.679,0.542,0.506,0.388,0.243,0.573,0.424,0.418,0.556,0.518,0.661,0.043,0.454,0.142,0.009,0.499,0.360,0.334,0.078,0.610,0.314,0.441,0.737,0.610,0.699,0.763,0.669,0.757,0.668,0.549,0.638,0.035,0.058,0.141,0.584,0.042,0.369,0.589,0.755,0.197,0.162,0.409,0.274,0.196,0.000,0.274,0.032,0.165,0.000,0.068,0.000,0.071,0.112,0.514,0.187,0.491,0.509,0.000,0.000,0.000,0.000,0.000,0.000,0.000,0.000,0.199,0.161,0.368,0.601,0.091,0.329,0.113,0.035,0.218,0.155,0.248,0.018,0.074,0.016,0.000,0.004,0.100,0.000,0.005,0.055,0.064,0.007,0.000,0.359,0.230,0.190,0.071,0.149,0.308,0.128,0.392,0.356,0.705,0.227,0.423,0.192,0.112,0.114,0.740,0.047,0.590,0.546,0.524,0.324,0.083,0.050,0.027,0.093,0.179,0.243
low-emergency-pressure,Low Emergency Pressure,Few cases arrive through urgent stay requests or executive emergency disputes.,0.750,neutral synthetic legislature,panel-en-banc,Three-judge panels with en banc correction,5120,0.962,0.513,0.449,0.415,0.606,0.231,0.431,0.174,0.085,0.001,0.055,0.035,0.102,0.679,0.542,0.506,0.388,0.243,0.573,0.424,0.418,0.556,0.518,0.661,0.043,0.424,0.142,0.009,0.499,0.360,0.334,0.079,0.611,0.314,0.526,0.737,0.608,0.699,0.763,0.667,0.752,0.667,0.548,0.638,0.039,0.058,0.143,0.630,0.041,0.371,0.590,0.759,0.206,0.166,0.421,0.279,0.203,0.000,0.279,0.030,0.172,0.000,0.484,0.000,0.255,0.074,0.440,0.154,0.812,0.188,0.000,0.000,0.000,0.000,0.000,0.000,0.000,0.000,0.191,0.173,0.361,0.555,0.089,0.319,0.124,0.037,0.216,0.150,0.179,0.017,0.080,0.019,0.000,0.003,0.095,0.000,0.005,0.068,0.063,0.007,0.000,0.359,0.230,0.190,0.071,0.149,0.308,0.128,0.382,0.388,0.752,0.159,0.385,0.212,0.115,0.116,0.739,0.047,0.591,0.545,0.576,0.324,0.083,0.050,0.027,0.093,0.179,0.243
low-emergency-pressure,Low Emergency Pressure,Few cases arrive through urgent stay requests or executive emergency disputes.,0.750,neutral synthetic legislature,cross-checking-courts,Supreme court with cross-checking constitutional court,5120,0.958,0.503,0.455,0.398,0.606,0.218,0.431,0.174,0.081,0.001,0.053,0.030,0.102,0.679,0.542,0.506,0.388,0.223,0.573,0.424,0.418,0.556,0.518,0.661,0.043,0.454,0.142,0.010,0.499,0.360,0.334,0.075,0.629,0.297,0.447,0.737,0.594,0.703,0.766,0.670,0.768,0.672,0.535,0.618,0.015,0.051,0.148,0.586,0.026,0.389,0.575,0.757,0.267,0.104,0.389,0.279,0.153,0.000,0.279,0.054,0.099,0.126,0.105,0.000,0.090,0.110,0.512,0.183,0.497,0.503,0.144,0.000,0.000,0.000,0.000,0.000,0.000,0.000,0.189,0.132,0.380,0.557,0.088,0.323,0.117,0.040,0.222,0.157,0.178,0.019,0.073,0.022,0.000,0.008,0.096,0.000,0.006,0.058,0.061,0.011,0.000,0.359,0.230,0.190,0.071,0.149,0.308,0.080,0.249,0.253,0.414,0.068,0.283,0.125,0.096,0.079,0.750,0.053,0.596,0.533,0.534,0.324,0.083,0.050,0.027,0.093,0.179,0.243
low-emergency-pressure,Low Emergency Pressure,Few cases arrive through urgent stay requests or executive emergency disputes.,0.750,neutral synthetic legislature,dual-supreme-courts,Dual supreme courts with disagreement filter,5120,0.956,0.505,0.451,0.404,0.606,0.222,0.431,0.174,0.089,0.002,0.058,0.028,0.102,0.679,0.542,0.506,0.388,0.245,0.573,0.424,0.418,0.556,0.518,0.661,0.043,0.454,0.142,0.008,0.499,0.360,0.334,0.084,0.609,0.296,0.451,0.737,0.583,0.685,0.766,0.643,0.709,0.658,0.527,0.640,0.014,0.051,0.149,0.593,0.045,0.398,0.588,0.755,0.302,0.166,0.395,0.280,0.161,0.000,0.280,0.056,0.104,0.120,0.106,0.000,0.085,0.109,0.512,0.185,0.495,0.505,0.141,0.000,0.000,0.000,0.000,0.000,0.000,0.000,0.196,0.182,0.373,0.585,0.094,0.321,0.120,0.042,0.212,0.156,0.182,0.018,0.074,0.020,0.000,0.008,0.099,0.000,0.005,0.062,0.066,0.009,0.000,0.359,0.230,0.190,0.071,0.149,0.308,0.132,0.409,0.394,0.748,0.091,0.308,0.172,0.117,0.121,0.693,0.053,0.585,0.524,0.540,0.324,0.083,0.050,0.027,0.093,0.179,0.243
low-emergency-pressure,Low Emergency Pressure,Few cases arrive through urgent stay requests or executive emergency disputes.,0.750,neutral synthetic legislature,comparative-constitutional-senates,Comparative 16-seat constitutional senates,5120,0.962,0.508,0.454,0.413,0.606,0.231,0.431,0.174,0.086,0.000,0.055,0.034,0.102,0.679,0.542,0.506,0.388,0.243,0.573,0.424,0.418,0.556,0.518,0.661,0.043,0.484,0.142,0.010,0.499,0.360,0.334,0.074,0.610,0.296,0.562,0.737,0.606,0.704,0.758,0.677,0.776,0.669,0.550,0.633,0.019,0.048,0.144,0.626,0.033,0.367,0.583,0.761,0.233,0.130,0.400,0.270,0.157,0.000,0.270,0.059,0.098,0.113,0.469,0.000,0.102,0.110,0.484,0.178,0.813,0.188,0.000,0.000,0.000,0.000,0.000,0.000,0.000,0.000,0.190,0.138,0.365,0.544,0.084,0.329,0.115,0.038,0.213,0.151,0.181,0.017,0.074,0.018,0.000,0.003,0.093,0.000,0.006,0.059,0.056,0.006,0.000,0.359,0.230,0.190,0.071,0.149,0.308,0.110,0.335,0.330,0.643,0.182,0.192,0.135,0.099,0.098,0.759,0.053,0.593,0.549,0.574,0.324,0.083,0.050,0.027,0.093,0.179,0.243
low-emergency-pressure,Low Emergency Pressure,Few cases arrive through urgent stay requests or executive emergency disputes.,0.750,neutral synthetic legislature,constitutional-council,Pre-enactment constitutional council,5120,0.962,0.512,0.450,0.406,0.606,0.233,0.431,0.174,0.083,0.001,0.051,0.031,0.102,0.679,0.542,0.506,0.388,0.242,0.573,0.424,0.418,0.556,0.518,0.661,0.043,0.444,0.142,0.008,0.499,0.360,0.334,0.084,0.652,0.313,0.483,0.737,0.606,0.707,0.769,0.675,0.763,0.669,0.561,0.641,0.029,0.057,0.141,0.644,0.037,0.380,0.605,0.768,0.260,0.150,0.419,0.275,0.204,0.000,0.275,0.031,0.173,0.000,0.329,0.000,0.101,0.068,0.498,0.173,0.819,0.181,0.000,0.347,0.000,0.000,0.085,0.022,0.035,0.002,0.196,0.184,0.357,0.569,0.149,0.324,0.126,0.043,0.212,0.156,0.192,0.016,0.058,0.015,0.156,0.005,0.060,0.000,0.007,0.061,0.065,0.006,0.000,0.359,0.230,0.190,0.071,0.149,0.308,0.126,0.392,0.317,0.743,0.091,0.360,0.162,0.110,0.103,0.748,0.046,0.595,0.559,0.594,0.324,0.083,0.050,0.027,0.093,0.179,0.243
low-emergency-pressure,Low Emergency Pressure,Few cases arrive through urgent stay requests or executive emergency disputes.,0.750,neutral synthetic legislature,legislative-override,Judicial review with legislative supermajority override,5120,0.960,0.502,0.458,0.401,0.606,0.219,0.431,0.174,0.083,0.001,0.055,0.043,0.102,0.679,0.542,0.506,0.388,0.243,0.573,0.424,0.418,0.556,0.518,0.661,0.043,0.454,0.142,0.011,0.499,0.360,0.334,0.073,0.611,0.313,0.437,0.737,0.608,0.695,0.766,0.662,0.742,0.665,0.544,0.638,0.014,0.057,0.141,0.581,0.042,0.380,0.591,0.758,0.195,0.166,0.407,0.274,0.200,0.000,0.274,0.030,0.170,0.000,0.040,0.000,0.074,0.104,0.513,0.184,0.498,0.502,0.000,0.000,0.000,0.000,0.097,0.017,0.037,0.001,0.197,0.202,0.357,0.563,0.170,0.318,0.126,0.048,0.212,0.160,0.173,0.011,0.053,0.016,0.160,0.002,0.063,0.000,0.007,0.062,0.063,0.008,0.000,0.359,0.230,0.190,0.071,0.149,0.308,0.130,0.398,0.375,0.767,0.136,0.385,0.162,0.113,0.113,0.726,0.045,0.590,0.541,0.534,0.324,0.083,0.050,0.027,0.093,0.179,0.243
low-emergency-pressure,Low Emergency Pressure,Few cases arrive through urgent stay requests or executive emergency disputes.,0.750,neutral synthetic legislature,accountability-retention-court,Retention-election accountability court,5120,0.963,0.503,0.459,0.406,0.606,0.223,0.431,0.174,0.088,0.000,0.059,0.032,0.102,0.679,0.542,0.506,0.388,0.243,0.573,0.424,0.418,0.556,0.518,0.661,0.043,0.454,0.142,0.006,0.499,0.360,0.334,0.076,0.612,0.313,0.438,0.737,0.610,0.698,0.766,0.669,0.756,0.672,0.546,0.631,0.023,0.058,0.144,0.583,0.038,0.378,0.595,0.757,0.189,0.154,0.414,0.280,0.200,0.000,0.280,0.028,0.172,0.000,0.046,0.000,0.108,0.310,0.542,0.236,0.497,0.503,0.000,0.000,0.000,0.000,0.090,0.041,0.000,0.003,0.194,0.179,0.362,0.572,0.112,0.317,0.125,0.040,0.211,0.151,0.192,0.014,0.052,0.013,0.151,0.001,0.070,0.000,0.006,0.062,0.065,0.006,0.000,0.359,0.230,0.190,0.071,0.149,0.308,0.124,0.388,0.317,0.667,0.114,0.360,0.222,0.110,0.102,0.735,0.045,0.592,0.542,0.532,0.324,0.083,0.050,0.027,0.093,0.179,0.243
low-emergency-pressure,Low Emergency Pressure,Few cases arrive through urgent stay requests or executive emergency disputes.,0.750,neutral synthetic legislature,emergency-restraint-court,No emergency relief without merits review,5120,0.959,0.511,0.448,0.404,0.606,0.228,0.431,0.174,0.089,0.001,0.058,0.031,0.102,0.679,0.542,0.506,0.388,0.241,0.573,0.424,0.418,0.556,0.518,0.661,0.043,0.454,0.142,0.011,0.499,0.360,0.334,0.077,0.613,0.248,0.445,0.737,0.615,0.703,0.781,0.670,0.758,0.667,0.551,0.642,0.024,0.008,0.133,0.618,0.041,0.366,0.592,0.768,0.206,0.166,0.451,0.269,0.269,0.000,0.269,0.000,0.269,0.000,0.092,0.000,0.067,0.110,0.506,0.187,0.489,0.511,0.000,0.000,0.000,0.000,0.000,0.000,0.000,0.000,0.183,0.167,0.321,0.555,0.088,0.327,0.120,0.034,0.200,0.152,0.181,0.018,0.079,0.017,0.000,0.004,0.092,0.000,0.005,0.064,0.057,0.010,0.000,0.359,0.230,0.190,0.071,0.149,0.308,0.136,0.398,0.317,0.881,0.295,0.308,0.202,0.121,0.112,0.748,0.036,0.595,0.549,0.568,0.324,0.083,0.050,0.027,0.093,0.179,0.243
low-emergency-pressure,Low Emergency Pressure,Few cases arrive through urgent stay requests or executive emergency disputes.,0.750,neutral synthetic legislature,randomized-merits-panels,Randomized merits panels with en banc correction,5120,0.961,0.519,0.442,0.416,0.606,0.242,0.431,0.174,0.091,0.001,0.060,0.030,0.102,0.679,0.542,0.506,0.388,0.243,0.573,0.424,0.418,0.556,0.518,0.661,0.043,0.424,0.142,0.011,0.499,0.360,0.334,0.078,0.611,0.314,0.550,0.737,0.607,0.697,0.762,0.664,0.745,0.666,0.548,0.641,0.036,0.058,0.146,0.635,0.045,0.372,0.593,0.760,0.215,0.172,0.424,0.284,0.214,0.000,0.284,0.033,0.181,0.000,0.508,0.000,0.110,0.074,0.452,0.156,0.807,0.193,0.000,0.000,0.000,0.000,0.000,0.000,0.000,0.000,0.191,0.167,0.359,0.563,0.089,0.336,0.118,0.038,0.219,0.150,0.189,0.018,0.075,0.019,0.000,0.003,0.104,0.000,0.006,0.058,0.060,0.005,0.000,0.359,0.230,0.190,0.071,0.149,0.308,0.136,0.410,0.407,0.781,0.091,0.423,0.263,0.118,0.121,0.732,0.047,0.590,0.545,0.579,0.324,0.083,0.050,0.027,0.093,0.179,0.243
low-emergency-pressure,Low Emergency Pressure,Few cases arrive through urgent stay requests or executive emergency disputes.,0.750,neutral synthetic legislature,mandatory-written-emergency-reasoning,Mandatory written emergency reasoning,5120,0.963,0.499,0.465,0.394,0.606,0.223,0.431,0.174,0.091,0.001,0.055,0.044,0.102,0.679,0.542,0.506,0.388,0.243,0.573,0.424,0.418,0.556,0.518,0.661,0.043,0.454,0.142,0.007,0.499,0.360,0.334,0.079,0.610,0.285,0.437,0.737,0.609,0.699,0.767,0.669,0.753,0.669,0.550,0.635,0.034,0.034,0.145,0.581,0.040,0.367,0.585,0.756,0.202,0.157,0.407,0.274,0.187,0.000,0.274,0.056,0.131,0.000,0.042,0.000,0.064,0.109,0.511,0.184,0.501,0.499,0.000,0.000,0.000,0.000,0.000,0.000,0.000,0.000,0.199,0.169,0.374,0.612,0.089,0.322,0.118,0.038,0.218,0.140,0.253,0.019,0.073,0.019,0.000,0.004,0.095,0.000,0.007,0.057,0.057,0.008,0.000,0.359,0.230,0.190,0.071,0.149,0.308,0.123,0.364,0.388,0.762,0.068,0.360,0.212,0.108,0.115,0.738,0.051,0.591,0.547,0.521,0.324,0.083,0.050,0.027,0.093,0.179,0.243
low-emergency-pressure,Low Emergency Pressure,Few cases arrive through urgent stay requests or executive emergency disputes.,0.750,neutral synthetic legislature,automatic-merits-follow-up,Automatic merits follow-up for emergency relief,5120,0.966,0.505,0.460,0.401,0.606,0.227,0.431,0.174,0.088,0.001,0.052,0.039,0.102,0.679,0.542,0.506,0.388,0.242,0.573,0.424,0.418,0.556,0.518,0.661,0.043,0.454,0.142,0.010,0.499,0.360,0.334,0.079,0.613,0.269,0.437,0.737,0.609,0.697,0.775,0.662,0.738,0.663,0.549,0.641,0.036,0.013,0.132,0.604,0.049,0.369,0.592,0.763,0.219,0.183,0.449,0.265,0.265,0.000,0.265,0.058,0.265,0.000,0.040,0.000,0.069,0.112,0.496,0.185,0.495,0.505,0.000,0.000,0.000,0.000,0.000,0.000,0.000,0.000,0.196,0.187,0.331,0.606,0.094,0.316,0.125,0.039,0.205,0.151,0.245,0.018,0.081,0.020,0.000,0.005,0.103,0.000,0.003,0.063,0.061,0.008,0.000,0.359,0.230,0.190,0.071,0.149,0.308,0.142,0.407,0.365,0.957,0.295,0.385,0.192,0.125,0.133,0.728,0.042,0.594,0.544,0.546,0.324,0.083,0.050,0.027,0.093,0.179,0.243
low-emergency-pressure,Low Emergency Pressure,Few cases arrive through urgent stay requests or executive emergency disputes.,0.750,neutral synthetic legislature,strong-recusal-enforcement,Independent recusal enforcement with substitutes,5120,0.962,0.512,0.451,0.407,0.606,0.232,0.431,0.174,0.084,0.001,0.058,0.037,0.102,0.679,0.542,0.506,0.388,0.243,0.573,0.424,0.418,0.556,0.518,0.661,0.043,0.454,0.142,0.008,0.499,0.360,0.334,0.080,0.611,0.314,0.449,0.737,0.606,0.696,0.765,0.662,0.739,0.666,0.547,0.640,0.022,0.059,0.147,0.600,0.044,0.372,0.591,0.758,0.212,0.171,0.420,0.284,0.212,0.000,0.284,0.035,0.177,0.000,0.095,0.000,0.076,0.111,0.513,0.189,0.488,0.512,0.000,0.000,0.000,0.000,0.000,0.000,0.000,0.000,0.192,0.170,0.360,0.557,0.095,0.324,0.113,0.041,0.217,0.156,0.179,0.018,0.071,0.022,0.000,0.005,0.088,0.000,0.005,0.060,0.068,0.005,0.000,0.359,0.230,0.190,0.071,0.149,0.308,0.135,0.414,0.423,0.733,0.295,0.385,0.192,0.117,0.121,0.722,0.047,0.590,0.547,0.548,0.324,0.083,0.050,0.027,0.093,0.179,0.243
low-emergency-pressure,Low Emergency Pressure,Few cases arrive through urgent stay requests or executive emergency disputes.,0.750,neutral synthetic legislature,jurisdiction-stripping-constraints,Jurisdiction stripping constrained by rights carveouts,5120,0.960,0.510,0.450,0.406,0.606,0.227,0.431,0.174,0.086,0.001,0.057,0.030,0.102,0.679,0.542,0.506,0.388,0.242,0.573,0.424,0.418,0.556,0.518,0.661,0.043,0.404,0.142,0.006,0.499,0.360,0.334,0.085,0.641,0.313,0.437,0.737,0.613,0.700,0.772,0.663,0.746,0.665,0.544,0.639,0.015,0.056,0.140,0.588,0.044,0.378,0.594,0.763,0.190,0.172,0.422,0.271,0.205,0.000,0.271,0.031,0.173,0.000,0.039,0.000,0.071,0.107,0.507,0.185,0.490,0.510,0.000,0.000,0.000,0.000,0.099,0.000,0.000,0.000,0.192,0.220,0.353,0.565,0.159,0.320,0.132,0.044,0.207,0.165,0.179,0.023,0.119,0.024,0.000,0.006,0.000,0.000,0.007,0.066,0.065,0.009,0.000,0.359,0.230,0.190,0.071,0.149,0.308,0.134,0.418,0.346,0.743,0.136,0.462,0.182,0.116,0.120,0.730,0.045,0.592,0.551,0.547,0.324,0.083,0.050,0.027,0.093,0.179,0.243
low-emergency-pressure,Low Emergency Pressure,Few cases arrive through urgent stay requests or executive emergency disputes.,0.750,neutral synthetic legislature,legislative-override-window,Time-limited legislative override window,5120,0.962,0.512,0.450,0.409,0.606,0.233,0.431,0.174,0.086,0.001,0.049,0.034,0.102,0.679,0.542,0.506,0.388,0.243,0.573,0.424,0.418,0.556,0.518,0.661,0.043,0.454,0.142,0.009,0.499,0.360,0.334,0.077,0.612,0.313,0.437,0.737,0.608,0.696,0.767,0.662,0.745,0.666,0.542,0.641,0.015,0.058,0.145,0.588,0.042,0.385,0.595,0.759,0.198,0.164,0.420,0.282,0.213,0.000,0.282,0.028,0.184,0.000,0.043,0.000,0.067,0.110,0.517,0.187,0.488,0.512,0.000,0.000,0.000,0.000,0.098,0.027,0.036,0.000,0.197,0.197,0.356,0.570,0.160,0.327,0.128,0.045,0.211,0.159,0.182,0.015,0.052,0.014,0.159,0.003,0.060,0.000,0.006,0.067,0.058,0.009,0.000,0.359,0.230,0.190,0.071,0.149,0.308,0.132,0.406,0.385,0.743,0.182,0.462,0.172,0.115,0.110,0.728,0.046,0.590,0.539,0.540,0.324,0.083,0.050,0.027,0.093,0.179,0.243
low-emergency-pressure,Low Emergency Pressure,Few cases arrive through urgent stay requests or executive emergency disputes.,0.750,neutral synthetic legislature,constitutional-remand,Constitutional remand before invalidation,5120,0.964,0.525,0.439,0.419,0.606,0.240,0.431,0.174,0.087,0.001,0.054,0.032,0.102,0.679,0.542,0.506,0.388,0.208,0.573,0.424,0.418,0.556,0.518,0.661,0.043,0.415,0.142,0.010,0.499,0.360,0.334,0.078,0.627,0.314,0.440,0.737,0.611,0.717,0.774,0.692,0.794,0.683,0.568,0.638,0.022,0.059,0.146,0.618,0.029,0.369,0.606,0.768,0.275,0.114,0.430,0.286,0.208,0.000,0.286,0.030,0.178,0.000,0.059,0.000,0.092,0.072,0.527,0.186,0.475,0.525,0.000,0.399,0.050,0.000,0.064,0.017,0.027,0.001,0.185,0.147,0.356,0.531,0.128,0.335,0.125,0.043,0.221,0.157,0.175,0.014,0.053,0.016,0.157,0.002,0.062,0.000,0.007,0.060,0.064,0.007,0.000,0.359,0.230,0.190,0.071,0.149,0.308,0.116,0.365,0.276,0.658,0.128,0.315,0.135,0.100,0.092,0.776,0.047,0.606,0.567,0.569,0.324,0.083,0.050,0.027,0.093,0.179,0.243
low-emergency-pressure,Low Emergency Pressure,Few cases arrive through urgent stay requests or executive emergency disputes.,0.750,neutral synthetic legislature,public-interest-litigation-filter,Public-interest litigation filter,5120,0.962,0.515,0.447,0.410,0.606,0.235,0.431,0.174,0.091,0.001,0.052,0.039,0.102,0.679,0.542,0.506,0.388,0.243,0.573,0.424,0.418,0.556,0.518,0.661,0.043,0.368,0.142,0.010,0.499,0.360,0.334,0.078,0.611,0.313,0.439,0.737,0.610,0.699,0.775,0.666,0.748,0.667,0.550,0.646,0.024,0.055,0.138,0.590,0.040,0.369,0.591,0.759,0.213,0.165,0.418,0.268,0.202,0.000,0.268,0.031,0.171,0.000,0.055,0.000,0.072,0.110,0.521,0.185,0.485,0.515,0.000,0.000,0.000,0.109,0.000,0.000,0.000,0.000,0.186,0.173,0.347,0.559,0.089,0.322,0.126,0.040,0.205,0.145,0.184,0.017,0.083,0.017,0.000,0.003,0.096,0.000,0.005,0.067,0.069,0.007,0.000,0.359,0.230,0.190,0.071,0.149,0.308,0.142,0.442,0.475,0.743,0.159,0.346,0.232,0.115,0.117,0.733,0.044,0.590,0.546,0.538,0.324,0.083,0.050,0.027,0.093,0.179,0.243
low-emergency-pressure,Low Emergency Pressure,Few cases arrive through urgent stay requests or executive emergency disputes.,0.750,neutral synthetic legislature,emergency-integrity-package,Emergency integrity package,5120,0.960,0.505,0.455,0.404,0.606,0.224,0.431,0.174,0.094,0.001,0.054,0.050,0.102,0.679,0.542,0.506,0.388,0.241,0.573,0.424,0.418,0.556,0.518,0.661,0.043,0.454,0.142,0.008,0.499,0.360,0.334,0.076,0.613,0.269,0.448,0.737,0.608,0.700,0.778,0.666,0.747,0.666,0.551,0.642,0.023,0.013,0.134,0.621,0.045,0.366,0.591,0.767,0.240,0.171,0.454,0.271,0.271,0.000,0.271,0.058,0.271,0.000,0.091,0.000,0.062,0.111,0.513,0.186,0.495,0.505,0.000,0.000,0.000,0.000,0.000,0.000,0.000,0.000,0.188,0.180,0.329,0.559,0.095,0.314,0.129,0.040,0.204,0.157,0.179,0.016,0.086,0.019,0.000,0.006,0.090,0.000,0.005,0.065,0.057,0.008,0.000,0.359,0.230,0.190,0.071,0.149,0.308,0.140,0.404,0.385,0.929,0.159,0.360,0.212,0.122,0.126,0.737,0.042,0.596,0.547,0.571,0.324,0.083,0.050,0.027,0.093,0.179,0.243
low-emergency-pressure,Low Emergency Pressure,Few cases arrive through urgent stay requests or executive emergency disputes.,0.750,neutral synthetic legislature,remand-override-window-package,Constitutional remand with override window,5120,0.966,0.516,0.449,0.409,0.606,0.237,0.431,0.174,0.089,0.001,0.060,0.041,0.102,0.679,0.542,0.506,0.388,0.209,0.573,0.424,0.418,0.556,0.518,0.661,0.043,0.414,0.142,0.009,0.499,0.360,0.334,0.077,0.626,0.284,0.440,0.737,0.608,0.717,0.778,0.693,0.794,0.683,0.568,0.636,0.023,0.035,0.148,0.619,0.027,0.367,0.602,0.769,0.301,0.111,0.424,0.283,0.196,0.000,0.283,0.053,0.143,0.000,0.058,0.000,0.086,0.072,0.528,0.183,0.484,0.516,0.000,0.392,0.044,0.000,0.063,0.014,0.027,0.000,0.183,0.140,0.360,0.533,0.127,0.330,0.120,0.045,0.210,0.153,0.180,0.015,0.051,0.016,0.153,0.003,0.065,0.000,0.005,0.061,0.063,0.007,0.000,0.359,0.230,0.190,0.071,0.149,0.308,0.110,0.344,0.298,0.623,0.139,0.290,0.148,0.096,0.093,0.778,0.052,0.605,0.568,0.569,0.324,0.083,0.050,0.027,0.093,0.179,0.243
low-emergency-pressure,Low Emergency Pressure,Few cases arrive through urgent stay requests or executive emergency disputes.,0.750,neutral synthetic legislature,panel-jurisdiction-safeguards,Random panels with jurisdiction safeguards,5120,0.957,0.501,0.456,0.404,0.606,0.218,0.431,0.174,0.085,0.000,0.056,0.030,0.102,0.679,0.542,0.506,0.388,0.244,0.573,0.424,0.418,0.556,0.518,0.661,0.043,0.374,0.142,0.009,0.499,0.360,0.334,0.087,0.639,0.297,0.569,0.737,0.606,0.702,0.764,0.668,0.760,0.664,0.546,0.633,0.035,0.051,0.147,0.625,0.039,0.374,0.587,0.762,0.233,0.147,0.391,0.277,0.154,0.000,0.277,0.056,0.099,0.122,0.536,0.000,0.104,0.074,0.473,0.154,0.809,0.191,0.000,0.000,0.000,0.000,0.088,0.000,0.000,0.000,0.189,0.200,0.380,0.563,0.152,0.320,0.117,0.041,0.218,0.162,0.178,0.022,0.105,0.025,0.000,0.005,0.000,0.000,0.006,0.060,0.059,0.009,0.000,0.359,0.230,0.190,0.071,0.149,0.308,0.116,0.356,0.337,0.681,0.068,0.244,0.182,0.103,0.109,0.745,0.053,0.591,0.555,0.580,0.324,0.083,0.050,0.027,0.093,0.179,0.243
low-emergency-pressure,Low Emergency Pressure,Few cases arrive through urgent stay requests or executive emergency disputes.,0.750,neutral synthetic legislature,council-concrete-hybrid,Constitutional council with concrete-review backstop,5120,0.957,0.509,0.447,0.409,0.606,0.227,0.431,0.174,0.079,0.001,0.048,0.015,0.102,0.679,0.542,0.506,0.388,0.242,0.573,0.424,0.418,0.556,0.518,0.661,0.043,0.444,0.142,0.011,0.499,0.360,0.334,0.083,0.652,0.313,0.517,0.737,0.604,0.708,0.768,0.677,0.768,0.671,0.561,0.639,0.018,0.055,0.136,0.644,0.034,0.380,0.603,0.770,0.273,0.140,0.414,0.263,0.193,0.000,0.263,0.026,0.167,0.000,0.406,0.000,0.102,0.107,0.508,0.180,0.809,0.191,0.000,0.354,0.000,0.000,0.082,0.020,0.038,0.001,0.195,0.181,0.362,0.560,0.153,0.315,0.127,0.040,0.206,0.166,0.178,0.013,0.056,0.013,0.166,0.003,0.060,0.000,0.007,0.061,0.062,0.009,0.000,0.359,0.230,0.190,0.071,0.149,0.308,0.119,0.373,0.292,0.676,0.159,0.269,0.162,0.106,0.096,0.751,0.044,0.596,0.558,0.597,0.324,0.083,0.050,0.027,0.093,0.179,0.243
extreme-emergency-pressure,Extreme Emergency Pressure,"Emergency applications, executive-power disputes, and time-sensitive election conflicts are common.",1.000,extreme-emergency synthetic legislature,current-us-like,Stylized current U.S.-like supreme court,5120,0.980,0.623,0.357,0.471,0.487,0.247,0.352,0.135,0.189,0.001,0.058,0.035,0.115,0.795,0.657,0.582,0.466,0.413,0.678,0.519,0.434,0.576,0.609,0.693,0.052,0.569,0.096,0.000,0.606,0.414,0.497,0.245,0.506,0.749,0.572,0.797,0.508,0.574,0.562,0.541,0.642,0.592,0.363,0.668,0.076,0.464,0.460,0.393,0.078,0.631,0.601,0.583,0.182,0.133,0.235,0.619,0.220,0.220,0.000,0.220,0.000,0.000,0.022,0.000,0.047,0.295,0.354,0.258,0.377,0.623,0.000,0.000,0.000,0.000,0.000,0.000,0.000,0.000,0.369,0.246,0.942,0.818,0.113,0.345,0.213,0.088,0.511,0.237,0.398,0.019,0.101,0.048,0.000,0.060,0.116,0.000,0.003,0.105,0.113,0.047,0.008,0.342,0.255,0.167,0.080,0.157,0.385,0.247,0.608,0.638,0.996,0.589,0.659,0.352,0.134,0.128,0.546,0.333,0.450,0.357,0.270,0.209,0.063,0.046,0.204,0.114,0.149,0.213
extreme-emergency-pressure,Extreme Emergency Pressure,"Emergency applications, executive-power disputes, and time-sensitive election conflicts are common.",1.000,extreme-emergency synthetic legislature,term-limited-balanced,18-year staggered terms + regular appointments,5120,0.979,0.621,0.358,0.454,0.487,0.247,0.352,0.135,0.193,0.002,0.065,0.056,0.115,0.795,0.657,0.582,0.466,0.401,0.678,0.519,0.434,0.576,0.609,0.693,0.052,0.529,0.096,0.000,0.606,0.414,0.497,0.223,0.518,0.582,0.580,0.797,0.518,0.585,0.646,0.557,0.661,0.597,0.385,0.630,0.076,0.183,0.372,0.583,0.136,0.583,0.622,0.648,0.234,0.231,0.439,0.611,0.477,0.000,0.611,0.188,0.289,0.000,0.059,0.000,0.104,0.108,0.354,0.204,0.379,0.621,0.000,0.000,0.000,0.000,0.000,0.000,0.000,0.000,0.333,0.291,0.710,0.805,0.123,0.338,0.211,0.089,0.479,0.235,0.380,0.022,0.095,0.048,0.000,0.056,0.130,0.000,0.003,0.107,0.117,0.042,0.008,0.342,0.255,0.167,0.080,0.157,0.385,0.165,0.401,0.440,0.751,0.315,0.363,0.216,0.169,0.188,0.616,0.224,0.476,0.375,0.464,0.209,0.063,0.046,0.204,0.114,0.149,0.213
extreme-emergency-pressure,Extreme Emergency Pressure,"Emergency applications, executive-power disputes, and time-sensitive election conflicts are common.",1.000,extreme-emergency synthetic legislature,nonpartisan-commission,Nonpartisan commission appointments,5120,0.980,0.631,0.350,0.459,0.487,0.257,0.352,0.135,0.182,0.001,0.064,0.040,0.115,0.795,0.657,0.582,0.466,0.401,0.678,0.519,0.434,0.576,0.609,0.693,0.052,0.529,0.096,0.000,0.606,0.414,0.497,0.224,0.519,0.581,0.584,0.797,0.516,0.587,0.650,0.560,0.673,0.598,0.383,0.629,0.047,0.184,0.375,0.600,0.132,0.586,0.625,0.653,0.260,0.230,0.450,0.621,0.493,0.000,0.621,0.189,0.304,0.000,0.080,0.000,0.084,0.105,0.358,0.203,0.369,0.631,0.000,0.000,0.000,0.000,0.000,0.000,0.000,0.000,0.325,0.286,0.703,0.763,0.120,0.336,0.217,0.090,0.482,0.235,0.303,0.014,0.104,0.048,0.000,0.060,0.125,0.000,0.002,0.107,0.128,0.044,0.011,0.342,0.255,0.167,0.080,0.157,0.385,0.161,0.385,0.440,0.732,0.290,0.363,0.235,0.170,0.187,0.627,0.226,0.476,0.372,0.490,0.209,0.063,0.046,0.204,0.114,0.149,0.213
extreme-emergency-pressure,Extreme Emergency Pressure,"Emergency applications, executive-power disputes, and time-sensitive election conflicts are common.",1.000,extreme-emergency synthetic legislature,expanded-court-fifteen,Expanded 15-seat court,5120,0.978,0.624,0.354,0.470,0.487,0.248,0.352,0.135,0.182,0.000,0.056,0.038,0.115,0.795,0.657,0.582,0.466,0.401,0.678,0.519,0.434,0.576,0.609,0.693,0.052,0.529,0.096,0.000,0.606,0.414,0.497,0.229,0.519,0.581,0.588,0.797,0.511,0.582,0.649,0.553,0.652,0.596,0.383,0.633,0.047,0.180,0.380,0.605,0.138,0.584,0.625,0.652,0.273,0.237,0.454,0.614,0.488,0.000,0.614,0.185,0.303,0.000,0.060,0.000,0.088,0.400,0.385,0.298,0.376,0.624,0.000,0.000,0.000,0.000,0.000,0.000,0.000,0.000,0.334,0.299,0.711,0.803,0.122,0.327,0.223,0.092,0.483,0.235,0.373,0.018,0.110,0.050,0.000,0.054,0.122,0.000,0.003,0.110,0.122,0.046,0.009,0.342,0.255,0.167,0.080,0.157,0.385,0.170,0.434,0.440,0.743,0.306,0.264,0.210,0.172,0.191,0.598,0.224,0.477,0.372,0.488,0.209,0.063,0.046,0.204,0.114,0.149,0.213
extreme-emergency-pressure,Extreme Emergency Pressure,"Emergency applications, executive-power disputes, and time-sensitive election conflicts are common.",1.000,extreme-emergency synthetic legislature,supermajority-review,60 percent invalidation threshold,5120,0.977,0.626,0.351,0.462,0.487,0.251,0.352,0.135,0.192,0.000,0.068,0.048,0.115,0.795,0.657,0.582,0.466,0.403,0.678,0.519,0.434,0.576,0.609,0.693,0.052,0.529,0.096,0.000,0.606,0.414,0.497,0.220,0.515,0.568,0.579,0.797,0.525,0.601,0.641,0.587,0.745,0.605,0.385,0.619,0.080,0.173,0.389,0.561,0.095,0.583,0.611,0.640,0.232,0.163,0.377,0.618,0.454,0.000,0.618,0.320,0.134,0.163,0.057,0.000,0.046,0.104,0.360,0.204,0.374,0.626,0.000,0.000,0.000,0.000,0.000,0.000,0.000,0.000,0.331,0.244,0.740,0.779,0.115,0.340,0.216,0.090,0.481,0.238,0.369,0.018,0.104,0.046,0.000,0.054,0.132,0.000,0.003,0.106,0.117,0.041,0.008,0.342,0.255,0.167,0.080,0.157,0.385,0.124,0.287,0.396,0.628,0.194,0.165,0.179,0.137,0.167,0.693,0.253,0.474,0.374,0.438,0.209,0.063,0.046,0.204,0.114,0.149,0.213
extreme-emergency-pressure,Extreme Emergency Pressure,"Emergency applications, executive-power disputes, and time-sensitive election conflicts are common.",1.000,extreme-emergency synthetic legislature,recusal-and-emergency-reform,Peer recusal + reasoned emergency docket,5120,0.977,0.625,0.352,0.467,0.487,0.253,0.352,0.135,0.180,0.000,0.051,0.052,0.115,0.795,0.657,0.582,0.466,0.400,0.678,0.519,0.434,0.576,0.609,0.693,0.052,0.529,0.096,0.000,0.606,0.414,0.497,0.218,0.519,0.581,0.587,0.797,0.514,0.584,0.647,0.554,0.656,0.595,0.386,0.631,0.078,0.184,0.375,0.594,0.135,0.584,0.626,0.650,0.266,0.239,0.444,0.616,0.484,0.000,0.616,0.192,0.292,0.000,0.098,0.000,0.093,0.107,0.354,0.206,0.375,0.625,0.000,0.000,0.000,0.000,0.000,0.000,0.000,0.000,0.331,0.286,0.704,0.805,0.121,0.349,0.210,0.086,0.472,0.238,0.379,0.022,0.104,0.045,0.000,0.051,0.121,0.000,0.004,0.105,0.114,0.047,0.008,0.342,0.255,0.167,0.080,0.157,0.385,0.168,0.408,0.502,0.739,0.298,0.308,0.235,0.172,0.193,0.611,0.226,0.477,0.378,0.474,0.209,0.063,0.046,0.204,0.114,0.149,0.213
extreme-emergency-pressure,Extreme Emergency Pressure,"Emergency applications, executive-power disputes, and time-sensitive election conflicts are common.",1.000,extreme-emergency synthetic legislature,panel-en-banc,Three-judge panels with en banc correction,5120,0.980,0.629,0.351,0.477,0.487,0.259,0.352,0.135,0.178,0.001,0.062,0.038,0.115,0.795,0.657,0.582,0.466,0.401,0.678,0.519,0.434,0.576,0.609,0.693,0.052,0.499,0.096,0.000,0.606,0.414,0.497,0.225,0.519,0.582,0.674,0.797,0.515,0.587,0.646,0.559,0.672,0.597,0.383,0.634,0.076,0.185,0.373,0.641,0.132,0.586,0.626,0.654,0.277,0.230,0.449,0.620,0.488,0.000,0.620,0.197,0.291,0.000,0.439,0.000,0.344,0.069,0.327,0.168,0.712,0.288,0.000,0.000,0.000,0.000,0.000,0.000,0.000,0.000,0.325,0.292,0.706,0.766,0.121,0.329,0.229,0.092,0.483,0.236,0.307,0.018,0.111,0.052,0.000,0.054,0.121,0.000,0.004,0.114,0.122,0.051,0.009,0.342,0.255,0.167,0.080,0.157,0.385,0.168,0.416,0.422,0.755,0.323,0.275,0.272,0.170,0.189,0.629,0.228,0.477,0.371,0.529,0.209,0.063,0.046,0.204,0.114,0.149,0.213
extreme-emergency-pressure,Extreme Emergency Pressure,"Emergency applications, executive-power disputes, and time-sensitive election conflicts are common.",1.000,extreme-emergency synthetic legislature,cross-checking-courts,Supreme court with cross-checking constitutional court,5120,0.980,0.634,0.346,0.471,0.487,0.269,0.352,0.135,0.187,0.001,0.059,0.045,0.115,0.795,0.657,0.582,0.466,0.383,0.678,0.519,0.434,0.576,0.609,0.693,0.052,0.529,0.096,0.000,0.606,0.414,0.497,0.232,0.536,0.569,0.600,0.797,0.502,0.605,0.645,0.584,0.757,0.610,0.361,0.602,0.033,0.174,0.392,0.599,0.068,0.615,0.601,0.646,0.354,0.119,0.391,0.628,0.456,0.000,0.628,0.312,0.145,0.172,0.157,0.000,0.117,0.107,0.376,0.207,0.366,0.634,0.195,0.000,0.000,0.000,0.000,0.000,0.000,0.000,0.324,0.225,0.753,0.755,0.107,0.349,0.216,0.085,0.492,0.236,0.304,0.020,0.110,0.046,0.000,0.059,0.122,0.000,0.003,0.104,0.116,0.046,0.009,0.342,0.255,0.167,0.080,0.157,0.385,0.083,0.198,0.280,0.372,0.105,0.154,0.123,0.133,0.135,0.704,0.255,0.478,0.354,0.488,0.209,0.063,0.046,0.204,0.114,0.149,0.213
extreme-emergency-pressure,Extreme Emergency Pressure,"Emergency applications, executive-power disputes, and time-sensitive election conflicts are common.",1.000,extreme-emergency synthetic legislature,dual-supreme-courts,Dual supreme courts with disagreement filter,5120,0.979,0.623,0.357,0.464,0.487,0.245,0.352,0.135,0.193,0.001,0.066,0.040,0.115,0.795,0.657,0.582,0.466,0.405,0.678,0.519,0.434,0.576,0.609,0.693,0.052,0.529,0.096,0.000,0.606,0.414,0.497,0.230,0.515,0.568,0.606,0.797,0.479,0.564,0.646,0.520,0.592,0.584,0.358,0.629,0.030,0.173,0.390,0.598,0.137,0.620,0.625,0.648,0.388,0.238,0.375,0.614,0.459,0.000,0.614,0.335,0.124,0.155,0.157,0.000,0.122,0.107,0.349,0.200,0.377,0.623,0.198,0.000,0.000,0.000,0.000,0.000,0.000,0.000,0.334,0.306,0.744,0.797,0.121,0.336,0.221,0.091,0.482,0.229,0.322,0.019,0.106,0.046,0.000,0.058,0.126,0.000,0.004,0.112,0.116,0.046,0.009,0.342,0.255,0.167,0.080,0.157,0.385,0.168,0.400,0.469,0.755,0.355,0.330,0.272,0.171,0.218,0.545,0.255,0.464,0.351,0.486,0.209,0.063,0.046,0.204,0.114,0.149,0.213
extreme-emergency-pressure,Extreme Emergency Pressure,"Emergency applications, executive-power disputes, and time-sensitive election conflicts are common.",1.000,extreme-emergency synthetic legislature,comparative-constitutional-senates,Comparative 16-seat constitutional senates,5120,0.979,0.623,0.356,0.463,0.487,0.248,0.352,0.135,0.187,0.000,0.063,0.049,0.115,0.795,0.657,0.582,0.466,0.401,0.678,0.519,0.434,0.576,0.609,0.693,0.052,0.559,0.096,0.000,0.606,0.414,0.497,0.201,0.514,0.568,0.713,0.797,0.517,0.606,0.639,0.595,0.759,0.609,0.390,0.619,0.044,0.173,0.387,0.624,0.083,0.580,0.607,0.652,0.309,0.144,0.373,0.615,0.450,0.000,0.615,0.316,0.134,0.165,0.435,0.000,0.130,0.106,0.365,0.198,0.717,0.283,0.000,0.000,0.000,0.000,0.000,0.000,0.000,0.000,0.322,0.226,0.737,0.741,0.114,0.348,0.213,0.092,0.480,0.234,0.301,0.019,0.102,0.051,0.000,0.053,0.126,0.000,0.003,0.106,0.109,0.043,0.006,0.342,0.255,0.167,0.080,0.157,0.385,0.119,0.276,0.329,0.621,0.169,0.176,0.185,0.131,0.154,0.707,0.252,0.479,0.380,0.512,0.209,0.063,0.046,0.204,0.114,0.149,0.213
extreme-emergency-pressure,Extreme Emergency Pressure,"Emergency applications, executive-power disputes, and time-sensitive election conflicts are common.",1.000,extreme-emergency synthetic legislature,constitutional-council,Pre-enactment constitutional council,5120,0.976,0.628,0.349,0.466,0.487,0.255,0.352,0.135,0.185,0.000,0.068,0.045,0.115,0.795,0.657,0.582,0.466,0.398,0.678,0.519,0.434,0.576,0.609,0.693,0.052,0.519,0.096,0.000,0.606,0.414,0.497,0.222,0.568,0.581,0.629,0.797,0.512,0.599,0.657,0.574,0.690,0.600,0.405,0.635,0.056,0.182,0.370,0.672,0.117,0.598,0.654,0.670,0.355,0.210,0.454,0.617,0.474,0.000,0.617,0.175,0.299,0.000,0.308,0.000,0.143,0.071,0.374,0.193,0.714,0.286,0.000,0.616,0.000,0.000,0.140,0.048,0.051,0.013,0.327,0.304,0.711,0.762,0.189,0.333,0.229,0.097,0.477,0.241,0.293,0.012,0.062,0.032,0.241,0.033,0.079,0.000,0.003,0.110,0.122,0.043,0.010,0.342,0.255,0.167,0.080,0.157,0.385,0.163,0.401,0.406,0.759,0.274,0.319,0.253,0.163,0.164,0.645,0.224,0.485,0.392,0.568,0.209,0.063,0.046,0.204,0.114,0.149,0.213
extreme-emergency-pressure,Extreme Emergency Pressure,"Emergency applications, executive-power disputes, and time-sensitive election conflicts are common.",1.000,extreme-emergency synthetic legislature,legislative-override,Judicial review with legislative supermajority override,5120,0.976,0.625,0.351,0.466,0.487,0.246,0.352,0.135,0.183,0.002,0.068,0.046,0.115,0.795,0.657,0.582,0.466,0.403,0.678,0.519,0.434,0.576,0.609,0.693,0.052,0.529,0.096,0.000,0.606,0.414,0.497,0.240,0.519,0.581,0.580,0.797,0.511,0.580,0.650,0.549,0.658,0.593,0.370,0.631,0.030,0.183,0.374,0.596,0.133,0.605,0.633,0.653,0.266,0.235,0.446,0.615,0.482,0.000,0.615,0.186,0.296,0.000,0.060,0.000,0.093,0.107,0.354,0.202,0.375,0.625,0.000,0.000,0.000,0.000,0.160,0.050,0.052,0.018,0.335,0.338,0.711,0.779,0.203,0.321,0.237,0.097,0.475,0.247,0.306,0.012,0.066,0.028,0.247,0.035,0.078,0.000,0.003,0.118,0.127,0.051,0.011,0.342,0.255,0.167,0.080,0.157,0.385,0.172,0.424,0.498,0.678,0.403,0.385,0.235,0.171,0.182,0.613,0.225,0.471,0.359,0.493,0.209,0.063,0.046,0.204,0.114,0.149,0.213
extreme-emergency-pressure,Extreme Emergency Pressure,"Emergency applications, executive-power disputes, and time-sensitive election conflicts are common.",1.000,extreme-emergency synthetic legislature,accountability-retention-court,Retention-election accountability court,5120,0.979,0.625,0.354,0.463,0.487,0.248,0.352,0.135,0.182,0.000,0.056,0.061,0.115,0.795,0.657,0.582,0.466,0.401,0.678,0.519,0.434,0.576,0.609,0.693,0.052,0.529,0.096,0.000,0.606,0.414,0.497,0.226,0.520,0.581,0.581,0.797,0.517,0.587,0.652,0.563,0.684,0.603,0.377,0.623,0.048,0.181,0.373,0.598,0.124,0.597,0.636,0.653,0.258,0.214,0.454,0.617,0.481,0.000,0.617,0.174,0.307,0.000,0.067,0.000,0.172,0.299,0.397,0.266,0.375,0.625,0.000,0.000,0.000,0.000,0.142,0.079,0.000,0.023,0.325,0.295,0.709,0.767,0.140,0.327,0.229,0.101,0.476,0.239,0.298,0.011,0.066,0.034,0.239,0.037,0.074,0.000,0.003,0.115,0.129,0.046,0.007,0.342,0.255,0.167,0.080,0.157,0.385,0.163,0.401,0.440,0.728,0.298,0.297,0.222,0.165,0.162,0.632,0.223,0.478,0.367,0.493,0.209,0.063,0.046,0.204,0.114,0.149,0.213
extreme-emergency-pressure,Extreme Emergency Pressure,"Emergency applications, executive-power disputes, and time-sensitive election conflicts are common.",1.000,extreme-emergency synthetic legislature,emergency-restraint-court,No emergency relief without merits review,5120,0.979,0.629,0.351,0.473,0.487,0.260,0.352,0.135,0.193,0.000,0.060,0.055,0.115,0.795,0.657,0.582,0.466,0.393,0.678,0.519,0.434,0.576,0.609,0.693,0.052,0.529,0.096,0.000,0.606,0.414,0.497,0.220,0.530,0.506,0.594,0.797,0.514,0.564,0.688,0.504,0.530,0.569,0.387,0.652,0.049,0.048,0.348,0.707,0.204,0.582,0.653,0.688,0.278,0.357,0.626,0.616,0.616,0.000,0.616,0.000,0.616,0.000,0.131,0.000,0.100,0.109,0.319,0.190,0.371,0.629,0.000,0.000,0.000,0.000,0.000,0.000,0.000,0.000,0.315,0.364,0.570,0.789,0.136,0.326,0.232,0.098,0.449,0.239,0.309,0.017,0.105,0.052,0.000,0.064,0.119,0.000,0.004,0.112,0.126,0.049,0.010,0.342,0.255,0.167,0.080,0.157,0.385,0.249,0.605,0.643,0.996,0.629,0.703,0.352,0.231,0.236,0.513,0.182,0.490,0.375,0.602,0.209,0.063,0.046,0.204,0.114,0.149,0.213
extreme-emergency-pressure,Extreme Emergency Pressure,"Emergency applications, executive-power disputes, and time-sensitive election conflicts are common.",1.000,extreme-emergency synthetic legislature,randomized-merits-panels,Randomized merits panels with en banc correction,5120,0.978,0.629,0.349,0.470,0.487,0.254,0.352,0.135,0.182,0.002,0.065,0.046,0.115,0.795,0.657,0.582,0.466,0.401,0.678,0.519,0.434,0.576,0.609,0.693,0.052,0.499,0.096,0.000,0.606,0.414,0.497,0.226,0.519,0.582,0.696,0.797,0.514,0.589,0.644,0.561,0.678,0.598,0.383,0.633,0.076,0.185,0.374,0.642,0.129,0.585,0.624,0.653,0.284,0.227,0.447,0.619,0.487,0.000,0.619,0.196,0.291,0.000,0.456,0.000,0.138,0.069,0.325,0.171,0.706,0.294,0.000,0.000,0.000,0.000,0.000,0.000,0.000,0.000,0.326,0.293,0.711,0.761,0.123,0.328,0.229,0.095,0.486,0.240,0.299,0.021,0.108,0.052,0.000,0.059,0.125,0.000,0.004,0.112,0.126,0.044,0.007,0.342,0.255,0.167,0.080,0.157,0.385,0.169,0.414,0.490,0.709,0.355,0.330,0.235,0.169,0.187,0.635,0.228,0.476,0.371,0.529,0.209,0.063,0.046,0.204,0.114,0.149,0.213
extreme-emergency-pressure,Extreme Emergency Pressure,"Emergency applications, executive-power disputes, and time-sensitive election conflicts are common.",1.000,extreme-emergency synthetic legislature,mandatory-written-emergency-reasoning,Mandatory written emergency reasoning,5120,0.982,0.628,0.354,0.472,0.487,0.254,0.352,0.135,0.195,0.000,0.067,0.049,0.115,0.795,0.657,0.582,0.466,0.402,0.678,0.519,0.434,0.576,0.609,0.693,0.052,0.529,0.096,0.000,0.606,0.414,0.497,0.222,0.518,0.556,0.580,0.797,0.517,0.592,0.648,0.572,0.704,0.602,0.383,0.625,0.075,0.143,0.388,0.586,0.126,0.587,0.620,0.647,0.278,0.209,0.427,0.619,0.483,0.000,0.619,0.318,0.165,0.000,0.058,0.000,0.093,0.107,0.363,0.210,0.372,0.628,0.000,0.000,0.000,0.000,0.000,0.000,0.000,0.000,0.331,0.268,0.719,0.800,0.117,0.345,0.206,0.082,0.470,0.242,0.386,0.021,0.100,0.048,0.000,0.054,0.123,0.000,0.004,0.095,0.121,0.047,0.008,0.342,0.255,0.167,0.080,0.157,0.385,0.149,0.341,0.449,0.720,0.258,0.242,0.265,0.155,0.196,0.657,0.252,0.476,0.374,0.464,0.209,0.063,0.046,0.204,0.114,0.149,0.213
extreme-emergency-pressure,Extreme Emergency Pressure,"Emergency applications, executive-power disputes, and time-sensitive election conflicts are common.",1.000,extreme-emergency synthetic legislature,automatic-merits-follow-up,Automatic merits follow-up for emergency relief,5120,0.982,0.624,0.358,0.465,0.487,0.247,0.352,0.135,0.182,0.000,0.050,0.045,0.115,0.795,0.657,0.582,0.466,0.395,0.678,0.519,0.434,0.576,0.609,0.693,0.052,0.529,0.096,0.000,0.606,0.414,0.497,0.241,0.529,0.526,0.579,0.797,0.501,0.552,0.678,0.486,0.486,0.562,0.383,0.647,0.075,0.060,0.347,0.681,0.221,0.586,0.655,0.678,0.295,0.386,0.622,0.609,0.609,0.000,0.609,0.364,0.609,0.000,0.057,0.000,0.098,0.104,0.314,0.195,0.376,0.624,0.000,0.000,0.000,0.000,0.000,0.000,0.000,0.000,0.330,0.392,0.580,0.838,0.141,0.322,0.233,0.100,0.449,0.238,0.394,0.017,0.109,0.054,0.000,0.060,0.126,0.000,0.004,0.115,0.125,0.051,0.011,0.342,0.255,0.167,0.080,0.157,0.385,0.249,0.611,0.652,0.992,0.548,0.681,0.377,0.239,0.320,0.469,0.185,0.484,0.370,0.565,0.209,0.063,0.046,0.204,0.114,0.149,0.213
extreme-emergency-pressure,Extreme Emergency Pressure,"Emergency applications, executive-power disputes, and time-sensitive election conflicts are common.",1.000,extreme-emergency synthetic legislature,strong-recusal-enforcement,Independent recusal enforcement with substitutes,5120,0.976,0.627,0.349,0.459,0.487,0.249,0.352,0.135,0.181,0.002,0.058,0.036,0.115,0.795,0.657,0.582,0.466,0.401,0.678,0.519,0.434,0.576,0.609,0.693,0.052,0.529,0.096,0.000,0.606,0.414,0.497,0.224,0.519,0.582,0.600,0.797,0.514,0.586,0.651,0.559,0.672,0.596,0.384,0.629,0.041,0.184,0.375,0.616,0.137,0.585,0.625,0.655,0.282,0.235,0.448,0.618,0.484,0.000,0.618,0.190,0.294,0.000,0.131,0.000,0.086,0.104,0.365,0.203,0.373,0.627,0.000,0.000,0.000,0.000,0.000,0.000,0.000,0.000,0.326,0.289,0.708,0.762,0.120,0.335,0.215,0.086,0.483,0.238,0.304,0.017,0.104,0.047,0.000,0.055,0.122,0.000,0.004,0.103,0.129,0.039,0.010,0.342,0.255,0.167,0.080,0.157,0.385,0.166,0.408,0.459,0.693,0.379,0.330,0.222,0.171,0.190,0.626,0.226,0.476,0.374,0.507,0.209,0.063,0.046,0.204,0.114,0.149,0.213
extreme-emergency-pressure,Extreme Emergency Pressure,"Emergency applications, executive-power disputes, and time-sensitive election conflicts are common.",1.000,extreme-emergency synthetic legislature,jurisdiction-stripping-constraints,Jurisdiction stripping constrained by rights carveouts,5120,0.976,0.619,0.358,0.465,0.487,0.237,0.352,0.135,0.185,0.001,0.065,0.043,0.115,0.795,0.657,0.582,0.466,0.402,0.678,0.519,0.434,0.576,0.609,0.693,0.052,0.479,0.096,0.000,0.606,0.414,0.497,0.244,0.548,0.582,0.580,0.797,0.516,0.586,0.655,0.551,0.655,0.595,0.375,0.632,0.030,0.182,0.369,0.592,0.132,0.595,0.630,0.658,0.256,0.233,0.437,0.608,0.472,0.000,0.608,0.182,0.290,0.000,0.060,0.000,0.095,0.106,0.360,0.200,0.381,0.619,0.000,0.000,0.000,0.000,0.162,0.000,0.000,0.000,0.330,0.370,0.718,0.772,0.217,0.311,0.245,0.106,0.480,0.244,0.295,0.022,0.181,0.069,0.000,0.051,0.000,0.000,0.003,0.123,0.121,0.052,0.012,0.342,0.255,0.167,0.080,0.157,0.385,0.167,0.414,0.488,0.736,0.306,0.297,0.191,0.169,0.188,0.611,0.222,0.476,0.372,0.499,0.209,0.063,0.046,0.204,0.114,0.149,0.213
extreme-emergency-pressure,Extreme Emergency Pressure,"Emergency applications, executive-power disputes, and time-sensitive election conflicts are common.",1.000,extreme-emergency synthetic legislature,legislative-override-window,Time-limited legislative override window,5120,0.977,0.627,0.350,0.471,0.487,0.254,0.352,0.135,0.192,0.001,0.057,0.051,0.115,0.795,0.657,0.582,0.466,0.401,0.678,0.519,0.434,0.576,0.609,0.693,0.052,0.529,0.096,0.000,0.606,0.414,0.497,0.230,0.521,0.581,0.580,0.797,0.514,0.583,0.653,0.554,0.664,0.596,0.374,0.635,0.030,0.181,0.373,0.600,0.134,0.604,0.636,0.656,0.266,0.237,0.456,0.616,0.484,0.000,0.616,0.181,0.303,0.000,0.058,0.000,0.094,0.106,0.364,0.204,0.373,0.627,0.000,0.000,0.000,0.000,0.169,0.062,0.057,0.000,0.333,0.333,0.701,0.774,0.206,0.318,0.244,0.110,0.473,0.247,0.303,0.011,0.068,0.032,0.247,0.033,0.077,0.000,0.002,0.118,0.132,0.050,0.014,0.342,0.255,0.167,0.080,0.157,0.385,0.173,0.427,0.478,0.766,0.258,0.352,0.247,0.172,0.180,0.620,0.224,0.475,0.362,0.497,0.209,0.063,0.046,0.204,0.114,0.149,0.213
extreme-emergency-pressure,Extreme Emergency Pressure,"Emergency applications, executive-power disputes, and time-sensitive election conflicts are common.",1.000,extreme-emergency synthetic legislature,constitutional-remand,Constitutional remand before invalidation,5120,0.976,0.637,0.339,0.479,0.487,0.267,0.352,0.135,0.176,0.000,0.058,0.038,0.115,0.795,0.657,0.582,0.466,0.365,0.678,0.519,0.434,0.576,0.609,0.693,0.052,0.489,0.096,0.000,0.606,0.414,0.497,0.219,0.542,0.582,0.585,0.797,0.521,0.616,0.660,0.602,0.753,0.618,0.409,0.629,0.047,0.188,0.380,0.639,0.092,0.585,0.648,0.666,0.369,0.160,0.452,0.629,0.485,0.000,0.629,0.190,0.295,0.000,0.085,0.000,0.127,0.073,0.378,0.201,0.363,0.637,0.000,0.631,0.063,0.000,0.104,0.038,0.038,0.012,0.319,0.255,0.716,0.742,0.166,0.348,0.222,0.101,0.491,0.248,0.294,0.015,0.062,0.030,0.248,0.037,0.076,0.000,0.003,0.109,0.118,0.046,0.008,0.342,0.255,0.167,0.080,0.157,0.385,0.142,0.360,0.352,0.638,0.240,0.252,0.181,0.147,0.151,0.704,0.230,0.495,0.400,0.534,0.209,0.063,0.046,0.204,0.114,0.149,0.213
extreme-emergency-pressure,Extreme Emergency Pressure,"Emergency applications, executive-power disputes, and time-sensitive election conflicts are common.",1.000,extreme-emergency synthetic legislature,public-interest-litigation-filter,Public-interest litigation filter,5120,0.978,0.629,0.350,0.463,0.487,0.250,0.352,0.135,0.186,0.001,0.063,0.048,0.115,0.795,0.657,0.582,0.466,0.400,0.678,0.519,0.434,0.576,0.609,0.693,0.052,0.446,0.096,0.000,0.606,0.414,0.497,0.220,0.519,0.581,0.584,0.797,0.520,0.595,0.659,0.571,0.698,0.602,0.386,0.637,0.046,0.183,0.372,0.601,0.120,0.581,0.623,0.655,0.285,0.210,0.449,0.617,0.473,0.000,0.617,0.171,0.301,0.000,0.080,0.000,0.093,0.109,0.405,0.206,0.371,0.629,0.000,0.000,0.000,0.046,0.000,0.000,0.000,0.000,0.319,0.278,0.711,0.754,0.123,0.337,0.223,0.093,0.477,0.245,0.296,0.017,0.106,0.051,0.000,0.047,0.126,0.000,0.003,0.115,0.113,0.044,0.009,0.342,0.255,0.167,0.080,0.157,0.385,0.168,0.434,0.425,0.728,0.282,0.242,0.235,0.164,0.172,0.652,0.223,0.479,0.374,0.492,0.209,0.063,0.046,0.204,0.114,0.149,0.213
extreme-emergency-pressure,Extreme Emergency Pressure,"Emergency applications, executive-power disputes, and time-sensitive election conflicts are common.",1.000,extreme-emergency synthetic legislature,emergency-integrity-package,Emergency integrity package,5120,0.979,0.625,0.354,0.471,0.487,0.247,0.352,0.135,0.180,0.001,0.064,0.051,0.115,0.795,0.657,0.582,0.466,0.395,0.678,0.519,0.434,0.576,0.609,0.693,0.052,0.529,0.096,0.000,0.606,0.414,0.497,0.239,0.529,0.527,0.599,0.797,0.505,0.561,0.683,0.501,0.524,0.569,0.384,0.651,0.043,0.060,0.349,0.709,0.202,0.584,0.651,0.685,0.318,0.357,0.623,0.612,0.612,0.000,0.612,0.361,0.612,0.000,0.130,0.000,0.093,0.107,0.329,0.195,0.375,0.625,0.000,0.000,0.000,0.000,0.000,0.000,0.000,0.000,0.321,0.380,0.582,0.791,0.140,0.318,0.235,0.103,0.454,0.240,0.306,0.021,0.112,0.053,0.000,0.054,0.121,0.000,0.002,0.117,0.129,0.051,0.012,0.342,0.255,0.167,0.080,0.157,0.385,0.248,0.603,0.662,0.996,0.573,0.725,0.358,0.230,0.302,0.505,0.187,0.487,0.372,0.605,0.209,0.063,0.046,0.204,0.114,0.149,0.213
extreme-emergency-pressure,Extreme Emergency Pressure,"Emergency applications, executive-power disputes, and time-sensitive election conflicts are common.",1.000,extreme-emergency synthetic legislature,remand-override-window-package,Constitutional remand with override window,5120,0.980,0.639,0.342,0.477,0.487,0.267,0.352,0.135,0.183,0.001,0.060,0.038,0.115,0.795,0.657,0.582,0.466,0.367,0.678,0.519,0.434,0.576,0.609,0.693,0.052,0.489,0.096,0.000,0.606,0.414,0.497,0.232,0.541,0.557,0.585,0.797,0.516,0.618,0.661,0.607,0.770,0.621,0.406,0.624,0.044,0.144,0.392,0.640,0.088,0.589,0.645,0.664,0.404,0.149,0.434,0.628,0.493,0.000,0.628,0.317,0.176,0.000,0.083,0.000,0.120,0.069,0.375,0.199,0.361,0.639,0.000,0.633,0.057,0.000,0.096,0.032,0.035,0.000,0.321,0.250,0.723,0.743,0.164,0.350,0.215,0.097,0.491,0.252,0.304,0.012,0.059,0.029,0.252,0.033,0.076,0.000,0.004,0.104,0.118,0.046,0.009,0.342,0.255,0.167,0.080,0.157,0.385,0.132,0.309,0.400,0.630,0.246,0.203,0.184,0.136,0.166,0.721,0.255,0.490,0.398,0.532,0.209,0.063,0.046,0.204,0.114,0.149,0.213
extreme-emergency-pressure,Extreme Emergency Pressure,"Emergency applications, executive-power disputes, and time-sensitive election conflicts are common.",1.000,extreme-emergency synthetic legislature,panel-jurisdiction-safeguards,Random panels with jurisdiction safeguards,5120,0.978,0.618,0.361,0.462,0.487,0.237,0.352,0.135,0.175,0.000,0.055,0.045,0.115,0.795,0.657,0.582,0.466,0.403,0.678,0.519,0.434,0.576,0.609,0.693,0.052,0.449,0.096,0.000,0.606,0.414,0.497,0.229,0.545,0.568,0.725,0.797,0.516,0.601,0.644,0.580,0.731,0.601,0.381,0.619,0.071,0.169,0.383,0.630,0.106,0.590,0.615,0.653,0.307,0.177,0.381,0.609,0.454,0.000,0.609,0.325,0.129,0.155,0.511,0.000,0.134,0.073,0.341,0.169,0.721,0.279,0.000,0.000,0.000,0.000,0.121,0.000,0.000,0.000,0.322,0.308,0.743,0.756,0.184,0.323,0.229,0.098,0.478,0.246,0.293,0.021,0.173,0.063,0.000,0.049,0.000,0.000,0.002,0.112,0.121,0.046,0.007,0.342,0.255,0.167,0.080,0.157,0.385,0.130,0.295,0.420,0.640,0.250,0.209,0.185,0.141,0.177,0.684,0.252,0.477,0.382,0.529,0.209,0.063,0.046,0.204,0.114,0.149,0.213
extreme-emergency-pressure,Extreme Emergency Pressure,"Emergency applications, executive-power disputes, and time-sensitive election conflicts are common.",1.000,extreme-emergency synthetic legislature,council-concrete-hybrid,Constitutional council with concrete-review backstop,5120,0.981,0.629,0.352,0.478,0.487,0.253,0.352,0.135,0.182,0.001,0.061,0.042,0.115,0.795,0.657,0.582,0.466,0.399,0.678,0.519,0.434,0.576,0.609,0.693,0.052,0.519,0.096,0.000,0.606,0.414,0.497,0.232,0.569,0.581,0.668,0.797,0.510,0.600,0.655,0.575,0.698,0.600,0.402,0.636,0.040,0.182,0.373,0.682,0.115,0.600,0.654,0.671,0.372,0.206,0.464,0.621,0.476,0.000,0.621,0.173,0.303,0.000,0.381,0.000,0.134,0.108,0.381,0.203,0.714,0.286,0.000,0.619,0.000,0.000,0.143,0.048,0.057,0.016,0.331,0.306,0.714,0.767,0.197,0.328,0.237,0.107,0.484,0.248,0.304,0.014,0.064,0.035,0.248,0.033,0.076,0.000,0.002,0.111,0.130,0.046,0.014,0.342,0.255,0.167,0.080,0.157,0.385,0.162,0.408,0.415,0.766,0.266,0.253,0.167,0.163,0.162,0.652,0.224,0.484,0.389,0.578,0.209,0.063,0.046,0.204,0.114,0.149,0.213
low-rights-risk,Low Rights Risk,"Legislative output is legally careful, low-volatility, and rarely burdens protected interests.",0.750,low-rights-risk synthetic legislature,current-us-like,Stylized current U.S.-like supreme court,5120,0.957,0.494,0.463,0.397,0.606,0.220,0.436,0.170,0.085,0.001,0.053,0.030,0.098,0.621,0.503,0.465,0.355,0.187,0.539,0.404,0.414,0.548,0.454,0.642,0.036,0.460,0.142,0.011,0.472,0.360,0.276,0.051,0.668,0.436,0.402,0.711,0.625,0.732,0.734,0.709,0.791,0.711,0.591,0.646,0.022,0.176,0.191,0.496,0.010,0.333,0.577,0.746,0.133,0.069,0.290,0.293,0.024,0.024,0.000,0.024,0.000,0.000,0.013,0.000,0.033,0.316,0.665,0.252,0.506,0.494,0.000,0.000,0.000,0.000,0.000,0.000,0.000,0.000,0.195,0.088,0.452,0.530,0.072,0.345,0.094,0.028,0.213,0.136,0.229,0.015,0.064,0.015,0.000,0.002,0.081,0.000,0.006,0.048,0.045,0.005,0.000,0.360,0.230,0.199,0.079,0.132,0.251,0.084,0.261,0.174,0.786,0.091,0.000,0.071,0.071,0.051,0.747,0.083,0.614,0.595,0.433,0.347,0.089,0.056,0.032,0.095,0.172,0.209
low-rights-risk,Low Rights Risk,"Legislative output is legally careful, low-volatility, and rarely burdens protected interests.",0.750,low-rights-risk synthetic legislature,term-limited-balanced,18-year staggered terms + regular appointments,5120,0.953,0.490,0.463,0.386,0.606,0.214,0.436,0.170,0.092,0.001,0.050,0.025,0.098,0.621,0.503,0.465,0.355,0.182,0.539,0.404,0.414,0.548,0.454,0.642,0.036,0.420,0.142,0.012,0.472,0.360,0.276,0.044,0.674,0.297,0.405,0.711,0.636,0.742,0.778,0.716,0.804,0.710,0.599,0.646,0.024,0.054,0.139,0.579,0.012,0.317,0.581,0.777,0.164,0.090,0.392,0.273,0.194,0.000,0.273,0.022,0.171,0.000,0.034,0.000,0.070,0.107,0.668,0.206,0.510,0.490,0.000,0.000,0.000,0.000,0.000,0.000,0.000,0.000,0.170,0.093,0.336,0.510,0.073,0.343,0.089,0.026,0.196,0.136,0.214,0.014,0.059,0.014,0.000,0.000,0.078,0.000,0.007,0.045,0.044,0.004,0.000,0.360,0.230,0.199,0.079,0.132,0.251,0.082,0.295,0.167,0.587,0.000,0.000,0.071,0.086,0.065,0.782,0.046,0.628,0.604,0.526,0.347,0.089,0.056,0.032,0.095,0.172,0.209
low-rights-risk,Low Rights Risk,"Legislative output is legally careful, low-volatility, and rarely burdens protected interests.",0.750,low-rights-risk synthetic legislature,nonpartisan-commission,Nonpartisan commission appointments,5120,0.959,0.492,0.466,0.394,0.606,0.211,0.436,0.170,0.094,0.001,0.059,0.042,0.098,0.621,0.503,0.465,0.355,0.182,0.539,0.404,0.414,0.548,0.454,0.642,0.036,0.420,0.142,0.011,0.472,0.360,0.276,0.049,0.675,0.297,0.408,0.711,0.634,0.742,0.780,0.717,0.806,0.711,0.599,0.645,0.018,0.053,0.139,0.586,0.012,0.317,0.581,0.778,0.184,0.089,0.400,0.274,0.193,0.000,0.274,0.020,0.173,0.000,0.050,0.000,0.066,0.110,0.676,0.208,0.508,0.492,0.000,0.000,0.000,0.000,0.000,0.000,0.000,0.000,0.164,0.099,0.327,0.468,0.078,0.338,0.100,0.031,0.191,0.143,0.155,0.013,0.071,0.015,0.000,0.002,0.066,0.000,0.006,0.052,0.044,0.003,0.000,0.360,0.230,0.199,0.079,0.132,0.251,0.081,0.278,0.109,0.646,0.000,0.200,0.071,0.086,0.064,0.785,0.044,0.628,0.605,0.540,0.347,0.089,0.056,0.032,0.095,0.172,0.209
low-rights-risk,Low Rights Risk,"Legislative output is legally careful, low-volatility, and rarely burdens protected interests.",0.750,low-rights-risk synthetic legislature,expanded-court-fifteen,Expanded 15-seat court,5120,0.958,0.492,0.467,0.397,0.606,0.213,0.436,0.170,0.085,0.000,0.052,0.037,0.098,0.621,0.503,0.465,0.355,0.182,0.539,0.404,0.414,0.548,0.454,0.642,0.036,0.420,0.142,0.010,0.472,0.360,0.276,0.045,0.675,0.298,0.409,0.711,0.630,0.741,0.779,0.716,0.805,0.711,0.599,0.645,0.016,0.053,0.141,0.588,0.013,0.318,0.580,0.778,0.198,0.087,0.401,0.275,0.195,0.000,0.275,0.021,0.173,0.000,0.035,0.000,0.064,0.428,0.714,0.288,0.508,0.492,0.000,0.000,0.000,0.000,0.000,0.000,0.000,0.000,0.173,0.095,0.343,0.515,0.072,0.345,0.093,0.023,0.210,0.138,0.224,0.016,0.067,0.012,0.000,0.001,0.082,0.000,0.007,0.045,0.042,0.004,0.000,0.360,0.230,0.199,0.079,0.132,0.251,0.080,0.264,0.239,0.655,0.273,0.200,0.000,0.085,0.063,0.775,0.045,0.629,0.602,0.535,0.347,0.089,0.056,0.032,0.095,0.172,0.209
low-rights-risk,Low Rights Risk,"Legislative output is legally careful, low-volatility, and rarely burdens protected interests.",0.750,low-rights-risk synthetic legislature,supermajority-review,60 percent invalidation threshold,5120,0.959,0.482,0.477,0.379,0.606,0.203,0.436,0.170,0.088,0.001,0.055,0.039,0.098,0.621,0.503,0.465,0.355,0.183,0.539,0.404,0.414,0.548,0.454,0.642,0.036,0.420,0.142,0.010,0.472,0.360,0.276,0.043,0.673,0.281,0.405,0.711,0.635,0.742,0.778,0.718,0.810,0.708,0.600,0.637,0.022,0.046,0.144,0.572,0.011,0.315,0.575,0.775,0.158,0.070,0.374,0.275,0.141,0.000,0.275,0.038,0.103,0.134,0.034,0.000,0.030,0.112,0.673,0.203,0.518,0.482,0.000,0.000,0.000,0.000,0.000,0.000,0.000,0.000,0.171,0.082,0.366,0.508,0.073,0.335,0.089,0.025,0.208,0.139,0.216,0.013,0.064,0.012,0.000,0.001,0.073,0.000,0.007,0.047,0.041,0.004,0.000,0.360,0.230,0.199,0.079,0.132,0.251,0.065,0.216,0.152,0.539,0.182,0.200,0.036,0.075,0.055,0.788,0.051,0.628,0.605,0.519,0.347,0.089,0.056,0.032,0.095,0.172,0.209
low-rights-risk,Low Rights Risk,"Legislative output is legally careful, low-volatility, and rarely burdens protected interests.",0.750,low-rights-risk synthetic legislature,recusal-and-emergency-reform,Peer recusal + reasoned emergency docket,5120,0.958,0.493,0.465,0.393,0.606,0.207,0.436,0.170,0.087,0.001,0.047,0.032,0.098,0.621,0.503,0.465,0.355,0.182,0.539,0.404,0.414,0.548,0.454,0.642,0.036,0.420,0.142,0.011,0.472,0.360,0.276,0.045,0.675,0.297,0.408,0.711,0.632,0.742,0.778,0.717,0.806,0.711,0.598,0.645,0.024,0.055,0.143,0.586,0.012,0.318,0.582,0.776,0.192,0.088,0.400,0.282,0.199,0.000,0.282,0.022,0.177,0.000,0.056,0.000,0.065,0.108,0.681,0.207,0.507,0.493,0.000,0.000,0.000,0.000,0.000,0.000,0.000,0.000,0.172,0.095,0.335,0.514,0.076,0.342,0.093,0.025,0.195,0.145,0.220,0.014,0.063,0.013,0.000,0.001,0.085,0.000,0.007,0.048,0.043,0.004,0.000,0.360,0.230,0.199,0.079,0.132,0.251,0.081,0.276,0.174,0.612,0.364,0.000,0.107,0.086,0.064,0.785,0.047,0.628,0.601,0.531,0.347,0.089,0.056,0.032,0.095,0.172,0.209
low-rights-risk,Low Rights Risk,"Legislative output is legally careful, low-volatility, and rarely burdens protected interests.",0.750,low-rights-risk synthetic legislature,panel-en-banc,Three-judge panels with en banc correction,5120,0.957,0.500,0.457,0.401,0.606,0.221,0.436,0.170,0.088,0.000,0.051,0.036,0.098,0.621,0.503,0.465,0.355,0.182,0.539,0.404,0.414,0.548,0.454,0.642,0.036,0.390,0.142,0.011,0.472,0.360,0.276,0.048,0.675,0.298,0.495,0.711,0.631,0.742,0.777,0.716,0.806,0.710,0.597,0.648,0.027,0.056,0.146,0.633,0.013,0.321,0.583,0.781,0.202,0.092,0.409,0.290,0.204,0.000,0.290,0.022,0.181,0.000,0.496,0.000,0.245,0.073,0.593,0.173,0.827,0.173,0.000,0.000,0.000,0.000,0.000,0.000,0.000,0.000,0.164,0.102,0.339,0.476,0.078,0.342,0.098,0.032,0.205,0.139,0.160,0.014,0.070,0.014,0.000,0.003,0.068,0.000,0.007,0.049,0.050,0.003,0.000,0.360,0.230,0.199,0.079,0.132,0.251,0.085,0.296,0.217,0.621,0.000,0.200,0.071,0.088,0.066,0.788,0.047,0.627,0.603,0.583,0.347,0.089,0.056,0.032,0.095,0.172,0.209
low-rights-risk,Low Rights Risk,"Legislative output is legally careful, low-volatility, and rarely burdens protected interests.",0.750,low-rights-risk synthetic legislature,cross-checking-courts,Supreme court with cross-checking constitutional court,5120,0.959,0.500,0.459,0.401,0.606,0.220,0.436,0.170,0.080,0.001,0.047,0.030,0.098,0.621,0.503,0.465,0.355,0.162,0.539,0.404,0.414,0.548,0.454,0.642,0.036,0.420,0.142,0.014,0.472,0.360,0.276,0.047,0.694,0.281,0.414,0.711,0.618,0.744,0.780,0.712,0.808,0.708,0.586,0.636,0.009,0.047,0.151,0.595,0.007,0.340,0.578,0.780,0.264,0.061,0.395,0.293,0.152,0.000,0.293,0.036,0.117,0.140,0.092,0.000,0.084,0.108,0.678,0.209,0.500,0.500,0.123,0.000,0.000,0.000,0.000,0.000,0.000,0.000,0.166,0.080,0.363,0.485,0.072,0.352,0.091,0.027,0.212,0.146,0.167,0.015,0.065,0.014,0.000,0.002,0.072,0.000,0.007,0.045,0.046,0.004,0.000,0.360,0.230,0.199,0.079,0.132,0.251,0.057,0.197,0.217,0.395,0.182,0.000,0.036,0.080,0.048,0.786,0.052,0.632,0.592,0.546,0.347,0.089,0.056,0.032,0.095,0.172,0.209
low-rights-risk,Low Rights Risk,"Legislative output is legally careful, low-volatility, and rarely burdens protected interests.",0.750,low-rights-risk synthetic legislature,dual-supreme-courts,Dual supreme courts with disagreement filter,5120,0.952,0.491,0.460,0.393,0.606,0.209,0.436,0.170,0.092,0.001,0.055,0.033,0.098,0.621,0.503,0.465,0.355,0.183,0.539,0.404,0.414,0.548,0.454,0.642,0.036,0.420,0.142,0.013,0.472,0.360,0.276,0.049,0.673,0.282,0.418,0.711,0.611,0.734,0.779,0.702,0.789,0.701,0.580,0.644,0.009,0.048,0.148,0.591,0.013,0.343,0.580,0.776,0.294,0.087,0.378,0.285,0.148,0.000,0.285,0.039,0.110,0.137,0.094,0.000,0.081,0.109,0.691,0.211,0.509,0.491,0.120,0.000,0.000,0.000,0.000,0.000,0.000,0.000,0.169,0.096,0.368,0.498,0.073,0.344,0.091,0.024,0.217,0.139,0.163,0.015,0.066,0.010,0.000,0.004,0.076,0.000,0.006,0.046,0.045,0.004,0.000,0.360,0.230,0.199,0.079,0.132,0.251,0.080,0.268,0.239,0.636,0.000,0.200,0.036,0.087,0.066,0.767,0.053,0.623,0.585,0.543,0.347,0.089,0.056,0.032,0.095,0.172,0.209
low-rights-risk,Low Rights Risk,"Legislative output is legally careful, low-volatility, and rarely burdens protected interests.",0.750,low-rights-risk synthetic legislature,comparative-constitutional-senates,Comparative 16-seat constitutional senates,5120,0.959,0.487,0.472,0.389,0.606,0.210,0.436,0.170,0.086,0.001,0.044,0.039,0.098,0.621,0.503,0.465,0.355,0.183,0.539,0.404,0.414,0.548,0.454,0.642,0.036,0.450,0.142,0.013,0.472,0.360,0.276,0.043,0.673,0.280,0.531,0.711,0.624,0.742,0.771,0.718,0.812,0.709,0.599,0.637,0.014,0.047,0.147,0.621,0.011,0.317,0.576,0.780,0.227,0.063,0.376,0.283,0.144,0.000,0.283,0.037,0.106,0.139,0.485,0.000,0.093,0.113,0.655,0.195,0.835,0.165,0.000,0.000,0.000,0.000,0.000,0.000,0.000,0.000,0.165,0.082,0.363,0.464,0.075,0.336,0.094,0.032,0.198,0.138,0.155,0.014,0.066,0.017,0.000,0.001,0.057,0.000,0.005,0.048,0.043,0.002,0.000,0.360,0.230,0.199,0.079,0.132,0.251,0.060,0.205,0.109,0.471,0.000,0.000,0.036,0.073,0.050,0.790,0.052,0.628,0.606,0.575,0.347,0.089,0.056,0.032,0.095,0.172,0.209
low-rights-risk,Low Rights Risk,"Legislative output is legally careful, low-volatility, and rarely burdens protected interests.",0.750,low-rights-risk synthetic legislature,constitutional-council,Pre-enactment constitutional council,5120,0.957,0.502,0.455,0.400,0.606,0.221,0.436,0.170,0.084,0.000,0.050,0.040,0.098,0.621,0.503,0.465,0.355,0.180,0.539,0.404,0.414,0.548,0.454,0.642,0.036,0.411,0.142,0.013,0.472,0.360,0.276,0.049,0.712,0.297,0.451,0.711,0.629,0.748,0.782,0.719,0.808,0.710,0.608,0.648,0.021,0.054,0.141,0.638,0.011,0.327,0.595,0.788,0.246,0.088,0.406,0.280,0.197,0.000,0.280,0.017,0.179,0.000,0.324,0.000,0.103,0.075,0.642,0.193,0.822,0.178,0.000,0.218,0.000,0.000,0.045,0.011,0.019,0.000,0.166,0.108,0.338,0.472,0.111,0.345,0.096,0.031,0.200,0.145,0.153,0.010,0.046,0.011,0.145,0.001,0.048,0.000,0.006,0.048,0.047,0.003,0.000,0.360,0.230,0.199,0.079,0.132,0.251,0.083,0.285,0.109,0.670,0.000,0.070,0.036,0.087,0.062,0.788,0.045,0.632,0.614,0.593,0.347,0.089,0.056,0.032,0.095,0.172,0.209
low-rights-risk,Low Rights Risk,"Legislative output is legally careful, low-volatility, and rarely burdens protected interests.",0.750,low-rights-risk synthetic legislature,legislative-override,Judicial review with legislative supermajority override,5120,0.957,0.498,0.459,0.393,0.606,0.215,0.436,0.170,0.092,0.000,0.057,0.030,0.098,0.621,0.503,0.465,0.355,0.183,0.539,0.404,0.414,0.548,0.454,0.642,0.036,0.420,0.142,0.010,0.472,0.360,0.276,0.054,0.675,0.298,0.405,0.711,0.631,0.740,0.780,0.714,0.806,0.709,0.593,0.646,0.009,0.054,0.141,0.588,0.013,0.328,0.585,0.779,0.192,0.090,0.406,0.278,0.196,0.000,0.278,0.021,0.175,0.000,0.034,0.000,0.064,0.111,0.677,0.210,0.502,0.498,0.000,0.000,0.000,0.000,0.049,0.009,0.019,0.000,0.169,0.113,0.343,0.478,0.113,0.345,0.098,0.031,0.206,0.149,0.154,0.014,0.049,0.010,0.149,0.001,0.045,0.000,0.006,0.048,0.041,0.005,0.000,0.360,0.230,0.199,0.079,0.132,0.251,0.083,0.279,0.152,0.660,0.091,0.000,0.107,0.087,0.064,0.784,0.046,0.626,0.600,0.545,0.347,0.089,0.056,0.032,0.095,0.172,0.209
low-rights-risk,Low Rights Risk,"Legislative output is legally careful, low-volatility, and rarely burdens protected interests.",0.750,low-rights-risk synthetic legislature,accountability-retention-court,Retention-election accountability court,5120,0.955,0.494,0.461,0.399,0.606,0.213,0.436,0.170,0.088,0.001,0.050,0.030,0.098,0.621,0.503,0.465,0.355,0.182,0.539,0.404,0.414,0.548,0.454,0.642,0.036,0.420,0.142,0.012,0.472,0.360,0.276,0.047,0.676,0.298,0.406,0.711,0.632,0.741,0.780,0.717,0.808,0.713,0.596,0.641,0.018,0.053,0.141,0.587,0.011,0.323,0.584,0.778,0.185,0.080,0.407,0.279,0.198,0.000,0.279,0.020,0.179,0.000,0.038,0.000,0.083,0.317,0.700,0.258,0.506,0.494,0.000,0.000,0.000,0.000,0.044,0.016,0.000,0.000,0.164,0.097,0.344,0.473,0.086,0.349,0.093,0.029,0.205,0.134,0.154,0.012,0.044,0.012,0.134,0.001,0.053,0.000,0.006,0.048,0.044,0.004,0.000,0.360,0.230,0.199,0.079,0.132,0.251,0.075,0.253,0.152,0.612,0.000,0.200,0.000,0.084,0.056,0.781,0.046,0.629,0.603,0.541,0.347,0.089,0.056,0.032,0.095,0.172,0.209
low-rights-risk,Low Rights Risk,"Legislative output is legally careful, low-volatility, and rarely burdens protected interests.",0.750,low-rights-risk synthetic legislature,emergency-restraint-court,No emergency relief without merits review,5120,0.954,0.483,0.471,0.387,0.606,0.195,0.436,0.170,0.087,0.000,0.050,0.030,0.098,0.621,0.503,0.465,0.355,0.180,0.539,0.404,0.414,0.548,0.454,0.642,0.036,0.420,0.142,0.013,0.472,0.360,0.276,0.047,0.677,0.233,0.412,0.711,0.637,0.745,0.793,0.718,0.807,0.711,0.601,0.645,0.018,0.006,0.131,0.615,0.014,0.312,0.578,0.787,0.198,0.088,0.436,0.268,0.268,0.000,0.268,0.000,0.268,0.000,0.082,0.000,0.067,0.113,0.668,0.201,0.517,0.483,0.000,0.000,0.000,0.000,0.000,0.000,0.000,0.000,0.155,0.098,0.296,0.468,0.073,0.335,0.094,0.025,0.190,0.130,0.151,0.015,0.067,0.014,0.000,0.001,0.063,0.000,0.006,0.042,0.048,0.002,0.000,0.360,0.230,0.199,0.079,0.132,0.251,0.082,0.261,0.196,0.723,0.091,0.000,0.036,0.091,0.060,0.793,0.038,0.634,0.607,0.571,0.347,0.089,0.056,0.032,0.095,0.172,0.209
low-rights-risk,Low Rights Risk,"Legislative output is legally careful, low-volatility, and rarely burdens protected interests.",0.750,low-rights-risk synthetic legislature,randomized-merits-panels,Randomized merits panels with en banc correction,5120,0.957,0.498,0.458,0.397,0.606,0.218,0.436,0.170,0.093,0.001,0.058,0.033,0.098,0.621,0.503,0.465,0.355,0.181,0.539,0.404,0.414,0.548,0.454,0.642,0.036,0.390,0.142,0.012,0.472,0.360,0.276,0.043,0.675,0.298,0.519,0.711,0.631,0.743,0.776,0.716,0.806,0.709,0.599,0.648,0.028,0.053,0.138,0.631,0.014,0.320,0.583,0.782,0.206,0.094,0.402,0.272,0.193,0.000,0.272,0.022,0.171,0.000,0.529,0.000,0.109,0.073,0.605,0.171,0.832,0.168,0.000,0.000,0.000,0.000,0.000,0.000,0.000,0.000,0.165,0.105,0.337,0.473,0.079,0.340,0.102,0.030,0.209,0.142,0.157,0.015,0.071,0.015,0.000,0.001,0.071,0.000,0.006,0.049,0.051,0.004,0.000,0.360,0.230,0.199,0.079,0.132,0.251,0.086,0.299,0.225,0.636,0.091,0.200,0.000,0.088,0.068,0.789,0.045,0.628,0.603,0.583,0.347,0.089,0.056,0.032,0.095,0.172,0.209
low-rights-risk,Low Rights Risk,"Legislative output is legally careful, low-volatility, and rarely burdens protected interests.",0.750,low-rights-risk synthetic legislature,mandatory-written-emergency-reasoning,Mandatory written emergency reasoning,5120,0.954,0.492,0.463,0.395,0.606,0.212,0.436,0.170,0.084,0.000,0.061,0.029,0.098,0.621,0.503,0.465,0.355,0.181,0.539,0.404,0.414,0.548,0.454,0.642,0.036,0.420,0.142,0.011,0.472,0.360,0.276,0.041,0.675,0.269,0.405,0.711,0.632,0.742,0.783,0.716,0.806,0.710,0.599,0.645,0.024,0.031,0.144,0.587,0.014,0.320,0.580,0.779,0.199,0.090,0.403,0.279,0.177,0.000,0.279,0.037,0.140,0.000,0.034,0.000,0.068,0.110,0.669,0.206,0.508,0.492,0.000,0.000,0.000,0.000,0.000,0.000,0.000,0.000,0.171,0.098,0.349,0.518,0.077,0.347,0.092,0.027,0.200,0.141,0.221,0.016,0.064,0.014,0.000,0.000,0.081,0.000,0.008,0.044,0.044,0.005,0.000,0.360,0.230,0.199,0.079,0.132,0.251,0.082,0.281,0.174,0.626,0.182,0.000,0.084,0.084,0.068,0.786,0.051,0.629,0.603,0.533,0.347,0.089,0.056,0.032,0.095,0.172,0.209
low-rights-risk,Low Rights Risk,"Legislative output is legally careful, low-volatility, and rarely burdens protected interests.",0.750,low-rights-risk synthetic legislature,automatic-merits-follow-up,Automatic merits follow-up for emergency relief,5120,0.958,0.496,0.462,0.393,0.606,0.217,0.436,0.170,0.093,0.001,0.056,0.036,0.098,0.621,0.503,0.465,0.355,0.180,0.539,0.404,0.414,0.548,0.454,0.642,0.036,0.420,0.142,0.012,0.472,0.360,0.276,0.045,0.677,0.253,0.405,0.711,0.633,0.744,0.789,0.717,0.808,0.708,0.599,0.649,0.025,0.010,0.131,0.609,0.014,0.319,0.584,0.784,0.215,0.100,0.442,0.266,0.266,0.000,0.266,0.037,0.266,0.000,0.035,0.000,0.071,0.114,0.673,0.210,0.504,0.496,0.000,0.000,0.000,0.000,0.000,0.000,0.000,0.000,0.170,0.108,0.300,0.528,0.079,0.335,0.103,0.032,0.191,0.141,0.238,0.013,0.071,0.014,0.000,0.001,0.086,0.000,0.008,0.053,0.046,0.003,0.000,0.360,0.230,0.199,0.079,0.132,0.251,0.090,0.291,0.152,0.772,0.273,0.400,0.107,0.095,0.074,0.792,0.047,0.632,0.601,0.555,0.347,0.089,0.056,0.032,0.095,0.172,0.209
low-rights-risk,Low Rights Risk,"Legislative output is legally careful, low-volatility, and rarely burdens protected interests.",0.750,low-rights-risk synthetic legislature,strong-recusal-enforcement,Independent recusal enforcement with substitutes,5120,0.958,0.495,0.463,0.398,0.606,0.216,0.436,0.170,0.077,0.001,0.043,0.039,0.098,0.621,0.503,0.465,0.355,0.181,0.539,0.404,0.414,0.548,0.454,0.642,0.036,0.420,0.142,0.008,0.472,0.360,0.276,0.042,0.675,0.297,0.416,0.711,0.631,0.742,0.781,0.716,0.805,0.710,0.600,0.647,0.015,0.054,0.144,0.600,0.014,0.319,0.583,0.780,0.207,0.094,0.411,0.285,0.209,0.000,0.285,0.019,0.190,0.000,0.083,0.000,0.060,0.110,0.689,0.211,0.505,0.495,0.000,0.000,0.000,0.000,0.000,0.000,0.000,0.000,0.163,0.097,0.336,0.468,0.075,0.346,0.091,0.028,0.197,0.138,0.151,0.015,0.065,0.013,0.000,0.001,0.071,0.000,0.006,0.047,0.042,0.004,0.000,0.360,0.230,0.199,0.079,0.132,0.251,0.085,0.291,0.239,0.652,0.000,0.000,0.155,0.089,0.067,0.783,0.045,0.629,0.606,0.553,0.347,0.089,0.056,0.032,0.095,0.172,0.209
low-rights-risk,Low Rights Risk,"Legislative output is legally careful, low-volatility, and rarely burdens protected interests.",0.750,low-rights-risk synthetic legislature,jurisdiction-stripping-constraints,Jurisdiction stripping constrained by rights carveouts,5120,0.957,0.501,0.456,0.397,0.606,0.214,0.436,0.170,0.087,0.000,0.049,0.030,0.098,0.621,0.503,0.465,0.355,0.181,0.539,0.404,0.414,0.548,0.454,0.642,0.036,0.370,0.142,0.011,0.472,0.360,0.276,0.050,0.705,0.298,0.405,0.711,0.636,0.746,0.785,0.716,0.806,0.710,0.598,0.647,0.009,0.055,0.144,0.589,0.012,0.323,0.585,0.783,0.187,0.090,0.407,0.284,0.207,0.000,0.284,0.021,0.185,0.000,0.033,0.000,0.071,0.114,0.679,0.212,0.499,0.501,0.000,0.000,0.000,0.000,0.048,0.000,0.000,0.000,0.163,0.119,0.340,0.481,0.104,0.342,0.106,0.029,0.212,0.140,0.167,0.017,0.097,0.016,0.000,0.001,0.000,0.000,0.006,0.056,0.042,0.004,0.000,0.360,0.230,0.199,0.079,0.132,0.251,0.083,0.279,0.203,0.665,0.091,0.000,0.036,0.087,0.065,0.785,0.046,0.631,0.612,0.549,0.347,0.089,0.056,0.032,0.095,0.172,0.209
low-rights-risk,Low Rights Risk,"Legislative output is legally careful, low-volatility, and rarely burdens protected interests.",0.750,low-rights-risk synthetic legislature,legislative-override-window,Time-limited legislative override window,5120,0.957,0.499,0.458,0.391,0.606,0.218,0.436,0.170,0.082,0.001,0.052,0.037,0.098,0.621,0.503,0.465,0.355,0.182,0.539,0.404,0.414,0.548,0.454,0.642,0.036,0.420,0.142,0.012,0.472,0.360,0.276,0.045,0.675,0.297,0.405,0.711,0.632,0.742,0.780,0.717,0.809,0.711,0.596,0.646,0.009,0.056,0.145,0.588,0.013,0.326,0.585,0.779,0.194,0.087,0.403,0.287,0.204,0.000,0.287,0.021,0.183,0.000,0.035,0.000,0.063,0.111,0.679,0.211,0.501,0.499,0.000,0.000,0.000,0.000,0.043,0.011,0.016,0.000,0.166,0.102,0.337,0.476,0.103,0.347,0.097,0.029,0.200,0.147,0.158,0.011,0.047,0.011,0.147,0.001,0.045,0.000,0.006,0.047,0.043,0.003,0.000,0.360,0.230,0.199,0.079,0.132,0.251,0.079,0.274,0.174,0.602,0.091,0.400,0.036,0.086,0.061,0.787,0.047,0.628,0.603,0.543,0.347,0.089,0.056,0.032,0.095,0.172,0.209
low-rights-risk,Low Rights Risk,"Legislative output is legally careful, low-volatility, and rarely burdens protected interests.",0.750,low-rights-risk synthetic legislature,constitutional-remand,Constitutional remand before invalidation,5120,0.957,0.513,0.444,0.406,0.606,0.232,0.436,0.170,0.089,0.001,0.049,0.031,0.098,0.621,0.503,0.465,0.355,0.150,0.539,0.404,0.414,0.548,0.454,0.642,0.036,0.381,0.142,0.011,0.472,0.360,0.276,0.051,0.685,0.298,0.408,0.711,0.630,0.752,0.786,0.729,0.824,0.721,0.612,0.644,0.018,0.055,0.144,0.611,0.009,0.319,0.596,0.786,0.258,0.061,0.419,0.287,0.203,0.000,0.287,0.019,0.184,0.000,0.051,0.000,0.090,0.073,0.685,0.209,0.487,0.513,0.000,0.255,0.027,0.000,0.031,0.008,0.012,0.000,0.159,0.089,0.334,0.452,0.098,0.350,0.103,0.033,0.206,0.149,0.150,0.013,0.050,0.013,0.149,0.001,0.044,0.000,0.007,0.053,0.046,0.005,0.000,0.360,0.230,0.199,0.079,0.132,0.251,0.071,0.251,0.145,0.516,0.000,0.200,0.000,0.080,0.051,0.801,0.046,0.637,0.620,0.567,0.347,0.089,0.056,0.032,0.095,0.172,0.209
low-rights-risk,Low Rights Risk,"Legislative output is legally careful, low-volatility, and rarely burdens protected interests.",0.750,low-rights-risk synthetic legislature,public-interest-litigation-filter,Public-interest litigation filter,5120,0.957,0.499,0.458,0.398,0.606,0.218,0.436,0.170,0.089,0.000,0.051,0.037,0.098,0.621,0.503,0.465,0.355,0.181,0.539,0.404,0.414,0.548,0.454,0.642,0.036,0.333,0.142,0.009,0.472,0.360,0.276,0.046,0.676,0.298,0.408,0.711,0.632,0.743,0.787,0.716,0.806,0.710,0.598,0.649,0.017,0.054,0.147,0.595,0.012,0.320,0.583,0.779,0.209,0.092,0.415,0.288,0.205,0.000,0.288,0.020,0.186,0.000,0.050,0.000,0.068,0.112,0.674,0.210,0.501,0.499,0.000,0.000,0.000,0.129,0.000,0.000,0.000,0.000,0.161,0.099,0.345,0.474,0.076,0.342,0.097,0.027,0.213,0.143,0.156,0.015,0.071,0.010,0.000,0.002,0.068,0.000,0.006,0.051,0.044,0.003,0.000,0.360,0.230,0.199,0.079,0.132,0.251,0.087,0.300,0.261,0.646,0.182,0.000,0.036,0.088,0.066,0.785,0.047,0.629,0.604,0.548,0.347,0.089,0.056,0.032,0.095,0.172,0.209
low-rights-risk,Low Rights Risk,"Legislative output is legally careful, low-volatility, and rarely burdens protected interests.",0.750,low-rights-risk synthetic legislature,emergency-integrity-package,Emergency integrity package,5120,0.960,0.503,0.457,0.406,0.606,0.223,0.436,0.170,0.087,0.001,0.046,0.034,0.098,0.621,0.503,0.465,0.355,0.180,0.539,0.404,0.414,0.548,0.454,0.642,0.036,0.420,0.142,0.011,0.472,0.360,0.276,0.045,0.678,0.254,0.416,0.711,0.631,0.745,0.791,0.718,0.812,0.710,0.599,0.649,0.015,0.010,0.137,0.627,0.014,0.320,0.586,0.787,0.239,0.095,0.451,0.280,0.280,0.000,0.280,0.040,0.280,0.000,0.082,0.000,0.067,0.116,0.682,0.214,0.497,0.503,0.000,0.000,0.000,0.000,0.000,0.000,0.000,0.000,0.162,0.100,0.307,0.476,0.077,0.350,0.099,0.033,0.203,0.141,0.163,0.013,0.069,0.016,0.000,0.002,0.074,0.000,0.008,0.050,0.044,0.002,0.000,0.360,0.230,0.199,0.079,0.132,0.251,0.087,0.281,0.152,0.748,0.091,0.200,0.084,0.095,0.072,0.795,0.050,0.634,0.604,0.580,0.347,0.089,0.056,0.032,0.095,0.172,0.209
low-rights-risk,Low Rights Risk,"Legislative output is legally careful, low-volatility, and rarely burdens protected interests.",0.750,low-rights-risk synthetic legislature,remand-override-window-package,Constitutional remand with override window,5120,0.953,0.507,0.446,0.405,0.606,0.219,0.436,0.170,0.098,0.002,0.060,0.042,0.098,0.621,0.503,0.465,0.355,0.150,0.539,0.404,0.414,0.548,0.454,0.642,0.036,0.381,0.142,0.012,0.472,0.360,0.276,0.045,0.685,0.270,0.408,0.711,0.627,0.753,0.791,0.730,0.825,0.721,0.613,0.640,0.019,0.030,0.146,0.615,0.007,0.317,0.593,0.788,0.284,0.057,0.422,0.286,0.179,0.000,0.286,0.031,0.148,0.000,0.050,0.000,0.083,0.072,0.686,0.208,0.493,0.507,0.000,0.252,0.028,0.000,0.030,0.006,0.012,0.000,0.157,0.081,0.349,0.451,0.090,0.356,0.097,0.027,0.214,0.142,0.148,0.014,0.050,0.010,0.142,0.001,0.042,0.000,0.007,0.049,0.049,0.004,0.000,0.360,0.230,0.199,0.079,0.132,0.251,0.066,0.227,0.133,0.508,0.050,0.200,0.036,0.075,0.050,0.804,0.049,0.640,0.622,0.570,0.347,0.089,0.056,0.032,0.095,0.172,0.209
low-rights-risk,Low Rights Risk,"Legislative output is legally careful, low-volatility, and rarely burdens protected interests.",0.750,low-rights-risk synthetic legislature,panel-jurisdiction-safeguards,Random panels with jurisdiction safeguards,5120,0.952,0.496,0.457,0.399,0.606,0.219,0.436,0.170,0.082,0.000,0.041,0.026,0.098,0.621,0.503,0.465,0.355,0.181,0.539,0.404,0.414,0.548,0.454,0.642,0.036,0.340,0.142,0.011,0.472,0.360,0.276,0.050,0.704,0.279,0.547,0.711,0.630,0.746,0.780,0.715,0.810,0.705,0.598,0.644,0.028,0.045,0.144,0.633,0.013,0.322,0.582,0.785,0.228,0.083,0.393,0.276,0.145,0.000,0.276,0.038,0.107,0.131,0.571,0.000,0.096,0.077,0.617,0.172,0.839,0.161,0.000,0.000,0.000,0.000,0.045,0.000,0.000,0.000,0.157,0.109,0.349,0.473,0.103,0.344,0.094,0.027,0.187,0.144,0.156,0.013,0.083,0.016,0.000,0.001,0.000,0.000,0.008,0.045,0.047,0.003,0.000,0.360,0.230,0.199,0.079,0.132,0.251,0.076,0.251,0.217,0.617,0.182,0.000,0.036,0.080,0.063,0.792,0.051,0.630,0.613,0.591,0.347,0.089,0.056,0.032,0.095,0.172,0.209
low-rights-risk,Low Rights Risk,"Legislative output is legally careful, low-volatility, and rarely burdens protected interests.",0.750,low-rights-risk synthetic legislature,council-concrete-hybrid,Constitutional council with concrete-review backstop,5120,0.947,0.497,0.450,0.391,0.606,0.215,0.436,0.170,0.087,0.000,0.054,0.026,0.098,0.621,0.503,0.465,0.355,0.180,0.539,0.404,0.414,0.548,0.454,0.642,0.036,0.411,0.142,0.009,0.472,0.360,0.276,0.048,0.712,0.297,0.487,0.711,0.625,0.749,0.780,0.724,0.814,0.715,0.609,0.640,0.013,0.054,0.139,0.638,0.010,0.322,0.590,0.789,0.258,0.068,0.402,0.276,0.198,0.000,0.276,0.018,0.180,0.000,0.418,0.000,0.095,0.111,0.663,0.203,0.830,0.170,0.000,0.220,0.000,0.000,0.034,0.009,0.015,0.000,0.162,0.090,0.334,0.463,0.095,0.348,0.096,0.030,0.199,0.138,0.152,0.010,0.049,0.012,0.138,0.001,0.043,0.000,0.006,0.046,0.043,0.003,0.000,0.360,0.230,0.199,0.079,0.132,0.251,0.064,0.222,0.130,0.485,0.000,0.200,0.036,0.080,0.048,0.793,0.045,0.633,0.617,0.595,0.347,0.089,0.056,0.032,0.095,0.172,0.209
extreme-rights-risk,Extreme Rights Risk,Legislative output often creates concentrated rights burdens under contested public mandates.,1.000,extreme-rights-risk synthetic legislature,current-us-like,Stylized current U.S.-like supreme court,5120,0.978,0.580,0.398,0.450,0.541,0.248,0.391,0.150,0.128,0.001,0.067,0.036,0.113,0.805,0.628,0.561,0.450,0.406,0.650,0.512,0.441,0.600,0.705,0.716,0.058,0.584,0.101,0.001,0.604,0.397,0.486,0.225,0.469,0.615,0.522,0.806,0.515,0.535,0.613,0.473,0.460,0.549,0.379,0.593,0.057,0.353,0.358,0.425,0.123,0.600,0.598,0.612,0.163,0.276,0.285,0.483,0.197,0.197,0.000,0.197,0.000,0.000,0.021,0.000,0.043,0.324,0.033,0.114,0.420,0.580,0.000,0.000,0.000,0.000,0.000,0.000,0.000,0.000,0.336,0.345,0.732,0.831,0.132,0.293,0.212,0.098,0.365,0.209,0.373,0.034,0.104,0.044,0.000,0.046,0.112,0.000,0.001,0.103,0.119,0.049,0.010,0.279,0.299,0.172,0.079,0.170,0.747,0.375,0.493,0.528,1.000,0.438,0.501,0.323,0.170,0.219,0.418,0.227,0.456,0.370,0.324,0.196,0.052,0.051,0.094,0.100,0.180,0.327
extreme-rights-risk,Extreme Rights Risk,Legislative output often creates concentrated rights burdens under contested public mandates.,1.000,extreme-rights-risk synthetic legislature,term-limited-balanced,18-year staggered terms + regular appointments,5120,0.975,0.587,0.389,0.460,0.541,0.264,0.391,0.150,0.124,0.001,0.055,0.052,0.113,0.805,0.628,0.561,0.450,0.399,0.650,0.512,0.441,0.600,0.705,0.716,0.058,0.544,0.101,0.002,0.604,0.397,0.486,0.222,0.479,0.455,0.528,0.806,0.516,0.530,0.686,0.458,0.415,0.537,0.391,0.576,0.058,0.123,0.276,0.580,0.184,0.568,0.638,0.667,0.209,0.432,0.445,0.456,0.413,0.000,0.456,0.183,0.231,0.000,0.056,0.000,0.090,0.116,0.030,0.058,0.413,0.587,0.000,0.000,0.000,0.000,0.000,0.000,0.000,0.000,0.309,0.433,0.513,0.837,0.144,0.289,0.221,0.103,0.339,0.204,0.374,0.035,0.104,0.049,0.000,0.047,0.114,0.000,0.001,0.110,0.128,0.045,0.008,0.279,0.299,0.172,0.079,0.170,0.747,0.345,0.461,0.531,0.764,0.304,0.482,0.338,0.222,0.321,0.412,0.136,0.467,0.379,0.482,0.196,0.052,0.051,0.094,0.100,0.180,0.327
extreme-rights-risk,Extreme Rights Risk,Legislative output often creates concentrated rights burdens under contested public mandates.,1.000,extreme-rights-risk synthetic legislature,nonpartisan-commission,Nonpartisan commission appointments,5120,0.982,0.593,0.389,0.472,0.541,0.271,0.391,0.150,0.137,0.001,0.066,0.033,0.113,0.805,0.628,0.561,0.450,0.399,0.650,0.512,0.441,0.600,0.705,0.716,0.058,0.544,0.101,0.002,0.604,0.397,0.486,0.223,0.479,0.456,0.532,0.806,0.511,0.528,0.688,0.454,0.407,0.535,0.388,0.581,0.041,0.125,0.282,0.592,0.188,0.572,0.641,0.670,0.233,0.440,0.453,0.466,0.416,0.000,0.466,0.183,0.233,0.000,0.077,0.000,0.093,0.119,0.029,0.058,0.407,0.593,0.000,0.000,0.000,0.000,0.000,0.000,0.000,0.000,0.304,0.435,0.515,0.797,0.149,0.290,0.228,0.104,0.348,0.215,0.289,0.031,0.108,0.051,0.000,0.052,0.119,0.000,0.002,0.113,0.133,0.047,0.009,0.279,0.299,0.172,0.079,0.170,0.747,0.352,0.468,0.542,0.789,0.331,0.472,0.350,0.226,0.327,0.405,0.138,0.466,0.375,0.501,0.196,0.052,0.051,0.094,0.100,0.180,0.327
extreme-rights-risk,Extreme Rights Risk,Legislative output often creates concentrated rights burdens under contested public mandates.,1.000,extreme-rights-risk synthetic legislature,expanded-court-fifteen,Expanded 15-seat court,5120,0.977,0.582,0.395,0.454,0.541,0.259,0.391,0.150,0.117,0.001,0.048,0.048,0.113,0.805,0.628,0.561,0.450,0.398,0.650,0.512,0.441,0.600,0.705,0.716,0.058,0.544,0.101,0.001,0.604,0.397,0.486,0.215,0.479,0.455,0.535,0.806,0.511,0.530,0.689,0.460,0.419,0.537,0.393,0.574,0.038,0.123,0.279,0.592,0.187,0.566,0.637,0.671,0.245,0.432,0.445,0.459,0.411,0.000,0.459,0.181,0.230,0.000,0.056,0.000,0.097,0.442,0.036,0.148,0.418,0.582,0.000,0.000,0.000,0.000,0.000,0.000,0.000,0.000,0.307,0.427,0.516,0.833,0.142,0.296,0.216,0.095,0.342,0.207,0.362,0.033,0.111,0.047,0.000,0.046,0.112,0.000,0.002,0.104,0.123,0.051,0.010,0.279,0.299,0.172,0.079,0.170,0.747,0.342,0.453,0.543,0.775,0.301,0.466,0.333,0.222,0.321,0.409,0.136,0.469,0.382,0.497,0.196,0.052,0.051,0.094,0.100,0.180,0.327
extreme-rights-risk,Extreme Rights Risk,Legislative output often creates concentrated rights burdens under contested public mandates.,1.000,extreme-rights-risk synthetic legislature,supermajority-review,60 percent invalidation threshold,5120,0.980,0.581,0.399,0.449,0.541,0.250,0.391,0.150,0.128,0.000,0.074,0.039,0.113,0.805,0.628,0.561,0.450,0.399,0.650,0.512,0.441,0.600,0.705,0.716,0.058,0.544,0.101,0.001,0.604,0.397,0.486,0.204,0.475,0.440,0.527,0.806,0.520,0.541,0.683,0.485,0.479,0.548,0.396,0.555,0.061,0.117,0.288,0.557,0.164,0.563,0.621,0.660,0.202,0.370,0.390,0.454,0.371,0.000,0.454,0.298,0.073,0.083,0.052,0.000,0.043,0.115,0.032,0.058,0.419,0.581,0.000,0.000,0.000,0.000,0.000,0.000,0.000,0.000,0.302,0.391,0.512,0.819,0.138,0.280,0.220,0.098,0.326,0.201,0.356,0.038,0.109,0.048,0.000,0.045,0.113,0.000,0.002,0.106,0.132,0.043,0.010,0.279,0.299,0.172,0.079,0.170,0.747,0.297,0.389,0.485,0.691,0.245,0.423,0.270,0.192,0.300,0.469,0.160,0.469,0.383,0.458,0.196,0.052,0.051,0.094,0.100,0.180,0.327
extreme-rights-risk,Extreme Rights Risk,Legislative output often creates concentrated rights burdens under contested public mandates.,1.000,extreme-rights-risk synthetic legislature,recusal-and-emergency-reform,Peer recusal + reasoned emergency docket,5120,0.973,0.578,0.394,0.457,0.541,0.252,0.391,0.150,0.131,0.001,0.062,0.044,0.113,0.805,0.628,0.561,0.450,0.398,0.650,0.512,0.441,0.600,0.705,0.716,0.058,0.544,0.101,0.002,0.604,0.397,0.486,0.215,0.479,0.455,0.534,0.806,0.513,0.531,0.687,0.459,0.414,0.537,0.394,0.578,0.062,0.120,0.274,0.586,0.186,0.565,0.637,0.669,0.236,0.432,0.447,0.453,0.408,0.000,0.453,0.175,0.232,0.000,0.089,0.000,0.095,0.120,0.032,0.061,0.422,0.578,0.000,0.000,0.000,0.000,0.000,0.000,0.000,0.000,0.308,0.440,0.518,0.836,0.144,0.277,0.223,0.098,0.340,0.200,0.359,0.030,0.104,0.049,0.000,0.048,0.115,0.000,0.001,0.101,0.137,0.050,0.013,0.279,0.299,0.172,0.079,0.170,0.747,0.348,0.449,0.540,0.818,0.315,0.493,0.338,0.222,0.320,0.412,0.134,0.470,0.381,0.489,0.196,0.052,0.051,0.094,0.100,0.180,0.327
extreme-rights-risk,Extreme Rights Risk,Legislative output often creates concentrated rights burdens under contested public mandates.,1.000,extreme-rights-risk synthetic legislature,panel-en-banc,Three-judge panels with en banc correction,5120,0.976,0.591,0.385,0.459,0.541,0.269,0.391,0.150,0.127,0.000,0.070,0.038,0.113,0.805,0.628,0.561,0.450,0.398,0.650,0.512,0.441,0.600,0.705,0.716,0.058,0.514,0.101,0.000,0.604,0.397,0.486,0.215,0.479,0.456,0.613,0.806,0.510,0.530,0.687,0.458,0.417,0.536,0.391,0.575,0.063,0.125,0.283,0.631,0.189,0.569,0.641,0.672,0.251,0.436,0.454,0.471,0.421,0.000,0.471,0.179,0.242,0.000,0.418,0.000,0.329,0.077,0.027,0.046,0.714,0.286,0.000,0.000,0.000,0.000,0.000,0.000,0.000,0.000,0.300,0.430,0.519,0.799,0.143,0.294,0.220,0.104,0.349,0.197,0.291,0.033,0.109,0.053,0.000,0.041,0.119,0.000,0.002,0.111,0.122,0.048,0.009,0.279,0.299,0.172,0.079,0.170,0.747,0.346,0.466,0.540,0.796,0.315,0.480,0.315,0.225,0.323,0.415,0.137,0.468,0.378,0.538,0.196,0.052,0.051,0.094,0.100,0.180,0.327
extreme-rights-risk,Extreme Rights Risk,Legislative output often creates concentrated rights burdens under contested public mandates.,1.000,extreme-rights-risk synthetic legislature,cross-checking-courts,Supreme court with cross-checking constitutional court,5120,0.976,0.584,0.392,0.458,0.541,0.253,0.391,0.150,0.129,0.001,0.069,0.038,0.113,0.805,0.628,0.561,0.450,0.379,0.650,0.512,0.441,0.600,0.705,0.716,0.058,0.544,0.101,0.001,0.604,0.397,0.486,0.207,0.495,0.442,0.544,0.806,0.505,0.563,0.684,0.521,0.581,0.573,0.378,0.514,0.029,0.119,0.292,0.582,0.104,0.583,0.592,0.661,0.317,0.246,0.390,0.461,0.371,0.000,0.461,0.300,0.071,0.090,0.142,0.000,0.109,0.116,0.044,0.066,0.416,0.584,0.189,0.000,0.000,0.000,0.000,0.000,0.000,0.000,0.288,0.309,0.523,0.765,0.121,0.305,0.206,0.090,0.344,0.200,0.283,0.036,0.107,0.046,0.000,0.040,0.117,0.000,0.002,0.098,0.121,0.039,0.008,0.279,0.299,0.172,0.079,0.170,0.747,0.190,0.248,0.311,0.433,0.177,0.267,0.172,0.159,0.217,0.563,0.162,0.481,0.370,0.492,0.196,0.052,0.051,0.094,0.100,0.180,0.327
extreme-rights-risk,Extreme Rights Risk,Legislative output often creates concentrated rights burdens under contested public mandates.,1.000,extreme-rights-risk synthetic legislature,dual-supreme-courts,Dual supreme courts with disagreement filter,5120,0.976,0.578,0.398,0.456,0.541,0.246,0.391,0.150,0.129,0.001,0.057,0.049,0.113,0.805,0.628,0.561,0.450,0.401,0.650,0.512,0.441,0.600,0.705,0.716,0.058,0.544,0.101,0.001,0.604,0.397,0.486,0.213,0.475,0.442,0.550,0.806,0.486,0.519,0.686,0.444,0.397,0.532,0.372,0.567,0.028,0.119,0.290,0.586,0.191,0.596,0.633,0.665,0.350,0.423,0.383,0.456,0.370,0.000,0.456,0.303,0.066,0.087,0.146,0.000,0.115,0.115,0.030,0.055,0.422,0.578,0.176,0.000,0.000,0.000,0.000,0.000,0.000,0.000,0.305,0.443,0.520,0.819,0.144,0.281,0.229,0.104,0.338,0.196,0.293,0.032,0.104,0.054,0.000,0.051,0.121,0.000,0.001,0.113,0.128,0.049,0.011,0.279,0.299,0.172,0.079,0.170,0.747,0.332,0.418,0.529,0.789,0.328,0.489,0.300,0.217,0.336,0.394,0.162,0.461,0.360,0.495,0.196,0.052,0.051,0.094,0.100,0.180,0.327
extreme-rights-risk,Extreme Rights Risk,Legislative output often creates concentrated rights burdens under contested public mandates.,1.000,extreme-rights-risk synthetic legislature,comparative-constitutional-senates,Comparative 16-seat constitutional senates,5120,0.978,0.581,0.397,0.463,0.541,0.254,0.391,0.150,0.132,0.001,0.069,0.051,0.113,0.805,0.628,0.561,0.450,0.400,0.650,0.512,0.441,0.600,0.705,0.716,0.058,0.574,0.101,0.002,0.604,0.397,0.486,0.213,0.476,0.441,0.649,0.806,0.508,0.541,0.677,0.485,0.482,0.548,0.394,0.557,0.035,0.117,0.291,0.615,0.165,0.564,0.623,0.667,0.278,0.366,0.395,0.457,0.375,0.000,0.457,0.304,0.071,0.082,0.413,0.000,0.123,0.115,0.036,0.059,0.721,0.279,0.000,0.000,0.000,0.000,0.000,0.000,0.000,0.000,0.296,0.381,0.515,0.775,0.135,0.296,0.208,0.094,0.327,0.205,0.279,0.035,0.104,0.046,0.000,0.042,0.116,0.000,0.001,0.101,0.127,0.046,0.009,0.279,0.299,0.172,0.079,0.170,0.747,0.296,0.390,0.448,0.720,0.263,0.436,0.262,0.191,0.299,0.470,0.163,0.469,0.382,0.525,0.196,0.052,0.051,0.094,0.100,0.180,0.327
extreme-rights-risk,Extreme Rights Risk,Legislative output often creates concentrated rights burdens under contested public mandates.,1.000,extreme-rights-risk synthetic legislature,constitutional-council,Pre-enactment constitutional council,5120,0.977,0.587,0.390,0.460,0.541,0.260,0.391,0.150,0.122,0.001,0.064,0.042,0.113,0.805,0.628,0.561,0.450,0.398,0.650,0.512,0.441,0.600,0.705,0.716,0.058,0.534,0.101,0.001,0.604,0.397,0.486,0.239,0.527,0.455,0.573,0.806,0.498,0.530,0.691,0.454,0.412,0.529,0.390,0.579,0.052,0.125,0.285,0.659,0.184,0.614,0.677,0.680,0.326,0.430,0.452,0.472,0.428,0.000,0.472,0.185,0.243,0.000,0.298,0.000,0.131,0.078,0.036,0.054,0.731,0.269,0.000,0.586,0.000,0.000,0.311,0.102,0.142,0.036,0.324,0.516,0.520,0.832,0.349,0.274,0.255,0.135,0.337,0.221,0.306,0.021,0.074,0.034,0.221,0.032,0.071,0.000,0.001,0.125,0.129,0.053,0.015,0.279,0.299,0.172,0.079,0.170,0.747,0.345,0.464,0.534,0.800,0.312,0.482,0.313,0.223,0.304,0.410,0.139,0.467,0.366,0.570,0.196,0.052,0.051,0.094,0.100,0.180,0.327
extreme-rights-risk,Extreme Rights Risk,Legislative output often creates concentrated rights burdens under contested public mandates.,1.000,extreme-rights-risk synthetic legislature,legislative-override,Judicial review with legislative supermajority override,5120,0.974,0.585,0.389,0.461,0.541,0.256,0.391,0.150,0.130,0.000,0.054,0.043,0.113,0.805,0.628,0.561,0.450,0.401,0.650,0.512,0.441,0.600,0.705,0.716,0.058,0.544,0.101,0.000,0.604,0.397,0.486,0.238,0.479,0.454,0.529,0.806,0.505,0.523,0.688,0.446,0.416,0.528,0.364,0.583,0.027,0.123,0.278,0.587,0.185,0.612,0.653,0.669,0.239,0.429,0.446,0.461,0.411,0.000,0.461,0.177,0.234,0.000,0.058,0.000,0.094,0.114,0.032,0.059,0.415,0.585,0.000,0.000,0.000,0.000,0.313,0.085,0.145,0.031,0.327,0.534,0.516,0.828,0.380,0.265,0.266,0.151,0.325,0.237,0.298,0.021,0.070,0.042,0.237,0.032,0.063,0.000,0.001,0.130,0.129,0.052,0.018,0.279,0.299,0.172,0.079,0.170,0.747,0.345,0.474,0.521,0.782,0.309,0.480,0.318,0.222,0.305,0.413,0.136,0.461,0.344,0.504,0.196,0.052,0.051,0.094,0.100,0.180,0.327
extreme-rights-risk,Extreme Rights Risk,Legislative output often creates concentrated rights burdens under contested public mandates.,1.000,extreme-rights-risk synthetic legislature,accountability-retention-court,Retention-election accountability court,5120,0.978,0.577,0.401,0.449,0.541,0.243,0.391,0.150,0.122,0.001,0.053,0.039,0.113,0.805,0.628,0.561,0.450,0.399,0.650,0.512,0.441,0.600,0.705,0.716,0.058,0.544,0.101,0.001,0.604,0.397,0.486,0.223,0.479,0.455,0.530,0.806,0.508,0.524,0.690,0.459,0.427,0.543,0.374,0.549,0.043,0.122,0.276,0.582,0.181,0.600,0.663,0.668,0.229,0.419,0.438,0.457,0.410,0.000,0.457,0.174,0.236,0.000,0.065,0.000,0.152,0.326,0.041,0.119,0.423,0.577,0.000,0.000,0.000,0.000,0.297,0.160,0.000,0.051,0.306,0.461,0.518,0.819,0.186,0.275,0.236,0.109,0.336,0.202,0.292,0.022,0.074,0.035,0.202,0.032,0.069,0.000,0.002,0.119,0.124,0.051,0.013,0.279,0.299,0.172,0.079,0.170,0.747,0.334,0.443,0.513,0.738,0.323,0.463,0.324,0.217,0.285,0.417,0.134,0.466,0.355,0.497,0.196,0.052,0.051,0.094,0.100,0.180,0.327
extreme-rights-risk,Extreme Rights Risk,Legislative output often creates concentrated rights burdens under contested public mandates.,1.000,extreme-rights-risk synthetic legislature,emergency-restraint-court,No emergency relief without merits review,5120,0.975,0.587,0.388,0.452,0.541,0.259,0.391,0.150,0.125,0.001,0.053,0.038,0.113,0.805,0.628,0.561,0.450,0.394,0.650,0.512,0.441,0.600,0.705,0.716,0.058,0.544,0.101,0.001,0.604,0.397,0.486,0.224,0.486,0.386,0.541,0.806,0.522,0.523,0.718,0.435,0.371,0.512,0.391,0.601,0.040,0.026,0.255,0.664,0.230,0.570,0.665,0.697,0.247,0.540,0.561,0.455,0.455,0.000,0.455,0.000,0.455,0.000,0.123,0.000,0.086,0.115,0.025,0.054,0.413,0.587,0.000,0.000,0.000,0.000,0.000,0.000,0.000,0.000,0.301,0.510,0.473,0.827,0.158,0.274,0.237,0.114,0.331,0.202,0.298,0.033,0.112,0.055,0.000,0.048,0.121,0.000,0.001,0.114,0.136,0.052,0.011,0.279,0.299,0.172,0.079,0.170,0.747,0.426,0.564,0.620,1.000,0.457,0.590,0.403,0.272,0.360,0.384,0.097,0.472,0.375,0.577,0.196,0.052,0.051,0.094,0.100,0.180,0.327
extreme-rights-risk,Extreme Rights Risk,Legislative output often creates concentrated rights burdens under contested public mandates.,1.000,extreme-rights-risk synthetic legislature,randomized-merits-panels,Randomized merits panels with en banc correction,5120,0.975,0.584,0.391,0.463,0.541,0.254,0.391,0.150,0.124,0.001,0.057,0.043,0.113,0.805,0.628,0.561,0.450,0.398,0.650,0.512,0.441,0.600,0.705,0.716,0.058,0.514,0.101,0.001,0.604,0.397,0.486,0.220,0.479,0.455,0.637,0.806,0.510,0.530,0.686,0.455,0.407,0.535,0.392,0.581,0.059,0.120,0.277,0.635,0.187,0.567,0.641,0.674,0.255,0.440,0.458,0.459,0.413,0.000,0.459,0.175,0.239,0.000,0.454,0.000,0.125,0.081,0.028,0.046,0.730,0.270,0.000,0.000,0.000,0.000,0.000,0.000,0.000,0.000,0.300,0.442,0.515,0.800,0.146,0.283,0.228,0.105,0.340,0.200,0.280,0.030,0.107,0.055,0.000,0.041,0.118,0.000,0.001,0.115,0.129,0.043,0.012,0.279,0.299,0.172,0.079,0.170,0.747,0.353,0.469,0.550,0.844,0.366,0.487,0.298,0.225,0.325,0.407,0.135,0.469,0.377,0.544,0.196,0.052,0.051,0.094,0.100,0.180,0.327
extreme-rights-risk,Extreme Rights Risk,Legislative output often creates concentrated rights burdens under contested public mandates.,1.000,extreme-rights-risk synthetic legislature,mandatory-written-emergency-reasoning,Mandatory written emergency reasoning,5120,0.976,0.581,0.395,0.459,0.541,0.247,0.391,0.150,0.132,0.001,0.059,0.049,0.113,0.805,0.628,0.561,0.450,0.399,0.650,0.512,0.441,0.600,0.705,0.716,0.058,0.544,0.101,0.001,0.604,0.397,0.486,0.212,0.477,0.430,0.528,0.806,0.512,0.534,0.687,0.469,0.439,0.542,0.393,0.568,0.062,0.094,0.292,0.575,0.175,0.567,0.632,0.665,0.248,0.411,0.426,0.463,0.418,0.000,0.463,0.303,0.115,0.000,0.053,0.000,0.086,0.115,0.032,0.058,0.419,0.581,0.000,0.000,0.000,0.000,0.000,0.000,0.000,0.000,0.305,0.413,0.517,0.831,0.140,0.297,0.215,0.099,0.335,0.198,0.363,0.036,0.105,0.050,0.000,0.048,0.109,0.000,0.001,0.105,0.121,0.046,0.010,0.279,0.299,0.172,0.079,0.170,0.747,0.328,0.442,0.494,0.778,0.298,0.461,0.298,0.207,0.329,0.434,0.161,0.469,0.382,0.475,0.196,0.052,0.051,0.094,0.100,0.180,0.327
extreme-rights-risk,Extreme Rights Risk,Legislative output often creates concentrated rights burdens under contested public mandates.,1.000,extreme-rights-risk synthetic legislature,automatic-merits-follow-up,Automatic merits follow-up for emergency relief,5120,0.975,0.585,0.390,0.456,0.541,0.264,0.391,0.150,0.124,0.001,0.061,0.046,0.113,0.805,0.628,0.561,0.450,0.394,0.650,0.512,0.441,0.600,0.705,0.716,0.058,0.544,0.101,0.001,0.604,0.397,0.486,0.225,0.486,0.406,0.527,0.806,0.519,0.523,0.713,0.434,0.367,0.512,0.392,0.602,0.062,0.036,0.257,0.643,0.228,0.567,0.664,0.693,0.265,0.544,0.560,0.458,0.458,0.000,0.458,0.309,0.458,0.000,0.052,0.000,0.092,0.116,0.030,0.057,0.415,0.585,0.000,0.000,0.000,0.000,0.000,0.000,0.000,0.000,0.306,0.511,0.466,0.854,0.153,0.269,0.231,0.104,0.335,0.197,0.364,0.032,0.109,0.051,0.000,0.049,0.121,0.000,0.001,0.116,0.142,0.045,0.012,0.279,0.299,0.172,0.079,0.170,0.747,0.428,0.552,0.634,0.996,0.462,0.629,0.395,0.273,0.418,0.382,0.082,0.472,0.377,0.548,0.196,0.052,0.051,0.094,0.100,0.180,0.327
extreme-rights-risk,Extreme Rights Risk,Legislative output often creates concentrated rights burdens under contested public mandates.,1.000,extreme-rights-risk synthetic legislature,strong-recusal-enforcement,Independent recusal enforcement with substitutes,5120,0.976,0.582,0.394,0.454,0.541,0.253,0.391,0.150,0.130,0.000,0.065,0.039,0.113,0.805,0.628,0.561,0.450,0.397,0.650,0.512,0.441,0.600,0.705,0.716,0.058,0.544,0.101,0.001,0.604,0.397,0.486,0.210,0.479,0.454,0.546,0.806,0.512,0.533,0.691,0.460,0.417,0.538,0.395,0.579,0.044,0.121,0.276,0.602,0.180,0.564,0.637,0.674,0.252,0.429,0.444,0.457,0.410,0.000,0.457,0.172,0.238,0.000,0.124,0.000,0.091,0.116,0.031,0.056,0.418,0.582,0.000,0.000,0.000,0.000,0.000,0.000,0.000,0.000,0.298,0.427,0.511,0.794,0.141,0.287,0.217,0.095,0.332,0.202,0.281,0.034,0.107,0.049,0.000,0.048,0.113,0.000,0.001,0.109,0.127,0.045,0.008,0.279,0.299,0.172,0.079,0.170,0.747,0.348,0.466,0.544,0.815,0.309,0.455,0.334,0.222,0.318,0.414,0.133,0.470,0.383,0.514,0.196,0.052,0.051,0.094,0.100,0.180,0.327
extreme-rights-risk,Extreme Rights Risk,Legislative output often creates concentrated rights burdens under contested public mandates.,1.000,extreme-rights-risk synthetic legislature,jurisdiction-stripping-constraints,Jurisdiction stripping constrained by rights carveouts,5120,0.976,0.591,0.385,0.458,0.541,0.270,0.391,0.150,0.124,0.000,0.050,0.044,0.113,0.805,0.628,0.561,0.450,0.401,0.650,0.512,0.441,0.600,0.705,0.716,0.058,0.494,0.101,0.001,0.604,0.397,0.486,0.250,0.509,0.455,0.528,0.806,0.509,0.528,0.691,0.448,0.416,0.533,0.366,0.576,0.028,0.124,0.280,0.589,0.182,0.600,0.652,0.671,0.233,0.436,0.451,0.465,0.419,0.000,0.465,0.181,0.238,0.000,0.052,0.000,0.088,0.116,0.032,0.060,0.409,0.591,0.000,0.000,0.000,0.000,0.323,0.000,0.000,0.000,0.322,0.572,0.522,0.823,0.335,0.267,0.266,0.142,0.344,0.228,0.310,0.034,0.182,0.082,0.000,0.051,0.000,0.000,0.001,0.124,0.131,0.054,0.016,0.279,0.299,0.172,0.079,0.170,0.747,0.349,0.465,0.534,0.796,0.298,0.505,0.330,0.224,0.323,0.413,0.137,0.462,0.352,0.511,0.196,0.052,0.051,0.094,0.100,0.180,0.327
extreme-rights-risk,Extreme Rights Risk,Legislative output often creates concentrated rights burdens under contested public mandates.,1.000,extreme-rights-risk synthetic legislature,legislative-override-window,Time-limited legislative override window,5120,0.976,0.590,0.386,0.463,0.541,0.264,0.391,0.150,0.128,0.002,0.071,0.036,0.113,0.805,0.628,0.561,0.450,0.400,0.650,0.512,0.441,0.600,0.705,0.716,0.058,0.544,0.101,0.001,0.604,0.397,0.486,0.237,0.482,0.455,0.528,0.806,0.504,0.522,0.688,0.447,0.409,0.533,0.368,0.578,0.027,0.125,0.282,0.589,0.187,0.612,0.659,0.669,0.240,0.436,0.452,0.468,0.414,0.000,0.468,0.177,0.238,0.000,0.055,0.000,0.093,0.120,0.034,0.061,0.410,0.590,0.000,0.000,0.000,0.000,0.311,0.105,0.133,0.000,0.325,0.510,0.523,0.826,0.340,0.271,0.257,0.140,0.340,0.243,0.300,0.021,0.062,0.037,0.243,0.030,0.074,0.000,0.002,0.123,0.135,0.054,0.015,0.279,0.299,0.172,0.079,0.170,0.747,0.347,0.454,0.548,0.764,0.304,0.497,0.341,0.224,0.305,0.406,0.137,0.461,0.346,0.504,0.196,0.052,0.051,0.094,0.100,0.180,0.327
extreme-rights-risk,Extreme Rights Risk,Legislative output often creates concentrated rights burdens under contested public mandates.,1.000,extreme-rights-risk synthetic legislature,constitutional-remand,Constitutional remand before invalidation,5120,0.977,0.583,0.393,0.459,0.541,0.248,0.391,0.150,0.133,0.000,0.063,0.043,0.113,0.805,0.628,0.561,0.450,0.360,0.650,0.512,0.441,0.600,0.705,0.716,0.058,0.504,0.101,0.001,0.604,0.397,0.486,0.220,0.503,0.454,0.532,0.806,0.518,0.561,0.699,0.504,0.512,0.561,0.408,0.573,0.040,0.120,0.276,0.627,0.142,0.580,0.659,0.683,0.330,0.342,0.454,0.457,0.413,0.000,0.457,0.177,0.236,0.000,0.078,0.000,0.109,0.076,0.037,0.051,0.417,0.583,0.000,0.583,0.094,0.000,0.245,0.077,0.119,0.026,0.303,0.429,0.508,0.785,0.297,0.278,0.244,0.119,0.326,0.224,0.287,0.020,0.075,0.036,0.224,0.025,0.068,0.000,0.001,0.117,0.126,0.044,0.013,0.279,0.299,0.172,0.079,0.170,0.747,0.316,0.433,0.490,0.739,0.276,0.427,0.282,0.192,0.273,0.503,0.134,0.492,0.387,0.543,0.196,0.052,0.051,0.094,0.100,0.180,0.327
extreme-rights-risk,Extreme Rights Risk,Legislative output often creates concentrated rights burdens under contested public mandates.,1.000,extreme-rights-risk synthetic legislature,public-interest-litigation-filter,Public-interest litigation filter,5120,0.973,0.583,0.390,0.460,0.541,0.248,0.391,0.150,0.127,0.001,0.056,0.052,0.113,0.805,0.628,0.561,0.450,0.397,0.650,0.512,0.441,0.600,0.705,0.716,0.058,0.463,0.101,0.001,0.604,0.397,0.486,0.210,0.479,0.455,0.532,0.806,0.514,0.534,0.698,0.464,0.426,0.540,0.396,0.577,0.038,0.122,0.277,0.590,0.182,0.562,0.637,0.673,0.255,0.422,0.446,0.458,0.409,0.000,0.458,0.177,0.232,0.000,0.076,0.000,0.088,0.117,0.045,0.065,0.417,0.583,0.000,0.000,0.000,0.021,0.000,0.000,0.000,0.000,0.293,0.421,0.514,0.793,0.143,0.291,0.219,0.099,0.334,0.204,0.280,0.035,0.102,0.053,0.000,0.045,0.116,0.000,0.001,0.101,0.133,0.043,0.009,0.279,0.299,0.172,0.079,0.170,0.747,0.344,0.468,0.552,0.807,0.280,0.479,0.293,0.219,0.314,0.423,0.135,0.471,0.383,0.501,0.196,0.052,0.051,0.094,0.100,0.180,0.327
extreme-rights-risk,Extreme Rights Risk,Legislative output often creates concentrated rights burdens under contested public mandates.,1.000,extreme-rights-risk synthetic legislature,emergency-integrity-package,Emergency integrity package,5120,0.975,0.584,0.392,0.452,0.541,0.254,0.391,0.150,0.125,0.000,0.056,0.039,0.113,0.805,0.628,0.561,0.450,0.395,0.650,0.512,0.441,0.600,0.705,0.716,0.058,0.544,0.101,0.002,0.604,0.397,0.486,0.227,0.485,0.405,0.545,0.806,0.516,0.524,0.716,0.435,0.369,0.513,0.392,0.600,0.042,0.035,0.253,0.666,0.227,0.566,0.662,0.698,0.285,0.538,0.559,0.451,0.451,0.000,0.451,0.307,0.451,0.000,0.122,0.000,0.090,0.116,0.028,0.056,0.416,0.584,0.000,0.000,0.000,0.000,0.000,0.000,0.000,0.000,0.298,0.507,0.466,0.819,0.156,0.286,0.226,0.103,0.328,0.200,0.285,0.031,0.111,0.049,0.000,0.044,0.118,0.000,0.001,0.105,0.135,0.055,0.014,0.279,0.299,0.172,0.079,0.170,0.747,0.424,0.554,0.621,1.000,0.449,0.602,0.404,0.270,0.414,0.384,0.080,0.472,0.378,0.580,0.196,0.052,0.051,0.094,0.100,0.180,0.327
extreme-rights-risk,Extreme Rights Risk,Legislative output often creates concentrated rights burdens under contested public mandates.,1.000,extreme-rights-risk synthetic legislature,remand-override-window-package,Constitutional remand with override window,5120,0.976,0.587,0.389,0.456,0.541,0.250,0.391,0.150,0.120,0.001,0.050,0.046,0.113,0.805,0.628,0.561,0.450,0.361,0.650,0.512,0.441,0.600,0.705,0.716,0.058,0.504,0.101,0.001,0.604,0.397,0.486,0.215,0.503,0.430,0.532,0.806,0.518,0.569,0.699,0.523,0.554,0.570,0.413,0.561,0.039,0.094,0.289,0.621,0.133,0.575,0.652,0.681,0.363,0.315,0.429,0.457,0.417,0.000,0.457,0.300,0.117,0.000,0.076,0.000,0.117,0.076,0.035,0.051,0.413,0.587,0.000,0.587,0.097,0.000,0.213,0.063,0.099,0.000,0.299,0.405,0.514,0.764,0.276,0.275,0.240,0.113,0.340,0.227,0.272,0.022,0.073,0.031,0.227,0.028,0.072,0.000,0.002,0.116,0.129,0.044,0.011,0.279,0.299,0.172,0.079,0.170,0.747,0.293,0.402,0.436,0.713,0.240,0.426,0.257,0.176,0.279,0.543,0.160,0.491,0.392,0.536,0.196,0.052,0.051,0.094,0.100,0.180,0.327
extreme-rights-risk,Extreme Rights Risk,Legislative output often creates concentrated rights burdens under contested public mandates.,1.000,extreme-rights-risk synthetic legislature,panel-jurisdiction-safeguards,Random panels with jurisdiction safeguards,5120,0.978,0.584,0.393,0.458,0.541,0.256,0.391,0.150,0.126,0.001,0.059,0.039,0.113,0.805,0.628,0.561,0.450,0.401,0.650,0.512,0.441,0.600,0.705,0.716,0.058,0.464,0.101,0.001,0.604,0.397,0.486,0.234,0.505,0.441,0.658,0.806,0.504,0.540,0.681,0.477,0.479,0.545,0.376,0.552,0.058,0.119,0.293,0.617,0.158,0.587,0.633,0.666,0.279,0.369,0.389,0.461,0.370,0.000,0.461,0.303,0.066,0.091,0.470,0.000,0.122,0.073,0.035,0.048,0.708,0.292,0.000,0.000,0.000,0.000,0.259,0.000,0.000,0.000,0.308,0.502,0.523,0.797,0.291,0.267,0.251,0.127,0.335,0.218,0.292,0.037,0.177,0.073,0.000,0.046,0.000,0.000,0.001,0.122,0.131,0.048,0.015,0.279,0.299,0.172,0.079,0.170,0.747,0.292,0.366,0.475,0.705,0.263,0.432,0.264,0.191,0.300,0.468,0.164,0.465,0.365,0.534,0.196,0.052,0.051,0.094,0.100,0.180,0.327
extreme-rights-risk,Extreme Rights Risk,Legislative output often creates concentrated rights burdens under contested public mandates.,1.000,extreme-rights-risk synthetic legislature,council-concrete-hybrid,Constitutional council with concrete-review backstop,5120,0.975,0.583,0.392,0.453,0.541,0.252,0.391,0.150,0.127,0.001,0.052,0.055,0.113,0.805,0.628,0.561,0.450,0.398,0.650,0.512,0.441,0.600,0.705,0.716,0.058,0.534,0.101,0.002,0.604,0.397,0.486,0.237,0.527,0.455,0.605,0.806,0.499,0.534,0.691,0.460,0.425,0.532,0.393,0.583,0.036,0.121,0.278,0.662,0.179,0.609,0.674,0.684,0.338,0.419,0.450,0.461,0.410,0.000,0.461,0.169,0.240,0.000,0.358,0.000,0.130,0.118,0.044,0.067,0.718,0.282,0.000,0.582,0.000,0.000,0.300,0.102,0.140,0.035,0.323,0.507,0.523,0.826,0.343,0.269,0.253,0.135,0.343,0.232,0.301,0.020,0.065,0.039,0.232,0.029,0.071,0.000,0.002,0.123,0.137,0.052,0.012,0.279,0.299,0.172,0.079,0.170,0.747,0.346,0.456,0.559,0.793,0.306,0.466,0.333,0.219,0.295,0.421,0.134,0.469,0.369,0.576,0.196,0.052,0.051,0.094,0.100,0.180,0.327
weak-mandate-legislation,Weak-Mandate Legislation,Many reviewed laws have low public legitimacy and high override pressure after invalidation.,1.000,weak-mandate synthetic legislature,current-us-like,Stylized current U.S.-like supreme court,5120,0.965,0.558,0.408,0.443,0.562,0.238,0.402,0.161,0.121,0.000,0.068,0.046,0.101,0.715,0.599,0.542,0.430,0.382,0.624,0.478,0.418,0.566,0.613,0.687,0.057,0.529,0.124,0.002,0.542,0.377,0.504,0.193,0.460,0.567,0.486,0.776,0.526,0.578,0.645,0.536,0.576,0.584,0.414,0.625,0.057,0.308,0.309,0.439,0.085,0.536,0.599,0.637,0.155,0.233,0.287,0.444,0.135,0.135,0.000,0.135,0.000,0.000,0.017,0.000,0.041,0.308,0.170,0.176,0.442,0.558,0.000,0.000,0.000,0.000,0.000,0.000,0.000,0.000,0.300,0.260,0.676,0.755,0.110,0.305,0.164,0.076,0.334,0.197,0.323,0.022,0.086,0.035,0.000,0.020,0.114,0.000,0.009,0.082,0.103,0.034,0.006,0.341,0.254,0.182,0.077,0.146,0.386,0.200,0.457,0.498,1.000,0.538,0.480,0.329,0.141,0.173,0.523,0.187,0.484,0.407,0.347,0.273,0.066,0.047,0.077,0.102,0.177,0.258
weak-mandate-legislation,Weak-Mandate Legislation,Many reviewed laws have low public legitimacy and high override pressure after invalidation.,1.000,weak-mandate synthetic legislature,term-limited-balanced,18-year staggered terms + regular appointments,5120,0.972,0.547,0.425,0.432,0.562,0.223,0.402,0.161,0.113,0.001,0.060,0.047,0.101,0.715,0.599,0.542,0.430,0.376,0.624,0.478,0.418,0.566,0.613,0.687,0.057,0.488,0.124,0.004,0.542,0.377,0.504,0.188,0.469,0.413,0.492,0.776,0.532,0.580,0.711,0.531,0.550,0.578,0.429,0.605,0.054,0.104,0.228,0.572,0.124,0.500,0.627,0.686,0.193,0.338,0.425,0.408,0.333,0.000,0.408,0.121,0.213,0.000,0.052,0.000,0.077,0.110,0.160,0.119,0.453,0.547,0.000,0.000,0.000,0.000,0.000,0.000,0.000,0.000,0.275,0.324,0.489,0.760,0.123,0.282,0.177,0.074,0.302,0.203,0.319,0.021,0.097,0.036,0.000,0.015,0.118,0.000,0.010,0.089,0.113,0.030,0.006,0.341,0.254,0.182,0.077,0.146,0.386,0.172,0.413,0.507,0.724,0.225,0.493,0.311,0.175,0.238,0.536,0.110,0.499,0.418,0.487,0.273,0.066,0.047,0.077,0.102,0.177,0.258
weak-mandate-legislation,Weak-Mandate Legislation,Many reviewed laws have low public legitimacy and high override pressure after invalidation.,1.000,weak-mandate synthetic legislature,nonpartisan-commission,Nonpartisan commission appointments,5120,0.970,0.554,0.415,0.437,0.562,0.236,0.402,0.161,0.118,0.000,0.064,0.044,0.101,0.715,0.599,0.542,0.430,0.374,0.624,0.478,0.418,0.566,0.613,0.687,0.057,0.489,0.124,0.003,0.542,0.377,0.504,0.181,0.469,0.413,0.495,0.776,0.529,0.577,0.716,0.524,0.535,0.575,0.429,0.607,0.036,0.102,0.226,0.583,0.125,0.503,0.632,0.692,0.216,0.354,0.436,0.407,0.327,0.000,0.407,0.112,0.215,0.000,0.066,0.000,0.077,0.110,0.154,0.118,0.446,0.554,0.000,0.000,0.000,0.000,0.000,0.000,0.000,0.000,0.266,0.326,0.485,0.717,0.125,0.290,0.176,0.081,0.300,0.199,0.245,0.020,0.093,0.040,0.000,0.020,0.110,0.000,0.009,0.090,0.111,0.028,0.005,0.341,0.254,0.182,0.077,0.146,0.386,0.182,0.431,0.488,0.772,0.350,0.520,0.349,0.181,0.246,0.522,0.108,0.499,0.419,0.508,0.273,0.066,0.047,0.077,0.102,0.177,0.258
weak-mandate-legislation,Weak-Mandate Legislation,Many reviewed laws have low public legitimacy and high override pressure after invalidation.,1.000,weak-mandate synthetic legislature,expanded-court-fifteen,Expanded 15-seat court,5120,0.967,0.547,0.420,0.430,0.562,0.222,0.402,0.161,0.121,0.000,0.064,0.050,0.101,0.715,0.599,0.542,0.430,0.375,0.624,0.478,0.418,0.566,0.613,0.687,0.057,0.488,0.124,0.003,0.542,0.377,0.504,0.184,0.469,0.413,0.497,0.776,0.526,0.578,0.715,0.527,0.540,0.577,0.430,0.606,0.030,0.102,0.231,0.584,0.122,0.501,0.628,0.691,0.229,0.346,0.431,0.409,0.329,0.000,0.409,0.112,0.218,0.000,0.048,0.000,0.076,0.413,0.177,0.200,0.453,0.547,0.000,0.000,0.000,0.000,0.000,0.000,0.000,0.000,0.272,0.322,0.491,0.753,0.119,0.289,0.170,0.071,0.301,0.196,0.310,0.018,0.093,0.038,0.000,0.015,0.114,0.000,0.009,0.085,0.114,0.033,0.007,0.341,0.254,0.182,0.077,0.146,0.386,0.178,0.421,0.512,0.780,0.313,0.467,0.306,0.178,0.241,0.519,0.108,0.500,0.420,0.503,0.273,0.066,0.047,0.077,0.102,0.177,0.258
weak-mandate-legislation,Weak-Mandate Legislation,Many reviewed laws have low public legitimacy and high override pressure after invalidation.,1.000,weak-mandate synthetic legislature,supermajority-review,60 percent invalidation threshold,5120,0.967,0.563,0.404,0.440,0.562,0.249,0.402,0.161,0.118,0.001,0.062,0.039,0.101,0.715,0.599,0.542,0.430,0.374,0.624,0.478,0.418,0.566,0.613,0.687,0.057,0.489,0.124,0.003,0.542,0.377,0.504,0.167,0.467,0.399,0.491,0.776,0.539,0.591,0.710,0.550,0.606,0.582,0.430,0.605,0.055,0.099,0.247,0.562,0.104,0.505,0.619,0.683,0.194,0.295,0.397,0.427,0.301,0.000,0.427,0.200,0.101,0.126,0.045,0.000,0.040,0.105,0.166,0.124,0.437,0.563,0.000,0.000,0.000,0.000,0.000,0.000,0.000,0.000,0.271,0.278,0.497,0.752,0.115,0.301,0.170,0.074,0.314,0.198,0.330,0.016,0.094,0.036,0.000,0.018,0.116,0.000,0.008,0.085,0.113,0.026,0.004,0.341,0.254,0.182,0.077,0.146,0.386,0.159,0.376,0.444,0.691,0.275,0.480,0.292,0.157,0.225,0.587,0.130,0.500,0.420,0.473,0.273,0.066,0.047,0.077,0.102,0.177,0.258
weak-mandate-legislation,Weak-Mandate Legislation,Many reviewed laws have low public legitimacy and high override pressure after invalidation.,1.000,weak-mandate synthetic legislature,recusal-and-emergency-reform,Peer recusal + reasoned emergency docket,5120,0.968,0.552,0.416,0.432,0.562,0.230,0.402,0.161,0.117,0.000,0.053,0.038,0.101,0.715,0.599,0.542,0.430,0.375,0.624,0.478,0.418,0.566,0.613,0.687,0.057,0.488,0.124,0.003,0.542,0.377,0.504,0.183,0.469,0.414,0.497,0.776,0.526,0.577,0.711,0.524,0.534,0.576,0.428,0.606,0.056,0.105,0.230,0.579,0.126,0.503,0.630,0.687,0.223,0.347,0.431,0.413,0.328,0.000,0.413,0.116,0.212,0.000,0.080,0.000,0.082,0.106,0.158,0.119,0.448,0.552,0.000,0.000,0.000,0.000,0.000,0.000,0.000,0.000,0.275,0.324,0.499,0.768,0.123,0.297,0.170,0.071,0.308,0.207,0.326,0.021,0.092,0.034,0.000,0.018,0.109,0.000,0.008,0.082,0.112,0.031,0.003,0.341,0.254,0.182,0.077,0.146,0.386,0.175,0.424,0.509,0.748,0.275,0.427,0.303,0.179,0.243,0.521,0.111,0.499,0.419,0.494,0.273,0.066,0.047,0.077,0.102,0.177,0.258
weak-mandate-legislation,Weak-Mandate Legislation,Many reviewed laws have low public legitimacy and high override pressure after invalidation.,1.000,weak-mandate synthetic legislature,panel-en-banc,Three-judge panels with en banc correction,5120,0.966,0.560,0.406,0.441,0.562,0.239,0.402,0.161,0.119,0.000,0.058,0.039,0.101,0.715,0.599,0.542,0.430,0.374,0.624,0.478,0.418,0.566,0.613,0.687,0.057,0.459,0.124,0.004,0.542,0.377,0.504,0.180,0.469,0.413,0.579,0.776,0.527,0.579,0.713,0.526,0.540,0.576,0.428,0.615,0.052,0.105,0.232,0.626,0.127,0.504,0.633,0.693,0.234,0.345,0.435,0.419,0.338,0.000,0.419,0.122,0.216,0.000,0.448,0.000,0.318,0.076,0.137,0.097,0.758,0.242,0.000,0.000,0.000,0.000,0.000,0.000,0.000,0.000,0.264,0.320,0.486,0.710,0.123,0.292,0.184,0.080,0.298,0.207,0.242,0.022,0.094,0.041,0.000,0.017,0.114,0.000,0.008,0.088,0.112,0.037,0.006,0.341,0.254,0.182,0.077,0.146,0.386,0.190,0.468,0.496,0.793,0.388,0.533,0.294,0.180,0.243,0.528,0.112,0.499,0.417,0.547,0.273,0.066,0.047,0.077,0.102,0.177,0.258
weak-mandate-legislation,Weak-Mandate Legislation,Many reviewed laws have low public legitimacy and high override pressure after invalidation.,1.000,weak-mandate synthetic legislature,cross-checking-courts,Supreme court with cross-checking constitutional court,5120,0.967,0.552,0.415,0.433,0.562,0.235,0.402,0.161,0.119,0.001,0.063,0.046,0.101,0.715,0.599,0.542,0.430,0.355,0.624,0.478,0.418,0.566,0.613,0.687,0.057,0.489,0.124,0.003,0.542,0.377,0.504,0.180,0.487,0.398,0.505,0.776,0.525,0.603,0.713,0.565,0.648,0.598,0.414,0.589,0.020,0.093,0.235,0.583,0.073,0.522,0.593,0.689,0.298,0.213,0.394,0.404,0.290,0.000,0.404,0.193,0.097,0.114,0.128,0.000,0.106,0.107,0.173,0.123,0.448,0.552,0.162,0.000,0.000,0.000,0.000,0.000,0.000,0.000,0.260,0.249,0.503,0.703,0.112,0.298,0.174,0.077,0.312,0.199,0.246,0.020,0.096,0.038,0.000,0.013,0.110,0.000,0.008,0.084,0.111,0.028,0.005,0.341,0.254,0.182,0.077,0.146,0.386,0.110,0.257,0.353,0.435,0.125,0.267,0.265,0.138,0.171,0.628,0.125,0.509,0.408,0.508,0.273,0.066,0.047,0.077,0.102,0.177,0.258
weak-mandate-legislation,Weak-Mandate Legislation,Many reviewed laws have low public legitimacy and high override pressure after invalidation.,1.000,weak-mandate synthetic legislature,dual-supreme-courts,Dual supreme courts with disagreement filter,5120,0.968,0.553,0.415,0.435,0.562,0.229,0.402,0.161,0.116,0.001,0.065,0.034,0.101,0.715,0.599,0.542,0.430,0.378,0.624,0.478,0.418,0.566,0.613,0.687,0.057,0.489,0.124,0.002,0.542,0.377,0.504,0.197,0.467,0.398,0.510,0.776,0.499,0.564,0.713,0.503,0.501,0.567,0.405,0.604,0.020,0.096,0.240,0.588,0.129,0.533,0.630,0.686,0.334,0.346,0.393,0.413,0.297,0.000,0.413,0.203,0.095,0.115,0.128,0.000,0.113,0.107,0.162,0.119,0.447,0.553,0.150,0.000,0.000,0.000,0.000,0.000,0.000,0.000,0.273,0.331,0.503,0.745,0.125,0.292,0.175,0.076,0.306,0.212,0.263,0.021,0.095,0.039,0.000,0.017,0.107,0.000,0.007,0.087,0.115,0.037,0.006,0.341,0.254,0.182,0.077,0.146,0.386,0.173,0.416,0.498,0.728,0.350,0.453,0.298,0.178,0.257,0.488,0.129,0.489,0.399,0.510,0.273,0.066,0.047,0.077,0.102,0.177,0.258
weak-mandate-legislation,Weak-Mandate Legislation,Many reviewed laws have low public legitimacy and high override pressure after invalidation.,1.000,weak-mandate synthetic legislature,comparative-constitutional-senates,Comparative 16-seat constitutional senates,5120,0.968,0.559,0.409,0.435,0.562,0.243,0.402,0.161,0.114,0.000,0.054,0.033,0.101,0.715,0.599,0.542,0.430,0.376,0.624,0.478,0.418,0.566,0.613,0.687,0.057,0.519,0.124,0.005,0.542,0.377,0.504,0.182,0.467,0.398,0.621,0.776,0.533,0.598,0.705,0.563,0.638,0.589,0.428,0.605,0.028,0.095,0.236,0.620,0.094,0.501,0.613,0.691,0.263,0.266,0.394,0.406,0.293,0.000,0.406,0.194,0.099,0.113,0.452,0.000,0.123,0.102,0.177,0.123,0.773,0.227,0.000,0.000,0.000,0.000,0.000,0.000,0.000,0.000,0.263,0.273,0.492,0.689,0.115,0.302,0.174,0.078,0.304,0.200,0.238,0.018,0.097,0.039,0.000,0.011,0.111,0.000,0.010,0.090,0.098,0.031,0.006,0.341,0.254,0.182,0.077,0.146,0.386,0.153,0.363,0.411,0.687,0.250,0.387,0.285,0.148,0.206,0.619,0.126,0.500,0.419,0.544,0.273,0.066,0.047,0.077,0.102,0.177,0.258
weak-mandate-legislation,Weak-Mandate Legislation,Many reviewed laws have low public legitimacy and high override pressure after invalidation.,1.000,weak-mandate synthetic legislature,constitutional-council,Pre-enactment constitutional council,5120,0.968,0.564,0.404,0.443,0.562,0.252,0.402,0.161,0.117,0.000,0.054,0.035,0.101,0.715,0.599,0.542,0.430,0.375,0.624,0.478,0.418,0.566,0.613,0.687,0.057,0.479,0.124,0.004,0.542,0.377,0.504,0.204,0.516,0.414,0.538,0.776,0.519,0.583,0.718,0.533,0.557,0.577,0.431,0.611,0.044,0.105,0.230,0.655,0.122,0.537,0.661,0.701,0.307,0.329,0.440,0.416,0.326,0.000,0.416,0.109,0.216,0.000,0.308,0.000,0.118,0.068,0.179,0.119,0.761,0.239,0.000,0.544,0.000,0.000,0.223,0.093,0.058,0.031,0.279,0.356,0.502,0.739,0.219,0.285,0.197,0.093,0.313,0.224,0.261,0.011,0.060,0.028,0.224,0.013,0.068,0.000,0.009,0.097,0.114,0.034,0.010,0.341,0.254,0.182,0.077,0.146,0.386,0.181,0.425,0.512,0.752,0.363,0.547,0.352,0.176,0.216,0.543,0.110,0.499,0.414,0.580,0.273,0.066,0.047,0.077,0.102,0.177,0.258
weak-mandate-legislation,Weak-Mandate Legislation,Many reviewed laws have low public legitimacy and high override pressure after invalidation.,1.000,weak-mandate synthetic legislature,legislative-override,Judicial review with legislative supermajority override,5120,0.972,0.559,0.413,0.439,0.562,0.239,0.402,0.161,0.114,0.001,0.056,0.045,0.101,0.715,0.599,0.542,0.430,0.377,0.624,0.478,0.418,0.566,0.613,0.687,0.057,0.489,0.124,0.002,0.542,0.377,0.504,0.204,0.470,0.412,0.491,0.776,0.523,0.573,0.714,0.520,0.547,0.573,0.407,0.611,0.018,0.105,0.230,0.582,0.126,0.537,0.642,0.689,0.225,0.344,0.432,0.411,0.329,0.000,0.411,0.119,0.210,0.000,0.048,0.000,0.087,0.110,0.167,0.124,0.441,0.559,0.000,0.000,0.000,0.000,0.236,0.071,0.064,0.021,0.283,0.392,0.493,0.746,0.252,0.279,0.198,0.096,0.293,0.218,0.262,0.010,0.058,0.028,0.218,0.011,0.068,0.000,0.010,0.094,0.118,0.034,0.011,0.341,0.254,0.182,0.077,0.146,0.386,0.179,0.434,0.464,0.748,0.363,0.480,0.320,0.178,0.230,0.533,0.111,0.492,0.392,0.511,0.273,0.066,0.047,0.077,0.102,0.177,0.258
weak-mandate-legislation,Weak-Mandate Legislation,Many reviewed laws have low public legitimacy and high override pressure after invalidation.,1.000,weak-mandate synthetic legislature,accountability-retention-court,Retention-election accountability court,5120,0.969,0.564,0.405,0.445,0.562,0.253,0.402,0.161,0.111,0.001,0.053,0.030,0.101,0.715,0.599,0.542,0.430,0.377,0.624,0.478,0.418,0.566,0.613,0.687,0.057,0.489,0.124,0.004,0.542,0.377,0.504,0.204,0.470,0.413,0.493,0.776,0.525,0.575,0.714,0.526,0.555,0.580,0.408,0.600,0.039,0.104,0.231,0.583,0.115,0.534,0.649,0.687,0.219,0.335,0.438,0.417,0.331,0.000,0.417,0.107,0.224,0.000,0.056,0.000,0.137,0.304,0.191,0.183,0.436,0.564,0.000,0.000,0.000,0.000,0.216,0.117,0.000,0.036,0.273,0.336,0.496,0.736,0.153,0.293,0.188,0.085,0.309,0.216,0.255,0.013,0.061,0.026,0.216,0.010,0.071,0.000,0.008,0.085,0.124,0.033,0.010,0.341,0.254,0.182,0.077,0.146,0.386,0.180,0.437,0.478,0.748,0.488,0.445,0.288,0.177,0.215,0.535,0.109,0.493,0.394,0.509,0.273,0.066,0.047,0.077,0.102,0.177,0.258
weak-mandate-legislation,Weak-Mandate Legislation,Many reviewed laws have low public legitimacy and high override pressure after invalidation.,1.000,weak-mandate synthetic legislature,emergency-restraint-court,No emergency relief without merits review,5120,0.969,0.555,0.413,0.438,0.562,0.234,0.402,0.161,0.110,0.001,0.054,0.035,0.101,0.715,0.599,0.542,0.430,0.371,0.624,0.478,0.418,0.566,0.613,0.687,0.057,0.489,0.124,0.004,0.542,0.377,0.504,0.182,0.475,0.344,0.502,0.776,0.530,0.572,0.740,0.506,0.491,0.562,0.430,0.614,0.039,0.019,0.210,0.645,0.147,0.500,0.650,0.712,0.233,0.413,0.526,0.403,0.403,0.000,0.403,0.000,0.403,0.000,0.110,0.000,0.084,0.108,0.141,0.112,0.445,0.555,0.000,0.000,0.000,0.000,0.000,0.000,0.000,0.000,0.260,0.359,0.435,0.731,0.127,0.288,0.176,0.076,0.286,0.204,0.251,0.018,0.093,0.041,0.000,0.018,0.110,0.000,0.008,0.090,0.113,0.029,0.007,0.341,0.254,0.182,0.077,0.146,0.386,0.213,0.490,0.585,0.992,0.488,0.587,0.352,0.211,0.264,0.494,0.081,0.506,0.421,0.571,0.273,0.066,0.047,0.077,0.102,0.177,0.258
weak-mandate-legislation,Weak-Mandate Legislation,Many reviewed laws have low public legitimacy and high override pressure after invalidation.,1.000,weak-mandate synthetic legislature,randomized-merits-panels,Randomized merits panels with en banc correction,5120,0.968,0.560,0.408,0.440,0.562,0.237,0.402,0.161,0.114,0.001,0.059,0.038,0.101,0.715,0.599,0.542,0.430,0.376,0.624,0.478,0.418,0.566,0.613,0.687,0.057,0.459,0.124,0.004,0.542,0.377,0.504,0.193,0.469,0.413,0.604,0.776,0.527,0.581,0.710,0.530,0.552,0.578,0.426,0.610,0.050,0.104,0.226,0.626,0.121,0.504,0.630,0.693,0.240,0.339,0.430,0.405,0.325,0.000,0.405,0.119,0.206,0.000,0.479,0.000,0.120,0.075,0.148,0.097,0.766,0.234,0.000,0.000,0.000,0.000,0.000,0.000,0.000,0.000,0.266,0.322,0.492,0.714,0.123,0.292,0.182,0.081,0.304,0.202,0.245,0.019,0.101,0.036,0.000,0.016,0.110,0.000,0.009,0.092,0.109,0.031,0.008,0.341,0.254,0.182,0.077,0.146,0.386,0.182,0.440,0.488,0.756,0.388,0.485,0.317,0.177,0.239,0.541,0.110,0.497,0.416,0.549,0.273,0.066,0.047,0.077,0.102,0.177,0.258
weak-mandate-legislation,Weak-Mandate Legislation,Many reviewed laws have low public legitimacy and high override pressure after invalidation.,1.000,weak-mandate synthetic legislature,mandatory-written-emergency-reasoning,Mandatory written emergency reasoning,5120,0.968,0.554,0.414,0.436,0.562,0.235,0.402,0.161,0.115,0.001,0.068,0.032,0.101,0.715,0.599,0.542,0.430,0.376,0.624,0.478,0.418,0.566,0.613,0.687,0.057,0.489,0.124,0.004,0.542,0.377,0.504,0.187,0.469,0.386,0.492,0.776,0.527,0.581,0.714,0.533,0.558,0.578,0.426,0.605,0.054,0.075,0.239,0.576,0.118,0.506,0.628,0.686,0.233,0.336,0.423,0.414,0.333,0.000,0.414,0.201,0.132,0.000,0.050,0.000,0.084,0.108,0.162,0.122,0.446,0.554,0.000,0.000,0.000,0.000,0.000,0.000,0.000,0.000,0.273,0.313,0.497,0.756,0.119,0.297,0.169,0.071,0.302,0.201,0.321,0.020,0.093,0.035,0.000,0.015,0.113,0.000,0.008,0.081,0.111,0.034,0.008,0.341,0.254,0.182,0.077,0.146,0.386,0.171,0.403,0.504,0.764,0.275,0.445,0.292,0.170,0.250,0.544,0.128,0.498,0.418,0.489,0.273,0.066,0.047,0.077,0.102,0.177,0.258
weak-mandate-legislation,Weak-Mandate Legislation,Many reviewed laws have low public legitimacy and high override pressure after invalidation.,1.000,weak-mandate synthetic legislature,automatic-merits-follow-up,Automatic merits follow-up for emergency relief,5120,0.970,0.561,0.409,0.443,0.562,0.245,0.402,0.161,0.115,0.001,0.059,0.029,0.101,0.715,0.599,0.542,0.430,0.371,0.624,0.478,0.418,0.566,0.613,0.687,0.057,0.489,0.124,0.003,0.542,0.377,0.504,0.185,0.475,0.365,0.492,0.776,0.522,0.565,0.736,0.493,0.462,0.555,0.428,0.614,0.051,0.028,0.214,0.633,0.156,0.504,0.657,0.708,0.251,0.442,0.533,0.409,0.409,0.000,0.409,0.212,0.409,0.000,0.052,0.000,0.082,0.108,0.141,0.112,0.439,0.561,0.000,0.000,0.000,0.000,0.000,0.000,0.000,0.000,0.272,0.382,0.433,0.778,0.131,0.283,0.189,0.080,0.295,0.209,0.321,0.019,0.104,0.040,0.000,0.014,0.117,0.000,0.009,0.091,0.121,0.034,0.007,0.341,0.254,0.182,0.077,0.146,0.386,0.220,0.517,0.623,0.996,0.450,0.627,0.347,0.220,0.320,0.467,0.074,0.503,0.416,0.551,0.273,0.066,0.047,0.077,0.102,0.177,0.258
weak-mandate-legislation,Weak-Mandate Legislation,Many reviewed laws have low public legitimacy and high override pressure after invalidation.,1.000,weak-mandate synthetic legislature,strong-recusal-enforcement,Independent recusal enforcement with substitutes,5120,0.967,0.565,0.402,0.446,0.562,0.249,0.402,0.161,0.116,0.000,0.056,0.045,0.101,0.715,0.599,0.542,0.430,0.375,0.624,0.478,0.418,0.566,0.613,0.687,0.057,0.489,0.124,0.004,0.542,0.377,0.504,0.186,0.469,0.413,0.507,0.776,0.525,0.578,0.714,0.525,0.541,0.575,0.425,0.611,0.037,0.106,0.235,0.598,0.124,0.507,0.635,0.691,0.241,0.351,0.436,0.421,0.339,0.000,0.421,0.119,0.220,0.000,0.111,0.000,0.086,0.111,0.171,0.126,0.435,0.565,0.000,0.000,0.000,0.000,0.000,0.000,0.000,0.000,0.268,0.321,0.486,0.721,0.119,0.292,0.180,0.073,0.298,0.205,0.256,0.018,0.097,0.037,0.000,0.017,0.118,0.000,0.010,0.083,0.120,0.035,0.006,0.341,0.254,0.182,0.077,0.146,0.386,0.184,0.440,0.536,0.776,0.388,0.507,0.303,0.181,0.246,0.527,0.111,0.497,0.414,0.519,0.273,0.066,0.047,0.077,0.102,0.177,0.258
weak-mandate-legislation,Weak-Mandate Legislation,Many reviewed laws have low public legitimacy and high override pressure after invalidation.,1.000,weak-mandate synthetic legislature,jurisdiction-stripping-constraints,Jurisdiction stripping constrained by rights carveouts,5120,0.967,0.553,0.415,0.437,0.562,0.233,0.402,0.161,0.120,0.001,0.066,0.046,0.101,0.715,0.599,0.542,0.430,0.376,0.624,0.478,0.418,0.566,0.613,0.687,0.057,0.439,0.124,0.003,0.542,0.377,0.504,0.208,0.499,0.413,0.491,0.776,0.526,0.578,0.717,0.521,0.543,0.575,0.411,0.608,0.018,0.107,0.233,0.580,0.122,0.527,0.638,0.692,0.216,0.342,0.427,0.418,0.330,0.000,0.418,0.116,0.214,0.000,0.047,0.000,0.083,0.104,0.165,0.123,0.447,0.553,0.000,0.000,0.000,0.000,0.236,0.000,0.000,0.000,0.282,0.440,0.506,0.737,0.275,0.262,0.217,0.112,0.307,0.215,0.253,0.014,0.168,0.065,0.000,0.020,0.000,0.000,0.008,0.103,0.122,0.039,0.011,0.341,0.254,0.182,0.077,0.146,0.386,0.179,0.439,0.507,0.711,0.350,0.467,0.311,0.177,0.239,0.529,0.111,0.496,0.402,0.516,0.273,0.066,0.047,0.077,0.102,0.177,0.258
weak-mandate-legislation,Weak-Mandate Legislation,Many reviewed laws have low public legitimacy and high override pressure after invalidation.,1.000,weak-mandate synthetic legislature,legislative-override-window,Time-limited legislative override window,5120,0.970,0.560,0.411,0.447,0.562,0.239,0.402,0.161,0.117,0.001,0.055,0.051,0.101,0.715,0.599,0.542,0.430,0.377,0.624,0.478,0.418,0.566,0.613,0.687,0.057,0.489,0.124,0.002,0.542,0.377,0.504,0.203,0.472,0.413,0.491,0.776,0.522,0.571,0.715,0.518,0.535,0.576,0.409,0.610,0.018,0.105,0.231,0.584,0.131,0.537,0.646,0.690,0.225,0.350,0.438,0.413,0.326,0.000,0.413,0.114,0.212,0.000,0.048,0.000,0.078,0.108,0.159,0.121,0.440,0.560,0.000,0.000,0.000,0.000,0.240,0.091,0.062,0.000,0.282,0.383,0.501,0.747,0.235,0.280,0.197,0.090,0.306,0.221,0.259,0.014,0.057,0.028,0.221,0.010,0.068,0.000,0.007,0.099,0.121,0.040,0.006,0.341,0.254,0.182,0.077,0.146,0.386,0.182,0.443,0.517,0.720,0.363,0.467,0.333,0.180,0.229,0.522,0.110,0.493,0.394,0.513,0.273,0.066,0.047,0.077,0.102,0.177,0.258
weak-mandate-legislation,Weak-Mandate Legislation,Many reviewed laws have low public legitimacy and high override pressure after invalidation.,1.000,weak-mandate synthetic legislature,constitutional-remand,Constitutional remand before invalidation,5120,0.971,0.567,0.403,0.448,0.562,0.250,0.402,0.161,0.114,0.000,0.050,0.039,0.101,0.715,0.599,0.542,0.430,0.337,0.624,0.478,0.418,0.566,0.613,0.687,0.057,0.449,0.124,0.003,0.542,0.377,0.504,0.183,0.492,0.412,0.495,0.776,0.539,0.613,0.723,0.579,0.655,0.604,0.447,0.613,0.037,0.106,0.234,0.620,0.091,0.510,0.646,0.702,0.317,0.254,0.440,0.422,0.337,0.000,0.422,0.113,0.224,0.000,0.069,0.000,0.113,0.069,0.183,0.122,0.433,0.567,0.000,0.560,0.090,0.000,0.163,0.066,0.045,0.019,0.261,0.290,0.485,0.695,0.184,0.292,0.190,0.088,0.298,0.207,0.247,0.013,0.064,0.028,0.207,0.008,0.076,0.000,0.008,0.092,0.112,0.031,0.008,0.341,0.254,0.182,0.077,0.146,0.386,0.162,0.396,0.469,0.667,0.223,0.352,0.320,0.152,0.196,0.637,0.110,0.520,0.432,0.546,0.273,0.066,0.047,0.077,0.102,0.177,0.258
weak-mandate-legislation,Weak-Mandate Legislation,Many reviewed laws have low public legitimacy and high override pressure after invalidation.,1.000,weak-mandate synthetic legislature,public-interest-litigation-filter,Public-interest litigation filter,5120,0.971,0.560,0.411,0.441,0.562,0.252,0.402,0.161,0.119,0.000,0.065,0.034,0.101,0.715,0.599,0.542,0.430,0.373,0.624,0.478,0.418,0.566,0.613,0.687,0.057,0.403,0.124,0.005,0.542,0.377,0.504,0.171,0.470,0.413,0.494,0.776,0.533,0.587,0.725,0.538,0.568,0.581,0.431,0.617,0.039,0.102,0.229,0.588,0.112,0.500,0.629,0.693,0.242,0.325,0.441,0.411,0.329,0.000,0.411,0.106,0.223,0.000,0.065,0.000,0.080,0.106,0.210,0.136,0.440,0.560,0.000,0.000,0.000,0.096,0.000,0.000,0.000,0.000,0.257,0.298,0.485,0.707,0.117,0.307,0.170,0.072,0.303,0.200,0.242,0.023,0.094,0.036,0.000,0.015,0.113,0.000,0.008,0.084,0.107,0.029,0.007,0.341,0.254,0.182,0.077,0.146,0.386,0.185,0.463,0.483,0.764,0.300,0.413,0.330,0.174,0.229,0.553,0.108,0.503,0.422,0.511,0.273,0.066,0.047,0.077,0.102,0.177,0.258
weak-mandate-legislation,Weak-Mandate Legislation,Many reviewed laws have low public legitimacy and high override pressure after invalidation.,1.000,weak-mandate synthetic legislature,emergency-integrity-package,Emergency integrity package,5120,0.965,0.558,0.407,0.442,0.562,0.236,0.402,0.161,0.112,0.001,0.052,0.023,0.101,0.715,0.599,0.542,0.430,0.371,0.624,0.478,0.418,0.566,0.613,0.687,0.057,0.489,0.124,0.003,0.542,0.377,0.504,0.185,0.475,0.364,0.506,0.776,0.523,0.570,0.738,0.501,0.481,0.559,0.430,0.617,0.032,0.028,0.218,0.651,0.147,0.501,0.653,0.712,0.273,0.424,0.531,0.416,0.416,0.000,0.416,0.213,0.416,0.000,0.105,0.000,0.086,0.110,0.152,0.119,0.442,0.558,0.000,0.000,0.000,0.000,0.000,0.000,0.000,0.000,0.260,0.364,0.432,0.728,0.125,0.289,0.181,0.080,0.292,0.191,0.239,0.019,0.095,0.042,0.000,0.016,0.113,0.000,0.010,0.091,0.114,0.035,0.006,0.341,0.254,0.182,0.077,0.146,0.386,0.220,0.510,0.585,1.000,0.513,0.667,0.384,0.215,0.309,0.484,0.073,0.505,0.418,0.578,0.273,0.066,0.047,0.077,0.102,0.177,0.258
weak-mandate-legislation,Weak-Mandate Legislation,Many reviewed laws have low public legitimacy and high override pressure after invalidation.,1.000,weak-mandate synthetic legislature,remand-override-window-package,Constitutional remand with override window,5120,0.967,0.569,0.397,0.448,0.562,0.254,0.402,0.161,0.112,0.000,0.054,0.044,0.101,0.715,0.599,0.542,0.430,0.338,0.624,0.478,0.418,0.566,0.613,0.687,0.057,0.449,0.124,0.004,0.542,0.377,0.504,0.192,0.493,0.387,0.495,0.776,0.534,0.613,0.725,0.582,0.662,0.605,0.445,0.610,0.034,0.076,0.246,0.625,0.093,0.514,0.643,0.701,0.349,0.250,0.439,0.429,0.341,0.000,0.429,0.198,0.143,0.000,0.068,0.000,0.107,0.071,0.183,0.123,0.431,0.569,0.000,0.561,0.086,0.000,0.170,0.059,0.045,0.000,0.265,0.299,0.502,0.699,0.195,0.298,0.190,0.083,0.314,0.215,0.250,0.013,0.068,0.026,0.215,0.010,0.073,0.000,0.009,0.091,0.115,0.029,0.007,0.341,0.254,0.182,0.077,0.146,0.386,0.157,0.370,0.449,0.645,0.309,0.393,0.325,0.146,0.209,0.644,0.129,0.518,0.430,0.549,0.273,0.066,0.047,0.077,0.102,0.177,0.258
weak-mandate-legislation,Weak-Mandate Legislation,Many reviewed laws have low public legitimacy and high override pressure after invalidation.,1.000,weak-mandate synthetic legislature,panel-jurisdiction-safeguards,Random panels with jurisdiction safeguards,5120,0.970,0.558,0.412,0.441,0.562,0.236,0.402,0.161,0.116,0.000,0.052,0.034,0.101,0.715,0.599,0.542,0.430,0.377,0.624,0.478,0.418,0.566,0.613,0.687,0.057,0.409,0.124,0.003,0.542,0.377,0.504,0.197,0.497,0.398,0.632,0.776,0.524,0.588,0.709,0.539,0.592,0.578,0.414,0.602,0.052,0.097,0.239,0.621,0.107,0.523,0.627,0.690,0.264,0.300,0.393,0.414,0.296,0.000,0.414,0.199,0.096,0.118,0.518,0.000,0.121,0.075,0.145,0.099,0.766,0.234,0.000,0.000,0.000,0.000,0.205,0.000,0.000,0.000,0.273,0.385,0.502,0.731,0.249,0.285,0.198,0.093,0.301,0.228,0.261,0.023,0.162,0.056,0.000,0.018,0.000,0.000,0.010,0.094,0.119,0.035,0.009,0.341,0.254,0.182,0.077,0.146,0.386,0.155,0.367,0.425,0.675,0.338,0.413,0.279,0.157,0.227,0.576,0.129,0.496,0.409,0.551,0.273,0.066,0.047,0.077,0.102,0.177,0.258
weak-mandate-legislation,Weak-Mandate Legislation,Many reviewed laws have low public legitimacy and high override pressure after invalidation.,1.000,weak-mandate synthetic legislature,council-concrete-hybrid,Constitutional council with concrete-review backstop,5120,0.971,0.563,0.408,0.441,0.562,0.245,0.402,0.161,0.111,0.000,0.055,0.035,0.101,0.715,0.599,0.542,0.430,0.375,0.624,0.478,0.418,0.566,0.613,0.687,0.057,0.479,0.124,0.002,0.542,0.377,0.504,0.211,0.517,0.412,0.575,0.776,0.519,0.587,0.716,0.537,0.566,0.580,0.432,0.615,0.028,0.104,0.231,0.660,0.113,0.534,0.657,0.703,0.321,0.318,0.441,0.417,0.333,0.000,0.417,0.111,0.222,0.000,0.392,0.000,0.122,0.106,0.190,0.129,0.766,0.234,0.000,0.542,0.000,0.000,0.212,0.088,0.060,0.024,0.274,0.346,0.494,0.729,0.208,0.295,0.188,0.092,0.298,0.203,0.251,0.015,0.057,0.028,0.203,0.011,0.072,0.000,0.012,0.089,0.110,0.037,0.009,0.341,0.254,0.182,0.077,0.146,0.386,0.181,0.438,0.527,0.740,0.288,0.547,0.301,0.172,0.210,0.551,0.109,0.499,0.418,0.588,0.273,0.066,0.047,0.077,0.102,0.177,0.258
strong-mandate-legislation,Strong-Mandate Legislation,Popular legislation creates the hardest democratic-responsiveness pressure for review.,0.750,strong-mandate synthetic legislature,current-us-like,Stylized current U.S.-like supreme court,5120,0.957,0.490,0.467,0.388,0.605,0.210,0.435,0.170,0.089,0.000,0.052,0.032,0.104,0.649,0.514,0.468,0.353,0.191,0.548,0.420,0.419,0.555,0.482,0.652,0.037,0.473,0.138,0.008,0.490,0.364,0.277,0.050,0.676,0.446,0.413,0.720,0.622,0.727,0.729,0.701,0.779,0.704,0.588,0.639,0.028,0.179,0.197,0.492,0.013,0.344,0.579,0.744,0.133,0.080,0.287,0.296,0.025,0.025,0.000,0.025,0.000,0.000,0.014,0.000,0.030,0.316,0.635,0.246,0.510,0.490,0.000,0.000,0.000,0.000,0.000,0.000,0.000,0.000,0.201,0.100,0.463,0.543,0.078,0.338,0.096,0.026,0.218,0.152,0.228,0.015,0.065,0.013,0.000,0.004,0.088,0.000,0.005,0.049,0.046,0.004,0.000,0.353,0.240,0.185,0.079,0.142,0.288,0.098,0.266,0.149,0.835,0.032,0.158,0.095,0.075,0.059,0.736,0.085,0.610,0.590,0.427,0.324,0.087,0.060,0.035,0.091,0.179,0.223
strong-mandate-legislation,Strong-Mandate Legislation,Popular legislation creates the hardest democratic-responsiveness pressure for review.,0.750,strong-mandate synthetic legislature,term-limited-balanced,18-year staggered terms + regular appointments,5120,0.960,0.494,0.467,0.392,0.605,0.209,0.435,0.170,0.100,0.001,0.058,0.034,0.104,0.649,0.514,0.468,0.353,0.186,0.548,0.420,0.419,0.555,0.482,0.652,0.037,0.433,0.138,0.008,0.490,0.364,0.277,0.049,0.683,0.307,0.416,0.720,0.633,0.737,0.773,0.707,0.793,0.702,0.593,0.642,0.026,0.057,0.149,0.584,0.017,0.332,0.584,0.774,0.166,0.104,0.406,0.287,0.206,0.000,0.287,0.023,0.183,0.000,0.035,0.000,0.067,0.113,0.646,0.203,0.506,0.494,0.000,0.000,0.000,0.000,0.000,0.000,0.000,0.000,0.180,0.120,0.348,0.536,0.081,0.333,0.103,0.030,0.211,0.143,0.223,0.018,0.070,0.013,0.000,0.003,0.088,0.000,0.005,0.048,0.049,0.004,0.000,0.353,0.240,0.185,0.079,0.142,0.288,0.098,0.314,0.119,0.635,0.129,0.053,0.068,0.093,0.076,0.773,0.048,0.624,0.594,0.527,0.324,0.087,0.060,0.035,0.091,0.179,0.223
strong-mandate-legislation,Strong-Mandate Legislation,Popular legislation creates the hardest democratic-responsiveness pressure for review.,0.750,strong-mandate synthetic legislature,nonpartisan-commission,Nonpartisan commission appointments,5120,0.953,0.505,0.448,0.403,0.605,0.225,0.435,0.170,0.092,0.001,0.055,0.031,0.104,0.649,0.514,0.468,0.353,0.186,0.548,0.420,0.419,0.555,0.482,0.652,0.037,0.434,0.138,0.011,0.490,0.364,0.277,0.054,0.684,0.308,0.419,0.720,0.631,0.736,0.774,0.706,0.793,0.701,0.591,0.644,0.016,0.058,0.153,0.592,0.018,0.336,0.588,0.776,0.189,0.112,0.412,0.293,0.218,0.000,0.293,0.029,0.190,0.000,0.050,0.000,0.067,0.110,0.639,0.205,0.495,0.505,0.000,0.000,0.000,0.000,0.000,0.000,0.000,0.000,0.176,0.126,0.350,0.500,0.084,0.342,0.107,0.031,0.222,0.151,0.165,0.016,0.073,0.014,0.000,0.002,0.084,0.000,0.004,0.055,0.049,0.004,0.000,0.353,0.240,0.185,0.079,0.142,0.288,0.104,0.339,0.140,0.655,0.065,0.105,0.095,0.096,0.082,0.772,0.049,0.623,0.593,0.541,0.324,0.087,0.060,0.035,0.091,0.179,0.223
strong-mandate-legislation,Strong-Mandate Legislation,Popular legislation creates the hardest democratic-responsiveness pressure for review.,0.750,strong-mandate synthetic legislature,expanded-court-fifteen,Expanded 15-seat court,5120,0.960,0.503,0.458,0.403,0.605,0.224,0.435,0.170,0.099,0.000,0.055,0.036,0.104,0.649,0.514,0.468,0.353,0.186,0.548,0.420,0.419,0.555,0.482,0.652,0.037,0.434,0.138,0.008,0.490,0.364,0.277,0.056,0.684,0.307,0.420,0.720,0.626,0.735,0.773,0.706,0.793,0.702,0.590,0.642,0.017,0.058,0.156,0.594,0.018,0.335,0.587,0.774,0.203,0.106,0.415,0.297,0.215,0.000,0.297,0.027,0.188,0.000,0.036,0.000,0.069,0.432,0.686,0.290,0.497,0.503,0.000,0.000,0.000,0.000,0.000,0.000,0.000,0.000,0.182,0.121,0.348,0.538,0.086,0.339,0.107,0.034,0.207,0.156,0.230,0.020,0.070,0.016,0.000,0.004,0.087,0.000,0.004,0.050,0.046,0.004,0.000,0.353,0.240,0.185,0.079,0.142,0.288,0.099,0.318,0.149,0.631,0.065,0.105,0.095,0.094,0.078,0.764,0.050,0.623,0.591,0.537,0.324,0.087,0.060,0.035,0.091,0.179,0.223
strong-mandate-legislation,Strong-Mandate Legislation,Popular legislation creates the hardest democratic-responsiveness pressure for review.,0.750,strong-mandate synthetic legislature,supermajority-review,60 percent invalidation threshold,5120,0.958,0.501,0.457,0.394,0.605,0.219,0.435,0.170,0.097,0.000,0.055,0.036,0.104,0.649,0.514,0.468,0.353,0.186,0.548,0.420,0.419,0.555,0.482,0.652,0.037,0.434,0.138,0.009,0.490,0.364,0.277,0.046,0.682,0.290,0.416,0.720,0.633,0.738,0.773,0.710,0.806,0.699,0.593,0.635,0.028,0.049,0.157,0.579,0.014,0.333,0.585,0.772,0.163,0.089,0.391,0.293,0.162,0.000,0.293,0.046,0.116,0.130,0.034,0.000,0.026,0.112,0.634,0.204,0.499,0.501,0.000,0.000,0.000,0.000,0.000,0.000,0.000,0.000,0.180,0.103,0.368,0.530,0.078,0.345,0.103,0.030,0.216,0.149,0.227,0.020,0.069,0.013,0.000,0.004,0.091,0.000,0.005,0.051,0.044,0.005,0.000,0.353,0.240,0.185,0.079,0.142,0.288,0.084,0.268,0.244,0.534,0.032,0.158,0.027,0.084,0.070,0.784,0.055,0.623,0.594,0.520,0.324,0.087,0.060,0.035,0.091,0.179,0.223
strong-mandate-legislation,Strong-Mandate Legislation,Popular legislation creates the hardest democratic-responsiveness pressure for review.,0.750,strong-mandate synthetic legislature,recusal-and-emergency-reform,Peer recusal + reasoned emergency docket,5120,0.962,0.498,0.464,0.394,0.605,0.213,0.435,0.170,0.091,0.001,0.052,0.031,0.104,0.649,0.514,0.468,0.353,0.186,0.548,0.420,0.419,0.555,0.482,0.652,0.037,0.433,0.138,0.012,0.490,0.364,0.277,0.052,0.683,0.306,0.420,0.720,0.630,0.737,0.774,0.708,0.794,0.702,0.593,0.641,0.027,0.054,0.147,0.589,0.016,0.332,0.586,0.775,0.193,0.105,0.409,0.280,0.203,0.000,0.280,0.024,0.179,0.000,0.057,0.000,0.063,0.114,0.645,0.203,0.502,0.498,0.000,0.000,0.000,0.000,0.000,0.000,0.000,0.000,0.179,0.115,0.335,0.536,0.081,0.344,0.101,0.029,0.200,0.147,0.228,0.017,0.067,0.015,0.000,0.002,0.091,0.000,0.007,0.051,0.041,0.006,0.000,0.353,0.240,0.185,0.079,0.142,0.288,0.099,0.316,0.104,0.671,0.108,0.105,0.041,0.093,0.077,0.774,0.047,0.624,0.594,0.532,0.324,0.087,0.060,0.035,0.091,0.179,0.223
strong-mandate-legislation,Strong-Mandate Legislation,Popular legislation creates the hardest democratic-responsiveness pressure for review.,0.750,strong-mandate synthetic legislature,panel-en-banc,Three-judge panels with en banc correction,5120,0.961,0.504,0.458,0.402,0.605,0.216,0.435,0.170,0.094,0.001,0.052,0.032,0.104,0.649,0.514,0.468,0.353,0.185,0.548,0.420,0.419,0.555,0.482,0.652,0.037,0.404,0.138,0.009,0.490,0.364,0.277,0.052,0.684,0.307,0.505,0.720,0.629,0.737,0.773,0.706,0.792,0.702,0.593,0.643,0.027,0.057,0.152,0.634,0.016,0.333,0.588,0.779,0.203,0.109,0.414,0.291,0.211,0.000,0.291,0.029,0.183,0.000,0.489,0.000,0.236,0.072,0.563,0.169,0.820,0.180,0.000,0.000,0.000,0.000,0.000,0.000,0.000,0.000,0.172,0.121,0.339,0.494,0.085,0.338,0.111,0.033,0.211,0.151,0.167,0.021,0.079,0.016,0.000,0.003,0.077,0.000,0.006,0.058,0.048,0.003,0.000,0.353,0.240,0.185,0.079,0.142,0.288,0.102,0.322,0.154,0.647,0.065,0.316,0.122,0.095,0.080,0.775,0.049,0.624,0.595,0.582,0.324,0.087,0.060,0.035,0.091,0.179,0.223
strong-mandate-legislation,Strong-Mandate Legislation,Popular legislation creates the hardest democratic-responsiveness pressure for review.,0.750,strong-mandate synthetic legislature,cross-checking-courts,Supreme court with cross-checking constitutional court,5120,0.960,0.499,0.461,0.395,0.605,0.214,0.435,0.170,0.099,0.001,0.064,0.033,0.104,0.649,0.514,0.468,0.353,0.167,0.548,0.420,0.419,0.555,0.482,0.652,0.037,0.434,0.138,0.010,0.490,0.364,0.277,0.054,0.702,0.290,0.425,0.720,0.615,0.738,0.774,0.704,0.800,0.701,0.579,0.627,0.010,0.051,0.160,0.590,0.011,0.352,0.580,0.776,0.264,0.071,0.384,0.299,0.159,0.000,0.299,0.046,0.112,0.141,0.093,0.000,0.087,0.113,0.643,0.202,0.501,0.499,0.123,0.000,0.000,0.000,0.000,0.000,0.000,0.000,0.173,0.093,0.372,0.509,0.075,0.349,0.096,0.027,0.213,0.147,0.174,0.018,0.063,0.014,0.000,0.004,0.082,0.000,0.004,0.047,0.043,0.004,0.000,0.353,0.240,0.185,0.079,0.142,0.288,0.066,0.217,0.169,0.386,0.032,0.105,0.068,0.083,0.057,0.778,0.056,0.626,0.583,0.538,0.324,0.087,0.060,0.035,0.091,0.179,0.223
strong-mandate-legislation,Strong-Mandate Legislation,Popular legislation creates the hardest democratic-responsiveness pressure for review.,0.750,strong-mandate synthetic legislature,dual-supreme-courts,Dual supreme courts with disagreement filter,5120,0.959,0.502,0.458,0.400,0.605,0.219,0.435,0.170,0.089,0.001,0.052,0.036,0.104,0.649,0.514,0.468,0.353,0.187,0.548,0.420,0.419,0.555,0.482,0.652,0.037,0.434,0.138,0.009,0.490,0.364,0.277,0.055,0.682,0.290,0.429,0.720,0.607,0.727,0.775,0.690,0.772,0.693,0.573,0.640,0.010,0.050,0.160,0.596,0.018,0.360,0.587,0.774,0.299,0.105,0.391,0.296,0.156,0.000,0.296,0.047,0.109,0.139,0.093,0.000,0.087,0.111,0.659,0.211,0.498,0.502,0.127,0.000,0.000,0.000,0.000,0.000,0.000,0.000,0.177,0.117,0.371,0.521,0.078,0.351,0.096,0.025,0.215,0.145,0.174,0.020,0.065,0.012,0.000,0.006,0.086,0.000,0.006,0.050,0.045,0.005,0.000,0.353,0.240,0.185,0.079,0.142,0.288,0.098,0.306,0.119,0.683,0.000,0.105,0.068,0.095,0.080,0.750,0.056,0.619,0.576,0.544,0.324,0.087,0.060,0.035,0.091,0.179,0.223
strong-mandate-legislation,Strong-Mandate Legislation,Popular legislation creates the hardest democratic-responsiveness pressure for review.,0.750,strong-mandate synthetic legislature,comparative-constitutional-senates,Comparative 16-seat constitutional senates,5120,0.960,0.495,0.464,0.382,0.605,0.215,0.435,0.170,0.087,0.000,0.048,0.036,0.104,0.649,0.514,0.468,0.353,0.186,0.548,0.420,0.419,0.555,0.482,0.652,0.037,0.463,0.138,0.008,0.490,0.364,0.277,0.046,0.682,0.289,0.541,0.720,0.623,0.739,0.767,0.714,0.811,0.704,0.595,0.629,0.015,0.048,0.153,0.623,0.011,0.329,0.581,0.779,0.230,0.073,0.381,0.286,0.160,0.000,0.286,0.042,0.117,0.126,0.474,0.000,0.104,0.112,0.624,0.196,0.825,0.175,0.000,0.000,0.000,0.000,0.000,0.000,0.000,0.000,0.169,0.092,0.360,0.471,0.074,0.341,0.098,0.032,0.208,0.138,0.153,0.017,0.070,0.014,0.000,0.003,0.065,0.000,0.005,0.052,0.043,0.005,0.000,0.353,0.240,0.185,0.079,0.142,0.288,0.070,0.226,0.134,0.446,0.032,0.053,0.054,0.078,0.058,0.789,0.053,0.624,0.601,0.575,0.324,0.087,0.060,0.035,0.091,0.179,0.223
strong-mandate-legislation,Strong-Mandate Legislation,Popular legislation creates the hardest democratic-responsiveness pressure for review.,0.750,strong-mandate synthetic legislature,constitutional-council,Pre-enactment constitutional council,5120,0.963,0.502,0.461,0.406,0.605,0.217,0.435,0.170,0.091,0.001,0.051,0.032,0.104,0.649,0.514,0.468,0.353,0.183,0.548,0.420,0.419,0.555,0.482,0.652,0.037,0.424,0.138,0.011,0.490,0.364,0.277,0.052,0.722,0.307,0.462,0.720,0.625,0.742,0.778,0.711,0.797,0.702,0.603,0.640,0.021,0.055,0.148,0.644,0.017,0.341,0.599,0.787,0.251,0.099,0.419,0.284,0.207,0.000,0.284,0.023,0.184,0.000,0.325,0.000,0.097,0.075,0.615,0.189,0.825,0.175,0.000,0.269,0.000,0.000,0.056,0.012,0.029,0.000,0.176,0.131,0.346,0.505,0.128,0.337,0.106,0.034,0.206,0.157,0.171,0.013,0.049,0.010,0.157,0.002,0.054,0.000,0.004,0.052,0.051,0.004,0.000,0.353,0.240,0.185,0.079,0.142,0.288,0.093,0.305,0.119,0.594,0.065,0.053,0.027,0.092,0.070,0.778,0.048,0.630,0.606,0.595,0.324,0.087,0.060,0.035,0.091,0.179,0.223
strong-mandate-legislation,Strong-Mandate Legislation,Popular legislation creates the hardest democratic-responsiveness pressure for review.,0.750,strong-mandate synthetic legislature,legislative-override,Judicial review with legislative supermajority override,5120,0.960,0.512,0.448,0.413,0.605,0.237,0.435,0.170,0.095,0.001,0.059,0.032,0.104,0.649,0.514,0.468,0.353,0.185,0.548,0.420,0.419,0.555,0.482,0.652,0.037,0.434,0.138,0.010,0.490,0.364,0.277,0.053,0.685,0.307,0.416,0.720,0.629,0.735,0.776,0.703,0.793,0.699,0.586,0.647,0.010,0.056,0.153,0.596,0.019,0.347,0.593,0.778,0.198,0.113,0.426,0.295,0.218,0.000,0.295,0.025,0.193,0.000,0.035,0.000,0.071,0.111,0.646,0.210,0.488,0.512,0.000,0.000,0.000,0.000,0.064,0.011,0.032,0.001,0.180,0.150,0.343,0.507,0.142,0.342,0.112,0.034,0.212,0.159,0.166,0.016,0.050,0.011,0.159,0.003,0.055,0.000,0.005,0.055,0.051,0.004,0.000,0.353,0.240,0.185,0.079,0.142,0.288,0.106,0.346,0.194,0.643,0.032,0.211,0.135,0.097,0.080,0.772,0.049,0.623,0.589,0.549,0.324,0.087,0.060,0.035,0.091,0.179,0.223
strong-mandate-legislation,Strong-Mandate Legislation,Popular legislation creates the hardest democratic-responsiveness pressure for review.,0.750,strong-mandate synthetic legislature,accountability-retention-court,Retention-election accountability court,5120,0.962,0.500,0.462,0.399,0.605,0.217,0.435,0.170,0.093,0.001,0.053,0.047,0.104,0.649,0.514,0.468,0.353,0.186,0.548,0.420,0.419,0.555,0.482,0.652,0.037,0.434,0.138,0.008,0.490,0.364,0.277,0.053,0.684,0.306,0.417,0.720,0.630,0.735,0.776,0.709,0.799,0.705,0.590,0.634,0.017,0.055,0.151,0.590,0.017,0.340,0.592,0.776,0.188,0.100,0.413,0.290,0.213,0.000,0.290,0.022,0.190,0.000,0.040,0.000,0.091,0.322,0.663,0.257,0.500,0.500,0.000,0.000,0.000,0.000,0.056,0.029,0.000,0.001,0.171,0.119,0.339,0.497,0.088,0.341,0.098,0.028,0.204,0.147,0.162,0.013,0.050,0.007,0.147,0.003,0.054,0.000,0.005,0.046,0.051,0.004,0.000,0.353,0.240,0.185,0.079,0.142,0.288,0.095,0.301,0.140,0.627,0.065,0.053,0.068,0.092,0.068,0.773,0.048,0.624,0.594,0.542,0.324,0.087,0.060,0.035,0.091,0.179,0.223
strong-mandate-legislation,Strong-Mandate Legislation,Popular legislation creates the hardest democratic-responsiveness pressure for review.,0.750,strong-mandate synthetic legislature,emergency-restraint-court,No emergency relief without merits review,5120,0.961,0.499,0.463,0.400,0.605,0.216,0.435,0.170,0.090,0.000,0.046,0.040,0.104,0.649,0.514,0.468,0.353,0.183,0.548,0.420,0.419,0.555,0.482,0.652,0.037,0.434,0.138,0.009,0.490,0.364,0.277,0.042,0.686,0.242,0.424,0.720,0.635,0.740,0.791,0.709,0.797,0.702,0.597,0.643,0.017,0.006,0.141,0.623,0.019,0.328,0.588,0.788,0.203,0.111,0.451,0.281,0.281,0.000,0.281,0.000,0.281,0.000,0.082,0.000,0.066,0.109,0.628,0.200,0.501,0.499,0.000,0.000,0.000,0.000,0.000,0.000,0.000,0.000,0.163,0.115,0.301,0.492,0.084,0.344,0.098,0.031,0.200,0.151,0.159,0.020,0.066,0.017,0.000,0.003,0.076,0.000,0.005,0.052,0.042,0.003,0.000,0.353,0.240,0.185,0.079,0.142,0.288,0.103,0.310,0.104,0.779,0.065,0.053,0.068,0.101,0.076,0.784,0.039,0.631,0.601,0.575,0.324,0.087,0.060,0.035,0.091,0.179,0.223
strong-mandate-legislation,Strong-Mandate Legislation,Popular legislation creates the hardest democratic-responsiveness pressure for review.,0.750,strong-mandate synthetic legislature,randomized-merits-panels,Randomized merits panels with en banc correction,5120,0.960,0.501,0.459,0.394,0.605,0.220,0.435,0.170,0.092,0.001,0.052,0.034,0.104,0.649,0.514,0.468,0.353,0.185,0.548,0.420,0.419,0.555,0.482,0.652,0.037,0.404,0.138,0.008,0.490,0.364,0.277,0.046,0.683,0.306,0.528,0.720,0.628,0.738,0.772,0.709,0.796,0.703,0.594,0.640,0.028,0.057,0.151,0.631,0.016,0.332,0.586,0.779,0.209,0.102,0.406,0.288,0.210,0.000,0.288,0.027,0.183,0.000,0.516,0.000,0.102,0.077,0.587,0.171,0.822,0.178,0.000,0.000,0.000,0.000,0.000,0.000,0.000,0.000,0.169,0.121,0.337,0.488,0.084,0.333,0.109,0.038,0.202,0.142,0.158,0.017,0.073,0.019,0.000,0.003,0.068,0.000,0.005,0.056,0.046,0.003,0.000,0.353,0.240,0.185,0.079,0.142,0.288,0.095,0.299,0.160,0.639,0.000,0.105,0.081,0.093,0.075,0.778,0.048,0.624,0.598,0.581,0.324,0.087,0.060,0.035,0.091,0.179,0.223
strong-mandate-legislation,Strong-Mandate Legislation,Popular legislation creates the hardest democratic-responsiveness pressure for review.,0.750,strong-mandate synthetic legislature,mandatory-written-emergency-reasoning,Mandatory written emergency reasoning,5120,0.955,0.504,0.451,0.407,0.605,0.231,0.435,0.170,0.089,0.001,0.052,0.032,0.104,0.649,0.514,0.468,0.353,0.185,0.548,0.420,0.419,0.555,0.482,0.652,0.037,0.434,0.138,0.010,0.490,0.364,0.277,0.053,0.684,0.278,0.416,0.720,0.630,0.738,0.778,0.708,0.799,0.702,0.592,0.641,0.028,0.031,0.153,0.594,0.017,0.335,0.588,0.776,0.203,0.107,0.422,0.287,0.195,0.000,0.287,0.047,0.148,0.000,0.035,0.000,0.068,0.117,0.647,0.207,0.496,0.504,0.000,0.000,0.000,0.000,0.000,0.000,0.000,0.000,0.180,0.118,0.349,0.540,0.081,0.350,0.105,0.029,0.206,0.147,0.235,0.018,0.069,0.013,0.000,0.003,0.098,0.000,0.004,0.049,0.047,0.004,0.000,0.353,0.240,0.185,0.079,0.142,0.288,0.099,0.307,0.229,0.667,0.065,0.105,0.095,0.092,0.082,0.779,0.053,0.625,0.592,0.535,0.324,0.087,0.060,0.035,0.091,0.179,0.223
strong-mandate-legislation,Strong-Mandate Legislation,Popular legislation creates the hardest democratic-responsiveness pressure for review.,0.750,strong-mandate synthetic legislature,automatic-merits-follow-up,Automatic merits follow-up for emergency relief,5120,0.952,0.497,0.454,0.398,0.605,0.215,0.435,0.170,0.083,0.000,0.049,0.033,0.104,0.649,0.514,0.468,0.353,0.184,0.548,0.420,0.419,0.555,0.482,0.652,0.037,0.434,0.138,0.010,0.490,0.364,0.277,0.049,0.686,0.262,0.416,0.720,0.631,0.738,0.785,0.705,0.791,0.699,0.594,0.646,0.026,0.011,0.143,0.612,0.019,0.332,0.588,0.782,0.217,0.119,0.449,0.283,0.283,0.000,0.283,0.049,0.283,0.000,0.035,0.000,0.068,0.112,0.640,0.203,0.503,0.497,0.000,0.000,0.000,0.000,0.000,0.000,0.000,0.000,0.176,0.129,0.313,0.542,0.085,0.335,0.104,0.031,0.204,0.145,0.224,0.018,0.067,0.015,0.000,0.002,0.092,0.000,0.004,0.053,0.046,0.004,0.000,0.353,0.240,0.185,0.079,0.142,0.288,0.113,0.332,0.224,0.827,0.097,0.158,0.095,0.104,0.091,0.776,0.049,0.628,0.594,0.556,0.324,0.087,0.060,0.035,0.091,0.179,0.223
strong-mandate-legislation,Strong-Mandate Legislation,Popular legislation creates the hardest democratic-responsiveness pressure for review.,0.750,strong-mandate synthetic legislature,strong-recusal-enforcement,Independent recusal enforcement with substitutes,5120,0.959,0.496,0.463,0.392,0.605,0.211,0.435,0.170,0.096,0.002,0.056,0.040,0.104,0.649,0.514,0.468,0.353,0.186,0.548,0.420,0.419,0.555,0.482,0.652,0.037,0.434,0.138,0.010,0.490,0.364,0.277,0.053,0.683,0.307,0.427,0.720,0.627,0.736,0.774,0.707,0.794,0.702,0.592,0.641,0.014,0.059,0.157,0.598,0.018,0.333,0.586,0.776,0.209,0.107,0.404,0.301,0.221,0.000,0.301,0.027,0.194,0.000,0.083,0.000,0.068,0.111,0.654,0.205,0.504,0.496,0.000,0.000,0.000,0.000,0.000,0.000,0.000,0.000,0.175,0.128,0.348,0.499,0.084,0.333,0.114,0.034,0.209,0.145,0.165,0.019,0.078,0.016,0.000,0.004,0.080,0.000,0.005,0.055,0.050,0.005,0.000,0.353,0.240,0.185,0.079,0.142,0.288,0.099,0.321,0.090,0.639,0.032,0.211,0.081,0.094,0.078,0.773,0.049,0.623,0.593,0.547,0.324,0.087,0.060,0.035,0.091,0.179,0.223
strong-mandate-legislation,Strong-Mandate Legislation,Popular legislation creates the hardest democratic-responsiveness pressure for review.,0.750,strong-mandate synthetic legislature,jurisdiction-stripping-constraints,Jurisdiction stripping constrained by rights carveouts,5120,0.964,0.510,0.454,0.406,0.605,0.228,0.435,0.170,0.088,0.001,0.052,0.036,0.104,0.649,0.514,0.468,0.353,0.185,0.548,0.420,0.419,0.555,0.482,0.652,0.037,0.384,0.138,0.011,0.490,0.364,0.277,0.059,0.714,0.307,0.416,0.720,0.634,0.740,0.781,0.705,0.795,0.701,0.590,0.646,0.010,0.057,0.151,0.593,0.017,0.341,0.592,0.782,0.189,0.111,0.415,0.288,0.205,0.000,0.288,0.021,0.184,0.000,0.035,0.000,0.062,0.111,0.645,0.210,0.490,0.510,0.000,0.000,0.000,0.000,0.061,0.000,0.000,0.000,0.170,0.149,0.346,0.497,0.121,0.347,0.110,0.035,0.207,0.143,0.162,0.021,0.099,0.019,0.000,0.004,0.000,0.000,0.005,0.057,0.043,0.004,0.000,0.353,0.240,0.185,0.079,0.142,0.288,0.105,0.322,0.160,0.719,0.000,0.263,0.135,0.096,0.080,0.774,0.047,0.625,0.603,0.552,0.324,0.087,0.060,0.035,0.091,0.179,0.223
strong-mandate-legislation,Strong-Mandate Legislation,Popular legislation creates the hardest democratic-responsiveness pressure for review.,0.750,strong-mandate synthetic legislature,legislative-override-window,Time-limited legislative override window,5120,0.958,0.505,0.453,0.399,0.605,0.227,0.435,0.170,0.091,0.001,0.046,0.046,0.104,0.649,0.514,0.468,0.353,0.186,0.548,0.420,0.419,0.555,0.482,0.652,0.037,0.434,0.138,0.012,0.490,0.364,0.277,0.053,0.684,0.306,0.417,0.720,0.629,0.734,0.776,0.704,0.793,0.700,0.586,0.644,0.010,0.055,0.147,0.591,0.020,0.345,0.592,0.778,0.195,0.111,0.411,0.280,0.208,0.000,0.280,0.024,0.184,0.000,0.038,0.000,0.067,0.110,0.642,0.207,0.495,0.505,0.000,0.000,0.000,0.000,0.065,0.015,0.029,0.000,0.178,0.144,0.340,0.510,0.134,0.343,0.110,0.036,0.204,0.154,0.170,0.012,0.051,0.009,0.154,0.003,0.052,0.000,0.004,0.053,0.054,0.004,0.000,0.353,0.240,0.185,0.079,0.142,0.288,0.103,0.331,0.149,0.675,0.065,0.158,0.027,0.096,0.078,0.773,0.048,0.622,0.590,0.544,0.324,0.087,0.060,0.035,0.091,0.179,0.223
strong-mandate-legislation,Strong-Mandate Legislation,Popular legislation creates the hardest democratic-responsiveness pressure for review.,0.750,strong-mandate synthetic legislature,constitutional-remand,Constitutional remand before invalidation,5120,0.958,0.505,0.453,0.395,0.605,0.215,0.435,0.170,0.096,0.001,0.056,0.038,0.104,0.649,0.514,0.468,0.353,0.153,0.548,0.420,0.419,0.555,0.482,0.652,0.037,0.394,0.138,0.009,0.490,0.364,0.277,0.046,0.695,0.306,0.419,0.720,0.628,0.748,0.782,0.722,0.812,0.713,0.610,0.635,0.017,0.057,0.154,0.612,0.011,0.330,0.599,0.785,0.261,0.072,0.415,0.298,0.218,0.000,0.298,0.022,0.196,0.000,0.049,0.000,0.086,0.072,0.658,0.202,0.495,0.505,0.000,0.302,0.029,0.000,0.042,0.011,0.020,0.001,0.167,0.105,0.340,0.478,0.111,0.338,0.111,0.033,0.209,0.155,0.163,0.013,0.051,0.011,0.155,0.003,0.049,0.000,0.005,0.060,0.045,0.003,0.000,0.353,0.240,0.185,0.079,0.142,0.288,0.084,0.266,0.113,0.572,0.000,0.105,0.048,0.084,0.059,0.791,0.048,0.635,0.614,0.564,0.324,0.087,0.060,0.035,0.091,0.179,0.223
strong-mandate-legislation,Strong-Mandate Legislation,Popular legislation creates the hardest democratic-responsiveness pressure for review.,0.750,strong-mandate synthetic legislature,public-interest-litigation-filter,Public-interest litigation filter,5120,0.959,0.504,0.455,0.400,0.605,0.222,0.435,0.170,0.093,0.000,0.058,0.034,0.104,0.649,0.514,0.468,0.353,0.186,0.548,0.420,0.419,0.555,0.482,0.652,0.037,0.348,0.138,0.012,0.490,0.364,0.277,0.052,0.683,0.306,0.418,0.720,0.629,0.737,0.782,0.707,0.794,0.702,0.592,0.645,0.017,0.058,0.153,0.593,0.017,0.334,0.588,0.776,0.211,0.108,0.407,0.294,0.214,0.000,0.294,0.024,0.190,0.000,0.049,0.000,0.068,0.108,0.639,0.202,0.496,0.504,0.000,0.000,0.000,0.101,0.000,0.000,0.000,0.000,0.169,0.126,0.342,0.501,0.084,0.339,0.109,0.032,0.204,0.151,0.167,0.020,0.074,0.015,0.000,0.003,0.076,0.000,0.004,0.057,0.050,0.004,0.000,0.353,0.240,0.185,0.079,0.142,0.288,0.105,0.337,0.229,0.655,0.032,0.105,0.095,0.095,0.079,0.774,0.049,0.623,0.595,0.542,0.324,0.087,0.060,0.035,0.091,0.179,0.223
strong-mandate-legislation,Strong-Mandate Legislation,Popular legislation creates the hardest democratic-responsiveness pressure for review.,0.750,strong-mandate synthetic legislature,emergency-integrity-package,Emergency integrity package,5120,0.955,0.503,0.452,0.397,0.605,0.219,0.435,0.170,0.095,0.001,0.052,0.036,0.104,0.649,0.514,0.468,0.353,0.183,0.548,0.420,0.419,0.555,0.482,0.652,0.037,0.434,0.138,0.010,0.490,0.364,0.277,0.044,0.686,0.263,0.427,0.720,0.629,0.740,0.787,0.710,0.800,0.702,0.594,0.644,0.014,0.011,0.145,0.625,0.018,0.332,0.589,0.786,0.240,0.108,0.445,0.287,0.287,0.000,0.287,0.050,0.287,0.000,0.083,0.000,0.063,0.111,0.646,0.208,0.497,0.503,0.000,0.000,0.000,0.000,0.000,0.000,0.000,0.000,0.166,0.112,0.312,0.490,0.081,0.348,0.096,0.032,0.211,0.146,0.161,0.020,0.063,0.017,0.000,0.003,0.079,0.000,0.005,0.048,0.046,0.004,0.000,0.353,0.240,0.185,0.079,0.142,0.288,0.104,0.314,0.199,0.751,0.097,0.053,0.041,0.101,0.083,0.784,0.050,0.629,0.598,0.577,0.324,0.087,0.060,0.035,0.091,0.179,0.223
strong-mandate-legislation,Strong-Mandate Legislation,Popular legislation creates the hardest democratic-responsiveness pressure for review.,0.750,strong-mandate synthetic legislature,remand-override-window-package,Constitutional remand with override window,5120,0.953,0.507,0.446,0.404,0.605,0.220,0.435,0.170,0.093,0.001,0.056,0.034,0.104,0.649,0.514,0.468,0.353,0.154,0.548,0.420,0.419,0.555,0.482,0.652,0.037,0.394,0.138,0.011,0.490,0.364,0.277,0.051,0.695,0.278,0.419,0.720,0.625,0.749,0.787,0.723,0.818,0.712,0.609,0.636,0.015,0.032,0.154,0.617,0.012,0.331,0.599,0.787,0.289,0.074,0.419,0.292,0.190,0.000,0.292,0.041,0.150,0.000,0.051,0.000,0.092,0.074,0.652,0.202,0.493,0.507,0.000,0.303,0.029,0.000,0.039,0.006,0.021,0.000,0.167,0.107,0.352,0.479,0.111,0.345,0.112,0.032,0.212,0.152,0.167,0.016,0.057,0.010,0.152,0.002,0.046,0.000,0.006,0.056,0.043,0.004,0.000,0.353,0.240,0.185,0.079,0.142,0.288,0.083,0.267,0.084,0.540,0.032,0.129,0.089,0.081,0.064,0.798,0.052,0.635,0.615,0.569,0.324,0.087,0.060,0.035,0.091,0.179,0.223
strong-mandate-legislation,Strong-Mandate Legislation,Popular legislation creates the hardest democratic-responsiveness pressure for review.,0.750,strong-mandate synthetic legislature,panel-jurisdiction-safeguards,Random panels with jurisdiction safeguards,5120,0.962,0.503,0.459,0.396,0.605,0.217,0.435,0.170,0.095,0.002,0.054,0.045,0.104,0.649,0.514,0.468,0.353,0.186,0.548,0.420,0.419,0.555,0.482,0.652,0.037,0.354,0.138,0.009,0.490,0.364,0.277,0.057,0.712,0.290,0.552,0.720,0.626,0.740,0.774,0.707,0.802,0.697,0.590,0.636,0.026,0.051,0.158,0.631,0.015,0.339,0.587,0.781,0.233,0.096,0.387,0.294,0.155,0.000,0.294,0.047,0.108,0.139,0.543,0.000,0.098,0.072,0.581,0.171,0.816,0.184,0.000,0.000,0.000,0.000,0.059,0.000,0.000,0.000,0.168,0.137,0.367,0.492,0.120,0.336,0.111,0.037,0.205,0.150,0.159,0.025,0.096,0.021,0.000,0.002,0.000,0.000,0.004,0.056,0.048,0.005,0.000,0.353,0.240,0.185,0.079,0.142,0.288,0.088,0.278,0.104,0.566,0.065,0.000,0.162,0.086,0.074,0.784,0.055,0.623,0.603,0.586,0.324,0.087,0.060,0.035,0.091,0.179,0.223
strong-mandate-legislation,Strong-Mandate Legislation,Popular legislation creates the hardest democratic-responsiveness pressure for review.,0.750,strong-mandate synthetic legislature,council-concrete-hybrid,Constitutional council with concrete-review backstop,5120,0.960,0.499,0.461,0.400,0.605,0.213,0.435,0.170,0.093,0.001,0.057,0.037,0.104,0.649,0.514,0.468,0.353,0.183,0.548,0.420,0.419,0.555,0.482,0.652,0.037,0.424,0.138,0.010,0.490,0.364,0.277,0.049,0.722,0.307,0.496,0.720,0.623,0.744,0.776,0.715,0.803,0.706,0.605,0.635,0.013,0.055,0.148,0.641,0.015,0.336,0.597,0.788,0.264,0.085,0.410,0.282,0.207,0.000,0.282,0.022,0.185,0.000,0.408,0.000,0.104,0.110,0.633,0.199,0.819,0.181,0.000,0.269,0.000,0.000,0.045,0.009,0.025,0.000,0.171,0.115,0.342,0.485,0.122,0.341,0.103,0.034,0.209,0.153,0.156,0.017,0.046,0.012,0.153,0.001,0.047,0.000,0.005,0.052,0.049,0.004,0.000,0.353,0.240,0.185,0.079,0.142,0.288,0.081,0.265,0.104,0.514,0.032,0.053,0.081,0.087,0.061,0.782,0.048,0.631,0.611,0.596,0.324,0.087,0.060,0.035,0.091,0.179,0.223
