caseKey,caseName,caseDescription,caseWeight,legislativeSource,scenarioKey,scenario,totalCases,petitionFiledRate,admissionRate,screenOutRate,meritsTransferRate,certiorariPathRate,certiorariAdmissionRate,paidPetitionRate,ifpPetitionRate,paidCertPetitionShare,ifpCertPetitionShare,courtRequestedResponseRate,cvsgRequestRate,paidCfrRequestRate,ifpCfrRequestRate,solicitorGeneralSignalRate,amicusIntensity,lowerCourtSplitDepth,genuineLowerCourtSplitRate,lowerCourtIdeologicalDrift,lowerCourtResistanceRisk,splitMaturity,relistRate,specialistCounselRate,barCapital,claimStrength,vehicleQuality,vehicleDefectRisk,forumShoppingPressure,preReviewSettlementPressure,settledBeforeReviewRate,strategicPlaintiffSelection,repeatPlayerAdvantage,governmentNoncomplianceRisk,governmentNoncomplianceRate,enforcementCapacity,emergencyOpportunism,recusalIncentivePressure,conditionalReversalProbability,directionalScore,rightsPriorityScore,emergencyRestraintScore,democraticResponsivenessPriorityScore,legalStabilityPriorityScore,lowConflictScore,administrativeFeasibilityScore,emergencyProcessIrregularity,processLegitimacyProxy,stabilityRightsScore,legitimacyControlScore,legalStability,precedentStability,statutoryStability,interbranchCompliance,rightsProtection,partisanAlignment,shadowDocketAbuse,emergencyLegitimacyRisk,legitimacy,reversalRate,constitutionalConflict,democraticResponsiveness,independenceAccountabilityBalance,administrativeCost,invalidationRate,meritsReviewRate,emergencyOrderRate,emergencyGrantRate,emergencyGrantConditionalRate,emergencyGrantPerEmergencyStayDocket,shadowReliefRate,reasonedEmergencyOrderRate,temporaryStayRate,meritsAccelerationRate,meritsAccelerationPerEmergencyStayDocket,expiredEmergencyOrderRate,recusalRate,quorumFailureRate,justiceReplacementRate,concurrenceRate,dissentRate,fragmentationIndex,panelRate,enBancRate,crossCheckDisagreementRate,councilWarningRate,constitutionalRemandRate,publicInterestFilteredRate,overrideAttemptRate,overrideRate,rightsCarveoutBlockRate,repeatedOverrideRate,strategicPressure,legislativeDefiance,executiveEmergencyStrategy,appointmentManipulationPressure,overrideAdaptation,repeatPlayerLearning,emergencyIncentiveLearning,complianceLearning,legislativeComplianceRate,legislativeEvasionRate,delayedReenactmentStrategyRate,executiveEmergencyFloodRate,overrideCampaignRate,appointmentPressureCampaignRate,formalRepealRate,formalReplacementRate,formalNarrowedReenactmentRate,formalWeakOverrideRate,formalAmendmentRate,formalCourtCurbingRate,formalOpenDefianceRate,practicalDelayRate,practicalAdministrativeSubstitutionRate,practicalSymbolicComplianceRate,practicalBureaucraticResistanceRate,practicalOpenNoncomplianceRate,individualOneShotClaimantRate,organizedRightsClaimantRate,businessRepeatPlayerClaimantRate,governmentClaimantRate,expertBarClinicClaimantRate,rightsClaimantCaseRate,rightsClaimantSuccess,emergencyRightsClaimantSuccess,rightsDomainClaimantSuccess,structuralDomainClaimantSuccess,electionDomainClaimantSuccess,executivePowerDomainClaimantSuccess,administrativeDomainClaimantSuccess,economicDomainClaimantSuccess,doctrinalDepth,remedialBreadth,precedentDurability,emergencyDownstreamEffect,lowerCourtCompliance,eliteAcceptance,publicConfidence,facialChallengeRate,asAppliedChallengeRate,electionDisputeRate,emergencyStayDocketRate,executivePowerDisputeRate,administrativeLawRate,rightsClaimRate
baseline,Baseline,"Moderate polarization, ordinary emergency pressure, and neutral legislative output.",1.000,neutral synthetic legislature,current-us-like,Stylized current U.S.-like supreme court,5120,0.918,0.495,0.423,0.387,0.590,0.184,0.192,0.398,0.325,0.675,0.101,0.002,0.056,0.038,0.099,0.681,0.547,0.501,0.389,0.258,0.577,0.435,0.415,0.558,0.517,0.663,0.042,0.505,0.134,0.007,0.508,0.369,0.344,0.105,0.598,0.494,0.445,0.738,0.592,0.456,0.484,0.626,0.677,0.765,0.704,0.232,0.384,0.682,0.693,0.658,0.743,0.670,0.526,0.637,0.034,0.232,0.248,0.462,0.029,0.411,0.572,0.701,0.138,0.104,0.263,0.365,0.052,0.144,0.862,0.052,0.000,0.052,0.000,0.000,0.000,0.014,0.000,0.034,0.311,0.520,0.230,0.505,0.495,0.000,0.000,0.000,0.000,0.000,0.000,0.000,0.000,0.237,0.147,0.573,0.626,0.082,0.461,0.396,0.564,0.317,0.113,0.033,0.256,0.153,0.254,0.016,0.072,0.015,0.000,0.010,0.101,0.000,0.005,0.055,0.062,0.010,0.000,0.352,0.241,0.188,0.073,0.146,0.305,0.129,0.729,0.338,0.351,0.967,0.278,0.375,0.157,0.087,0.079,0.692,0.120,0.567,0.523,0.384,0.306,0.085,0.053,0.061,0.094,0.174,0.227
baseline,Baseline,"Moderate polarization, ordinary emergency pressure, and neutral legislative output.",1.000,neutral synthetic legislature,term-limited-balanced,18-year staggered terms + regular appointments,5120,0.919,0.500,0.419,0.384,0.590,0.187,0.192,0.398,0.325,0.675,0.096,0.000,0.056,0.036,0.099,0.681,0.547,0.501,0.389,0.250,0.577,0.435,0.415,0.558,0.517,0.663,0.042,0.464,0.134,0.012,0.508,0.369,0.344,0.084,0.605,0.351,0.449,0.738,0.607,0.461,0.645,0.656,0.690,0.786,0.726,0.077,0.501,0.694,0.747,0.665,0.753,0.667,0.541,0.638,0.035,0.077,0.187,0.569,0.039,0.383,0.585,0.742,0.175,0.155,0.390,0.350,0.255,0.728,4.196,0.000,0.350,0.047,0.207,3.415,0.000,0.039,0.000,0.071,0.111,0.521,0.187,0.500,0.500,0.000,0.000,0.000,0.000,0.000,0.000,0.000,0.000,0.213,0.171,0.421,0.625,0.090,0.447,0.281,0.577,0.316,0.121,0.039,0.249,0.152,0.262,0.019,0.079,0.019,0.000,0.006,0.093,0.000,0.006,0.062,0.062,0.010,0.000,0.352,0.241,0.188,0.073,0.146,0.305,0.127,0.728,0.387,0.409,0.750,0.167,0.156,0.163,0.112,0.112,0.731,0.071,0.585,0.538,0.501,0.306,0.085,0.053,0.061,0.094,0.174,0.227
baseline,Baseline,"Moderate polarization, ordinary emergency pressure, and neutral legislative output.",1.000,neutral synthetic legislature,nonpartisan-commission,Nonpartisan commission appointments,5120,0.919,0.495,0.424,0.390,0.590,0.175,0.192,0.398,0.325,0.675,0.101,0.001,0.065,0.031,0.099,0.681,0.547,0.501,0.389,0.249,0.577,0.435,0.415,0.558,0.517,0.663,0.042,0.463,0.134,0.010,0.508,0.369,0.344,0.076,0.606,0.350,0.451,0.738,0.606,0.469,0.645,0.660,0.690,0.792,0.722,0.074,0.517,0.695,0.752,0.664,0.747,0.667,0.544,0.638,0.022,0.074,0.182,0.576,0.039,0.379,0.584,0.747,0.193,0.156,0.396,0.338,0.249,0.735,4.093,0.000,0.338,0.045,0.204,3.354,0.000,0.057,0.000,0.069,0.111,0.518,0.184,0.505,0.495,0.000,0.000,0.000,0.000,0.000,0.000,0.000,0.000,0.201,0.167,0.412,0.570,0.091,0.447,0.277,0.580,0.315,0.116,0.038,0.238,0.150,0.176,0.014,0.073,0.017,0.000,0.006,0.095,0.000,0.006,0.059,0.064,0.007,0.000,0.352,0.241,0.188,0.073,0.146,0.305,0.130,0.735,0.388,0.395,0.758,0.222,0.313,0.182,0.112,0.112,0.727,0.069,0.589,0.541,0.517,0.306,0.085,0.053,0.061,0.094,0.174,0.227
baseline,Baseline,"Moderate polarization, ordinary emergency pressure, and neutral legislative output.",1.000,neutral synthetic legislature,expanded-court-fifteen,Expanded 15-seat court,5120,0.924,0.492,0.433,0.388,0.590,0.182,0.192,0.398,0.325,0.675,0.102,0.002,0.060,0.040,0.099,0.681,0.547,0.501,0.389,0.249,0.577,0.435,0.415,0.558,0.517,0.663,0.042,0.463,0.134,0.009,0.508,0.369,0.344,0.071,0.606,0.351,0.453,0.738,0.602,0.469,0.643,0.659,0.691,0.792,0.719,0.074,0.512,0.694,0.751,0.667,0.753,0.668,0.544,0.634,0.023,0.074,0.182,0.577,0.038,0.379,0.581,0.746,0.206,0.150,0.393,0.335,0.248,0.740,4.084,0.000,0.335,0.047,0.201,3.302,0.000,0.042,0.000,0.071,0.418,0.554,0.262,0.508,0.492,0.000,0.000,0.000,0.000,0.000,0.000,0.000,0.000,0.208,0.165,0.414,0.613,0.088,0.446,0.278,0.580,0.308,0.121,0.041,0.245,0.144,0.240,0.017,0.073,0.018,0.000,0.006,0.100,0.000,0.006,0.060,0.067,0.010,0.000,0.352,0.241,0.188,0.073,0.146,0.305,0.123,0.711,0.355,0.433,0.746,0.222,0.188,0.195,0.109,0.109,0.724,0.070,0.590,0.540,0.512,0.306,0.085,0.053,0.061,0.094,0.174,0.227
baseline,Baseline,"Moderate polarization, ordinary emergency pressure, and neutral legislative output.",1.000,neutral synthetic legislature,supermajority-review,60 percent invalidation threshold,5120,0.923,0.496,0.427,0.383,0.590,0.190,0.192,0.398,0.325,0.675,0.098,0.002,0.067,0.034,0.099,0.681,0.547,0.501,0.389,0.250,0.577,0.435,0.415,0.558,0.517,0.663,0.042,0.462,0.134,0.011,0.508,0.369,0.344,0.070,0.604,0.334,0.449,0.738,0.609,0.467,0.631,0.657,0.697,0.789,0.730,0.068,0.490,0.697,0.749,0.672,0.771,0.666,0.544,0.628,0.034,0.068,0.189,0.559,0.032,0.379,0.578,0.741,0.169,0.128,0.362,0.341,0.201,0.588,3.302,0.000,0.341,0.086,0.114,1.884,0.141,0.041,0.000,0.028,0.108,0.506,0.183,0.504,0.496,0.000,0.000,0.000,0.000,0.000,0.000,0.000,0.000,0.208,0.140,0.428,0.614,0.084,0.446,0.281,0.578,0.324,0.111,0.034,0.241,0.148,0.263,0.018,0.069,0.017,0.000,0.005,0.098,0.000,0.007,0.054,0.058,0.006,0.000,0.352,0.241,0.188,0.073,0.146,0.305,0.107,0.570,0.299,0.412,0.660,0.306,0.281,0.149,0.097,0.101,0.748,0.080,0.587,0.542,0.490,0.306,0.085,0.053,0.061,0.094,0.174,0.227
baseline,Baseline,"Moderate polarization, ordinary emergency pressure, and neutral legislative output.",1.000,neutral synthetic legislature,recusal-and-emergency-reform,Peer recusal + reasoned emergency docket,5120,0.925,0.499,0.427,0.399,0.590,0.189,0.192,0.398,0.325,0.675,0.096,0.002,0.060,0.039,0.099,0.681,0.547,0.501,0.389,0.249,0.577,0.435,0.415,0.558,0.517,0.663,0.042,0.463,0.134,0.009,0.508,0.369,0.344,0.079,0.606,0.350,0.453,0.738,0.604,0.492,0.647,0.659,0.690,0.788,0.720,0.073,0.514,0.694,0.749,0.664,0.749,0.667,0.542,0.638,0.034,0.073,0.184,0.581,0.040,0.382,0.584,0.745,0.202,0.155,0.408,0.344,0.255,0.743,4.206,0.000,0.344,0.042,0.214,3.521,0.000,0.067,0.000,0.071,0.112,0.522,0.187,0.501,0.499,0.000,0.000,0.000,0.000,0.000,0.000,0.000,0.000,0.211,0.169,0.418,0.618,0.091,0.447,0.279,0.579,0.315,0.124,0.041,0.244,0.150,0.251,0.017,0.078,0.020,0.000,0.005,0.097,0.000,0.005,0.060,0.066,0.008,0.000,0.352,0.241,0.188,0.073,0.146,0.305,0.130,0.723,0.390,0.412,0.746,0.361,0.375,0.154,0.112,0.111,0.728,0.069,0.589,0.538,0.514,0.306,0.085,0.053,0.061,0.094,0.174,0.227
baseline,Baseline,"Moderate polarization, ordinary emergency pressure, and neutral legislative output.",1.000,neutral synthetic legislature,panel-en-banc,Three-judge panels with en banc correction,5120,0.921,0.504,0.416,0.402,0.590,0.189,0.192,0.398,0.325,0.675,0.102,0.001,0.061,0.039,0.099,0.681,0.547,0.501,0.389,0.248,0.577,0.435,0.415,0.558,0.517,0.663,0.042,0.433,0.134,0.011,0.508,0.369,0.344,0.070,0.606,0.350,0.535,0.738,0.604,0.461,0.644,0.670,0.692,0.791,0.702,0.077,0.558,0.696,0.750,0.667,0.753,0.668,0.545,0.638,0.037,0.077,0.185,0.620,0.040,0.380,0.586,0.749,0.211,0.153,0.401,0.346,0.255,0.738,4.203,0.000,0.346,0.052,0.203,3.344,0.000,0.477,0.000,0.261,0.071,0.466,0.152,0.807,0.193,0.000,0.000,0.000,0.000,0.000,0.000,0.000,0.000,0.198,0.160,0.402,0.571,0.091,0.436,0.274,0.580,0.325,0.114,0.041,0.236,0.145,0.186,0.021,0.070,0.019,0.000,0.004,0.093,0.000,0.005,0.057,0.058,0.008,0.000,0.352,0.241,0.188,0.073,0.146,0.305,0.126,0.716,0.371,0.464,0.750,0.111,0.313,0.165,0.112,0.112,0.735,0.071,0.590,0.543,0.558,0.306,0.085,0.053,0.061,0.094,0.174,0.227
baseline,Baseline,"Moderate polarization, ordinary emergency pressure, and neutral legislative output.",1.000,neutral synthetic legislature,cross-checking-courts,Supreme court with cross-checking constitutional court,5120,0.927,0.510,0.417,0.404,0.590,0.199,0.192,0.398,0.325,0.675,0.100,0.001,0.040,0.037,0.099,0.681,0.547,0.501,0.389,0.229,0.577,0.435,0.415,0.558,0.517,0.663,0.042,0.463,0.134,0.009,0.508,0.369,0.344,0.080,0.625,0.335,0.460,0.738,0.589,0.418,0.634,0.657,0.693,0.787,0.711,0.069,0.522,0.699,0.750,0.667,0.772,0.668,0.527,0.622,0.016,0.069,0.196,0.584,0.026,0.406,0.576,0.745,0.276,0.106,0.383,0.359,0.201,0.562,3.315,0.000,0.359,0.078,0.124,2.039,0.157,0.109,0.000,0.087,0.109,0.522,0.187,0.490,0.510,0.132,0.000,0.000,0.000,0.000,0.000,0.000,0.000,0.201,0.135,0.446,0.577,0.080,0.446,0.287,0.581,0.329,0.114,0.036,0.252,0.145,0.189,0.017,0.072,0.016,0.000,0.010,0.098,0.000,0.006,0.058,0.067,0.007,0.000,0.352,0.241,0.188,0.073,0.146,0.305,0.085,0.421,0.264,0.275,0.439,0.167,0.156,0.146,0.099,0.085,0.749,0.081,0.591,0.525,0.522,0.306,0.085,0.053,0.061,0.094,0.174,0.227
baseline,Baseline,"Moderate polarization, ordinary emergency pressure, and neutral legislative output.",1.000,neutral synthetic legislature,dual-supreme-courts,Dual supreme courts with disagreement filter,5120,0.922,0.502,0.420,0.395,0.590,0.189,0.192,0.398,0.325,0.675,0.100,0.002,0.067,0.041,0.099,0.681,0.547,0.501,0.389,0.251,0.577,0.435,0.415,0.558,0.517,0.663,0.042,0.464,0.134,0.010,0.508,0.369,0.344,0.087,0.604,0.334,0.464,0.738,0.578,0.472,0.631,0.654,0.671,0.781,0.700,0.067,0.524,0.683,0.751,0.644,0.720,0.657,0.520,0.636,0.015,0.067,0.189,0.585,0.039,0.412,0.585,0.743,0.307,0.151,0.375,0.342,0.191,0.559,3.148,0.000,0.342,0.079,0.113,1.852,0.151,0.111,0.000,0.090,0.110,0.528,0.187,0.498,0.502,0.137,0.000,0.000,0.000,0.000,0.000,0.000,0.000,0.208,0.177,0.434,0.601,0.090,0.447,0.282,0.568,0.312,0.123,0.040,0.245,0.153,0.191,0.018,0.077,0.017,0.000,0.012,0.097,0.000,0.007,0.064,0.067,0.009,0.000,0.352,0.241,0.188,0.073,0.146,0.305,0.124,0.672,0.363,0.468,0.746,0.222,0.188,0.146,0.112,0.115,0.699,0.079,0.581,0.517,0.524,0.306,0.085,0.053,0.061,0.094,0.174,0.227
baseline,Baseline,"Moderate polarization, ordinary emergency pressure, and neutral legislative output.",1.000,neutral synthetic legislature,comparative-constitutional-senates,Comparative 16-seat constitutional senates,5120,0.919,0.489,0.430,0.387,0.590,0.178,0.192,0.398,0.325,0.675,0.092,0.002,0.040,0.035,0.099,0.681,0.547,0.501,0.389,0.250,0.577,0.435,0.415,0.558,0.517,0.663,0.042,0.492,0.134,0.011,0.508,0.369,0.344,0.076,0.604,0.334,0.567,0.738,0.599,0.436,0.630,0.665,0.702,0.792,0.693,0.066,0.548,0.700,0.742,0.676,0.779,0.670,0.545,0.629,0.020,0.066,0.188,0.607,0.027,0.376,0.575,0.747,0.236,0.113,0.362,0.338,0.191,0.564,3.141,0.000,0.338,0.081,0.109,1.801,0.147,0.463,0.000,0.104,0.108,0.489,0.172,0.813,0.187,0.000,0.000,0.000,0.000,0.000,0.000,0.000,0.000,0.200,0.138,0.435,0.556,0.082,0.456,0.282,0.579,0.321,0.113,0.038,0.237,0.144,0.175,0.017,0.071,0.018,0.000,0.006,0.091,0.000,0.006,0.052,0.053,0.011,0.000,0.352,0.241,0.188,0.073,0.146,0.305,0.100,0.547,0.290,0.354,0.656,0.167,0.125,0.092,0.092,0.091,0.757,0.078,0.589,0.543,0.548,0.306,0.085,0.053,0.061,0.094,0.174,0.227
baseline,Baseline,"Moderate polarization, ordinary emergency pressure, and neutral legislative output.",1.000,neutral synthetic legislature,constitutional-council,Pre-enactment constitutional council,5120,0.918,0.505,0.413,0.397,0.590,0.194,0.192,0.398,0.325,0.675,0.099,0.001,0.048,0.037,0.099,0.681,0.547,0.501,0.389,0.248,0.577,0.435,0.415,0.558,0.517,0.663,0.042,0.453,0.134,0.013,0.508,0.369,0.344,0.087,0.647,0.350,0.493,0.738,0.599,0.465,0.645,0.667,0.696,0.788,0.708,0.074,0.576,0.702,0.754,0.673,0.763,0.669,0.554,0.636,0.028,0.074,0.182,0.633,0.034,0.393,0.602,0.756,0.266,0.141,0.403,0.341,0.252,0.740,4.154,0.000,0.341,0.046,0.207,3.402,0.000,0.317,0.000,0.106,0.078,0.505,0.172,0.807,0.193,0.000,0.351,0.000,0.000,0.079,0.023,0.035,0.001,0.206,0.184,0.413,0.574,0.143,0.443,0.278,0.598,0.305,0.130,0.048,0.244,0.154,0.187,0.013,0.052,0.015,0.154,0.006,0.064,0.000,0.005,0.066,0.067,0.010,0.000,0.352,0.241,0.188,0.073,0.146,0.305,0.120,0.658,0.357,0.416,0.717,0.222,0.156,0.146,0.108,0.099,0.743,0.070,0.592,0.550,0.576,0.306,0.085,0.053,0.061,0.094,0.174,0.227
baseline,Baseline,"Moderate polarization, ordinary emergency pressure, and neutral legislative output.",1.000,neutral synthetic legislature,legislative-override,Judicial review with legislative supermajority override,5120,0.922,0.501,0.422,0.398,0.590,0.187,0.192,0.398,0.325,0.675,0.092,0.001,0.043,0.030,0.099,0.681,0.547,0.501,0.389,0.251,0.577,0.435,0.415,0.558,0.517,0.663,0.042,0.464,0.134,0.010,0.508,0.369,0.344,0.093,0.607,0.350,0.449,0.738,0.600,0.471,0.644,0.654,0.683,0.783,0.721,0.075,0.521,0.690,0.750,0.657,0.743,0.663,0.530,0.640,0.015,0.075,0.183,0.578,0.039,0.399,0.590,0.745,0.201,0.160,0.402,0.341,0.249,0.729,4.096,0.000,0.341,0.046,0.203,3.347,0.000,0.044,0.000,0.065,0.107,0.517,0.185,0.499,0.501,0.000,0.000,0.000,0.000,0.092,0.018,0.036,0.002,0.214,0.213,0.422,0.594,0.165,0.447,0.281,0.573,0.305,0.136,0.053,0.239,0.164,0.193,0.012,0.051,0.018,0.164,0.005,0.069,0.000,0.004,0.071,0.069,0.010,0.000,0.352,0.241,0.188,0.073,0.146,0.305,0.131,0.746,0.393,0.364,0.787,0.278,0.313,0.141,0.114,0.113,0.722,0.070,0.584,0.525,0.521,0.306,0.085,0.053,0.061,0.094,0.174,0.227
baseline,Baseline,"Moderate polarization, ordinary emergency pressure, and neutral legislative output.",1.000,neutral synthetic legislature,accountability-retention-court,Retention-election accountability court,5120,0.916,0.513,0.403,0.402,0.590,0.205,0.192,0.398,0.325,0.675,0.104,0.000,0.054,0.040,0.099,0.681,0.547,0.501,0.389,0.251,0.577,0.435,0.415,0.558,0.517,0.663,0.042,0.464,0.134,0.008,0.508,0.369,0.344,0.093,0.607,0.351,0.450,0.738,0.602,0.470,0.645,0.657,0.689,0.784,0.722,0.077,0.523,0.692,0.749,0.666,0.761,0.671,0.532,0.632,0.022,0.077,0.188,0.581,0.038,0.398,0.594,0.744,0.198,0.143,0.407,0.350,0.255,0.729,4.203,0.000,0.350,0.049,0.206,3.389,0.000,0.048,0.000,0.108,0.317,0.544,0.240,0.487,0.513,0.000,0.000,0.000,0.000,0.084,0.040,0.000,0.004,0.208,0.177,0.427,0.586,0.108,0.447,0.283,0.574,0.321,0.129,0.045,0.252,0.156,0.194,0.012,0.057,0.014,0.156,0.004,0.065,0.000,0.005,0.062,0.066,0.009,0.000,0.352,0.241,0.188,0.073,0.146,0.305,0.122,0.668,0.374,0.423,0.689,0.250,0.198,0.130,0.110,0.099,0.734,0.072,0.584,0.529,0.523,0.306,0.085,0.053,0.061,0.094,0.174,0.227
baseline,Baseline,"Moderate polarization, ordinary emergency pressure, and neutral legislative output.",1.000,neutral synthetic legislature,emergency-restraint-court,No emergency relief without merits review,5120,0.922,0.503,0.419,0.393,0.590,0.193,0.192,0.398,0.325,0.675,0.099,0.002,0.051,0.040,0.099,0.681,0.547,0.501,0.389,0.247,0.577,0.435,0.415,0.558,0.517,0.663,0.042,0.463,0.134,0.010,0.508,0.369,0.344,0.078,0.610,0.284,0.457,0.738,0.610,0.475,0.692,0.669,0.692,0.795,0.731,0.011,0.566,0.698,0.770,0.664,0.750,0.665,0.544,0.643,0.023,0.011,0.173,0.623,0.042,0.378,0.589,0.760,0.211,0.167,0.460,0.338,0.338,1.000,5.556,0.000,0.338,0.000,0.338,5.556,0.000,0.095,0.000,0.071,0.112,0.507,0.184,0.497,0.503,0.000,0.000,0.000,0.000,0.000,0.000,0.000,0.000,0.192,0.172,0.355,0.565,0.090,0.447,0.232,0.583,0.315,0.124,0.041,0.230,0.145,0.177,0.015,0.079,0.018,0.000,0.006,0.094,0.000,0.004,0.060,0.067,0.009,0.000,0.352,0.241,0.188,0.073,0.146,0.305,0.142,0.836,0.408,0.392,0.951,0.222,0.198,0.165,0.124,0.113,0.738,0.057,0.594,0.541,0.566,0.306,0.085,0.053,0.061,0.094,0.174,0.227
baseline,Baseline,"Moderate polarization, ordinary emergency pressure, and neutral legislative output.",1.000,neutral synthetic legislature,randomized-merits-panels,Randomized merits panels with en banc correction,5120,0.923,0.504,0.419,0.402,0.590,0.189,0.192,0.398,0.325,0.675,0.103,0.002,0.062,0.041,0.099,0.681,0.547,0.501,0.389,0.249,0.577,0.435,0.415,0.558,0.517,0.663,0.042,0.433,0.134,0.009,0.508,0.369,0.344,0.080,0.606,0.350,0.556,0.738,0.601,0.473,0.646,0.666,0.689,0.788,0.697,0.077,0.561,0.694,0.747,0.663,0.748,0.665,0.541,0.640,0.036,0.077,0.187,0.622,0.038,0.384,0.587,0.748,0.218,0.161,0.405,0.351,0.255,0.728,4.206,0.000,0.351,0.048,0.208,3.418,0.000,0.498,0.000,0.103,0.073,0.454,0.152,0.804,0.196,0.000,0.000,0.000,0.000,0.000,0.000,0.000,0.000,0.201,0.176,0.411,0.571,0.091,0.437,0.277,0.578,0.312,0.126,0.038,0.235,0.158,0.179,0.020,0.083,0.020,0.000,0.007,0.091,0.000,0.005,0.063,0.068,0.007,0.000,0.352,0.241,0.188,0.073,0.146,0.305,0.130,0.709,0.398,0.443,0.705,0.194,0.188,0.236,0.114,0.116,0.730,0.071,0.587,0.537,0.561,0.306,0.085,0.053,0.061,0.094,0.174,0.227
baseline,Baseline,"Moderate polarization, ordinary emergency pressure, and neutral legislative output.",1.000,neutral synthetic legislature,mandatory-written-emergency-reasoning,Mandatory written emergency reasoning,5120,0.919,0.503,0.416,0.401,0.590,0.196,0.192,0.398,0.325,0.675,0.099,0.003,0.056,0.044,0.099,0.681,0.547,0.501,0.389,0.249,0.577,0.435,0.415,0.558,0.517,0.663,0.042,0.464,0.134,0.012,0.508,0.369,0.344,0.083,0.606,0.323,0.449,0.738,0.604,0.467,0.644,0.656,0.694,0.785,0.725,0.049,0.510,0.696,0.752,0.669,0.763,0.668,0.540,0.638,0.037,0.049,0.190,0.579,0.037,0.385,0.585,0.744,0.210,0.149,0.404,0.347,0.234,0.675,3.855,0.000,0.347,0.080,0.154,2.543,0.000,0.043,0.000,0.065,0.108,0.524,0.187,0.497,0.503,0.000,0.000,0.000,0.000,0.000,0.000,0.000,0.000,0.211,0.169,0.432,0.617,0.090,0.447,0.278,0.578,0.311,0.123,0.040,0.244,0.146,0.249,0.017,0.075,0.019,0.000,0.009,0.101,0.000,0.007,0.060,0.065,0.006,0.000,0.352,0.241,0.188,0.073,0.146,0.305,0.126,0.675,0.370,0.464,0.742,0.167,0.292,0.165,0.107,0.115,0.743,0.079,0.588,0.535,0.510,0.306,0.085,0.053,0.061,0.094,0.174,0.227
baseline,Baseline,"Moderate polarization, ordinary emergency pressure, and neutral legislative output.",1.000,neutral synthetic legislature,automatic-merits-follow-up,Automatic merits follow-up for emergency relief,5120,0.913,0.500,0.413,0.394,0.590,0.190,0.192,0.398,0.325,0.675,0.104,0.002,0.061,0.034,0.099,0.681,0.547,0.501,0.389,0.247,0.577,0.435,0.415,0.558,0.517,0.663,0.042,0.464,0.134,0.012,0.508,0.369,0.344,0.080,0.610,0.304,0.449,0.738,0.606,0.494,0.686,0.665,0.686,0.790,0.726,0.017,0.546,0.694,0.764,0.659,0.738,0.661,0.543,0.644,0.034,0.017,0.172,0.610,0.050,0.381,0.590,0.756,0.225,0.181,0.461,0.335,0.335,1.000,5.514,0.000,0.335,0.084,0.335,5.514,0.000,0.042,0.000,0.066,0.108,0.515,0.186,0.500,0.500,0.000,0.000,0.000,0.000,0.000,0.000,0.000,0.000,0.205,0.191,0.367,0.626,0.095,0.447,0.245,0.582,0.316,0.123,0.041,0.230,0.151,0.251,0.018,0.079,0.020,0.000,0.007,0.091,0.000,0.006,0.061,0.064,0.010,0.000,0.352,0.241,0.188,0.073,0.146,0.305,0.150,0.899,0.430,0.443,0.963,0.278,0.375,0.206,0.128,0.136,0.726,0.064,0.593,0.540,0.546,0.306,0.085,0.053,0.061,0.094,0.174,0.227
baseline,Baseline,"Moderate polarization, ordinary emergency pressure, and neutral legislative output.",1.000,neutral synthetic legislature,strong-recusal-enforcement,Independent recusal enforcement with substitutes,5120,0.922,0.508,0.414,0.403,0.590,0.201,0.192,0.398,0.325,0.675,0.095,0.001,0.045,0.036,0.099,0.681,0.547,0.501,0.389,0.249,0.577,0.435,0.415,0.558,0.517,0.663,0.042,0.463,0.134,0.012,0.508,0.369,0.344,0.077,0.606,0.350,0.461,0.738,0.602,0.485,0.644,0.663,0.689,0.790,0.716,0.076,0.531,0.694,0.751,0.663,0.750,0.666,0.541,0.640,0.023,0.076,0.185,0.591,0.039,0.386,0.588,0.748,0.217,0.162,0.404,0.343,0.256,0.747,4.212,0.000,0.343,0.051,0.204,3.367,0.000,0.093,0.000,0.069,0.112,0.524,0.191,0.492,0.508,0.000,0.000,0.000,0.000,0.000,0.000,0.000,0.000,0.203,0.170,0.413,0.574,0.090,0.447,0.278,0.578,0.322,0.119,0.038,0.240,0.153,0.182,0.019,0.075,0.018,0.000,0.008,0.091,0.000,0.005,0.057,0.059,0.011,0.000,0.352,0.241,0.188,0.073,0.146,0.305,0.131,0.728,0.397,0.443,0.738,0.278,0.292,0.168,0.115,0.117,0.728,0.072,0.587,0.539,0.531,0.306,0.085,0.053,0.061,0.094,0.174,0.227
baseline,Baseline,"Moderate polarization, ordinary emergency pressure, and neutral legislative output.",1.000,neutral synthetic legislature,jurisdiction-stripping-constraints,Jurisdiction stripping constrained by rights carveouts,5120,0.923,0.500,0.423,0.398,0.590,0.187,0.192,0.398,0.325,0.675,0.105,0.001,0.071,0.043,0.099,0.681,0.547,0.501,0.389,0.248,0.577,0.435,0.415,0.558,0.517,0.663,0.042,0.413,0.134,0.011,0.508,0.369,0.344,0.085,0.636,0.349,0.449,0.738,0.607,0.472,0.645,0.658,0.688,0.791,0.729,0.074,0.529,0.697,0.757,0.662,0.748,0.666,0.538,0.639,0.015,0.074,0.181,0.579,0.040,0.390,0.588,0.751,0.194,0.154,0.402,0.338,0.248,0.735,4.087,0.000,0.338,0.045,0.204,3.350,0.000,0.042,0.000,0.067,0.107,0.521,0.185,0.500,0.500,0.000,0.000,0.000,0.000,0.089,0.000,0.000,0.000,0.204,0.214,0.412,0.589,0.155,0.430,0.277,0.588,0.306,0.129,0.046,0.232,0.167,0.195,0.019,0.118,0.024,0.000,0.008,0.000,0.000,0.005,0.060,0.068,0.009,0.000,0.352,0.241,0.188,0.073,0.146,0.305,0.128,0.716,0.383,0.454,0.762,0.194,0.198,0.138,0.112,0.112,0.727,0.069,0.590,0.545,0.529,0.306,0.085,0.053,0.061,0.094,0.174,0.227
baseline,Baseline,"Moderate polarization, ordinary emergency pressure, and neutral legislative output.",1.000,neutral synthetic legislature,legislative-override-window,Time-limited legislative override window,5120,0.918,0.497,0.421,0.394,0.590,0.181,0.192,0.398,0.325,0.675,0.105,0.002,0.066,0.038,0.099,0.681,0.547,0.501,0.389,0.250,0.577,0.435,0.415,0.558,0.517,0.663,0.042,0.464,0.134,0.011,0.508,0.369,0.344,0.085,0.607,0.349,0.449,0.738,0.602,0.469,0.646,0.657,0.686,0.787,0.721,0.074,0.520,0.692,0.751,0.661,0.749,0.666,0.534,0.638,0.015,0.074,0.183,0.577,0.038,0.395,0.589,0.746,0.201,0.156,0.399,0.342,0.255,0.746,4.203,0.000,0.342,0.045,0.210,3.463,0.000,0.041,0.000,0.072,0.106,0.519,0.184,0.503,0.497,0.000,0.000,0.000,0.000,0.091,0.027,0.033,0.000,0.209,0.197,0.412,0.584,0.153,0.447,0.277,0.576,0.313,0.129,0.044,0.234,0.162,0.187,0.012,0.054,0.013,0.162,0.006,0.067,0.000,0.008,0.067,0.060,0.010,0.000,0.352,0.241,0.188,0.073,0.146,0.305,0.128,0.730,0.385,0.354,0.766,0.278,0.198,0.187,0.112,0.109,0.728,0.070,0.586,0.530,0.520,0.306,0.085,0.053,0.061,0.094,0.174,0.227
baseline,Baseline,"Moderate polarization, ordinary emergency pressure, and neutral legislative output.",1.000,neutral synthetic legislature,constitutional-remand,Constitutional remand before invalidation,5120,0.913,0.515,0.398,0.404,0.590,0.206,0.192,0.398,0.325,0.675,0.095,0.002,0.070,0.034,0.099,0.681,0.547,0.501,0.389,0.215,0.577,0.435,0.415,0.558,0.517,0.663,0.042,0.422,0.134,0.012,0.508,0.369,0.344,0.079,0.622,0.350,0.452,0.738,0.605,0.450,0.646,0.668,0.712,0.799,0.708,0.076,0.553,0.712,0.759,0.689,0.792,0.682,0.561,0.636,0.024,0.076,0.186,0.609,0.023,0.380,0.601,0.756,0.278,0.107,0.411,0.348,0.253,0.728,4.167,0.000,0.348,0.044,0.209,3.441,0.000,0.060,0.000,0.090,0.074,0.528,0.185,0.485,0.515,0.000,0.400,0.048,0.000,0.056,0.014,0.023,0.002,0.195,0.151,0.408,0.540,0.126,0.433,0.276,0.595,0.317,0.127,0.045,0.243,0.157,0.170,0.016,0.052,0.016,0.157,0.004,0.064,0.000,0.005,0.069,0.066,0.007,0.000,0.352,0.241,0.188,0.073,0.146,0.305,0.114,0.613,0.342,0.392,0.664,0.144,0.233,0.146,0.098,0.091,0.769,0.071,0.602,0.559,0.553,0.306,0.085,0.053,0.061,0.094,0.174,0.227
baseline,Baseline,"Moderate polarization, ordinary emergency pressure, and neutral legislative output.",1.000,neutral synthetic legislature,public-interest-litigation-filter,Public-interest litigation filter,5120,0.921,0.505,0.417,0.396,0.590,0.195,0.192,0.398,0.325,0.675,0.095,0.002,0.057,0.035,0.099,0.681,0.547,0.501,0.389,0.249,0.577,0.435,0.415,0.558,0.517,0.663,0.042,0.377,0.134,0.009,0.508,0.369,0.344,0.082,0.606,0.350,0.451,0.738,0.605,0.486,0.645,0.661,0.692,0.791,0.717,0.075,0.523,0.696,0.759,0.666,0.755,0.668,0.541,0.644,0.025,0.075,0.184,0.582,0.036,0.382,0.585,0.747,0.218,0.153,0.404,0.342,0.252,0.737,4.151,0.000,0.342,0.045,0.207,3.408,0.000,0.056,0.000,0.069,0.107,0.531,0.183,0.495,0.505,0.000,0.000,0.000,0.098,0.000,0.000,0.000,0.000,0.196,0.167,0.420,0.567,0.086,0.418,0.280,0.578,0.322,0.116,0.037,0.243,0.139,0.179,0.018,0.073,0.019,0.000,0.006,0.089,0.000,0.005,0.055,0.063,0.009,0.000,0.352,0.241,0.188,0.073,0.146,0.305,0.138,0.743,0.428,0.412,0.721,0.278,0.281,0.228,0.112,0.111,0.734,0.070,0.587,0.540,0.523,0.306,0.085,0.053,0.061,0.094,0.174,0.227
baseline,Baseline,"Moderate polarization, ordinary emergency pressure, and neutral legislative output.",1.000,neutral synthetic legislature,emergency-integrity-package,Emergency integrity package,5120,0.920,0.501,0.419,0.399,0.590,0.189,0.192,0.398,0.325,0.675,0.101,0.002,0.063,0.032,0.099,0.681,0.547,0.501,0.389,0.246,0.577,0.435,0.415,0.558,0.517,0.663,0.042,0.463,0.134,0.011,0.508,0.369,0.344,0.073,0.610,0.304,0.461,0.738,0.605,0.476,0.687,0.671,0.691,0.794,0.720,0.018,0.570,0.698,0.766,0.664,0.749,0.664,0.544,0.644,0.023,0.018,0.176,0.627,0.042,0.380,0.589,0.759,0.247,0.170,0.465,0.343,0.343,1.000,5.643,0.000,0.343,0.088,0.343,5.643,0.000,0.096,0.000,0.061,0.113,0.528,0.190,0.499,0.501,0.000,0.000,0.000,0.000,0.000,0.000,0.000,0.000,0.196,0.178,0.366,0.575,0.089,0.447,0.245,0.583,0.320,0.127,0.038,0.232,0.146,0.180,0.014,0.082,0.019,0.000,0.007,0.087,0.000,0.006,0.064,0.065,0.007,0.000,0.352,0.241,0.188,0.073,0.146,0.305,0.143,0.838,0.419,0.385,0.947,0.222,0.313,0.106,0.126,0.130,0.736,0.065,0.596,0.542,0.570,0.306,0.085,0.053,0.061,0.094,0.174,0.227
baseline,Baseline,"Moderate polarization, ordinary emergency pressure, and neutral legislative output.",1.000,neutral synthetic legislature,remand-override-window-package,Constitutional remand with override window,5120,0.923,0.511,0.412,0.405,0.590,0.194,0.192,0.398,0.325,0.675,0.101,0.001,0.062,0.037,0.099,0.681,0.547,0.501,0.389,0.215,0.577,0.435,0.415,0.558,0.517,0.663,0.042,0.422,0.134,0.010,0.508,0.369,0.344,0.079,0.622,0.322,0.452,0.738,0.602,0.429,0.646,0.670,0.711,0.798,0.708,0.048,0.555,0.712,0.763,0.690,0.794,0.681,0.561,0.633,0.025,0.048,0.191,0.613,0.029,0.382,0.600,0.758,0.306,0.108,0.412,0.350,0.240,0.686,3.955,0.000,0.350,0.075,0.165,2.720,0.000,0.060,0.000,0.100,0.074,0.534,0.183,0.489,0.511,0.000,0.396,0.041,0.000,0.060,0.014,0.026,0.000,0.196,0.146,0.422,0.553,0.125,0.433,0.274,0.595,0.326,0.124,0.042,0.243,0.156,0.183,0.016,0.054,0.015,0.156,0.003,0.064,0.000,0.006,0.061,0.063,0.009,0.000,0.352,0.241,0.188,0.073,0.146,0.305,0.109,0.572,0.332,0.332,0.609,0.071,0.222,0.184,0.096,0.094,0.773,0.077,0.601,0.559,0.555,0.306,0.085,0.053,0.061,0.094,0.174,0.227
baseline,Baseline,"Moderate polarization, ordinary emergency pressure, and neutral legislative output.",1.000,neutral synthetic legislature,panel-jurisdiction-safeguards,Random panels with jurisdiction safeguards,5120,0.923,0.498,0.425,0.391,0.590,0.182,0.192,0.398,0.325,0.675,0.104,0.001,0.059,0.042,0.099,0.681,0.547,0.501,0.389,0.249,0.577,0.435,0.415,0.558,0.517,0.663,0.042,0.382,0.134,0.011,0.508,0.369,0.344,0.082,0.634,0.334,0.578,0.738,0.600,0.461,0.632,0.666,0.694,0.788,0.696,0.069,0.561,0.699,0.750,0.667,0.765,0.664,0.540,0.628,0.036,0.069,0.192,0.615,0.035,0.387,0.583,0.750,0.240,0.133,0.370,0.348,0.202,0.580,3.328,0.000,0.348,0.084,0.118,1.945,0.146,0.530,0.000,0.101,0.077,0.471,0.154,0.804,0.196,0.000,0.000,0.000,0.000,0.078,0.000,0.000,0.000,0.196,0.180,0.438,0.568,0.136,0.419,0.284,0.587,0.319,0.115,0.041,0.242,0.153,0.180,0.020,0.107,0.024,0.000,0.007,0.000,0.000,0.006,0.059,0.062,0.008,0.000,0.352,0.241,0.188,0.073,0.146,0.305,0.108,0.573,0.308,0.426,0.648,0.250,0.250,0.141,0.099,0.104,0.745,0.081,0.588,0.550,0.561,0.306,0.085,0.053,0.061,0.094,0.174,0.227
baseline,Baseline,"Moderate polarization, ordinary emergency pressure, and neutral legislative output.",1.000,neutral synthetic legislature,council-concrete-hybrid,Constitutional council with concrete-review backstop,5120,0.922,0.498,0.424,0.392,0.590,0.184,0.192,0.398,0.325,0.675,0.098,0.001,0.056,0.036,0.099,0.681,0.547,0.501,0.389,0.248,0.577,0.435,0.415,0.558,0.517,0.663,0.042,0.453,0.134,0.011,0.508,0.369,0.344,0.088,0.647,0.350,0.527,0.738,0.597,0.451,0.644,0.666,0.697,0.790,0.699,0.073,0.577,0.703,0.752,0.674,0.765,0.670,0.553,0.638,0.019,0.073,0.177,0.633,0.031,0.391,0.598,0.758,0.277,0.133,0.397,0.331,0.242,0.730,3.977,0.000,0.331,0.042,0.200,3.289,0.000,0.406,0.000,0.099,0.111,0.520,0.180,0.813,0.187,0.000,0.351,0.000,0.000,0.075,0.019,0.036,0.002,0.207,0.184,0.420,0.579,0.145,0.443,0.280,0.597,0.303,0.131,0.045,0.240,0.153,0.192,0.011,0.055,0.017,0.153,0.006,0.064,0.000,0.005,0.066,0.068,0.012,0.000,0.352,0.241,0.188,0.073,0.146,0.305,0.118,0.654,0.370,0.334,0.689,0.194,0.116,0.081,0.105,0.094,0.744,0.068,0.592,0.549,0.577,0.306,0.085,0.053,0.061,0.094,0.174,0.227
baseline,Baseline,"Moderate polarization, ordinary emergency pressure, and neutral legislative output.",1.000,neutral synthetic legislature,judicial-electorate-selection,Judicial electorate selection court,5120,0.921,0.505,0.415,0.393,0.590,0.194,0.192,0.398,0.325,0.675,0.096,0.001,0.049,0.035,0.099,0.681,0.547,0.501,0.389,0.249,0.577,0.435,0.415,0.558,0.517,0.663,0.042,0.464,0.134,0.011,0.508,0.369,0.344,0.081,0.607,0.350,0.451,0.738,0.597,0.491,0.646,0.663,0.691,0.791,0.710,0.076,0.538,0.695,0.753,0.666,0.755,0.667,0.541,0.639,0.019,0.076,0.189,0.595,0.040,0.384,0.587,0.748,0.256,0.154,0.408,0.352,0.261,0.741,4.296,0.000,0.352,0.048,0.213,3.508,0.000,0.045,0.000,0.062,0.110,0.541,0.191,0.495,0.505,0.000,0.000,0.000,0.000,0.000,0.000,0.000,0.000,0.198,0.166,0.414,0.544,0.091,0.447,0.279,0.578,0.317,0.120,0.043,0.238,0.154,0.142,0.017,0.073,0.022,0.000,0.007,0.091,0.000,0.007,0.059,0.064,0.011,0.000,0.352,0.241,0.188,0.073,0.146,0.305,0.131,0.723,0.380,0.474,0.775,0.306,0.250,0.187,0.113,0.112,0.733,0.072,0.587,0.538,0.538,0.306,0.085,0.053,0.061,0.094,0.174,0.227
partisan-appointment-pressure,Partisan Appointment Pressure,High appointment capture and polarized justice pool.,1.000,neutral synthetic legislature,current-us-like,Stylized current U.S.-like supreme court,5120,0.921,0.506,0.415,0.403,0.584,0.193,0.181,0.403,0.311,0.689,0.090,0.000,0.054,0.031,0.099,0.666,0.544,0.492,0.427,0.269,0.575,0.448,0.418,0.556,0.520,0.661,0.043,0.513,0.132,0.010,0.508,0.367,0.342,0.108,0.599,0.495,0.444,0.739,0.590,0.453,0.484,0.626,0.676,0.761,0.704,0.233,0.386,0.680,0.692,0.658,0.745,0.670,0.523,0.636,0.040,0.233,0.248,0.464,0.026,0.415,0.576,0.700,0.140,0.106,0.271,0.371,0.048,0.130,0.849,0.048,0.000,0.048,0.000,0.000,0.000,0.019,0.000,0.031,0.310,0.528,0.238,0.494,0.506,0.000,0.000,0.000,0.000,0.000,0.000,0.000,0.000,0.239,0.154,0.561,0.621,0.084,0.463,0.392,0.561,0.315,0.126,0.042,0.262,0.150,0.255,0.022,0.077,0.018,0.000,0.011,0.101,0.000,0.007,0.064,0.069,0.008,0.000,0.355,0.246,0.182,0.078,0.139,0.311,0.126,0.710,0.314,0.381,0.974,0.263,0.286,0.130,0.088,0.080,0.694,0.119,0.563,0.519,0.386,0.307,0.086,0.050,0.057,0.092,0.169,0.239
partisan-appointment-pressure,Partisan Appointment Pressure,High appointment capture and polarized justice pool.,1.000,neutral synthetic legislature,term-limited-balanced,18-year staggered terms + regular appointments,5120,0.921,0.497,0.424,0.394,0.584,0.180,0.181,0.403,0.311,0.689,0.097,0.003,0.059,0.039,0.099,0.666,0.544,0.492,0.427,0.260,0.575,0.448,0.418,0.556,0.520,0.661,0.043,0.470,0.132,0.009,0.508,0.367,0.342,0.079,0.606,0.350,0.451,0.739,0.606,0.472,0.646,0.660,0.688,0.787,0.726,0.073,0.508,0.692,0.749,0.663,0.743,0.667,0.541,0.634,0.038,0.073,0.181,0.575,0.036,0.381,0.585,0.743,0.174,0.156,0.403,0.341,0.250,0.733,4.405,0.000,0.341,0.045,0.205,3.612,0.000,0.058,0.000,0.069,0.108,0.519,0.185,0.503,0.497,0.000,0.000,0.000,0.000,0.000,0.000,0.000,0.000,0.208,0.160,0.407,0.607,0.082,0.448,0.275,0.577,0.326,0.108,0.028,0.240,0.143,0.248,0.014,0.073,0.014,0.000,0.005,0.098,0.000,0.007,0.052,0.057,0.009,0.000,0.355,0.246,0.182,0.078,0.139,0.311,0.126,0.716,0.365,0.358,0.751,0.316,0.107,0.165,0.112,0.112,0.722,0.068,0.584,0.539,0.508,0.307,0.086,0.050,0.057,0.092,0.169,0.239
partisan-appointment-pressure,Partisan Appointment Pressure,High appointment capture and polarized justice pool.,1.000,neutral synthetic legislature,nonpartisan-commission,Nonpartisan commission appointments,5120,0.919,0.506,0.413,0.401,0.584,0.186,0.181,0.403,0.311,0.689,0.096,0.002,0.052,0.035,0.099,0.666,0.544,0.492,0.427,0.259,0.575,0.448,0.418,0.556,0.520,0.661,0.043,0.470,0.132,0.007,0.508,0.367,0.342,0.074,0.607,0.349,0.453,0.739,0.604,0.452,0.646,0.663,0.691,0.789,0.722,0.075,0.521,0.693,0.751,0.666,0.752,0.667,0.541,0.635,0.030,0.075,0.180,0.582,0.035,0.382,0.588,0.746,0.196,0.155,0.406,0.342,0.251,0.734,4.409,0.000,0.342,0.045,0.205,3.615,0.000,0.076,0.000,0.071,0.108,0.526,0.186,0.494,0.506,0.000,0.000,0.000,0.000,0.000,0.000,0.000,0.000,0.201,0.158,0.398,0.569,0.088,0.449,0.272,0.578,0.328,0.112,0.036,0.233,0.152,0.183,0.014,0.071,0.018,0.000,0.007,0.097,0.000,0.007,0.056,0.064,0.007,0.000,0.355,0.246,0.182,0.078,0.139,0.311,0.123,0.703,0.364,0.349,0.695,0.184,0.321,0.149,0.112,0.111,0.731,0.068,0.585,0.539,0.521,0.307,0.086,0.050,0.057,0.092,0.169,0.239
partisan-appointment-pressure,Partisan Appointment Pressure,High appointment capture and polarized justice pool.,1.000,neutral synthetic legislature,expanded-court-fifteen,Expanded 15-seat court,5120,0.916,0.498,0.418,0.392,0.584,0.184,0.181,0.403,0.311,0.689,0.096,0.001,0.050,0.037,0.099,0.666,0.544,0.492,0.427,0.260,0.575,0.448,0.418,0.556,0.520,0.661,0.043,0.471,0.132,0.011,0.508,0.367,0.342,0.082,0.606,0.349,0.457,0.739,0.600,0.458,0.645,0.659,0.690,0.788,0.718,0.077,0.518,0.692,0.749,0.666,0.751,0.669,0.541,0.633,0.023,0.077,0.186,0.582,0.034,0.381,0.584,0.744,0.208,0.146,0.396,0.348,0.252,0.725,4.440,0.000,0.348,0.048,0.205,3.601,0.000,0.058,0.000,0.064,0.414,0.563,0.265,0.502,0.498,0.000,0.000,0.000,0.000,0.000,0.000,0.000,0.000,0.208,0.164,0.407,0.608,0.089,0.449,0.275,0.577,0.314,0.120,0.040,0.233,0.148,0.243,0.017,0.074,0.023,0.000,0.007,0.086,0.000,0.007,0.060,0.063,0.006,0.000,0.355,0.246,0.182,0.078,0.139,0.311,0.121,0.709,0.355,0.409,0.704,0.184,0.298,0.080,0.109,0.106,0.722,0.070,0.583,0.539,0.518,0.307,0.086,0.050,0.057,0.092,0.169,0.239
partisan-appointment-pressure,Partisan Appointment Pressure,High appointment capture and polarized justice pool.,1.000,neutral synthetic legislature,supermajority-review,60 percent invalidation threshold,5120,0.917,0.501,0.416,0.401,0.584,0.188,0.181,0.403,0.311,0.689,0.096,0.001,0.054,0.034,0.099,0.666,0.544,0.492,0.427,0.262,0.575,0.448,0.418,0.556,0.520,0.661,0.043,0.470,0.132,0.009,0.508,0.367,0.342,0.087,0.605,0.334,0.450,0.739,0.606,0.454,0.633,0.656,0.694,0.783,0.730,0.067,0.498,0.694,0.747,0.669,0.768,0.666,0.539,0.629,0.037,0.067,0.191,0.566,0.030,0.383,0.581,0.739,0.171,0.129,0.374,0.349,0.203,0.582,3.577,0.000,0.349,0.084,0.120,2.107,0.146,0.055,0.000,0.036,0.105,0.517,0.185,0.499,0.501,0.000,0.000,0.000,0.000,0.000,0.000,0.000,0.000,0.207,0.147,0.427,0.598,0.082,0.449,0.280,0.575,0.324,0.108,0.033,0.241,0.149,0.239,0.017,0.070,0.014,0.000,0.006,0.097,0.000,0.008,0.054,0.062,0.010,0.000,0.355,0.246,0.182,0.078,0.139,0.311,0.109,0.584,0.314,0.340,0.665,0.289,0.155,0.057,0.099,0.102,0.745,0.079,0.581,0.537,0.498,0.307,0.086,0.050,0.057,0.092,0.169,0.239
partisan-appointment-pressure,Partisan Appointment Pressure,High appointment capture and polarized justice pool.,1.000,neutral synthetic legislature,recusal-and-emergency-reform,Peer recusal + reasoned emergency docket,5120,0.915,0.497,0.418,0.391,0.584,0.183,0.181,0.403,0.311,0.689,0.094,0.001,0.048,0.034,0.099,0.666,0.544,0.492,0.427,0.259,0.575,0.448,0.418,0.556,0.520,0.661,0.043,0.470,0.132,0.009,0.508,0.367,0.342,0.077,0.606,0.349,0.456,0.739,0.602,0.452,0.647,0.660,0.692,0.787,0.720,0.073,0.514,0.694,0.749,0.667,0.753,0.669,0.542,0.632,0.042,0.073,0.180,0.580,0.031,0.379,0.584,0.743,0.201,0.147,0.401,0.340,0.258,0.759,4.536,0.000,0.340,0.048,0.210,3.694,0.000,0.093,0.000,0.068,0.111,0.529,0.187,0.503,0.497,0.000,0.000,0.000,0.000,0.000,0.000,0.000,0.000,0.208,0.162,0.401,0.604,0.088,0.449,0.273,0.578,0.317,0.119,0.039,0.237,0.147,0.245,0.015,0.075,0.018,0.000,0.007,0.095,0.000,0.006,0.058,0.058,0.006,0.000,0.355,0.246,0.182,0.078,0.139,0.311,0.119,0.701,0.349,0.425,0.691,0.132,0.179,0.115,0.109,0.107,0.731,0.068,0.585,0.539,0.514,0.307,0.086,0.050,0.057,0.092,0.169,0.239
partisan-appointment-pressure,Partisan Appointment Pressure,High appointment capture and polarized justice pool.,1.000,neutral synthetic legislature,panel-en-banc,Three-judge panels with en banc correction,5120,0.924,0.505,0.419,0.401,0.584,0.194,0.181,0.403,0.311,0.689,0.100,0.001,0.050,0.047,0.099,0.666,0.544,0.492,0.427,0.259,0.575,0.448,0.418,0.556,0.520,0.661,0.043,0.440,0.132,0.014,0.508,0.367,0.342,0.078,0.607,0.350,0.534,0.739,0.602,0.468,0.646,0.668,0.692,0.787,0.703,0.073,0.560,0.694,0.749,0.667,0.754,0.670,0.541,0.634,0.046,0.073,0.177,0.621,0.032,0.381,0.585,0.747,0.211,0.146,0.405,0.337,0.254,0.752,4.460,0.000,0.337,0.047,0.207,3.639,0.000,0.475,0.000,0.258,0.074,0.472,0.155,0.798,0.202,0.000,0.000,0.000,0.000,0.000,0.000,0.000,0.000,0.198,0.161,0.402,0.557,0.087,0.438,0.273,0.578,0.320,0.115,0.037,0.237,0.150,0.174,0.015,0.074,0.018,0.000,0.006,0.096,0.000,0.007,0.052,0.066,0.009,0.000,0.355,0.246,0.182,0.078,0.139,0.311,0.120,0.693,0.345,0.384,0.708,0.289,0.227,0.149,0.109,0.106,0.736,0.068,0.585,0.538,0.560,0.307,0.086,0.050,0.057,0.092,0.169,0.239
partisan-appointment-pressure,Partisan Appointment Pressure,High appointment capture and polarized justice pool.,1.000,neutral synthetic legislature,cross-checking-courts,Supreme court with cross-checking constitutional court,5120,0.919,0.497,0.422,0.393,0.584,0.180,0.181,0.403,0.311,0.689,0.095,0.001,0.059,0.033,0.099,0.666,0.544,0.492,0.427,0.241,0.575,0.448,0.418,0.556,0.520,0.661,0.043,0.469,0.132,0.010,0.508,0.367,0.342,0.083,0.624,0.334,0.465,0.739,0.587,0.405,0.632,0.656,0.694,0.786,0.711,0.067,0.524,0.698,0.750,0.668,0.771,0.672,0.527,0.614,0.020,0.067,0.188,0.583,0.019,0.401,0.571,0.744,0.272,0.092,0.370,0.344,0.196,0.569,3.447,0.000,0.344,0.081,0.115,2.017,0.148,0.153,0.000,0.090,0.106,0.534,0.184,0.503,0.497,0.135,0.000,0.000,0.000,0.000,0.000,0.000,0.000,0.199,0.130,0.433,0.564,0.080,0.448,0.282,0.580,0.322,0.118,0.033,0.245,0.147,0.179,0.016,0.078,0.018,0.000,0.008,0.087,0.000,0.006,0.058,0.060,0.009,0.000,0.355,0.246,0.182,0.078,0.139,0.311,0.075,0.403,0.218,0.214,0.429,0.211,0.143,0.096,0.092,0.076,0.747,0.078,0.588,0.526,0.524,0.307,0.086,0.050,0.057,0.092,0.169,0.239
partisan-appointment-pressure,Partisan Appointment Pressure,High appointment capture and polarized justice pool.,1.000,neutral synthetic legislature,dual-supreme-courts,Dual supreme courts with disagreement filter,5120,0.925,0.499,0.425,0.397,0.584,0.182,0.181,0.403,0.311,0.689,0.095,0.001,0.053,0.032,0.099,0.666,0.544,0.492,0.427,0.262,0.575,0.448,0.418,0.556,0.520,0.661,0.043,0.471,0.132,0.012,0.508,0.367,0.342,0.089,0.605,0.334,0.471,0.739,0.575,0.450,0.633,0.654,0.667,0.778,0.698,0.066,0.530,0.679,0.749,0.640,0.709,0.657,0.517,0.634,0.017,0.066,0.188,0.591,0.037,0.413,0.585,0.742,0.307,0.152,0.371,0.345,0.202,0.587,3.560,0.000,0.345,0.081,0.121,2.137,0.142,0.155,0.000,0.100,0.110,0.530,0.186,0.501,0.499,0.146,0.000,0.000,0.000,0.000,0.000,0.000,0.000,0.210,0.181,0.433,0.609,0.089,0.449,0.282,0.566,0.314,0.126,0.041,0.250,0.146,0.203,0.018,0.076,0.021,0.000,0.010,0.097,0.000,0.006,0.064,0.063,0.009,0.000,0.355,0.246,0.182,0.078,0.139,0.311,0.124,0.686,0.352,0.315,0.790,0.237,0.227,0.161,0.113,0.117,0.688,0.078,0.576,0.514,0.530,0.307,0.086,0.050,0.057,0.092,0.169,0.239
partisan-appointment-pressure,Partisan Appointment Pressure,High appointment capture and polarized justice pool.,1.000,neutral synthetic legislature,comparative-constitutional-senates,Comparative 16-seat constitutional senates,5120,0.916,0.498,0.419,0.383,0.584,0.185,0.181,0.403,0.311,0.689,0.097,0.001,0.058,0.036,0.099,0.666,0.544,0.492,0.427,0.261,0.575,0.448,0.418,0.556,0.520,0.661,0.043,0.500,0.132,0.010,0.508,0.367,0.342,0.077,0.604,0.333,0.571,0.739,0.596,0.422,0.633,0.664,0.700,0.788,0.692,0.067,0.550,0.697,0.741,0.676,0.780,0.670,0.541,0.626,0.026,0.067,0.186,0.610,0.026,0.381,0.577,0.746,0.239,0.110,0.362,0.341,0.198,0.580,3.485,0.000,0.341,0.079,0.119,2.093,0.143,0.472,0.000,0.101,0.109,0.503,0.175,0.806,0.194,0.000,0.000,0.000,0.000,0.000,0.000,0.000,0.000,0.204,0.145,0.430,0.560,0.087,0.459,0.280,0.576,0.314,0.125,0.044,0.240,0.149,0.186,0.016,0.080,0.020,0.000,0.008,0.089,0.000,0.006,0.061,0.063,0.006,0.000,0.355,0.246,0.182,0.078,0.139,0.311,0.097,0.530,0.275,0.264,0.631,0.184,0.107,0.080,0.093,0.089,0.757,0.077,0.583,0.538,0.550,0.307,0.086,0.050,0.057,0.092,0.169,0.239
partisan-appointment-pressure,Partisan Appointment Pressure,High appointment capture and polarized justice pool.,1.000,neutral synthetic legislature,constitutional-council,Pre-enactment constitutional council,5120,0.913,0.507,0.406,0.401,0.584,0.194,0.181,0.403,0.311,0.689,0.097,0.001,0.051,0.042,0.099,0.666,0.544,0.492,0.427,0.257,0.575,0.448,0.418,0.556,0.520,0.661,0.043,0.460,0.132,0.010,0.508,0.367,0.342,0.079,0.648,0.350,0.494,0.739,0.597,0.452,0.647,0.670,0.691,0.787,0.708,0.073,0.579,0.698,0.754,0.668,0.748,0.667,0.553,0.638,0.037,0.073,0.181,0.637,0.033,0.395,0.604,0.757,0.266,0.148,0.415,0.344,0.253,0.734,4.443,0.000,0.344,0.045,0.208,3.653,0.000,0.330,0.000,0.099,0.076,0.503,0.172,0.803,0.197,0.000,0.346,0.000,0.000,0.085,0.024,0.037,0.001,0.207,0.190,0.403,0.572,0.153,0.445,0.273,0.597,0.310,0.130,0.047,0.240,0.154,0.183,0.015,0.053,0.015,0.154,0.004,0.066,0.000,0.007,0.069,0.061,0.008,0.000,0.355,0.246,0.182,0.078,0.139,0.311,0.125,0.719,0.364,0.343,0.764,0.184,0.286,0.134,0.111,0.104,0.728,0.068,0.590,0.548,0.579,0.307,0.086,0.050,0.057,0.092,0.169,0.239
partisan-appointment-pressure,Partisan Appointment Pressure,High appointment capture and polarized justice pool.,1.000,neutral synthetic legislature,legislative-override,Judicial review with legislative supermajority override,5120,0.916,0.497,0.420,0.394,0.584,0.176,0.181,0.403,0.311,0.689,0.095,0.001,0.047,0.031,0.099,0.666,0.544,0.492,0.427,0.260,0.575,0.448,0.418,0.556,0.520,0.661,0.043,0.471,0.132,0.009,0.508,0.367,0.342,0.085,0.607,0.349,0.450,0.739,0.600,0.478,0.646,0.655,0.686,0.785,0.721,0.072,0.524,0.690,0.751,0.661,0.747,0.666,0.533,0.635,0.018,0.072,0.178,0.579,0.036,0.394,0.588,0.745,0.200,0.151,0.403,0.336,0.250,0.744,4.395,0.000,0.336,0.044,0.205,3.615,0.000,0.058,0.000,0.073,0.113,0.526,0.187,0.503,0.497,0.000,0.000,0.000,0.000,0.087,0.018,0.034,0.002,0.209,0.204,0.406,0.583,0.157,0.449,0.274,0.574,0.302,0.130,0.045,0.235,0.151,0.187,0.011,0.054,0.015,0.151,0.006,0.063,0.000,0.005,0.065,0.069,0.009,0.000,0.355,0.246,0.182,0.078,0.139,0.311,0.124,0.710,0.349,0.371,0.760,0.368,0.250,0.138,0.111,0.107,0.726,0.067,0.582,0.529,0.524,0.307,0.086,0.050,0.057,0.092,0.169,0.239
partisan-appointment-pressure,Partisan Appointment Pressure,High appointment capture and polarized justice pool.,1.000,neutral synthetic legislature,accountability-retention-court,Retention-election accountability court,5120,0.919,0.508,0.411,0.402,0.584,0.198,0.181,0.403,0.311,0.689,0.101,0.001,0.053,0.039,0.099,0.666,0.544,0.492,0.427,0.259,0.575,0.448,0.418,0.556,0.520,0.661,0.043,0.470,0.132,0.008,0.508,0.367,0.342,0.079,0.608,0.351,0.452,0.739,0.602,0.460,0.645,0.660,0.689,0.785,0.722,0.074,0.523,0.691,0.751,0.665,0.754,0.670,0.535,0.632,0.033,0.074,0.181,0.582,0.033,0.394,0.595,0.745,0.196,0.148,0.410,0.341,0.249,0.731,4.385,0.000,0.341,0.045,0.204,3.588,0.000,0.065,0.000,0.110,0.315,0.541,0.239,0.492,0.508,0.000,0.000,0.000,0.000,0.082,0.039,0.000,0.002,0.203,0.173,0.404,0.568,0.104,0.449,0.274,0.576,0.318,0.125,0.040,0.247,0.150,0.184,0.012,0.055,0.015,0.150,0.004,0.074,0.000,0.004,0.063,0.063,0.008,0.000,0.355,0.246,0.182,0.078,0.139,0.311,0.127,0.716,0.374,0.346,0.742,0.237,0.250,0.138,0.110,0.101,0.727,0.068,0.584,0.531,0.523,0.307,0.086,0.050,0.057,0.092,0.169,0.239
partisan-appointment-pressure,Partisan Appointment Pressure,High appointment capture and polarized justice pool.,1.000,neutral synthetic legislature,emergency-restraint-court,No emergency relief without merits review,5120,0.920,0.510,0.411,0.407,0.584,0.197,0.181,0.403,0.311,0.689,0.098,0.001,0.053,0.037,0.099,0.666,0.544,0.492,0.427,0.257,0.575,0.448,0.418,0.556,0.520,0.661,0.043,0.471,0.132,0.012,0.508,0.367,0.342,0.080,0.610,0.284,0.461,0.739,0.608,0.494,0.694,0.671,0.691,0.790,0.730,0.011,0.569,0.696,0.768,0.664,0.749,0.664,0.541,0.641,0.034,0.011,0.173,0.629,0.041,0.381,0.592,0.758,0.213,0.170,0.468,0.343,0.343,1.000,6.034,0.000,0.343,0.000,0.343,6.034,0.000,0.123,0.000,0.075,0.113,0.514,0.186,0.490,0.510,0.000,0.000,0.000,0.000,0.000,0.000,0.000,0.000,0.195,0.177,0.354,0.563,0.090,0.449,0.232,0.580,0.323,0.125,0.040,0.236,0.152,0.177,0.016,0.080,0.021,0.000,0.006,0.103,0.000,0.007,0.061,0.066,0.008,0.000,0.355,0.246,0.182,0.078,0.139,0.311,0.142,0.846,0.392,0.352,0.941,0.421,0.357,0.126,0.126,0.114,0.738,0.056,0.590,0.536,0.569,0.307,0.086,0.050,0.057,0.092,0.169,0.239
partisan-appointment-pressure,Partisan Appointment Pressure,High appointment capture and polarized justice pool.,1.000,neutral synthetic legislature,randomized-merits-panels,Randomized merits panels with en banc correction,5120,0.918,0.496,0.422,0.397,0.584,0.175,0.181,0.403,0.311,0.689,0.097,0.002,0.051,0.045,0.099,0.666,0.544,0.492,0.427,0.259,0.575,0.448,0.418,0.556,0.520,0.661,0.043,0.440,0.132,0.009,0.508,0.367,0.342,0.078,0.607,0.349,0.555,0.739,0.601,0.456,0.648,0.668,0.692,0.788,0.697,0.071,0.562,0.694,0.748,0.666,0.748,0.669,0.543,0.634,0.045,0.071,0.179,0.622,0.033,0.378,0.583,0.748,0.216,0.148,0.407,0.340,0.260,0.764,4.574,0.000,0.340,0.043,0.217,3.818,0.000,0.508,0.000,0.100,0.072,0.478,0.154,0.807,0.193,0.000,0.000,0.000,0.000,0.000,0.000,0.000,0.000,0.199,0.162,0.402,0.561,0.091,0.438,0.273,0.579,0.320,0.118,0.041,0.239,0.153,0.175,0.018,0.076,0.017,0.000,0.007,0.088,0.000,0.004,0.059,0.059,0.009,0.000,0.355,0.246,0.182,0.078,0.139,0.311,0.123,0.716,0.357,0.331,0.760,0.237,0.155,0.115,0.110,0.107,0.731,0.067,0.587,0.541,0.562,0.307,0.086,0.050,0.057,0.092,0.169,0.239
partisan-appointment-pressure,Partisan Appointment Pressure,High appointment capture and polarized justice pool.,1.000,neutral synthetic legislature,mandatory-written-emergency-reasoning,Mandatory written emergency reasoning,5120,0.917,0.505,0.412,0.398,0.584,0.196,0.181,0.403,0.311,0.689,0.094,0.002,0.050,0.033,0.099,0.666,0.544,0.492,0.427,0.259,0.575,0.448,0.418,0.556,0.520,0.661,0.043,0.471,0.132,0.009,0.508,0.367,0.342,0.079,0.607,0.321,0.451,0.739,0.602,0.457,0.646,0.659,0.692,0.784,0.725,0.047,0.515,0.694,0.753,0.667,0.757,0.668,0.540,0.635,0.039,0.047,0.187,0.583,0.035,0.385,0.586,0.745,0.211,0.149,0.409,0.346,0.241,0.697,4.241,0.000,0.346,0.080,0.161,2.828,0.000,0.060,0.000,0.070,0.109,0.530,0.190,0.495,0.505,0.000,0.000,0.000,0.000,0.000,0.000,0.000,0.000,0.209,0.167,0.412,0.611,0.090,0.449,0.270,0.577,0.319,0.121,0.036,0.233,0.158,0.248,0.014,0.080,0.016,0.000,0.008,0.100,0.000,0.007,0.063,0.061,0.006,0.000,0.355,0.246,0.182,0.078,0.139,0.311,0.122,0.690,0.353,0.296,0.777,0.289,0.143,0.115,0.108,0.115,0.737,0.077,0.584,0.536,0.515,0.307,0.086,0.050,0.057,0.092,0.169,0.239
partisan-appointment-pressure,Partisan Appointment Pressure,High appointment capture and polarized justice pool.,1.000,neutral synthetic legislature,automatic-merits-follow-up,Automatic merits follow-up for emergency relief,5120,0.920,0.503,0.417,0.393,0.584,0.189,0.181,0.403,0.311,0.689,0.100,0.003,0.044,0.039,0.099,0.666,0.544,0.492,0.427,0.256,0.575,0.448,0.418,0.556,0.520,0.661,0.043,0.470,0.132,0.012,0.508,0.367,0.342,0.068,0.610,0.304,0.450,0.739,0.604,0.499,0.685,0.668,0.685,0.791,0.726,0.017,0.547,0.692,0.765,0.658,0.731,0.661,0.545,0.640,0.037,0.017,0.168,0.611,0.044,0.380,0.592,0.756,0.225,0.182,0.460,0.330,0.330,1.000,5.804,0.000,0.330,0.085,0.330,5.804,0.000,0.057,0.000,0.072,0.106,0.512,0.188,0.497,0.503,0.000,0.000,0.000,0.000,0.000,0.000,0.000,0.000,0.202,0.179,0.355,0.612,0.090,0.448,0.240,0.582,0.319,0.121,0.041,0.230,0.144,0.250,0.016,0.075,0.019,0.000,0.007,0.097,0.000,0.007,0.060,0.064,0.008,0.000,0.355,0.246,0.182,0.078,0.139,0.311,0.145,0.895,0.396,0.444,0.966,0.342,0.286,0.172,0.128,0.137,0.718,0.062,0.591,0.541,0.547,0.307,0.086,0.050,0.057,0.092,0.169,0.239
partisan-appointment-pressure,Partisan Appointment Pressure,High appointment capture and polarized justice pool.,1.000,neutral synthetic legislature,strong-recusal-enforcement,Independent recusal enforcement with substitutes,5120,0.919,0.502,0.418,0.396,0.584,0.182,0.181,0.403,0.311,0.689,0.097,0.000,0.052,0.035,0.099,0.666,0.544,0.492,0.427,0.261,0.575,0.448,0.418,0.556,0.520,0.661,0.043,0.471,0.132,0.010,0.508,0.367,0.342,0.088,0.606,0.349,0.466,0.739,0.600,0.454,0.646,0.662,0.690,0.787,0.715,0.072,0.537,0.693,0.750,0.665,0.750,0.668,0.539,0.637,0.028,0.072,0.180,0.596,0.034,0.382,0.585,0.746,0.215,0.151,0.404,0.337,0.255,0.756,4.481,0.000,0.337,0.046,0.208,3.667,0.000,0.129,0.000,0.064,0.108,0.537,0.188,0.498,0.502,0.000,0.000,0.000,0.000,0.000,0.000,0.000,0.000,0.201,0.170,0.400,0.563,0.083,0.449,0.272,0.576,0.320,0.116,0.037,0.235,0.138,0.179,0.018,0.075,0.020,0.000,0.007,0.089,0.000,0.006,0.060,0.064,0.008,0.000,0.355,0.246,0.182,0.078,0.139,0.311,0.125,0.715,0.366,0.321,0.751,0.237,0.191,0.138,0.111,0.110,0.729,0.067,0.583,0.538,0.537,0.307,0.086,0.050,0.057,0.092,0.169,0.239
partisan-appointment-pressure,Partisan Appointment Pressure,High appointment capture and polarized justice pool.,1.000,neutral synthetic legislature,jurisdiction-stripping-constraints,Jurisdiction stripping constrained by rights carveouts,5120,0.915,0.504,0.411,0.395,0.584,0.189,0.181,0.403,0.311,0.689,0.100,0.001,0.047,0.034,0.099,0.666,0.544,0.492,0.427,0.259,0.575,0.448,0.418,0.556,0.520,0.661,0.043,0.420,0.132,0.009,0.508,0.367,0.342,0.089,0.637,0.349,0.451,0.739,0.605,0.467,0.648,0.660,0.686,0.788,0.728,0.074,0.533,0.695,0.756,0.660,0.744,0.666,0.535,0.637,0.018,0.074,0.182,0.582,0.034,0.391,0.590,0.750,0.196,0.155,0.405,0.344,0.263,0.763,4.619,0.000,0.344,0.046,0.217,3.818,0.000,0.058,0.000,0.065,0.108,0.525,0.186,0.496,0.504,0.000,0.000,0.000,0.000,0.090,0.000,0.000,0.000,0.202,0.213,0.400,0.574,0.152,0.432,0.273,0.586,0.314,0.130,0.048,0.235,0.152,0.182,0.019,0.119,0.029,0.000,0.007,0.000,0.000,0.008,0.063,0.068,0.010,0.000,0.355,0.246,0.182,0.078,0.139,0.311,0.129,0.740,0.378,0.340,0.744,0.289,0.357,0.149,0.113,0.112,0.723,0.068,0.585,0.543,0.533,0.307,0.086,0.050,0.057,0.092,0.169,0.239
partisan-appointment-pressure,Partisan Appointment Pressure,High appointment capture and polarized justice pool.,1.000,neutral synthetic legislature,legislative-override-window,Time-limited legislative override window,5120,0.923,0.510,0.413,0.404,0.584,0.195,0.181,0.403,0.311,0.689,0.102,0.001,0.058,0.032,0.099,0.666,0.544,0.492,0.427,0.261,0.575,0.448,0.418,0.556,0.520,0.661,0.043,0.472,0.132,0.011,0.508,0.367,0.342,0.094,0.607,0.350,0.451,0.739,0.600,0.434,0.646,0.655,0.687,0.781,0.720,0.077,0.524,0.691,0.749,0.663,0.756,0.667,0.529,0.638,0.019,0.077,0.185,0.580,0.032,0.401,0.592,0.743,0.204,0.148,0.400,0.350,0.254,0.727,4.478,0.000,0.350,0.044,0.210,3.701,0.000,0.060,0.000,0.071,0.111,0.534,0.190,0.490,0.510,0.000,0.000,0.000,0.000,0.090,0.023,0.038,0.000,0.212,0.204,0.416,0.579,0.157,0.449,0.279,0.572,0.311,0.137,0.048,0.244,0.158,0.184,0.012,0.058,0.014,0.158,0.007,0.066,0.000,0.009,0.069,0.068,0.011,0.000,0.355,0.246,0.182,0.078,0.139,0.311,0.125,0.694,0.370,0.261,0.773,0.158,0.179,0.153,0.111,0.104,0.734,0.070,0.579,0.524,0.524,0.307,0.086,0.050,0.057,0.092,0.169,0.239
partisan-appointment-pressure,Partisan Appointment Pressure,High appointment capture and polarized justice pool.,1.000,neutral synthetic legislature,constitutional-remand,Constitutional remand before invalidation,5120,0.925,0.504,0.421,0.398,0.584,0.180,0.181,0.403,0.311,0.689,0.095,0.001,0.053,0.041,0.099,0.666,0.544,0.492,0.427,0.225,0.575,0.448,0.418,0.556,0.520,0.661,0.043,0.428,0.132,0.009,0.508,0.367,0.342,0.076,0.621,0.350,0.454,0.739,0.604,0.451,0.646,0.669,0.710,0.799,0.709,0.073,0.552,0.709,0.759,0.688,0.785,0.682,0.561,0.630,0.028,0.073,0.179,0.608,0.024,0.376,0.598,0.756,0.274,0.105,0.409,0.339,0.253,0.745,4.447,0.000,0.339,0.046,0.207,3.639,0.000,0.080,0.000,0.095,0.074,0.535,0.182,0.496,0.504,0.000,0.391,0.043,0.000,0.057,0.013,0.023,0.001,0.195,0.143,0.405,0.545,0.126,0.435,0.274,0.594,0.320,0.118,0.041,0.242,0.149,0.176,0.015,0.053,0.013,0.149,0.004,0.063,0.000,0.005,0.062,0.061,0.010,0.000,0.355,0.246,0.182,0.078,0.139,0.311,0.108,0.621,0.316,0.341,0.629,0.239,0.198,0.111,0.096,0.088,0.763,0.068,0.599,0.561,0.552,0.307,0.086,0.050,0.057,0.092,0.169,0.239
partisan-appointment-pressure,Partisan Appointment Pressure,High appointment capture and polarized justice pool.,1.000,neutral synthetic legislature,public-interest-litigation-filter,Public-interest litigation filter,5120,0.927,0.508,0.419,0.403,0.584,0.197,0.181,0.403,0.311,0.689,0.096,0.001,0.065,0.033,0.099,0.666,0.544,0.492,0.427,0.260,0.575,0.448,0.418,0.556,0.520,0.661,0.043,0.384,0.132,0.008,0.508,0.367,0.342,0.084,0.607,0.350,0.454,0.739,0.603,0.473,0.646,0.662,0.692,0.788,0.717,0.074,0.526,0.694,0.758,0.667,0.756,0.669,0.540,0.637,0.032,0.074,0.181,0.587,0.033,0.382,0.587,0.745,0.219,0.148,0.409,0.343,0.254,0.741,4.464,0.000,0.343,0.048,0.205,3.612,0.000,0.080,0.000,0.071,0.114,0.542,0.185,0.492,0.508,0.000,0.000,0.000,0.094,0.000,0.000,0.000,0.000,0.196,0.163,0.400,0.566,0.088,0.420,0.273,0.577,0.323,0.117,0.038,0.236,0.150,0.187,0.017,0.072,0.020,0.000,0.009,0.089,0.000,0.006,0.057,0.064,0.007,0.000,0.355,0.246,0.182,0.078,0.139,0.311,0.130,0.712,0.387,0.368,0.725,0.289,0.298,0.115,0.111,0.109,0.735,0.069,0.583,0.538,0.526,0.307,0.086,0.050,0.057,0.092,0.169,0.239
partisan-appointment-pressure,Partisan Appointment Pressure,High appointment capture and polarized justice pool.,1.000,neutral synthetic legislature,emergency-integrity-package,Emergency integrity package,5120,0.920,0.504,0.416,0.403,0.584,0.185,0.181,0.403,0.311,0.689,0.099,0.001,0.066,0.035,0.099,0.666,0.544,0.492,0.427,0.257,0.575,0.448,0.418,0.556,0.520,0.661,0.043,0.471,0.132,0.009,0.508,0.367,0.342,0.078,0.610,0.303,0.466,0.739,0.602,0.486,0.686,0.669,0.689,0.791,0.719,0.017,0.574,0.695,0.766,0.662,0.743,0.665,0.542,0.640,0.028,0.017,0.171,0.631,0.039,0.380,0.590,0.758,0.247,0.166,0.463,0.336,0.336,1.000,5.918,0.000,0.336,0.083,0.336,5.918,0.000,0.127,0.000,0.068,0.108,0.535,0.190,0.496,0.504,0.000,0.000,0.000,0.000,0.000,0.000,0.000,0.000,0.195,0.181,0.355,0.565,0.090,0.449,0.240,0.581,0.311,0.125,0.040,0.224,0.149,0.173,0.016,0.077,0.021,0.000,0.007,0.094,0.000,0.007,0.062,0.069,0.008,0.000,0.355,0.246,0.182,0.078,0.139,0.311,0.139,0.837,0.378,0.387,0.953,0.342,0.357,0.096,0.124,0.126,0.730,0.063,0.591,0.538,0.574,0.307,0.086,0.050,0.057,0.092,0.169,0.239
partisan-appointment-pressure,Partisan Appointment Pressure,High appointment capture and polarized justice pool.,1.000,neutral synthetic legislature,remand-override-window-package,Constitutional remand with override window,5120,0.917,0.511,0.406,0.407,0.584,0.196,0.181,0.403,0.311,0.689,0.097,0.001,0.048,0.036,0.099,0.666,0.544,0.492,0.427,0.225,0.575,0.448,0.418,0.556,0.520,0.661,0.043,0.429,0.132,0.013,0.508,0.367,0.342,0.077,0.622,0.322,0.454,0.739,0.601,0.439,0.646,0.670,0.711,0.797,0.708,0.047,0.556,0.710,0.763,0.690,0.792,0.683,0.560,0.630,0.030,0.047,0.185,0.613,0.025,0.380,0.600,0.757,0.305,0.106,0.409,0.344,0.237,0.687,4.165,0.000,0.344,0.078,0.159,2.790,0.000,0.079,0.000,0.089,0.074,0.537,0.181,0.489,0.511,0.000,0.394,0.045,0.000,0.060,0.018,0.020,0.000,0.194,0.145,0.408,0.542,0.119,0.435,0.269,0.594,0.323,0.124,0.039,0.243,0.158,0.178,0.014,0.056,0.014,0.158,0.004,0.057,0.000,0.004,0.064,0.061,0.006,0.001,0.355,0.246,0.182,0.078,0.139,0.311,0.108,0.602,0.308,0.333,0.695,0.175,0.116,0.052,0.094,0.094,0.772,0.076,0.598,0.560,0.556,0.307,0.086,0.050,0.057,0.092,0.169,0.239
partisan-appointment-pressure,Partisan Appointment Pressure,High appointment capture and polarized justice pool.,1.000,neutral synthetic legislature,panel-jurisdiction-safeguards,Random panels with jurisdiction safeguards,5120,0.918,0.507,0.411,0.406,0.584,0.188,0.181,0.403,0.311,0.689,0.091,0.000,0.044,0.040,0.099,0.666,0.544,0.492,0.427,0.260,0.575,0.448,0.418,0.556,0.520,0.661,0.043,0.390,0.132,0.011,0.508,0.367,0.342,0.089,0.635,0.334,0.586,0.739,0.598,0.449,0.631,0.665,0.691,0.783,0.695,0.066,0.568,0.697,0.748,0.665,0.761,0.662,0.535,0.632,0.046,0.066,0.186,0.622,0.031,0.392,0.587,0.749,0.241,0.141,0.378,0.340,0.196,0.577,3.454,0.000,0.340,0.083,0.113,1.990,0.144,0.552,0.000,0.101,0.076,0.465,0.156,0.805,0.195,0.000,0.000,0.000,0.000,0.077,0.000,0.000,0.000,0.200,0.198,0.429,0.572,0.138,0.422,0.280,0.584,0.316,0.126,0.041,0.243,0.154,0.187,0.020,0.120,0.024,0.000,0.008,0.000,0.000,0.007,0.060,0.068,0.012,0.000,0.355,0.246,0.182,0.078,0.139,0.311,0.114,0.605,0.341,0.302,0.670,0.263,0.143,0.092,0.102,0.109,0.742,0.078,0.582,0.544,0.568,0.307,0.086,0.050,0.057,0.092,0.169,0.239
partisan-appointment-pressure,Partisan Appointment Pressure,High appointment capture and polarized justice pool.,1.000,neutral synthetic legislature,council-concrete-hybrid,Constitutional council with concrete-review backstop,5120,0.928,0.507,0.421,0.397,0.584,0.192,0.181,0.403,0.311,0.689,0.096,0.001,0.044,0.040,0.099,0.666,0.544,0.492,0.427,0.258,0.575,0.448,0.418,0.556,0.520,0.661,0.043,0.460,0.132,0.009,0.508,0.367,0.342,0.084,0.647,0.350,0.532,0.739,0.596,0.425,0.645,0.670,0.700,0.789,0.697,0.076,0.582,0.703,0.751,0.678,0.772,0.673,0.553,0.633,0.023,0.076,0.183,0.639,0.027,0.390,0.600,0.756,0.280,0.124,0.407,0.349,0.245,0.702,4.306,0.000,0.349,0.042,0.203,3.567,0.000,0.426,0.000,0.099,0.110,0.538,0.185,0.814,0.186,0.000,0.345,0.000,0.000,0.064,0.015,0.030,0.002,0.205,0.169,0.415,0.563,0.138,0.445,0.278,0.597,0.314,0.131,0.047,0.238,0.160,0.186,0.012,0.055,0.013,0.160,0.005,0.063,0.000,0.007,0.065,0.063,0.007,0.000,0.355,0.246,0.182,0.078,0.139,0.311,0.108,0.623,0.313,0.230,0.730,0.184,0.107,0.073,0.103,0.089,0.750,0.069,0.590,0.551,0.582,0.307,0.086,0.050,0.057,0.092,0.169,0.239
partisan-appointment-pressure,Partisan Appointment Pressure,High appointment capture and polarized justice pool.,1.000,neutral synthetic legislature,judicial-electorate-selection,Judicial electorate selection court,5120,0.925,0.509,0.415,0.406,0.584,0.194,0.181,0.403,0.311,0.689,0.107,0.001,0.060,0.047,0.099,0.666,0.544,0.492,0.427,0.259,0.575,0.448,0.418,0.556,0.520,0.661,0.043,0.470,0.132,0.012,0.508,0.367,0.342,0.078,0.607,0.349,0.453,0.739,0.596,0.456,0.644,0.664,0.692,0.790,0.710,0.073,0.542,0.694,0.753,0.667,0.755,0.670,0.541,0.634,0.025,0.073,0.178,0.596,0.036,0.383,0.587,0.748,0.255,0.145,0.406,0.334,0.249,0.746,4.381,0.000,0.334,0.049,0.200,3.522,0.000,0.061,0.000,0.061,0.110,0.551,0.192,0.491,0.509,0.000,0.000,0.000,0.000,0.000,0.000,0.000,0.000,0.196,0.162,0.394,0.534,0.089,0.449,0.271,0.578,0.314,0.124,0.039,0.230,0.155,0.139,0.013,0.083,0.018,0.000,0.007,0.083,0.000,0.007,0.062,0.065,0.007,0.000,0.355,0.246,0.182,0.078,0.139,0.311,0.120,0.698,0.342,0.353,0.730,0.237,0.286,0.142,0.110,0.106,0.734,0.068,0.585,0.540,0.542,0.307,0.086,0.050,0.057,0.092,0.169,0.239
rights-risk-legislation,Rights-Risk Legislation,Legislative output creates concentrated rights burdens and weak mandates.,1.000,rights-risk synthetic legislature,current-us-like,Stylized current U.S.-like supreme court,5120,0.932,0.545,0.387,0.437,0.555,0.212,0.190,0.365,0.342,0.658,0.106,0.001,0.068,0.036,0.118,0.751,0.593,0.543,0.422,0.356,0.618,0.478,0.440,0.591,0.653,0.704,0.053,0.575,0.111,0.003,0.569,0.386,0.438,0.210,0.503,0.556,0.486,0.784,0.533,0.497,0.446,0.580,0.547,0.681,0.662,0.291,0.352,0.574,0.644,0.520,0.524,0.580,0.421,0.595,0.051,0.291,0.307,0.444,0.093,0.549,0.592,0.643,0.152,0.260,0.293,0.427,0.127,0.298,1.958,0.127,0.000,0.127,0.000,0.000,0.000,0.018,0.000,0.040,0.314,0.103,0.144,0.455,0.545,0.000,0.000,0.000,0.000,0.000,0.000,0.000,0.000,0.305,0.333,0.647,0.787,0.120,0.510,0.458,0.471,0.294,0.185,0.078,0.313,0.175,0.332,0.027,0.100,0.036,0.000,0.030,0.111,0.000,0.002,0.093,0.104,0.027,0.007,0.294,0.287,0.177,0.081,0.162,0.618,0.283,0.801,0.419,0.474,0.996,0.428,0.467,0.268,0.150,0.194,0.482,0.172,0.489,0.412,0.352,0.217,0.060,0.050,0.065,0.103,0.187,0.317
rights-risk-legislation,Rights-Risk Legislation,Legislative output creates concentrated rights burdens and weak mandates.,1.000,rights-risk synthetic legislature,term-limited-balanced,18-year staggered terms + regular appointments,5120,0.940,0.539,0.401,0.425,0.555,0.205,0.190,0.365,0.342,0.658,0.108,0.001,0.068,0.035,0.118,0.751,0.593,0.543,0.422,0.347,0.618,0.478,0.440,0.591,0.653,0.704,0.053,0.534,0.111,0.006,0.569,0.386,0.438,0.187,0.511,0.402,0.491,0.784,0.541,0.490,0.631,0.614,0.543,0.709,0.686,0.095,0.489,0.575,0.711,0.510,0.486,0.570,0.440,0.584,0.046,0.095,0.226,0.573,0.135,0.509,0.618,0.694,0.190,0.381,0.426,0.390,0.329,0.844,5.063,0.000,0.390,0.114,0.215,3.306,0.000,0.048,0.000,0.087,0.110,0.096,0.088,0.461,0.539,0.000,0.000,0.000,0.000,0.000,0.000,0.000,0.000,0.279,0.403,0.467,0.796,0.135,0.496,0.322,0.486,0.271,0.189,0.075,0.278,0.184,0.333,0.029,0.098,0.038,0.000,0.028,0.112,0.000,0.004,0.090,0.113,0.029,0.005,0.294,0.287,0.177,0.081,0.162,0.618,0.276,0.790,0.446,0.520,0.793,0.284,0.466,0.262,0.192,0.271,0.481,0.098,0.505,0.428,0.489,0.217,0.060,0.050,0.065,0.103,0.187,0.317
rights-risk-legislation,Rights-Risk Legislation,Legislative output creates concentrated rights burdens and weak mandates.,1.000,rights-risk synthetic legislature,nonpartisan-commission,Nonpartisan commission appointments,5120,0.946,0.545,0.401,0.425,0.555,0.211,0.190,0.365,0.342,0.658,0.113,0.001,0.062,0.043,0.118,0.751,0.593,0.543,0.422,0.346,0.618,0.478,0.440,0.591,0.653,0.704,0.053,0.533,0.111,0.004,0.569,0.386,0.438,0.183,0.512,0.403,0.495,0.784,0.538,0.491,0.631,0.619,0.541,0.712,0.680,0.096,0.505,0.574,0.713,0.508,0.482,0.569,0.439,0.589,0.032,0.096,0.230,0.581,0.139,0.512,0.621,0.697,0.213,0.384,0.429,0.397,0.336,0.846,5.168,0.000,0.397,0.118,0.218,3.354,0.000,0.067,0.000,0.079,0.114,0.090,0.087,0.455,0.545,0.000,0.000,0.000,0.000,0.000,0.000,0.000,0.000,0.271,0.400,0.470,0.748,0.135,0.496,0.324,0.485,0.284,0.189,0.082,0.286,0.171,0.252,0.028,0.096,0.039,0.000,0.028,0.111,0.000,0.004,0.096,0.105,0.034,0.008,0.294,0.287,0.177,0.081,0.162,0.618,0.282,0.807,0.452,0.495,0.818,0.300,0.490,0.293,0.195,0.275,0.478,0.100,0.504,0.428,0.505,0.217,0.060,0.050,0.065,0.103,0.187,0.317
rights-risk-legislation,Rights-Risk Legislation,Legislative output creates concentrated rights burdens and weak mandates.,1.000,rights-risk synthetic legislature,expanded-court-fifteen,Expanded 15-seat court,5120,0.937,0.545,0.392,0.435,0.555,0.216,0.190,0.365,0.342,0.658,0.105,0.001,0.067,0.033,0.118,0.751,0.593,0.543,0.422,0.345,0.618,0.478,0.440,0.591,0.653,0.704,0.053,0.533,0.111,0.005,0.569,0.386,0.438,0.174,0.512,0.403,0.497,0.784,0.535,0.500,0.630,0.619,0.541,0.713,0.677,0.098,0.501,0.574,0.713,0.509,0.483,0.569,0.441,0.588,0.031,0.098,0.233,0.584,0.137,0.512,0.621,0.697,0.228,0.382,0.428,0.399,0.337,0.844,5.183,0.000,0.399,0.122,0.215,3.306,0.000,0.049,0.000,0.081,0.429,0.105,0.171,0.455,0.545,0.000,0.000,0.000,0.000,0.000,0.000,0.000,0.000,0.277,0.394,0.464,0.791,0.134,0.496,0.323,0.486,0.281,0.195,0.084,0.281,0.175,0.329,0.031,0.103,0.044,0.000,0.029,0.106,0.000,0.004,0.094,0.108,0.029,0.005,0.294,0.287,0.177,0.081,0.162,0.618,0.278,0.793,0.453,0.521,0.785,0.328,0.435,0.266,0.194,0.274,0.470,0.101,0.506,0.429,0.501,0.217,0.060,0.050,0.065,0.103,0.187,0.317
rights-risk-legislation,Rights-Risk Legislation,Legislative output creates concentrated rights burdens and weak mandates.,1.000,rights-risk synthetic legislature,supermajority-review,60 percent invalidation threshold,5120,0.942,0.542,0.399,0.434,0.555,0.210,0.190,0.365,0.342,0.658,0.118,0.002,0.078,0.049,0.118,0.751,0.593,0.543,0.422,0.347,0.618,0.478,0.440,0.591,0.653,0.704,0.053,0.532,0.111,0.005,0.569,0.386,0.438,0.173,0.509,0.388,0.491,0.784,0.546,0.466,0.608,0.617,0.562,0.710,0.689,0.089,0.472,0.584,0.709,0.530,0.538,0.575,0.442,0.576,0.050,0.089,0.235,0.558,0.119,0.507,0.609,0.690,0.185,0.335,0.390,0.388,0.284,0.732,4.363,0.000,0.388,0.196,0.088,1.354,0.104,0.045,0.000,0.040,0.112,0.089,0.085,0.458,0.542,0.000,0.000,0.000,0.000,0.000,0.000,0.000,0.000,0.271,0.348,0.468,0.777,0.123,0.496,0.324,0.486,0.301,0.173,0.066,0.284,0.173,0.327,0.034,0.092,0.036,0.000,0.029,0.110,0.000,0.003,0.083,0.096,0.026,0.005,0.294,0.287,0.177,0.081,0.162,0.618,0.247,0.663,0.388,0.466,0.651,0.252,0.471,0.262,0.171,0.256,0.528,0.117,0.506,0.433,0.472,0.217,0.060,0.050,0.065,0.103,0.187,0.317
rights-risk-legislation,Rights-Risk Legislation,Legislative output creates concentrated rights burdens and weak mandates.,1.000,rights-risk synthetic legislature,recusal-and-emergency-reform,Peer recusal + reasoned emergency docket,5120,0.936,0.544,0.392,0.430,0.555,0.213,0.190,0.365,0.342,0.658,0.111,0.002,0.061,0.049,0.118,0.751,0.593,0.543,0.422,0.345,0.618,0.478,0.440,0.591,0.653,0.704,0.053,0.533,0.111,0.006,0.569,0.386,0.438,0.175,0.512,0.402,0.496,0.784,0.538,0.495,0.634,0.620,0.543,0.711,0.678,0.096,0.496,0.576,0.711,0.510,0.485,0.569,0.442,0.591,0.051,0.096,0.232,0.581,0.137,0.509,0.621,0.696,0.221,0.382,0.433,0.401,0.345,0.860,5.306,0.000,0.401,0.116,0.229,3.526,0.000,0.077,0.000,0.082,0.109,0.099,0.093,0.456,0.544,0.000,0.000,0.000,0.000,0.000,0.000,0.000,0.000,0.275,0.392,0.460,0.791,0.129,0.496,0.320,0.487,0.285,0.183,0.071,0.283,0.174,0.327,0.028,0.103,0.035,0.000,0.028,0.106,0.000,0.004,0.092,0.105,0.030,0.006,0.294,0.287,0.177,0.081,0.162,0.618,0.283,0.805,0.452,0.498,0.818,0.308,0.467,0.316,0.195,0.274,0.480,0.099,0.507,0.431,0.496,0.217,0.060,0.050,0.065,0.103,0.187,0.317
rights-risk-legislation,Rights-Risk Legislation,Legislative output creates concentrated rights burdens and weak mandates.,1.000,rights-risk synthetic legislature,panel-en-banc,Three-judge panels with en banc correction,5120,0.935,0.552,0.383,0.437,0.555,0.224,0.190,0.365,0.342,0.658,0.109,0.002,0.056,0.041,0.118,0.751,0.593,0.543,0.422,0.346,0.618,0.478,0.440,0.591,0.653,0.704,0.053,0.503,0.111,0.004,0.569,0.386,0.438,0.178,0.512,0.403,0.577,0.784,0.536,0.500,0.633,0.627,0.543,0.710,0.660,0.099,0.547,0.576,0.711,0.509,0.485,0.569,0.439,0.593,0.049,0.099,0.236,0.626,0.133,0.514,0.622,0.699,0.232,0.380,0.436,0.411,0.346,0.843,5.327,0.000,0.411,0.117,0.229,3.526,0.000,0.443,0.000,0.303,0.075,0.087,0.074,0.756,0.244,0.000,0.000,0.000,0.000,0.000,0.000,0.000,0.000,0.268,0.389,0.466,0.740,0.132,0.486,0.324,0.485,0.286,0.189,0.078,0.294,0.183,0.244,0.033,0.100,0.036,0.000,0.032,0.111,0.000,0.003,0.091,0.111,0.031,0.007,0.294,0.287,0.177,0.081,0.162,0.618,0.286,0.798,0.469,0.496,0.764,0.332,0.489,0.304,0.195,0.273,0.481,0.102,0.505,0.427,0.547,0.217,0.060,0.050,0.065,0.103,0.187,0.317
rights-risk-legislation,Rights-Risk Legislation,Legislative output creates concentrated rights burdens and weak mandates.,1.000,rights-risk synthetic legislature,cross-checking-courts,Supreme court with cross-checking constitutional court,5120,0.937,0.551,0.385,0.438,0.555,0.222,0.190,0.365,0.342,0.658,0.107,0.002,0.050,0.043,0.118,0.751,0.593,0.543,0.422,0.326,0.618,0.478,0.440,0.591,0.653,0.704,0.053,0.531,0.111,0.004,0.569,0.386,0.438,0.173,0.530,0.388,0.504,0.784,0.532,0.409,0.610,0.617,0.588,0.714,0.668,0.091,0.506,0.602,0.712,0.557,0.616,0.596,0.426,0.551,0.021,0.091,0.245,0.583,0.083,0.527,0.588,0.693,0.299,0.230,0.400,0.406,0.290,0.713,4.453,0.000,0.406,0.193,0.097,1.492,0.117,0.120,0.000,0.098,0.110,0.118,0.099,0.449,0.551,0.173,0.000,0.000,0.000,0.000,0.000,0.000,0.000,0.255,0.276,0.469,0.712,0.108,0.495,0.325,0.491,0.311,0.169,0.065,0.282,0.173,0.243,0.031,0.092,0.033,0.000,0.027,0.115,0.000,0.004,0.078,0.099,0.028,0.002,0.294,0.287,0.177,0.081,0.162,0.618,0.170,0.454,0.281,0.274,0.371,0.240,0.294,0.213,0.146,0.186,0.601,0.119,0.517,0.419,0.506,0.217,0.060,0.050,0.065,0.103,0.187,0.317
rights-risk-legislation,Rights-Risk Legislation,Legislative output creates concentrated rights burdens and weak mandates.,1.000,rights-risk synthetic legislature,dual-supreme-courts,Dual supreme courts with disagreement filter,5120,0.938,0.547,0.391,0.436,0.555,0.214,0.190,0.365,0.342,0.658,0.106,0.001,0.068,0.032,0.118,0.751,0.593,0.543,0.422,0.348,0.618,0.478,0.440,0.591,0.653,0.704,0.053,0.533,0.111,0.005,0.569,0.386,0.438,0.179,0.509,0.388,0.509,0.784,0.510,0.489,0.607,0.617,0.521,0.704,0.656,0.093,0.506,0.561,0.712,0.487,0.448,0.560,0.418,0.585,0.020,0.093,0.243,0.584,0.142,0.542,0.621,0.694,0.331,0.384,0.390,0.401,0.288,0.717,4.420,0.000,0.401,0.203,0.084,1.294,0.113,0.124,0.000,0.094,0.110,0.098,0.090,0.453,0.547,0.159,0.000,0.000,0.000,0.000,0.000,0.000,0.000,0.272,0.396,0.468,0.770,0.130,0.496,0.325,0.475,0.293,0.184,0.074,0.281,0.177,0.261,0.031,0.099,0.034,0.000,0.030,0.111,0.000,0.002,0.093,0.102,0.036,0.006,0.294,0.287,0.177,0.081,0.162,0.618,0.276,0.752,0.426,0.542,0.804,0.276,0.492,0.275,0.195,0.290,0.444,0.120,0.498,0.411,0.506,0.217,0.060,0.050,0.065,0.103,0.187,0.317
rights-risk-legislation,Rights-Risk Legislation,Legislative output creates concentrated rights burdens and weak mandates.,1.000,rights-risk synthetic legislature,comparative-constitutional-senates,Comparative 16-seat constitutional senates,5120,0.936,0.533,0.403,0.418,0.555,0.198,0.190,0.365,0.342,0.658,0.102,0.002,0.046,0.040,0.118,0.751,0.593,0.543,0.422,0.346,0.618,0.478,0.440,0.591,0.653,0.704,0.053,0.562,0.111,0.003,0.569,0.386,0.438,0.165,0.509,0.387,0.611,0.784,0.539,0.462,0.608,0.627,0.571,0.717,0.651,0.089,0.532,0.590,0.704,0.540,0.558,0.581,0.447,0.574,0.027,0.089,0.237,0.608,0.115,0.501,0.605,0.698,0.256,0.312,0.383,0.391,0.285,0.728,4.378,0.000,0.391,0.198,0.087,1.336,0.106,0.437,0.000,0.116,0.114,0.101,0.088,0.770,0.230,0.000,0.000,0.000,0.000,0.000,0.000,0.000,0.000,0.263,0.336,0.466,0.730,0.119,0.506,0.324,0.488,0.292,0.172,0.068,0.277,0.165,0.250,0.029,0.095,0.037,0.000,0.027,0.106,0.000,0.004,0.083,0.096,0.026,0.004,0.294,0.287,0.177,0.081,0.162,0.618,0.238,0.657,0.375,0.436,0.680,0.264,0.431,0.232,0.163,0.243,0.547,0.117,0.510,0.438,0.532,0.217,0.060,0.050,0.065,0.103,0.187,0.317
rights-risk-legislation,Rights-Risk Legislation,Legislative output creates concentrated rights burdens and weak mandates.,1.000,rights-risk synthetic legislature,constitutional-council,Pre-enactment constitutional council,5120,0.937,0.549,0.388,0.436,0.555,0.215,0.190,0.365,0.342,0.658,0.110,0.001,0.057,0.045,0.118,0.751,0.593,0.543,0.422,0.345,0.618,0.478,0.440,0.591,0.653,0.704,0.053,0.523,0.111,0.004,0.569,0.386,0.438,0.192,0.560,0.403,0.536,0.784,0.526,0.494,0.634,0.625,0.539,0.701,0.663,0.097,0.577,0.578,0.717,0.509,0.485,0.566,0.445,0.593,0.039,0.097,0.233,0.652,0.134,0.548,0.656,0.709,0.303,0.377,0.442,0.406,0.345,0.849,5.297,0.000,0.406,0.115,0.230,3.535,0.000,0.308,0.000,0.115,0.074,0.112,0.088,0.768,0.232,0.000,0.544,0.000,0.000,0.251,0.087,0.106,0.018,0.289,0.453,0.478,0.772,0.293,0.493,0.327,0.504,0.276,0.211,0.094,0.298,0.205,0.262,0.019,0.065,0.025,0.205,0.021,0.074,0.000,0.004,0.103,0.111,0.033,0.010,0.294,0.287,0.177,0.081,0.162,0.618,0.280,0.790,0.447,0.508,0.771,0.316,0.488,0.291,0.194,0.256,0.480,0.101,0.508,0.423,0.577,0.217,0.060,0.050,0.065,0.103,0.187,0.317
rights-risk-legislation,Rights-Risk Legislation,Legislative output creates concentrated rights burdens and weak mandates.,1.000,rights-risk synthetic legislature,legislative-override,Judicial review with legislative supermajority override,5120,0.940,0.545,0.396,0.428,0.555,0.216,0.190,0.365,0.342,0.658,0.099,0.001,0.053,0.032,0.118,0.751,0.593,0.543,0.422,0.349,0.618,0.478,0.440,0.591,0.653,0.704,0.053,0.534,0.111,0.005,0.569,0.386,0.438,0.205,0.512,0.402,0.492,0.784,0.530,0.493,0.633,0.606,0.532,0.698,0.680,0.096,0.509,0.568,0.712,0.499,0.483,0.564,0.416,0.592,0.020,0.096,0.230,0.581,0.139,0.548,0.634,0.695,0.221,0.379,0.429,0.399,0.343,0.861,5.279,0.000,0.399,0.118,0.226,3.471,0.000,0.050,0.000,0.073,0.110,0.099,0.090,0.455,0.545,0.000,0.000,0.000,0.000,0.263,0.072,0.100,0.019,0.291,0.475,0.467,0.775,0.309,0.496,0.323,0.475,0.264,0.220,0.104,0.282,0.201,0.266,0.018,0.068,0.034,0.201,0.022,0.068,0.000,0.004,0.106,0.115,0.035,0.009,0.294,0.287,0.177,0.081,0.162,0.618,0.277,0.781,0.441,0.513,0.749,0.332,0.450,0.299,0.193,0.260,0.478,0.100,0.498,0.397,0.509,0.217,0.060,0.050,0.065,0.103,0.187,0.317
rights-risk-legislation,Rights-Risk Legislation,Legislative output creates concentrated rights burdens and weak mandates.,1.000,rights-risk synthetic legislature,accountability-retention-court,Retention-election accountability court,5120,0.939,0.549,0.390,0.439,0.555,0.219,0.190,0.365,0.342,0.658,0.113,0.001,0.066,0.044,0.118,0.751,0.593,0.543,0.422,0.346,0.618,0.478,0.440,0.591,0.653,0.704,0.053,0.533,0.111,0.004,0.569,0.386,0.438,0.183,0.514,0.403,0.492,0.784,0.534,0.498,0.633,0.616,0.538,0.705,0.681,0.098,0.508,0.570,0.715,0.507,0.489,0.575,0.424,0.575,0.030,0.098,0.234,0.582,0.132,0.542,0.645,0.696,0.215,0.374,0.437,0.405,0.342,0.844,5.258,0.000,0.405,0.115,0.227,3.486,0.000,0.052,0.000,0.132,0.316,0.122,0.151,0.451,0.549,0.000,0.000,0.000,0.000,0.241,0.131,0.000,0.026,0.275,0.407,0.469,0.775,0.169,0.496,0.324,0.481,0.293,0.193,0.082,0.293,0.187,0.270,0.022,0.065,0.026,0.187,0.021,0.072,0.000,0.002,0.095,0.098,0.033,0.007,0.294,0.287,0.177,0.081,0.162,0.618,0.281,0.787,0.453,0.515,0.727,0.344,0.476,0.299,0.193,0.247,0.478,0.101,0.504,0.408,0.508,0.217,0.060,0.050,0.065,0.103,0.187,0.317
rights-risk-legislation,Rights-Risk Legislation,Legislative output creates concentrated rights burdens and weak mandates.,1.000,rights-risk synthetic legislature,emergency-restraint-court,No emergency relief without merits review,5120,0.940,0.550,0.391,0.438,0.555,0.219,0.190,0.365,0.342,0.658,0.107,0.001,0.060,0.037,0.118,0.751,0.593,0.543,0.422,0.342,0.618,0.478,0.440,0.591,0.653,0.704,0.053,0.534,0.111,0.004,0.569,0.386,0.438,0.180,0.517,0.335,0.502,0.784,0.541,0.543,0.692,0.633,0.524,0.717,0.690,0.018,0.567,0.568,0.736,0.487,0.436,0.552,0.439,0.603,0.035,0.018,0.215,0.641,0.160,0.514,0.638,0.717,0.230,0.457,0.518,0.397,0.397,1.000,6.105,0.000,0.397,0.000,0.397,6.105,0.000,0.107,0.000,0.084,0.113,0.084,0.083,0.450,0.550,0.000,0.000,0.000,0.000,0.000,0.000,0.000,0.000,0.267,0.442,0.426,0.772,0.143,0.496,0.278,0.489,0.289,0.184,0.081,0.278,0.181,0.261,0.027,0.098,0.035,0.000,0.033,0.109,0.000,0.004,0.090,0.109,0.037,0.008,0.294,0.287,0.177,0.081,0.162,0.618,0.329,0.986,0.510,0.564,0.996,0.464,0.566,0.322,0.229,0.301,0.445,0.074,0.510,0.428,0.567,0.217,0.060,0.050,0.065,0.103,0.187,0.317
rights-risk-legislation,Rights-Risk Legislation,Legislative output creates concentrated rights burdens and weak mandates.,1.000,rights-risk synthetic legislature,randomized-merits-panels,Randomized merits panels with en banc correction,5120,0.938,0.543,0.395,0.427,0.555,0.205,0.190,0.365,0.342,0.658,0.103,0.001,0.052,0.036,0.118,0.751,0.593,0.543,0.422,0.346,0.618,0.478,0.440,0.591,0.653,0.704,0.053,0.502,0.111,0.006,0.569,0.386,0.438,0.175,0.512,0.402,0.592,0.784,0.536,0.493,0.634,0.628,0.546,0.714,0.656,0.096,0.544,0.577,0.711,0.513,0.490,0.572,0.443,0.589,0.048,0.096,0.229,0.621,0.135,0.506,0.619,0.700,0.237,0.372,0.427,0.399,0.344,0.861,5.282,0.000,0.399,0.112,0.231,3.559,0.000,0.447,0.000,0.111,0.075,0.091,0.072,0.748,0.252,0.000,0.000,0.000,0.000,0.000,0.000,0.000,0.000,0.264,0.383,0.455,0.734,0.133,0.486,0.318,0.487,0.283,0.185,0.072,0.278,0.189,0.239,0.030,0.101,0.035,0.000,0.024,0.107,0.000,0.003,0.092,0.108,0.030,0.005,0.294,0.287,0.177,0.081,0.162,0.618,0.278,0.797,0.447,0.507,0.764,0.296,0.472,0.297,0.192,0.266,0.486,0.098,0.507,0.433,0.544,0.217,0.060,0.050,0.065,0.103,0.187,0.317
rights-risk-legislation,Rights-Risk Legislation,Legislative output creates concentrated rights burdens and weak mandates.,1.000,rights-risk synthetic legislature,mandatory-written-emergency-reasoning,Mandatory written emergency reasoning,5120,0.940,0.538,0.403,0.430,0.555,0.203,0.190,0.365,0.342,0.658,0.109,0.001,0.059,0.040,0.118,0.751,0.593,0.543,0.422,0.346,0.618,0.478,0.440,0.591,0.653,0.704,0.053,0.533,0.111,0.007,0.569,0.386,0.438,0.174,0.511,0.375,0.491,0.784,0.538,0.476,0.622,0.617,0.551,0.710,0.683,0.067,0.486,0.579,0.714,0.518,0.504,0.573,0.443,0.582,0.050,0.067,0.232,0.571,0.131,0.508,0.615,0.695,0.227,0.366,0.412,0.387,0.327,0.844,5.021,0.000,0.387,0.193,0.133,2.051,0.000,0.047,0.000,0.083,0.113,0.094,0.087,0.463,0.538,0.000,0.000,0.000,0.000,0.000,0.000,0.000,0.000,0.273,0.380,0.462,0.786,0.130,0.496,0.317,0.487,0.285,0.183,0.075,0.277,0.170,0.325,0.028,0.098,0.034,0.000,0.026,0.109,0.000,0.003,0.089,0.102,0.030,0.004,0.294,0.287,0.177,0.081,0.162,0.618,0.265,0.743,0.407,0.476,0.753,0.268,0.466,0.317,0.182,0.276,0.498,0.114,0.507,0.432,0.486,0.217,0.060,0.050,0.065,0.103,0.187,0.317
rights-risk-legislation,Rights-Risk Legislation,Legislative output creates concentrated rights burdens and weak mandates.,1.000,rights-risk synthetic legislature,automatic-merits-follow-up,Automatic merits follow-up for emergency relief,5120,0.935,0.544,0.391,0.425,0.555,0.213,0.190,0.365,0.342,0.658,0.113,0.001,0.057,0.047,0.118,0.751,0.593,0.543,0.422,0.343,0.618,0.478,0.440,0.591,0.653,0.704,0.053,0.534,0.111,0.002,0.569,0.386,0.438,0.186,0.517,0.354,0.491,0.784,0.537,0.543,0.690,0.625,0.523,0.714,0.685,0.026,0.540,0.568,0.732,0.486,0.431,0.551,0.440,0.602,0.050,0.026,0.215,0.622,0.159,0.511,0.636,0.713,0.245,0.461,0.512,0.397,0.397,1.000,6.099,0.000,0.397,0.204,0.397,6.099,0.000,0.047,0.000,0.081,0.110,0.089,0.085,0.456,0.544,0.000,0.000,0.000,0.000,0.000,0.000,0.000,0.000,0.275,0.458,0.417,0.810,0.143,0.496,0.277,0.488,0.274,0.196,0.081,0.267,0.176,0.326,0.025,0.100,0.038,0.000,0.035,0.116,0.000,0.004,0.098,0.108,0.035,0.008,0.294,0.287,0.177,0.081,0.162,0.618,0.331,0.989,0.517,0.594,0.996,0.436,0.568,0.315,0.230,0.341,0.441,0.060,0.508,0.427,0.540,0.217,0.060,0.050,0.065,0.103,0.187,0.317
rights-risk-legislation,Rights-Risk Legislation,Legislative output creates concentrated rights burdens and weak mandates.,1.000,rights-risk synthetic legislature,strong-recusal-enforcement,Independent recusal enforcement with substitutes,5120,0.935,0.538,0.397,0.429,0.555,0.198,0.190,0.365,0.342,0.658,0.112,0.002,0.062,0.048,0.118,0.751,0.593,0.543,0.422,0.347,0.618,0.478,0.440,0.591,0.653,0.704,0.053,0.533,0.111,0.004,0.569,0.386,0.438,0.183,0.512,0.403,0.506,0.784,0.536,0.493,0.632,0.623,0.544,0.713,0.674,0.096,0.516,0.576,0.713,0.511,0.486,0.570,0.442,0.588,0.031,0.096,0.230,0.593,0.133,0.508,0.619,0.698,0.233,0.382,0.428,0.396,0.337,0.850,5.183,0.000,0.396,0.116,0.221,3.393,0.000,0.110,0.000,0.084,0.109,0.096,0.087,0.463,0.538,0.000,0.000,0.000,0.000,0.000,0.000,0.000,0.000,0.271,0.397,0.476,0.754,0.129,0.496,0.326,0.486,0.291,0.176,0.069,0.291,0.172,0.252,0.026,0.090,0.034,0.000,0.029,0.113,0.000,0.004,0.087,0.098,0.032,0.007,0.294,0.287,0.177,0.081,0.162,0.618,0.279,0.800,0.441,0.521,0.767,0.296,0.472,0.313,0.193,0.273,0.482,0.099,0.506,0.431,0.516,0.217,0.060,0.050,0.065,0.103,0.187,0.317
rights-risk-legislation,Rights-Risk Legislation,Legislative output creates concentrated rights burdens and weak mandates.,1.000,rights-risk synthetic legislature,jurisdiction-stripping-constraints,Jurisdiction stripping constrained by rights carveouts,5120,0.937,0.548,0.389,0.435,0.555,0.216,0.190,0.365,0.342,0.658,0.113,0.001,0.068,0.040,0.118,0.751,0.593,0.543,0.422,0.347,0.618,0.478,0.440,0.591,0.653,0.704,0.053,0.484,0.111,0.005,0.569,0.386,0.438,0.201,0.542,0.402,0.491,0.784,0.535,0.499,0.634,0.614,0.530,0.704,0.687,0.095,0.519,0.572,0.718,0.496,0.470,0.565,0.421,0.593,0.020,0.095,0.230,0.584,0.142,0.537,0.633,0.701,0.214,0.389,0.435,0.398,0.340,0.854,5.225,0.000,0.398,0.110,0.229,3.529,0.000,0.048,0.000,0.081,0.111,0.094,0.087,0.452,0.548,0.000,0.000,0.000,0.000,0.263,0.000,0.000,0.000,0.284,0.515,0.464,0.765,0.299,0.480,0.321,0.489,0.270,0.218,0.099,0.279,0.203,0.261,0.029,0.168,0.055,0.000,0.034,0.000,0.000,0.003,0.107,0.115,0.038,0.008,0.294,0.287,0.177,0.081,0.162,0.618,0.290,0.810,0.478,0.512,0.760,0.316,0.509,0.306,0.197,0.277,0.466,0.098,0.503,0.411,0.519,0.217,0.060,0.050,0.065,0.103,0.187,0.317
rights-risk-legislation,Rights-Risk Legislation,Legislative output creates concentrated rights burdens and weak mandates.,1.000,rights-risk synthetic legislature,legislative-override-window,Time-limited legislative override window,5120,0.941,0.545,0.396,0.434,0.555,0.211,0.190,0.365,0.342,0.658,0.106,0.001,0.066,0.044,0.118,0.751,0.593,0.543,0.422,0.348,0.618,0.478,0.440,0.591,0.653,0.704,0.053,0.534,0.111,0.004,0.569,0.386,0.438,0.194,0.514,0.402,0.491,0.784,0.532,0.493,0.633,0.613,0.534,0.701,0.680,0.097,0.509,0.570,0.713,0.501,0.483,0.566,0.421,0.592,0.020,0.097,0.233,0.581,0.132,0.547,0.635,0.696,0.221,0.383,0.432,0.404,0.346,0.858,5.327,0.000,0.404,0.118,0.229,3.520,0.000,0.047,0.000,0.075,0.112,0.097,0.089,0.455,0.545,0.000,0.000,0.000,0.000,0.262,0.082,0.105,0.000,0.289,0.471,0.469,0.774,0.301,0.496,0.324,0.479,0.272,0.213,0.095,0.286,0.194,0.257,0.017,0.066,0.029,0.194,0.022,0.071,0.000,0.004,0.102,0.115,0.038,0.007,0.294,0.287,0.177,0.081,0.162,0.618,0.281,0.805,0.450,0.488,0.782,0.332,0.456,0.325,0.195,0.261,0.478,0.100,0.501,0.401,0.509,0.217,0.060,0.050,0.065,0.103,0.187,0.317
rights-risk-legislation,Rights-Risk Legislation,Legislative output creates concentrated rights burdens and weak mandates.,1.000,rights-risk synthetic legislature,constitutional-remand,Constitutional remand before invalidation,5120,0.939,0.559,0.380,0.443,0.555,0.227,0.190,0.365,0.342,0.658,0.111,0.002,0.081,0.042,0.118,0.751,0.593,0.543,0.422,0.307,0.618,0.478,0.440,0.591,0.653,0.704,0.053,0.491,0.111,0.007,0.569,0.386,0.438,0.178,0.535,0.403,0.495,0.784,0.550,0.479,0.634,0.628,0.595,0.720,0.665,0.099,0.545,0.613,0.722,0.568,0.615,0.599,0.459,0.590,0.035,0.099,0.234,0.619,0.095,0.516,0.642,0.709,0.313,0.276,0.436,0.408,0.346,0.849,5.321,0.000,0.408,0.114,0.232,3.571,0.000,0.068,0.000,0.102,0.073,0.116,0.092,0.441,0.559,0.000,0.558,0.098,0.000,0.185,0.057,0.086,0.012,0.267,0.351,0.465,0.718,0.244,0.482,0.323,0.508,0.287,0.201,0.092,0.293,0.188,0.254,0.021,0.071,0.026,0.188,0.019,0.070,0.000,0.003,0.097,0.105,0.030,0.005,0.294,0.287,0.177,0.081,0.162,0.618,0.252,0.704,0.438,0.444,0.656,0.277,0.418,0.226,0.162,0.220,0.603,0.101,0.529,0.443,0.545,0.217,0.060,0.050,0.065,0.103,0.187,0.317
rights-risk-legislation,Rights-Risk Legislation,Legislative output creates concentrated rights burdens and weak mandates.,1.000,rights-risk synthetic legislature,public-interest-litigation-filter,Public-interest litigation filter,5120,0.942,0.554,0.388,0.435,0.555,0.222,0.190,0.365,0.342,0.658,0.107,0.001,0.050,0.041,0.118,0.751,0.593,0.543,0.422,0.344,0.618,0.478,0.440,0.591,0.653,0.704,0.053,0.450,0.111,0.004,0.569,0.386,0.438,0.171,0.512,0.402,0.495,0.784,0.539,0.512,0.635,0.625,0.544,0.715,0.675,0.095,0.512,0.577,0.723,0.510,0.486,0.570,0.441,0.598,0.035,0.095,0.232,0.590,0.137,0.510,0.623,0.700,0.240,0.379,0.444,0.402,0.343,0.854,5.279,0.000,0.402,0.108,0.235,3.616,0.000,0.066,0.000,0.079,0.110,0.118,0.097,0.446,0.554,0.000,0.000,0.000,0.042,0.000,0.000,0.000,0.000,0.262,0.380,0.461,0.744,0.127,0.468,0.320,0.487,0.294,0.187,0.073,0.285,0.173,0.254,0.030,0.099,0.037,0.000,0.030,0.115,0.000,0.003,0.091,0.110,0.030,0.007,0.294,0.287,0.177,0.081,0.162,0.618,0.297,0.804,0.485,0.539,0.760,0.332,0.501,0.323,0.196,0.271,0.480,0.099,0.508,0.430,0.512,0.217,0.060,0.050,0.065,0.103,0.187,0.317
rights-risk-legislation,Rights-Risk Legislation,Legislative output creates concentrated rights burdens and weak mandates.,1.000,rights-risk synthetic legislature,emergency-integrity-package,Emergency integrity package,5120,0.938,0.546,0.391,0.433,0.555,0.212,0.190,0.365,0.342,0.658,0.109,0.001,0.057,0.034,0.118,0.751,0.593,0.543,0.422,0.342,0.618,0.478,0.440,0.591,0.653,0.704,0.053,0.534,0.111,0.006,0.569,0.386,0.438,0.173,0.517,0.355,0.506,0.784,0.537,0.542,0.689,0.634,0.526,0.722,0.678,0.026,0.571,0.570,0.737,0.489,0.435,0.553,0.443,0.605,0.029,0.026,0.214,0.643,0.158,0.509,0.637,0.720,0.267,0.454,0.514,0.394,0.394,1.000,6.051,0.000,0.394,0.205,0.394,6.051,0.000,0.106,0.000,0.080,0.114,0.088,0.086,0.454,0.546,0.000,0.000,0.000,0.000,0.000,0.000,0.000,0.000,0.263,0.437,0.413,0.759,0.135,0.496,0.276,0.491,0.280,0.191,0.071,0.278,0.172,0.243,0.028,0.108,0.033,0.000,0.028,0.106,0.000,0.003,0.092,0.110,0.033,0.006,0.294,0.287,0.177,0.081,0.162,0.618,0.331,0.984,0.517,0.580,0.996,0.424,0.551,0.346,0.228,0.337,0.445,0.060,0.512,0.432,0.571,0.217,0.060,0.050,0.065,0.103,0.187,0.317
rights-risk-legislation,Rights-Risk Legislation,Legislative output creates concentrated rights burdens and weak mandates.,1.000,rights-risk synthetic legislature,remand-override-window-package,Constitutional remand with override window,5120,0.933,0.553,0.380,0.438,0.555,0.219,0.190,0.365,0.342,0.658,0.110,0.003,0.065,0.043,0.118,0.751,0.593,0.543,0.422,0.308,0.618,0.478,0.440,0.591,0.653,0.704,0.053,0.492,0.111,0.005,0.569,0.386,0.438,0.176,0.535,0.376,0.495,0.784,0.547,0.465,0.624,0.628,0.599,0.718,0.665,0.070,0.544,0.615,0.725,0.573,0.626,0.601,0.461,0.585,0.032,0.070,0.241,0.619,0.098,0.515,0.637,0.709,0.341,0.270,0.428,0.403,0.339,0.842,5.216,0.000,0.403,0.196,0.143,2.195,0.000,0.067,0.000,0.105,0.075,0.115,0.087,0.447,0.553,0.000,0.551,0.094,0.000,0.176,0.048,0.078,0.000,0.267,0.358,0.466,0.718,0.243,0.482,0.319,0.509,0.279,0.208,0.095,0.284,0.189,0.251,0.020,0.065,0.026,0.189,0.016,0.073,0.000,0.003,0.100,0.107,0.027,0.006,0.294,0.287,0.177,0.081,0.162,0.618,0.243,0.661,0.393,0.444,0.641,0.239,0.446,0.256,0.154,0.231,0.615,0.117,0.529,0.443,0.544,0.217,0.060,0.050,0.065,0.103,0.187,0.317
rights-risk-legislation,Rights-Risk Legislation,Legislative output creates concentrated rights burdens and weak mandates.,1.000,rights-risk synthetic legislature,panel-jurisdiction-safeguards,Random panels with jurisdiction safeguards,5120,0.935,0.541,0.394,0.423,0.555,0.199,0.190,0.365,0.342,0.658,0.114,0.001,0.067,0.042,0.118,0.751,0.593,0.543,0.422,0.347,0.618,0.478,0.440,0.591,0.653,0.704,0.053,0.452,0.111,0.004,0.569,0.386,0.438,0.184,0.539,0.388,0.621,0.784,0.534,0.461,0.607,0.619,0.560,0.704,0.654,0.093,0.542,0.586,0.709,0.529,0.549,0.575,0.430,0.573,0.046,0.093,0.242,0.611,0.121,0.525,0.615,0.696,0.259,0.323,0.379,0.401,0.288,0.719,4.429,0.000,0.401,0.202,0.087,1.330,0.113,0.496,0.000,0.115,0.071,0.098,0.073,0.755,0.245,0.000,0.000,0.000,0.000,0.217,0.000,0.000,0.000,0.274,0.450,0.477,0.750,0.262,0.469,0.328,0.491,0.269,0.212,0.098,0.286,0.188,0.260,0.032,0.163,0.057,0.000,0.028,0.000,0.000,0.003,0.110,0.108,0.033,0.007,0.294,0.287,0.177,0.081,0.162,0.618,0.239,0.640,0.372,0.457,0.647,0.264,0.423,0.257,0.167,0.249,0.539,0.119,0.505,0.421,0.542,0.217,0.060,0.050,0.065,0.103,0.187,0.317
rights-risk-legislation,Rights-Risk Legislation,Legislative output creates concentrated rights burdens and weak mandates.,1.000,rights-risk synthetic legislature,council-concrete-hybrid,Constitutional council with concrete-review backstop,5120,0.936,0.546,0.390,0.428,0.555,0.216,0.190,0.365,0.342,0.658,0.106,0.001,0.059,0.045,0.118,0.751,0.593,0.543,0.422,0.346,0.618,0.478,0.440,0.591,0.653,0.704,0.053,0.524,0.111,0.003,0.569,0.386,0.438,0.196,0.559,0.403,0.568,0.784,0.525,0.490,0.634,0.622,0.545,0.703,0.654,0.097,0.580,0.582,0.715,0.516,0.503,0.570,0.444,0.594,0.026,0.097,0.233,0.652,0.129,0.546,0.652,0.710,0.317,0.357,0.435,0.406,0.342,0.842,5.255,0.000,0.406,0.113,0.229,3.523,0.000,0.370,0.000,0.121,0.112,0.124,0.100,0.750,0.250,0.000,0.541,0.000,0.000,0.246,0.081,0.109,0.019,0.289,0.452,0.479,0.772,0.298,0.493,0.327,0.504,0.262,0.227,0.108,0.286,0.204,0.259,0.015,0.067,0.033,0.204,0.019,0.068,0.000,0.002,0.107,0.115,0.037,0.009,0.294,0.287,0.177,0.081,0.162,0.618,0.273,0.780,0.448,0.502,0.771,0.304,0.437,0.271,0.187,0.244,0.495,0.100,0.508,0.422,0.580,0.217,0.060,0.050,0.065,0.103,0.187,0.317
rights-risk-legislation,Rights-Risk Legislation,Legislative output creates concentrated rights burdens and weak mandates.,1.000,rights-risk synthetic legislature,judicial-electorate-selection,Judicial electorate selection court,5120,0.938,0.548,0.390,0.432,0.555,0.215,0.190,0.365,0.342,0.658,0.102,0.001,0.042,0.046,0.118,0.751,0.593,0.543,0.422,0.345,0.618,0.478,0.440,0.591,0.653,0.704,0.053,0.533,0.111,0.007,0.569,0.386,0.438,0.173,0.512,0.403,0.494,0.784,0.530,0.497,0.633,0.625,0.542,0.716,0.668,0.096,0.526,0.575,0.717,0.508,0.480,0.570,0.442,0.590,0.028,0.096,0.230,0.597,0.135,0.510,0.622,0.701,0.276,0.381,0.431,0.397,0.337,0.849,5.186,0.000,0.397,0.112,0.226,3.468,0.000,0.052,0.000,0.076,0.113,0.104,0.090,0.452,0.548,0.000,0.000,0.000,0.000,0.000,0.000,0.000,0.000,0.262,0.384,0.456,0.708,0.131,0.496,0.319,0.487,0.288,0.187,0.073,0.286,0.184,0.191,0.026,0.104,0.033,0.000,0.026,0.109,0.000,0.003,0.090,0.103,0.030,0.007,0.294,0.287,0.177,0.081,0.162,0.618,0.283,0.794,0.461,0.526,0.753,0.288,0.443,0.322,0.194,0.272,0.476,0.098,0.507,0.431,0.526,0.217,0.060,0.050,0.065,0.103,0.187,0.317
shadow-docket-stress,Shadow-Docket Stress,High emergency pressure and executive-defiance disputes.,1.000,emergency-pressure synthetic legislature,current-us-like,Stylized current U.S.-like supreme court,5120,0.942,0.590,0.352,0.445,0.516,0.226,0.165,0.351,0.319,0.681,0.154,0.002,0.075,0.037,0.113,0.761,0.631,0.563,0.439,0.374,0.655,0.513,0.436,0.573,0.588,0.688,0.047,0.572,0.105,0.001,0.585,0.405,0.455,0.243,0.537,0.692,0.543,0.784,0.526,0.533,0.364,0.561,0.581,0.640,0.626,0.419,0.287,0.599,0.585,0.570,0.675,0.614,0.393,0.664,0.063,0.419,0.422,0.403,0.060,0.603,0.593,0.606,0.173,0.115,0.231,0.582,0.171,0.293,1.076,0.171,0.000,0.171,0.000,0.000,0.000,0.019,0.000,0.046,0.301,0.415,0.256,0.410,0.590,0.000,0.000,0.000,0.000,0.000,0.000,0.000,0.000,0.347,0.238,0.909,0.795,0.104,0.521,0.627,0.468,0.336,0.189,0.074,0.454,0.209,0.368,0.020,0.093,0.034,0.000,0.053,0.121,0.000,0.003,0.090,0.106,0.036,0.004,0.343,0.254,0.179,0.075,0.148,0.371,0.220,0.923,0.561,0.587,0.992,0.468,0.529,0.339,0.119,0.108,0.589,0.280,0.474,0.387,0.287,0.225,0.064,0.047,0.159,0.114,0.162,0.229
shadow-docket-stress,Shadow-Docket Stress,High emergency pressure and executive-defiance disputes.,1.000,emergency-pressure synthetic legislature,term-limited-balanced,18-year staggered terms + regular appointments,5120,0.945,0.573,0.372,0.437,0.516,0.200,0.165,0.351,0.319,0.681,0.149,0.002,0.057,0.037,0.113,0.761,0.631,0.563,0.439,0.358,0.655,0.513,0.436,0.573,0.588,0.688,0.047,0.528,0.105,0.001,0.585,0.405,0.455,0.181,0.548,0.527,0.550,0.784,0.547,0.445,0.609,0.617,0.612,0.688,0.651,0.152,0.475,0.620,0.672,0.594,0.700,0.620,0.433,0.633,0.062,0.152,0.322,0.579,0.097,0.531,0.606,0.676,0.216,0.197,0.426,0.548,0.424,0.774,2.675,0.000,0.548,0.141,0.283,1.787,0.000,0.055,0.000,0.085,0.105,0.413,0.198,0.427,0.573,0.000,0.000,0.000,0.000,0.000,0.000,0.000,0.000,0.298,0.253,0.642,0.762,0.109,0.506,0.449,0.498,0.335,0.179,0.065,0.397,0.207,0.334,0.023,0.096,0.032,0.000,0.038,0.115,0.000,0.004,0.090,0.092,0.031,0.004,0.343,0.254,0.179,0.075,0.148,0.371,0.154,0.660,0.409,0.367,0.733,0.220,0.324,0.188,0.149,0.158,0.661,0.179,0.512,0.425,0.475,0.225,0.064,0.047,0.159,0.114,0.162,0.229
shadow-docket-stress,Shadow-Docket Stress,High emergency pressure and executive-defiance disputes.,1.000,emergency-pressure synthetic legislature,nonpartisan-commission,Nonpartisan commission appointments,5120,0.944,0.586,0.358,0.444,0.516,0.219,0.165,0.351,0.319,0.681,0.159,0.000,0.058,0.047,0.113,0.761,0.631,0.563,0.439,0.357,0.655,0.513,0.436,0.573,0.588,0.688,0.047,0.529,0.105,0.002,0.585,0.405,0.455,0.184,0.549,0.527,0.553,0.784,0.542,0.452,0.610,0.620,0.607,0.690,0.646,0.153,0.497,0.618,0.675,0.589,0.694,0.618,0.428,0.634,0.038,0.153,0.326,0.594,0.101,0.538,0.611,0.679,0.241,0.206,0.442,0.557,0.430,0.773,2.712,0.000,0.557,0.142,0.288,1.815,0.000,0.072,0.000,0.083,0.105,0.415,0.198,0.414,0.586,0.000,0.000,0.000,0.000,0.000,0.000,0.000,0.000,0.294,0.258,0.638,0.727,0.112,0.506,0.448,0.496,0.332,0.187,0.070,0.398,0.213,0.278,0.019,0.098,0.036,0.000,0.042,0.114,0.000,0.003,0.091,0.102,0.033,0.005,0.343,0.254,0.179,0.075,0.148,0.371,0.155,0.659,0.397,0.373,0.757,0.275,0.382,0.188,0.153,0.163,0.655,0.181,0.511,0.420,0.497,0.225,0.064,0.047,0.159,0.114,0.162,0.229
shadow-docket-stress,Shadow-Docket Stress,High emergency pressure and executive-defiance disputes.,1.000,emergency-pressure synthetic legislature,expanded-court-fifteen,Expanded 15-seat court,5120,0.943,0.580,0.363,0.444,0.516,0.209,0.165,0.351,0.319,0.681,0.161,0.002,0.055,0.050,0.113,0.761,0.631,0.563,0.439,0.357,0.655,0.513,0.436,0.573,0.588,0.688,0.047,0.529,0.105,0.001,0.585,0.405,0.455,0.183,0.549,0.528,0.557,0.784,0.539,0.458,0.608,0.619,0.609,0.689,0.642,0.153,0.492,0.618,0.673,0.592,0.698,0.620,0.429,0.633,0.038,0.153,0.333,0.596,0.095,0.536,0.608,0.678,0.255,0.197,0.437,0.557,0.429,0.771,2.707,0.000,0.557,0.143,0.286,1.804,0.000,0.056,0.000,0.084,0.409,0.447,0.290,0.420,0.580,0.000,0.000,0.000,0.000,0.000,0.000,0.000,0.000,0.303,0.256,0.655,0.772,0.113,0.506,0.455,0.497,0.330,0.184,0.073,0.411,0.211,0.352,0.019,0.093,0.039,0.000,0.047,0.117,0.000,0.004,0.091,0.100,0.029,0.004,0.343,0.254,0.179,0.075,0.148,0.371,0.155,0.662,0.395,0.393,0.729,0.303,0.324,0.236,0.149,0.158,0.650,0.181,0.512,0.421,0.492,0.225,0.064,0.047,0.159,0.114,0.162,0.229
shadow-docket-stress,Shadow-Docket Stress,High emergency pressure and executive-defiance disputes.,1.000,emergency-pressure synthetic legislature,supermajority-review,60 percent invalidation threshold,5120,0.945,0.580,0.365,0.438,0.516,0.209,0.165,0.351,0.319,0.681,0.159,0.003,0.056,0.045,0.113,0.761,0.631,0.563,0.439,0.360,0.655,0.513,0.436,0.573,0.588,0.688,0.047,0.528,0.105,0.001,0.585,0.405,0.455,0.185,0.546,0.514,0.550,0.784,0.548,0.408,0.584,0.611,0.626,0.682,0.653,0.142,0.459,0.627,0.668,0.609,0.748,0.622,0.428,0.623,0.056,0.142,0.341,0.566,0.075,0.538,0.599,0.669,0.215,0.151,0.384,0.560,0.391,0.699,2.467,0.000,0.560,0.246,0.145,0.914,0.169,0.054,0.000,0.038,0.107,0.416,0.202,0.420,0.580,0.000,0.000,0.000,0.000,0.000,0.000,0.000,0.000,0.302,0.227,0.698,0.752,0.106,0.506,0.472,0.494,0.333,0.182,0.072,0.417,0.207,0.339,0.020,0.091,0.039,0.000,0.041,0.115,0.000,0.002,0.088,0.101,0.030,0.003,0.343,0.254,0.179,0.075,0.148,0.371,0.123,0.521,0.307,0.333,0.677,0.147,0.235,0.139,0.126,0.146,0.705,0.204,0.508,0.421,0.459,0.225,0.064,0.047,0.159,0.114,0.162,0.229
shadow-docket-stress,Shadow-Docket Stress,High emergency pressure and executive-defiance disputes.,1.000,emergency-pressure synthetic legislature,recusal-and-emergency-reform,Peer recusal + reasoned emergency docket,5120,0.946,0.580,0.365,0.443,0.516,0.213,0.165,0.351,0.319,0.681,0.156,0.000,0.049,0.041,0.113,0.761,0.631,0.563,0.439,0.359,0.655,0.513,0.436,0.573,0.588,0.688,0.047,0.529,0.105,0.002,0.585,0.405,0.455,0.195,0.549,0.527,0.556,0.784,0.540,0.460,0.609,0.614,0.607,0.683,0.644,0.152,0.485,0.617,0.670,0.590,0.695,0.618,0.427,0.631,0.066,0.152,0.324,0.590,0.102,0.536,0.609,0.674,0.247,0.205,0.436,0.553,0.427,0.771,2.690,0.000,0.553,0.140,0.286,1.805,0.000,0.090,0.000,0.086,0.105,0.418,0.199,0.420,0.580,0.000,0.000,0.000,0.000,0.000,0.000,0.000,0.000,0.302,0.267,0.644,0.759,0.117,0.506,0.450,0.495,0.323,0.192,0.080,0.402,0.212,0.338,0.017,0.095,0.040,0.000,0.046,0.111,0.000,0.003,0.092,0.103,0.030,0.006,0.343,0.254,0.179,0.075,0.148,0.371,0.155,0.662,0.397,0.440,0.705,0.284,0.324,0.236,0.152,0.162,0.656,0.179,0.509,0.419,0.485,0.225,0.064,0.047,0.159,0.114,0.162,0.229
shadow-docket-stress,Shadow-Docket Stress,High emergency pressure and executive-defiance disputes.,1.000,emergency-pressure synthetic legislature,panel-en-banc,Three-judge panels with en banc correction,5120,0.938,0.585,0.353,0.442,0.516,0.214,0.165,0.351,0.319,0.681,0.160,0.001,0.059,0.047,0.113,0.761,0.631,0.563,0.439,0.356,0.655,0.513,0.436,0.573,0.588,0.688,0.047,0.499,0.105,0.001,0.585,0.405,0.455,0.177,0.549,0.529,0.638,0.784,0.540,0.461,0.609,0.628,0.607,0.688,0.625,0.155,0.536,0.618,0.672,0.589,0.692,0.617,0.430,0.634,0.061,0.155,0.327,0.635,0.103,0.537,0.612,0.681,0.259,0.209,0.442,0.563,0.436,0.775,2.749,0.000,0.563,0.148,0.288,1.817,0.000,0.436,0.000,0.327,0.068,0.379,0.165,0.733,0.267,0.000,0.000,0.000,0.000,0.000,0.000,0.000,0.000,0.293,0.257,0.651,0.725,0.113,0.496,0.454,0.497,0.335,0.183,0.073,0.416,0.214,0.265,0.019,0.094,0.038,0.000,0.041,0.116,0.000,0.002,0.093,0.099,0.033,0.003,0.343,0.254,0.179,0.075,0.148,0.371,0.159,0.672,0.404,0.447,0.773,0.248,0.397,0.206,0.154,0.166,0.656,0.183,0.512,0.422,0.536,0.225,0.064,0.047,0.159,0.114,0.162,0.229
shadow-docket-stress,Shadow-Docket Stress,High emergency pressure and executive-defiance disputes.,1.000,emergency-pressure synthetic legislature,cross-checking-courts,Supreme court with cross-checking constitutional court,5120,0.949,0.583,0.365,0.436,0.516,0.217,0.165,0.351,0.319,0.681,0.164,0.002,0.072,0.052,0.113,0.761,0.631,0.563,0.439,0.339,0.655,0.513,0.436,0.573,0.588,0.688,0.047,0.528,0.105,0.001,0.585,0.405,0.455,0.186,0.566,0.514,0.565,0.784,0.526,0.371,0.585,0.610,0.626,0.685,0.631,0.143,0.493,0.631,0.671,0.607,0.755,0.629,0.410,0.604,0.024,0.143,0.340,0.590,0.055,0.563,0.589,0.675,0.330,0.107,0.385,0.563,0.385,0.684,2.429,0.000,0.563,0.238,0.147,0.926,0.178,0.137,0.000,0.113,0.103,0.432,0.199,0.417,0.583,0.182,0.000,0.000,0.000,0.000,0.000,0.000,0.000,0.294,0.207,0.699,0.713,0.105,0.506,0.472,0.497,0.325,0.195,0.074,0.419,0.211,0.264,0.019,0.100,0.037,0.000,0.039,0.119,0.000,0.003,0.098,0.098,0.026,0.004,0.343,0.254,0.179,0.075,0.148,0.371,0.081,0.344,0.208,0.253,0.371,0.119,0.206,0.109,0.120,0.114,0.711,0.203,0.514,0.403,0.493,0.225,0.064,0.047,0.159,0.114,0.162,0.229
shadow-docket-stress,Shadow-Docket Stress,High emergency pressure and executive-defiance disputes.,1.000,emergency-pressure synthetic legislature,dual-supreme-courts,Dual supreme courts with disagreement filter,5120,0.943,0.581,0.363,0.448,0.516,0.207,0.165,0.351,0.319,0.681,0.150,0.001,0.050,0.034,0.113,0.761,0.631,0.563,0.439,0.362,0.655,0.513,0.436,0.573,0.588,0.688,0.047,0.530,0.105,0.001,0.585,0.405,0.455,0.204,0.546,0.514,0.572,0.784,0.507,0.437,0.581,0.610,0.578,0.674,0.619,0.143,0.496,0.599,0.670,0.558,0.639,0.606,0.399,0.632,0.024,0.143,0.341,0.595,0.102,0.575,0.609,0.672,0.365,0.201,0.381,0.559,0.392,0.701,2.470,0.000,0.559,0.258,0.134,0.846,0.167,0.143,0.000,0.110,0.108,0.418,0.198,0.419,0.581,0.181,0.000,0.000,0.000,0.000,0.000,0.000,0.000,0.306,0.277,0.694,0.759,0.116,0.506,0.472,0.481,0.331,0.193,0.079,0.412,0.211,0.282,0.018,0.095,0.040,0.000,0.046,0.122,0.000,0.002,0.094,0.104,0.033,0.005,0.343,0.254,0.179,0.075,0.148,0.371,0.155,0.653,0.394,0.407,0.785,0.174,0.441,0.200,0.151,0.181,0.598,0.207,0.498,0.393,0.496,0.225,0.064,0.047,0.159,0.114,0.162,0.229
shadow-docket-stress,Shadow-Docket Stress,High emergency pressure and executive-defiance disputes.,1.000,emergency-pressure synthetic legislature,comparative-constitutional-senates,Comparative 16-seat constitutional senates,5120,0.939,0.575,0.364,0.439,0.516,0.201,0.165,0.351,0.319,0.681,0.157,0.001,0.069,0.047,0.113,0.761,0.631,0.563,0.439,0.359,0.655,0.513,0.436,0.573,0.588,0.688,0.047,0.558,0.105,0.002,0.585,0.405,0.455,0.176,0.545,0.515,0.676,0.784,0.540,0.419,0.582,0.624,0.631,0.689,0.613,0.143,0.521,0.631,0.663,0.613,0.756,0.624,0.431,0.625,0.032,0.143,0.339,0.619,0.068,0.535,0.597,0.678,0.288,0.141,0.375,0.556,0.384,0.691,2.422,0.000,0.556,0.249,0.135,0.850,0.171,0.439,0.000,0.114,0.107,0.407,0.190,0.749,0.251,0.000,0.000,0.000,0.000,0.000,0.000,0.000,0.000,0.295,0.217,0.699,0.712,0.104,0.516,0.473,0.496,0.334,0.172,0.065,0.420,0.210,0.265,0.019,0.090,0.035,0.000,0.039,0.112,0.000,0.004,0.085,0.101,0.026,0.005,0.343,0.254,0.179,0.075,0.148,0.371,0.123,0.515,0.319,0.320,0.649,0.211,0.176,0.103,0.122,0.141,0.713,0.204,0.511,0.424,0.521,0.225,0.064,0.047,0.159,0.114,0.162,0.229
shadow-docket-stress,Shadow-Docket Stress,High emergency pressure and executive-defiance disputes.,1.000,emergency-pressure synthetic legislature,constitutional-council,Pre-enactment constitutional council,5120,0.946,0.581,0.365,0.441,0.516,0.209,0.165,0.351,0.319,0.681,0.156,0.002,0.065,0.041,0.113,0.761,0.631,0.563,0.439,0.355,0.655,0.513,0.436,0.573,0.588,0.688,0.047,0.518,0.105,0.001,0.585,0.405,0.455,0.182,0.596,0.527,0.595,0.784,0.538,0.446,0.613,0.632,0.618,0.691,0.629,0.149,0.569,0.630,0.682,0.604,0.712,0.621,0.450,0.633,0.047,0.149,0.319,0.661,0.089,0.547,0.635,0.695,0.329,0.184,0.446,0.550,0.431,0.783,2.718,0.000,0.550,0.132,0.299,1.888,0.000,0.303,0.000,0.124,0.074,0.421,0.186,0.742,0.258,0.000,0.549,0.000,0.000,0.125,0.043,0.051,0.012,0.297,0.273,0.642,0.725,0.185,0.502,0.449,0.522,0.327,0.193,0.082,0.407,0.220,0.266,0.013,0.061,0.022,0.220,0.029,0.075,0.000,0.002,0.101,0.094,0.031,0.005,0.343,0.254,0.179,0.075,0.148,0.371,0.149,0.630,0.379,0.373,0.749,0.248,0.309,0.206,0.146,0.141,0.675,0.177,0.520,0.439,0.569,0.225,0.064,0.047,0.159,0.114,0.162,0.229
shadow-docket-stress,Shadow-Docket Stress,High emergency pressure and executive-defiance disputes.,1.000,emergency-pressure synthetic legislature,legislative-override,Judicial review with legislative supermajority override,5120,0.948,0.588,0.360,0.444,0.516,0.221,0.165,0.351,0.319,0.681,0.152,0.001,0.056,0.042,0.113,0.761,0.631,0.563,0.439,0.359,0.655,0.513,0.436,0.573,0.588,0.688,0.047,0.529,0.105,0.002,0.585,0.405,0.455,0.200,0.550,0.529,0.550,0.784,0.537,0.461,0.611,0.614,0.599,0.683,0.644,0.154,0.503,0.613,0.675,0.582,0.688,0.614,0.414,0.635,0.022,0.154,0.326,0.594,0.104,0.557,0.620,0.679,0.249,0.210,0.441,0.559,0.429,0.766,2.702,0.000,0.559,0.134,0.294,1.855,0.000,0.053,0.000,0.082,0.108,0.419,0.201,0.412,0.588,0.000,0.000,0.000,0.000,0.132,0.035,0.046,0.009,0.305,0.300,0.657,0.738,0.189,0.506,0.455,0.490,0.329,0.196,0.081,0.424,0.224,0.281,0.013,0.064,0.025,0.224,0.027,0.067,0.000,0.002,0.100,0.104,0.032,0.008,0.343,0.254,0.179,0.075,0.148,0.371,0.161,0.678,0.408,0.387,0.765,0.330,0.397,0.255,0.155,0.159,0.649,0.180,0.505,0.408,0.503,0.225,0.064,0.047,0.159,0.114,0.162,0.229
shadow-docket-stress,Shadow-Docket Stress,High emergency pressure and executive-defiance disputes.,1.000,emergency-pressure synthetic legislature,accountability-retention-court,Retention-election accountability court,5120,0.939,0.590,0.349,0.444,0.516,0.224,0.165,0.351,0.319,0.681,0.158,0.001,0.053,0.050,0.113,0.761,0.631,0.563,0.439,0.359,0.655,0.513,0.436,0.573,0.588,0.688,0.047,0.529,0.105,0.001,0.585,0.405,0.455,0.196,0.550,0.529,0.551,0.784,0.542,0.440,0.611,0.614,0.612,0.684,0.645,0.156,0.499,0.619,0.674,0.596,0.717,0.624,0.419,0.624,0.041,0.156,0.329,0.592,0.090,0.552,0.623,0.677,0.243,0.189,0.443,0.566,0.426,0.754,2.688,0.000,0.566,0.131,0.295,1.860,0.000,0.061,0.000,0.149,0.306,0.452,0.261,0.410,0.590,0.000,0.000,0.000,0.000,0.121,0.070,0.000,0.016,0.296,0.259,0.658,0.726,0.124,0.506,0.456,0.493,0.328,0.195,0.078,0.420,0.209,0.272,0.013,0.063,0.026,0.209,0.029,0.071,0.000,0.003,0.100,0.102,0.038,0.004,0.343,0.254,0.179,0.075,0.148,0.371,0.152,0.638,0.394,0.387,0.725,0.211,0.338,0.220,0.148,0.140,0.671,0.181,0.508,0.412,0.499,0.225,0.064,0.047,0.159,0.114,0.162,0.229
shadow-docket-stress,Shadow-Docket Stress,High emergency pressure and executive-defiance disputes.,1.000,emergency-pressure synthetic legislature,emergency-restraint-court,No emergency relief without merits review,5120,0.942,0.578,0.364,0.444,0.516,0.203,0.165,0.351,0.319,0.681,0.158,0.002,0.052,0.048,0.113,0.761,0.631,0.563,0.439,0.351,0.655,0.513,0.436,0.573,0.588,0.688,0.047,0.529,0.105,0.001,0.585,0.405,0.455,0.181,0.557,0.456,0.562,0.784,0.546,0.527,0.692,0.638,0.584,0.700,0.656,0.037,0.587,0.609,0.707,0.560,0.616,0.601,0.435,0.650,0.041,0.037,0.301,0.679,0.138,0.528,0.626,0.708,0.257,0.281,0.573,0.546,0.546,1.000,3.442,0.000,0.546,0.000,0.546,3.442,0.000,0.123,0.000,0.083,0.107,0.385,0.189,0.422,0.578,0.000,0.000,0.000,0.000,0.000,0.000,0.000,0.000,0.282,0.309,0.525,0.738,0.119,0.506,0.375,0.505,0.324,0.184,0.069,0.387,0.206,0.265,0.018,0.093,0.036,0.000,0.048,0.114,0.000,0.003,0.091,0.104,0.032,0.005,0.343,0.254,0.179,0.075,0.148,0.371,0.213,0.921,0.554,0.509,1.000,0.422,0.529,0.248,0.193,0.188,0.599,0.145,0.524,0.426,0.587,0.225,0.064,0.047,0.159,0.114,0.162,0.229
shadow-docket-stress,Shadow-Docket Stress,High emergency pressure and executive-defiance disputes.,1.000,emergency-pressure synthetic legislature,randomized-merits-panels,Randomized merits panels with en banc correction,5120,0.937,0.580,0.356,0.436,0.516,0.208,0.165,0.351,0.319,0.681,0.151,0.000,0.062,0.042,0.113,0.761,0.631,0.563,0.439,0.358,0.655,0.513,0.436,0.573,0.588,0.688,0.047,0.499,0.105,0.001,0.585,0.405,0.455,0.186,0.549,0.528,0.658,0.784,0.540,0.445,0.607,0.624,0.612,0.687,0.620,0.154,0.534,0.621,0.670,0.595,0.705,0.620,0.430,0.630,0.056,0.154,0.324,0.631,0.098,0.534,0.608,0.680,0.264,0.195,0.431,0.554,0.427,0.771,2.692,0.000,0.554,0.150,0.277,1.744,0.000,0.456,0.000,0.117,0.069,0.373,0.165,0.734,0.266,0.000,0.000,0.000,0.000,0.000,0.000,0.000,0.000,0.294,0.259,0.653,0.717,0.115,0.496,0.454,0.496,0.321,0.194,0.075,0.408,0.217,0.263,0.020,0.097,0.038,0.000,0.043,0.115,0.000,0.004,0.089,0.109,0.028,0.004,0.343,0.254,0.179,0.075,0.148,0.371,0.153,0.650,0.386,0.373,0.741,0.248,0.426,0.242,0.148,0.158,0.669,0.181,0.511,0.420,0.534,0.225,0.064,0.047,0.159,0.114,0.162,0.229
shadow-docket-stress,Shadow-Docket Stress,High emergency pressure and executive-defiance disputes.,1.000,emergency-pressure synthetic legislature,mandatory-written-emergency-reasoning,Mandatory written emergency reasoning,5120,0.943,0.580,0.363,0.436,0.516,0.211,0.165,0.351,0.319,0.681,0.152,0.001,0.077,0.043,0.113,0.761,0.631,0.563,0.439,0.359,0.655,0.513,0.436,0.573,0.588,0.688,0.047,0.528,0.105,0.001,0.585,0.405,0.455,0.192,0.548,0.503,0.550,0.784,0.542,0.438,0.596,0.614,0.620,0.681,0.648,0.115,0.477,0.624,0.673,0.604,0.732,0.624,0.426,0.625,0.059,0.115,0.338,0.583,0.087,0.539,0.605,0.673,0.257,0.176,0.417,0.558,0.418,0.749,2.638,0.000,0.558,0.240,0.178,1.124,0.000,0.055,0.000,0.087,0.105,0.422,0.202,0.420,0.580,0.000,0.000,0.000,0.000,0.000,0.000,0.000,0.000,0.302,0.241,0.677,0.754,0.107,0.506,0.461,0.494,0.332,0.180,0.068,0.420,0.204,0.338,0.020,0.095,0.034,0.000,0.040,0.115,0.000,0.003,0.082,0.100,0.032,0.004,0.343,0.254,0.179,0.075,0.148,0.371,0.135,0.571,0.328,0.413,0.705,0.248,0.279,0.164,0.136,0.161,0.692,0.202,0.509,0.418,0.477,0.225,0.064,0.047,0.159,0.114,0.162,0.229
shadow-docket-stress,Shadow-Docket Stress,High emergency pressure and executive-defiance disputes.,1.000,emergency-pressure synthetic legislature,automatic-merits-follow-up,Automatic merits follow-up for emergency relief,5120,0.942,0.583,0.358,0.454,0.516,0.221,0.165,0.351,0.319,0.681,0.157,0.001,0.068,0.036,0.113,0.761,0.631,0.563,0.439,0.353,0.655,0.513,0.436,0.573,0.588,0.688,0.047,0.530,0.105,0.002,0.585,0.405,0.455,0.195,0.557,0.477,0.550,0.784,0.534,0.552,0.688,0.630,0.565,0.687,0.651,0.048,0.559,0.598,0.697,0.542,0.577,0.593,0.427,0.652,0.063,0.048,0.308,0.662,0.155,0.540,0.632,0.699,0.277,0.315,0.577,0.557,0.557,1.000,3.514,0.000,0.557,0.285,0.557,3.514,0.000,0.054,0.000,0.080,0.103,0.379,0.191,0.417,0.583,0.000,0.000,0.000,0.000,0.000,0.000,0.000,0.000,0.299,0.341,0.539,0.794,0.125,0.507,0.390,0.501,0.322,0.197,0.076,0.403,0.207,0.348,0.018,0.099,0.036,0.000,0.048,0.116,0.000,0.003,0.095,0.112,0.035,0.006,0.343,0.254,0.179,0.075,0.148,0.371,0.226,0.951,0.581,0.593,0.992,0.486,0.544,0.333,0.205,0.260,0.559,0.156,0.517,0.417,0.559,0.225,0.064,0.047,0.159,0.114,0.162,0.229
shadow-docket-stress,Shadow-Docket Stress,High emergency pressure and executive-defiance disputes.,1.000,emergency-pressure synthetic legislature,strong-recusal-enforcement,Independent recusal enforcement with substitutes,5120,0.946,0.586,0.360,0.438,0.516,0.215,0.165,0.351,0.319,0.681,0.162,0.001,0.057,0.047,0.113,0.761,0.631,0.563,0.439,0.358,0.655,0.513,0.436,0.573,0.588,0.688,0.047,0.529,0.105,0.001,0.585,0.405,0.455,0.184,0.549,0.529,0.567,0.784,0.537,0.462,0.607,0.621,0.604,0.689,0.638,0.157,0.511,0.616,0.674,0.587,0.689,0.617,0.428,0.634,0.035,0.157,0.333,0.608,0.104,0.540,0.611,0.680,0.264,0.209,0.435,0.564,0.431,0.764,2.718,0.000,0.564,0.150,0.281,1.772,0.000,0.122,0.000,0.090,0.108,0.417,0.203,0.414,0.586,0.000,0.000,0.000,0.000,0.000,0.000,0.000,0.000,0.296,0.265,0.655,0.729,0.114,0.506,0.456,0.495,0.329,0.192,0.075,0.414,0.206,0.270,0.019,0.098,0.040,0.000,0.046,0.109,0.000,0.002,0.097,0.104,0.031,0.004,0.343,0.254,0.179,0.075,0.148,0.371,0.158,0.657,0.416,0.436,0.697,0.266,0.353,0.206,0.153,0.167,0.649,0.184,0.509,0.420,0.511,0.225,0.064,0.047,0.159,0.114,0.162,0.229
shadow-docket-stress,Shadow-Docket Stress,High emergency pressure and executive-defiance disputes.,1.000,emergency-pressure synthetic legislature,jurisdiction-stripping-constraints,Jurisdiction stripping constrained by rights carveouts,5120,0.936,0.583,0.353,0.440,0.516,0.217,0.165,0.351,0.319,0.681,0.156,0.001,0.076,0.041,0.113,0.761,0.631,0.563,0.439,0.357,0.655,0.513,0.436,0.573,0.588,0.688,0.047,0.479,0.105,0.001,0.585,0.405,0.455,0.195,0.579,0.528,0.549,0.784,0.543,0.451,0.608,0.618,0.605,0.689,0.652,0.154,0.508,0.620,0.680,0.587,0.693,0.618,0.422,0.635,0.022,0.154,0.326,0.591,0.098,0.547,0.616,0.684,0.241,0.201,0.436,0.555,0.423,0.761,2.666,0.000,0.555,0.143,0.280,1.767,0.000,0.052,0.000,0.087,0.110,0.418,0.201,0.417,0.583,0.000,0.000,0.000,0.000,0.129,0.000,0.000,0.000,0.295,0.311,0.654,0.729,0.187,0.489,0.454,0.504,0.323,0.200,0.086,0.407,0.210,0.270,0.025,0.157,0.053,0.000,0.044,0.000,0.000,0.002,0.100,0.103,0.034,0.007,0.343,0.254,0.179,0.075,0.148,0.371,0.155,0.656,0.407,0.367,0.721,0.275,0.368,0.188,0.151,0.160,0.654,0.181,0.511,0.424,0.508,0.225,0.064,0.047,0.159,0.114,0.162,0.229
shadow-docket-stress,Shadow-Docket Stress,High emergency pressure and executive-defiance disputes.,1.000,emergency-pressure synthetic legislature,legislative-override-window,Time-limited legislative override window,5120,0.937,0.584,0.353,0.443,0.516,0.217,0.165,0.351,0.319,0.681,0.157,0.002,0.065,0.047,0.113,0.761,0.631,0.563,0.439,0.359,0.655,0.513,0.436,0.573,0.588,0.688,0.047,0.530,0.105,0.001,0.585,0.405,0.455,0.195,0.550,0.528,0.550,0.784,0.539,0.452,0.609,0.615,0.604,0.685,0.645,0.154,0.502,0.615,0.675,0.587,0.696,0.618,0.418,0.633,0.022,0.154,0.326,0.591,0.097,0.555,0.618,0.679,0.248,0.199,0.437,0.556,0.429,0.771,2.704,0.000,0.556,0.143,0.286,1.800,0.000,0.053,0.000,0.099,0.105,0.425,0.203,0.416,0.584,0.000,0.000,0.000,0.000,0.134,0.045,0.050,0.000,0.301,0.295,0.651,0.731,0.190,0.506,0.454,0.492,0.320,0.202,0.088,0.409,0.218,0.260,0.012,0.060,0.029,0.218,0.027,0.069,0.000,0.003,0.103,0.105,0.034,0.004,0.343,0.254,0.179,0.075,0.148,0.371,0.155,0.661,0.388,0.447,0.753,0.229,0.412,0.230,0.150,0.152,0.657,0.182,0.508,0.409,0.502,0.225,0.064,0.047,0.159,0.114,0.162,0.229
shadow-docket-stress,Shadow-Docket Stress,High emergency pressure and executive-defiance disputes.,1.000,emergency-pressure synthetic legislature,constitutional-remand,Constitutional remand before invalidation,5120,0.944,0.586,0.358,0.449,0.516,0.212,0.165,0.351,0.319,0.681,0.154,0.000,0.057,0.041,0.113,0.761,0.631,0.563,0.439,0.323,0.655,0.513,0.436,0.573,0.588,0.688,0.047,0.488,0.105,0.001,0.585,0.405,0.455,0.182,0.570,0.528,0.554,0.784,0.543,0.430,0.609,0.629,0.634,0.699,0.629,0.154,0.537,0.639,0.684,0.619,0.745,0.632,0.453,0.630,0.038,0.154,0.327,0.630,0.075,0.537,0.633,0.692,0.340,0.158,0.443,0.558,0.432,0.774,2.722,0.000,0.558,0.143,0.289,1.820,0.000,0.077,0.000,0.111,0.071,0.424,0.191,0.414,0.586,0.000,0.572,0.048,0.000,0.105,0.034,0.039,0.008,0.290,0.249,0.644,0.713,0.167,0.492,0.451,0.516,0.331,0.193,0.085,0.412,0.212,0.271,0.016,0.057,0.027,0.212,0.025,0.078,0.000,0.003,0.097,0.103,0.034,0.004,0.343,0.254,0.179,0.075,0.148,0.371,0.142,0.592,0.370,0.334,0.646,0.192,0.438,0.207,0.137,0.139,0.705,0.182,0.526,0.443,0.537,0.225,0.064,0.047,0.159,0.114,0.162,0.229
shadow-docket-stress,Shadow-Docket Stress,High emergency pressure and executive-defiance disputes.,1.000,emergency-pressure synthetic legislature,public-interest-litigation-filter,Public-interest litigation filter,5120,0.940,0.588,0.352,0.445,0.516,0.222,0.165,0.351,0.319,0.681,0.158,0.001,0.059,0.048,0.113,0.761,0.631,0.563,0.439,0.358,0.655,0.513,0.436,0.573,0.588,0.688,0.047,0.445,0.105,0.001,0.585,0.405,0.455,0.190,0.549,0.528,0.554,0.784,0.543,0.459,0.611,0.620,0.613,0.690,0.640,0.155,0.502,0.622,0.682,0.595,0.710,0.621,0.428,0.638,0.039,0.155,0.329,0.598,0.096,0.536,0.610,0.679,0.267,0.194,0.444,0.563,0.426,0.756,2.685,0.000,0.563,0.132,0.294,1.852,0.000,0.076,0.000,0.091,0.108,0.454,0.200,0.412,0.588,0.000,0.000,0.000,0.054,0.000,0.000,0.000,0.000,0.289,0.253,0.655,0.721,0.111,0.478,0.455,0.496,0.334,0.185,0.070,0.410,0.211,0.271,0.019,0.098,0.037,0.000,0.045,0.105,0.000,0.003,0.094,0.103,0.030,0.004,0.343,0.254,0.179,0.075,0.148,0.371,0.162,0.662,0.420,0.360,0.817,0.312,0.412,0.152,0.150,0.155,0.671,0.181,0.510,0.421,0.502,0.225,0.064,0.047,0.159,0.114,0.162,0.229
shadow-docket-stress,Shadow-Docket Stress,High emergency pressure and executive-defiance disputes.,1.000,emergency-pressure synthetic legislature,emergency-integrity-package,Emergency integrity package,5120,0.940,0.581,0.359,0.438,0.516,0.207,0.165,0.351,0.319,0.681,0.158,0.001,0.036,0.046,0.113,0.761,0.631,0.563,0.439,0.352,0.655,0.513,0.436,0.573,0.588,0.688,0.047,0.530,0.105,0.001,0.585,0.405,0.455,0.186,0.557,0.476,0.568,0.784,0.536,0.547,0.686,0.637,0.575,0.696,0.643,0.048,0.591,0.604,0.702,0.552,0.597,0.598,0.431,0.652,0.038,0.048,0.305,0.684,0.142,0.534,0.629,0.706,0.297,0.293,0.574,0.548,0.548,1.000,3.456,0.000,0.548,0.280,0.548,3.456,0.000,0.124,0.000,0.086,0.106,0.389,0.194,0.419,0.581,0.000,0.000,0.000,0.000,0.000,0.000,0.000,0.000,0.287,0.323,0.527,0.750,0.122,0.506,0.386,0.503,0.323,0.191,0.075,0.385,0.205,0.277,0.017,0.099,0.039,0.000,0.044,0.114,0.000,0.003,0.102,0.099,0.036,0.005,0.343,0.254,0.179,0.075,0.148,0.371,0.221,0.937,0.565,0.587,1.000,0.468,0.544,0.315,0.197,0.246,0.578,0.154,0.521,0.422,0.591,0.225,0.064,0.047,0.159,0.114,0.162,0.229
shadow-docket-stress,Shadow-Docket Stress,High emergency pressure and executive-defiance disputes.,1.000,emergency-pressure synthetic legislature,remand-override-window-package,Constitutional remand with override window,5120,0.944,0.588,0.356,0.439,0.516,0.216,0.165,0.351,0.319,0.681,0.153,0.002,0.056,0.040,0.113,0.761,0.631,0.563,0.439,0.325,0.655,0.513,0.436,0.573,0.588,0.688,0.047,0.488,0.105,0.002,0.585,0.405,0.455,0.195,0.569,0.503,0.553,0.784,0.540,0.411,0.595,0.628,0.643,0.694,0.628,0.116,0.534,0.644,0.685,0.630,0.773,0.639,0.451,0.624,0.038,0.116,0.340,0.629,0.066,0.538,0.627,0.689,0.373,0.131,0.424,0.563,0.414,0.735,2.608,0.000,0.563,0.241,0.173,1.089,0.000,0.073,0.000,0.109,0.073,0.435,0.193,0.412,0.588,0.000,0.573,0.050,0.000,0.084,0.027,0.031,0.000,0.290,0.227,0.679,0.704,0.151,0.492,0.462,0.514,0.341,0.186,0.076,0.416,0.216,0.269,0.015,0.063,0.024,0.216,0.022,0.071,0.000,0.003,0.093,0.088,0.029,0.004,0.343,0.254,0.179,0.075,0.148,0.371,0.124,0.518,0.310,0.328,0.648,0.164,0.254,0.178,0.121,0.140,0.733,0.203,0.523,0.445,0.534,0.225,0.064,0.047,0.159,0.114,0.162,0.229
shadow-docket-stress,Shadow-Docket Stress,High emergency pressure and executive-defiance disputes.,1.000,emergency-pressure synthetic legislature,panel-jurisdiction-safeguards,Random panels with jurisdiction safeguards,5120,0.941,0.584,0.357,0.445,0.516,0.215,0.165,0.351,0.319,0.681,0.155,0.001,0.065,0.043,0.113,0.761,0.631,0.563,0.439,0.360,0.655,0.513,0.436,0.573,0.588,0.688,0.047,0.448,0.105,0.002,0.585,0.405,0.455,0.198,0.575,0.515,0.689,0.784,0.537,0.419,0.581,0.622,0.618,0.679,0.616,0.145,0.535,0.626,0.667,0.600,0.734,0.618,0.421,0.623,0.063,0.145,0.340,0.625,0.085,0.548,0.605,0.677,0.291,0.164,0.378,0.559,0.394,0.704,2.483,0.000,0.559,0.259,0.135,0.849,0.165,0.508,0.000,0.119,0.070,0.389,0.167,0.739,0.261,0.000,0.000,0.000,0.000,0.104,0.000,0.000,0.000,0.294,0.274,0.700,0.721,0.169,0.479,0.474,0.501,0.337,0.185,0.076,0.424,0.221,0.268,0.019,0.153,0.046,0.000,0.044,0.000,0.000,0.003,0.090,0.102,0.035,0.006,0.343,0.254,0.179,0.075,0.148,0.371,0.128,0.522,0.328,0.369,0.614,0.174,0.353,0.145,0.130,0.156,0.694,0.207,0.506,0.426,0.535,0.225,0.064,0.047,0.159,0.114,0.162,0.229
shadow-docket-stress,Shadow-Docket Stress,High emergency pressure and executive-defiance disputes.,1.000,emergency-pressure synthetic legislature,council-concrete-hybrid,Constitutional council with concrete-review backstop,5120,0.939,0.575,0.364,0.440,0.516,0.195,0.165,0.351,0.319,0.681,0.155,0.002,0.058,0.036,0.113,0.761,0.631,0.563,0.439,0.355,0.655,0.513,0.436,0.573,0.588,0.688,0.047,0.518,0.105,0.001,0.585,0.405,0.455,0.181,0.596,0.527,0.631,0.784,0.538,0.426,0.609,0.631,0.626,0.694,0.619,0.149,0.571,0.634,0.679,0.611,0.730,0.625,0.452,0.633,0.031,0.149,0.321,0.661,0.080,0.542,0.629,0.696,0.342,0.167,0.440,0.548,0.419,0.764,2.639,0.000,0.548,0.137,0.282,1.776,0.000,0.380,0.000,0.117,0.110,0.445,0.196,0.744,0.256,0.000,0.545,0.000,0.000,0.112,0.033,0.052,0.007,0.297,0.269,0.647,0.727,0.187,0.502,0.451,0.523,0.314,0.197,0.088,0.399,0.214,0.272,0.012,0.058,0.026,0.214,0.027,0.072,0.000,0.003,0.098,0.103,0.028,0.005,0.343,0.254,0.179,0.075,0.148,0.371,0.144,0.610,0.380,0.313,0.773,0.174,0.250,0.127,0.139,0.133,0.690,0.178,0.522,0.441,0.571,0.225,0.064,0.047,0.159,0.114,0.162,0.229
shadow-docket-stress,Shadow-Docket Stress,High emergency pressure and executive-defiance disputes.,1.000,emergency-pressure synthetic legislature,judicial-electorate-selection,Judicial electorate selection court,5120,0.943,0.582,0.360,0.445,0.516,0.210,0.165,0.351,0.319,0.681,0.164,0.002,0.070,0.040,0.113,0.761,0.631,0.563,0.439,0.358,0.655,0.513,0.436,0.573,0.588,0.688,0.047,0.529,0.105,0.002,0.585,0.405,0.455,0.186,0.549,0.528,0.553,0.784,0.533,0.454,0.610,0.621,0.608,0.692,0.633,0.153,0.521,0.618,0.677,0.591,0.697,0.619,0.428,0.633,0.025,0.153,0.329,0.610,0.101,0.537,0.610,0.682,0.305,0.199,0.439,0.559,0.433,0.774,2.728,0.000,0.559,0.140,0.292,1.842,0.000,0.058,0.000,0.088,0.106,0.440,0.203,0.418,0.582,0.000,0.000,0.000,0.000,0.000,0.000,0.000,0.000,0.289,0.261,0.652,0.688,0.112,0.506,0.454,0.496,0.321,0.192,0.076,0.417,0.204,0.205,0.017,0.098,0.039,0.000,0.045,0.108,0.000,0.003,0.096,0.106,0.027,0.005,0.343,0.254,0.179,0.075,0.148,0.371,0.155,0.664,0.393,0.373,0.757,0.303,0.397,0.200,0.151,0.159,0.657,0.181,0.511,0.420,0.521,0.225,0.064,0.047,0.159,0.114,0.162,0.229
high-democratic-mandate,High Democratic Mandate,"Popular, high-mandate laws create accountability pressure against invalidation.",1.000,high-mandate synthetic legislature,current-us-like,Stylized current U.S.-like supreme court,5120,0.914,0.489,0.426,0.387,0.580,0.171,0.191,0.389,0.329,0.671,0.096,0.001,0.062,0.035,0.103,0.663,0.522,0.482,0.358,0.211,0.556,0.439,0.424,0.556,0.494,0.655,0.038,0.486,0.135,0.009,0.494,0.366,0.299,0.069,0.652,0.463,0.421,0.725,0.612,0.413,0.502,0.647,0.706,0.797,0.727,0.203,0.409,0.712,0.715,0.688,0.768,0.694,0.567,0.633,0.026,0.203,0.223,0.480,0.017,0.371,0.574,0.728,0.135,0.085,0.278,0.333,0.031,0.094,0.700,0.031,0.000,0.031,0.000,0.000,0.000,0.015,0.000,0.030,0.315,0.603,0.240,0.511,0.489,0.000,0.000,0.000,0.000,0.000,0.000,0.000,0.000,0.212,0.112,0.501,0.565,0.081,0.449,0.354,0.606,0.337,0.098,0.030,0.236,0.152,0.234,0.018,0.064,0.014,0.000,0.008,0.092,0.000,0.005,0.048,0.044,0.005,0.000,0.359,0.238,0.189,0.074,0.141,0.313,0.106,0.578,0.264,0.195,0.860,0.162,0.227,0.069,0.077,0.063,0.722,0.098,0.597,0.568,0.409,0.313,0.081,0.057,0.045,0.091,0.171,0.243
high-democratic-mandate,High Democratic Mandate,"Popular, high-mandate laws create accountability pressure against invalidation.",1.000,high-mandate synthetic legislature,term-limited-balanced,18-year staggered terms + regular appointments,5120,0.919,0.487,0.432,0.381,0.580,0.174,0.191,0.389,0.329,0.671,0.086,0.002,0.045,0.029,0.103,0.663,0.522,0.482,0.358,0.204,0.556,0.439,0.424,0.556,0.494,0.655,0.038,0.444,0.135,0.012,0.494,0.366,0.299,0.052,0.659,0.321,0.424,0.725,0.627,0.423,0.648,0.670,0.720,0.816,0.749,0.062,0.515,0.724,0.766,0.697,0.783,0.692,0.580,0.634,0.026,0.062,0.159,0.574,0.024,0.345,0.580,0.765,0.167,0.117,0.391,0.301,0.217,0.721,4.839,0.000,0.301,0.032,0.185,4.117,0.000,0.037,0.000,0.065,0.106,0.604,0.192,0.513,0.487,0.000,0.000,0.000,0.000,0.000,0.000,0.000,0.000,0.185,0.131,0.352,0.552,0.083,0.435,0.242,0.618,0.320,0.110,0.033,0.202,0.139,0.228,0.018,0.075,0.016,0.000,0.003,0.088,0.000,0.004,0.053,0.051,0.006,0.000,0.359,0.238,0.189,0.074,0.141,0.313,0.108,0.626,0.318,0.286,0.656,0.054,0.182,0.083,0.097,0.086,0.763,0.055,0.615,0.579,0.515,0.313,0.081,0.057,0.045,0.091,0.171,0.243
high-democratic-mandate,High Democratic Mandate,"Popular, high-mandate laws create accountability pressure against invalidation.",1.000,high-mandate synthetic legislature,nonpartisan-commission,Nonpartisan commission appointments,5120,0.928,0.510,0.418,0.396,0.580,0.199,0.191,0.389,0.329,0.671,0.093,0.001,0.059,0.032,0.103,0.663,0.522,0.482,0.358,0.203,0.556,0.439,0.424,0.556,0.494,0.655,0.038,0.445,0.135,0.011,0.494,0.366,0.299,0.050,0.660,0.322,0.427,0.725,0.625,0.454,0.653,0.678,0.718,0.817,0.744,0.064,0.535,0.724,0.768,0.694,0.781,0.690,0.579,0.644,0.019,0.064,0.168,0.589,0.023,0.353,0.588,0.768,0.194,0.129,0.411,0.321,0.238,0.741,5.291,0.000,0.321,0.031,0.206,4.591,0.000,0.049,0.000,0.071,0.109,0.598,0.200,0.490,0.510,0.000,0.000,0.000,0.000,0.000,0.000,0.000,0.000,0.181,0.134,0.357,0.516,0.085,0.435,0.245,0.618,0.346,0.109,0.034,0.219,0.148,0.166,0.021,0.071,0.018,0.000,0.003,0.084,0.000,0.004,0.056,0.048,0.005,0.000,0.359,0.238,0.189,0.074,0.141,0.313,0.121,0.636,0.361,0.274,0.700,0.216,0.136,0.093,0.104,0.094,0.761,0.056,0.614,0.581,0.535,0.313,0.081,0.057,0.045,0.091,0.171,0.243
high-democratic-mandate,High Democratic Mandate,"Popular, high-mandate laws create accountability pressure against invalidation.",1.000,high-mandate synthetic legislature,expanded-court-fifteen,Expanded 15-seat court,5120,0.917,0.491,0.425,0.391,0.580,0.180,0.191,0.389,0.329,0.671,0.096,0.002,0.059,0.036,0.103,0.663,0.522,0.482,0.358,0.204,0.556,0.439,0.424,0.556,0.494,0.655,0.038,0.445,0.135,0.012,0.494,0.366,0.299,0.057,0.659,0.321,0.429,0.725,0.620,0.427,0.649,0.670,0.716,0.815,0.742,0.061,0.526,0.722,0.766,0.693,0.776,0.691,0.579,0.638,0.016,0.061,0.162,0.585,0.023,0.348,0.583,0.766,0.202,0.124,0.400,0.304,0.225,0.740,5.017,0.000,0.304,0.033,0.192,4.283,0.000,0.038,0.000,0.062,0.431,0.639,0.275,0.509,0.491,0.000,0.000,0.000,0.000,0.000,0.000,0.000,0.000,0.189,0.145,0.356,0.559,0.090,0.435,0.244,0.617,0.317,0.120,0.039,0.210,0.146,0.228,0.016,0.078,0.018,0.000,0.004,0.092,0.000,0.005,0.058,0.055,0.005,0.000,0.359,0.238,0.189,0.074,0.141,0.313,0.115,0.656,0.337,0.263,0.712,0.081,0.182,0.083,0.100,0.090,0.747,0.055,0.614,0.576,0.526,0.313,0.081,0.057,0.045,0.091,0.171,0.243
high-democratic-mandate,High Democratic Mandate,"Popular, high-mandate laws create accountability pressure against invalidation.",1.000,high-mandate synthetic legislature,supermajority-review,60 percent invalidation threshold,5120,0.918,0.496,0.421,0.395,0.580,0.185,0.191,0.389,0.329,0.671,0.092,0.001,0.049,0.038,0.103,0.663,0.522,0.482,0.358,0.204,0.556,0.439,0.424,0.556,0.494,0.655,0.038,0.445,0.135,0.014,0.494,0.366,0.299,0.051,0.658,0.305,0.424,0.725,0.627,0.413,0.640,0.671,0.723,0.815,0.753,0.054,0.512,0.726,0.766,0.699,0.794,0.690,0.580,0.632,0.027,0.054,0.169,0.573,0.018,0.348,0.581,0.763,0.165,0.102,0.382,0.313,0.174,0.557,3.883,0.000,0.313,0.056,0.119,2.643,0.138,0.035,0.000,0.026,0.112,0.597,0.195,0.504,0.496,0.000,0.000,0.000,0.000,0.000,0.000,0.000,0.000,0.185,0.118,0.375,0.549,0.079,0.435,0.247,0.617,0.330,0.104,0.031,0.214,0.141,0.231,0.019,0.063,0.016,0.000,0.006,0.085,0.000,0.004,0.053,0.053,0.005,0.000,0.359,0.238,0.189,0.074,0.141,0.313,0.097,0.502,0.288,0.254,0.600,0.054,0.091,0.023,0.089,0.080,0.773,0.062,0.614,0.581,0.512,0.313,0.081,0.057,0.045,0.091,0.171,0.243
high-democratic-mandate,High Democratic Mandate,"Popular, high-mandate laws create accountability pressure against invalidation.",1.000,high-mandate synthetic legislature,recusal-and-emergency-reform,Peer recusal + reasoned emergency docket,5120,0.914,0.487,0.427,0.387,0.580,0.172,0.191,0.389,0.329,0.671,0.097,0.000,0.054,0.036,0.103,0.663,0.522,0.482,0.358,0.204,0.556,0.439,0.424,0.556,0.494,0.655,0.038,0.445,0.135,0.015,0.494,0.366,0.299,0.052,0.659,0.321,0.428,0.725,0.623,0.435,0.650,0.670,0.718,0.816,0.743,0.062,0.520,0.724,0.766,0.695,0.778,0.691,0.580,0.637,0.025,0.062,0.162,0.579,0.025,0.346,0.581,0.765,0.194,0.122,0.393,0.306,0.225,0.737,5.017,0.000,0.306,0.033,0.192,4.283,0.000,0.059,0.000,0.068,0.113,0.609,0.193,0.513,0.487,0.000,0.000,0.000,0.000,0.000,0.000,0.000,0.000,0.187,0.138,0.358,0.553,0.087,0.435,0.245,0.618,0.319,0.111,0.034,0.206,0.147,0.225,0.017,0.072,0.017,0.000,0.005,0.089,0.000,0.005,0.058,0.052,0.004,0.000,0.359,0.238,0.189,0.074,0.141,0.313,0.113,0.625,0.333,0.290,0.696,0.108,0.091,0.070,0.099,0.089,0.758,0.055,0.615,0.579,0.520,0.313,0.081,0.057,0.045,0.091,0.171,0.243
high-democratic-mandate,High Democratic Mandate,"Popular, high-mandate laws create accountability pressure against invalidation.",1.000,high-mandate synthetic legislature,panel-en-banc,Three-judge panels with en banc correction,5120,0.917,0.497,0.419,0.388,0.580,0.181,0.191,0.389,0.329,0.671,0.090,0.000,0.051,0.033,0.103,0.663,0.522,0.482,0.358,0.203,0.556,0.439,0.424,0.556,0.494,0.655,0.038,0.414,0.135,0.015,0.494,0.366,0.299,0.049,0.660,0.321,0.510,0.725,0.623,0.440,0.653,0.683,0.720,0.818,0.725,0.061,0.572,0.725,0.767,0.696,0.782,0.692,0.581,0.639,0.030,0.061,0.161,0.625,0.024,0.347,0.584,0.771,0.205,0.122,0.402,0.308,0.234,0.760,5.213,0.000,0.308,0.029,0.205,4.561,0.000,0.478,0.000,0.233,0.073,0.531,0.161,0.814,0.186,0.000,0.000,0.000,0.000,0.000,0.000,0.000,0.000,0.176,0.130,0.355,0.512,0.081,0.425,0.243,0.619,0.338,0.102,0.030,0.217,0.140,0.163,0.017,0.070,0.017,0.000,0.005,0.073,0.000,0.005,0.050,0.050,0.006,0.000,0.359,0.238,0.189,0.074,0.141,0.313,0.111,0.587,0.330,0.274,0.632,0.162,0.182,0.109,0.100,0.089,0.765,0.054,0.615,0.585,0.572,0.313,0.081,0.057,0.045,0.091,0.171,0.243
high-democratic-mandate,High Democratic Mandate,"Popular, high-mandate laws create accountability pressure against invalidation.",1.000,high-mandate synthetic legislature,cross-checking-courts,Supreme court with cross-checking constitutional court,5120,0.917,0.498,0.419,0.398,0.580,0.186,0.191,0.389,0.329,0.671,0.098,0.000,0.060,0.042,0.103,0.663,0.522,0.482,0.358,0.184,0.556,0.439,0.424,0.556,0.494,0.655,0.038,0.444,0.135,0.013,0.494,0.366,0.299,0.053,0.678,0.305,0.434,0.725,0.607,0.381,0.639,0.670,0.717,0.816,0.734,0.055,0.532,0.726,0.768,0.693,0.788,0.692,0.565,0.620,0.010,0.055,0.168,0.585,0.016,0.370,0.577,0.767,0.267,0.079,0.379,0.310,0.171,0.550,3.800,0.000,0.310,0.055,0.115,2.570,0.140,0.097,0.000,0.093,0.110,0.600,0.196,0.502,0.498,0.137,0.000,0.000,0.000,0.000,0.000,0.000,0.000,0.178,0.104,0.379,0.517,0.077,0.435,0.249,0.620,0.333,0.108,0.031,0.218,0.148,0.169,0.018,0.072,0.015,0.000,0.007,0.085,0.000,0.004,0.054,0.050,0.005,0.000,0.359,0.238,0.189,0.074,0.141,0.313,0.072,0.371,0.220,0.163,0.400,0.027,0.091,0.059,0.088,0.064,0.766,0.062,0.618,0.566,0.532,0.313,0.081,0.057,0.045,0.091,0.171,0.243
high-democratic-mandate,High Democratic Mandate,"Popular, high-mandate laws create accountability pressure against invalidation.",1.000,high-mandate synthetic legislature,dual-supreme-courts,Dual supreme courts with disagreement filter,5120,0.914,0.502,0.412,0.403,0.580,0.187,0.191,0.389,0.329,0.671,0.090,0.000,0.056,0.037,0.103,0.663,0.522,0.482,0.358,0.205,0.556,0.439,0.424,0.556,0.494,0.655,0.038,0.446,0.135,0.014,0.494,0.366,0.299,0.064,0.659,0.305,0.437,0.725,0.599,0.425,0.641,0.668,0.700,0.807,0.723,0.054,0.537,0.713,0.768,0.675,0.753,0.681,0.557,0.640,0.009,0.054,0.167,0.592,0.025,0.379,0.586,0.765,0.303,0.128,0.386,0.311,0.172,0.554,3.839,0.000,0.311,0.053,0.119,2.652,0.139,0.095,0.000,0.089,0.114,0.614,0.202,0.498,0.502,0.134,0.000,0.000,0.000,0.000,0.000,0.000,0.000,0.186,0.150,0.373,0.548,0.084,0.436,0.246,0.608,0.329,0.115,0.037,0.218,0.141,0.185,0.018,0.074,0.020,0.000,0.010,0.088,0.000,0.004,0.056,0.055,0.005,0.000,0.359,0.238,0.189,0.074,0.141,0.313,0.117,0.647,0.353,0.266,0.700,0.054,0.136,0.083,0.104,0.097,0.733,0.061,0.608,0.557,0.537,0.313,0.081,0.057,0.045,0.091,0.171,0.243
high-democratic-mandate,High Democratic Mandate,"Popular, high-mandate laws create accountability pressure against invalidation.",1.000,high-mandate synthetic legislature,comparative-constitutional-senates,Comparative 16-seat constitutional senates,5120,0.918,0.505,0.413,0.395,0.580,0.198,0.191,0.389,0.329,0.671,0.093,0.001,0.051,0.036,0.103,0.663,0.522,0.482,0.358,0.204,0.556,0.439,0.424,0.556,0.494,0.655,0.038,0.475,0.135,0.012,0.494,0.366,0.299,0.051,0.658,0.305,0.552,0.725,0.616,0.383,0.640,0.682,0.726,0.817,0.713,0.057,0.570,0.727,0.759,0.703,0.804,0.692,0.579,0.628,0.014,0.057,0.174,0.624,0.017,0.350,0.582,0.769,0.237,0.087,0.385,0.323,0.171,0.528,3.800,0.000,0.323,0.054,0.116,2.587,0.153,0.475,0.000,0.104,0.111,0.589,0.192,0.822,0.178,0.000,0.000,0.000,0.000,0.000,0.000,0.000,0.000,0.180,0.103,0.381,0.502,0.078,0.445,0.250,0.617,0.344,0.107,0.032,0.214,0.150,0.171,0.021,0.073,0.016,0.000,0.003,0.079,0.000,0.005,0.056,0.049,0.004,0.000,0.359,0.238,0.189,0.074,0.141,0.313,0.083,0.427,0.252,0.155,0.524,0.000,0.045,0.020,0.085,0.070,0.782,0.064,0.614,0.581,0.570,0.313,0.081,0.057,0.045,0.091,0.171,0.243
high-democratic-mandate,High Democratic Mandate,"Popular, high-mandate laws create accountability pressure against invalidation.",1.000,high-mandate synthetic legislature,constitutional-council,Pre-enactment constitutional council,5120,0.922,0.503,0.419,0.402,0.580,0.187,0.191,0.389,0.329,0.671,0.094,0.001,0.047,0.034,0.103,0.663,0.522,0.482,0.358,0.201,0.556,0.439,0.424,0.556,0.494,0.655,0.038,0.434,0.135,0.015,0.494,0.366,0.299,0.051,0.699,0.322,0.469,0.725,0.620,0.431,0.651,0.686,0.725,0.818,0.730,0.064,0.584,0.732,0.771,0.703,0.793,0.693,0.592,0.637,0.023,0.064,0.164,0.636,0.021,0.357,0.599,0.778,0.257,0.110,0.404,0.314,0.226,0.721,5.039,0.000,0.314,0.028,0.198,4.409,0.000,0.319,0.000,0.099,0.075,0.576,0.184,0.814,0.186,0.000,0.299,0.000,0.000,0.062,0.014,0.031,0.001,0.181,0.134,0.359,0.519,0.128,0.431,0.245,0.637,0.342,0.105,0.037,0.219,0.142,0.175,0.015,0.049,0.010,0.142,0.002,0.059,0.000,0.006,0.050,0.052,0.007,0.000,0.359,0.238,0.189,0.074,0.141,0.313,0.105,0.588,0.312,0.207,0.632,0.189,0.136,0.050,0.097,0.078,0.773,0.055,0.620,0.594,0.584,0.313,0.081,0.057,0.045,0.091,0.171,0.243
high-democratic-mandate,High Democratic Mandate,"Popular, high-mandate laws create accountability pressure against invalidation.",1.000,high-mandate synthetic legislature,legislative-override,Judicial review with legislative supermajority override,5120,0.926,0.503,0.422,0.398,0.580,0.192,0.191,0.389,0.329,0.671,0.096,0.002,0.060,0.039,0.103,0.663,0.522,0.482,0.358,0.203,0.556,0.439,0.424,0.556,0.494,0.655,0.038,0.445,0.135,0.011,0.494,0.366,0.299,0.055,0.661,0.322,0.425,0.725,0.622,0.434,0.652,0.673,0.716,0.815,0.743,0.061,0.539,0.723,0.769,0.693,0.782,0.690,0.573,0.639,0.010,0.061,0.162,0.588,0.022,0.362,0.589,0.769,0.198,0.121,0.414,0.309,0.228,0.738,5.078,0.000,0.309,0.028,0.200,4.452,0.000,0.037,0.000,0.068,0.108,0.608,0.199,0.497,0.503,0.000,0.000,0.000,0.000,0.071,0.014,0.032,0.001,0.186,0.157,0.357,0.520,0.144,0.435,0.245,0.616,0.328,0.115,0.040,0.221,0.155,0.167,0.013,0.051,0.012,0.155,0.003,0.057,0.000,0.004,0.057,0.060,0.005,0.000,0.359,0.238,0.189,0.074,0.141,0.313,0.112,0.618,0.327,0.238,0.680,0.162,0.182,0.119,0.101,0.085,0.761,0.055,0.614,0.574,0.539,0.313,0.081,0.057,0.045,0.091,0.171,0.243
high-democratic-mandate,High Democratic Mandate,"Popular, high-mandate laws create accountability pressure against invalidation.",1.000,high-mandate synthetic legislature,accountability-retention-court,Retention-election accountability court,5120,0.915,0.507,0.408,0.403,0.580,0.192,0.191,0.389,0.329,0.671,0.094,0.002,0.054,0.041,0.103,0.663,0.522,0.482,0.358,0.203,0.556,0.439,0.424,0.556,0.494,0.655,0.038,0.445,0.135,0.013,0.494,0.366,0.299,0.050,0.661,0.322,0.426,0.725,0.623,0.427,0.651,0.675,0.719,0.815,0.744,0.063,0.536,0.723,0.768,0.697,0.788,0.695,0.575,0.633,0.021,0.063,0.164,0.588,0.023,0.361,0.593,0.768,0.192,0.117,0.416,0.312,0.226,0.725,5.039,0.000,0.312,0.029,0.197,4.396,0.000,0.042,0.000,0.092,0.311,0.629,0.249,0.493,0.507,0.000,0.000,0.000,0.000,0.066,0.035,0.000,0.002,0.183,0.140,0.362,0.528,0.099,0.435,0.246,0.617,0.336,0.115,0.037,0.218,0.153,0.175,0.009,0.054,0.011,0.153,0.003,0.060,0.000,0.005,0.056,0.055,0.005,0.000,0.359,0.238,0.189,0.074,0.141,0.313,0.110,0.593,0.328,0.242,0.660,0.108,0.182,0.069,0.099,0.080,0.762,0.056,0.615,0.577,0.536,0.313,0.081,0.057,0.045,0.091,0.171,0.243
high-democratic-mandate,High Democratic Mandate,"Popular, high-mandate laws create accountability pressure against invalidation.",1.000,high-mandate synthetic legislature,emergency-restraint-court,No emergency relief without merits review,5120,0.920,0.509,0.411,0.404,0.580,0.202,0.191,0.389,0.329,0.671,0.094,0.001,0.051,0.037,0.103,0.663,0.522,0.482,0.358,0.200,0.556,0.439,0.424,0.556,0.494,0.655,0.038,0.445,0.135,0.014,0.494,0.366,0.299,0.050,0.663,0.257,0.432,0.725,0.629,0.425,0.695,0.684,0.724,0.820,0.753,0.008,0.574,0.729,0.784,0.699,0.792,0.691,0.581,0.644,0.020,0.008,0.161,0.628,0.026,0.348,0.590,0.779,0.210,0.128,0.463,0.321,0.321,1.000,7.139,0.000,0.321,0.000,0.321,7.139,0.000,0.083,0.000,0.066,0.112,0.601,0.201,0.491,0.509,0.000,0.000,0.000,0.000,0.000,0.000,0.000,0.000,0.175,0.130,0.319,0.514,0.087,0.435,0.208,0.622,0.338,0.112,0.036,0.223,0.154,0.177,0.021,0.072,0.021,0.000,0.004,0.080,0.000,0.006,0.053,0.054,0.007,0.000,0.359,0.238,0.189,0.074,0.141,0.313,0.120,0.681,0.349,0.239,0.804,0.054,0.182,0.033,0.110,0.087,0.779,0.047,0.622,0.583,0.574,0.313,0.081,0.057,0.045,0.091,0.171,0.243
high-democratic-mandate,High Democratic Mandate,"Popular, high-mandate laws create accountability pressure against invalidation.",1.000,high-mandate synthetic legislature,randomized-merits-panels,Randomized merits panels with en banc correction,5120,0.918,0.498,0.420,0.392,0.580,0.179,0.191,0.389,0.329,0.671,0.092,0.001,0.046,0.035,0.103,0.663,0.522,0.482,0.358,0.203,0.556,0.439,0.424,0.556,0.494,0.655,0.038,0.414,0.135,0.012,0.494,0.366,0.299,0.045,0.659,0.321,0.535,0.725,0.622,0.418,0.651,0.683,0.722,0.819,0.718,0.062,0.572,0.726,0.765,0.698,0.784,0.693,0.582,0.638,0.028,0.062,0.162,0.626,0.021,0.346,0.584,0.771,0.211,0.118,0.401,0.307,0.228,0.745,5.083,0.000,0.307,0.030,0.198,4.404,0.000,0.513,0.000,0.097,0.075,0.532,0.163,0.820,0.180,0.000,0.000,0.000,0.000,0.000,0.000,0.000,0.000,0.176,0.126,0.349,0.509,0.084,0.425,0.241,0.619,0.334,0.109,0.035,0.213,0.146,0.171,0.016,0.079,0.015,0.000,0.005,0.080,0.000,0.004,0.054,0.051,0.005,0.000,0.359,0.238,0.189,0.074,0.141,0.313,0.110,0.606,0.340,0.242,0.636,0.027,0.045,0.040,0.099,0.086,0.767,0.054,0.616,0.584,0.572,0.313,0.081,0.057,0.045,0.091,0.171,0.243
high-democratic-mandate,High Democratic Mandate,"Popular, high-mandate laws create accountability pressure against invalidation.",1.000,high-mandate synthetic legislature,mandatory-written-emergency-reasoning,Mandatory written emergency reasoning,5120,0.919,0.498,0.421,0.389,0.580,0.188,0.191,0.389,0.329,0.671,0.099,0.001,0.046,0.047,0.103,0.663,0.522,0.482,0.358,0.204,0.556,0.439,0.424,0.556,0.494,0.655,0.038,0.445,0.135,0.013,0.494,0.366,0.299,0.055,0.659,0.293,0.425,0.725,0.622,0.431,0.652,0.671,0.719,0.813,0.747,0.038,0.524,0.724,0.770,0.695,0.783,0.691,0.578,0.639,0.026,0.038,0.168,0.584,0.023,0.352,0.584,0.767,0.205,0.121,0.401,0.313,0.210,0.672,4.683,0.000,0.313,0.053,0.157,3.500,0.000,0.036,0.000,0.072,0.111,0.603,0.197,0.502,0.498,0.000,0.000,0.000,0.000,0.000,0.000,0.000,0.000,0.188,0.138,0.373,0.561,0.089,0.435,0.242,0.617,0.328,0.107,0.034,0.215,0.151,0.234,0.019,0.071,0.015,0.000,0.006,0.086,0.000,0.004,0.050,0.054,0.005,0.000,0.359,0.238,0.189,0.074,0.141,0.313,0.113,0.615,0.336,0.235,0.676,0.135,0.123,0.100,0.097,0.092,0.764,0.061,0.613,0.578,0.524,0.313,0.081,0.057,0.045,0.091,0.171,0.243
high-democratic-mandate,High Democratic Mandate,"Popular, high-mandate laws create accountability pressure against invalidation.",1.000,high-mandate synthetic legislature,automatic-merits-follow-up,Automatic merits follow-up for emergency relief,5120,0.925,0.499,0.426,0.396,0.580,0.184,0.191,0.389,0.329,0.671,0.100,0.001,0.064,0.039,0.103,0.663,0.522,0.482,0.358,0.201,0.556,0.439,0.424,0.556,0.494,0.655,0.038,0.444,0.135,0.011,0.494,0.366,0.299,0.052,0.663,0.277,0.424,0.725,0.626,0.446,0.687,0.679,0.720,0.817,0.748,0.013,0.554,0.727,0.779,0.695,0.782,0.689,0.581,0.644,0.024,0.013,0.158,0.613,0.027,0.347,0.586,0.775,0.222,0.136,0.455,0.313,0.313,1.000,6.961,0.000,0.313,0.055,0.313,6.961,0.000,0.034,0.000,0.068,0.110,0.608,0.200,0.501,0.499,0.000,0.000,0.000,0.000,0.000,0.000,0.000,0.000,0.183,0.140,0.321,0.563,0.086,0.435,0.217,0.621,0.334,0.103,0.029,0.211,0.150,0.238,0.020,0.068,0.015,0.000,0.004,0.085,0.000,0.005,0.053,0.046,0.006,0.000,0.359,0.238,0.189,0.074,0.141,0.313,0.128,0.729,0.360,0.314,0.848,0.108,0.182,0.109,0.112,0.103,0.768,0.055,0.620,0.583,0.554,0.313,0.081,0.057,0.045,0.091,0.171,0.243
high-democratic-mandate,High Democratic Mandate,"Popular, high-mandate laws create accountability pressure against invalidation.",1.000,high-mandate synthetic legislature,strong-recusal-enforcement,Independent recusal enforcement with substitutes,5120,0.916,0.503,0.413,0.398,0.580,0.192,0.191,0.389,0.329,0.671,0.096,0.001,0.050,0.040,0.103,0.663,0.522,0.482,0.358,0.202,0.556,0.439,0.424,0.556,0.494,0.655,0.038,0.444,0.135,0.014,0.494,0.366,0.299,0.045,0.660,0.322,0.435,0.725,0.622,0.436,0.650,0.679,0.720,0.819,0.738,0.064,0.541,0.725,0.768,0.697,0.783,0.692,0.581,0.639,0.018,0.064,0.164,0.594,0.025,0.349,0.585,0.769,0.212,0.122,0.403,0.312,0.228,0.732,5.078,0.000,0.312,0.035,0.194,4.309,0.000,0.085,0.000,0.064,0.112,0.619,0.201,0.497,0.503,0.000,0.000,0.000,0.000,0.000,0.000,0.000,0.000,0.179,0.127,0.351,0.509,0.085,0.435,0.243,0.619,0.343,0.106,0.034,0.217,0.145,0.165,0.017,0.070,0.015,0.000,0.003,0.089,0.000,0.005,0.053,0.049,0.005,0.000,0.359,0.238,0.189,0.074,0.141,0.313,0.113,0.618,0.339,0.254,0.652,0.135,0.227,0.099,0.100,0.090,0.762,0.056,0.616,0.582,0.541,0.313,0.081,0.057,0.045,0.091,0.171,0.243
high-democratic-mandate,High Democratic Mandate,"Popular, high-mandate laws create accountability pressure against invalidation.",1.000,high-mandate synthetic legislature,jurisdiction-stripping-constraints,Jurisdiction stripping constrained by rights carveouts,5120,0.921,0.501,0.421,0.397,0.580,0.186,0.191,0.389,0.329,0.671,0.091,0.001,0.051,0.037,0.103,0.663,0.522,0.482,0.358,0.202,0.556,0.439,0.424,0.556,0.494,0.655,0.038,0.395,0.135,0.012,0.494,0.366,0.299,0.057,0.690,0.322,0.425,0.725,0.627,0.428,0.652,0.674,0.718,0.819,0.750,0.063,0.543,0.728,0.773,0.694,0.782,0.691,0.577,0.640,0.010,0.063,0.166,0.587,0.023,0.355,0.588,0.772,0.192,0.122,0.409,0.318,0.234,0.736,5.204,0.000,0.318,0.030,0.204,4.530,0.000,0.036,0.000,0.070,0.110,0.607,0.197,0.499,0.501,0.000,0.000,0.000,0.000,0.070,0.000,0.000,0.000,0.179,0.166,0.364,0.514,0.130,0.418,0.247,0.628,0.324,0.116,0.039,0.226,0.145,0.164,0.020,0.106,0.023,0.000,0.004,0.000,0.000,0.005,0.061,0.058,0.007,0.000,0.359,0.238,0.189,0.074,0.141,0.313,0.113,0.634,0.336,0.262,0.688,0.081,0.136,0.073,0.101,0.089,0.761,0.055,0.617,0.588,0.543,0.313,0.081,0.057,0.045,0.091,0.171,0.243
high-democratic-mandate,High Democratic Mandate,"Popular, high-mandate laws create accountability pressure against invalidation.",1.000,high-mandate synthetic legislature,legislative-override-window,Time-limited legislative override window,5120,0.917,0.498,0.419,0.395,0.580,0.181,0.191,0.389,0.329,0.671,0.086,0.003,0.038,0.031,0.103,0.663,0.522,0.482,0.358,0.203,0.556,0.439,0.424,0.556,0.494,0.655,0.038,0.445,0.135,0.012,0.494,0.366,0.299,0.050,0.660,0.322,0.425,0.725,0.622,0.416,0.650,0.674,0.717,0.816,0.743,0.065,0.533,0.722,0.768,0.694,0.781,0.691,0.575,0.635,0.010,0.065,0.166,0.583,0.025,0.359,0.588,0.768,0.197,0.119,0.400,0.315,0.229,0.726,5.087,0.000,0.315,0.034,0.195,4.339,0.000,0.039,0.000,0.073,0.113,0.607,0.198,0.502,0.498,0.000,0.000,0.000,0.000,0.071,0.020,0.032,0.000,0.184,0.150,0.361,0.522,0.141,0.435,0.246,0.617,0.331,0.110,0.041,0.218,0.151,0.167,0.013,0.047,0.013,0.151,0.004,0.056,0.000,0.004,0.056,0.052,0.007,0.000,0.359,0.238,0.189,0.074,0.141,0.313,0.108,0.607,0.326,0.254,0.628,0.027,0.136,0.073,0.099,0.084,0.760,0.056,0.614,0.577,0.533,0.313,0.081,0.057,0.045,0.091,0.171,0.243
high-democratic-mandate,High Democratic Mandate,"Popular, high-mandate laws create accountability pressure against invalidation.",1.000,high-mandate synthetic legislature,constitutional-remand,Constitutional remand before invalidation,5120,0.918,0.513,0.405,0.409,0.580,0.195,0.191,0.389,0.329,0.671,0.098,0.000,0.042,0.036,0.103,0.663,0.522,0.482,0.358,0.171,0.556,0.439,0.424,0.556,0.494,0.655,0.038,0.404,0.135,0.014,0.494,0.366,0.299,0.057,0.673,0.322,0.427,0.725,0.622,0.408,0.652,0.683,0.733,0.825,0.731,0.061,0.563,0.737,0.776,0.712,0.807,0.704,0.595,0.634,0.019,0.061,0.162,0.613,0.017,0.348,0.601,0.777,0.268,0.086,0.420,0.309,0.228,0.739,5.083,0.000,0.309,0.028,0.200,4.461,0.000,0.052,0.000,0.088,0.075,0.617,0.197,0.487,0.513,0.000,0.337,0.038,0.000,0.048,0.009,0.025,0.001,0.175,0.117,0.351,0.497,0.121,0.422,0.242,0.632,0.342,0.108,0.033,0.218,0.159,0.170,0.017,0.047,0.012,0.159,0.003,0.055,0.000,0.004,0.056,0.052,0.006,0.000,0.359,0.238,0.189,0.074,0.141,0.313,0.097,0.511,0.305,0.205,0.552,0.042,0.045,0.033,0.090,0.072,0.785,0.054,0.626,0.599,0.563,0.313,0.081,0.057,0.045,0.091,0.171,0.243
high-democratic-mandate,High Democratic Mandate,"Popular, high-mandate laws create accountability pressure against invalidation.",1.000,high-mandate synthetic legislature,public-interest-litigation-filter,Public-interest litigation filter,5120,0.911,0.497,0.413,0.396,0.580,0.174,0.191,0.389,0.329,0.671,0.090,0.000,0.063,0.034,0.103,0.663,0.522,0.482,0.358,0.203,0.556,0.439,0.424,0.556,0.494,0.655,0.038,0.359,0.135,0.015,0.494,0.366,0.299,0.051,0.660,0.322,0.427,0.725,0.624,0.441,0.651,0.676,0.719,0.819,0.740,0.062,0.535,0.725,0.776,0.695,0.779,0.691,0.581,0.643,0.019,0.062,0.163,0.587,0.024,0.346,0.584,0.769,0.212,0.127,0.406,0.309,0.230,0.743,5.113,0.000,0.309,0.032,0.197,4.391,0.000,0.052,0.000,0.068,0.112,0.607,0.195,0.503,0.497,0.000,0.000,0.000,0.088,0.000,0.000,0.000,0.000,0.176,0.136,0.359,0.516,0.086,0.407,0.245,0.619,0.337,0.102,0.029,0.219,0.155,0.172,0.021,0.071,0.013,0.000,0.005,0.074,0.000,0.004,0.049,0.048,0.005,0.000,0.359,0.238,0.189,0.074,0.141,0.313,0.121,0.660,0.367,0.230,0.728,0.162,0.136,0.059,0.102,0.092,0.759,0.055,0.615,0.585,0.535,0.313,0.081,0.057,0.045,0.091,0.171,0.243
high-democratic-mandate,High Democratic Mandate,"Popular, high-mandate laws create accountability pressure against invalidation.",1.000,high-mandate synthetic legislature,emergency-integrity-package,Emergency integrity package,5120,0.919,0.502,0.417,0.394,0.580,0.184,0.191,0.389,0.329,0.671,0.094,0.000,0.062,0.037,0.103,0.663,0.522,0.482,0.358,0.202,0.556,0.439,0.424,0.556,0.494,0.655,0.038,0.445,0.135,0.014,0.494,0.366,0.299,0.055,0.662,0.277,0.435,0.725,0.623,0.431,0.686,0.682,0.722,0.818,0.742,0.013,0.572,0.727,0.780,0.697,0.788,0.691,0.580,0.642,0.017,0.013,0.157,0.624,0.024,0.348,0.587,0.777,0.243,0.128,0.450,0.310,0.310,1.000,6.904,0.000,0.310,0.058,0.310,6.904,0.000,0.083,0.000,0.072,0.114,0.613,0.200,0.498,0.502,0.000,0.000,0.000,0.000,0.000,0.000,0.000,0.000,0.177,0.136,0.327,0.516,0.087,0.435,0.220,0.620,0.337,0.109,0.033,0.219,0.152,0.171,0.016,0.075,0.016,0.000,0.004,0.083,0.000,0.005,0.055,0.051,0.005,0.000,0.359,0.238,0.189,0.074,0.141,0.313,0.120,0.677,0.338,0.270,0.812,0.081,0.136,0.069,0.109,0.097,0.773,0.055,0.619,0.581,0.572,0.313,0.081,0.057,0.045,0.091,0.171,0.243
high-democratic-mandate,High Democratic Mandate,"Popular, high-mandate laws create accountability pressure against invalidation.",1.000,high-mandate synthetic legislature,remand-override-window-package,Constitutional remand with override window,5120,0.919,0.513,0.406,0.409,0.580,0.195,0.191,0.389,0.329,0.671,0.088,0.000,0.055,0.041,0.103,0.663,0.522,0.482,0.358,0.170,0.556,0.439,0.424,0.556,0.494,0.655,0.038,0.404,0.135,0.013,0.494,0.366,0.299,0.049,0.673,0.294,0.427,0.725,0.619,0.413,0.654,0.685,0.735,0.826,0.731,0.038,0.564,0.738,0.780,0.715,0.813,0.703,0.597,0.633,0.019,0.038,0.170,0.616,0.018,0.349,0.600,0.779,0.297,0.085,0.420,0.320,0.218,0.681,4.848,0.000,0.320,0.049,0.168,3.748,0.000,0.049,0.000,0.088,0.076,0.627,0.198,0.488,0.513,0.000,0.332,0.032,0.000,0.046,0.011,0.022,0.000,0.174,0.118,0.368,0.494,0.113,0.421,0.241,0.632,0.340,0.113,0.036,0.230,0.151,0.166,0.013,0.054,0.011,0.151,0.003,0.056,0.000,0.006,0.054,0.053,0.008,0.000,0.359,0.238,0.189,0.074,0.141,0.313,0.095,0.525,0.282,0.247,0.585,0.054,0.091,0.042,0.088,0.074,0.792,0.061,0.627,0.600,0.564,0.313,0.081,0.057,0.045,0.091,0.171,0.243
high-democratic-mandate,High Democratic Mandate,"Popular, high-mandate laws create accountability pressure against invalidation.",1.000,high-mandate synthetic legislature,panel-jurisdiction-safeguards,Random panels with jurisdiction safeguards,5120,0.919,0.499,0.420,0.390,0.580,0.183,0.191,0.389,0.329,0.671,0.095,0.001,0.044,0.032,0.103,0.663,0.522,0.482,0.358,0.203,0.556,0.439,0.424,0.556,0.494,0.655,0.038,0.364,0.135,0.013,0.494,0.366,0.299,0.053,0.688,0.305,0.558,0.725,0.620,0.421,0.640,0.681,0.720,0.816,0.718,0.055,0.577,0.728,0.768,0.695,0.790,0.686,0.578,0.634,0.028,0.055,0.169,0.625,0.022,0.354,0.585,0.773,0.235,0.113,0.379,0.313,0.174,0.556,3.878,0.000,0.313,0.055,0.119,2.643,0.139,0.538,0.000,0.096,0.075,0.550,0.163,0.813,0.187,0.000,0.000,0.000,0.000,0.064,0.000,0.000,0.000,0.176,0.149,0.381,0.515,0.126,0.408,0.249,0.627,0.329,0.111,0.038,0.217,0.159,0.171,0.022,0.097,0.022,0.000,0.004,0.000,0.000,0.006,0.055,0.052,0.006,0.000,0.359,0.238,0.189,0.074,0.141,0.313,0.103,0.525,0.310,0.254,0.588,0.081,0.227,0.086,0.092,0.087,0.771,0.063,0.615,0.589,0.577,0.313,0.081,0.057,0.045,0.091,0.171,0.243
high-democratic-mandate,High Democratic Mandate,"Popular, high-mandate laws create accountability pressure against invalidation.",1.000,high-mandate synthetic legislature,council-concrete-hybrid,Constitutional council with concrete-review backstop,5120,0.922,0.501,0.421,0.393,0.580,0.184,0.191,0.389,0.329,0.671,0.100,0.002,0.057,0.039,0.103,0.663,0.522,0.482,0.358,0.201,0.556,0.439,0.424,0.556,0.494,0.655,0.038,0.434,0.135,0.012,0.494,0.366,0.299,0.052,0.699,0.322,0.506,0.725,0.617,0.405,0.653,0.685,0.725,0.820,0.720,0.063,0.589,0.732,0.768,0.704,0.793,0.695,0.592,0.634,0.013,0.063,0.165,0.639,0.020,0.354,0.596,0.778,0.270,0.103,0.404,0.317,0.233,0.733,5.178,0.000,0.317,0.028,0.205,4.561,0.000,0.415,0.000,0.103,0.114,0.589,0.194,0.823,0.177,0.000,0.295,0.000,0.000,0.052,0.011,0.028,0.001,0.182,0.135,0.356,0.512,0.134,0.432,0.244,0.637,0.332,0.112,0.043,0.221,0.156,0.170,0.013,0.047,0.013,0.156,0.003,0.052,0.000,0.005,0.057,0.047,0.006,0.000,0.359,0.238,0.189,0.074,0.141,0.313,0.098,0.520,0.308,0.202,0.548,0.027,0.152,0.040,0.094,0.074,0.772,0.055,0.620,0.595,0.589,0.313,0.081,0.057,0.045,0.091,0.171,0.243
high-democratic-mandate,High Democratic Mandate,"Popular, high-mandate laws create accountability pressure against invalidation.",1.000,high-mandate synthetic legislature,judicial-electorate-selection,Judicial electorate selection court,5120,0.918,0.500,0.417,0.397,0.580,0.180,0.191,0.389,0.329,0.671,0.095,0.002,0.053,0.034,0.103,0.663,0.522,0.482,0.358,0.204,0.556,0.439,0.424,0.556,0.494,0.655,0.038,0.445,0.135,0.011,0.494,0.366,0.299,0.057,0.660,0.320,0.427,0.725,0.617,0.445,0.653,0.675,0.718,0.817,0.732,0.064,0.552,0.724,0.769,0.694,0.780,0.691,0.578,0.644,0.013,0.064,0.168,0.601,0.023,0.352,0.585,0.769,0.250,0.127,0.410,0.321,0.241,0.750,5.361,0.000,0.321,0.032,0.209,4.643,0.000,0.042,0.000,0.069,0.113,0.619,0.200,0.500,0.500,0.000,0.000,0.000,0.000,0.000,0.000,0.000,0.000,0.176,0.144,0.351,0.488,0.087,0.435,0.243,0.617,0.323,0.117,0.033,0.206,0.154,0.120,0.022,0.082,0.015,0.000,0.004,0.073,0.000,0.005,0.060,0.055,0.007,0.000,0.359,0.238,0.189,0.074,0.141,0.313,0.121,0.683,0.367,0.294,0.688,0.135,0.091,0.109,0.103,0.093,0.759,0.056,0.614,0.579,0.552,0.313,0.081,0.057,0.045,0.091,0.171,0.243
constitutional-conflict,Constitutional Conflict,"Polarized laws, executive defiance, and public attention raise court-legislature conflict.",1.000,conflict synthetic legislature,current-us-like,Stylized current U.S.-like supreme court,5120,0.949,0.574,0.375,0.441,0.536,0.223,0.171,0.365,0.320,0.680,0.138,0.001,0.066,0.043,0.113,0.854,0.658,0.599,0.490,0.434,0.675,0.496,0.431,0.583,0.632,0.703,0.052,0.606,0.112,0.001,0.599,0.399,0.516,0.268,0.487,0.653,0.567,0.805,0.501,0.515,0.383,0.549,0.529,0.618,0.620,0.398,0.295,0.553,0.584,0.511,0.569,0.579,0.355,0.641,0.081,0.398,0.394,0.404,0.095,0.631,0.594,0.594,0.167,0.190,0.254,0.542,0.195,0.359,1.664,0.195,0.000,0.195,0.000,0.000,0.000,0.023,0.000,0.041,0.294,0.212,0.199,0.426,0.574,0.000,0.000,0.000,0.000,0.000,0.000,0.000,0.000,0.357,0.318,0.851,0.857,0.125,0.535,0.587,0.430,0.302,0.214,0.097,0.411,0.222,0.378,0.020,0.104,0.050,0.000,0.059,0.106,0.000,0.003,0.101,0.118,0.059,0.014,0.325,0.277,0.167,0.079,0.153,0.426,0.240,0.899,0.523,0.551,0.997,0.469,0.526,0.303,0.141,0.159,0.495,0.257,0.447,0.351,0.295,0.243,0.069,0.054,0.117,0.106,0.173,0.239
constitutional-conflict,Constitutional Conflict,"Polarized laws, executive defiance, and public attention raise court-legislature conflict.",1.000,conflict synthetic legislature,term-limited-balanced,18-year staggered terms + regular appointments,5120,0.935,0.562,0.373,0.436,0.536,0.202,0.171,0.365,0.320,0.680,0.142,0.001,0.071,0.048,0.113,0.854,0.658,0.599,0.490,0.421,0.675,0.496,0.431,0.583,0.632,0.703,0.052,0.564,0.112,0.001,0.599,0.399,0.516,0.221,0.497,0.490,0.575,0.805,0.512,0.465,0.609,0.596,0.534,0.658,0.645,0.142,0.467,0.558,0.668,0.512,0.544,0.575,0.385,0.615,0.076,0.142,0.295,0.570,0.158,0.576,0.621,0.660,0.209,0.318,0.424,0.496,0.411,0.827,3.509,0.000,0.496,0.168,0.243,2.075,0.000,0.068,0.000,0.085,0.107,0.200,0.141,0.438,0.562,0.000,0.000,0.000,0.000,0.000,0.000,0.000,0.000,0.320,0.376,0.611,0.844,0.138,0.521,0.419,0.452,0.282,0.215,0.094,0.372,0.214,0.361,0.017,0.098,0.047,0.000,0.053,0.115,0.000,0.004,0.105,0.119,0.049,0.013,0.325,0.277,0.167,0.079,0.153,0.426,0.198,0.740,0.438,0.460,0.780,0.293,0.500,0.284,0.183,0.239,0.520,0.155,0.474,0.374,0.467,0.243,0.069,0.054,0.117,0.106,0.173,0.239
constitutional-conflict,Constitutional Conflict,"Polarized laws, executive defiance, and public attention raise court-legislature conflict.",1.000,conflict synthetic legislature,nonpartisan-commission,Nonpartisan commission appointments,5120,0.945,0.571,0.373,0.440,0.536,0.215,0.171,0.365,0.320,0.680,0.133,0.002,0.054,0.038,0.113,0.854,0.658,0.599,0.490,0.423,0.675,0.496,0.431,0.583,0.632,0.703,0.052,0.564,0.112,0.002,0.599,0.399,0.516,0.237,0.497,0.492,0.580,0.805,0.507,0.458,0.609,0.596,0.535,0.656,0.638,0.147,0.483,0.558,0.667,0.513,0.553,0.576,0.378,0.613,0.060,0.147,0.301,0.579,0.155,0.582,0.622,0.660,0.234,0.312,0.424,0.510,0.418,0.819,3.571,0.000,0.510,0.172,0.245,2.097,0.000,0.096,0.000,0.087,0.112,0.204,0.138,0.429,0.571,0.000,0.000,0.000,0.000,0.000,0.000,0.000,0.000,0.319,0.373,0.632,0.815,0.141,0.521,0.428,0.448,0.291,0.219,0.098,0.401,0.232,0.299,0.018,0.100,0.053,0.000,0.059,0.109,0.000,0.002,0.109,0.118,0.054,0.014,0.325,0.277,0.167,0.079,0.153,0.426,0.189,0.710,0.419,0.465,0.759,0.286,0.417,0.257,0.182,0.236,0.529,0.159,0.470,0.370,0.483,0.243,0.069,0.054,0.117,0.106,0.173,0.239
constitutional-conflict,Constitutional Conflict,"Polarized laws, executive defiance, and public attention raise court-legislature conflict.",1.000,conflict synthetic legislature,expanded-court-fifteen,Expanded 15-seat court,5120,0.942,0.562,0.379,0.430,0.536,0.207,0.171,0.365,0.320,0.680,0.140,0.001,0.072,0.044,0.113,0.854,0.658,0.599,0.490,0.422,0.675,0.496,0.431,0.583,0.632,0.703,0.052,0.564,0.112,0.003,0.599,0.399,0.516,0.222,0.496,0.490,0.583,0.805,0.505,0.450,0.607,0.596,0.539,0.661,0.636,0.146,0.481,0.559,0.669,0.517,0.556,0.578,0.384,0.612,0.049,0.146,0.302,0.580,0.147,0.577,0.618,0.662,0.245,0.304,0.413,0.500,0.403,0.807,3.446,0.000,0.500,0.168,0.235,2.012,0.000,0.069,0.000,0.090,0.401,0.228,0.227,0.438,0.562,0.000,0.000,0.000,0.000,0.000,0.000,0.000,0.000,0.321,0.376,0.623,0.838,0.145,0.521,0.423,0.451,0.279,0.223,0.097,0.372,0.238,0.350,0.018,0.108,0.047,0.000,0.055,0.111,0.000,0.003,0.107,0.121,0.054,0.013,0.325,0.277,0.167,0.079,0.153,0.426,0.186,0.716,0.423,0.438,0.729,0.238,0.434,0.257,0.178,0.230,0.522,0.156,0.473,0.373,0.481,0.243,0.069,0.054,0.117,0.106,0.173,0.239
constitutional-conflict,Constitutional Conflict,"Polarized laws, executive defiance, and public attention raise court-legislature conflict.",1.000,conflict synthetic legislature,supermajority-review,60 percent invalidation threshold,5120,0.946,0.572,0.374,0.443,0.536,0.220,0.171,0.365,0.320,0.680,0.134,0.001,0.065,0.040,0.113,0.854,0.658,0.599,0.490,0.423,0.675,0.496,0.431,0.583,0.632,0.703,0.052,0.563,0.112,0.003,0.599,0.399,0.516,0.215,0.494,0.476,0.575,0.805,0.521,0.425,0.583,0.594,0.567,0.654,0.647,0.137,0.446,0.576,0.662,0.547,0.640,0.587,0.382,0.606,0.082,0.137,0.315,0.552,0.120,0.579,0.607,0.652,0.207,0.240,0.374,0.508,0.390,0.767,3.334,0.000,0.508,0.290,0.100,0.856,0.118,0.068,0.000,0.046,0.109,0.212,0.149,0.428,0.572,0.000,0.000,0.000,0.000,0.000,0.000,0.000,0.000,0.315,0.317,0.629,0.826,0.132,0.520,0.430,0.450,0.304,0.208,0.090,0.376,0.229,0.349,0.018,0.099,0.046,0.000,0.055,0.111,0.000,0.002,0.105,0.114,0.052,0.009,0.325,0.277,0.167,0.079,0.153,0.426,0.159,0.574,0.353,0.399,0.622,0.197,0.397,0.227,0.150,0.211,0.608,0.183,0.473,0.375,0.446,0.243,0.069,0.054,0.117,0.106,0.173,0.239
constitutional-conflict,Constitutional Conflict,"Polarized laws, executive defiance, and public attention raise court-legislature conflict.",1.000,conflict synthetic legislature,recusal-and-emergency-reform,Peer recusal + reasoned emergency docket,5120,0.946,0.572,0.373,0.440,0.536,0.224,0.171,0.365,0.320,0.680,0.130,0.002,0.065,0.044,0.113,0.854,0.658,0.599,0.490,0.421,0.675,0.496,0.431,0.583,0.632,0.703,0.052,0.564,0.112,0.001,0.599,0.399,0.516,0.219,0.497,0.491,0.584,0.805,0.507,0.457,0.611,0.599,0.536,0.656,0.636,0.146,0.478,0.559,0.666,0.514,0.552,0.575,0.382,0.612,0.084,0.146,0.302,0.581,0.153,0.581,0.623,0.659,0.242,0.314,0.428,0.511,0.422,0.826,3.606,0.000,0.511,0.171,0.251,2.149,0.000,0.116,0.000,0.095,0.106,0.211,0.145,0.428,0.572,0.000,0.000,0.000,0.000,0.000,0.000,0.000,0.000,0.319,0.368,0.616,0.839,0.136,0.521,0.422,0.451,0.291,0.213,0.096,0.384,0.216,0.356,0.018,0.100,0.048,0.000,0.059,0.106,0.000,0.003,0.111,0.122,0.048,0.014,0.325,0.277,0.167,0.079,0.153,0.426,0.191,0.719,0.414,0.453,0.780,0.272,0.431,0.315,0.183,0.237,0.527,0.159,0.473,0.373,0.478,0.243,0.069,0.054,0.117,0.106,0.173,0.239
constitutional-conflict,Constitutional Conflict,"Polarized laws, executive defiance, and public attention raise court-legislature conflict.",1.000,conflict synthetic legislature,panel-en-banc,Three-judge panels with en banc correction,5120,0.945,0.579,0.366,0.444,0.536,0.225,0.171,0.365,0.320,0.680,0.142,0.002,0.057,0.046,0.113,0.854,0.658,0.599,0.490,0.423,0.675,0.496,0.431,0.583,0.632,0.703,0.052,0.534,0.112,0.003,0.599,0.399,0.516,0.231,0.497,0.491,0.662,0.805,0.506,0.452,0.608,0.603,0.539,0.654,0.619,0.148,0.521,0.561,0.665,0.517,0.563,0.577,0.379,0.619,0.086,0.148,0.298,0.619,0.151,0.583,0.623,0.662,0.252,0.306,0.424,0.507,0.410,0.808,3.503,0.000,0.507,0.173,0.237,2.025,0.000,0.449,0.000,0.317,0.071,0.181,0.117,0.737,0.263,0.000,0.000,0.000,0.000,0.000,0.000,0.000,0.000,0.312,0.367,0.616,0.806,0.139,0.511,0.421,0.449,0.289,0.221,0.101,0.375,0.224,0.284,0.020,0.098,0.055,0.000,0.058,0.114,0.000,0.003,0.105,0.130,0.048,0.013,0.325,0.277,0.167,0.079,0.153,0.426,0.192,0.709,0.450,0.437,0.746,0.224,0.422,0.257,0.181,0.233,0.539,0.158,0.470,0.368,0.521,0.243,0.069,0.054,0.117,0.106,0.173,0.239
constitutional-conflict,Constitutional Conflict,"Polarized laws, executive defiance, and public attention raise court-legislature conflict.",1.000,conflict synthetic legislature,cross-checking-courts,Supreme court with cross-checking constitutional court,5120,0.945,0.572,0.373,0.445,0.536,0.217,0.171,0.365,0.320,0.680,0.142,0.002,0.084,0.045,0.113,0.854,0.658,0.599,0.490,0.403,0.675,0.496,0.431,0.583,0.632,0.703,0.052,0.562,0.112,0.003,0.599,0.399,0.516,0.228,0.514,0.476,0.597,0.805,0.503,0.372,0.584,0.592,0.580,0.658,0.624,0.137,0.492,0.587,0.666,0.558,0.678,0.600,0.364,0.585,0.037,0.137,0.313,0.586,0.080,0.601,0.589,0.658,0.321,0.168,0.377,0.509,0.384,0.754,3.280,0.000,0.509,0.283,0.101,0.863,0.125,0.190,0.000,0.115,0.110,0.227,0.144,0.428,0.572,0.193,0.000,0.000,0.000,0.000,0.000,0.000,0.000,0.306,0.280,0.636,0.791,0.123,0.520,0.431,0.453,0.302,0.211,0.091,0.376,0.226,0.287,0.018,0.101,0.046,0.000,0.063,0.107,0.000,0.002,0.102,0.117,0.052,0.011,0.325,0.277,0.167,0.079,0.153,0.426,0.102,0.366,0.211,0.303,0.409,0.150,0.224,0.158,0.135,0.161,0.644,0.182,0.480,0.360,0.492,0.243,0.069,0.054,0.117,0.106,0.173,0.239
constitutional-conflict,Constitutional Conflict,"Polarized laws, executive defiance, and public attention raise court-legislature conflict.",1.000,conflict synthetic legislature,dual-supreme-courts,Dual supreme courts with disagreement filter,5120,0.949,0.578,0.372,0.441,0.536,0.227,0.171,0.365,0.320,0.680,0.138,0.002,0.059,0.046,0.113,0.854,0.658,0.599,0.490,0.426,0.675,0.496,0.431,0.583,0.632,0.703,0.052,0.565,0.112,0.003,0.599,0.399,0.516,0.244,0.494,0.477,0.605,0.805,0.473,0.464,0.580,0.590,0.505,0.644,0.611,0.140,0.495,0.539,0.665,0.482,0.498,0.564,0.353,0.613,0.037,0.140,0.318,0.591,0.166,0.618,0.625,0.656,0.359,0.323,0.371,0.512,0.399,0.779,3.411,0.000,0.512,0.309,0.090,0.773,0.113,0.187,0.000,0.113,0.108,0.195,0.137,0.422,0.578,0.190,0.000,0.000,0.000,0.000,0.000,0.000,0.000,0.324,0.398,0.634,0.829,0.148,0.521,0.433,0.435,0.285,0.234,0.105,0.379,0.238,0.291,0.018,0.106,0.052,0.000,0.060,0.119,0.000,0.004,0.114,0.127,0.055,0.015,0.325,0.277,0.167,0.079,0.153,0.426,0.195,0.706,0.438,0.467,0.729,0.320,0.463,0.279,0.186,0.268,0.473,0.188,0.457,0.345,0.495,0.243,0.069,0.054,0.117,0.106,0.173,0.239
constitutional-conflict,Constitutional Conflict,"Polarized laws, executive defiance, and public attention raise court-legislature conflict.",1.000,conflict synthetic legislature,comparative-constitutional-senates,Comparative 16-seat constitutional senates,5120,0.948,0.576,0.372,0.447,0.536,0.228,0.171,0.365,0.320,0.680,0.143,0.002,0.064,0.045,0.113,0.854,0.658,0.599,0.490,0.425,0.675,0.496,0.431,0.583,0.632,0.703,0.052,0.593,0.112,0.002,0.599,0.399,0.516,0.231,0.494,0.478,0.698,0.805,0.510,0.426,0.582,0.602,0.570,0.655,0.607,0.138,0.516,0.577,0.657,0.550,0.653,0.587,0.378,0.608,0.049,0.138,0.314,0.612,0.118,0.582,0.608,0.660,0.283,0.233,0.378,0.508,0.387,0.762,3.307,0.000,0.508,0.291,0.096,0.823,0.121,0.441,0.000,0.125,0.107,0.211,0.141,0.736,0.264,0.000,0.000,0.000,0.000,0.000,0.000,0.000,0.000,0.315,0.318,0.643,0.791,0.127,0.531,0.435,0.448,0.300,0.215,0.089,0.391,0.226,0.290,0.019,0.101,0.049,0.000,0.056,0.108,0.000,0.003,0.108,0.111,0.053,0.012,0.325,0.277,0.167,0.079,0.153,0.426,0.159,0.571,0.355,0.412,0.625,0.204,0.371,0.212,0.149,0.207,0.621,0.184,0.470,0.370,0.516,0.243,0.069,0.054,0.117,0.106,0.173,0.239
constitutional-conflict,Constitutional Conflict,"Polarized laws, executive defiance, and public attention raise court-legislature conflict.",1.000,conflict synthetic legislature,constitutional-council,Pre-enactment constitutional council,5120,0.943,0.580,0.363,0.453,0.536,0.230,0.171,0.365,0.320,0.680,0.138,0.002,0.066,0.051,0.113,0.854,0.658,0.599,0.490,0.421,0.675,0.496,0.431,0.583,0.632,0.703,0.052,0.554,0.112,0.004,0.599,0.399,0.516,0.241,0.545,0.491,0.620,0.805,0.501,0.470,0.611,0.603,0.541,0.650,0.622,0.145,0.559,0.567,0.674,0.523,0.573,0.577,0.388,0.619,0.067,0.145,0.299,0.651,0.148,0.607,0.657,0.675,0.327,0.297,0.435,0.509,0.410,0.805,3.503,0.000,0.509,0.161,0.249,2.127,0.000,0.311,0.000,0.133,0.073,0.217,0.137,0.730,0.270,0.000,0.573,0.000,0.000,0.216,0.093,0.069,0.029,0.326,0.407,0.628,0.825,0.242,0.518,0.425,0.469,0.277,0.243,0.118,0.381,0.249,0.298,0.015,0.058,0.034,0.249,0.034,0.064,0.000,0.003,0.117,0.132,0.051,0.015,0.325,0.277,0.167,0.079,0.153,0.426,0.196,0.713,0.441,0.467,0.777,0.333,0.379,0.267,0.179,0.211,0.548,0.157,0.474,0.372,0.559,0.243,0.069,0.054,0.117,0.106,0.173,0.239
constitutional-conflict,Constitutional Conflict,"Polarized laws, executive defiance, and public attention raise court-legislature conflict.",1.000,conflict synthetic legislature,legislative-override,Judicial review with legislative supermajority override,5120,0.948,0.571,0.377,0.442,0.536,0.218,0.171,0.365,0.320,0.680,0.134,0.001,0.059,0.046,0.113,0.854,0.658,0.599,0.490,0.424,0.675,0.496,0.431,0.583,0.632,0.703,0.052,0.565,0.112,0.002,0.599,0.399,0.516,0.247,0.498,0.491,0.575,0.805,0.503,0.454,0.611,0.587,0.530,0.651,0.638,0.144,0.494,0.554,0.670,0.508,0.554,0.574,0.364,0.614,0.033,0.144,0.299,0.581,0.151,0.606,0.635,0.662,0.241,0.310,0.427,0.506,0.414,0.819,3.541,0.000,0.506,0.165,0.249,2.129,0.000,0.068,0.000,0.087,0.108,0.211,0.141,0.429,0.571,0.000,0.000,0.000,0.000,0.229,0.080,0.071,0.024,0.330,0.438,0.627,0.821,0.266,0.521,0.425,0.443,0.271,0.248,0.128,0.384,0.237,0.283,0.012,0.060,0.033,0.237,0.035,0.070,0.000,0.004,0.118,0.125,0.048,0.021,0.325,0.277,0.167,0.079,0.153,0.426,0.192,0.725,0.411,0.464,0.763,0.279,0.483,0.320,0.182,0.220,0.530,0.156,0.467,0.350,0.494,0.243,0.069,0.054,0.117,0.106,0.173,0.239
constitutional-conflict,Constitutional Conflict,"Polarized laws, executive defiance, and public attention raise court-legislature conflict.",1.000,conflict synthetic legislature,accountability-retention-court,Retention-election accountability court,5120,0.941,0.574,0.367,0.444,0.536,0.220,0.171,0.365,0.320,0.680,0.131,0.001,0.068,0.039,0.113,0.854,0.658,0.599,0.490,0.424,0.675,0.496,0.431,0.583,0.632,0.703,0.052,0.565,0.112,0.003,0.599,0.399,0.516,0.248,0.498,0.491,0.578,0.805,0.505,0.454,0.609,0.588,0.535,0.650,0.639,0.147,0.489,0.556,0.668,0.514,0.562,0.582,0.365,0.607,0.055,0.147,0.301,0.579,0.142,0.603,0.641,0.660,0.234,0.298,0.426,0.509,0.404,0.795,3.456,0.000,0.509,0.162,0.242,2.070,0.000,0.084,0.000,0.151,0.298,0.237,0.203,0.426,0.574,0.000,0.000,0.000,0.000,0.208,0.122,0.000,0.038,0.320,0.387,0.636,0.827,0.167,0.521,0.428,0.443,0.285,0.227,0.109,0.388,0.228,0.296,0.013,0.061,0.030,0.228,0.041,0.060,0.000,0.003,0.107,0.127,0.056,0.020,0.325,0.277,0.167,0.079,0.153,0.426,0.193,0.717,0.444,0.431,0.777,0.286,0.371,0.261,0.178,0.207,0.531,0.157,0.467,0.355,0.489,0.243,0.069,0.054,0.117,0.106,0.173,0.239
constitutional-conflict,Constitutional Conflict,"Polarized laws, executive defiance, and public attention raise court-legislature conflict.",1.000,conflict synthetic legislature,emergency-restraint-court,No emergency relief without merits review,5120,0.943,0.578,0.365,0.450,0.536,0.230,0.171,0.365,0.320,0.680,0.136,0.000,0.059,0.044,0.113,0.854,0.658,0.599,0.490,0.416,0.675,0.496,0.431,0.583,0.632,0.703,0.052,0.566,0.112,0.002,0.599,0.399,0.516,0.227,0.505,0.419,0.592,0.805,0.507,0.530,0.692,0.615,0.499,0.664,0.649,0.037,0.579,0.542,0.700,0.472,0.452,0.550,0.380,0.632,0.062,0.037,0.275,0.670,0.205,0.584,0.648,0.691,0.252,0.424,0.563,0.501,0.501,1.000,4.280,0.000,0.501,0.000,0.501,4.280,0.000,0.158,0.000,0.075,0.106,0.170,0.126,0.422,0.578,0.000,0.000,0.000,0.000,0.000,0.000,0.000,0.000,0.311,0.451,0.532,0.830,0.158,0.521,0.356,0.455,0.274,0.241,0.111,0.363,0.237,0.290,0.017,0.115,0.050,0.000,0.064,0.111,0.000,0.002,0.119,0.126,0.052,0.015,0.325,0.277,0.167,0.079,0.153,0.426,0.259,0.980,0.593,0.569,0.997,0.401,0.581,0.383,0.235,0.278,0.451,0.119,0.479,0.367,0.579,0.243,0.069,0.054,0.117,0.106,0.173,0.239
constitutional-conflict,Constitutional Conflict,"Polarized laws, executive defiance, and public attention raise court-legislature conflict.",1.000,conflict synthetic legislature,randomized-merits-panels,Randomized merits panels with en banc correction,5120,0.944,0.580,0.364,0.443,0.536,0.228,0.171,0.365,0.320,0.680,0.139,0.002,0.051,0.051,0.113,0.854,0.658,0.599,0.490,0.423,0.675,0.496,0.431,0.583,0.632,0.703,0.052,0.534,0.112,0.003,0.599,0.399,0.516,0.234,0.497,0.493,0.681,0.805,0.504,0.455,0.606,0.603,0.538,0.652,0.612,0.153,0.518,0.560,0.661,0.516,0.563,0.577,0.377,0.617,0.083,0.153,0.307,0.618,0.149,0.584,0.623,0.660,0.261,0.303,0.419,0.519,0.421,0.811,3.601,0.000,0.519,0.190,0.231,1.975,0.000,0.460,0.000,0.127,0.072,0.190,0.120,0.729,0.271,0.000,0.000,0.000,0.000,0.000,0.000,0.000,0.000,0.314,0.357,0.629,0.799,0.132,0.511,0.429,0.447,0.298,0.213,0.090,0.396,0.227,0.288,0.019,0.104,0.044,0.000,0.054,0.113,0.000,0.004,0.107,0.122,0.053,0.016,0.325,0.277,0.167,0.079,0.153,0.426,0.190,0.694,0.453,0.450,0.742,0.238,0.267,0.261,0.180,0.234,0.538,0.164,0.469,0.369,0.518,0.243,0.069,0.054,0.117,0.106,0.173,0.239
constitutional-conflict,Constitutional Conflict,"Polarized laws, executive defiance, and public attention raise court-legislature conflict.",1.000,conflict synthetic legislature,mandatory-written-emergency-reasoning,Mandatory written emergency reasoning,5120,0.938,0.574,0.364,0.449,0.536,0.225,0.171,0.365,0.320,0.680,0.142,0.003,0.071,0.045,0.113,0.854,0.658,0.599,0.490,0.424,0.675,0.496,0.431,0.583,0.632,0.703,0.052,0.564,0.112,0.003,0.599,0.399,0.516,0.243,0.496,0.467,0.576,0.805,0.505,0.444,0.590,0.592,0.541,0.647,0.641,0.113,0.466,0.561,0.665,0.520,0.575,0.579,0.375,0.611,0.076,0.113,0.314,0.572,0.145,0.588,0.619,0.655,0.251,0.295,0.413,0.506,0.413,0.816,3.529,0.000,0.506,0.298,0.115,0.982,0.000,0.071,0.000,0.085,0.109,0.211,0.149,0.426,0.574,0.000,0.000,0.000,0.000,0.000,0.000,0.000,0.000,0.324,0.364,0.639,0.844,0.137,0.521,0.430,0.446,0.299,0.214,0.101,0.392,0.220,0.374,0.018,0.102,0.050,0.000,0.059,0.104,0.000,0.003,0.102,0.119,0.054,0.016,0.325,0.277,0.167,0.079,0.153,0.426,0.180,0.660,0.388,0.460,0.739,0.245,0.422,0.252,0.169,0.247,0.547,0.184,0.467,0.368,0.466,0.243,0.069,0.054,0.117,0.106,0.173,0.239
constitutional-conflict,Constitutional Conflict,"Polarized laws, executive defiance, and public attention raise court-legislature conflict.",1.000,conflict synthetic legislature,automatic-merits-follow-up,Automatic merits follow-up for emergency relief,5120,0.943,0.573,0.371,0.444,0.536,0.218,0.171,0.365,0.320,0.680,0.134,0.001,0.054,0.043,0.113,0.854,0.658,0.599,0.490,0.419,0.675,0.496,0.431,0.583,0.632,0.703,0.052,0.566,0.112,0.003,0.599,0.399,0.516,0.248,0.505,0.439,0.576,0.805,0.499,0.527,0.687,0.605,0.493,0.656,0.645,0.047,0.542,0.536,0.692,0.465,0.439,0.547,0.377,0.625,0.085,0.047,0.276,0.643,0.212,0.584,0.647,0.681,0.267,0.440,0.556,0.499,0.499,1.000,4.264,0.000,0.499,0.318,0.499,4.264,0.000,0.070,0.000,0.085,0.108,0.178,0.134,0.427,0.573,0.000,0.000,0.000,0.000,0.000,0.000,0.000,0.000,0.321,0.470,0.538,0.864,0.158,0.521,0.364,0.452,0.275,0.233,0.107,0.362,0.228,0.367,0.019,0.105,0.053,0.000,0.059,0.117,0.000,0.002,0.113,0.129,0.052,0.016,0.325,0.277,0.167,0.079,0.153,0.426,0.255,0.989,0.570,0.544,0.997,0.469,0.655,0.347,0.238,0.345,0.437,0.113,0.474,0.365,0.542,0.243,0.069,0.054,0.117,0.106,0.173,0.239
constitutional-conflict,Constitutional Conflict,"Polarized laws, executive defiance, and public attention raise court-legislature conflict.",1.000,conflict synthetic legislature,strong-recusal-enforcement,Independent recusal enforcement with substitutes,5120,0.941,0.571,0.371,0.440,0.536,0.213,0.171,0.365,0.320,0.680,0.135,0.001,0.087,0.034,0.113,0.854,0.658,0.599,0.490,0.423,0.675,0.496,0.431,0.583,0.632,0.703,0.052,0.564,0.112,0.004,0.599,0.399,0.516,0.232,0.497,0.490,0.597,0.805,0.505,0.457,0.610,0.599,0.538,0.659,0.631,0.146,0.505,0.560,0.669,0.516,0.558,0.577,0.379,0.612,0.051,0.146,0.300,0.600,0.148,0.581,0.621,0.663,0.255,0.309,0.423,0.506,0.419,0.829,3.584,0.000,0.506,0.174,0.246,2.098,0.000,0.157,0.000,0.089,0.108,0.209,0.140,0.429,0.571,0.000,0.000,0.000,0.000,0.000,0.000,0.000,0.000,0.315,0.372,0.610,0.811,0.138,0.521,0.419,0.449,0.284,0.220,0.095,0.371,0.230,0.295,0.019,0.104,0.050,0.000,0.054,0.113,0.000,0.004,0.102,0.132,0.054,0.012,0.325,0.277,0.167,0.079,0.153,0.426,0.188,0.705,0.419,0.470,0.770,0.272,0.425,0.225,0.181,0.234,0.533,0.158,0.471,0.369,0.505,0.243,0.069,0.054,0.117,0.106,0.173,0.239
constitutional-conflict,Constitutional Conflict,"Polarized laws, executive defiance, and public attention raise court-legislature conflict.",1.000,conflict synthetic legislature,jurisdiction-stripping-constraints,Jurisdiction stripping constrained by rights carveouts,5120,0.944,0.568,0.376,0.436,0.536,0.214,0.171,0.365,0.320,0.680,0.140,0.001,0.059,0.041,0.113,0.854,0.658,0.599,0.490,0.424,0.675,0.496,0.431,0.583,0.632,0.703,0.052,0.514,0.112,0.002,0.599,0.399,0.516,0.250,0.527,0.491,0.575,0.805,0.507,0.448,0.608,0.590,0.533,0.652,0.645,0.149,0.496,0.560,0.672,0.510,0.555,0.576,0.367,0.614,0.034,0.149,0.302,0.577,0.147,0.599,0.629,0.664,0.233,0.304,0.418,0.511,0.415,0.812,3.544,0.000,0.511,0.175,0.239,2.045,0.000,0.068,0.000,0.087,0.108,0.213,0.140,0.432,0.568,0.000,0.000,0.000,0.000,0.228,0.000,0.000,0.000,0.328,0.477,0.634,0.815,0.287,0.504,0.428,0.454,0.264,0.257,0.132,0.385,0.251,0.282,0.020,0.171,0.083,0.000,0.059,0.000,0.000,0.002,0.124,0.124,0.055,0.022,0.325,0.277,0.167,0.079,0.153,0.426,0.190,0.717,0.417,0.453,0.777,0.245,0.457,0.288,0.179,0.232,0.529,0.160,0.470,0.360,0.496,0.243,0.069,0.054,0.117,0.106,0.173,0.239
constitutional-conflict,Constitutional Conflict,"Polarized laws, executive defiance, and public attention raise court-legislature conflict.",1.000,conflict synthetic legislature,legislative-override-window,Time-limited legislative override window,5120,0.942,0.577,0.365,0.445,0.536,0.225,0.171,0.365,0.320,0.680,0.139,0.002,0.079,0.043,0.113,0.854,0.658,0.599,0.490,0.424,0.675,0.496,0.431,0.583,0.632,0.703,0.052,0.565,0.112,0.002,0.599,0.399,0.516,0.249,0.500,0.491,0.576,0.805,0.502,0.453,0.610,0.593,0.528,0.649,0.638,0.148,0.494,0.554,0.669,0.508,0.551,0.576,0.364,0.618,0.034,0.148,0.305,0.583,0.155,0.608,0.638,0.662,0.243,0.313,0.432,0.516,0.417,0.808,3.566,0.000,0.516,0.171,0.246,2.104,0.000,0.070,0.000,0.093,0.107,0.211,0.143,0.423,0.577,0.000,0.000,0.000,0.000,0.229,0.088,0.076,0.000,0.330,0.425,0.627,0.822,0.260,0.521,0.426,0.443,0.281,0.240,0.120,0.387,0.248,0.293,0.013,0.059,0.032,0.248,0.033,0.070,0.000,0.004,0.113,0.130,0.052,0.017,0.325,0.277,0.167,0.079,0.153,0.426,0.195,0.715,0.459,0.442,0.749,0.238,0.414,0.257,0.183,0.222,0.526,0.160,0.466,0.350,0.494,0.243,0.069,0.054,0.117,0.106,0.173,0.239
constitutional-conflict,Constitutional Conflict,"Polarized laws, executive defiance, and public attention raise court-legislature conflict.",1.000,conflict synthetic legislature,constitutional-remand,Constitutional remand before invalidation,5120,0.948,0.575,0.373,0.445,0.536,0.218,0.171,0.365,0.320,0.680,0.126,0.000,0.054,0.037,0.113,0.854,0.658,0.599,0.490,0.386,0.675,0.496,0.431,0.583,0.632,0.703,0.052,0.522,0.112,0.002,0.599,0.399,0.516,0.231,0.520,0.491,0.581,0.805,0.520,0.436,0.610,0.606,0.589,0.668,0.623,0.146,0.528,0.598,0.678,0.571,0.674,0.605,0.403,0.617,0.056,0.146,0.301,0.619,0.103,0.577,0.640,0.674,0.332,0.215,0.430,0.510,0.412,0.807,3.521,0.000,0.510,0.165,0.246,2.107,0.000,0.099,0.000,0.114,0.073,0.234,0.140,0.425,0.575,0.000,0.572,0.080,0.000,0.146,0.059,0.048,0.017,0.308,0.328,0.618,0.789,0.198,0.507,0.422,0.472,0.296,0.224,0.102,0.378,0.231,0.293,0.012,0.059,0.028,0.231,0.033,0.067,0.000,0.003,0.110,0.118,0.046,0.011,0.325,0.277,0.167,0.079,0.153,0.426,0.170,0.624,0.395,0.395,0.658,0.211,0.350,0.245,0.151,0.184,0.645,0.157,0.494,0.391,0.528,0.243,0.069,0.054,0.117,0.106,0.173,0.239
constitutional-conflict,Constitutional Conflict,"Polarized laws, executive defiance, and public attention raise court-legislature conflict.",1.000,conflict synthetic legislature,public-interest-litigation-filter,Public-interest litigation filter,5120,0.937,0.573,0.364,0.446,0.536,0.217,0.171,0.365,0.320,0.680,0.136,0.001,0.059,0.046,0.113,0.854,0.658,0.599,0.490,0.422,0.675,0.496,0.431,0.583,0.632,0.703,0.052,0.481,0.112,0.002,0.599,0.399,0.516,0.227,0.498,0.491,0.580,0.805,0.511,0.481,0.612,0.599,0.545,0.660,0.634,0.144,0.490,0.565,0.677,0.523,0.573,0.581,0.382,0.623,0.062,0.144,0.300,0.586,0.145,0.577,0.620,0.663,0.258,0.292,0.436,0.509,0.411,0.806,3.509,0.000,0.509,0.155,0.255,2.184,0.000,0.096,0.000,0.087,0.108,0.253,0.151,0.427,0.573,0.000,0.000,0.000,0.039,0.000,0.000,0.000,0.000,0.308,0.358,0.620,0.801,0.136,0.493,0.422,0.452,0.287,0.222,0.097,0.386,0.221,0.286,0.021,0.105,0.053,0.000,0.055,0.116,0.000,0.003,0.105,0.123,0.053,0.013,0.325,0.277,0.167,0.079,0.153,0.426,0.204,0.741,0.456,0.504,0.780,0.333,0.434,0.284,0.178,0.222,0.548,0.155,0.475,0.371,0.490,0.243,0.069,0.054,0.117,0.106,0.173,0.239
constitutional-conflict,Constitutional Conflict,"Polarized laws, executive defiance, and public attention raise court-legislature conflict.",1.000,conflict synthetic legislature,emergency-integrity-package,Emergency integrity package,5120,0.940,0.577,0.364,0.445,0.536,0.227,0.171,0.365,0.320,0.680,0.146,0.001,0.051,0.049,0.113,0.854,0.658,0.599,0.490,0.418,0.675,0.496,0.431,0.583,0.632,0.703,0.052,0.566,0.112,0.003,0.599,0.399,0.516,0.243,0.505,0.440,0.597,0.805,0.499,0.523,0.689,0.615,0.496,0.663,0.636,0.048,0.584,0.539,0.696,0.469,0.447,0.549,0.377,0.631,0.052,0.048,0.280,0.675,0.211,0.585,0.646,0.689,0.291,0.427,0.561,0.507,0.507,1.000,4.334,0.000,0.507,0.323,0.507,4.334,0.000,0.153,0.000,0.090,0.106,0.179,0.129,0.423,0.577,0.000,0.000,0.000,0.000,0.000,0.000,0.000,0.000,0.314,0.456,0.539,0.835,0.155,0.521,0.364,0.453,0.287,0.231,0.108,0.371,0.225,0.298,0.019,0.105,0.057,0.000,0.057,0.110,0.000,0.003,0.108,0.129,0.057,0.021,0.325,0.277,0.167,0.079,0.153,0.426,0.259,0.983,0.589,0.562,0.997,0.388,0.595,0.414,0.236,0.339,0.446,0.114,0.476,0.366,0.584,0.243,0.069,0.054,0.117,0.106,0.173,0.239
constitutional-conflict,Constitutional Conflict,"Polarized laws, executive defiance, and public attention raise court-legislature conflict.",1.000,conflict synthetic legislature,remand-override-window-package,Constitutional remand with override window,5120,0.943,0.574,0.369,0.441,0.536,0.216,0.171,0.365,0.320,0.680,0.132,0.001,0.055,0.041,0.113,0.854,0.658,0.599,0.490,0.386,0.675,0.496,0.431,0.583,0.632,0.703,0.052,0.522,0.112,0.001,0.599,0.399,0.516,0.224,0.519,0.466,0.581,0.805,0.515,0.430,0.595,0.607,0.590,0.664,0.622,0.113,0.524,0.597,0.680,0.573,0.680,0.605,0.403,0.611,0.055,0.113,0.314,0.618,0.104,0.583,0.637,0.673,0.364,0.212,0.415,0.514,0.418,0.814,3.574,0.000,0.514,0.284,0.135,1.150,0.000,0.099,0.000,0.112,0.070,0.234,0.137,0.426,0.574,0.000,0.572,0.069,0.000,0.152,0.056,0.052,0.000,0.310,0.333,0.636,0.789,0.207,0.507,0.428,0.471,0.286,0.226,0.107,0.394,0.224,0.288,0.012,0.060,0.032,0.224,0.040,0.072,0.000,0.003,0.118,0.112,0.050,0.012,0.325,0.277,0.167,0.079,0.153,0.426,0.163,0.591,0.366,0.405,0.646,0.201,0.410,0.202,0.143,0.200,0.650,0.182,0.492,0.389,0.524,0.243,0.069,0.054,0.117,0.106,0.173,0.239
constitutional-conflict,Constitutional Conflict,"Polarized laws, executive defiance, and public attention raise court-legislature conflict.",1.000,conflict synthetic legislature,panel-jurisdiction-safeguards,Random panels with jurisdiction safeguards,5120,0.943,0.573,0.370,0.446,0.536,0.221,0.171,0.365,0.320,0.680,0.133,0.001,0.052,0.049,0.113,0.854,0.658,0.599,0.490,0.425,0.675,0.496,0.431,0.583,0.632,0.703,0.052,0.484,0.112,0.003,0.599,0.399,0.516,0.250,0.524,0.477,0.709,0.805,0.506,0.415,0.582,0.594,0.557,0.644,0.611,0.137,0.527,0.573,0.661,0.537,0.629,0.582,0.368,0.604,0.080,0.137,0.314,0.616,0.129,0.597,0.617,0.659,0.283,0.253,0.378,0.510,0.389,0.764,3.327,0.000,0.510,0.294,0.096,0.816,0.121,0.513,0.000,0.121,0.074,0.206,0.123,0.734,0.266,0.000,0.000,0.000,0.000,0.186,0.000,0.000,0.000,0.321,0.426,0.648,0.810,0.250,0.494,0.436,0.453,0.267,0.250,0.121,0.386,0.243,0.291,0.023,0.167,0.073,0.000,0.063,0.000,0.000,0.004,0.129,0.120,0.047,0.018,0.325,0.277,0.167,0.079,0.153,0.426,0.160,0.582,0.343,0.423,0.680,0.156,0.371,0.243,0.154,0.219,0.599,0.184,0.468,0.363,0.527,0.243,0.069,0.054,0.117,0.106,0.173,0.239
constitutional-conflict,Constitutional Conflict,"Polarized laws, executive defiance, and public attention raise court-legislature conflict.",1.000,conflict synthetic legislature,council-concrete-hybrid,Constitutional council with concrete-review backstop,5120,0.944,0.573,0.371,0.443,0.536,0.217,0.171,0.365,0.320,0.680,0.137,0.001,0.064,0.040,0.113,0.854,0.658,0.599,0.490,0.420,0.675,0.496,0.431,0.583,0.632,0.703,0.052,0.553,0.112,0.003,0.599,0.399,0.516,0.230,0.544,0.491,0.656,0.805,0.502,0.458,0.610,0.606,0.551,0.658,0.612,0.146,0.565,0.573,0.673,0.533,0.591,0.582,0.394,0.619,0.048,0.146,0.298,0.653,0.134,0.598,0.650,0.678,0.339,0.274,0.425,0.505,0.404,0.799,3.452,0.000,0.505,0.159,0.245,2.092,0.000,0.388,0.000,0.131,0.108,0.239,0.149,0.733,0.267,0.000,0.567,0.000,0.000,0.194,0.077,0.069,0.026,0.320,0.386,0.626,0.804,0.234,0.517,0.424,0.472,0.279,0.237,0.109,0.387,0.246,0.278,0.011,0.065,0.032,0.246,0.031,0.066,0.000,0.004,0.114,0.128,0.055,0.014,0.325,0.277,0.167,0.079,0.153,0.426,0.187,0.690,0.425,0.443,0.722,0.286,0.362,0.275,0.171,0.198,0.565,0.156,0.479,0.379,0.565,0.243,0.069,0.054,0.117,0.106,0.173,0.239
constitutional-conflict,Constitutional Conflict,"Polarized laws, executive defiance, and public attention raise court-legislature conflict.",1.000,conflict synthetic legislature,judicial-electorate-selection,Judicial electorate selection court,5120,0.944,0.582,0.361,0.453,0.536,0.235,0.171,0.365,0.320,0.680,0.143,0.001,0.063,0.056,0.113,0.854,0.658,0.599,0.490,0.423,0.675,0.496,0.431,0.583,0.632,0.703,0.052,0.565,0.112,0.003,0.599,0.399,0.516,0.237,0.498,0.491,0.579,0.805,0.498,0.474,0.609,0.601,0.531,0.657,0.625,0.148,0.510,0.556,0.670,0.509,0.549,0.573,0.375,0.618,0.049,0.148,0.305,0.601,0.158,0.588,0.625,0.663,0.301,0.322,0.438,0.513,0.416,0.811,3.558,0.000,0.513,0.173,0.243,2.080,0.000,0.074,0.000,0.083,0.109,0.216,0.146,0.418,0.582,0.000,0.000,0.000,0.000,0.000,0.000,0.000,0.000,0.311,0.377,0.616,0.782,0.135,0.521,0.422,0.447,0.294,0.223,0.095,0.379,0.218,0.236,0.021,0.104,0.048,0.000,0.061,0.113,0.000,0.003,0.108,0.123,0.051,0.015,0.325,0.277,0.167,0.079,0.153,0.426,0.202,0.725,0.463,0.457,0.749,0.347,0.466,0.284,0.186,0.243,0.524,0.160,0.468,0.365,0.510,0.243,0.069,0.054,0.117,0.106,0.173,0.239
imported-legislative-output,Imported Legislative Output,Docket assumptions derived from an imported legislative-output profile.,1.000,neutral/imported blend,current-us-like,Stylized current U.S.-like supreme court,5120,0.914,0.500,0.413,0.391,0.586,0.188,0.195,0.391,0.333,0.667,0.097,0.002,0.056,0.034,0.102,0.644,0.530,0.502,0.391,0.248,0.562,0.436,0.414,0.546,0.508,0.658,0.044,0.493,0.131,0.008,0.496,0.368,0.336,0.097,0.600,0.493,0.435,0.732,0.595,0.406,0.481,0.630,0.688,0.771,0.706,0.240,0.380,0.691,0.695,0.670,0.763,0.678,0.533,0.642,0.029,0.240,0.255,0.458,0.015,0.403,0.573,0.703,0.139,0.084,0.251,0.383,0.045,0.118,0.698,0.045,0.000,0.045,0.000,0.000,0.000,0.015,0.000,0.032,0.311,0.579,0.240,0.500,0.500,0.000,0.000,0.000,0.000,0.000,0.000,0.000,0.000,0.233,0.125,0.592,0.601,0.079,0.453,0.403,0.568,0.324,0.114,0.035,0.262,0.155,0.248,0.016,0.074,0.014,0.000,0.007,0.098,0.000,0.008,0.056,0.061,0.008,0.000,0.367,0.235,0.186,0.077,0.134,0.273,0.108,0.700,0.313,0.241,0.958,0.059,0.198,0.189,0.078,0.064,0.709,0.124,0.572,0.531,0.380,0.307,0.083,0.052,0.065,0.101,0.179,0.214
imported-legislative-output,Imported Legislative Output,Docket assumptions derived from an imported legislative-output profile.,1.000,neutral/imported blend,term-limited-balanced,18-year staggered terms + regular appointments,5120,0.921,0.496,0.425,0.388,0.586,0.179,0.195,0.391,0.333,0.667,0.103,0.000,0.059,0.034,0.102,0.644,0.530,0.502,0.391,0.239,0.562,0.436,0.414,0.546,0.508,0.658,0.044,0.451,0.131,0.010,0.496,0.368,0.336,0.078,0.609,0.348,0.439,0.732,0.611,0.422,0.648,0.660,0.702,0.793,0.730,0.074,0.508,0.704,0.751,0.677,0.770,0.676,0.549,0.642,0.033,0.074,0.185,0.573,0.023,0.370,0.581,0.746,0.173,0.129,0.400,0.352,0.258,0.733,3.988,0.000,0.352,0.042,0.216,3.335,0.000,0.043,0.000,0.071,0.111,0.579,0.194,0.504,0.496,0.000,0.000,0.000,0.000,0.000,0.000,0.000,0.000,0.204,0.147,0.419,0.585,0.087,0.438,0.280,0.584,0.322,0.111,0.036,0.241,0.156,0.232,0.018,0.070,0.018,0.000,0.003,0.093,0.000,0.008,0.058,0.061,0.010,0.000,0.367,0.235,0.186,0.077,0.134,0.273,0.109,0.708,0.352,0.334,0.777,0.000,0.136,0.189,0.102,0.094,0.747,0.072,0.594,0.547,0.508,0.307,0.083,0.052,0.065,0.101,0.179,0.214
imported-legislative-output,Imported Legislative Output,Docket assumptions derived from an imported legislative-output profile.,1.000,neutral/imported blend,nonpartisan-commission,Nonpartisan commission appointments,5120,0.915,0.504,0.411,0.395,0.586,0.193,0.195,0.391,0.333,0.667,0.103,0.002,0.063,0.035,0.102,0.644,0.530,0.502,0.391,0.239,0.562,0.436,0.414,0.546,0.508,0.658,0.044,0.452,0.131,0.012,0.496,0.368,0.336,0.076,0.609,0.349,0.442,0.732,0.610,0.439,0.647,0.663,0.705,0.796,0.724,0.076,0.521,0.706,0.753,0.680,0.778,0.676,0.549,0.641,0.020,0.076,0.186,0.579,0.021,0.372,0.583,0.748,0.195,0.128,0.399,0.353,0.257,0.728,3.973,0.000,0.353,0.046,0.211,3.260,0.000,0.061,0.000,0.072,0.108,0.579,0.195,0.496,0.504,0.000,0.000,0.000,0.000,0.000,0.000,0.000,0.000,0.196,0.143,0.418,0.539,0.086,0.439,0.280,0.584,0.324,0.113,0.035,0.248,0.153,0.171,0.017,0.076,0.016,0.000,0.006,0.085,0.000,0.009,0.056,0.061,0.008,0.000,0.367,0.235,0.186,0.077,0.134,0.273,0.106,0.692,0.353,0.342,0.684,0.118,0.182,0.203,0.102,0.094,0.755,0.073,0.594,0.549,0.521,0.307,0.083,0.052,0.065,0.101,0.179,0.214
imported-legislative-output,Imported Legislative Output,Docket assumptions derived from an imported legislative-output profile.,1.000,neutral/imported blend,expanded-court-fifteen,Expanded 15-seat court,5120,0.915,0.502,0.413,0.391,0.586,0.188,0.195,0.391,0.333,0.667,0.105,0.002,0.053,0.037,0.102,0.644,0.530,0.502,0.391,0.239,0.562,0.436,0.414,0.546,0.508,0.658,0.044,0.451,0.131,0.011,0.496,0.368,0.336,0.075,0.609,0.349,0.445,0.732,0.606,0.449,0.647,0.663,0.703,0.794,0.721,0.075,0.515,0.705,0.752,0.679,0.777,0.676,0.549,0.643,0.021,0.075,0.188,0.581,0.022,0.372,0.583,0.748,0.209,0.127,0.398,0.354,0.256,0.722,3.961,0.000,0.354,0.045,0.211,3.266,0.000,0.046,0.000,0.078,0.421,0.617,0.276,0.498,0.502,0.000,0.000,0.000,0.000,0.000,0.000,0.000,0.000,0.206,0.140,0.427,0.591,0.086,0.438,0.283,0.584,0.325,0.108,0.036,0.253,0.155,0.250,0.013,0.068,0.015,0.000,0.006,0.101,0.000,0.007,0.057,0.063,0.010,0.000,0.367,0.235,0.186,0.077,0.134,0.273,0.107,0.683,0.350,0.405,0.707,0.118,0.182,0.189,0.102,0.094,0.746,0.073,0.594,0.546,0.515,0.307,0.083,0.052,0.065,0.101,0.179,0.214
imported-legislative-output,Imported Legislative Output,Docket assumptions derived from an imported legislative-output profile.,1.000,neutral/imported blend,supermajority-review,60 percent invalidation threshold,5120,0.924,0.500,0.424,0.394,0.586,0.188,0.195,0.391,0.333,0.667,0.099,0.000,0.054,0.033,0.102,0.644,0.530,0.502,0.391,0.240,0.562,0.436,0.414,0.546,0.508,0.658,0.044,0.451,0.131,0.011,0.496,0.368,0.336,0.073,0.607,0.332,0.439,0.732,0.612,0.420,0.637,0.658,0.709,0.793,0.733,0.065,0.501,0.707,0.752,0.684,0.793,0.674,0.549,0.634,0.030,0.065,0.193,0.567,0.018,0.371,0.578,0.744,0.171,0.103,0.379,0.360,0.205,0.570,3.178,0.000,0.360,0.071,0.135,2.088,0.155,0.042,0.000,0.029,0.112,0.588,0.196,0.500,0.500,0.000,0.000,0.000,0.000,0.000,0.000,0.000,0.000,0.203,0.134,0.442,0.576,0.082,0.438,0.285,0.583,0.314,0.120,0.037,0.245,0.145,0.236,0.015,0.076,0.018,0.000,0.006,0.090,0.000,0.006,0.059,0.065,0.007,0.000,0.367,0.235,0.186,0.077,0.134,0.273,0.090,0.555,0.287,0.291,0.647,0.118,0.123,0.149,0.089,0.082,0.767,0.081,0.594,0.546,0.501,0.307,0.083,0.052,0.065,0.101,0.179,0.214
imported-legislative-output,Imported Legislative Output,Docket assumptions derived from an imported legislative-output profile.,1.000,neutral/imported blend,recusal-and-emergency-reform,Peer recusal + reasoned emergency docket,5120,0.914,0.502,0.412,0.388,0.586,0.193,0.195,0.391,0.333,0.667,0.105,0.001,0.064,0.037,0.102,0.644,0.530,0.502,0.391,0.239,0.562,0.436,0.414,0.546,0.508,0.658,0.044,0.452,0.131,0.009,0.496,0.368,0.336,0.076,0.609,0.348,0.443,0.732,0.608,0.437,0.649,0.661,0.703,0.793,0.723,0.074,0.514,0.705,0.752,0.677,0.774,0.675,0.548,0.642,0.030,0.074,0.185,0.580,0.023,0.372,0.584,0.747,0.202,0.133,0.402,0.354,0.259,0.732,4.009,0.000,0.354,0.039,0.221,3.411,0.000,0.068,0.000,0.074,0.111,0.574,0.193,0.498,0.502,0.000,0.000,0.000,0.000,0.000,0.000,0.000,0.000,0.204,0.148,0.414,0.589,0.086,0.439,0.278,0.583,0.317,0.118,0.037,0.241,0.149,0.248,0.014,0.078,0.016,0.000,0.005,0.093,0.000,0.006,0.062,0.064,0.007,0.000,0.367,0.235,0.186,0.077,0.134,0.273,0.112,0.717,0.367,0.304,0.755,0.118,0.136,0.257,0.104,0.096,0.751,0.072,0.593,0.546,0.514,0.307,0.083,0.052,0.065,0.101,0.179,0.214
imported-legislative-output,Imported Legislative Output,Docket assumptions derived from an imported legislative-output profile.,1.000,neutral/imported blend,panel-en-banc,Three-judge panels with en banc correction,5120,0.919,0.500,0.420,0.393,0.586,0.182,0.195,0.391,0.333,0.667,0.097,0.000,0.043,0.037,0.102,0.644,0.530,0.502,0.391,0.238,0.562,0.436,0.414,0.546,0.508,0.658,0.044,0.421,0.131,0.011,0.496,0.368,0.336,0.065,0.609,0.349,0.524,0.732,0.609,0.431,0.647,0.671,0.706,0.797,0.705,0.074,0.559,0.707,0.753,0.680,0.777,0.677,0.552,0.639,0.036,0.074,0.182,0.619,0.021,0.369,0.582,0.752,0.209,0.126,0.403,0.348,0.251,0.721,3.876,0.000,0.348,0.042,0.209,3.230,0.000,0.477,0.000,0.266,0.075,0.516,0.161,0.809,0.191,0.000,0.000,0.000,0.000,0.000,0.000,0.000,0.000,0.194,0.140,0.421,0.542,0.084,0.428,0.280,0.586,0.320,0.110,0.035,0.251,0.146,0.175,0.014,0.073,0.016,0.000,0.003,0.092,0.000,0.008,0.054,0.064,0.008,0.000,0.367,0.235,0.186,0.077,0.134,0.273,0.105,0.660,0.343,0.342,0.693,0.059,0.182,0.230,0.101,0.092,0.757,0.072,0.596,0.550,0.559,0.307,0.083,0.052,0.065,0.101,0.179,0.214
imported-legislative-output,Imported Legislative Output,Docket assumptions derived from an imported legislative-output profile.,1.000,neutral/imported blend,cross-checking-courts,Supreme court with cross-checking constitutional court,5120,0.913,0.505,0.408,0.400,0.586,0.190,0.195,0.391,0.333,0.667,0.100,0.001,0.051,0.038,0.102,0.644,0.530,0.502,0.391,0.219,0.562,0.436,0.414,0.546,0.508,0.658,0.044,0.451,0.131,0.010,0.496,0.368,0.336,0.081,0.628,0.333,0.451,0.732,0.593,0.395,0.636,0.659,0.704,0.792,0.714,0.064,0.526,0.708,0.754,0.677,0.790,0.676,0.534,0.625,0.015,0.064,0.191,0.586,0.015,0.394,0.574,0.749,0.274,0.083,0.388,0.355,0.198,0.558,3.066,0.000,0.355,0.069,0.129,2.000,0.157,0.114,0.000,0.094,0.107,0.578,0.194,0.495,0.505,0.135,0.000,0.000,0.000,0.000,0.000,0.000,0.000,0.197,0.119,0.452,0.549,0.081,0.438,0.288,0.586,0.327,0.113,0.039,0.254,0.149,0.176,0.012,0.071,0.017,0.000,0.007,0.092,0.000,0.007,0.058,0.057,0.007,0.000,0.367,0.235,0.186,0.077,0.134,0.273,0.066,0.419,0.221,0.220,0.395,0.118,0.227,0.162,0.089,0.068,0.765,0.080,0.598,0.533,0.526,0.307,0.083,0.052,0.065,0.101,0.179,0.214
imported-legislative-output,Imported Legislative Output,Docket assumptions derived from an imported legislative-output profile.,1.000,neutral/imported blend,dual-supreme-courts,Dual supreme courts with disagreement filter,5120,0.922,0.496,0.426,0.392,0.586,0.181,0.195,0.391,0.333,0.667,0.098,0.001,0.068,0.034,0.102,0.644,0.530,0.502,0.391,0.241,0.562,0.436,0.414,0.546,0.508,0.658,0.044,0.452,0.131,0.008,0.496,0.368,0.336,0.082,0.607,0.332,0.455,0.732,0.584,0.409,0.635,0.657,0.686,0.787,0.703,0.066,0.525,0.694,0.752,0.659,0.749,0.665,0.528,0.638,0.015,0.066,0.194,0.584,0.024,0.399,0.580,0.745,0.305,0.126,0.372,0.360,0.197,0.548,3.051,0.000,0.360,0.074,0.123,1.900,0.163,0.117,0.000,0.089,0.110,0.590,0.195,0.504,0.496,0.127,0.000,0.000,0.000,0.000,0.000,0.000,0.000,0.203,0.156,0.459,0.569,0.087,0.439,0.291,0.574,0.321,0.117,0.038,0.249,0.149,0.175,0.014,0.074,0.019,0.000,0.010,0.091,0.000,0.007,0.057,0.059,0.009,0.000,0.367,0.235,0.186,0.077,0.134,0.273,0.104,0.648,0.335,0.283,0.744,0.000,0.182,0.203,0.102,0.098,0.726,0.082,0.588,0.527,0.525,0.307,0.083,0.052,0.065,0.101,0.179,0.214
imported-legislative-output,Imported Legislative Output,Docket assumptions derived from an imported legislative-output profile.,1.000,neutral/imported blend,comparative-constitutional-senates,Comparative 16-seat constitutional senates,5120,0.929,0.503,0.426,0.393,0.586,0.191,0.195,0.391,0.333,0.667,0.105,0.001,0.050,0.040,0.102,0.644,0.530,0.502,0.391,0.240,0.562,0.436,0.414,0.546,0.508,0.658,0.044,0.481,0.131,0.011,0.496,0.368,0.336,0.075,0.607,0.332,0.564,0.732,0.601,0.393,0.635,0.668,0.711,0.795,0.694,0.066,0.555,0.708,0.745,0.686,0.797,0.676,0.549,0.633,0.019,0.066,0.191,0.615,0.016,0.372,0.578,0.750,0.240,0.094,0.372,0.354,0.201,0.568,3.112,0.000,0.354,0.074,0.127,1.961,0.153,0.474,0.000,0.096,0.112,0.555,0.188,0.815,0.185,0.000,0.000,0.000,0.000,0.000,0.000,0.000,0.000,0.198,0.124,0.443,0.536,0.078,0.448,0.285,0.583,0.321,0.118,0.038,0.244,0.144,0.176,0.014,0.079,0.018,0.000,0.004,0.088,0.000,0.007,0.059,0.058,0.007,0.000,0.367,0.235,0.186,0.077,0.134,0.273,0.083,0.509,0.262,0.199,0.651,0.059,0.152,0.108,0.086,0.077,0.773,0.081,0.593,0.547,0.555,0.307,0.083,0.052,0.065,0.101,0.179,0.214
imported-legislative-output,Imported Legislative Output,Docket assumptions derived from an imported legislative-output profile.,1.000,neutral/imported blend,constitutional-council,Pre-enactment constitutional council,5120,0.918,0.505,0.413,0.395,0.586,0.188,0.195,0.391,0.333,0.667,0.099,0.002,0.051,0.035,0.102,0.644,0.530,0.502,0.391,0.237,0.562,0.436,0.414,0.546,0.508,0.658,0.044,0.441,0.131,0.010,0.496,0.368,0.336,0.079,0.649,0.349,0.484,0.732,0.604,0.415,0.647,0.671,0.708,0.795,0.711,0.076,0.577,0.712,0.757,0.684,0.781,0.677,0.560,0.641,0.025,0.076,0.185,0.633,0.019,0.381,0.598,0.759,0.262,0.120,0.402,0.354,0.252,0.712,3.897,0.000,0.354,0.039,0.213,3.287,0.000,0.324,0.000,0.096,0.075,0.555,0.178,0.813,0.187,0.000,0.314,0.000,0.000,0.065,0.021,0.024,0.002,0.200,0.160,0.425,0.548,0.122,0.435,0.282,0.602,0.316,0.125,0.038,0.246,0.158,0.174,0.014,0.059,0.011,0.158,0.003,0.058,0.000,0.008,0.059,0.063,0.009,0.000,0.367,0.235,0.186,0.077,0.134,0.273,0.103,0.653,0.345,0.241,0.684,0.059,0.182,0.230,0.099,0.084,0.759,0.072,0.598,0.559,0.577,0.307,0.083,0.052,0.065,0.101,0.179,0.214
imported-legislative-output,Imported Legislative Output,Docket assumptions derived from an imported legislative-output profile.,1.000,neutral/imported blend,legislative-override,Judicial review with legislative supermajority override,5120,0.920,0.493,0.427,0.390,0.586,0.174,0.195,0.391,0.333,0.667,0.103,0.001,0.061,0.036,0.102,0.644,0.530,0.502,0.391,0.239,0.562,0.436,0.414,0.546,0.508,0.658,0.044,0.451,0.131,0.011,0.496,0.368,0.336,0.073,0.609,0.348,0.439,0.732,0.608,0.418,0.648,0.661,0.702,0.796,0.724,0.074,0.520,0.704,0.755,0.677,0.774,0.674,0.545,0.640,0.014,0.074,0.183,0.575,0.021,0.378,0.584,0.749,0.199,0.129,0.394,0.348,0.255,0.733,3.943,0.000,0.348,0.040,0.214,3.317,0.000,0.043,0.000,0.065,0.112,0.577,0.193,0.507,0.493,0.000,0.000,0.000,0.000,0.072,0.014,0.024,0.002,0.200,0.167,0.416,0.554,0.138,0.438,0.278,0.583,0.314,0.117,0.041,0.241,0.152,0.177,0.013,0.049,0.014,0.152,0.004,0.061,0.000,0.006,0.060,0.063,0.008,0.000,0.367,0.235,0.186,0.077,0.134,0.273,0.105,0.685,0.343,0.258,0.726,0.059,0.227,0.248,0.101,0.091,0.751,0.071,0.594,0.544,0.520,0.307,0.083,0.052,0.065,0.101,0.179,0.214
imported-legislative-output,Imported Legislative Output,Docket assumptions derived from an imported legislative-output profile.,1.000,neutral/imported blend,accountability-retention-court,Retention-election accountability court,5120,0.921,0.497,0.423,0.391,0.586,0.181,0.195,0.391,0.333,0.667,0.102,0.001,0.047,0.044,0.102,0.644,0.530,0.502,0.391,0.239,0.562,0.436,0.414,0.546,0.508,0.658,0.044,0.451,0.131,0.009,0.496,0.368,0.336,0.074,0.609,0.348,0.440,0.732,0.609,0.417,0.649,0.663,0.705,0.796,0.725,0.074,0.522,0.705,0.755,0.681,0.782,0.680,0.546,0.635,0.020,0.074,0.185,0.577,0.019,0.377,0.587,0.749,0.194,0.119,0.400,0.353,0.254,0.721,3.937,0.000,0.353,0.038,0.217,3.356,0.000,0.048,0.000,0.109,0.321,0.603,0.244,0.503,0.497,0.000,0.000,0.000,0.000,0.069,0.033,0.000,0.003,0.195,0.144,0.416,0.543,0.094,0.438,0.279,0.584,0.322,0.112,0.034,0.245,0.147,0.173,0.012,0.049,0.013,0.147,0.003,0.055,0.000,0.006,0.055,0.058,0.009,0.000,0.367,0.235,0.186,0.077,0.134,0.273,0.102,0.657,0.331,0.329,0.712,0.000,0.136,0.149,0.099,0.081,0.753,0.071,0.595,0.548,0.522,0.307,0.083,0.052,0.065,0.101,0.179,0.214
imported-legislative-output,Imported Legislative Output,Docket assumptions derived from an imported legislative-output profile.,1.000,neutral/imported blend,emergency-restraint-court,No emergency relief without merits review,5120,0.917,0.506,0.410,0.390,0.586,0.192,0.195,0.391,0.333,0.667,0.103,0.001,0.061,0.033,0.102,0.644,0.530,0.502,0.391,0.236,0.562,0.436,0.414,0.546,0.508,0.658,0.044,0.452,0.131,0.011,0.496,0.368,0.336,0.074,0.612,0.283,0.448,0.732,0.616,0.439,0.694,0.672,0.707,0.800,0.734,0.009,0.569,0.710,0.772,0.679,0.779,0.673,0.551,0.648,0.021,0.009,0.173,0.626,0.024,0.368,0.588,0.763,0.212,0.143,0.464,0.346,0.346,1.000,5.347,0.000,0.346,0.000,0.346,5.347,0.000,0.098,0.000,0.069,0.110,0.568,0.192,0.494,0.506,0.000,0.000,0.000,0.000,0.000,0.000,0.000,0.000,0.189,0.156,0.362,0.543,0.083,0.439,0.235,0.588,0.319,0.121,0.037,0.249,0.142,0.174,0.013,0.081,0.017,0.000,0.005,0.088,0.000,0.008,0.062,0.067,0.008,0.000,0.367,0.235,0.186,0.077,0.134,0.273,0.124,0.839,0.386,0.389,0.940,0.000,0.182,0.199,0.116,0.096,0.766,0.059,0.601,0.549,0.569,0.307,0.083,0.052,0.065,0.101,0.179,0.214
imported-legislative-output,Imported Legislative Output,Docket assumptions derived from an imported legislative-output profile.,1.000,neutral/imported blend,randomized-merits-panels,Randomized merits panels with en banc correction,5120,0.915,0.503,0.413,0.390,0.586,0.188,0.195,0.391,0.333,0.667,0.100,0.001,0.054,0.035,0.102,0.644,0.530,0.502,0.391,0.239,0.562,0.436,0.414,0.546,0.508,0.658,0.044,0.421,0.131,0.011,0.496,0.368,0.336,0.076,0.609,0.349,0.551,0.732,0.607,0.456,0.645,0.668,0.705,0.793,0.699,0.074,0.562,0.706,0.750,0.679,0.778,0.676,0.548,0.641,0.037,0.074,0.181,0.621,0.021,0.372,0.583,0.751,0.215,0.129,0.400,0.345,0.250,0.727,3.873,0.000,0.345,0.046,0.204,3.163,0.000,0.523,0.000,0.101,0.073,0.518,0.161,0.822,0.178,0.000,0.000,0.000,0.000,0.000,0.000,0.000,0.000,0.195,0.148,0.416,0.538,0.086,0.429,0.279,0.583,0.313,0.127,0.038,0.246,0.150,0.167,0.012,0.087,0.017,0.000,0.003,0.089,0.000,0.007,0.067,0.063,0.007,0.000,0.367,0.235,0.186,0.077,0.134,0.273,0.109,0.691,0.336,0.473,0.795,0.118,0.091,0.203,0.102,0.094,0.758,0.072,0.593,0.545,0.562,0.307,0.083,0.052,0.065,0.101,0.179,0.214
imported-legislative-output,Imported Legislative Output,Docket assumptions derived from an imported legislative-output profile.,1.000,neutral/imported blend,mandatory-written-emergency-reasoning,Mandatory written emergency reasoning,5120,0.915,0.498,0.417,0.393,0.586,0.190,0.195,0.391,0.333,0.667,0.101,0.002,0.056,0.035,0.102,0.644,0.530,0.502,0.391,0.239,0.562,0.436,0.414,0.546,0.508,0.658,0.044,0.451,0.131,0.009,0.496,0.368,0.336,0.072,0.609,0.321,0.439,0.732,0.609,0.433,0.645,0.661,0.705,0.793,0.728,0.048,0.511,0.706,0.756,0.680,0.779,0.676,0.549,0.640,0.032,0.048,0.190,0.578,0.023,0.373,0.582,0.748,0.208,0.128,0.400,0.354,0.230,0.650,3.556,0.000,0.354,0.072,0.158,2.441,0.000,0.044,0.000,0.072,0.110,0.580,0.194,0.502,0.498,0.000,0.000,0.000,0.000,0.000,0.000,0.000,0.000,0.204,0.144,0.438,0.589,0.080,0.439,0.280,0.584,0.316,0.110,0.029,0.252,0.147,0.239,0.012,0.074,0.014,0.000,0.006,0.094,0.000,0.006,0.054,0.061,0.009,0.000,0.367,0.235,0.186,0.077,0.134,0.273,0.108,0.681,0.342,0.359,0.763,0.059,0.198,0.216,0.098,0.099,0.757,0.080,0.595,0.547,0.511,0.307,0.083,0.052,0.065,0.101,0.179,0.214
imported-legislative-output,Imported Legislative Output,Docket assumptions derived from an imported legislative-output profile.,1.000,neutral/imported blend,automatic-merits-follow-up,Automatic merits follow-up for emergency relief,5120,0.914,0.496,0.418,0.387,0.586,0.183,0.195,0.391,0.333,0.667,0.099,0.000,0.063,0.030,0.102,0.644,0.530,0.502,0.391,0.236,0.562,0.436,0.414,0.546,0.508,0.658,0.044,0.452,0.131,0.011,0.496,0.368,0.336,0.074,0.612,0.302,0.439,0.732,0.611,0.458,0.688,0.668,0.702,0.795,0.729,0.016,0.546,0.707,0.766,0.674,0.765,0.670,0.550,0.648,0.032,0.016,0.175,0.610,0.027,0.369,0.586,0.758,0.224,0.153,0.460,0.346,0.346,1.000,5.356,0.000,0.346,0.075,0.346,5.356,0.000,0.043,0.000,0.070,0.108,0.571,0.191,0.504,0.496,0.000,0.000,0.000,0.000,0.000,0.000,0.000,0.000,0.199,0.163,0.366,0.591,0.091,0.439,0.246,0.588,0.316,0.116,0.042,0.237,0.148,0.238,0.019,0.071,0.019,0.000,0.004,0.097,0.000,0.007,0.059,0.057,0.009,0.000,0.367,0.235,0.186,0.077,0.134,0.273,0.129,0.859,0.406,0.380,0.958,0.118,0.318,0.207,0.118,0.116,0.750,0.069,0.600,0.547,0.546,0.307,0.083,0.052,0.065,0.101,0.179,0.214
imported-legislative-output,Imported Legislative Output,Docket assumptions derived from an imported legislative-output profile.,1.000,neutral/imported blend,strong-recusal-enforcement,Independent recusal enforcement with substitutes,5120,0.920,0.498,0.422,0.386,0.586,0.186,0.195,0.391,0.333,0.667,0.102,0.001,0.061,0.041,0.102,0.644,0.530,0.502,0.391,0.238,0.562,0.436,0.414,0.546,0.508,0.658,0.044,0.451,0.131,0.010,0.496,0.368,0.336,0.066,0.608,0.348,0.451,0.732,0.607,0.432,0.647,0.667,0.704,0.799,0.719,0.075,0.530,0.705,0.755,0.678,0.772,0.676,0.552,0.641,0.020,0.075,0.185,0.587,0.023,0.369,0.582,0.751,0.214,0.129,0.394,0.350,0.249,0.711,3.855,0.000,0.350,0.039,0.210,3.251,0.000,0.098,0.000,0.067,0.111,0.589,0.197,0.502,0.498,0.000,0.000,0.000,0.000,0.000,0.000,0.000,0.000,0.194,0.142,0.415,0.538,0.083,0.438,0.278,0.585,0.325,0.112,0.033,0.241,0.147,0.166,0.014,0.076,0.015,0.000,0.004,0.084,0.000,0.007,0.052,0.061,0.006,0.000,0.367,0.235,0.186,0.077,0.134,0.273,0.107,0.685,0.344,0.342,0.730,0.059,0.289,0.257,0.102,0.094,0.748,0.071,0.595,0.552,0.530,0.307,0.083,0.052,0.065,0.101,0.179,0.214
imported-legislative-output,Imported Legislative Output,Docket assumptions derived from an imported legislative-output profile.,1.000,neutral/imported blend,jurisdiction-stripping-constraints,Jurisdiction stripping constrained by rights carveouts,5120,0.914,0.501,0.413,0.401,0.586,0.187,0.195,0.391,0.333,0.667,0.100,0.001,0.062,0.038,0.102,0.644,0.530,0.502,0.391,0.238,0.562,0.436,0.414,0.546,0.508,0.658,0.044,0.401,0.131,0.010,0.496,0.368,0.336,0.079,0.639,0.349,0.439,0.732,0.612,0.437,0.647,0.663,0.701,0.797,0.731,0.074,0.532,0.708,0.759,0.675,0.770,0.675,0.546,0.644,0.014,0.074,0.185,0.580,0.024,0.378,0.586,0.754,0.194,0.131,0.406,0.350,0.253,0.721,3.906,0.000,0.350,0.044,0.209,3.230,0.000,0.043,0.000,0.063,0.115,0.576,0.194,0.499,0.501,0.000,0.000,0.000,0.000,0.079,0.000,0.000,0.000,0.194,0.183,0.421,0.544,0.138,0.422,0.281,0.594,0.320,0.118,0.038,0.246,0.154,0.166,0.017,0.112,0.019,0.000,0.007,0.000,0.000,0.008,0.058,0.065,0.009,0.000,0.367,0.235,0.186,0.077,0.134,0.273,0.109,0.704,0.360,0.313,0.749,0.118,0.107,0.194,0.103,0.096,0.747,0.073,0.597,0.555,0.532,0.307,0.083,0.052,0.065,0.101,0.179,0.214
imported-legislative-output,Imported Legislative Output,Docket assumptions derived from an imported legislative-output profile.,1.000,neutral/imported blend,legislative-override-window,Time-limited legislative override window,5120,0.916,0.495,0.421,0.386,0.586,0.175,0.195,0.391,0.333,0.667,0.098,0.002,0.042,0.036,0.102,0.644,0.530,0.502,0.391,0.240,0.562,0.436,0.414,0.546,0.508,0.658,0.044,0.452,0.131,0.008,0.496,0.368,0.336,0.084,0.609,0.349,0.439,0.732,0.606,0.432,0.647,0.658,0.699,0.792,0.724,0.074,0.521,0.702,0.753,0.674,0.770,0.674,0.542,0.639,0.013,0.074,0.182,0.575,0.022,0.383,0.585,0.748,0.200,0.130,0.396,0.347,0.248,0.715,3.843,0.000,0.347,0.039,0.210,3.245,0.000,0.042,0.000,0.064,0.109,0.578,0.193,0.505,0.495,0.000,0.000,0.000,0.000,0.076,0.022,0.026,0.000,0.203,0.180,0.427,0.555,0.141,0.439,0.282,0.581,0.307,0.128,0.045,0.246,0.152,0.172,0.011,0.054,0.014,0.152,0.004,0.057,0.000,0.009,0.061,0.065,0.008,0.000,0.367,0.235,0.186,0.077,0.134,0.273,0.107,0.704,0.334,0.380,0.772,0.059,0.227,0.243,0.102,0.091,0.747,0.072,0.591,0.539,0.521,0.307,0.083,0.052,0.065,0.101,0.179,0.214
imported-legislative-output,Imported Legislative Output,Docket assumptions derived from an imported legislative-output profile.,1.000,neutral/imported blend,constitutional-remand,Constitutional remand before invalidation,5120,0.908,0.513,0.395,0.404,0.586,0.198,0.195,0.391,0.333,0.667,0.097,0.002,0.059,0.033,0.102,0.644,0.530,0.502,0.391,0.205,0.562,0.436,0.414,0.546,0.508,0.658,0.044,0.410,0.131,0.011,0.496,0.368,0.336,0.071,0.623,0.348,0.443,0.732,0.608,0.432,0.650,0.673,0.720,0.806,0.711,0.076,0.553,0.719,0.762,0.698,0.803,0.689,0.568,0.638,0.019,0.076,0.190,0.609,0.015,0.369,0.598,0.759,0.276,0.088,0.411,0.363,0.260,0.715,4.021,0.000,0.363,0.035,0.225,3.486,0.000,0.065,0.000,0.085,0.073,0.588,0.192,0.487,0.513,0.000,0.373,0.039,0.000,0.052,0.015,0.019,0.001,0.190,0.125,0.411,0.525,0.114,0.425,0.277,0.599,0.331,0.120,0.041,0.243,0.157,0.175,0.010,0.056,0.013,0.157,0.003,0.058,0.000,0.008,0.062,0.056,0.007,0.000,0.367,0.235,0.186,0.077,0.134,0.273,0.094,0.582,0.301,0.301,0.667,0.150,0.116,0.161,0.091,0.074,0.778,0.073,0.607,0.569,0.553,0.307,0.083,0.052,0.065,0.101,0.179,0.214
imported-legislative-output,Imported Legislative Output,Docket assumptions derived from an imported legislative-output profile.,1.000,neutral/imported blend,public-interest-litigation-filter,Public-interest litigation filter,5120,0.919,0.507,0.412,0.396,0.586,0.192,0.195,0.391,0.333,0.667,0.100,0.001,0.067,0.036,0.102,0.644,0.530,0.502,0.391,0.238,0.562,0.436,0.414,0.546,0.508,0.658,0.044,0.364,0.131,0.011,0.496,0.368,0.336,0.067,0.609,0.348,0.442,0.732,0.610,0.433,0.649,0.666,0.706,0.799,0.720,0.073,0.525,0.708,0.763,0.681,0.781,0.676,0.551,0.646,0.020,0.073,0.184,0.585,0.022,0.369,0.585,0.751,0.218,0.130,0.406,0.350,0.255,0.729,3.949,0.000,0.350,0.039,0.217,3.350,0.000,0.061,0.000,0.066,0.113,0.594,0.196,0.493,0.507,0.000,0.000,0.000,0.103,0.000,0.000,0.000,0.000,0.191,0.145,0.405,0.545,0.086,0.410,0.275,0.585,0.321,0.118,0.036,0.237,0.157,0.183,0.014,0.077,0.020,0.000,0.003,0.091,0.000,0.007,0.060,0.058,0.006,0.000,0.367,0.235,0.186,0.077,0.134,0.273,0.115,0.742,0.381,0.359,0.777,0.000,0.152,0.203,0.104,0.094,0.758,0.071,0.596,0.549,0.525,0.307,0.083,0.052,0.065,0.101,0.179,0.214
imported-legislative-output,Imported Legislative Output,Docket assumptions derived from an imported legislative-output profile.,1.000,neutral/imported blend,emergency-integrity-package,Emergency integrity package,5120,0.922,0.504,0.418,0.395,0.586,0.194,0.195,0.391,0.333,0.667,0.100,0.001,0.050,0.038,0.102,0.644,0.530,0.502,0.391,0.236,0.562,0.436,0.414,0.546,0.508,0.658,0.044,0.451,0.131,0.012,0.496,0.368,0.336,0.072,0.612,0.302,0.451,0.732,0.609,0.442,0.688,0.673,0.705,0.799,0.723,0.016,0.572,0.708,0.769,0.678,0.774,0.673,0.550,0.647,0.020,0.016,0.175,0.628,0.025,0.370,0.588,0.762,0.247,0.142,0.463,0.346,0.346,1.000,5.356,0.000,0.346,0.079,0.346,5.356,0.000,0.096,0.000,0.064,0.110,0.586,0.198,0.496,0.504,0.000,0.000,0.000,0.000,0.000,0.000,0.000,0.000,0.190,0.153,0.356,0.546,0.088,0.438,0.242,0.588,0.318,0.120,0.040,0.229,0.153,0.174,0.013,0.078,0.019,0.000,0.004,0.086,0.000,0.008,0.059,0.064,0.006,0.000,0.367,0.235,0.186,0.077,0.134,0.273,0.121,0.822,0.383,0.296,0.926,0.118,0.227,0.176,0.115,0.110,0.758,0.069,0.601,0.549,0.572,0.307,0.083,0.052,0.065,0.101,0.179,0.214
imported-legislative-output,Imported Legislative Output,Docket assumptions derived from an imported legislative-output profile.,1.000,neutral/imported blend,remand-override-window-package,Constitutional remand with override window,5120,0.922,0.512,0.410,0.401,0.586,0.191,0.195,0.391,0.333,0.667,0.102,0.002,0.058,0.035,0.102,0.644,0.530,0.502,0.391,0.205,0.562,0.436,0.414,0.546,0.508,0.658,0.044,0.410,0.131,0.010,0.496,0.368,0.336,0.074,0.623,0.321,0.442,0.732,0.605,0.415,0.648,0.673,0.720,0.804,0.711,0.047,0.555,0.720,0.766,0.698,0.806,0.689,0.567,0.638,0.022,0.047,0.192,0.612,0.016,0.371,0.598,0.760,0.304,0.089,0.412,0.360,0.241,0.671,3.734,0.000,0.360,0.073,0.168,2.604,0.000,0.060,0.000,0.092,0.074,0.585,0.190,0.488,0.512,0.000,0.373,0.041,0.000,0.052,0.013,0.021,0.000,0.191,0.129,0.430,0.524,0.119,0.425,0.277,0.599,0.329,0.116,0.040,0.253,0.161,0.172,0.012,0.053,0.013,0.161,0.002,0.061,0.000,0.008,0.051,0.071,0.007,0.000,0.367,0.235,0.186,0.077,0.134,0.273,0.095,0.573,0.321,0.225,0.635,0.091,0.025,0.132,0.088,0.082,0.783,0.080,0.607,0.568,0.555,0.307,0.083,0.052,0.065,0.101,0.179,0.214
imported-legislative-output,Imported Legislative Output,Docket assumptions derived from an imported legislative-output profile.,1.000,neutral/imported blend,panel-jurisdiction-safeguards,Random panels with jurisdiction safeguards,5120,0.914,0.498,0.416,0.392,0.586,0.180,0.195,0.391,0.333,0.667,0.106,0.002,0.059,0.039,0.102,0.644,0.530,0.502,0.391,0.239,0.562,0.436,0.414,0.546,0.508,0.658,0.044,0.371,0.131,0.011,0.496,0.368,0.336,0.080,0.637,0.332,0.574,0.732,0.604,0.417,0.636,0.667,0.707,0.794,0.698,0.066,0.565,0.710,0.752,0.681,0.788,0.672,0.547,0.633,0.036,0.066,0.192,0.618,0.019,0.375,0.581,0.753,0.239,0.109,0.373,0.356,0.204,0.572,3.148,0.000,0.356,0.074,0.129,2.003,0.152,0.549,0.000,0.094,0.071,0.538,0.162,0.816,0.184,0.000,0.000,0.000,0.000,0.057,0.000,0.000,0.000,0.191,0.159,0.437,0.540,0.117,0.412,0.284,0.593,0.310,0.124,0.042,0.248,0.146,0.175,0.017,0.121,0.023,0.000,0.004,0.000,0.000,0.009,0.064,0.063,0.008,0.000,0.367,0.235,0.186,0.077,0.134,0.273,0.090,0.574,0.282,0.283,0.647,0.118,0.227,0.194,0.091,0.087,0.767,0.081,0.595,0.556,0.565,0.307,0.083,0.052,0.065,0.101,0.179,0.214
imported-legislative-output,Imported Legislative Output,Docket assumptions derived from an imported legislative-output profile.,1.000,neutral/imported blend,council-concrete-hybrid,Constitutional council with concrete-review backstop,5120,0.922,0.498,0.423,0.400,0.586,0.185,0.195,0.391,0.333,0.667,0.106,0.001,0.076,0.040,0.102,0.644,0.530,0.502,0.391,0.237,0.562,0.436,0.414,0.546,0.508,0.658,0.044,0.440,0.131,0.010,0.496,0.368,0.336,0.073,0.649,0.348,0.517,0.732,0.603,0.411,0.649,0.674,0.712,0.799,0.702,0.074,0.579,0.714,0.755,0.689,0.790,0.680,0.563,0.639,0.019,0.074,0.184,0.635,0.018,0.376,0.595,0.761,0.275,0.107,0.405,0.354,0.253,0.715,3.909,0.000,0.354,0.034,0.218,3.378,0.000,0.405,0.000,0.101,0.112,0.584,0.189,0.809,0.191,0.000,0.312,0.000,0.000,0.063,0.017,0.026,0.002,0.198,0.147,0.419,0.545,0.128,0.435,0.279,0.605,0.322,0.117,0.037,0.246,0.155,0.177,0.011,0.052,0.012,0.155,0.004,0.060,0.000,0.007,0.057,0.057,0.008,0.000,0.367,0.235,0.186,0.077,0.134,0.273,0.097,0.620,0.315,0.241,0.684,0.059,0.136,0.216,0.096,0.076,0.766,0.070,0.602,0.563,0.579,0.307,0.083,0.052,0.065,0.101,0.179,0.214
imported-legislative-output,Imported Legislative Output,Docket assumptions derived from an imported legislative-output profile.,1.000,neutral/imported blend,judicial-electorate-selection,Judicial electorate selection court,5120,0.918,0.491,0.427,0.385,0.586,0.171,0.195,0.391,0.333,0.667,0.104,0.001,0.056,0.028,0.102,0.644,0.530,0.502,0.391,0.239,0.562,0.436,0.414,0.546,0.508,0.658,0.044,0.451,0.131,0.011,0.496,0.368,0.336,0.072,0.608,0.348,0.441,0.732,0.602,0.450,0.649,0.664,0.702,0.799,0.714,0.074,0.536,0.704,0.756,0.676,0.768,0.675,0.550,0.642,0.017,0.074,0.185,0.590,0.026,0.369,0.581,0.751,0.251,0.133,0.397,0.353,0.261,0.739,4.030,0.000,0.353,0.041,0.220,3.399,0.000,0.047,0.000,0.067,0.108,0.590,0.190,0.509,0.491,0.000,0.000,0.000,0.000,0.000,0.000,0.000,0.000,0.191,0.152,0.416,0.517,0.084,0.438,0.278,0.585,0.308,0.116,0.035,0.239,0.142,0.126,0.014,0.077,0.016,0.000,0.005,0.081,0.000,0.008,0.056,0.061,0.010,0.000,0.367,0.235,0.186,0.077,0.134,0.273,0.114,0.739,0.359,0.392,0.795,0.118,0.273,0.248,0.103,0.097,0.745,0.071,0.595,0.550,0.536,0.307,0.083,0.052,0.065,0.101,0.179,0.214
