caseKey,caseName,caseDescription,caseWeight,legislativeSource,scenarioKey,scenario,totalCases,petitionFiledRate,admissionRate,screenOutRate,meritsTransferRate,certiorariPathRate,certiorariAdmissionRate,paidPetitionRate,ifpPetitionRate,solicitorGeneralSignalRate,amicusIntensity,lowerCourtSplitDepth,lowerCourtIdeologicalDrift,lowerCourtResistanceRisk,splitMaturity,relistRate,specialistCounselRate,vehicleDefectRisk,forumShoppingPressure,preReviewSettlementPressure,settledBeforeReviewRate,strategicPlaintiffSelection,repeatPlayerAdvantage,governmentNoncomplianceRisk,governmentNoncomplianceRate,enforcementCapacity,emergencyOpportunism,recusalIncentivePressure,conditionalReversalProbability,directionalScore,stabilityRightsScore,legitimacyControlScore,legalStability,precedentStability,statutoryStability,interbranchCompliance,rightsProtection,partisanAlignment,shadowDocketAbuse,emergencyLegitimacyRisk,legitimacy,reversalRate,constitutionalConflict,democraticResponsiveness,independenceAccountabilityBalance,administrativeCost,invalidationRate,meritsReviewRate,emergencyOrderRate,emergencyGrantRate,shadowReliefRate,reasonedEmergencyOrderRate,temporaryStayRate,meritsAccelerationRate,expiredEmergencyOrderRate,recusalRate,quorumFailureRate,justiceReplacementRate,concurrenceRate,dissentRate,fragmentationIndex,panelRate,enBancRate,crossCheckDisagreementRate,councilWarningRate,constitutionalRemandRate,publicInterestFilteredRate,overrideAttemptRate,overrideRate,rightsCarveoutBlockRate,repeatedOverrideRate,strategicPressure,legislativeDefiance,executiveEmergencyStrategy,appointmentManipulationPressure,overrideAdaptation,legislativeComplianceRate,legislativeEvasionRate,delayedReenactmentStrategyRate,executiveEmergencyFloodRate,overrideCampaignRate,appointmentPressureCampaignRate,formalRepealRate,formalReplacementRate,formalNarrowedReenactmentRate,formalWeakOverrideRate,formalAmendmentRate,formalCourtCurbingRate,formalOpenDefianceRate,practicalDelayRate,practicalAdministrativeSubstitutionRate,practicalSymbolicComplianceRate,practicalBureaucraticResistanceRate,practicalOpenNoncomplianceRate,rightsClaimantCaseRate,rightsClaimantSuccess,rightsDomainClaimantSuccess,structuralDomainClaimantSuccess,electionDomainClaimantSuccess,executivePowerDomainClaimantSuccess,administrativeDomainClaimantSuccess,economicDomainClaimantSuccess,doctrinalDepth,remedialBreadth,precedentDurability,emergencyDownstreamEffect,lowerCourtCompliance,eliteAcceptance,publicConfidence,facialChallengeRate,asAppliedChallengeRate,electionDisputeRate,emergencyStayDocketRate,executivePowerDisputeRate,administrativeLawRate,rightsClaimRate
baseline,Baseline,"Moderate polarization, ordinary emergency pressure, and neutral legislative output.",1.000,neutral synthetic legislature,current-us-like,Stylized current U.S.-like supreme court,5120,0.918,0.639,0.279,0.513,0.588,0.532,0.422,0.166,0.100,0.661,0.544,0.388,0.253,0.576,0.429,0.349,0.195,0.447,0.138,0.007,0.445,0.247,0.332,0.116,0.592,0.461,0.422,0.619,0.587,0.688,0.703,0.679,0.814,0.684,0.513,0.650,0.042,0.259,0.282,0.520,0.016,0.433,0.609,0.701,0.166,0.070,0.366,0.428,0.026,0.026,0.000,0.026,0.000,0.000,0.014,0.000,0.040,0.313,0.704,0.340,0.361,0.639,0.000,0.000,0.000,0.000,0.000,0.000,0.000,0.000,0.238,0.099,0.551,0.591,0.074,0.418,0.142,0.046,0.318,0.184,0.317,0.020,0.084,0.023,0.000,0.006,0.129,0.000,0.008,0.068,0.074,0.010,0.000,0.303,0.093,0.301,0.116,0.604,0.065,0.042,0.055,0.087,0.053,0.750,0.124,0.533,0.510,0.427,0.307,0.080,0.050,0.057,0.085,0.186,0.235
baseline,Baseline,"Moderate polarization, ordinary emergency pressure, and neutral legislative output.",1.000,neutral synthetic legislature,term-limited-balanced,18-year staggered terms + regular appointments,5120,0.925,0.650,0.275,0.520,0.588,0.543,0.422,0.166,0.100,0.661,0.544,0.388,0.244,0.576,0.429,0.349,0.195,0.407,0.138,0.007,0.445,0.247,0.332,0.100,0.603,0.314,0.427,0.619,0.606,0.703,0.764,0.688,0.834,0.681,0.524,0.657,0.041,0.081,0.209,0.655,0.022,0.416,0.622,0.748,0.209,0.108,0.548,0.410,0.294,0.000,0.410,0.021,0.274,0.000,0.037,0.000,0.097,0.112,0.701,0.285,0.350,0.650,0.000,0.000,0.000,0.000,0.000,0.000,0.000,0.000,0.211,0.109,0.398,0.583,0.079,0.424,0.144,0.048,0.294,0.190,0.319,0.021,0.093,0.024,0.000,0.004,0.129,0.000,0.008,0.071,0.079,0.012,0.000,0.303,0.105,0.364,0.214,0.518,0.032,0.094,0.082,0.113,0.078,0.803,0.072,0.556,0.521,0.574,0.307,0.080,0.050,0.057,0.085,0.186,0.235
baseline,Baseline,"Moderate polarization, ordinary emergency pressure, and neutral legislative output.",1.000,neutral synthetic legislature,nonpartisan-commission,Nonpartisan commission appointments,5120,0.912,0.658,0.254,0.528,0.588,0.557,0.422,0.166,0.100,0.661,0.544,0.388,0.244,0.576,0.429,0.349,0.195,0.407,0.138,0.007,0.445,0.247,0.332,0.100,0.603,0.314,0.430,0.619,0.604,0.704,0.766,0.690,0.842,0.681,0.524,0.657,0.030,0.082,0.207,0.662,0.024,0.418,0.624,0.751,0.234,0.106,0.550,0.407,0.289,0.000,0.407,0.021,0.269,0.000,0.053,0.000,0.085,0.108,0.701,0.286,0.342,0.658,0.000,0.000,0.000,0.000,0.000,0.000,0.000,0.000,0.202,0.109,0.395,0.529,0.080,0.423,0.153,0.051,0.293,0.196,0.220,0.023,0.100,0.025,0.000,0.004,0.120,0.000,0.008,0.073,0.081,0.011,0.000,0.303,0.104,0.366,0.162,0.509,0.065,0.073,0.093,0.114,0.077,0.810,0.071,0.555,0.521,0.591,0.307,0.080,0.050,0.057,0.085,0.186,0.235
baseline,Baseline,"Moderate polarization, ordinary emergency pressure, and neutral legislative output.",1.000,neutral synthetic legislature,expanded-court-fifteen,Expanded 15-seat court,5120,0.915,0.640,0.275,0.508,0.588,0.545,0.422,0.166,0.100,0.661,0.544,0.388,0.243,0.576,0.429,0.349,0.195,0.407,0.138,0.008,0.445,0.247,0.332,0.090,0.602,0.313,0.433,0.619,0.600,0.703,0.766,0.691,0.837,0.683,0.528,0.651,0.028,0.081,0.210,0.659,0.024,0.411,0.617,0.750,0.246,0.099,0.534,0.408,0.298,0.000,0.408,0.022,0.276,0.000,0.039,0.000,0.088,0.423,0.745,0.385,0.360,0.640,0.000,0.000,0.000,0.000,0.000,0.000,0.000,0.000,0.209,0.104,0.396,0.578,0.078,0.418,0.143,0.046,0.292,0.189,0.309,0.021,0.091,0.022,0.000,0.003,0.127,0.000,0.008,0.075,0.072,0.008,0.000,0.303,0.096,0.347,0.074,0.441,0.000,0.125,0.093,0.110,0.072,0.796,0.071,0.558,0.525,0.580,0.307,0.080,0.050,0.057,0.085,0.186,0.235
baseline,Baseline,"Moderate polarization, ordinary emergency pressure, and neutral legislative output.",1.000,neutral synthetic legislature,supermajority-review,60 percent invalidation threshold,5120,0.921,0.642,0.278,0.515,0.588,0.542,0.422,0.166,0.100,0.661,0.544,0.388,0.246,0.576,0.429,0.349,0.195,0.407,0.138,0.008,0.445,0.247,0.332,0.104,0.601,0.298,0.426,0.619,0.603,0.702,0.762,0.690,0.844,0.676,0.523,0.644,0.042,0.071,0.214,0.640,0.021,0.415,0.614,0.744,0.204,0.080,0.511,0.413,0.207,0.000,0.413,0.036,0.171,0.206,0.034,0.000,0.038,0.112,0.703,0.281,0.358,0.642,0.000,0.000,0.000,0.000,0.000,0.000,0.000,0.000,0.210,0.100,0.433,0.571,0.077,0.413,0.144,0.049,0.293,0.184,0.300,0.021,0.093,0.024,0.000,0.003,0.130,0.000,0.008,0.074,0.072,0.011,0.000,0.303,0.079,0.282,0.105,0.378,0.032,0.063,0.072,0.099,0.062,0.812,0.078,0.553,0.519,0.559,0.307,0.080,0.050,0.057,0.085,0.186,0.235
baseline,Baseline,"Moderate polarization, ordinary emergency pressure, and neutral legislative output.",1.000,neutral synthetic legislature,recusal-and-emergency-reform,Peer recusal + reasoned emergency docket,5120,0.922,0.652,0.271,0.513,0.588,0.551,0.422,0.166,0.100,0.661,0.544,0.388,0.244,0.576,0.429,0.349,0.195,0.407,0.138,0.008,0.445,0.247,0.332,0.096,0.602,0.315,0.432,0.619,0.601,0.703,0.763,0.691,0.841,0.682,0.525,0.653,0.043,0.084,0.209,0.656,0.024,0.416,0.621,0.748,0.241,0.100,0.536,0.412,0.290,0.000,0.412,0.019,0.272,0.000,0.064,0.000,0.096,0.112,0.705,0.286,0.348,0.652,0.000,0.000,0.000,0.000,0.000,0.000,0.000,0.000,0.211,0.101,0.406,0.581,0.075,0.433,0.136,0.043,0.306,0.194,0.319,0.018,0.085,0.022,0.000,0.004,0.127,0.000,0.007,0.070,0.075,0.010,0.000,0.303,0.097,0.345,0.126,0.450,0.000,0.063,0.113,0.111,0.072,0.809,0.072,0.555,0.523,0.575,0.307,0.080,0.050,0.057,0.085,0.186,0.235
baseline,Baseline,"Moderate polarization, ordinary emergency pressure, and neutral legislative output.",1.000,neutral synthetic legislature,panel-en-banc,Three-judge panels with en banc correction,5120,0.915,0.656,0.259,0.516,0.588,0.550,0.422,0.166,0.100,0.661,0.544,0.388,0.244,0.576,0.429,0.349,0.195,0.377,0.138,0.009,0.445,0.247,0.332,0.097,0.603,0.315,0.540,0.619,0.601,0.705,0.762,0.693,0.846,0.684,0.524,0.651,0.046,0.083,0.210,0.712,0.023,0.416,0.621,0.753,0.249,0.095,0.540,0.414,0.298,0.000,0.414,0.023,0.275,0.000,0.476,0.000,0.324,0.074,0.640,0.239,0.751,0.249,0.000,0.000,0.000,0.000,0.000,0.000,0.000,0.000,0.199,0.096,0.403,0.530,0.072,0.429,0.132,0.041,0.309,0.188,0.224,0.022,0.086,0.022,0.000,0.002,0.121,0.000,0.007,0.068,0.078,0.008,0.000,0.303,0.092,0.327,0.158,0.419,0.065,0.063,0.072,0.110,0.069,0.818,0.073,0.555,0.524,0.639,0.307,0.080,0.050,0.057,0.085,0.186,0.235
baseline,Baseline,"Moderate polarization, ordinary emergency pressure, and neutral legislative output.",1.000,neutral synthetic legislature,cross-checking-courts,Supreme court with cross-checking constitutional court,5120,0.921,0.657,0.264,0.521,0.588,0.550,0.422,0.166,0.100,0.661,0.544,0.388,0.225,0.576,0.429,0.349,0.195,0.407,0.138,0.010,0.445,0.247,0.332,0.104,0.621,0.298,0.440,0.619,0.581,0.702,0.765,0.681,0.843,0.676,0.502,0.638,0.019,0.073,0.219,0.663,0.015,0.449,0.613,0.749,0.327,0.065,0.515,0.422,0.209,0.000,0.422,0.035,0.174,0.213,0.098,0.000,0.117,0.110,0.706,0.286,0.343,0.657,0.178,0.000,0.000,0.000,0.000,0.000,0.000,0.000,0.206,0.094,0.437,0.554,0.076,0.429,0.147,0.047,0.304,0.200,0.240,0.020,0.091,0.024,0.000,0.007,0.125,0.000,0.008,0.076,0.074,0.009,0.000,0.303,0.064,0.232,0.074,0.293,0.032,0.000,0.041,0.104,0.051,0.810,0.080,0.555,0.500,0.590,0.307,0.080,0.050,0.057,0.085,0.186,0.235
baseline,Baseline,"Moderate polarization, ordinary emergency pressure, and neutral legislative output.",1.000,neutral synthetic legislature,dual-supreme-courts,Dual supreme courts with disagreement filter,5120,0.916,0.662,0.254,0.533,0.588,0.554,0.422,0.166,0.100,0.661,0.544,0.388,0.246,0.576,0.429,0.349,0.195,0.407,0.138,0.009,0.445,0.247,0.332,0.109,0.602,0.299,0.445,0.619,0.574,0.692,0.765,0.668,0.821,0.666,0.494,0.658,0.018,0.074,0.224,0.673,0.025,0.457,0.625,0.747,0.368,0.105,0.525,0.431,0.210,0.000,0.431,0.034,0.176,0.221,0.102,0.000,0.118,0.114,0.726,0.297,0.338,0.662,0.179,0.000,0.000,0.000,0.000,0.000,0.000,0.000,0.212,0.118,0.441,0.574,0.080,0.428,0.147,0.047,0.306,0.203,0.250,0.018,0.095,0.023,0.000,0.007,0.131,0.000,0.009,0.074,0.082,0.014,0.000,0.303,0.103,0.365,0.137,0.491,0.032,0.063,0.093,0.117,0.078,0.788,0.080,0.547,0.491,0.597,0.307,0.080,0.050,0.057,0.085,0.186,0.235
baseline,Baseline,"Moderate polarization, ordinary emergency pressure, and neutral legislative output.",1.000,neutral synthetic legislature,comparative-constitutional-senates,Comparative 16-seat constitutional senates,5120,0.920,0.654,0.266,0.526,0.588,0.558,0.422,0.166,0.100,0.661,0.544,0.388,0.245,0.576,0.429,0.349,0.195,0.437,0.138,0.008,0.445,0.247,0.332,0.104,0.602,0.299,0.592,0.619,0.591,0.704,0.754,0.694,0.855,0.681,0.522,0.637,0.025,0.070,0.219,0.713,0.016,0.418,0.614,0.752,0.283,0.064,0.524,0.422,0.221,0.000,0.422,0.038,0.183,0.202,0.476,0.000,0.131,0.109,0.692,0.272,0.766,0.234,0.000,0.000,0.000,0.000,0.000,0.000,0.000,0.000,0.204,0.090,0.441,0.521,0.072,0.420,0.147,0.043,0.317,0.191,0.213,0.022,0.099,0.022,0.000,0.004,0.106,0.000,0.008,0.078,0.076,0.008,0.000,0.303,0.063,0.227,0.000,0.324,0.032,0.031,0.041,0.095,0.051,0.823,0.080,0.555,0.522,0.643,0.307,0.080,0.050,0.057,0.085,0.186,0.235
baseline,Baseline,"Moderate polarization, ordinary emergency pressure, and neutral legislative output.",1.000,neutral synthetic legislature,constitutional-council,Pre-enactment constitutional council,5120,0.920,0.662,0.258,0.530,0.588,0.561,0.422,0.166,0.100,0.661,0.544,0.388,0.241,0.576,0.429,0.349,0.195,0.397,0.138,0.010,0.445,0.247,0.332,0.097,0.641,0.314,0.485,0.619,0.596,0.710,0.768,0.697,0.849,0.684,0.535,0.651,0.034,0.085,0.215,0.724,0.022,0.425,0.632,0.761,0.304,0.084,0.549,0.427,0.300,0.000,0.427,0.015,0.285,0.000,0.316,0.000,0.133,0.074,0.688,0.266,0.751,0.249,0.000,0.263,0.000,0.000,0.045,0.005,0.031,0.000,0.202,0.108,0.403,0.531,0.113,0.427,0.147,0.049,0.308,0.202,0.225,0.016,0.066,0.016,0.202,0.003,0.078,0.000,0.009,0.071,0.079,0.009,0.000,0.303,0.083,0.290,0.126,0.414,0.000,0.094,0.062,0.108,0.060,0.819,0.073,0.561,0.538,0.656,0.307,0.080,0.050,0.057,0.085,0.186,0.235
baseline,Baseline,"Moderate polarization, ordinary emergency pressure, and neutral legislative output.",1.000,neutral synthetic legislature,legislative-override,Judicial review with legislative supermajority override,5120,0.918,0.662,0.256,0.533,0.588,0.560,0.422,0.166,0.100,0.661,0.544,0.388,0.243,0.576,0.429,0.349,0.195,0.407,0.138,0.009,0.445,0.247,0.332,0.098,0.604,0.315,0.427,0.619,0.600,0.703,0.766,0.691,0.846,0.683,0.520,0.653,0.019,0.085,0.216,0.663,0.022,0.426,0.624,0.751,0.245,0.090,0.554,0.429,0.307,0.000,0.429,0.020,0.287,0.000,0.038,0.000,0.092,0.109,0.722,0.292,0.338,0.662,0.000,0.000,0.000,0.000,0.045,0.004,0.031,0.000,0.206,0.115,0.411,0.539,0.114,0.413,0.158,0.054,0.312,0.197,0.236,0.016,0.074,0.018,0.197,0.003,0.079,0.000,0.008,0.080,0.088,0.010,0.000,0.303,0.088,0.304,0.077,0.459,0.000,0.042,0.124,0.110,0.065,0.813,0.074,0.556,0.520,0.595,0.307,0.080,0.050,0.057,0.085,0.186,0.235
baseline,Baseline,"Moderate polarization, ordinary emergency pressure, and neutral legislative output.",1.000,neutral synthetic legislature,accountability-retention-court,Retention-election accountability court,5120,0.926,0.668,0.258,0.532,0.588,0.566,0.422,0.166,0.100,0.661,0.544,0.388,0.242,0.576,0.429,0.349,0.195,0.407,0.138,0.007,0.445,0.247,0.332,0.091,0.604,0.314,0.428,0.619,0.602,0.703,0.767,0.695,0.851,0.687,0.522,0.646,0.027,0.084,0.215,0.664,0.022,0.424,0.627,0.752,0.237,0.086,0.556,0.426,0.302,0.000,0.426,0.017,0.285,0.000,0.043,0.000,0.133,0.317,0.733,0.358,0.332,0.668,0.000,0.000,0.000,0.000,0.043,0.018,0.000,0.001,0.198,0.100,0.400,0.525,0.078,0.429,0.149,0.041,0.310,0.183,0.218,0.017,0.071,0.017,0.183,0.003,0.080,0.000,0.011,0.074,0.082,0.009,0.000,0.303,0.084,0.302,0.063,0.423,0.032,0.073,0.024,0.109,0.059,0.811,0.073,0.557,0.526,0.597,0.307,0.080,0.050,0.057,0.085,0.186,0.235
baseline,Baseline,"Moderate polarization, ordinary emergency pressure, and neutral legislative output.",1.000,neutral synthetic legislature,emergency-restraint-court,No emergency relief without merits review,5120,0.920,0.666,0.254,0.527,0.588,0.571,0.422,0.166,0.100,0.661,0.544,0.388,0.240,0.576,0.429,0.349,0.195,0.407,0.138,0.008,0.445,0.247,0.332,0.090,0.607,0.248,0.437,0.619,0.607,0.710,0.785,0.698,0.856,0.686,0.528,0.652,0.030,0.011,0.200,0.710,0.022,0.413,0.624,0.765,0.254,0.091,0.607,0.405,0.405,0.000,0.405,0.000,0.405,0.000,0.086,0.000,0.093,0.113,0.701,0.289,0.334,0.666,0.000,0.000,0.000,0.000,0.000,0.000,0.000,0.000,0.192,0.098,0.344,0.522,0.078,0.427,0.151,0.049,0.288,0.202,0.221,0.021,0.098,0.023,0.000,0.004,0.115,0.000,0.007,0.078,0.080,0.009,0.000,0.303,0.088,0.313,0.063,0.455,0.032,0.063,0.031,0.118,0.062,0.832,0.063,0.564,0.526,0.641,0.307,0.080,0.050,0.057,0.085,0.186,0.235
baseline,Baseline,"Moderate polarization, ordinary emergency pressure, and neutral legislative output.",1.000,neutral synthetic legislature,randomized-merits-panels,Randomized merits panels with en banc correction,5120,0.917,0.668,0.249,0.530,0.588,0.563,0.422,0.166,0.100,0.661,0.544,0.388,0.244,0.576,0.429,0.349,0.195,0.378,0.138,0.007,0.445,0.247,0.332,0.102,0.604,0.316,0.573,0.619,0.598,0.704,0.759,0.692,0.847,0.683,0.521,0.654,0.047,0.086,0.216,0.720,0.025,0.421,0.625,0.753,0.260,0.097,0.553,0.427,0.307,0.000,0.427,0.023,0.284,0.000,0.506,0.000,0.137,0.071,0.659,0.243,0.751,0.249,0.000,0.000,0.000,0.000,0.000,0.000,0.000,0.000,0.203,0.104,0.408,0.532,0.074,0.433,0.154,0.044,0.324,0.195,0.230,0.022,0.103,0.023,0.000,0.004,0.118,0.000,0.007,0.078,0.075,0.008,0.000,0.303,0.095,0.339,0.126,0.468,0.032,0.042,0.041,0.113,0.071,0.819,0.074,0.553,0.520,0.645,0.307,0.080,0.050,0.057,0.085,0.186,0.235
baseline,Baseline,"Moderate polarization, ordinary emergency pressure, and neutral legislative output.",1.000,neutral synthetic legislature,mandatory-written-emergency-reasoning,Mandatory written emergency reasoning,5120,0.912,0.646,0.266,0.520,0.588,0.554,0.422,0.166,0.100,0.661,0.544,0.388,0.243,0.576,0.429,0.349,0.195,0.407,0.138,0.013,0.445,0.247,0.332,0.092,0.603,0.286,0.427,0.619,0.602,0.705,0.770,0.692,0.841,0.683,0.527,0.652,0.041,0.046,0.208,0.659,0.022,0.414,0.619,0.752,0.249,0.098,0.543,0.405,0.262,0.000,0.405,0.034,0.228,0.000,0.039,0.000,0.094,0.111,0.706,0.284,0.354,0.646,0.000,0.000,0.000,0.000,0.000,0.000,0.000,0.000,0.209,0.100,0.417,0.584,0.074,0.421,0.134,0.041,0.300,0.184,0.314,0.023,0.089,0.018,0.000,0.002,0.127,0.000,0.008,0.065,0.078,0.010,0.000,0.303,0.096,0.327,0.147,0.491,0.065,0.125,0.107,0.107,0.073,0.811,0.074,0.559,0.525,0.578,0.307,0.080,0.050,0.057,0.085,0.186,0.235
baseline,Baseline,"Moderate polarization, ordinary emergency pressure, and neutral legislative output.",1.000,neutral synthetic legislature,automatic-merits-follow-up,Automatic merits follow-up for emergency relief,5120,0.921,0.651,0.270,0.526,0.588,0.552,0.422,0.166,0.100,0.661,0.544,0.388,0.240,0.576,0.429,0.349,0.195,0.407,0.138,0.007,0.445,0.247,0.332,0.092,0.607,0.268,0.427,0.619,0.604,0.707,0.778,0.691,0.842,0.680,0.526,0.659,0.043,0.019,0.201,0.691,0.027,0.415,0.624,0.759,0.271,0.112,0.604,0.409,0.409,0.000,0.409,0.041,0.409,0.000,0.039,0.000,0.097,0.111,0.704,0.285,0.349,0.651,0.000,0.000,0.000,0.000,0.000,0.000,0.000,0.000,0.204,0.107,0.358,0.577,0.077,0.426,0.142,0.049,0.288,0.187,0.306,0.024,0.087,0.025,0.000,0.004,0.126,0.000,0.007,0.071,0.080,0.011,0.000,0.303,0.110,0.373,0.130,0.631,0.032,0.125,0.062,0.123,0.084,0.816,0.080,0.564,0.524,0.613,0.307,0.080,0.050,0.057,0.085,0.186,0.235
baseline,Baseline,"Moderate polarization, ordinary emergency pressure, and neutral legislative output.",1.000,neutral synthetic legislature,strong-recusal-enforcement,Independent recusal enforcement with substitutes,5120,0.926,0.674,0.253,0.543,0.588,0.572,0.422,0.166,0.100,0.661,0.544,0.388,0.242,0.576,0.429,0.349,0.195,0.407,0.138,0.008,0.445,0.247,0.332,0.096,0.604,0.315,0.442,0.619,0.600,0.704,0.767,0.692,0.848,0.682,0.522,0.658,0.027,0.084,0.215,0.683,0.025,0.423,0.628,0.753,0.262,0.102,0.567,0.425,0.303,0.000,0.425,0.020,0.283,0.000,0.087,0.000,0.092,0.111,0.729,0.302,0.326,0.674,0.000,0.000,0.000,0.000,0.000,0.000,0.000,0.000,0.204,0.102,0.404,0.534,0.076,0.440,0.149,0.045,0.312,0.199,0.231,0.024,0.096,0.022,0.000,0.004,0.127,0.000,0.010,0.077,0.073,0.011,0.000,0.303,0.100,0.353,0.137,0.495,0.000,0.094,0.062,0.115,0.074,0.815,0.074,0.555,0.520,0.610,0.307,0.080,0.050,0.057,0.085,0.186,0.235
baseline,Baseline,"Moderate polarization, ordinary emergency pressure, and neutral legislative output.",1.000,neutral synthetic legislature,jurisdiction-stripping-constraints,Jurisdiction stripping constrained by rights carveouts,5120,0.916,0.668,0.248,0.533,0.588,0.567,0.422,0.166,0.100,0.661,0.544,0.388,0.242,0.576,0.429,0.349,0.195,0.358,0.138,0.012,0.445,0.247,0.332,0.102,0.634,0.315,0.427,0.619,0.607,0.708,0.772,0.690,0.846,0.682,0.521,0.657,0.019,0.084,0.214,0.665,0.022,0.425,0.628,0.757,0.237,0.101,0.558,0.421,0.306,0.000,0.421,0.021,0.285,0.000,0.038,0.000,0.086,0.115,0.712,0.296,0.332,0.668,0.000,0.000,0.000,0.000,0.052,0.000,0.000,0.000,0.195,0.120,0.401,0.534,0.100,0.433,0.150,0.047,0.314,0.190,0.224,0.029,0.139,0.027,0.000,0.004,0.000,0.000,0.007,0.076,0.078,0.012,0.000,0.303,0.098,0.358,0.105,0.455,0.065,0.053,0.052,0.114,0.073,0.812,0.074,0.557,0.538,0.607,0.307,0.080,0.050,0.057,0.085,0.186,0.235
baseline,Baseline,"Moderate polarization, ordinary emergency pressure, and neutral legislative output.",1.000,neutral synthetic legislature,legislative-override-window,Time-limited legislative override window,5120,0.922,0.660,0.263,0.520,0.588,0.563,0.422,0.166,0.100,0.661,0.544,0.388,0.244,0.576,0.429,0.349,0.195,0.407,0.138,0.010,0.445,0.247,0.332,0.101,0.603,0.314,0.427,0.619,0.601,0.702,0.766,0.689,0.843,0.681,0.519,0.656,0.019,0.084,0.211,0.659,0.026,0.427,0.624,0.752,0.243,0.099,0.541,0.417,0.295,0.000,0.417,0.018,0.277,0.000,0.039,0.000,0.096,0.110,0.714,0.291,0.340,0.660,0.000,0.000,0.000,0.000,0.049,0.005,0.033,0.000,0.205,0.119,0.403,0.537,0.119,0.427,0.155,0.053,0.302,0.204,0.223,0.019,0.068,0.016,0.204,0.003,0.078,0.000,0.007,0.072,0.081,0.010,0.000,0.303,0.097,0.345,0.105,0.459,0.032,0.156,0.103,0.112,0.070,0.811,0.072,0.553,0.521,0.593,0.307,0.080,0.050,0.057,0.085,0.186,0.235
baseline,Baseline,"Moderate polarization, ordinary emergency pressure, and neutral legislative output.",1.000,neutral synthetic legislature,constitutional-remand,Constitutional remand before invalidation,5120,0.922,0.700,0.222,0.564,0.588,0.593,0.422,0.166,0.100,0.661,0.544,0.388,0.210,0.576,0.429,0.349,0.195,0.368,0.138,0.009,0.445,0.247,0.332,0.105,0.617,0.316,0.431,0.619,0.596,0.715,0.772,0.705,0.869,0.691,0.534,0.653,0.031,0.088,0.222,0.699,0.015,0.428,0.643,0.759,0.332,0.070,0.585,0.439,0.310,0.000,0.439,0.019,0.291,0.000,0.055,0.000,0.125,0.073,0.720,0.296,0.300,0.700,0.000,0.332,0.028,0.000,0.038,0.006,0.022,0.000,0.202,0.098,0.414,0.525,0.098,0.447,0.160,0.050,0.330,0.204,0.237,0.017,0.072,0.016,0.204,0.002,0.089,0.000,0.008,0.081,0.080,0.011,0.000,0.303,0.084,0.297,0.069,0.422,0.018,0.011,0.097,0.108,0.058,0.834,0.076,0.562,0.536,0.627,0.307,0.080,0.050,0.057,0.085,0.186,0.235
baseline,Baseline,"Moderate polarization, ordinary emergency pressure, and neutral legislative output.",1.000,neutral synthetic legislature,public-interest-litigation-filter,Public-interest litigation filter,5120,0.916,0.685,0.231,0.550,0.588,0.583,0.422,0.166,0.100,0.661,0.544,0.388,0.243,0.576,0.429,0.349,0.195,0.323,0.138,0.009,0.445,0.247,0.332,0.103,0.605,0.315,0.431,0.619,0.600,0.703,0.772,0.690,0.849,0.680,0.518,0.664,0.030,0.088,0.225,0.676,0.028,0.428,0.632,0.750,0.271,0.111,0.574,0.441,0.313,0.000,0.441,0.024,0.289,0.000,0.052,0.000,0.099,0.110,0.705,0.299,0.315,0.685,0.000,0.000,0.000,0.083,0.000,0.000,0.000,0.000,0.203,0.107,0.407,0.542,0.078,0.441,0.149,0.047,0.321,0.202,0.247,0.026,0.094,0.022,0.000,0.004,0.129,0.000,0.007,0.073,0.082,0.012,0.000,0.303,0.110,0.386,0.179,0.523,0.065,0.031,0.103,0.119,0.080,0.815,0.078,0.552,0.516,0.599,0.307,0.080,0.050,0.057,0.085,0.186,0.235
baseline,Baseline,"Moderate polarization, ordinary emergency pressure, and neutral legislative output.",1.000,neutral synthetic legislature,emergency-integrity-package,Emergency integrity package,5120,0.921,0.664,0.257,0.534,0.588,0.562,0.422,0.166,0.100,0.661,0.544,0.388,0.240,0.576,0.429,0.349,0.195,0.407,0.138,0.008,0.445,0.247,0.332,0.094,0.607,0.268,0.441,0.619,0.599,0.708,0.780,0.696,0.854,0.686,0.525,0.650,0.029,0.019,0.205,0.715,0.022,0.417,0.623,0.762,0.298,0.088,0.613,0.415,0.415,0.000,0.415,0.041,0.415,0.000,0.087,0.000,0.087,0.112,0.725,0.296,0.336,0.664,0.000,0.000,0.000,0.000,0.000,0.000,0.000,0.000,0.196,0.097,0.362,0.531,0.074,0.430,0.148,0.048,0.296,0.191,0.230,0.022,0.097,0.024,0.000,0.003,0.115,0.000,0.008,0.074,0.079,0.010,0.000,0.303,0.087,0.299,0.042,0.491,0.000,0.094,0.072,0.117,0.068,0.827,0.082,0.565,0.525,0.645,0.307,0.080,0.050,0.057,0.085,0.186,0.235
baseline,Baseline,"Moderate polarization, ordinary emergency pressure, and neutral legislative output.",1.000,neutral synthetic legislature,remand-override-window-package,Constitutional remand with override window,5120,0.921,0.690,0.231,0.557,0.588,0.596,0.422,0.166,0.100,0.661,0.544,0.388,0.210,0.576,0.429,0.349,0.195,0.368,0.138,0.007,0.445,0.247,0.332,0.099,0.617,0.287,0.431,0.619,0.594,0.716,0.778,0.706,0.869,0.691,0.537,0.652,0.029,0.050,0.225,0.705,0.017,0.425,0.640,0.763,0.365,0.071,0.587,0.439,0.278,0.000,0.439,0.035,0.243,0.000,0.055,0.000,0.115,0.073,0.721,0.294,0.310,0.690,0.000,0.325,0.028,0.000,0.035,0.004,0.024,0.000,0.198,0.092,0.418,0.524,0.100,0.453,0.142,0.046,0.320,0.208,0.235,0.018,0.067,0.015,0.208,0.002,0.087,0.000,0.008,0.070,0.080,0.011,0.000,0.303,0.085,0.298,0.154,0.422,0.000,0.063,0.047,0.105,0.062,0.838,0.080,0.565,0.542,0.634,0.307,0.080,0.050,0.057,0.085,0.186,0.235
baseline,Baseline,"Moderate polarization, ordinary emergency pressure, and neutral legislative output.",1.000,neutral synthetic legislature,panel-jurisdiction-safeguards,Random panels with jurisdiction safeguards,5120,0.918,0.663,0.254,0.532,0.588,0.563,0.422,0.166,0.100,0.661,0.544,0.388,0.243,0.576,0.429,0.349,0.195,0.327,0.138,0.011,0.445,0.247,0.332,0.103,0.632,0.298,0.603,0.619,0.598,0.707,0.763,0.689,0.851,0.674,0.521,0.651,0.046,0.072,0.221,0.718,0.025,0.425,0.624,0.758,0.287,0.091,0.531,0.425,0.219,0.000,0.425,0.041,0.178,0.207,0.534,0.000,0.129,0.076,0.677,0.245,0.747,0.253,0.000,0.000,0.000,0.000,0.046,0.000,0.000,0.000,0.194,0.113,0.433,0.533,0.099,0.435,0.146,0.049,0.305,0.195,0.228,0.029,0.132,0.028,0.000,0.005,0.000,0.000,0.008,0.071,0.075,0.011,0.000,0.303,0.089,0.313,0.105,0.410,0.000,0.156,0.134,0.104,0.070,0.822,0.082,0.555,0.539,0.655,0.307,0.080,0.050,0.057,0.085,0.186,0.235
baseline,Baseline,"Moderate polarization, ordinary emergency pressure, and neutral legislative output.",1.000,neutral synthetic legislature,council-concrete-hybrid,Constitutional council with concrete-review backstop,5120,0.917,0.665,0.251,0.533,0.588,0.570,0.422,0.166,0.100,0.661,0.544,0.388,0.242,0.576,0.429,0.349,0.195,0.398,0.138,0.010,0.445,0.247,0.332,0.102,0.641,0.316,0.532,0.619,0.593,0.711,0.765,0.701,0.856,0.688,0.536,0.644,0.024,0.085,0.210,0.729,0.017,0.422,0.630,0.762,0.319,0.070,0.549,0.416,0.291,0.000,0.416,0.018,0.272,0.000,0.404,0.000,0.130,0.113,0.707,0.283,0.750,0.250,0.000,0.268,0.000,0.000,0.033,0.004,0.023,0.000,0.204,0.099,0.413,0.530,0.103,0.424,0.151,0.056,0.326,0.197,0.232,0.017,0.067,0.019,0.197,0.002,0.076,0.000,0.008,0.073,0.078,0.010,0.000,0.303,0.070,0.248,0.092,0.329,0.000,0.011,0.082,0.104,0.051,0.823,0.072,0.561,0.539,0.662,0.307,0.080,0.050,0.057,0.085,0.186,0.235
partisan-appointment-pressure,Partisan Appointment Pressure,High appointment capture and polarized justice pool.,1.000,neutral synthetic legislature,current-us-like,Stylized current U.S.-like supreme court,5120,0.917,0.655,0.262,0.532,0.583,0.551,0.426,0.157,0.102,0.674,0.547,0.426,0.268,0.579,0.435,0.359,0.195,0.455,0.137,0.009,0.450,0.250,0.336,0.119,0.591,0.470,0.426,0.621,0.583,0.683,0.699,0.676,0.818,0.682,0.504,0.649,0.046,0.268,0.291,0.524,0.017,0.446,0.614,0.696,0.170,0.074,0.377,0.442,0.024,0.024,0.000,0.024,0.000,0.000,0.019,0.000,0.045,0.314,0.705,0.354,0.345,0.655,0.000,0.000,0.000,0.000,0.000,0.000,0.000,0.000,0.247,0.103,0.574,0.601,0.074,0.422,0.152,0.047,0.346,0.192,0.331,0.019,0.097,0.022,0.000,0.007,0.133,0.000,0.009,0.075,0.077,0.013,0.000,0.314,0.095,0.281,0.158,0.620,0.067,0.050,0.096,0.089,0.055,0.751,0.130,0.525,0.500,0.427,0.294,0.085,0.054,0.062,0.099,0.171,0.235
partisan-appointment-pressure,Partisan Appointment Pressure,High appointment capture and polarized justice pool.,1.000,neutral synthetic legislature,term-limited-balanced,18-year staggered terms + regular appointments,5120,0.917,0.654,0.263,0.520,0.583,0.542,0.426,0.157,0.102,0.674,0.547,0.426,0.259,0.579,0.435,0.359,0.195,0.415,0.137,0.007,0.450,0.250,0.336,0.105,0.601,0.321,0.434,0.621,0.602,0.698,0.758,0.686,0.838,0.680,0.516,0.652,0.051,0.086,0.218,0.657,0.024,0.425,0.622,0.742,0.212,0.105,0.545,0.427,0.305,0.000,0.427,0.021,0.285,0.000,0.055,0.000,0.091,0.111,0.701,0.291,0.346,0.654,0.000,0.000,0.000,0.000,0.000,0.000,0.000,0.000,0.217,0.110,0.421,0.591,0.077,0.429,0.144,0.044,0.311,0.196,0.321,0.023,0.090,0.022,0.000,0.005,0.129,0.000,0.006,0.072,0.071,0.011,0.000,0.314,0.103,0.351,0.179,0.472,0.044,0.148,0.061,0.114,0.076,0.805,0.077,0.548,0.514,0.573,0.294,0.085,0.054,0.062,0.099,0.171,0.235
partisan-appointment-pressure,Partisan Appointment Pressure,High appointment capture and polarized justice pool.,1.000,neutral synthetic legislature,nonpartisan-commission,Nonpartisan commission appointments,5120,0.920,0.682,0.238,0.545,0.583,0.584,0.426,0.157,0.102,0.674,0.547,0.426,0.258,0.579,0.435,0.359,0.195,0.415,0.137,0.006,0.450,0.250,0.336,0.106,0.603,0.321,0.439,0.621,0.600,0.699,0.762,0.687,0.846,0.679,0.514,0.660,0.042,0.085,0.216,0.676,0.027,0.433,0.631,0.748,0.240,0.112,0.573,0.425,0.303,0.000,0.425,0.016,0.287,0.000,0.075,0.000,0.092,0.114,0.702,0.300,0.318,0.682,0.000,0.000,0.000,0.000,0.000,0.000,0.000,0.000,0.210,0.116,0.411,0.547,0.080,0.434,0.154,0.057,0.316,0.194,0.239,0.025,0.095,0.027,0.000,0.005,0.125,0.000,0.008,0.075,0.086,0.013,0.000,0.314,0.110,0.372,0.188,0.524,0.089,0.074,0.067,0.119,0.080,0.813,0.076,0.546,0.511,0.600,0.294,0.085,0.054,0.062,0.099,0.171,0.235
partisan-appointment-pressure,Partisan Appointment Pressure,High appointment capture and polarized justice pool.,1.000,neutral synthetic legislature,expanded-court-fifteen,Expanded 15-seat court,5120,0.919,0.646,0.273,0.514,0.583,0.531,0.426,0.157,0.102,0.674,0.547,0.426,0.258,0.579,0.435,0.359,0.195,0.414,0.137,0.008,0.450,0.250,0.336,0.100,0.601,0.321,0.442,0.621,0.595,0.697,0.761,0.686,0.834,0.679,0.517,0.654,0.033,0.084,0.215,0.667,0.024,0.423,0.620,0.746,0.248,0.107,0.540,0.418,0.296,0.000,0.418,0.019,0.277,0.000,0.057,0.000,0.095,0.418,0.740,0.391,0.354,0.646,0.000,0.000,0.000,0.000,0.000,0.000,0.000,0.000,0.217,0.113,0.419,0.592,0.077,0.412,0.147,0.046,0.310,0.191,0.317,0.024,0.092,0.024,0.000,0.003,0.130,0.000,0.007,0.072,0.079,0.011,0.000,0.314,0.105,0.357,0.146,0.492,0.067,0.124,0.077,0.113,0.077,0.791,0.075,0.549,0.513,0.586,0.294,0.085,0.054,0.062,0.099,0.171,0.235
partisan-appointment-pressure,Partisan Appointment Pressure,High appointment capture and polarized justice pool.,1.000,neutral synthetic legislature,supermajority-review,60 percent invalidation threshold,5120,0.917,0.650,0.267,0.519,0.583,0.538,0.426,0.157,0.102,0.674,0.547,0.426,0.261,0.579,0.435,0.359,0.195,0.414,0.137,0.006,0.450,0.250,0.336,0.110,0.600,0.305,0.433,0.621,0.600,0.698,0.758,0.689,0.851,0.675,0.515,0.640,0.047,0.073,0.222,0.646,0.019,0.424,0.615,0.739,0.207,0.077,0.517,0.425,0.214,0.000,0.425,0.035,0.179,0.212,0.052,0.000,0.040,0.111,0.699,0.287,0.350,0.650,0.000,0.000,0.000,0.000,0.000,0.000,0.000,0.000,0.218,0.099,0.455,0.585,0.076,0.419,0.142,0.045,0.305,0.196,0.315,0.022,0.090,0.023,0.000,0.004,0.134,0.000,0.008,0.070,0.076,0.009,0.000,0.314,0.075,0.259,0.107,0.364,0.000,0.037,0.038,0.099,0.059,0.817,0.084,0.546,0.511,0.561,0.294,0.085,0.054,0.062,0.099,0.171,0.235
partisan-appointment-pressure,Partisan Appointment Pressure,High appointment capture and polarized justice pool.,1.000,neutral synthetic legislature,recusal-and-emergency-reform,Peer recusal + reasoned emergency docket,5120,0.920,0.647,0.273,0.515,0.583,0.540,0.426,0.157,0.102,0.674,0.547,0.426,0.259,0.579,0.435,0.359,0.195,0.414,0.137,0.008,0.450,0.250,0.336,0.106,0.602,0.321,0.440,0.621,0.598,0.699,0.759,0.688,0.840,0.680,0.517,0.651,0.051,0.083,0.217,0.665,0.025,0.422,0.620,0.743,0.242,0.103,0.550,0.427,0.312,0.000,0.427,0.020,0.292,0.000,0.085,0.000,0.096,0.111,0.705,0.286,0.353,0.647,0.000,0.000,0.000,0.000,0.000,0.000,0.000,0.000,0.216,0.114,0.419,0.590,0.077,0.413,0.148,0.047,0.310,0.188,0.315,0.022,0.099,0.021,0.000,0.005,0.121,0.000,0.006,0.074,0.080,0.010,0.000,0.314,0.100,0.334,0.161,0.504,0.089,0.000,0.048,0.113,0.074,0.808,0.076,0.550,0.514,0.583,0.294,0.085,0.054,0.062,0.099,0.171,0.235
partisan-appointment-pressure,Partisan Appointment Pressure,High appointment capture and polarized justice pool.,1.000,neutral synthetic legislature,panel-en-banc,Three-judge panels with en banc correction,5120,0.921,0.672,0.249,0.538,0.583,0.558,0.426,0.157,0.102,0.674,0.547,0.426,0.257,0.579,0.435,0.359,0.195,0.385,0.137,0.008,0.450,0.250,0.336,0.099,0.602,0.321,0.547,0.621,0.598,0.701,0.758,0.691,0.850,0.682,0.517,0.652,0.062,0.085,0.217,0.723,0.023,0.427,0.625,0.749,0.254,0.098,0.563,0.430,0.309,0.000,0.430,0.021,0.288,0.000,0.481,0.000,0.342,0.074,0.641,0.247,0.740,0.260,0.000,0.000,0.000,0.000,0.000,0.000,0.000,0.000,0.203,0.106,0.404,0.529,0.075,0.428,0.154,0.049,0.311,0.187,0.220,0.021,0.097,0.025,0.000,0.005,0.122,0.000,0.008,0.074,0.080,0.011,0.000,0.314,0.096,0.325,0.143,0.472,0.044,0.074,0.048,0.114,0.071,0.821,0.077,0.549,0.514,0.647,0.294,0.085,0.054,0.062,0.099,0.171,0.235
partisan-appointment-pressure,Partisan Appointment Pressure,High appointment capture and polarized justice pool.,1.000,neutral synthetic legislature,cross-checking-courts,Supreme court with cross-checking constitutional court,5120,0.919,0.671,0.247,0.537,0.583,0.566,0.426,0.157,0.102,0.674,0.547,0.426,0.239,0.579,0.435,0.359,0.195,0.415,0.137,0.009,0.450,0.250,0.336,0.110,0.620,0.306,0.453,0.621,0.578,0.698,0.761,0.679,0.848,0.674,0.492,0.637,0.027,0.076,0.228,0.678,0.015,0.461,0.617,0.745,0.333,0.068,0.528,0.439,0.221,0.000,0.439,0.036,0.184,0.218,0.142,0.000,0.123,0.112,0.700,0.292,0.329,0.671,0.180,0.000,0.000,0.000,0.000,0.000,0.000,0.000,0.211,0.096,0.452,0.562,0.072,0.438,0.150,0.046,0.317,0.195,0.249,0.022,0.094,0.024,0.000,0.008,0.128,0.000,0.009,0.073,0.078,0.013,0.000,0.314,0.067,0.223,0.146,0.300,0.089,0.074,0.042,0.107,0.053,0.814,0.086,0.547,0.491,0.601,0.294,0.085,0.054,0.062,0.099,0.171,0.235
partisan-appointment-pressure,Partisan Appointment Pressure,High appointment capture and polarized justice pool.,1.000,neutral synthetic legislature,dual-supreme-courts,Dual supreme courts with disagreement filter,5120,0.923,0.670,0.253,0.537,0.583,0.573,0.426,0.157,0.102,0.674,0.547,0.426,0.260,0.579,0.435,0.359,0.195,0.415,0.137,0.009,0.450,0.250,0.336,0.108,0.601,0.306,0.461,0.621,0.570,0.687,0.762,0.664,0.819,0.663,0.486,0.656,0.023,0.076,0.229,0.688,0.026,0.468,0.628,0.746,0.372,0.110,0.531,0.441,0.217,0.000,0.441,0.035,0.182,0.224,0.148,0.000,0.121,0.111,0.723,0.300,0.330,0.670,0.185,0.000,0.000,0.000,0.000,0.000,0.000,0.000,0.215,0.119,0.455,0.575,0.078,0.436,0.154,0.050,0.321,0.194,0.246,0.018,0.097,0.022,0.000,0.007,0.125,0.000,0.009,0.079,0.083,0.010,0.000,0.314,0.107,0.364,0.143,0.508,0.067,0.074,0.087,0.120,0.081,0.786,0.085,0.540,0.485,0.612,0.294,0.085,0.054,0.062,0.099,0.171,0.235
partisan-appointment-pressure,Partisan Appointment Pressure,High appointment capture and polarized justice pool.,1.000,neutral synthetic legislature,comparative-constitutional-senates,Comparative 16-seat constitutional senates,5120,0.920,0.660,0.261,0.522,0.583,0.553,0.426,0.157,0.102,0.674,0.547,0.426,0.259,0.579,0.435,0.359,0.195,0.445,0.137,0.007,0.450,0.250,0.336,0.101,0.600,0.306,0.594,0.621,0.587,0.700,0.750,0.692,0.856,0.679,0.516,0.637,0.033,0.074,0.227,0.714,0.014,0.426,0.615,0.748,0.287,0.065,0.523,0.436,0.225,0.000,0.436,0.036,0.189,0.211,0.469,0.000,0.136,0.108,0.694,0.279,0.743,0.257,0.000,0.000,0.000,0.000,0.000,0.000,0.000,0.000,0.210,0.091,0.448,0.532,0.075,0.429,0.148,0.047,0.322,0.198,0.232,0.021,0.093,0.026,0.000,0.003,0.129,0.000,0.008,0.075,0.078,0.013,0.000,0.314,0.064,0.227,0.075,0.288,0.000,0.037,0.038,0.097,0.051,0.822,0.084,0.548,0.513,0.638,0.294,0.085,0.054,0.062,0.099,0.171,0.235
partisan-appointment-pressure,Partisan Appointment Pressure,High appointment capture and polarized justice pool.,1.000,neutral synthetic legislature,constitutional-council,Pre-enactment constitutional council,5120,0.929,0.684,0.245,0.538,0.583,0.584,0.426,0.157,0.102,0.674,0.547,0.426,0.257,0.579,0.435,0.359,0.195,0.405,0.137,0.010,0.450,0.250,0.336,0.113,0.642,0.322,0.493,0.621,0.591,0.705,0.763,0.693,0.852,0.681,0.524,0.654,0.045,0.089,0.224,0.737,0.021,0.441,0.640,0.756,0.313,0.092,0.565,0.443,0.312,0.000,0.443,0.016,0.296,0.000,0.329,0.000,0.143,0.075,0.674,0.276,0.735,0.265,0.000,0.296,0.000,0.000,0.049,0.007,0.032,0.000,0.212,0.122,0.419,0.546,0.112,0.437,0.166,0.053,0.322,0.201,0.243,0.018,0.072,0.017,0.201,0.003,0.090,0.000,0.006,0.081,0.085,0.012,0.000,0.314,0.092,0.310,0.143,0.456,0.089,0.037,0.032,0.114,0.065,0.820,0.078,0.549,0.523,0.663,0.294,0.085,0.054,0.062,0.099,0.171,0.235
partisan-appointment-pressure,Partisan Appointment Pressure,High appointment capture and polarized justice pool.,1.000,neutral synthetic legislature,legislative-override,Judicial review with legislative supermajority override,5120,0.918,0.661,0.257,0.529,0.583,0.557,0.426,0.157,0.102,0.674,0.547,0.426,0.259,0.579,0.435,0.359,0.195,0.415,0.137,0.007,0.450,0.250,0.336,0.114,0.602,0.321,0.434,0.621,0.597,0.697,0.762,0.684,0.842,0.678,0.508,0.655,0.024,0.085,0.218,0.667,0.023,0.436,0.626,0.747,0.244,0.103,0.559,0.427,0.307,0.000,0.427,0.019,0.288,0.000,0.055,0.000,0.087,0.111,0.709,0.291,0.339,0.661,0.000,0.000,0.000,0.000,0.053,0.006,0.033,0.001,0.212,0.129,0.419,0.552,0.120,0.415,0.157,0.051,0.310,0.206,0.236,0.020,0.068,0.015,0.206,0.004,0.083,0.000,0.009,0.078,0.086,0.014,0.000,0.314,0.101,0.333,0.179,0.496,0.089,0.074,0.087,0.114,0.073,0.809,0.077,0.546,0.509,0.598,0.294,0.085,0.054,0.062,0.099,0.171,0.235
partisan-appointment-pressure,Partisan Appointment Pressure,High appointment capture and polarized justice pool.,1.000,neutral synthetic legislature,accountability-retention-court,Retention-election accountability court,5120,0.922,0.672,0.250,0.537,0.583,0.564,0.426,0.157,0.102,0.674,0.547,0.426,0.258,0.579,0.435,0.359,0.195,0.415,0.137,0.009,0.450,0.250,0.336,0.107,0.603,0.321,0.436,0.621,0.597,0.697,0.761,0.688,0.847,0.683,0.511,0.648,0.043,0.087,0.223,0.670,0.021,0.436,0.629,0.745,0.240,0.097,0.563,0.439,0.316,0.000,0.439,0.017,0.299,0.000,0.064,0.000,0.142,0.312,0.715,0.360,0.328,0.672,0.000,0.000,0.000,0.000,0.050,0.020,0.000,0.001,0.207,0.109,0.411,0.547,0.088,0.438,0.148,0.051,0.311,0.202,0.240,0.018,0.069,0.019,0.202,0.003,0.081,0.000,0.008,0.070,0.081,0.013,0.000,0.314,0.095,0.327,0.119,0.432,0.067,0.111,0.077,0.114,0.067,0.807,0.078,0.547,0.514,0.597,0.294,0.085,0.054,0.062,0.099,0.171,0.235
partisan-appointment-pressure,Partisan Appointment Pressure,High appointment capture and polarized justice pool.,1.000,neutral synthetic legislature,emergency-restraint-court,No emergency relief without merits review,5120,0.918,0.677,0.241,0.541,0.583,0.567,0.426,0.157,0.102,0.674,0.547,0.426,0.255,0.579,0.435,0.359,0.195,0.415,0.137,0.009,0.450,0.250,0.336,0.101,0.606,0.256,0.448,0.621,0.604,0.705,0.780,0.695,0.860,0.683,0.517,0.652,0.041,0.012,0.209,0.722,0.022,0.425,0.627,0.760,0.259,0.095,0.619,0.425,0.425,0.000,0.425,0.000,0.425,0.000,0.120,0.000,0.092,0.112,0.694,0.293,0.323,0.677,0.000,0.000,0.000,0.000,0.000,0.000,0.000,0.000,0.199,0.099,0.363,0.531,0.077,0.438,0.147,0.051,0.317,0.198,0.227,0.027,0.092,0.025,0.000,0.003,0.123,0.000,0.007,0.070,0.079,0.012,0.000,0.314,0.093,0.317,0.143,0.468,0.022,0.000,0.048,0.122,0.065,0.836,0.067,0.555,0.516,0.649,0.294,0.085,0.054,0.062,0.099,0.171,0.235
partisan-appointment-pressure,Partisan Appointment Pressure,High appointment capture and polarized justice pool.,1.000,neutral synthetic legislature,randomized-merits-panels,Randomized merits panels with en banc correction,5120,0.921,0.668,0.254,0.532,0.583,0.570,0.426,0.157,0.102,0.674,0.547,0.426,0.257,0.579,0.435,0.359,0.195,0.385,0.137,0.007,0.450,0.250,0.336,0.097,0.603,0.321,0.577,0.621,0.597,0.700,0.756,0.689,0.845,0.681,0.517,0.653,0.058,0.086,0.219,0.725,0.024,0.426,0.625,0.750,0.261,0.102,0.563,0.431,0.313,0.000,0.431,0.025,0.288,0.000,0.511,0.000,0.130,0.075,0.654,0.248,0.746,0.254,0.000,0.000,0.000,0.000,0.000,0.000,0.000,0.000,0.206,0.105,0.409,0.543,0.075,0.433,0.148,0.045,0.314,0.194,0.239,0.021,0.096,0.024,0.000,0.003,0.125,0.000,0.006,0.075,0.078,0.013,0.000,0.314,0.100,0.324,0.205,0.504,0.133,0.111,0.048,0.114,0.074,0.816,0.078,0.550,0.515,0.647,0.294,0.085,0.054,0.062,0.099,0.171,0.235
partisan-appointment-pressure,Partisan Appointment Pressure,High appointment capture and polarized justice pool.,1.000,neutral synthetic legislature,mandatory-written-emergency-reasoning,Mandatory written emergency reasoning,5120,0.921,0.654,0.266,0.525,0.583,0.554,0.426,0.157,0.102,0.674,0.547,0.426,0.257,0.579,0.435,0.359,0.195,0.415,0.137,0.009,0.450,0.250,0.336,0.096,0.602,0.292,0.433,0.621,0.600,0.700,0.766,0.689,0.844,0.679,0.518,0.655,0.047,0.049,0.220,0.665,0.023,0.425,0.623,0.748,0.254,0.109,0.549,0.425,0.282,0.000,0.425,0.037,0.245,0.000,0.053,0.000,0.086,0.111,0.699,0.289,0.346,0.654,0.000,0.000,0.000,0.000,0.000,0.000,0.000,0.000,0.215,0.111,0.422,0.590,0.080,0.431,0.147,0.048,0.307,0.199,0.315,0.019,0.093,0.027,0.000,0.005,0.121,0.000,0.008,0.069,0.078,0.010,0.000,0.314,0.107,0.360,0.161,0.520,0.089,0.074,0.096,0.113,0.081,0.814,0.081,0.550,0.517,0.583,0.294,0.085,0.054,0.062,0.099,0.171,0.235
partisan-appointment-pressure,Partisan Appointment Pressure,High appointment capture and polarized justice pool.,1.000,neutral synthetic legislature,automatic-merits-follow-up,Automatic merits follow-up for emergency relief,5120,0.920,0.652,0.268,0.521,0.583,0.544,0.426,0.157,0.102,0.674,0.547,0.426,0.256,0.579,0.435,0.359,0.195,0.414,0.137,0.008,0.450,0.250,0.336,0.099,0.605,0.275,0.434,0.621,0.600,0.702,0.773,0.688,0.843,0.678,0.518,0.656,0.051,0.020,0.205,0.693,0.024,0.423,0.624,0.754,0.272,0.112,0.600,0.415,0.415,0.000,0.415,0.037,0.415,0.000,0.055,0.000,0.092,0.109,0.702,0.288,0.348,0.652,0.000,0.000,0.000,0.000,0.000,0.000,0.000,0.000,0.213,0.117,0.370,0.597,0.078,0.415,0.154,0.047,0.301,0.188,0.335,0.022,0.101,0.022,0.000,0.005,0.135,0.000,0.007,0.080,0.076,0.012,0.000,0.314,0.111,0.350,0.205,0.620,0.089,0.037,0.087,0.124,0.084,0.817,0.085,0.556,0.513,0.610,0.294,0.085,0.054,0.062,0.099,0.171,0.235
partisan-appointment-pressure,Partisan Appointment Pressure,High appointment capture and polarized justice pool.,1.000,neutral synthetic legislature,strong-recusal-enforcement,Independent recusal enforcement with substitutes,5120,0.918,0.671,0.246,0.534,0.583,0.558,0.426,0.157,0.102,0.674,0.547,0.426,0.259,0.579,0.435,0.359,0.195,0.415,0.137,0.006,0.450,0.250,0.336,0.113,0.603,0.322,0.454,0.621,0.595,0.698,0.760,0.686,0.844,0.679,0.512,0.658,0.036,0.088,0.226,0.691,0.025,0.431,0.628,0.747,0.264,0.109,0.563,0.443,0.320,0.000,0.443,0.019,0.301,0.000,0.123,0.000,0.090,0.112,0.716,0.300,0.329,0.671,0.000,0.000,0.000,0.000,0.000,0.000,0.000,0.000,0.211,0.112,0.427,0.545,0.076,0.436,0.146,0.045,0.334,0.196,0.234,0.024,0.095,0.022,0.000,0.004,0.124,0.000,0.008,0.072,0.084,0.013,0.000,0.314,0.107,0.363,0.179,0.500,0.044,0.037,0.090,0.118,0.078,0.810,0.079,0.545,0.511,0.615,0.294,0.085,0.054,0.062,0.099,0.171,0.235
partisan-appointment-pressure,Partisan Appointment Pressure,High appointment capture and polarized justice pool.,1.000,neutral synthetic legislature,jurisdiction-stripping-constraints,Jurisdiction stripping constrained by rights carveouts,5120,0.924,0.674,0.250,0.536,0.583,0.567,0.426,0.157,0.102,0.674,0.547,0.426,0.257,0.579,0.435,0.359,0.195,0.365,0.137,0.009,0.450,0.250,0.336,0.106,0.632,0.321,0.434,0.621,0.604,0.704,0.768,0.689,0.848,0.681,0.515,0.654,0.025,0.087,0.222,0.671,0.022,0.433,0.629,0.753,0.240,0.100,0.562,0.435,0.313,0.000,0.435,0.019,0.294,0.000,0.054,0.000,0.096,0.110,0.706,0.298,0.326,0.674,0.000,0.000,0.000,0.000,0.050,0.000,0.000,0.000,0.201,0.122,0.414,0.541,0.103,0.433,0.154,0.052,0.314,0.203,0.232,0.025,0.143,0.030,0.000,0.006,0.000,0.000,0.010,0.078,0.078,0.008,0.000,0.314,0.098,0.341,0.179,0.444,0.044,0.000,0.058,0.115,0.072,0.814,0.078,0.551,0.532,0.609,0.294,0.085,0.054,0.062,0.099,0.171,0.235
partisan-appointment-pressure,Partisan Appointment Pressure,High appointment capture and polarized justice pool.,1.000,neutral synthetic legislature,legislative-override-window,Time-limited legislative override window,5120,0.918,0.674,0.245,0.536,0.583,0.567,0.426,0.157,0.102,0.674,0.547,0.426,0.258,0.579,0.435,0.359,0.195,0.415,0.137,0.007,0.450,0.250,0.336,0.106,0.603,0.322,0.435,0.621,0.598,0.698,0.763,0.686,0.847,0.679,0.510,0.657,0.024,0.086,0.220,0.670,0.022,0.438,0.629,0.748,0.247,0.103,0.562,0.430,0.308,0.000,0.430,0.021,0.287,0.000,0.057,0.000,0.096,0.107,0.707,0.296,0.326,0.674,0.000,0.000,0.000,0.000,0.053,0.006,0.032,0.000,0.213,0.119,0.417,0.556,0.116,0.436,0.147,0.045,0.325,0.205,0.255,0.017,0.065,0.017,0.205,0.003,0.085,0.000,0.010,0.069,0.086,0.011,0.000,0.314,0.101,0.348,0.146,0.460,0.089,0.111,0.087,0.115,0.074,0.813,0.077,0.546,0.513,0.599,0.294,0.085,0.054,0.062,0.099,0.171,0.235
partisan-appointment-pressure,Partisan Appointment Pressure,High appointment capture and polarized justice pool.,1.000,neutral synthetic legislature,constitutional-remand,Constitutional remand before invalidation,5120,0.925,0.699,0.227,0.560,0.583,0.596,0.426,0.157,0.102,0.674,0.547,0.426,0.224,0.579,0.435,0.359,0.195,0.376,0.137,0.010,0.450,0.250,0.336,0.103,0.616,0.321,0.440,0.621,0.593,0.710,0.769,0.702,0.865,0.688,0.530,0.653,0.039,0.090,0.229,0.705,0.018,0.435,0.645,0.756,0.335,0.077,0.584,0.453,0.324,0.000,0.453,0.018,0.306,0.000,0.078,0.000,0.123,0.075,0.710,0.296,0.301,0.699,0.000,0.355,0.027,0.000,0.039,0.006,0.024,0.000,0.204,0.103,0.408,0.535,0.101,0.442,0.162,0.055,0.321,0.203,0.247,0.019,0.075,0.018,0.203,0.003,0.086,0.000,0.007,0.080,0.089,0.010,0.000,0.314,0.090,0.319,0.119,0.399,0.022,0.000,0.049,0.111,0.062,0.830,0.080,0.556,0.531,0.631,0.294,0.085,0.054,0.062,0.099,0.171,0.235
partisan-appointment-pressure,Partisan Appointment Pressure,High appointment capture and polarized justice pool.,1.000,neutral synthetic legislature,public-interest-litigation-filter,Public-interest litigation filter,5120,0.927,0.701,0.225,0.565,0.583,0.603,0.426,0.157,0.102,0.674,0.547,0.426,0.258,0.579,0.435,0.359,0.195,0.331,0.137,0.007,0.450,0.250,0.336,0.115,0.604,0.323,0.439,0.621,0.595,0.697,0.767,0.684,0.848,0.677,0.507,0.666,0.039,0.094,0.236,0.687,0.029,0.442,0.638,0.745,0.277,0.120,0.587,0.462,0.325,0.000,0.462,0.022,0.303,0.000,0.075,0.000,0.098,0.113,0.696,0.304,0.299,0.701,0.000,0.000,0.000,0.076,0.000,0.000,0.000,0.000,0.209,0.118,0.425,0.547,0.075,0.447,0.160,0.047,0.342,0.195,0.239,0.024,0.101,0.023,0.000,0.006,0.135,0.000,0.006,0.082,0.085,0.013,0.000,0.314,0.118,0.406,0.226,0.512,0.089,0.074,0.087,0.124,0.086,0.813,0.083,0.541,0.503,0.607,0.294,0.085,0.054,0.062,0.099,0.171,0.235
partisan-appointment-pressure,Partisan Appointment Pressure,High appointment capture and polarized justice pool.,1.000,neutral synthetic legislature,emergency-integrity-package,Emergency integrity package,5120,0.922,0.666,0.256,0.538,0.583,0.562,0.426,0.157,0.102,0.674,0.547,0.426,0.255,0.579,0.435,0.359,0.195,0.415,0.137,0.007,0.450,0.250,0.336,0.102,0.606,0.276,0.454,0.621,0.596,0.704,0.775,0.695,0.857,0.685,0.518,0.647,0.036,0.020,0.212,0.726,0.023,0.424,0.623,0.758,0.301,0.087,0.618,0.430,0.430,0.000,0.430,0.039,0.430,0.000,0.122,0.000,0.087,0.110,0.722,0.297,0.334,0.666,0.000,0.000,0.000,0.000,0.000,0.000,0.000,0.000,0.200,0.098,0.377,0.527,0.073,0.430,0.149,0.043,0.317,0.194,0.217,0.020,0.102,0.021,0.000,0.003,0.115,0.000,0.007,0.076,0.078,0.014,0.000,0.314,0.086,0.278,0.134,0.480,0.000,0.037,0.051,0.119,0.067,0.830,0.087,0.558,0.517,0.654,0.294,0.085,0.054,0.062,0.099,0.171,0.235
partisan-appointment-pressure,Partisan Appointment Pressure,High appointment capture and polarized justice pool.,1.000,neutral synthetic legislature,remand-override-window-package,Constitutional remand with override window,5120,0.915,0.688,0.228,0.554,0.583,0.583,0.426,0.157,0.102,0.674,0.547,0.426,0.225,0.579,0.435,0.359,0.195,0.376,0.137,0.007,0.450,0.250,0.336,0.106,0.616,0.293,0.439,0.621,0.590,0.710,0.774,0.701,0.864,0.687,0.528,0.653,0.039,0.051,0.231,0.709,0.017,0.435,0.641,0.758,0.367,0.079,0.583,0.448,0.287,0.000,0.448,0.036,0.251,0.000,0.075,0.000,0.125,0.074,0.707,0.292,0.312,0.688,0.000,0.354,0.025,0.000,0.041,0.004,0.027,0.000,0.203,0.103,0.432,0.532,0.103,0.446,0.153,0.051,0.319,0.199,0.235,0.017,0.064,0.017,0.199,0.003,0.086,0.000,0.010,0.074,0.089,0.012,0.000,0.314,0.091,0.312,0.105,0.425,0.022,0.124,0.091,0.107,0.067,0.832,0.085,0.556,0.531,0.635,0.294,0.085,0.054,0.062,0.099,0.171,0.235
partisan-appointment-pressure,Partisan Appointment Pressure,High appointment capture and polarized justice pool.,1.000,neutral synthetic legislature,panel-jurisdiction-safeguards,Random panels with jurisdiction safeguards,5120,0.921,0.674,0.246,0.536,0.583,0.565,0.426,0.157,0.102,0.674,0.547,0.426,0.258,0.579,0.435,0.359,0.195,0.335,0.137,0.010,0.450,0.250,0.336,0.105,0.631,0.306,0.617,0.621,0.595,0.703,0.758,0.687,0.853,0.672,0.514,0.649,0.062,0.076,0.225,0.725,0.021,0.434,0.626,0.753,0.290,0.092,0.531,0.432,0.216,0.000,0.432,0.039,0.177,0.216,0.555,0.000,0.133,0.071,0.667,0.248,0.744,0.256,0.000,0.000,0.000,0.000,0.048,0.000,0.000,0.000,0.199,0.114,0.447,0.541,0.099,0.439,0.148,0.051,0.316,0.198,0.235,0.026,0.141,0.030,0.000,0.005,0.000,0.000,0.007,0.076,0.079,0.010,0.000,0.314,0.089,0.311,0.170,0.384,0.044,0.037,0.067,0.105,0.070,0.823,0.085,0.547,0.531,0.658,0.294,0.085,0.054,0.062,0.099,0.171,0.235
partisan-appointment-pressure,Partisan Appointment Pressure,High appointment capture and polarized justice pool.,1.000,neutral synthetic legislature,council-concrete-hybrid,Constitutional council with concrete-review backstop,5120,0.912,0.660,0.252,0.522,0.583,0.555,0.426,0.157,0.102,0.674,0.547,0.426,0.256,0.579,0.435,0.359,0.195,0.405,0.137,0.009,0.450,0.250,0.336,0.102,0.640,0.321,0.539,0.621,0.589,0.707,0.761,0.699,0.855,0.688,0.530,0.639,0.032,0.085,0.215,0.732,0.015,0.428,0.627,0.758,0.321,0.067,0.549,0.423,0.300,0.000,0.423,0.016,0.283,0.000,0.422,0.000,0.133,0.113,0.700,0.282,0.753,0.247,0.000,0.288,0.000,0.000,0.035,0.005,0.025,0.001,0.205,0.102,0.416,0.533,0.105,0.421,0.150,0.053,0.313,0.201,0.226,0.017,0.065,0.014,0.201,0.002,0.081,0.000,0.008,0.075,0.081,0.010,0.000,0.314,0.067,0.230,0.125,0.312,0.000,0.000,0.048,0.103,0.049,0.821,0.076,0.556,0.533,0.663,0.294,0.085,0.054,0.062,0.099,0.171,0.235
rights-risk-legislation,Rights-Risk Legislation,Legislative output creates concentrated rights burdens and weak mandates.,1.000,rights-risk synthetic legislature,current-us-like,Stylized current U.S.-like supreme court,5120,0.933,0.694,0.239,0.551,0.563,0.600,0.406,0.157,0.111,0.726,0.595,0.423,0.351,0.620,0.486,0.384,0.226,0.502,0.120,0.002,0.504,0.260,0.425,0.210,0.498,0.525,0.464,0.645,0.537,0.588,0.652,0.552,0.648,0.587,0.398,0.630,0.062,0.332,0.359,0.495,0.076,0.572,0.631,0.639,0.183,0.231,0.386,0.510,0.096,0.096,0.000,0.096,0.000,0.000,0.016,0.000,0.048,0.292,0.347,0.289,0.306,0.694,0.000,0.000,0.000,0.000,0.000,0.000,0.000,0.000,0.306,0.239,0.640,0.745,0.104,0.391,0.209,0.085,0.399,0.219,0.412,0.037,0.117,0.039,0.000,0.020,0.152,0.000,0.004,0.101,0.122,0.023,0.004,0.620,0.291,0.492,0.424,0.965,0.491,0.327,0.278,0.149,0.173,0.583,0.183,0.441,0.387,0.380,0.236,0.059,0.054,0.066,0.094,0.175,0.315
rights-risk-legislation,Rights-Risk Legislation,Legislative output creates concentrated rights burdens and weak mandates.,1.000,rights-risk synthetic legislature,term-limited-balanced,18-year staggered terms + regular appointments,5120,0.931,0.685,0.246,0.545,0.563,0.583,0.406,0.157,0.111,0.726,0.595,0.423,0.341,0.620,0.486,0.384,0.226,0.462,0.120,0.004,0.504,0.260,0.425,0.189,0.508,0.367,0.470,0.645,0.543,0.586,0.725,0.530,0.577,0.575,0.415,0.629,0.061,0.106,0.265,0.645,0.118,0.541,0.657,0.697,0.226,0.340,0.558,0.468,0.379,0.000,0.468,0.093,0.286,0.000,0.045,0.000,0.103,0.105,0.320,0.219,0.315,0.685,0.000,0.000,0.000,0.000,0.000,0.000,0.000,0.000,0.274,0.291,0.459,0.750,0.111,0.372,0.204,0.079,0.349,0.213,0.392,0.039,0.112,0.037,0.000,0.023,0.145,0.000,0.005,0.099,0.129,0.028,0.004,0.620,0.298,0.510,0.495,0.745,0.399,0.380,0.365,0.190,0.246,0.556,0.106,0.463,0.402,0.545,0.236,0.059,0.054,0.066,0.094,0.175,0.315
rights-risk-legislation,Rights-Risk Legislation,Legislative output creates concentrated rights burdens and weak mandates.,1.000,rights-risk synthetic legislature,nonpartisan-commission,Nonpartisan commission appointments,5120,0.922,0.701,0.221,0.564,0.563,0.590,0.406,0.157,0.111,0.726,0.595,0.423,0.341,0.620,0.486,0.384,0.226,0.463,0.120,0.002,0.504,0.260,0.425,0.197,0.510,0.367,0.474,0.645,0.537,0.581,0.728,0.519,0.555,0.570,0.409,0.635,0.039,0.108,0.273,0.665,0.119,0.549,0.665,0.701,0.255,0.359,0.586,0.487,0.397,0.000,0.487,0.089,0.308,0.000,0.062,0.000,0.104,0.106,0.323,0.220,0.299,0.701,0.000,0.000,0.000,0.000,0.000,0.000,0.000,0.000,0.270,0.300,0.459,0.710,0.115,0.389,0.222,0.087,0.362,0.218,0.313,0.042,0.123,0.042,0.000,0.024,0.139,0.000,0.003,0.111,0.121,0.030,0.004,0.620,0.314,0.560,0.547,0.762,0.421,0.369,0.336,0.199,0.259,0.534,0.108,0.460,0.398,0.573,0.236,0.059,0.054,0.066,0.094,0.175,0.315
rights-risk-legislation,Rights-Risk Legislation,Legislative output creates concentrated rights burdens and weak mandates.,1.000,rights-risk synthetic legislature,expanded-court-fifteen,Expanded 15-seat court,5120,0.930,0.688,0.242,0.542,0.563,0.585,0.406,0.157,0.111,0.726,0.595,0.423,0.341,0.620,0.486,0.384,0.226,0.462,0.120,0.002,0.504,0.260,0.425,0.190,0.509,0.366,0.477,0.645,0.536,0.584,0.727,0.526,0.568,0.573,0.414,0.632,0.038,0.107,0.274,0.662,0.114,0.543,0.658,0.701,0.267,0.346,0.567,0.479,0.392,0.000,0.479,0.094,0.298,0.000,0.044,0.000,0.103,0.401,0.345,0.320,0.312,0.688,0.000,0.000,0.000,0.000,0.000,0.000,0.000,0.000,0.273,0.290,0.454,0.750,0.110,0.390,0.205,0.080,0.340,0.204,0.397,0.039,0.111,0.038,0.000,0.025,0.139,0.000,0.004,0.096,0.121,0.026,0.006,0.620,0.307,0.552,0.497,0.745,0.399,0.384,0.351,0.193,0.251,0.537,0.108,0.463,0.403,0.562,0.236,0.059,0.054,0.066,0.094,0.175,0.315
rights-risk-legislation,Rights-Risk Legislation,Legislative output creates concentrated rights burdens and weak mandates.,1.000,rights-risk synthetic legislature,supermajority-review,60 percent invalidation threshold,5120,0.931,0.692,0.239,0.555,0.563,0.599,0.406,0.157,0.111,0.726,0.595,0.423,0.343,0.620,0.486,0.384,0.226,0.462,0.120,0.001,0.504,0.260,0.425,0.196,0.506,0.354,0.470,0.645,0.549,0.599,0.721,0.559,0.661,0.579,0.412,0.611,0.057,0.099,0.280,0.634,0.098,0.542,0.645,0.691,0.223,0.280,0.529,0.479,0.299,0.000,0.479,0.153,0.146,0.179,0.043,0.000,0.046,0.106,0.326,0.223,0.308,0.692,0.000,0.000,0.000,0.000,0.000,0.000,0.000,0.000,0.273,0.256,0.486,0.728,0.103,0.387,0.204,0.076,0.363,0.214,0.386,0.035,0.118,0.035,0.000,0.022,0.150,0.000,0.005,0.100,0.121,0.023,0.005,0.620,0.252,0.460,0.431,0.647,0.299,0.294,0.260,0.166,0.218,0.634,0.123,0.461,0.400,0.531,0.236,0.059,0.054,0.066,0.094,0.175,0.315
rights-risk-legislation,Rights-Risk Legislation,Legislative output creates concentrated rights burdens and weak mandates.,1.000,rights-risk synthetic legislature,recusal-and-emergency-reform,Peer recusal + reasoned emergency docket,5120,0.931,0.690,0.241,0.545,0.563,0.581,0.406,0.157,0.111,0.726,0.595,0.423,0.341,0.620,0.486,0.384,0.226,0.462,0.120,0.004,0.504,0.260,0.425,0.195,0.508,0.367,0.477,0.645,0.538,0.586,0.722,0.532,0.584,0.575,0.413,0.624,0.069,0.110,0.274,0.654,0.113,0.543,0.658,0.695,0.260,0.337,0.564,0.485,0.394,0.000,0.485,0.096,0.298,0.000,0.074,0.000,0.098,0.102,0.334,0.223,0.310,0.690,0.000,0.000,0.000,0.000,0.000,0.000,0.000,0.000,0.276,0.293,0.463,0.745,0.113,0.377,0.215,0.087,0.360,0.214,0.392,0.036,0.117,0.042,0.000,0.021,0.145,0.000,0.002,0.104,0.125,0.025,0.007,0.620,0.294,0.510,0.470,0.748,0.373,0.400,0.350,0.190,0.245,0.560,0.109,0.462,0.400,0.550,0.236,0.059,0.054,0.066,0.094,0.175,0.315
rights-risk-legislation,Rights-Risk Legislation,Legislative output creates concentrated rights burdens and weak mandates.,1.000,rights-risk synthetic legislature,panel-en-banc,Three-judge panels with en banc correction,5120,0.927,0.696,0.230,0.552,0.563,0.582,0.406,0.157,0.111,0.726,0.595,0.423,0.341,0.620,0.486,0.384,0.226,0.433,0.120,0.005,0.504,0.260,0.425,0.196,0.509,0.367,0.578,0.645,0.540,0.589,0.725,0.534,0.591,0.575,0.412,0.630,0.064,0.106,0.264,0.710,0.111,0.544,0.659,0.703,0.269,0.340,0.568,0.469,0.386,0.000,0.469,0.096,0.290,0.000,0.439,0.000,0.380,0.071,0.284,0.180,0.692,0.308,0.000,0.000,0.000,0.000,0.000,0.000,0.000,0.000,0.264,0.288,0.453,0.694,0.112,0.382,0.212,0.084,0.351,0.221,0.294,0.039,0.117,0.040,0.000,0.022,0.146,0.000,0.004,0.102,0.129,0.023,0.004,0.620,0.300,0.530,0.497,0.734,0.454,0.349,0.332,0.192,0.247,0.574,0.106,0.461,0.400,0.617,0.236,0.059,0.054,0.066,0.094,0.175,0.315
rights-risk-legislation,Rights-Risk Legislation,Legislative output creates concentrated rights burdens and weak mandates.,1.000,rights-risk synthetic legislature,cross-checking-courts,Supreme court with cross-checking constitutional court,5120,0.930,0.704,0.226,0.566,0.563,0.602,0.406,0.157,0.111,0.726,0.595,0.423,0.321,0.620,0.486,0.384,0.226,0.463,0.120,0.003,0.504,0.260,0.425,0.191,0.527,0.353,0.487,0.645,0.529,0.607,0.725,0.568,0.701,0.590,0.391,0.586,0.027,0.099,0.286,0.667,0.074,0.574,0.629,0.696,0.352,0.217,0.547,0.491,0.308,0.000,0.491,0.151,0.157,0.183,0.117,0.000,0.123,0.103,0.345,0.227,0.296,0.704,0.203,0.000,0.000,0.000,0.000,0.000,0.000,0.000,0.261,0.218,0.477,0.694,0.099,0.403,0.199,0.076,0.359,0.220,0.317,0.038,0.112,0.034,0.000,0.022,0.143,0.000,0.005,0.097,0.120,0.024,0.003,0.620,0.196,0.341,0.328,0.423,0.288,0.250,0.246,0.158,0.174,0.673,0.124,0.470,0.383,0.573,0.236,0.059,0.054,0.066,0.094,0.175,0.315
rights-risk-legislation,Rights-Risk Legislation,Legislative output creates concentrated rights burdens and weak mandates.,1.000,rights-risk synthetic legislature,dual-supreme-courts,Dual supreme courts with disagreement filter,5120,0.936,0.705,0.231,0.553,0.563,0.606,0.406,0.157,0.111,0.726,0.595,0.423,0.344,0.620,0.486,0.384,0.226,0.463,0.120,0.003,0.504,0.260,0.425,0.206,0.506,0.354,0.493,0.645,0.499,0.562,0.724,0.487,0.504,0.558,0.378,0.630,0.025,0.104,0.291,0.668,0.124,0.592,0.664,0.695,0.394,0.350,0.531,0.495,0.309,0.000,0.495,0.166,0.143,0.186,0.117,0.000,0.135,0.106,0.327,0.225,0.295,0.705,0.207,0.000,0.000,0.000,0.000,0.000,0.000,0.000,0.276,0.304,0.485,0.734,0.113,0.383,0.221,0.084,0.360,0.227,0.320,0.041,0.126,0.042,0.000,0.023,0.145,0.000,0.004,0.114,0.131,0.034,0.007,0.620,0.304,0.526,0.533,0.766,0.465,0.357,0.323,0.197,0.266,0.482,0.129,0.447,0.367,0.573,0.236,0.059,0.054,0.066,0.094,0.175,0.315
rights-risk-legislation,Rights-Risk Legislation,Legislative output creates concentrated rights burdens and weak mandates.,1.000,rights-risk synthetic legislature,comparative-constitutional-senates,Comparative 16-seat constitutional senates,5120,0.927,0.686,0.241,0.554,0.563,0.587,0.406,0.157,0.111,0.726,0.595,0.423,0.342,0.620,0.486,0.384,0.226,0.492,0.120,0.002,0.504,0.260,0.425,0.186,0.506,0.353,0.622,0.645,0.544,0.609,0.717,0.578,0.705,0.587,0.417,0.606,0.033,0.097,0.276,0.701,0.084,0.536,0.640,0.701,0.302,0.250,0.528,0.472,0.296,0.000,0.472,0.154,0.143,0.176,0.426,0.000,0.149,0.105,0.344,0.215,0.695,0.305,0.000,0.000,0.000,0.000,0.000,0.000,0.000,0.000,0.262,0.239,0.478,0.677,0.102,0.378,0.201,0.079,0.354,0.212,0.293,0.035,0.110,0.041,0.000,0.020,0.140,0.000,0.003,0.095,0.128,0.023,0.003,0.620,0.232,0.448,0.388,0.626,0.244,0.221,0.217,0.157,0.199,0.678,0.121,0.468,0.406,0.610,0.236,0.059,0.054,0.066,0.094,0.175,0.315
rights-risk-legislation,Rights-Risk Legislation,Legislative output creates concentrated rights burdens and weak mandates.,1.000,rights-risk synthetic legislature,constitutional-council,Pre-enactment constitutional council,5120,0.926,0.702,0.225,0.563,0.563,0.599,0.406,0.157,0.111,0.726,0.595,0.423,0.340,0.620,0.486,0.384,0.226,0.453,0.120,0.003,0.504,0.260,0.425,0.211,0.559,0.367,0.527,0.645,0.532,0.597,0.732,0.543,0.614,0.573,0.422,0.633,0.049,0.107,0.272,0.747,0.104,0.576,0.689,0.714,0.354,0.317,0.590,0.488,0.393,0.000,0.488,0.081,0.312,0.000,0.300,0.000,0.137,0.071,0.350,0.215,0.698,0.302,0.000,0.632,0.000,0.000,0.200,0.045,0.116,0.009,0.281,0.329,0.464,0.715,0.246,0.374,0.240,0.108,0.360,0.241,0.314,0.023,0.084,0.032,0.241,0.017,0.096,0.000,0.005,0.117,0.131,0.027,0.007,0.620,0.286,0.522,0.496,0.745,0.339,0.309,0.296,0.188,0.223,0.592,0.106,0.466,0.403,0.658,0.236,0.059,0.054,0.066,0.094,0.175,0.315
rights-risk-legislation,Rights-Risk Legislation,Legislative output creates concentrated rights burdens and weak mandates.,1.000,rights-risk synthetic legislature,legislative-override,Judicial review with legislative supermajority override,5120,0.930,0.699,0.231,0.568,0.563,0.603,0.406,0.157,0.111,0.726,0.595,0.423,0.344,0.620,0.486,0.384,0.226,0.463,0.120,0.003,0.504,0.260,0.425,0.220,0.510,0.367,0.471,0.645,0.534,0.580,0.726,0.519,0.583,0.565,0.388,0.639,0.025,0.107,0.272,0.663,0.117,0.582,0.669,0.699,0.262,0.344,0.581,0.484,0.395,0.000,0.484,0.090,0.304,0.000,0.045,0.000,0.103,0.107,0.335,0.225,0.301,0.699,0.000,0.000,0.000,0.000,0.220,0.037,0.125,0.010,0.288,0.362,0.466,0.730,0.273,0.366,0.243,0.113,0.360,0.246,0.314,0.023,0.075,0.033,0.246,0.020,0.097,0.000,0.003,0.118,0.137,0.038,0.008,0.620,0.306,0.546,0.507,0.773,0.413,0.378,0.325,0.194,0.243,0.561,0.107,0.455,0.370,0.576,0.236,0.059,0.054,0.066,0.094,0.175,0.315
rights-risk-legislation,Rights-Risk Legislation,Legislative output creates concentrated rights burdens and weak mandates.,1.000,rights-risk synthetic legislature,accountability-retention-court,Retention-election accountability court,5120,0.928,0.707,0.220,0.563,0.563,0.603,0.406,0.157,0.111,0.726,0.595,0.423,0.342,0.620,0.486,0.384,0.226,0.463,0.120,0.003,0.504,0.260,0.425,0.211,0.511,0.367,0.472,0.645,0.539,0.586,0.728,0.538,0.619,0.580,0.393,0.614,0.037,0.108,0.273,0.666,0.105,0.574,0.678,0.698,0.256,0.320,0.590,0.488,0.396,0.000,0.488,0.081,0.315,0.000,0.052,0.000,0.182,0.299,0.372,0.298,0.293,0.707,0.000,0.000,0.000,0.000,0.193,0.094,0.000,0.024,0.272,0.302,0.461,0.718,0.141,0.378,0.229,0.097,0.359,0.227,0.319,0.027,0.085,0.031,0.227,0.016,0.095,0.000,0.004,0.111,0.131,0.031,0.007,0.620,0.291,0.537,0.495,0.720,0.336,0.313,0.312,0.189,0.217,0.588,0.107,0.458,0.378,0.577,0.236,0.059,0.054,0.066,0.094,0.175,0.315
rights-risk-legislation,Rights-Risk Legislation,Legislative output creates concentrated rights burdens and weak mandates.,1.000,rights-risk synthetic legislature,emergency-restraint-court,No emergency relief without merits review,5120,0.927,0.704,0.223,0.565,0.563,0.604,0.406,0.157,0.111,0.726,0.595,0.423,0.336,0.620,0.486,0.384,0.226,0.463,0.120,0.005,0.504,0.260,0.425,0.187,0.514,0.299,0.484,0.645,0.548,0.590,0.752,0.526,0.572,0.569,0.414,0.645,0.044,0.020,0.254,0.724,0.124,0.543,0.672,0.722,0.273,0.365,0.658,0.474,0.474,0.000,0.474,0.000,0.474,0.000,0.103,0.000,0.100,0.106,0.316,0.218,0.296,0.704,0.000,0.000,0.000,0.000,0.000,0.000,0.000,0.000,0.259,0.300,0.410,0.708,0.110,0.378,0.221,0.084,0.349,0.215,0.317,0.037,0.121,0.040,0.000,0.022,0.142,0.000,0.004,0.108,0.128,0.028,0.005,0.620,0.328,0.588,0.509,0.948,0.450,0.369,0.332,0.212,0.248,0.564,0.085,0.471,0.401,0.633,0.236,0.059,0.054,0.066,0.094,0.175,0.315
rights-risk-legislation,Rights-Risk Legislation,Legislative output creates concentrated rights burdens and weak mandates.,1.000,rights-risk synthetic legislature,randomized-merits-panels,Randomized merits panels with en banc correction,5120,0.929,0.706,0.222,0.574,0.563,0.604,0.406,0.157,0.111,0.726,0.595,0.423,0.341,0.620,0.486,0.384,0.226,0.433,0.120,0.001,0.504,0.260,0.425,0.200,0.510,0.367,0.605,0.645,0.537,0.588,0.722,0.531,0.589,0.574,0.408,0.635,0.060,0.109,0.276,0.721,0.112,0.549,0.663,0.703,0.282,0.341,0.590,0.493,0.408,0.000,0.493,0.092,0.315,0.000,0.452,0.000,0.162,0.070,0.302,0.189,0.679,0.321,0.000,0.000,0.000,0.000,0.000,0.000,0.000,0.000,0.266,0.288,0.460,0.700,0.108,0.385,0.215,0.079,0.361,0.222,0.306,0.038,0.124,0.040,0.000,0.022,0.147,0.000,0.002,0.110,0.133,0.025,0.004,0.620,0.303,0.526,0.513,0.769,0.399,0.335,0.367,0.195,0.248,0.570,0.110,0.461,0.396,0.625,0.236,0.059,0.054,0.066,0.094,0.175,0.315
rights-risk-legislation,Rights-Risk Legislation,Legislative output creates concentrated rights burdens and weak mandates.,1.000,rights-risk synthetic legislature,mandatory-written-emergency-reasoning,Mandatory written emergency reasoning,5120,0.926,0.695,0.230,0.561,0.563,0.593,0.406,0.157,0.111,0.726,0.595,0.423,0.342,0.620,0.486,0.384,0.226,0.463,0.120,0.003,0.504,0.260,0.425,0.207,0.509,0.340,0.471,0.645,0.538,0.586,0.728,0.532,0.589,0.575,0.408,0.629,0.056,0.070,0.279,0.660,0.116,0.549,0.659,0.698,0.274,0.337,0.576,0.484,0.375,0.000,0.484,0.152,0.223,0.000,0.047,0.000,0.102,0.105,0.332,0.222,0.305,0.695,0.000,0.000,0.000,0.000,0.000,0.000,0.000,0.000,0.277,0.291,0.476,0.747,0.110,0.383,0.212,0.078,0.355,0.221,0.395,0.038,0.121,0.042,0.000,0.025,0.143,0.000,0.005,0.109,0.121,0.027,0.004,0.620,0.299,0.510,0.510,0.731,0.443,0.408,0.334,0.187,0.255,0.568,0.121,0.460,0.396,0.557,0.236,0.059,0.054,0.066,0.094,0.175,0.315
rights-risk-legislation,Rights-Risk Legislation,Legislative output creates concentrated rights burdens and weak mandates.,1.000,rights-risk synthetic legislature,automatic-merits-follow-up,Automatic merits follow-up for emergency relief,5120,0.931,0.703,0.228,0.564,0.563,0.608,0.406,0.157,0.111,0.726,0.595,0.423,0.337,0.620,0.486,0.384,0.226,0.463,0.120,0.003,0.504,0.260,0.425,0.194,0.514,0.320,0.471,0.645,0.535,0.574,0.746,0.498,0.504,0.558,0.411,0.650,0.064,0.029,0.251,0.703,0.145,0.548,0.679,0.717,0.293,0.414,0.659,0.465,0.465,0.000,0.465,0.165,0.465,0.000,0.045,0.000,0.108,0.103,0.306,0.217,0.297,0.703,0.000,0.000,0.000,0.000,0.000,0.000,0.000,0.000,0.273,0.327,0.414,0.757,0.119,0.377,0.222,0.086,0.354,0.228,0.399,0.037,0.125,0.043,0.000,0.024,0.148,0.000,0.003,0.115,0.130,0.026,0.006,0.620,0.361,0.600,0.590,0.955,0.572,0.514,0.391,0.225,0.309,0.497,0.083,0.465,0.397,0.603,0.236,0.059,0.054,0.066,0.094,0.175,0.315
rights-risk-legislation,Rights-Risk Legislation,Legislative output creates concentrated rights burdens and weak mandates.,1.000,rights-risk synthetic legislature,strong-recusal-enforcement,Independent recusal enforcement with substitutes,5120,0.924,0.697,0.227,0.569,0.563,0.586,0.406,0.157,0.111,0.726,0.595,0.423,0.341,0.620,0.486,0.384,0.226,0.463,0.120,0.003,0.504,0.260,0.425,0.196,0.510,0.367,0.489,0.645,0.534,0.581,0.728,0.520,0.559,0.569,0.410,0.634,0.038,0.106,0.270,0.681,0.125,0.549,0.665,0.703,0.277,0.362,0.585,0.477,0.390,0.000,0.477,0.091,0.299,0.000,0.106,0.000,0.106,0.102,0.325,0.221,0.303,0.697,0.000,0.000,0.000,0.000,0.000,0.000,0.000,0.000,0.271,0.306,0.463,0.711,0.116,0.378,0.223,0.089,0.361,0.223,0.312,0.039,0.125,0.038,0.000,0.026,0.151,0.000,0.003,0.111,0.126,0.024,0.005,0.620,0.313,0.533,0.541,0.783,0.465,0.382,0.357,0.199,0.261,0.538,0.107,0.461,0.395,0.588,0.236,0.059,0.054,0.066,0.094,0.175,0.315
rights-risk-legislation,Rights-Risk Legislation,Legislative output creates concentrated rights burdens and weak mandates.,1.000,rights-risk synthetic legislature,jurisdiction-stripping-constraints,Jurisdiction stripping constrained by rights carveouts,5120,0.931,0.689,0.242,0.550,0.563,0.595,0.406,0.157,0.111,0.726,0.595,0.423,0.341,0.620,0.486,0.384,0.226,0.412,0.120,0.003,0.504,0.260,0.425,0.206,0.539,0.367,0.471,0.645,0.541,0.588,0.733,0.528,0.588,0.574,0.400,0.626,0.025,0.105,0.268,0.661,0.114,0.562,0.667,0.706,0.251,0.335,0.573,0.476,0.391,0.000,0.476,0.087,0.304,0.000,0.047,0.000,0.097,0.105,0.335,0.222,0.311,0.689,0.000,0.000,0.000,0.000,0.211,0.000,0.000,0.000,0.272,0.367,0.466,0.715,0.218,0.361,0.240,0.101,0.364,0.233,0.307,0.038,0.199,0.058,0.000,0.025,0.000,0.000,0.004,0.114,0.129,0.031,0.009,0.620,0.293,0.513,0.503,0.762,0.376,0.386,0.308,0.190,0.242,0.566,0.106,0.464,0.397,0.585,0.236,0.059,0.054,0.066,0.094,0.175,0.315
rights-risk-legislation,Rights-Risk Legislation,Legislative output creates concentrated rights burdens and weak mandates.,1.000,rights-risk synthetic legislature,legislative-override-window,Time-limited legislative override window,5120,0.927,0.708,0.220,0.565,0.563,0.606,0.406,0.157,0.111,0.726,0.595,0.423,0.343,0.620,0.486,0.384,0.226,0.463,0.120,0.004,0.504,0.260,0.425,0.220,0.511,0.367,0.471,0.645,0.530,0.575,0.727,0.510,0.561,0.562,0.386,0.641,0.025,0.106,0.274,0.667,0.121,0.589,0.676,0.700,0.264,0.361,0.589,0.486,0.397,0.000,0.486,0.090,0.308,0.000,0.045,0.000,0.103,0.104,0.321,0.221,0.292,0.708,0.000,0.000,0.000,0.000,0.237,0.054,0.131,0.000,0.290,0.370,0.461,0.736,0.276,0.363,0.254,0.114,0.357,0.258,0.325,0.025,0.085,0.029,0.258,0.019,0.092,0.000,0.003,0.126,0.137,0.032,0.008,0.620,0.315,0.583,0.529,0.734,0.435,0.357,0.329,0.200,0.251,0.540,0.107,0.452,0.366,0.579,0.236,0.059,0.054,0.066,0.094,0.175,0.315
rights-risk-legislation,Rights-Risk Legislation,Legislative output creates concentrated rights burdens and weak mandates.,1.000,rights-risk synthetic legislature,constitutional-remand,Constitutional remand before invalidation,5120,0.930,0.735,0.195,0.592,0.563,0.639,0.406,0.157,0.111,0.726,0.595,0.423,0.303,0.620,0.486,0.384,0.226,0.424,0.120,0.004,0.504,0.260,0.425,0.203,0.538,0.367,0.475,0.645,0.549,0.620,0.738,0.583,0.708,0.591,0.430,0.633,0.042,0.108,0.277,0.723,0.084,0.564,0.693,0.716,0.382,0.273,0.619,0.497,0.404,0.000,0.497,0.082,0.322,0.000,0.064,0.000,0.135,0.071,0.351,0.230,0.265,0.735,0.000,0.707,0.084,0.000,0.157,0.034,0.088,0.009,0.267,0.278,0.456,0.678,0.203,0.403,0.238,0.104,0.372,0.237,0.300,0.029,0.084,0.038,0.237,0.018,0.100,0.000,0.005,0.117,0.127,0.029,0.004,0.620,0.289,0.504,0.504,0.675,0.394,0.388,0.323,0.178,0.216,0.682,0.108,0.478,0.415,0.635,0.236,0.059,0.054,0.066,0.094,0.175,0.315
rights-risk-legislation,Rights-Risk Legislation,Legislative output creates concentrated rights burdens and weak mandates.,1.000,rights-risk synthetic legislature,public-interest-litigation-filter,Public-interest litigation filter,5120,0.925,0.740,0.185,0.598,0.563,0.641,0.406,0.157,0.111,0.726,0.595,0.423,0.342,0.620,0.486,0.384,0.226,0.382,0.120,0.004,0.504,0.260,0.425,0.215,0.511,0.369,0.475,0.645,0.533,0.582,0.732,0.517,0.569,0.567,0.398,0.649,0.042,0.115,0.288,0.679,0.116,0.564,0.676,0.699,0.296,0.364,0.611,0.513,0.413,0.000,0.513,0.096,0.318,0.000,0.060,0.000,0.111,0.108,0.341,0.233,0.260,0.740,0.000,0.000,0.000,0.034,0.000,0.000,0.000,0.000,0.273,0.301,0.469,0.710,0.114,0.400,0.242,0.097,0.392,0.227,0.329,0.033,0.131,0.045,0.000,0.023,0.153,0.000,0.003,0.114,0.136,0.032,0.006,0.620,0.332,0.601,0.560,0.766,0.494,0.393,0.351,0.206,0.265,0.546,0.114,0.451,0.383,0.580,0.236,0.059,0.054,0.066,0.094,0.175,0.315
rights-risk-legislation,Rights-Risk Legislation,Legislative output creates concentrated rights burdens and weak mandates.,1.000,rights-risk synthetic legislature,emergency-integrity-package,Emergency integrity package,5120,0.927,0.698,0.229,0.569,0.563,0.600,0.406,0.157,0.111,0.726,0.595,0.423,0.336,0.620,0.486,0.384,0.226,0.463,0.120,0.004,0.504,0.260,0.425,0.183,0.514,0.319,0.488,0.645,0.541,0.587,0.750,0.520,0.555,0.566,0.417,0.647,0.037,0.029,0.256,0.727,0.125,0.541,0.673,0.723,0.317,0.379,0.659,0.474,0.474,0.000,0.474,0.167,0.474,0.000,0.101,0.000,0.106,0.104,0.324,0.220,0.302,0.698,0.000,0.000,0.000,0.000,0.000,0.000,0.000,0.000,0.261,0.309,0.412,0.712,0.117,0.378,0.218,0.088,0.346,0.229,0.305,0.039,0.125,0.041,0.000,0.026,0.139,0.000,0.003,0.104,0.129,0.026,0.006,0.620,0.341,0.579,0.547,0.948,0.502,0.450,0.367,0.215,0.287,0.546,0.084,0.472,0.405,0.639,0.236,0.059,0.054,0.066,0.094,0.175,0.315
rights-risk-legislation,Rights-Risk Legislation,Legislative output creates concentrated rights burdens and weak mandates.,1.000,rights-risk synthetic legislature,remand-override-window-package,Constitutional remand with override window,5120,0.931,0.731,0.200,0.595,0.563,0.631,0.406,0.157,0.111,0.726,0.595,0.423,0.305,0.620,0.486,0.384,0.226,0.424,0.120,0.002,0.504,0.260,0.425,0.209,0.538,0.341,0.475,0.645,0.541,0.618,0.740,0.582,0.708,0.590,0.426,0.632,0.044,0.072,0.292,0.726,0.090,0.570,0.689,0.714,0.419,0.271,0.613,0.508,0.384,0.000,0.508,0.151,0.233,0.000,0.063,0.000,0.140,0.071,0.353,0.228,0.269,0.731,0.000,0.699,0.073,0.000,0.171,0.032,0.102,0.000,0.272,0.289,0.476,0.684,0.224,0.393,0.241,0.107,0.373,0.251,0.302,0.028,0.085,0.036,0.251,0.013,0.101,0.000,0.003,0.116,0.138,0.028,0.005,0.620,0.281,0.520,0.479,0.675,0.355,0.309,0.289,0.172,0.225,0.684,0.124,0.476,0.409,0.634,0.236,0.059,0.054,0.066,0.094,0.175,0.315
rights-risk-legislation,Rights-Risk Legislation,Legislative output creates concentrated rights burdens and weak mandates.,1.000,rights-risk synthetic legislature,panel-jurisdiction-safeguards,Random panels with jurisdiction safeguards,5120,0.928,0.709,0.219,0.570,0.563,0.612,0.406,0.157,0.111,0.726,0.595,0.423,0.343,0.620,0.486,0.384,0.226,0.383,0.120,0.002,0.504,0.260,0.425,0.211,0.537,0.353,0.644,0.645,0.535,0.595,0.720,0.543,0.642,0.571,0.395,0.617,0.059,0.101,0.292,0.716,0.099,0.568,0.663,0.701,0.310,0.306,0.546,0.502,0.322,0.000,0.502,0.162,0.161,0.179,0.499,0.000,0.157,0.068,0.310,0.192,0.686,0.314,0.000,0.000,0.000,0.000,0.192,0.000,0.000,0.000,0.269,0.336,0.485,0.706,0.205,0.375,0.239,0.108,0.362,0.238,0.316,0.040,0.198,0.064,0.000,0.025,0.000,0.000,0.004,0.118,0.134,0.029,0.006,0.620,0.268,0.478,0.434,0.654,0.399,0.309,0.295,0.175,0.236,0.619,0.128,0.458,0.393,0.631,0.236,0.059,0.054,0.066,0.094,0.175,0.315
rights-risk-legislation,Rights-Risk Legislation,Legislative output creates concentrated rights burdens and weak mandates.,1.000,rights-risk synthetic legislature,council-concrete-hybrid,Constitutional council with concrete-review backstop,5120,0.934,0.706,0.229,0.571,0.563,0.609,0.406,0.157,0.111,0.726,0.595,0.423,0.339,0.620,0.486,0.384,0.226,0.453,0.120,0.002,0.504,0.260,0.425,0.207,0.560,0.366,0.572,0.645,0.535,0.606,0.730,0.562,0.661,0.579,0.425,0.631,0.032,0.106,0.272,0.755,0.097,0.571,0.684,0.717,0.372,0.289,0.593,0.487,0.398,0.000,0.487,0.080,0.319,0.000,0.376,0.000,0.155,0.109,0.371,0.235,0.692,0.308,0.000,0.639,0.000,0.000,0.180,0.029,0.118,0.005,0.277,0.312,0.458,0.704,0.248,0.388,0.232,0.110,0.355,0.247,0.308,0.026,0.078,0.034,0.247,0.019,0.090,0.000,0.004,0.110,0.131,0.030,0.007,0.620,0.268,0.524,0.400,0.727,0.280,0.265,0.262,0.181,0.207,0.636,0.106,0.469,0.410,0.669,0.236,0.059,0.054,0.066,0.094,0.175,0.315
shadow-docket-stress,Shadow-Docket Stress,High emergency pressure and executive-defiance disputes.,1.000,emergency-pressure synthetic legislature,current-us-like,Stylized current U.S.-like supreme court,5120,0.932,0.735,0.197,0.567,0.515,0.613,0.370,0.145,0.106,0.789,0.631,0.443,0.371,0.655,0.503,0.358,0.214,0.504,0.111,0.001,0.520,0.280,0.446,0.241,0.529,0.665,0.522,0.653,0.517,0.609,0.588,0.599,0.779,0.630,0.369,0.677,0.070,0.477,0.496,0.452,0.039,0.622,0.629,0.596,0.206,0.079,0.318,0.711,0.094,0.094,0.000,0.094,0.000,0.000,0.018,0.000,0.053,0.313,0.653,0.384,0.265,0.735,0.000,0.000,0.000,0.000,0.000,0.000,0.000,0.000,0.351,0.165,0.921,0.750,0.091,0.436,0.209,0.077,0.564,0.259,0.430,0.021,0.109,0.044,0.000,0.043,0.145,0.000,0.003,0.104,0.121,0.030,0.003,0.359,0.169,0.520,0.249,0.838,0.168,0.194,0.098,0.115,0.072,0.672,0.297,0.425,0.364,0.310,0.233,0.067,0.044,0.163,0.119,0.152,0.222
shadow-docket-stress,Shadow-Docket Stress,High emergency pressure and executive-defiance disputes.,1.000,emergency-pressure synthetic legislature,term-limited-balanced,18-year staggered terms + regular appointments,5120,0.942,0.746,0.196,0.579,0.515,0.636,0.370,0.145,0.106,0.789,0.631,0.443,0.355,0.655,0.503,0.358,0.214,0.464,0.111,0.002,0.520,0.280,0.446,0.205,0.546,0.495,0.530,0.653,0.543,0.632,0.680,0.621,0.825,0.630,0.391,0.662,0.069,0.175,0.388,0.675,0.070,0.584,0.649,0.672,0.265,0.142,0.607,0.700,0.512,0.000,0.700,0.080,0.432,0.000,0.051,0.000,0.113,0.112,0.654,0.320,0.254,0.746,0.000,0.000,0.000,0.000,0.000,0.000,0.000,0.000,0.312,0.181,0.653,0.742,0.099,0.433,0.223,0.086,0.515,0.257,0.444,0.023,0.117,0.047,0.000,0.037,0.157,0.000,0.005,0.110,0.124,0.031,0.004,0.359,0.137,0.433,0.192,0.643,0.119,0.065,0.112,0.155,0.112,0.770,0.201,0.465,0.380,0.546,0.233,0.067,0.044,0.163,0.119,0.152,0.222
shadow-docket-stress,Shadow-Docket Stress,High emergency pressure and executive-defiance disputes.,1.000,emergency-pressure synthetic legislature,nonpartisan-commission,Nonpartisan commission appointments,5120,0.937,0.749,0.188,0.578,0.515,0.629,0.370,0.145,0.106,0.789,0.631,0.443,0.356,0.655,0.503,0.358,0.214,0.465,0.111,0.002,0.520,0.280,0.446,0.219,0.547,0.496,0.535,0.653,0.538,0.630,0.681,0.620,0.825,0.629,0.387,0.661,0.050,0.174,0.390,0.687,0.075,0.586,0.650,0.674,0.291,0.143,0.615,0.704,0.519,0.000,0.704,0.082,0.436,0.000,0.071,0.000,0.102,0.107,0.653,0.318,0.251,0.749,0.000,0.000,0.000,0.000,0.000,0.000,0.000,0.000,0.305,0.189,0.656,0.694,0.100,0.432,0.230,0.084,0.523,0.263,0.332,0.023,0.122,0.045,0.000,0.038,0.155,0.000,0.004,0.114,0.125,0.030,0.004,0.359,0.136,0.426,0.169,0.655,0.198,0.097,0.063,0.156,0.113,0.770,0.203,0.462,0.376,0.569,0.233,0.067,0.044,0.163,0.119,0.152,0.222
shadow-docket-stress,Shadow-Docket Stress,High emergency pressure and executive-defiance disputes.,1.000,emergency-pressure synthetic legislature,expanded-court-fifteen,Expanded 15-seat court,5120,0.938,0.732,0.206,0.565,0.515,0.607,0.370,0.145,0.106,0.789,0.631,0.443,0.356,0.655,0.503,0.358,0.214,0.464,0.111,0.001,0.520,0.280,0.446,0.211,0.546,0.496,0.538,0.653,0.535,0.631,0.681,0.623,0.825,0.632,0.394,0.655,0.050,0.173,0.386,0.682,0.067,0.577,0.644,0.674,0.302,0.132,0.595,0.687,0.500,0.000,0.687,0.081,0.419,0.000,0.052,0.000,0.111,0.422,0.696,0.432,0.268,0.732,0.000,0.000,0.000,0.000,0.000,0.000,0.000,0.000,0.309,0.177,0.657,0.722,0.099,0.429,0.217,0.085,0.514,0.261,0.404,0.025,0.115,0.044,0.000,0.035,0.161,0.000,0.004,0.109,0.115,0.029,0.004,0.359,0.127,0.401,0.175,0.604,0.109,0.065,0.091,0.150,0.106,0.759,0.198,0.467,0.383,0.558,0.233,0.067,0.044,0.163,0.119,0.152,0.222
shadow-docket-stress,Shadow-Docket Stress,High emergency pressure and executive-defiance disputes.,1.000,emergency-pressure synthetic legislature,supermajority-review,60 percent invalidation threshold,5120,0.941,0.746,0.195,0.586,0.515,0.617,0.370,0.145,0.106,0.789,0.631,0.443,0.358,0.655,0.503,0.358,0.214,0.464,0.111,0.001,0.520,0.280,0.446,0.214,0.543,0.485,0.530,0.653,0.538,0.632,0.674,0.623,0.842,0.622,0.387,0.645,0.079,0.158,0.401,0.654,0.052,0.589,0.640,0.664,0.263,0.105,0.554,0.704,0.396,0.000,0.704,0.148,0.248,0.308,0.051,0.000,0.048,0.112,0.644,0.317,0.254,0.746,0.000,0.000,0.000,0.000,0.000,0.000,0.000,0.000,0.316,0.160,0.734,0.726,0.095,0.447,0.209,0.082,0.538,0.267,0.423,0.022,0.110,0.041,0.000,0.032,0.156,0.000,0.005,0.104,0.115,0.025,0.002,0.359,0.103,0.321,0.153,0.506,0.079,0.065,0.065,0.133,0.100,0.784,0.220,0.459,0.379,0.523,0.233,0.067,0.044,0.163,0.119,0.152,0.222
shadow-docket-stress,Shadow-Docket Stress,High emergency pressure and executive-defiance disputes.,1.000,emergency-pressure synthetic legislature,recusal-and-emergency-reform,Peer recusal + reasoned emergency docket,5120,0.941,0.742,0.199,0.571,0.515,0.617,0.370,0.145,0.106,0.789,0.631,0.443,0.356,0.655,0.503,0.358,0.214,0.464,0.111,0.001,0.520,0.280,0.446,0.219,0.546,0.497,0.537,0.653,0.537,0.632,0.678,0.621,0.827,0.631,0.389,0.660,0.076,0.175,0.385,0.680,0.070,0.583,0.648,0.670,0.297,0.137,0.603,0.696,0.492,0.000,0.696,0.077,0.415,0.000,0.082,0.000,0.115,0.110,0.654,0.315,0.258,0.742,0.000,0.000,0.000,0.000,0.000,0.000,0.000,0.000,0.312,0.176,0.667,0.737,0.096,0.441,0.211,0.080,0.520,0.255,0.435,0.022,0.113,0.040,0.000,0.039,0.158,0.000,0.005,0.103,0.120,0.029,0.004,0.359,0.132,0.418,0.164,0.621,0.139,0.097,0.091,0.153,0.109,0.772,0.200,0.463,0.380,0.550,0.233,0.067,0.044,0.163,0.119,0.152,0.222
shadow-docket-stress,Shadow-Docket Stress,High emergency pressure and executive-defiance disputes.,1.000,emergency-pressure synthetic legislature,panel-en-banc,Three-judge panels with en banc correction,5120,0.939,0.756,0.183,0.577,0.515,0.634,0.370,0.145,0.106,0.789,0.631,0.443,0.356,0.655,0.503,0.358,0.214,0.435,0.111,0.001,0.520,0.280,0.446,0.217,0.546,0.497,0.649,0.653,0.535,0.632,0.675,0.621,0.831,0.630,0.386,0.659,0.083,0.181,0.392,0.738,0.070,0.588,0.652,0.674,0.310,0.138,0.607,0.711,0.509,0.000,0.711,0.085,0.424,0.000,0.450,0.000,0.398,0.074,0.595,0.270,0.673,0.327,0.000,0.000,0.000,0.000,0.000,0.000,0.000,0.000,0.304,0.178,0.663,0.691,0.101,0.442,0.220,0.086,0.523,0.276,0.335,0.024,0.113,0.045,0.000,0.035,0.158,0.000,0.004,0.104,0.127,0.029,0.003,0.359,0.132,0.404,0.192,0.660,0.149,0.113,0.084,0.155,0.111,0.780,0.205,0.460,0.377,0.615,0.233,0.067,0.044,0.163,0.119,0.152,0.222
shadow-docket-stress,Shadow-Docket Stress,High emergency pressure and executive-defiance disputes.,1.000,emergency-pressure synthetic legislature,cross-checking-courts,Supreme court with cross-checking constitutional court,5120,0.939,0.758,0.182,0.596,0.515,0.628,0.370,0.145,0.106,0.789,0.631,0.443,0.339,0.655,0.503,0.358,0.214,0.465,0.111,0.000,0.520,0.280,0.446,0.235,0.564,0.485,0.549,0.653,0.510,0.629,0.678,0.610,0.837,0.622,0.354,0.634,0.030,0.160,0.407,0.692,0.042,0.633,0.635,0.669,0.399,0.082,0.569,0.716,0.405,0.000,0.716,0.146,0.259,0.311,0.130,0.000,0.140,0.112,0.647,0.319,0.242,0.758,0.234,0.000,0.000,0.000,0.000,0.000,0.000,0.000,0.312,0.162,0.741,0.712,0.094,0.453,0.215,0.085,0.550,0.263,0.349,0.026,0.108,0.047,0.000,0.047,0.155,0.000,0.004,0.100,0.124,0.034,0.005,0.359,0.079,0.257,0.085,0.332,0.079,0.065,0.063,0.139,0.083,0.779,0.223,0.458,0.349,0.572,0.233,0.067,0.044,0.163,0.119,0.152,0.222
shadow-docket-stress,Shadow-Docket Stress,High emergency pressure and executive-defiance disputes.,1.000,emergency-pressure synthetic legislature,dual-supreme-courts,Dual supreme courts with disagreement filter,5120,0.934,0.754,0.180,0.584,0.515,0.628,0.370,0.145,0.106,0.789,0.631,0.443,0.360,0.655,0.503,0.358,0.214,0.465,0.111,0.002,0.520,0.280,0.446,0.232,0.543,0.485,0.557,0.653,0.502,0.615,0.677,0.592,0.800,0.609,0.350,0.661,0.030,0.163,0.408,0.694,0.071,0.638,0.649,0.668,0.441,0.135,0.555,0.718,0.402,0.000,0.718,0.149,0.252,0.316,0.134,0.000,0.146,0.111,0.668,0.324,0.246,0.754,0.238,0.000,0.000,0.000,0.000,0.000,0.000,0.000,0.318,0.197,0.741,0.727,0.100,0.435,0.234,0.090,0.545,0.266,0.350,0.023,0.119,0.050,0.000,0.049,0.157,0.000,0.006,0.114,0.127,0.027,0.006,0.359,0.132,0.424,0.164,0.591,0.178,0.081,0.084,0.155,0.120,0.743,0.223,0.447,0.342,0.573,0.233,0.067,0.044,0.163,0.119,0.152,0.222
shadow-docket-stress,Shadow-Docket Stress,High emergency pressure and executive-defiance disputes.,1.000,emergency-pressure synthetic legislature,comparative-constitutional-senates,Comparative 16-seat constitutional senates,5120,0.941,0.734,0.207,0.555,0.515,0.611,0.370,0.145,0.106,0.789,0.631,0.443,0.358,0.655,0.503,0.358,0.214,0.494,0.111,0.001,0.520,0.280,0.446,0.210,0.543,0.484,0.693,0.653,0.526,0.635,0.669,0.629,0.849,0.628,0.392,0.636,0.042,0.157,0.397,0.723,0.044,0.582,0.633,0.675,0.343,0.084,0.544,0.696,0.393,0.000,0.696,0.145,0.248,0.303,0.434,0.000,0.152,0.109,0.651,0.303,0.678,0.322,0.000,0.000,0.000,0.000,0.000,0.000,0.000,0.000,0.304,0.148,0.735,0.674,0.093,0.440,0.203,0.080,0.533,0.262,0.312,0.025,0.110,0.044,0.000,0.034,0.141,0.000,0.004,0.102,0.118,0.029,0.003,0.359,0.083,0.260,0.119,0.430,0.040,0.032,0.044,0.125,0.085,0.792,0.217,0.463,0.386,0.607,0.233,0.067,0.044,0.163,0.119,0.152,0.222
shadow-docket-stress,Shadow-Docket Stress,High emergency pressure and executive-defiance disputes.,1.000,emergency-pressure synthetic legislature,constitutional-council,Pre-enactment constitutional council,5120,0.934,0.750,0.185,0.585,0.515,0.630,0.370,0.145,0.106,0.789,0.631,0.443,0.354,0.655,0.503,0.358,0.214,0.455,0.111,0.001,0.520,0.280,0.446,0.227,0.594,0.496,0.589,0.653,0.531,0.640,0.687,0.629,0.835,0.629,0.407,0.659,0.057,0.171,0.386,0.768,0.061,0.596,0.670,0.689,0.385,0.127,0.629,0.704,0.521,0.000,0.704,0.065,0.455,0.000,0.301,0.000,0.161,0.074,0.636,0.296,0.664,0.336,0.000,0.543,0.000,0.000,0.079,0.012,0.055,0.003,0.308,0.202,0.659,0.693,0.159,0.425,0.240,0.099,0.533,0.275,0.328,0.017,0.075,0.031,0.275,0.023,0.100,0.000,0.004,0.124,0.121,0.029,0.005,0.359,0.124,0.401,0.171,0.570,0.089,0.000,0.079,0.152,0.098,0.783,0.198,0.470,0.397,0.656,0.233,0.067,0.044,0.163,0.119,0.152,0.222
shadow-docket-stress,Shadow-Docket Stress,High emergency pressure and executive-defiance disputes.,1.000,emergency-pressure synthetic legislature,legislative-override,Judicial review with legislative supermajority override,5120,0.940,0.752,0.188,0.581,0.515,0.629,0.370,0.145,0.106,0.789,0.631,0.443,0.358,0.655,0.503,0.358,0.214,0.465,0.111,0.001,0.520,0.280,0.446,0.236,0.547,0.496,0.530,0.653,0.534,0.629,0.681,0.616,0.828,0.627,0.376,0.662,0.027,0.176,0.394,0.689,0.066,0.601,0.651,0.674,0.301,0.136,0.621,0.712,0.526,0.000,0.712,0.083,0.443,0.000,0.051,0.000,0.103,0.111,0.661,0.322,0.248,0.752,0.000,0.000,0.000,0.000,0.086,0.009,0.054,0.002,0.311,0.213,0.662,0.705,0.163,0.422,0.235,0.096,0.522,0.278,0.347,0.014,0.075,0.032,0.278,0.025,0.094,0.000,0.004,0.115,0.133,0.032,0.007,0.359,0.130,0.413,0.164,0.587,0.158,0.129,0.084,0.155,0.107,0.772,0.204,0.458,0.370,0.578,0.233,0.067,0.044,0.163,0.119,0.152,0.222
shadow-docket-stress,Shadow-Docket Stress,High emergency pressure and executive-defiance disputes.,1.000,emergency-pressure synthetic legislature,accountability-retention-court,Retention-election accountability court,5120,0.936,0.753,0.183,0.588,0.515,0.622,0.370,0.145,0.106,0.789,0.631,0.443,0.354,0.655,0.503,0.358,0.214,0.465,0.111,0.001,0.520,0.280,0.446,0.203,0.547,0.495,0.532,0.653,0.538,0.632,0.684,0.626,0.838,0.635,0.387,0.649,0.052,0.174,0.387,0.685,0.062,0.592,0.654,0.676,0.291,0.124,0.617,0.699,0.504,0.000,0.699,0.069,0.434,0.000,0.059,0.000,0.183,0.309,0.675,0.396,0.247,0.753,0.000,0.000,0.000,0.000,0.071,0.032,0.000,0.008,0.299,0.175,0.649,0.691,0.106,0.442,0.222,0.083,0.515,0.256,0.341,0.018,0.081,0.027,0.256,0.025,0.106,0.000,0.004,0.107,0.122,0.028,0.005,0.359,0.120,0.386,0.153,0.583,0.079,0.048,0.063,0.151,0.093,0.775,0.200,0.466,0.381,0.571,0.233,0.067,0.044,0.163,0.119,0.152,0.222
shadow-docket-stress,Shadow-Docket Stress,High emergency pressure and executive-defiance disputes.,1.000,emergency-pressure synthetic legislature,emergency-restraint-court,No emergency relief without merits review,5120,0.934,0.755,0.179,0.597,0.515,0.637,0.370,0.145,0.106,0.789,0.631,0.443,0.347,0.655,0.503,0.358,0.214,0.465,0.111,0.002,0.520,0.280,0.446,0.194,0.554,0.423,0.546,0.653,0.553,0.644,0.716,0.630,0.845,0.629,0.399,0.669,0.049,0.043,0.367,0.780,0.076,0.572,0.656,0.705,0.314,0.151,0.744,0.691,0.691,0.000,0.691,0.000,0.691,0.000,0.118,0.000,0.108,0.109,0.646,0.317,0.245,0.755,0.000,0.000,0.000,0.000,0.000,0.000,0.000,0.000,0.284,0.182,0.515,0.675,0.099,0.429,0.227,0.088,0.494,0.260,0.312,0.023,0.118,0.047,0.000,0.035,0.167,0.000,0.003,0.109,0.137,0.028,0.004,0.359,0.147,0.475,0.169,0.702,0.119,0.097,0.077,0.175,0.105,0.809,0.176,0.484,0.385,0.666,0.233,0.067,0.044,0.163,0.119,0.152,0.222
shadow-docket-stress,Shadow-Docket Stress,High emergency pressure and executive-defiance disputes.,1.000,emergency-pressure synthetic legislature,randomized-merits-panels,Randomized merits panels with en banc correction,5120,0.935,0.753,0.183,0.583,0.515,0.635,0.370,0.145,0.106,0.789,0.631,0.443,0.356,0.655,0.503,0.358,0.214,0.435,0.111,0.001,0.520,0.280,0.446,0.219,0.547,0.497,0.677,0.653,0.534,0.633,0.674,0.623,0.834,0.631,0.387,0.658,0.077,0.178,0.393,0.743,0.066,0.587,0.649,0.675,0.318,0.135,0.617,0.711,0.513,0.000,0.711,0.085,0.429,0.000,0.467,0.000,0.168,0.072,0.610,0.272,0.670,0.330,0.000,0.000,0.000,0.000,0.000,0.000,0.000,0.000,0.305,0.184,0.664,0.690,0.098,0.428,0.233,0.084,0.532,0.263,0.338,0.022,0.129,0.045,0.000,0.036,0.154,0.000,0.004,0.110,0.133,0.028,0.005,0.359,0.130,0.411,0.209,0.579,0.119,0.145,0.084,0.154,0.108,0.783,0.204,0.463,0.376,0.621,0.233,0.067,0.044,0.163,0.119,0.152,0.222
shadow-docket-stress,Shadow-Docket Stress,High emergency pressure and executive-defiance disputes.,1.000,emergency-pressure synthetic legislature,mandatory-written-emergency-reasoning,Mandatory written emergency reasoning,5120,0.940,0.729,0.211,0.566,0.515,0.601,0.370,0.145,0.106,0.789,0.631,0.443,0.357,0.655,0.503,0.358,0.214,0.464,0.111,0.001,0.520,0.280,0.446,0.221,0.545,0.470,0.530,0.653,0.538,0.632,0.684,0.623,0.829,0.630,0.390,0.654,0.071,0.119,0.388,0.675,0.071,0.582,0.643,0.673,0.305,0.137,0.589,0.684,0.441,0.000,0.684,0.138,0.303,0.000,0.052,0.000,0.104,0.110,0.649,0.311,0.271,0.729,0.000,0.000,0.000,0.000,0.000,0.000,0.000,0.000,0.312,0.185,0.701,0.739,0.098,0.430,0.210,0.082,0.510,0.250,0.423,0.023,0.105,0.043,0.000,0.035,0.148,0.000,0.006,0.101,0.122,0.027,0.006,0.359,0.130,0.388,0.198,0.660,0.139,0.161,0.126,0.144,0.119,0.778,0.211,0.464,0.382,0.548,0.233,0.067,0.044,0.163,0.119,0.152,0.222
shadow-docket-stress,Shadow-Docket Stress,High emergency pressure and executive-defiance disputes.,1.000,emergency-pressure synthetic legislature,automatic-merits-follow-up,Automatic merits follow-up for emergency relief,5120,0.946,0.737,0.209,0.570,0.515,0.615,0.370,0.145,0.106,0.789,0.631,0.443,0.350,0.655,0.503,0.358,0.214,0.464,0.111,0.001,0.520,0.280,0.446,0.215,0.553,0.443,0.530,0.653,0.545,0.635,0.705,0.616,0.813,0.621,0.394,0.676,0.068,0.056,0.362,0.748,0.089,0.576,0.658,0.695,0.330,0.181,0.727,0.679,0.679,0.000,0.679,0.157,0.679,0.000,0.051,0.000,0.104,0.110,0.644,0.313,0.263,0.737,0.000,0.000,0.000,0.000,0.000,0.000,0.000,0.000,0.302,0.209,0.536,0.745,0.104,0.421,0.228,0.089,0.487,0.257,0.433,0.021,0.119,0.047,0.000,0.041,0.159,0.000,0.005,0.108,0.129,0.031,0.004,0.359,0.175,0.554,0.237,0.821,0.208,0.145,0.070,0.182,0.153,0.774,0.200,0.477,0.382,0.624,0.233,0.067,0.044,0.163,0.119,0.152,0.222
shadow-docket-stress,Shadow-Docket Stress,High emergency pressure and executive-defiance disputes.,1.000,emergency-pressure synthetic legislature,strong-recusal-enforcement,Independent recusal enforcement with substitutes,5120,0.941,0.754,0.186,0.583,0.515,0.635,0.370,0.145,0.106,0.789,0.631,0.443,0.355,0.655,0.503,0.358,0.214,0.465,0.111,0.001,0.520,0.280,0.446,0.218,0.547,0.497,0.553,0.653,0.534,0.631,0.681,0.620,0.827,0.629,0.386,0.663,0.045,0.177,0.396,0.711,0.068,0.589,0.652,0.676,0.318,0.142,0.624,0.713,0.513,0.000,0.713,0.083,0.429,0.000,0.118,0.000,0.103,0.112,0.671,0.328,0.246,0.754,0.000,0.000,0.000,0.000,0.000,0.000,0.000,0.000,0.307,0.184,0.668,0.698,0.101,0.435,0.222,0.088,0.534,0.267,0.345,0.022,0.115,0.046,0.000,0.039,0.156,0.000,0.004,0.100,0.134,0.025,0.005,0.359,0.138,0.427,0.198,0.651,0.188,0.129,0.084,0.156,0.113,0.771,0.205,0.462,0.376,0.591,0.233,0.067,0.044,0.163,0.119,0.152,0.222
shadow-docket-stress,Shadow-Docket Stress,High emergency pressure and executive-defiance disputes.,1.000,emergency-pressure synthetic legislature,jurisdiction-stripping-constraints,Jurisdiction stripping constrained by rights carveouts,5120,0.940,0.753,0.188,0.588,0.515,0.630,0.370,0.145,0.106,0.789,0.631,0.443,0.355,0.655,0.503,0.358,0.214,0.415,0.111,0.001,0.520,0.280,0.446,0.228,0.577,0.496,0.530,0.653,0.542,0.634,0.689,0.618,0.825,0.629,0.383,0.662,0.028,0.175,0.390,0.688,0.069,0.594,0.654,0.682,0.292,0.140,0.619,0.706,0.506,0.000,0.706,0.073,0.433,0.000,0.051,0.000,0.105,0.111,0.662,0.320,0.247,0.753,0.000,0.000,0.000,0.000,0.086,0.000,0.000,0.000,0.298,0.215,0.661,0.695,0.140,0.434,0.236,0.091,0.524,0.275,0.329,0.029,0.207,0.053,0.000,0.040,0.000,0.000,0.005,0.115,0.118,0.034,0.005,0.359,0.136,0.414,0.203,0.685,0.178,0.065,0.112,0.156,0.110,0.770,0.201,0.464,0.392,0.589,0.233,0.067,0.044,0.163,0.119,0.152,0.222
shadow-docket-stress,Shadow-Docket Stress,High emergency pressure and executive-defiance disputes.,1.000,emergency-pressure synthetic legislature,legislative-override-window,Time-limited legislative override window,5120,0.942,0.748,0.194,0.581,0.515,0.626,0.370,0.145,0.106,0.789,0.631,0.443,0.357,0.655,0.503,0.358,0.214,0.465,0.111,0.001,0.520,0.280,0.446,0.230,0.547,0.497,0.530,0.653,0.536,0.629,0.682,0.617,0.830,0.626,0.378,0.663,0.027,0.176,0.389,0.685,0.070,0.600,0.653,0.675,0.299,0.141,0.610,0.703,0.504,0.000,0.703,0.075,0.429,0.000,0.050,0.000,0.108,0.111,0.659,0.319,0.252,0.748,0.000,0.000,0.000,0.000,0.084,0.015,0.054,0.000,0.310,0.211,0.668,0.700,0.158,0.427,0.237,0.095,0.527,0.270,0.333,0.015,0.080,0.029,0.270,0.023,0.100,0.000,0.004,0.116,0.132,0.031,0.005,0.359,0.135,0.419,0.203,0.647,0.149,0.065,0.119,0.155,0.109,0.774,0.202,0.459,0.371,0.575,0.233,0.067,0.044,0.163,0.119,0.152,0.222
shadow-docket-stress,Shadow-Docket Stress,High emergency pressure and executive-defiance disputes.,1.000,emergency-pressure synthetic legislature,constitutional-remand,Constitutional remand before invalidation,5120,0.941,0.776,0.165,0.609,0.515,0.653,0.370,0.145,0.106,0.789,0.631,0.443,0.321,0.655,0.503,0.358,0.214,0.425,0.111,0.001,0.520,0.280,0.446,0.216,0.569,0.497,0.535,0.653,0.530,0.644,0.690,0.637,0.849,0.637,0.411,0.658,0.049,0.183,0.403,0.734,0.057,0.596,0.677,0.686,0.416,0.111,0.632,0.731,0.524,0.000,0.731,0.081,0.442,0.000,0.069,0.000,0.147,0.073,0.660,0.318,0.224,0.776,0.000,0.638,0.032,0.000,0.062,0.015,0.037,0.004,0.299,0.170,0.662,0.676,0.132,0.463,0.225,0.092,0.538,0.278,0.331,0.018,0.072,0.035,0.278,0.020,0.105,0.000,0.005,0.117,0.119,0.027,0.003,0.359,0.124,0.393,0.206,0.545,0.140,0.106,0.071,0.150,0.097,0.792,0.209,0.472,0.406,0.618,0.233,0.067,0.044,0.163,0.119,0.152,0.222
shadow-docket-stress,Shadow-Docket Stress,High emergency pressure and executive-defiance disputes.,1.000,emergency-pressure synthetic legislature,public-interest-litigation-filter,Public-interest litigation filter,5120,0.943,0.791,0.152,0.627,0.515,0.686,0.370,0.145,0.106,0.789,0.631,0.443,0.354,0.655,0.503,0.358,0.214,0.383,0.111,0.001,0.520,0.280,0.446,0.217,0.549,0.498,0.536,0.653,0.533,0.631,0.687,0.620,0.840,0.628,0.379,0.669,0.052,0.185,0.409,0.703,0.073,0.601,0.662,0.672,0.336,0.146,0.646,0.739,0.534,0.000,0.739,0.086,0.448,0.000,0.069,0.000,0.112,0.110,0.661,0.334,0.209,0.791,0.000,0.000,0.000,0.040,0.000,0.000,0.000,0.000,0.303,0.179,0.655,0.690,0.095,0.457,0.236,0.087,0.545,0.264,0.354,0.024,0.125,0.046,0.000,0.036,0.163,0.000,0.004,0.117,0.128,0.024,0.003,0.359,0.143,0.454,0.198,0.621,0.149,0.113,0.140,0.163,0.116,0.782,0.213,0.457,0.368,0.579,0.233,0.067,0.044,0.163,0.119,0.152,0.222
shadow-docket-stress,Shadow-Docket Stress,High emergency pressure and executive-defiance disputes.,1.000,emergency-pressure synthetic legislature,emergency-integrity-package,Emergency integrity package,5120,0.943,0.766,0.177,0.596,0.515,0.648,0.370,0.145,0.106,0.789,0.631,0.443,0.349,0.655,0.503,0.358,0.214,0.465,0.111,0.002,0.520,0.280,0.446,0.210,0.555,0.444,0.553,0.653,0.541,0.640,0.708,0.626,0.843,0.628,0.390,0.668,0.047,0.058,0.375,0.789,0.079,0.583,0.659,0.699,0.366,0.150,0.752,0.703,0.703,0.000,0.703,0.155,0.703,0.000,0.117,0.000,0.108,0.112,0.666,0.330,0.234,0.766,0.000,0.000,0.000,0.000,0.000,0.000,0.000,0.000,0.291,0.177,0.535,0.688,0.095,0.451,0.219,0.082,0.506,0.261,0.340,0.024,0.118,0.044,0.000,0.036,0.160,0.000,0.004,0.111,0.125,0.030,0.003,0.359,0.146,0.464,0.164,0.719,0.168,0.081,0.056,0.177,0.132,0.801,0.207,0.478,0.380,0.673,0.233,0.067,0.044,0.163,0.119,0.152,0.222
shadow-docket-stress,Shadow-Docket Stress,High emergency pressure and executive-defiance disputes.,1.000,emergency-pressure synthetic legislature,remand-override-window-package,Constitutional remand with override window,5120,0.942,0.781,0.161,0.617,0.515,0.664,0.370,0.145,0.106,0.789,0.631,0.443,0.322,0.655,0.503,0.358,0.214,0.426,0.111,0.001,0.520,0.280,0.446,0.228,0.570,0.472,0.536,0.653,0.525,0.647,0.695,0.641,0.865,0.639,0.406,0.655,0.049,0.124,0.413,0.748,0.048,0.602,0.677,0.688,0.457,0.102,0.641,0.736,0.482,0.000,0.736,0.139,0.343,0.000,0.074,0.000,0.151,0.074,0.664,0.321,0.219,0.781,0.000,0.644,0.032,0.000,0.064,0.009,0.040,0.000,0.306,0.179,0.690,0.679,0.146,0.448,0.246,0.106,0.546,0.295,0.336,0.015,0.076,0.037,0.295,0.021,0.101,0.000,0.005,0.122,0.129,0.032,0.003,0.359,0.114,0.354,0.167,0.550,0.132,0.048,0.081,0.141,0.102,0.810,0.223,0.470,0.398,0.631,0.233,0.067,0.044,0.163,0.119,0.152,0.222
shadow-docket-stress,Shadow-Docket Stress,High emergency pressure and executive-defiance disputes.,1.000,emergency-pressure synthetic legislature,panel-jurisdiction-safeguards,Random panels with jurisdiction safeguards,5120,0.936,0.749,0.187,0.579,0.515,0.620,0.370,0.145,0.106,0.789,0.631,0.443,0.358,0.655,0.503,0.358,0.214,0.385,0.111,0.001,0.520,0.280,0.446,0.228,0.573,0.484,0.714,0.653,0.529,0.635,0.673,0.620,0.842,0.620,0.382,0.647,0.077,0.160,0.404,0.733,0.054,0.596,0.644,0.676,0.348,0.110,0.554,0.712,0.406,0.000,0.712,0.148,0.258,0.306,0.510,0.000,0.156,0.072,0.635,0.274,0.672,0.328,0.000,0.000,0.000,0.000,0.068,0.000,0.000,0.000,0.301,0.194,0.739,0.691,0.131,0.429,0.231,0.090,0.537,0.278,0.334,0.027,0.198,0.058,0.000,0.035,0.000,0.000,0.004,0.112,0.125,0.030,0.003,0.359,0.106,0.333,0.158,0.502,0.079,0.097,0.063,0.135,0.103,0.788,0.222,0.459,0.392,0.625,0.233,0.067,0.044,0.163,0.119,0.152,0.222
shadow-docket-stress,Shadow-Docket Stress,High emergency pressure and executive-defiance disputes.,1.000,emergency-pressure synthetic legislature,council-concrete-hybrid,Constitutional council with concrete-review backstop,5120,0.945,0.754,0.191,0.590,0.515,0.640,0.370,0.145,0.106,0.789,0.631,0.443,0.352,0.655,0.503,0.358,0.214,0.455,0.111,0.001,0.520,0.280,0.446,0.209,0.594,0.495,0.638,0.653,0.528,0.643,0.686,0.636,0.845,0.635,0.412,0.651,0.039,0.173,0.389,0.774,0.054,0.592,0.665,0.692,0.404,0.106,0.624,0.707,0.515,0.000,0.707,0.071,0.445,0.000,0.378,0.000,0.166,0.108,0.654,0.312,0.666,0.334,0.000,0.546,0.000,0.000,0.062,0.008,0.045,0.002,0.302,0.182,0.650,0.688,0.148,0.436,0.233,0.095,0.513,0.278,0.333,0.017,0.074,0.033,0.278,0.023,0.092,0.000,0.004,0.117,0.123,0.029,0.003,0.359,0.104,0.336,0.075,0.523,0.079,0.048,0.063,0.146,0.085,0.790,0.200,0.473,0.406,0.664,0.233,0.067,0.044,0.163,0.119,0.152,0.222
high-democratic-mandate,High Democratic Mandate,"Popular, high-mandate laws create accountability pressure against invalidation.",1.000,high-mandate synthetic legislature,current-us-like,Stylized current U.S.-like supreme court,5120,0.918,0.634,0.284,0.502,0.591,0.525,0.425,0.166,0.100,0.632,0.522,0.356,0.207,0.556,0.426,0.367,0.185,0.431,0.141,0.008,0.435,0.247,0.288,0.075,0.647,0.432,0.399,0.609,0.606,0.715,0.726,0.708,0.832,0.709,0.559,0.639,0.030,0.229,0.252,0.536,0.011,0.395,0.616,0.729,0.162,0.053,0.371,0.386,0.012,0.012,0.000,0.012,0.000,0.000,0.013,0.000,0.037,0.317,0.758,0.347,0.366,0.634,0.000,0.000,0.000,0.000,0.000,0.000,0.000,0.000,0.213,0.069,0.484,0.544,0.069,0.440,0.115,0.039,0.281,0.180,0.303,0.023,0.076,0.020,0.000,0.003,0.111,0.000,0.006,0.059,0.062,0.007,0.000,0.305,0.064,0.214,0.052,0.365,0.034,0.000,0.030,0.078,0.039,0.772,0.103,0.565,0.563,0.452,0.316,0.088,0.054,0.046,0.088,0.169,0.239
high-democratic-mandate,High Democratic Mandate,"Popular, high-mandate laws create accountability pressure against invalidation.",1.000,high-mandate synthetic legislature,term-limited-balanced,18-year staggered terms + regular appointments,5120,0.913,0.622,0.291,0.498,0.591,0.525,0.425,0.166,0.100,0.632,0.522,0.356,0.199,0.556,0.426,0.367,0.185,0.391,0.141,0.010,0.435,0.247,0.288,0.064,0.656,0.287,0.404,0.609,0.623,0.730,0.781,0.720,0.853,0.710,0.570,0.637,0.030,0.066,0.181,0.650,0.013,0.374,0.616,0.770,0.197,0.063,0.520,0.360,0.261,0.000,0.360,0.009,0.252,0.000,0.037,0.000,0.085,0.112,0.761,0.282,0.378,0.622,0.000,0.000,0.000,0.000,0.000,0.000,0.000,0.000,0.186,0.079,0.357,0.523,0.071,0.413,0.134,0.040,0.262,0.176,0.276,0.022,0.092,0.021,0.000,0.002,0.108,0.000,0.006,0.064,0.059,0.005,0.000,0.305,0.063,0.217,0.039,0.335,0.000,0.000,0.040,0.094,0.045,0.823,0.056,0.589,0.571,0.581,0.316,0.088,0.054,0.046,0.088,0.169,0.239
high-democratic-mandate,High Democratic Mandate,"Popular, high-mandate laws create accountability pressure against invalidation.",1.000,high-mandate synthetic legislature,nonpartisan-commission,Nonpartisan commission appointments,5120,0.925,0.641,0.283,0.512,0.591,0.545,0.425,0.166,0.100,0.632,0.522,0.356,0.199,0.556,0.426,0.367,0.185,0.391,0.141,0.010,0.435,0.247,0.288,0.067,0.657,0.289,0.406,0.609,0.619,0.729,0.782,0.719,0.856,0.710,0.567,0.640,0.025,0.070,0.189,0.661,0.012,0.381,0.623,0.771,0.225,0.065,0.537,0.376,0.263,0.000,0.376,0.009,0.254,0.000,0.044,0.000,0.087,0.113,0.761,0.290,0.359,0.641,0.000,0.000,0.000,0.000,0.000,0.000,0.000,0.000,0.182,0.076,0.366,0.487,0.069,0.430,0.134,0.039,0.281,0.181,0.212,0.023,0.093,0.022,0.000,0.002,0.095,0.000,0.006,0.072,0.060,0.008,0.000,0.305,0.065,0.222,0.104,0.326,0.000,0.000,0.040,0.097,0.047,0.825,0.059,0.587,0.572,0.598,0.316,0.088,0.054,0.046,0.088,0.169,0.239
high-democratic-mandate,High Democratic Mandate,"Popular, high-mandate laws create accountability pressure against invalidation.",1.000,high-mandate synthetic legislature,expanded-court-fifteen,Expanded 15-seat court,5120,0.919,0.628,0.291,0.490,0.591,0.518,0.425,0.166,0.100,0.632,0.522,0.356,0.199,0.556,0.426,0.367,0.185,0.391,0.141,0.011,0.435,0.247,0.288,0.060,0.655,0.288,0.408,0.609,0.617,0.729,0.782,0.720,0.854,0.709,0.571,0.640,0.019,0.066,0.181,0.656,0.013,0.375,0.617,0.772,0.236,0.066,0.517,0.356,0.257,0.000,0.356,0.009,0.249,0.000,0.034,0.000,0.078,0.427,0.804,0.388,0.372,0.628,0.000,0.000,0.000,0.000,0.000,0.000,0.000,0.000,0.187,0.074,0.353,0.527,0.076,0.426,0.125,0.042,0.267,0.189,0.287,0.024,0.083,0.022,0.000,0.002,0.098,0.000,0.006,0.061,0.062,0.007,0.000,0.305,0.066,0.233,0.042,0.339,0.000,0.000,0.010,0.095,0.047,0.814,0.056,0.588,0.575,0.588,0.316,0.088,0.054,0.046,0.088,0.169,0.239
high-democratic-mandate,High Democratic Mandate,"Popular, high-mandate laws create accountability pressure against invalidation.",1.000,high-mandate synthetic legislature,supermajority-review,60 percent invalidation threshold,5120,0.909,0.621,0.288,0.495,0.591,0.514,0.425,0.166,0.100,0.632,0.522,0.356,0.200,0.556,0.426,0.367,0.185,0.391,0.141,0.009,0.435,0.247,0.288,0.060,0.654,0.272,0.403,0.609,0.621,0.729,0.780,0.719,0.857,0.705,0.571,0.627,0.032,0.059,0.191,0.637,0.008,0.374,0.611,0.766,0.194,0.042,0.490,0.371,0.177,0.000,0.371,0.015,0.162,0.194,0.032,0.000,0.033,0.112,0.761,0.283,0.379,0.621,0.000,0.000,0.000,0.000,0.000,0.000,0.000,0.000,0.186,0.061,0.399,0.519,0.067,0.427,0.119,0.038,0.277,0.173,0.273,0.018,0.081,0.019,0.000,0.002,0.105,0.000,0.007,0.063,0.057,0.005,0.000,0.305,0.042,0.149,0.021,0.202,0.000,0.000,0.023,0.082,0.032,0.826,0.062,0.588,0.574,0.566,0.316,0.088,0.054,0.046,0.088,0.169,0.239
high-democratic-mandate,High Democratic Mandate,"Popular, high-mandate laws create accountability pressure against invalidation.",1.000,high-mandate synthetic legislature,recusal-and-emergency-reform,Peer recusal + reasoned emergency docket,5120,0.904,0.618,0.286,0.493,0.591,0.501,0.425,0.166,0.100,0.632,0.522,0.356,0.200,0.556,0.426,0.367,0.185,0.391,0.141,0.010,0.435,0.247,0.288,0.064,0.655,0.287,0.408,0.609,0.618,0.729,0.780,0.719,0.850,0.710,0.570,0.636,0.032,0.067,0.182,0.650,0.013,0.373,0.613,0.769,0.226,0.061,0.513,0.360,0.254,0.000,0.360,0.008,0.246,0.000,0.055,0.000,0.090,0.111,0.763,0.280,0.382,0.618,0.000,0.000,0.000,0.000,0.000,0.000,0.000,0.000,0.183,0.072,0.354,0.522,0.068,0.430,0.119,0.035,0.249,0.171,0.271,0.024,0.081,0.018,0.000,0.001,0.103,0.000,0.005,0.057,0.061,0.006,0.000,0.305,0.061,0.225,0.021,0.275,0.000,0.000,0.040,0.093,0.044,0.820,0.057,0.589,0.574,0.582,0.316,0.088,0.054,0.046,0.088,0.169,0.239
high-democratic-mandate,High Democratic Mandate,"Popular, high-mandate laws create accountability pressure against invalidation.",1.000,high-mandate synthetic legislature,panel-en-banc,Three-judge panels with en banc correction,5120,0.918,0.643,0.274,0.515,0.591,0.531,0.425,0.166,0.100,0.632,0.522,0.356,0.199,0.556,0.426,0.367,0.185,0.361,0.141,0.011,0.435,0.247,0.288,0.066,0.657,0.288,0.516,0.609,0.618,0.731,0.779,0.721,0.860,0.710,0.568,0.640,0.037,0.069,0.189,0.715,0.013,0.380,0.622,0.775,0.241,0.065,0.538,0.377,0.274,0.000,0.377,0.012,0.262,0.000,0.483,0.000,0.323,0.075,0.700,0.243,0.766,0.234,0.000,0.000,0.000,0.000,0.000,0.000,0.000,0.000,0.177,0.073,0.358,0.482,0.072,0.445,0.128,0.042,0.268,0.188,0.208,0.026,0.092,0.018,0.000,0.003,0.086,0.000,0.006,0.064,0.057,0.008,0.000,0.305,0.064,0.219,0.066,0.322,0.034,0.048,0.053,0.098,0.047,0.834,0.059,0.587,0.575,0.651,0.316,0.088,0.054,0.046,0.088,0.169,0.239
high-democratic-mandate,High Democratic Mandate,"Popular, high-mandate laws create accountability pressure against invalidation.",1.000,high-mandate synthetic legislature,cross-checking-courts,Supreme court with cross-checking constitutional court,5120,0.914,0.646,0.268,0.520,0.591,0.551,0.425,0.166,0.100,0.632,0.522,0.356,0.180,0.556,0.426,0.367,0.185,0.392,0.141,0.011,0.435,0.247,0.288,0.069,0.675,0.273,0.415,0.609,0.600,0.728,0.782,0.708,0.853,0.701,0.547,0.632,0.012,0.062,0.198,0.665,0.009,0.412,0.618,0.772,0.317,0.045,0.512,0.386,0.181,0.000,0.386,0.016,0.165,0.205,0.088,0.000,0.106,0.116,0.760,0.294,0.354,0.646,0.167,0.000,0.000,0.000,0.000,0.000,0.000,0.000,0.182,0.066,0.399,0.498,0.067,0.449,0.123,0.035,0.280,0.185,0.209,0.018,0.083,0.014,0.000,0.004,0.111,0.000,0.006,0.058,0.067,0.009,0.000,0.305,0.045,0.164,0.010,0.193,0.034,0.000,0.030,0.094,0.034,0.821,0.065,0.587,0.552,0.600,0.316,0.088,0.054,0.046,0.088,0.169,0.239
high-democratic-mandate,High Democratic Mandate,"Popular, high-mandate laws create accountability pressure against invalidation.",1.000,high-mandate synthetic legislature,dual-supreme-courts,Dual supreme courts with disagreement filter,5120,0.916,0.638,0.278,0.513,0.591,0.533,0.425,0.166,0.100,0.632,0.522,0.356,0.201,0.556,0.426,0.367,0.185,0.391,0.141,0.011,0.435,0.247,0.288,0.077,0.655,0.272,0.419,0.609,0.593,0.719,0.782,0.698,0.837,0.693,0.540,0.647,0.011,0.059,0.196,0.668,0.015,0.417,0.622,0.769,0.354,0.077,0.512,0.381,0.184,0.000,0.381,0.016,0.167,0.197,0.088,0.000,0.103,0.112,0.778,0.294,0.362,0.638,0.172,0.000,0.000,0.000,0.000,0.000,0.000,0.000,0.188,0.091,0.397,0.519,0.074,0.434,0.128,0.039,0.276,0.189,0.218,0.023,0.085,0.018,0.000,0.005,0.105,0.000,0.007,0.063,0.069,0.009,0.000,0.305,0.076,0.280,0.135,0.305,0.000,0.000,0.033,0.103,0.056,0.806,0.063,0.579,0.543,0.604,0.316,0.088,0.054,0.046,0.088,0.169,0.239
high-democratic-mandate,High Democratic Mandate,"Popular, high-mandate laws create accountability pressure against invalidation.",1.000,high-mandate synthetic legislature,comparative-constitutional-senates,Comparative 16-seat constitutional senates,5120,0.906,0.604,0.302,0.475,0.591,0.490,0.425,0.166,0.100,0.632,0.522,0.356,0.202,0.556,0.426,0.367,0.185,0.421,0.141,0.009,0.435,0.247,0.288,0.067,0.653,0.272,0.552,0.609,0.609,0.728,0.771,0.718,0.853,0.705,0.570,0.624,0.017,0.058,0.184,0.686,0.010,0.371,0.605,0.772,0.264,0.040,0.471,0.356,0.168,0.000,0.356,0.017,0.151,0.188,0.461,0.000,0.127,0.108,0.746,0.259,0.775,0.225,0.000,0.000,0.000,0.000,0.000,0.000,0.000,0.000,0.179,0.064,0.394,0.476,0.067,0.410,0.118,0.033,0.266,0.176,0.197,0.025,0.082,0.017,0.000,0.003,0.083,0.000,0.006,0.058,0.064,0.007,0.000,0.305,0.040,0.150,0.004,0.172,0.000,0.000,0.030,0.080,0.031,0.824,0.061,0.587,0.576,0.627,0.316,0.088,0.054,0.046,0.088,0.169,0.239
high-democratic-mandate,High Democratic Mandate,"Popular, high-mandate laws create accountability pressure against invalidation.",1.000,high-mandate synthetic legislature,constitutional-council,Pre-enactment constitutional council,5120,0.912,0.650,0.262,0.520,0.591,0.548,0.425,0.166,0.100,0.632,0.522,0.356,0.198,0.556,0.426,0.367,0.185,0.382,0.141,0.011,0.435,0.247,0.288,0.073,0.693,0.289,0.463,0.609,0.613,0.735,0.784,0.724,0.862,0.711,0.576,0.639,0.025,0.070,0.187,0.724,0.011,0.388,0.632,0.782,0.290,0.057,0.538,0.374,0.263,0.000,0.374,0.005,0.258,0.000,0.321,0.000,0.125,0.074,0.725,0.269,0.766,0.234,0.000,0.228,0.000,0.000,0.030,0.003,0.021,0.000,0.182,0.082,0.361,0.485,0.096,0.439,0.136,0.042,0.278,0.193,0.210,0.016,0.063,0.014,0.193,0.001,0.071,0.000,0.008,0.070,0.063,0.007,0.000,0.305,0.056,0.195,0.049,0.292,0.034,0.000,0.030,0.095,0.040,0.833,0.058,0.590,0.583,0.663,0.316,0.088,0.054,0.046,0.088,0.169,0.239
high-democratic-mandate,High Democratic Mandate,"Popular, high-mandate laws create accountability pressure against invalidation.",1.000,high-mandate synthetic legislature,legislative-override,Judicial review with legislative supermajority override,5120,0.913,0.632,0.280,0.494,0.591,0.525,0.425,0.166,0.100,0.632,0.522,0.356,0.200,0.556,0.426,0.367,0.185,0.391,0.141,0.010,0.435,0.247,0.288,0.071,0.656,0.288,0.403,0.609,0.617,0.728,0.782,0.718,0.856,0.709,0.565,0.638,0.012,0.069,0.187,0.656,0.014,0.383,0.618,0.771,0.231,0.060,0.524,0.373,0.267,0.000,0.373,0.008,0.259,0.000,0.032,0.000,0.090,0.109,0.765,0.287,0.368,0.632,0.000,0.000,0.000,0.000,0.031,0.002,0.022,0.000,0.180,0.084,0.363,0.483,0.099,0.428,0.128,0.045,0.274,0.180,0.198,0.016,0.060,0.014,0.180,0.001,0.065,0.000,0.004,0.064,0.067,0.008,0.000,0.305,0.059,0.208,0.024,0.305,0.034,0.000,0.030,0.095,0.043,0.825,0.058,0.586,0.573,0.598,0.316,0.088,0.054,0.046,0.088,0.169,0.239
high-democratic-mandate,High Democratic Mandate,"Popular, high-mandate laws create accountability pressure against invalidation.",1.000,high-mandate synthetic legislature,accountability-retention-court,Retention-election accountability court,5120,0.917,0.646,0.271,0.517,0.591,0.538,0.425,0.166,0.100,0.632,0.522,0.356,0.199,0.556,0.426,0.367,0.185,0.392,0.141,0.012,0.435,0.247,0.288,0.069,0.657,0.289,0.405,0.609,0.617,0.728,0.781,0.720,0.860,0.712,0.564,0.635,0.026,0.070,0.189,0.661,0.012,0.386,0.623,0.771,0.226,0.057,0.538,0.374,0.263,0.000,0.374,0.006,0.257,0.000,0.039,0.000,0.116,0.319,0.777,0.358,0.354,0.646,0.000,0.000,0.000,0.000,0.032,0.012,0.000,0.000,0.181,0.078,0.369,0.485,0.082,0.441,0.130,0.043,0.285,0.196,0.205,0.016,0.058,0.015,0.196,0.001,0.063,0.000,0.004,0.066,0.062,0.006,0.000,0.305,0.057,0.203,0.063,0.262,0.034,0.000,0.013,0.095,0.039,0.821,0.058,0.587,0.574,0.601,0.316,0.088,0.054,0.046,0.088,0.169,0.239
high-democratic-mandate,High Democratic Mandate,"Popular, high-mandate laws create accountability pressure against invalidation.",1.000,high-mandate synthetic legislature,emergency-restraint-court,No emergency relief without merits review,5120,0.914,0.650,0.264,0.515,0.591,0.544,0.425,0.166,0.100,0.632,0.522,0.356,0.196,0.556,0.426,0.367,0.185,0.392,0.141,0.009,0.435,0.247,0.288,0.061,0.659,0.223,0.413,0.609,0.622,0.734,0.799,0.725,0.868,0.714,0.570,0.635,0.025,0.008,0.181,0.702,0.011,0.377,0.622,0.783,0.245,0.051,0.586,0.369,0.369,0.000,0.369,0.000,0.369,0.000,0.077,0.000,0.083,0.110,0.759,0.294,0.350,0.650,0.000,0.000,0.000,0.000,0.000,0.000,0.000,0.000,0.168,0.064,0.314,0.472,0.067,0.438,0.125,0.039,0.264,0.179,0.200,0.023,0.084,0.021,0.000,0.002,0.082,0.000,0.006,0.062,0.063,0.005,0.000,0.305,0.051,0.176,0.049,0.283,0.000,0.000,0.010,0.100,0.036,0.844,0.052,0.595,0.578,0.643,0.316,0.088,0.054,0.046,0.088,0.169,0.239
high-democratic-mandate,High Democratic Mandate,"Popular, high-mandate laws create accountability pressure against invalidation.",1.000,high-mandate synthetic legislature,randomized-merits-panels,Randomized merits panels with en banc correction,5120,0.918,0.645,0.272,0.516,0.591,0.541,0.425,0.166,0.100,0.632,0.522,0.356,0.198,0.556,0.426,0.367,0.185,0.362,0.141,0.009,0.435,0.247,0.288,0.062,0.657,0.287,0.549,0.609,0.617,0.731,0.777,0.721,0.860,0.711,0.569,0.640,0.037,0.070,0.192,0.719,0.012,0.380,0.622,0.775,0.249,0.062,0.540,0.382,0.274,0.000,0.382,0.010,0.263,0.000,0.518,0.000,0.127,0.074,0.705,0.244,0.772,0.228,0.000,0.000,0.000,0.000,0.000,0.000,0.000,0.000,0.177,0.070,0.351,0.484,0.074,0.439,0.131,0.045,0.258,0.192,0.209,0.027,0.086,0.024,0.000,0.001,0.092,0.000,0.006,0.063,0.059,0.004,0.000,0.305,0.061,0.230,0.052,0.253,0.000,0.000,0.010,0.097,0.045,0.833,0.059,0.588,0.574,0.654,0.316,0.088,0.054,0.046,0.088,0.169,0.239
high-democratic-mandate,High Democratic Mandate,"Popular, high-mandate laws create accountability pressure against invalidation.",1.000,high-mandate synthetic legislature,mandatory-written-emergency-reasoning,Mandatory written emergency reasoning,5120,0.918,0.623,0.295,0.494,0.591,0.524,0.425,0.166,0.100,0.632,0.522,0.356,0.198,0.556,0.426,0.367,0.185,0.391,0.141,0.010,0.435,0.247,0.288,0.058,0.656,0.260,0.404,0.609,0.619,0.730,0.786,0.720,0.854,0.709,0.571,0.639,0.032,0.036,0.183,0.657,0.014,0.376,0.616,0.773,0.238,0.066,0.523,0.359,0.232,0.000,0.359,0.017,0.215,0.000,0.035,0.000,0.090,0.111,0.760,0.284,0.377,0.623,0.000,0.000,0.000,0.000,0.000,0.000,0.000,0.000,0.186,0.073,0.369,0.532,0.070,0.432,0.116,0.034,0.271,0.178,0.287,0.022,0.075,0.018,0.000,0.002,0.109,0.000,0.005,0.058,0.056,0.005,0.000,0.305,0.066,0.239,0.035,0.300,0.000,0.048,0.023,0.093,0.049,0.826,0.059,0.590,0.575,0.586,0.316,0.088,0.054,0.046,0.088,0.169,0.239
high-democratic-mandate,High Democratic Mandate,"Popular, high-mandate laws create accountability pressure against invalidation.",1.000,high-mandate synthetic legislature,automatic-merits-follow-up,Automatic merits follow-up for emergency relief,5120,0.922,0.635,0.287,0.506,0.591,0.530,0.425,0.166,0.100,0.632,0.522,0.356,0.197,0.556,0.426,0.367,0.185,0.391,0.141,0.009,0.435,0.247,0.288,0.063,0.659,0.243,0.404,0.609,0.619,0.732,0.792,0.721,0.860,0.708,0.570,0.642,0.033,0.014,0.181,0.686,0.015,0.378,0.620,0.777,0.261,0.070,0.577,0.368,0.368,0.000,0.368,0.017,0.368,0.000,0.035,0.000,0.089,0.113,0.760,0.289,0.365,0.635,0.000,0.000,0.000,0.000,0.000,0.000,0.000,0.000,0.184,0.075,0.321,0.529,0.073,0.437,0.124,0.040,0.259,0.190,0.294,0.024,0.081,0.019,0.000,0.002,0.115,0.000,0.004,0.062,0.057,0.007,0.000,0.305,0.069,0.250,0.042,0.330,0.034,0.000,0.023,0.104,0.052,0.833,0.070,0.594,0.572,0.614,0.316,0.088,0.054,0.046,0.088,0.169,0.239
high-democratic-mandate,High Democratic Mandate,"Popular, high-mandate laws create accountability pressure against invalidation.",1.000,high-mandate synthetic legislature,strong-recusal-enforcement,Independent recusal enforcement with substitutes,5120,0.916,0.648,0.269,0.523,0.591,0.542,0.425,0.166,0.100,0.632,0.522,0.356,0.199,0.556,0.426,0.367,0.185,0.392,0.141,0.010,0.435,0.247,0.288,0.069,0.657,0.288,0.416,0.609,0.616,0.729,0.782,0.719,0.858,0.710,0.566,0.642,0.021,0.071,0.192,0.676,0.014,0.383,0.623,0.772,0.251,0.067,0.541,0.383,0.278,0.000,0.383,0.009,0.269,0.000,0.079,0.000,0.098,0.112,0.775,0.298,0.352,0.648,0.000,0.000,0.000,0.000,0.000,0.000,0.000,0.000,0.181,0.077,0.359,0.489,0.071,0.441,0.130,0.040,0.273,0.185,0.214,0.025,0.091,0.018,0.000,0.001,0.098,0.000,0.007,0.065,0.057,0.007,0.000,0.305,0.066,0.239,0.021,0.330,0.000,0.000,0.010,0.099,0.048,0.826,0.059,0.586,0.571,0.612,0.316,0.088,0.054,0.046,0.088,0.169,0.239
high-democratic-mandate,High Democratic Mandate,"Popular, high-mandate laws create accountability pressure against invalidation.",1.000,high-mandate synthetic legislature,jurisdiction-stripping-constraints,Jurisdiction stripping constrained by rights carveouts,5120,0.920,0.647,0.273,0.504,0.591,0.545,0.425,0.166,0.100,0.632,0.522,0.356,0.197,0.556,0.426,0.367,0.185,0.341,0.141,0.011,0.435,0.247,0.288,0.061,0.686,0.288,0.404,0.609,0.624,0.734,0.789,0.721,0.859,0.710,0.571,0.641,0.012,0.069,0.189,0.662,0.013,0.382,0.624,0.779,0.226,0.064,0.533,0.375,0.269,0.000,0.375,0.008,0.260,0.000,0.035,0.000,0.085,0.114,0.761,0.295,0.353,0.647,0.000,0.000,0.000,0.000,0.033,0.000,0.000,0.000,0.173,0.083,0.357,0.484,0.092,0.445,0.126,0.039,0.271,0.202,0.206,0.028,0.111,0.023,0.000,0.001,0.000,0.000,0.007,0.066,0.065,0.006,0.000,0.305,0.064,0.225,0.063,0.318,0.000,0.048,0.030,0.097,0.046,0.827,0.058,0.591,0.592,0.610,0.316,0.088,0.054,0.046,0.088,0.169,0.239
high-democratic-mandate,High Democratic Mandate,"Popular, high-mandate laws create accountability pressure against invalidation.",1.000,high-mandate synthetic legislature,legislative-override-window,Time-limited legislative override window,5120,0.914,0.648,0.266,0.522,0.591,0.541,0.425,0.166,0.100,0.632,0.522,0.356,0.199,0.556,0.426,0.367,0.185,0.392,0.141,0.011,0.435,0.247,0.288,0.069,0.656,0.288,0.404,0.609,0.618,0.729,0.783,0.719,0.859,0.709,0.565,0.643,0.012,0.069,0.185,0.660,0.015,0.387,0.624,0.773,0.234,0.065,0.532,0.368,0.259,0.000,0.368,0.009,0.250,0.000,0.035,0.000,0.086,0.113,0.763,0.294,0.352,0.648,0.000,0.000,0.000,0.000,0.033,0.003,0.025,0.000,0.183,0.087,0.355,0.492,0.103,0.430,0.140,0.049,0.265,0.195,0.218,0.017,0.063,0.019,0.195,0.002,0.067,0.000,0.007,0.074,0.061,0.004,0.000,0.305,0.064,0.225,0.042,0.326,0.034,0.000,0.030,0.097,0.046,0.827,0.057,0.585,0.571,0.601,0.316,0.088,0.054,0.046,0.088,0.169,0.239
high-democratic-mandate,High Democratic Mandate,"Popular, high-mandate laws create accountability pressure against invalidation.",1.000,high-mandate synthetic legislature,constitutional-remand,Constitutional remand before invalidation,5120,0.920,0.672,0.248,0.540,0.591,0.572,0.425,0.166,0.100,0.632,0.522,0.356,0.167,0.556,0.426,0.367,0.185,0.352,0.141,0.011,0.435,0.247,0.288,0.069,0.667,0.288,0.407,0.609,0.613,0.739,0.789,0.729,0.871,0.716,0.579,0.640,0.023,0.071,0.195,0.691,0.008,0.385,0.639,0.780,0.313,0.046,0.562,0.393,0.285,0.000,0.393,0.006,0.279,0.000,0.048,0.000,0.103,0.076,0.772,0.295,0.328,0.672,0.000,0.263,0.018,0.000,0.025,0.003,0.018,0.000,0.175,0.070,0.357,0.470,0.092,0.455,0.132,0.044,0.280,0.203,0.201,0.018,0.063,0.017,0.203,0.001,0.058,0.000,0.005,0.065,0.061,0.007,0.000,0.305,0.055,0.190,0.051,0.296,0.000,0.000,0.010,0.095,0.037,0.838,0.060,0.594,0.591,0.631,0.316,0.088,0.054,0.046,0.088,0.169,0.239
high-democratic-mandate,High Democratic Mandate,"Popular, high-mandate laws create accountability pressure against invalidation.",1.000,high-mandate synthetic legislature,public-interest-litigation-filter,Public-interest litigation filter,5120,0.919,0.673,0.246,0.538,0.591,0.563,0.425,0.166,0.100,0.632,0.522,0.356,0.198,0.556,0.426,0.367,0.185,0.308,0.141,0.008,0.435,0.247,0.288,0.069,0.658,0.289,0.407,0.609,0.617,0.729,0.789,0.718,0.863,0.708,0.563,0.650,0.024,0.074,0.202,0.678,0.016,0.391,0.632,0.772,0.262,0.078,0.564,0.400,0.284,0.000,0.400,0.010,0.273,0.000,0.047,0.000,0.090,0.113,0.755,0.305,0.327,0.673,0.000,0.000,0.000,0.080,0.000,0.000,0.000,0.000,0.178,0.078,0.366,0.489,0.071,0.461,0.130,0.039,0.287,0.189,0.216,0.027,0.091,0.019,0.000,0.001,0.103,0.000,0.004,0.065,0.063,0.009,0.000,0.305,0.077,0.280,0.063,0.352,0.034,0.095,0.020,0.105,0.056,0.830,0.063,0.584,0.569,0.611,0.316,0.088,0.054,0.046,0.088,0.169,0.239
high-democratic-mandate,High Democratic Mandate,"Popular, high-mandate laws create accountability pressure against invalidation.",1.000,high-mandate synthetic legislature,emergency-integrity-package,Emergency integrity package,5120,0.911,0.646,0.265,0.514,0.591,0.528,0.425,0.166,0.100,0.632,0.522,0.356,0.196,0.556,0.426,0.367,0.185,0.392,0.141,0.012,0.435,0.247,0.288,0.059,0.659,0.243,0.416,0.609,0.614,0.733,0.795,0.725,0.868,0.714,0.570,0.632,0.020,0.014,0.180,0.702,0.011,0.379,0.619,0.781,0.287,0.047,0.579,0.366,0.366,0.000,0.366,0.019,0.366,0.000,0.077,0.000,0.093,0.112,0.778,0.299,0.354,0.646,0.000,0.000,0.000,0.000,0.000,0.000,0.000,0.000,0.172,0.060,0.323,0.474,0.068,0.448,0.124,0.037,0.263,0.188,0.200,0.026,0.087,0.019,0.000,0.001,0.087,0.000,0.005,0.063,0.055,0.005,0.000,0.305,0.047,0.162,0.045,0.245,0.034,0.000,0.013,0.099,0.036,0.840,0.070,0.595,0.578,0.643,0.316,0.088,0.054,0.046,0.088,0.169,0.239
high-democratic-mandate,High Democratic Mandate,"Popular, high-mandate laws create accountability pressure against invalidation.",1.000,high-mandate synthetic legislature,remand-override-window-package,Constitutional remand with override window,5120,0.914,0.673,0.241,0.539,0.591,0.565,0.425,0.166,0.100,0.632,0.522,0.356,0.166,0.556,0.426,0.367,0.185,0.352,0.141,0.009,0.435,0.247,0.288,0.069,0.668,0.261,0.407,0.609,0.610,0.739,0.794,0.730,0.873,0.716,0.579,0.641,0.022,0.039,0.203,0.700,0.010,0.387,0.639,0.783,0.350,0.046,0.573,0.400,0.245,0.000,0.400,0.013,0.232,0.000,0.046,0.000,0.116,0.074,0.769,0.295,0.327,0.673,0.000,0.274,0.020,0.000,0.023,0.002,0.016,0.000,0.176,0.068,0.375,0.481,0.085,0.469,0.131,0.038,0.286,0.192,0.221,0.021,0.067,0.014,0.192,0.001,0.068,0.000,0.007,0.067,0.056,0.007,0.000,0.305,0.056,0.197,0.052,0.288,0.000,0.000,0.021,0.093,0.039,0.843,0.064,0.595,0.590,0.637,0.316,0.088,0.054,0.046,0.088,0.169,0.239
high-democratic-mandate,High Democratic Mandate,"Popular, high-mandate laws create accountability pressure against invalidation.",1.000,high-mandate synthetic legislature,panel-jurisdiction-safeguards,Random panels with jurisdiction safeguards,5120,0.918,0.654,0.264,0.521,0.591,0.552,0.425,0.166,0.100,0.632,0.522,0.356,0.199,0.556,0.426,0.367,0.185,0.312,0.141,0.015,0.435,0.247,0.288,0.071,0.685,0.272,0.582,0.609,0.615,0.733,0.780,0.718,0.863,0.701,0.567,0.639,0.035,0.060,0.195,0.716,0.012,0.386,0.624,0.779,0.277,0.059,0.512,0.377,0.176,0.000,0.377,0.017,0.159,0.201,0.542,0.000,0.128,0.077,0.718,0.250,0.763,0.237,0.000,0.000,0.000,0.000,0.029,0.000,0.000,0.000,0.174,0.078,0.390,0.488,0.086,0.452,0.129,0.040,0.274,0.198,0.222,0.030,0.115,0.023,0.000,0.002,0.000,0.000,0.006,0.069,0.056,0.006,0.000,0.305,0.059,0.215,0.063,0.253,0.034,0.017,0.043,0.091,0.044,0.835,0.064,0.585,0.589,0.659,0.316,0.088,0.054,0.046,0.088,0.169,0.239
high-democratic-mandate,High Democratic Mandate,"Popular, high-mandate laws create accountability pressure against invalidation.",1.000,high-mandate synthetic legislature,council-concrete-hybrid,Constitutional council with concrete-review backstop,5120,0.918,0.642,0.276,0.516,0.591,0.546,0.425,0.166,0.100,0.632,0.522,0.356,0.195,0.556,0.426,0.367,0.185,0.381,0.141,0.012,0.435,0.247,0.288,0.054,0.693,0.288,0.506,0.609,0.611,0.737,0.783,0.728,0.863,0.715,0.583,0.631,0.016,0.069,0.190,0.725,0.008,0.380,0.627,0.784,0.305,0.043,0.539,0.381,0.271,0.000,0.381,0.006,0.265,0.000,0.406,0.000,0.124,0.113,0.753,0.280,0.766,0.234,0.000,0.224,0.000,0.000,0.021,0.002,0.016,0.000,0.176,0.067,0.352,0.474,0.087,0.433,0.129,0.038,0.275,0.187,0.200,0.018,0.065,0.013,0.187,0.002,0.064,0.000,0.006,0.068,0.066,0.006,0.000,0.305,0.043,0.159,0.045,0.176,0.000,0.048,0.010,0.091,0.031,0.832,0.058,0.597,0.592,0.666,0.316,0.088,0.054,0.046,0.088,0.169,0.239
constitutional-conflict,Constitutional Conflict,"Polarized laws, executive defiance, and public attention raise court-legislature conflict.",1.000,conflict synthetic legislature,current-us-like,Stylized current U.S.-like supreme court,5120,0.946,0.747,0.199,0.598,0.526,0.639,0.374,0.153,0.107,0.829,0.656,0.487,0.429,0.673,0.511,0.369,0.222,0.535,0.118,0.002,0.536,0.270,0.503,0.293,0.484,0.620,0.543,0.668,0.502,0.569,0.587,0.549,0.728,0.590,0.312,0.671,0.105,0.449,0.464,0.465,0.071,0.670,0.637,0.583,0.204,0.156,0.375,0.662,0.116,0.116,0.000,0.116,0.000,0.000,0.023,0.000,0.055,0.300,0.496,0.359,0.253,0.747,0.000,0.000,0.000,0.000,0.000,0.000,0.000,0.000,0.366,0.243,0.838,0.822,0.115,0.393,0.266,0.118,0.517,0.279,0.469,0.023,0.125,0.063,0.000,0.068,0.143,0.000,0.003,0.131,0.142,0.060,0.017,0.436,0.240,0.601,0.395,0.900,0.497,0.385,0.233,0.141,0.127,0.632,0.265,0.387,0.303,0.326,0.248,0.070,0.049,0.106,0.103,0.168,0.258
constitutional-conflict,Constitutional Conflict,"Polarized laws, executive defiance, and public attention raise court-legislature conflict.",1.000,conflict synthetic legislature,term-limited-balanced,18-year staggered terms + regular appointments,5120,0.938,0.739,0.199,0.592,0.526,0.633,0.374,0.153,0.107,0.829,0.656,0.487,0.415,0.673,0.511,0.369,0.222,0.495,0.118,0.002,0.536,0.270,0.503,0.255,0.497,0.454,0.553,0.668,0.520,0.581,0.676,0.555,0.724,0.586,0.336,0.653,0.107,0.160,0.349,0.662,0.116,0.628,0.659,0.656,0.255,0.243,0.604,0.620,0.473,0.000,0.620,0.104,0.369,0.000,0.067,0.000,0.117,0.104,0.488,0.291,0.261,0.739,0.000,0.000,0.000,0.000,0.000,0.000,0.000,0.000,0.328,0.274,0.614,0.814,0.120,0.382,0.263,0.117,0.479,0.274,0.458,0.026,0.127,0.059,0.000,0.057,0.145,0.000,0.003,0.122,0.155,0.059,0.015,0.436,0.209,0.534,0.381,0.696,0.356,0.320,0.264,0.180,0.184,0.680,0.165,0.423,0.323,0.536,0.248,0.070,0.049,0.106,0.103,0.168,0.258
constitutional-conflict,Constitutional Conflict,"Polarized laws, executive defiance, and public attention raise court-legislature conflict.",1.000,conflict synthetic legislature,nonpartisan-commission,Nonpartisan commission appointments,5120,0.942,0.763,0.179,0.619,0.526,0.653,0.374,0.153,0.107,0.829,0.656,0.487,0.415,0.673,0.511,0.369,0.222,0.496,0.118,0.002,0.536,0.270,0.503,0.272,0.499,0.455,0.559,0.668,0.514,0.578,0.679,0.545,0.713,0.580,0.325,0.666,0.071,0.165,0.361,0.691,0.118,0.642,0.670,0.660,0.288,0.262,0.638,0.646,0.496,0.000,0.646,0.113,0.384,0.000,0.090,0.000,0.107,0.107,0.482,0.285,0.237,0.763,0.000,0.000,0.000,0.000,0.000,0.000,0.000,0.000,0.326,0.281,0.619,0.777,0.126,0.403,0.269,0.119,0.500,0.305,0.359,0.027,0.129,0.058,0.000,0.062,0.157,0.000,0.001,0.129,0.152,0.057,0.016,0.436,0.232,0.607,0.465,0.696,0.430,0.295,0.271,0.190,0.199,0.670,0.172,0.416,0.311,0.573,0.248,0.070,0.049,0.106,0.103,0.168,0.258
constitutional-conflict,Constitutional Conflict,"Polarized laws, executive defiance, and public attention raise court-legislature conflict.",1.000,conflict synthetic legislature,expanded-court-fifteen,Expanded 15-seat court,5120,0.939,0.742,0.196,0.593,0.526,0.633,0.374,0.153,0.107,0.829,0.656,0.487,0.416,0.673,0.511,0.369,0.222,0.495,0.118,0.003,0.536,0.270,0.503,0.271,0.498,0.455,0.564,0.668,0.511,0.579,0.678,0.553,0.723,0.586,0.332,0.655,0.062,0.161,0.357,0.685,0.110,0.631,0.660,0.660,0.298,0.242,0.606,0.623,0.470,0.000,0.623,0.111,0.360,0.000,0.068,0.000,0.103,0.400,0.521,0.403,0.258,0.742,0.000,0.000,0.000,0.000,0.000,0.000,0.000,0.000,0.330,0.275,0.623,0.807,0.124,0.386,0.263,0.122,0.492,0.284,0.443,0.025,0.123,0.062,0.000,0.056,0.153,0.000,0.002,0.116,0.159,0.060,0.018,0.436,0.210,0.534,0.427,0.696,0.403,0.257,0.244,0.180,0.185,0.668,0.168,0.419,0.318,0.562,0.248,0.070,0.049,0.106,0.103,0.168,0.258
constitutional-conflict,Constitutional Conflict,"Polarized laws, executive defiance, and public attention raise court-legislature conflict.",1.000,conflict synthetic legislature,supermajority-review,60 percent invalidation threshold,5120,0.936,0.737,0.199,0.583,0.526,0.611,0.374,0.153,0.107,0.829,0.656,0.487,0.418,0.673,0.511,0.369,0.222,0.495,0.118,0.002,0.536,0.270,0.503,0.263,0.494,0.441,0.553,0.668,0.522,0.592,0.671,0.576,0.786,0.588,0.334,0.637,0.103,0.147,0.365,0.644,0.086,0.628,0.645,0.648,0.252,0.182,0.555,0.629,0.387,0.000,0.629,0.187,0.200,0.242,0.065,0.000,0.052,0.105,0.490,0.288,0.263,0.737,0.000,0.000,0.000,0.000,0.000,0.000,0.000,0.000,0.329,0.241,0.665,0.798,0.120,0.395,0.258,0.116,0.484,0.289,0.448,0.027,0.125,0.061,0.000,0.054,0.152,0.000,0.002,0.125,0.145,0.052,0.013,0.436,0.165,0.434,0.291,0.552,0.255,0.205,0.186,0.152,0.159,0.739,0.187,0.420,0.322,0.515,0.248,0.070,0.049,0.106,0.103,0.168,0.258
constitutional-conflict,Constitutional Conflict,"Polarized laws, executive defiance, and public attention raise court-legislature conflict.",1.000,conflict synthetic legislature,recusal-and-emergency-reform,Peer recusal + reasoned emergency docket,5120,0.940,0.739,0.202,0.595,0.526,0.627,0.374,0.153,0.107,0.829,0.656,0.487,0.415,0.673,0.511,0.369,0.222,0.495,0.118,0.001,0.536,0.270,0.503,0.266,0.498,0.454,0.563,0.668,0.515,0.582,0.675,0.555,0.726,0.586,0.333,0.655,0.107,0.161,0.351,0.676,0.111,0.630,0.660,0.656,0.289,0.244,0.612,0.625,0.472,0.000,0.625,0.110,0.362,0.000,0.108,0.000,0.107,0.102,0.489,0.286,0.261,0.739,0.000,0.000,0.000,0.000,0.000,0.000,0.000,0.000,0.329,0.271,0.627,0.814,0.122,0.398,0.257,0.117,0.484,0.277,0.454,0.025,0.126,0.058,0.000,0.060,0.149,0.000,0.002,0.128,0.141,0.061,0.014,0.436,0.214,0.528,0.423,0.700,0.369,0.320,0.322,0.180,0.186,0.683,0.169,0.421,0.322,0.549,0.248,0.070,0.049,0.106,0.103,0.168,0.258
constitutional-conflict,Constitutional Conflict,"Polarized laws, executive defiance, and public attention raise court-legislature conflict.",1.000,conflict synthetic legislature,panel-en-banc,Three-judge panels with en banc correction,5120,0.937,0.749,0.188,0.599,0.526,0.633,0.374,0.153,0.107,0.829,0.656,0.487,0.415,0.673,0.511,0.369,0.222,0.465,0.118,0.003,0.536,0.270,0.503,0.262,0.497,0.454,0.664,0.668,0.515,0.585,0.675,0.559,0.737,0.588,0.333,0.654,0.102,0.164,0.350,0.725,0.105,0.631,0.660,0.661,0.300,0.235,0.604,0.626,0.469,0.000,0.626,0.120,0.349,0.000,0.439,0.000,0.410,0.071,0.454,0.243,0.655,0.345,0.000,0.000,0.000,0.000,0.000,0.000,0.000,0.000,0.318,0.264,0.618,0.768,0.120,0.397,0.254,0.112,0.480,0.290,0.356,0.029,0.123,0.055,0.000,0.058,0.157,0.000,0.003,0.123,0.147,0.053,0.013,0.436,0.206,0.525,0.379,0.711,0.403,0.262,0.233,0.178,0.182,0.697,0.170,0.420,0.320,0.605,0.248,0.070,0.049,0.106,0.103,0.168,0.258
constitutional-conflict,Constitutional Conflict,"Polarized laws, executive defiance, and public attention raise court-legislature conflict.",1.000,conflict synthetic legislature,cross-checking-courts,Supreme court with cross-checking constitutional court,5120,0.941,0.757,0.184,0.612,0.526,0.648,0.374,0.153,0.107,0.829,0.656,0.487,0.397,0.673,0.511,0.369,0.222,0.496,0.118,0.003,0.536,0.270,0.503,0.279,0.516,0.441,0.581,0.668,0.495,0.593,0.676,0.568,0.794,0.592,0.301,0.620,0.047,0.147,0.370,0.698,0.060,0.673,0.636,0.656,0.391,0.142,0.580,0.643,0.400,0.000,0.643,0.189,0.210,0.243,0.180,0.000,0.144,0.110,0.498,0.288,0.243,0.757,0.245,0.000,0.000,0.000,0.000,0.000,0.000,0.000,0.324,0.228,0.662,0.778,0.116,0.408,0.267,0.121,0.495,0.290,0.373,0.024,0.129,0.058,0.000,0.058,0.154,0.000,0.002,0.129,0.146,0.061,0.015,0.436,0.125,0.332,0.266,0.363,0.215,0.098,0.151,0.153,0.131,0.746,0.191,0.421,0.293,0.580,0.248,0.070,0.049,0.106,0.103,0.168,0.258
constitutional-conflict,Constitutional Conflict,"Polarized laws, executive defiance, and public attention raise court-legislature conflict.",1.000,conflict synthetic legislature,dual-supreme-courts,Dual supreme courts with disagreement filter,5120,0.942,0.756,0.186,0.599,0.526,0.642,0.374,0.153,0.107,0.829,0.656,0.487,0.419,0.673,0.511,0.369,0.222,0.496,0.118,0.001,0.536,0.270,0.503,0.279,0.495,0.442,0.590,0.668,0.473,0.556,0.676,0.509,0.648,0.566,0.295,0.658,0.046,0.151,0.375,0.702,0.115,0.683,0.666,0.657,0.434,0.249,0.569,0.648,0.403,0.000,0.648,0.202,0.201,0.246,0.178,0.000,0.145,0.108,0.492,0.290,0.244,0.756,0.246,0.000,0.000,0.000,0.000,0.000,0.000,0.000,0.334,0.287,0.669,0.808,0.123,0.398,0.271,0.119,0.504,0.290,0.389,0.024,0.129,0.062,0.000,0.066,0.154,0.000,0.003,0.132,0.151,0.063,0.019,0.436,0.218,0.551,0.444,0.707,0.423,0.238,0.275,0.186,0.206,0.603,0.194,0.405,0.287,0.583,0.248,0.070,0.049,0.106,0.103,0.168,0.258
constitutional-conflict,Constitutional Conflict,"Polarized laws, executive defiance, and public attention raise court-legislature conflict.",1.000,conflict synthetic legislature,comparative-constitutional-senates,Comparative 16-seat constitutional senates,5120,0.945,0.738,0.206,0.590,0.526,0.622,0.374,0.153,0.107,0.829,0.656,0.487,0.417,0.673,0.511,0.369,0.222,0.525,0.118,0.002,0.536,0.270,0.503,0.263,0.495,0.442,0.710,0.668,0.510,0.595,0.666,0.582,0.800,0.592,0.333,0.633,0.060,0.149,0.369,0.721,0.078,0.629,0.641,0.659,0.337,0.163,0.557,0.637,0.391,0.000,0.637,0.194,0.196,0.246,0.430,0.000,0.161,0.108,0.488,0.273,0.652,0.348,0.000,0.000,0.000,0.000,0.000,0.000,0.000,0.000,0.321,0.227,0.671,0.757,0.114,0.399,0.252,0.117,0.492,0.274,0.355,0.030,0.121,0.059,0.000,0.054,0.147,0.000,0.002,0.125,0.137,0.051,0.016,0.436,0.152,0.408,0.284,0.500,0.242,0.164,0.147,0.146,0.148,0.752,0.190,0.421,0.323,0.604,0.248,0.070,0.049,0.106,0.103,0.168,0.258
constitutional-conflict,Constitutional Conflict,"Polarized laws, executive defiance, and public attention raise court-legislature conflict.",1.000,conflict synthetic legislature,constitutional-council,Pre-enactment constitutional council,5120,0.940,0.752,0.188,0.601,0.526,0.639,0.374,0.153,0.107,0.829,0.656,0.487,0.413,0.673,0.511,0.369,0.222,0.485,0.118,0.002,0.536,0.270,0.503,0.272,0.548,0.454,0.611,0.668,0.510,0.595,0.684,0.573,0.765,0.587,0.349,0.655,0.088,0.162,0.351,0.761,0.100,0.651,0.688,0.675,0.389,0.217,0.618,0.633,0.480,0.000,0.633,0.100,0.380,0.000,0.308,0.000,0.162,0.071,0.500,0.267,0.645,0.355,0.000,0.660,0.000,0.000,0.138,0.033,0.080,0.010,0.328,0.294,0.617,0.776,0.212,0.378,0.291,0.143,0.487,0.309,0.366,0.015,0.075,0.043,0.309,0.032,0.091,0.000,0.002,0.140,0.151,0.052,0.017,0.436,0.196,0.518,0.346,0.670,0.349,0.238,0.190,0.175,0.161,0.723,0.167,0.425,0.334,0.649,0.248,0.070,0.049,0.106,0.103,0.168,0.258
constitutional-conflict,Constitutional Conflict,"Polarized laws, executive defiance, and public attention raise court-legislature conflict.",1.000,conflict synthetic legislature,legislative-override,Judicial review with legislative supermajority override,5120,0.938,0.753,0.185,0.603,0.526,0.646,0.374,0.153,0.107,0.829,0.656,0.487,0.418,0.673,0.511,0.369,0.222,0.496,0.118,0.002,0.536,0.270,0.503,0.287,0.498,0.454,0.554,0.668,0.510,0.576,0.678,0.545,0.726,0.579,0.312,0.663,0.043,0.166,0.361,0.681,0.113,0.661,0.669,0.659,0.294,0.246,0.615,0.643,0.488,0.000,0.643,0.113,0.374,0.000,0.068,0.000,0.111,0.107,0.492,0.288,0.247,0.753,0.000,0.000,0.000,0.000,0.164,0.032,0.088,0.011,0.336,0.330,0.626,0.793,0.228,0.374,0.298,0.140,0.488,0.294,0.373,0.013,0.077,0.038,0.294,0.042,0.096,0.000,0.001,0.140,0.161,0.065,0.021,0.436,0.220,0.562,0.427,0.726,0.450,0.262,0.240,0.183,0.183,0.682,0.172,0.412,0.299,0.571,0.248,0.070,0.049,0.106,0.103,0.168,0.258
constitutional-conflict,Constitutional Conflict,"Polarized laws, executive defiance, and public attention raise court-legislature conflict.",1.000,conflict synthetic legislature,accountability-retention-court,Retention-election accountability court,5120,0.934,0.749,0.185,0.604,0.526,0.631,0.374,0.153,0.107,0.829,0.656,0.487,0.414,0.673,0.511,0.369,0.222,0.496,0.118,0.001,0.536,0.270,0.503,0.259,0.498,0.454,0.556,0.668,0.516,0.581,0.681,0.559,0.744,0.590,0.323,0.641,0.071,0.161,0.355,0.680,0.104,0.648,0.674,0.661,0.283,0.230,0.622,0.633,0.481,0.000,0.633,0.108,0.373,0.000,0.077,0.000,0.199,0.302,0.518,0.358,0.251,0.749,0.000,0.000,0.000,0.000,0.151,0.075,0.000,0.028,0.320,0.273,0.614,0.776,0.144,0.399,0.264,0.118,0.481,0.302,0.360,0.016,0.073,0.034,0.302,0.029,0.095,0.000,0.002,0.132,0.146,0.057,0.016,0.436,0.204,0.534,0.354,0.681,0.362,0.254,0.229,0.178,0.165,0.693,0.169,0.421,0.313,0.569,0.248,0.070,0.049,0.106,0.103,0.168,0.258
constitutional-conflict,Constitutional Conflict,"Polarized laws, executive defiance, and public attention raise court-legislature conflict.",1.000,conflict synthetic legislature,emergency-restraint-court,No emergency relief without merits review,5120,0.940,0.763,0.176,0.615,0.526,0.648,0.374,0.153,0.107,0.829,0.656,0.487,0.410,0.673,0.511,0.369,0.222,0.496,0.118,0.002,0.536,0.270,0.503,0.269,0.506,0.384,0.573,0.668,0.522,0.582,0.709,0.542,0.700,0.577,0.330,0.673,0.074,0.044,0.337,0.773,0.130,0.631,0.680,0.687,0.308,0.283,0.740,0.634,0.634,0.000,0.634,0.000,0.634,0.000,0.147,0.000,0.110,0.106,0.470,0.280,0.237,0.763,0.000,0.000,0.000,0.000,0.000,0.000,0.000,0.000,0.312,0.286,0.528,0.773,0.123,0.390,0.273,0.119,0.486,0.287,0.367,0.028,0.137,0.059,0.000,0.058,0.147,0.000,0.003,0.134,0.157,0.054,0.016,0.436,0.251,0.641,0.479,0.885,0.423,0.369,0.260,0.212,0.193,0.676,0.141,0.429,0.317,0.660,0.248,0.070,0.049,0.106,0.103,0.168,0.258
constitutional-conflict,Constitutional Conflict,"Polarized laws, executive defiance, and public attention raise court-legislature conflict.",1.000,conflict synthetic legislature,randomized-merits-panels,Randomized merits panels with en banc correction,5120,0.937,0.754,0.183,0.603,0.526,0.637,0.374,0.153,0.107,0.829,0.656,0.487,0.413,0.673,0.511,0.369,0.222,0.466,0.118,0.002,0.536,0.270,0.503,0.251,0.498,0.455,0.692,0.668,0.513,0.584,0.674,0.558,0.735,0.587,0.333,0.655,0.106,0.164,0.356,0.732,0.111,0.632,0.663,0.663,0.311,0.238,0.617,0.638,0.488,0.000,0.638,0.112,0.376,0.000,0.455,0.000,0.164,0.070,0.470,0.248,0.646,0.354,0.000,0.000,0.000,0.000,0.000,0.000,0.000,0.000,0.317,0.260,0.616,0.766,0.119,0.404,0.264,0.118,0.495,0.280,0.351,0.026,0.135,0.057,0.000,0.055,0.151,0.000,0.002,0.132,0.140,0.056,0.016,0.436,0.210,0.547,0.392,0.681,0.369,0.352,0.198,0.181,0.183,0.695,0.170,0.422,0.321,0.612,0.248,0.070,0.049,0.106,0.103,0.168,0.258
constitutional-conflict,Constitutional Conflict,"Polarized laws, executive defiance, and public attention raise court-legislature conflict.",1.000,conflict synthetic legislature,mandatory-written-emergency-reasoning,Mandatory written emergency reasoning,5120,0.940,0.741,0.199,0.585,0.526,0.628,0.374,0.153,0.107,0.829,0.656,0.487,0.415,0.673,0.511,0.369,0.222,0.495,0.118,0.002,0.536,0.270,0.503,0.256,0.497,0.429,0.553,0.668,0.516,0.584,0.680,0.560,0.741,0.587,0.334,0.650,0.105,0.113,0.360,0.670,0.110,0.633,0.658,0.658,0.302,0.237,0.605,0.622,0.441,0.000,0.622,0.189,0.252,0.000,0.066,0.000,0.120,0.106,0.488,0.290,0.259,0.741,0.000,0.000,0.000,0.000,0.000,0.000,0.000,0.000,0.330,0.264,0.639,0.812,0.123,0.393,0.258,0.112,0.486,0.298,0.453,0.025,0.126,0.055,0.000,0.056,0.152,0.000,0.002,0.128,0.146,0.053,0.017,0.436,0.205,0.516,0.437,0.652,0.403,0.295,0.240,0.171,0.195,0.699,0.185,0.422,0.321,0.542,0.248,0.070,0.049,0.106,0.103,0.168,0.258
constitutional-conflict,Constitutional Conflict,"Polarized laws, executive defiance, and public attention raise court-legislature conflict.",1.000,conflict synthetic legislature,automatic-merits-follow-up,Automatic merits follow-up for emergency relief,5120,0.936,0.749,0.188,0.589,0.526,0.638,0.374,0.153,0.107,0.829,0.656,0.487,0.411,0.673,0.511,0.369,0.222,0.495,0.118,0.001,0.536,0.270,0.503,0.267,0.505,0.403,0.554,0.668,0.511,0.569,0.701,0.522,0.645,0.569,0.333,0.676,0.101,0.055,0.330,0.737,0.149,0.632,0.681,0.680,0.325,0.318,0.727,0.616,0.616,0.000,0.616,0.211,0.616,0.000,0.069,0.000,0.105,0.104,0.466,0.285,0.251,0.749,0.000,0.000,0.000,0.000,0.000,0.000,0.000,0.000,0.326,0.315,0.535,0.828,0.133,0.377,0.279,0.130,0.468,0.294,0.467,0.026,0.129,0.067,0.000,0.063,0.155,0.000,0.002,0.131,0.159,0.059,0.019,0.436,0.271,0.669,0.515,0.930,0.550,0.443,0.326,0.219,0.254,0.619,0.152,0.427,0.317,0.613,0.248,0.070,0.049,0.106,0.103,0.168,0.258
constitutional-conflict,Constitutional Conflict,"Polarized laws, executive defiance, and public attention raise court-legislature conflict.",1.000,conflict synthetic legislature,strong-recusal-enforcement,Independent recusal enforcement with substitutes,5120,0.935,0.746,0.189,0.599,0.526,0.622,0.374,0.153,0.107,0.829,0.656,0.487,0.416,0.673,0.511,0.369,0.222,0.495,0.118,0.001,0.536,0.270,0.503,0.266,0.498,0.454,0.581,0.668,0.512,0.581,0.679,0.554,0.725,0.586,0.331,0.657,0.069,0.162,0.355,0.703,0.111,0.633,0.662,0.662,0.308,0.245,0.611,0.632,0.484,0.000,0.632,0.112,0.372,0.000,0.150,0.000,0.110,0.107,0.504,0.284,0.254,0.746,0.000,0.000,0.000,0.000,0.000,0.000,0.000,0.000,0.323,0.274,0.617,0.775,0.122,0.391,0.271,0.117,0.479,0.288,0.363,0.023,0.133,0.059,0.000,0.058,0.157,0.000,0.002,0.134,0.149,0.054,0.016,0.436,0.216,0.541,0.434,0.678,0.416,0.311,0.291,0.182,0.187,0.681,0.170,0.420,0.316,0.587,0.248,0.070,0.049,0.106,0.103,0.168,0.258
constitutional-conflict,Constitutional Conflict,"Polarized laws, executive defiance, and public attention raise court-legislature conflict.",1.000,conflict synthetic legislature,jurisdiction-stripping-constraints,Jurisdiction stripping constrained by rights carveouts,5120,0.937,0.748,0.190,0.604,0.526,0.631,0.374,0.153,0.107,0.829,0.656,0.487,0.415,0.673,0.511,0.369,0.222,0.445,0.118,0.000,0.536,0.270,0.503,0.273,0.528,0.454,0.553,0.668,0.519,0.584,0.687,0.550,0.725,0.583,0.323,0.662,0.042,0.163,0.357,0.682,0.110,0.646,0.670,0.668,0.284,0.249,0.619,0.638,0.487,0.000,0.638,0.112,0.375,0.000,0.066,0.000,0.111,0.105,0.493,0.284,0.252,0.748,0.000,0.000,0.000,0.000,0.167,0.000,0.000,0.000,0.320,0.330,0.616,0.777,0.202,0.376,0.285,0.133,0.486,0.302,0.353,0.030,0.214,0.076,0.000,0.060,0.000,0.000,0.002,0.138,0.156,0.056,0.018,0.436,0.221,0.563,0.448,0.707,0.383,0.262,0.298,0.183,0.190,0.682,0.169,0.421,0.322,0.584,0.248,0.070,0.049,0.106,0.103,0.168,0.258
constitutional-conflict,Constitutional Conflict,"Polarized laws, executive defiance, and public attention raise court-legislature conflict.",1.000,conflict synthetic legislature,legislative-override-window,Time-limited legislative override window,5120,0.944,0.753,0.191,0.597,0.526,0.644,0.374,0.153,0.107,0.829,0.656,0.487,0.417,0.673,0.511,0.369,0.222,0.495,0.118,0.001,0.536,0.270,0.503,0.279,0.499,0.454,0.554,0.668,0.512,0.579,0.680,0.550,0.734,0.582,0.316,0.662,0.043,0.165,0.360,0.684,0.113,0.657,0.667,0.661,0.294,0.239,0.621,0.645,0.490,0.000,0.645,0.110,0.380,0.000,0.070,0.000,0.111,0.109,0.500,0.289,0.247,0.753,0.000,0.000,0.000,0.000,0.163,0.034,0.090,0.000,0.333,0.316,0.618,0.785,0.232,0.379,0.293,0.153,0.486,0.298,0.372,0.017,0.078,0.048,0.298,0.039,0.088,0.000,0.002,0.149,0.148,0.057,0.019,0.436,0.213,0.550,0.381,0.704,0.423,0.279,0.252,0.182,0.178,0.690,0.171,0.415,0.303,0.575,0.248,0.070,0.049,0.106,0.103,0.168,0.258
constitutional-conflict,Constitutional Conflict,"Polarized laws, executive defiance, and public attention raise court-legislature conflict.",1.000,conflict synthetic legislature,constitutional-remand,Constitutional remand before invalidation,5120,0.937,0.785,0.152,0.638,0.526,0.666,0.374,0.153,0.107,0.829,0.656,0.487,0.382,0.673,0.511,0.369,0.222,0.457,0.118,0.000,0.536,0.270,0.503,0.289,0.525,0.456,0.561,0.668,0.511,0.603,0.686,0.585,0.796,0.598,0.345,0.656,0.068,0.169,0.367,0.740,0.086,0.653,0.692,0.671,0.419,0.189,0.643,0.658,0.500,0.000,0.658,0.114,0.386,0.000,0.094,0.000,0.150,0.071,0.502,0.285,0.215,0.785,0.000,0.737,0.057,0.000,0.127,0.028,0.074,0.009,0.325,0.267,0.619,0.763,0.196,0.409,0.288,0.138,0.509,0.321,0.378,0.015,0.085,0.038,0.321,0.032,0.093,0.000,0.002,0.134,0.161,0.057,0.014,0.436,0.194,0.501,0.407,0.598,0.348,0.227,0.237,0.170,0.160,0.749,0.175,0.427,0.333,0.626,0.248,0.070,0.049,0.106,0.103,0.168,0.258
constitutional-conflict,Constitutional Conflict,"Polarized laws, executive defiance, and public attention raise court-legislature conflict.",1.000,conflict synthetic legislature,public-interest-litigation-filter,Public-interest litigation filter,5120,0.934,0.791,0.142,0.634,0.526,0.683,0.374,0.153,0.107,0.829,0.656,0.487,0.414,0.673,0.511,0.369,0.222,0.415,0.118,0.002,0.536,0.270,0.503,0.271,0.500,0.456,0.561,0.668,0.512,0.581,0.684,0.551,0.738,0.582,0.319,0.672,0.074,0.172,0.376,0.700,0.115,0.650,0.675,0.659,0.329,0.253,0.655,0.675,0.511,0.000,0.675,0.116,0.395,0.000,0.092,0.000,0.116,0.112,0.510,0.295,0.209,0.791,0.000,0.000,0.000,0.030,0.000,0.000,0.000,0.000,0.321,0.265,0.617,0.769,0.120,0.421,0.273,0.123,0.511,0.299,0.373,0.029,0.124,0.068,0.000,0.065,0.159,0.000,0.002,0.127,0.163,0.050,0.018,0.436,0.235,0.611,0.505,0.696,0.403,0.287,0.284,0.191,0.194,0.693,0.179,0.412,0.306,0.578,0.248,0.070,0.049,0.106,0.103,0.168,0.258
constitutional-conflict,Constitutional Conflict,"Polarized laws, executive defiance, and public attention raise court-legislature conflict.",1.000,conflict synthetic legislature,emergency-integrity-package,Emergency integrity package,5120,0.939,0.772,0.166,0.617,0.526,0.669,0.374,0.153,0.107,0.829,0.656,0.487,0.409,0.673,0.511,0.369,0.222,0.496,0.118,0.002,0.536,0.270,0.503,0.261,0.506,0.404,0.582,0.668,0.516,0.584,0.706,0.546,0.714,0.578,0.330,0.675,0.066,0.057,0.339,0.784,0.126,0.635,0.680,0.687,0.359,0.274,0.748,0.636,0.636,0.000,0.636,0.204,0.636,0.000,0.148,0.000,0.112,0.107,0.495,0.295,0.228,0.772,0.000,0.000,0.000,0.000,0.000,0.000,0.000,0.000,0.314,0.272,0.531,0.773,0.122,0.411,0.266,0.119,0.487,0.296,0.378,0.025,0.130,0.061,0.000,0.057,0.152,0.000,0.002,0.129,0.153,0.050,0.016,0.436,0.246,0.631,0.427,0.881,0.436,0.344,0.264,0.210,0.224,0.685,0.157,0.429,0.317,0.670,0.248,0.070,0.049,0.106,0.103,0.168,0.258
constitutional-conflict,Constitutional Conflict,"Polarized laws, executive defiance, and public attention raise court-legislature conflict.",1.000,conflict synthetic legislature,remand-override-window-package,Constitutional remand with override window,5120,0.940,0.783,0.157,0.636,0.526,0.667,0.374,0.153,0.107,0.829,0.656,0.487,0.378,0.673,0.511,0.369,0.222,0.456,0.118,0.002,0.536,0.270,0.503,0.267,0.527,0.430,0.561,0.668,0.511,0.609,0.694,0.594,0.816,0.601,0.350,0.655,0.067,0.116,0.379,0.751,0.082,0.652,0.690,0.677,0.459,0.181,0.653,0.663,0.479,0.000,0.663,0.194,0.286,0.000,0.093,0.000,0.148,0.071,0.503,0.284,0.217,0.783,0.000,0.738,0.059,0.000,0.116,0.024,0.067,0.000,0.323,0.258,0.636,0.759,0.188,0.408,0.287,0.135,0.514,0.307,0.376,0.016,0.083,0.039,0.307,0.035,0.096,0.000,0.003,0.133,0.160,0.052,0.020,0.436,0.190,0.505,0.353,0.602,0.328,0.209,0.215,0.161,0.171,0.772,0.193,0.433,0.337,0.635,0.248,0.070,0.049,0.106,0.103,0.168,0.258
constitutional-conflict,Constitutional Conflict,"Polarized laws, executive defiance, and public attention raise court-legislature conflict.",1.000,conflict synthetic legislature,panel-jurisdiction-safeguards,Random panels with jurisdiction safeguards,5120,0.934,0.760,0.174,0.613,0.526,0.645,0.374,0.153,0.107,0.829,0.656,0.487,0.418,0.673,0.511,0.369,0.222,0.416,0.118,0.001,0.536,0.270,0.503,0.289,0.526,0.443,0.730,0.668,0.508,0.587,0.669,0.560,0.769,0.578,0.317,0.645,0.105,0.151,0.376,0.736,0.101,0.653,0.661,0.658,0.344,0.212,0.580,0.652,0.403,0.000,0.652,0.199,0.204,0.249,0.498,0.000,0.161,0.070,0.475,0.252,0.633,0.367,0.000,0.000,0.000,0.000,0.140,0.000,0.000,0.000,0.323,0.305,0.671,0.774,0.184,0.394,0.279,0.125,0.507,0.306,0.365,0.032,0.223,0.071,0.000,0.054,0.000,0.000,0.003,0.134,0.158,0.057,0.016,0.436,0.186,0.467,0.378,0.611,0.342,0.230,0.244,0.163,0.180,0.725,0.194,0.413,0.319,0.626,0.248,0.070,0.049,0.106,0.103,0.168,0.258
constitutional-conflict,Constitutional Conflict,"Polarized laws, executive defiance, and public attention raise court-legislature conflict.",1.000,conflict synthetic legislature,council-concrete-hybrid,Constitutional council with concrete-review backstop,5120,0.943,0.754,0.189,0.606,0.526,0.643,0.374,0.153,0.107,0.829,0.656,0.487,0.412,0.673,0.511,0.369,0.222,0.485,0.118,0.001,0.536,0.270,0.503,0.265,0.549,0.453,0.660,0.668,0.509,0.600,0.683,0.580,0.779,0.591,0.352,0.654,0.063,0.161,0.353,0.774,0.090,0.648,0.684,0.679,0.406,0.198,0.625,0.633,0.486,0.000,0.633,0.106,0.380,0.000,0.387,0.000,0.164,0.110,0.514,0.285,0.655,0.345,0.000,0.662,0.000,0.000,0.128,0.024,0.083,0.007,0.325,0.282,0.611,0.772,0.212,0.383,0.284,0.142,0.479,0.304,0.363,0.018,0.074,0.039,0.304,0.035,0.088,0.000,0.003,0.138,0.153,0.052,0.015,0.436,0.183,0.501,0.325,0.637,0.242,0.197,0.149,0.169,0.152,0.735,0.169,0.429,0.338,0.665,0.248,0.070,0.049,0.106,0.103,0.168,0.258
imported-legislative-output,Imported Legislative Output,Docket assumptions derived from a legislative simulator campaign CSV.,1.000,neutral/imported blend,current-us-like,Stylized current U.S.-like supreme court,5120,0.913,0.625,0.288,0.497,0.592,0.527,0.420,0.172,0.103,0.663,0.527,0.389,0.245,0.559,0.420,0.343,0.194,0.436,0.139,0.008,0.439,0.248,0.325,0.101,0.595,0.460,0.413,0.613,0.590,0.694,0.707,0.688,0.820,0.692,0.525,0.649,0.037,0.258,0.279,0.514,0.012,0.418,0.604,0.705,0.163,0.057,0.350,0.433,0.018,0.018,0.000,0.018,0.000,0.000,0.013,0.000,0.038,0.318,0.736,0.338,0.375,0.625,0.000,0.000,0.000,0.000,0.000,0.000,0.000,0.000,0.232,0.089,0.561,0.570,0.070,0.402,0.136,0.038,0.321,0.182,0.297,0.017,0.091,0.018,0.000,0.003,0.127,0.000,0.010,0.065,0.078,0.011,0.000,0.272,0.073,0.243,0.048,0.552,0.065,0.075,0.048,0.078,0.042,0.755,0.124,0.543,0.522,0.424,0.318,0.087,0.052,0.056,0.097,0.176,0.214
imported-legislative-output,Imported Legislative Output,Docket assumptions derived from a legislative simulator campaign CSV.,1.000,neutral/imported blend,term-limited-balanced,18-year staggered terms + regular appointments,5120,0.914,0.641,0.273,0.505,0.592,0.532,0.420,0.172,0.103,0.663,0.527,0.389,0.234,0.559,0.420,0.343,0.194,0.397,0.139,0.006,0.439,0.248,0.325,0.082,0.606,0.313,0.419,0.613,0.609,0.710,0.766,0.698,0.845,0.689,0.535,0.655,0.040,0.082,0.212,0.650,0.016,0.403,0.617,0.751,0.207,0.085,0.535,0.422,0.297,0.000,0.422,0.018,0.279,0.000,0.041,0.000,0.091,0.110,0.733,0.285,0.359,0.641,0.000,0.000,0.000,0.000,0.000,0.000,0.000,0.000,0.204,0.091,0.408,0.561,0.072,0.421,0.135,0.039,0.299,0.183,0.300,0.020,0.090,0.017,0.000,0.001,0.115,0.000,0.010,0.068,0.071,0.009,0.000,0.272,0.084,0.317,0.095,0.457,0.065,0.056,0.032,0.104,0.062,0.812,0.075,0.566,0.535,0.571,0.318,0.087,0.052,0.056,0.097,0.176,0.214
imported-legislative-output,Imported Legislative Output,Docket assumptions derived from a legislative simulator campaign CSV.,1.000,neutral/imported blend,nonpartisan-commission,Nonpartisan commission appointments,5120,0.908,0.646,0.262,0.514,0.592,0.544,0.420,0.172,0.103,0.663,0.527,0.389,0.236,0.559,0.420,0.343,0.194,0.397,0.139,0.009,0.439,0.248,0.325,0.094,0.606,0.313,0.422,0.613,0.606,0.711,0.767,0.699,0.849,0.691,0.533,0.654,0.025,0.083,0.213,0.657,0.013,0.404,0.618,0.752,0.231,0.080,0.537,0.427,0.299,0.000,0.427,0.018,0.281,0.000,0.056,0.000,0.091,0.111,0.739,0.285,0.354,0.646,0.000,0.000,0.000,0.000,0.000,0.000,0.000,0.000,0.197,0.089,0.411,0.512,0.074,0.430,0.135,0.042,0.305,0.192,0.213,0.017,0.096,0.021,0.000,0.002,0.109,0.000,0.010,0.069,0.069,0.008,0.000,0.272,0.078,0.275,0.159,0.520,0.000,0.000,0.016,0.103,0.058,0.816,0.076,0.564,0.535,0.588,0.318,0.087,0.052,0.056,0.097,0.176,0.214
imported-legislative-output,Imported Legislative Output,Docket assumptions derived from a legislative simulator campaign CSV.,1.000,neutral/imported blend,expanded-court-fifteen,Expanded 15-seat court,5120,0.908,0.624,0.284,0.486,0.592,0.522,0.420,0.172,0.103,0.663,0.527,0.389,0.236,0.559,0.420,0.343,0.194,0.397,0.139,0.010,0.439,0.248,0.325,0.089,0.605,0.313,0.424,0.613,0.603,0.709,0.768,0.698,0.842,0.690,0.536,0.652,0.023,0.079,0.205,0.652,0.016,0.398,0.612,0.752,0.240,0.083,0.518,0.405,0.290,0.000,0.405,0.020,0.270,0.000,0.042,0.000,0.089,0.429,0.778,0.381,0.376,0.624,0.000,0.000,0.000,0.000,0.000,0.000,0.000,0.000,0.203,0.093,0.410,0.558,0.074,0.411,0.127,0.039,0.296,0.184,0.283,0.016,0.082,0.019,0.000,0.002,0.122,0.000,0.008,0.062,0.075,0.008,0.000,0.272,0.082,0.294,0.127,0.489,0.097,0.111,0.063,0.101,0.060,0.799,0.073,0.566,0.535,0.577,0.318,0.087,0.052,0.056,0.097,0.176,0.214
imported-legislative-output,Imported Legislative Output,Docket assumptions derived from a legislative simulator campaign CSV.,1.000,neutral/imported blend,supermajority-review,60 percent invalidation threshold,5120,0.921,0.633,0.288,0.504,0.592,0.529,0.420,0.172,0.103,0.663,0.527,0.389,0.237,0.559,0.420,0.343,0.194,0.396,0.139,0.009,0.439,0.248,0.325,0.094,0.604,0.296,0.418,0.613,0.607,0.709,0.765,0.698,0.851,0.683,0.533,0.645,0.038,0.069,0.216,0.638,0.013,0.403,0.610,0.747,0.201,0.064,0.502,0.422,0.215,0.000,0.422,0.035,0.180,0.207,0.038,0.000,0.041,0.108,0.732,0.282,0.367,0.633,0.000,0.000,0.000,0.000,0.000,0.000,0.000,0.000,0.207,0.084,0.445,0.563,0.070,0.417,0.134,0.039,0.298,0.183,0.309,0.017,0.093,0.016,0.000,0.003,0.120,0.000,0.009,0.066,0.075,0.010,0.000,0.272,0.063,0.222,0.143,0.394,0.000,0.000,0.063,0.091,0.050,0.817,0.081,0.563,0.532,0.558,0.318,0.087,0.052,0.056,0.097,0.176,0.214
imported-legislative-output,Imported Legislative Output,Docket assumptions derived from a legislative simulator campaign CSV.,1.000,neutral/imported blend,recusal-and-emergency-reform,Peer recusal + reasoned emergency docket,5120,0.911,0.631,0.280,0.496,0.592,0.516,0.420,0.172,0.103,0.663,0.527,0.389,0.235,0.559,0.420,0.343,0.194,0.397,0.139,0.008,0.439,0.248,0.325,0.082,0.605,0.311,0.423,0.613,0.606,0.711,0.767,0.699,0.843,0.690,0.538,0.655,0.038,0.079,0.205,0.652,0.016,0.398,0.614,0.752,0.234,0.083,0.526,0.408,0.289,0.000,0.408,0.018,0.271,0.000,0.066,0.000,0.082,0.111,0.737,0.281,0.369,0.631,0.000,0.000,0.000,0.000,0.000,0.000,0.000,0.000,0.204,0.095,0.397,0.565,0.076,0.407,0.141,0.046,0.281,0.185,0.303,0.019,0.091,0.020,0.000,0.002,0.117,0.000,0.009,0.070,0.073,0.008,0.000,0.272,0.082,0.292,0.111,0.529,0.000,0.056,0.032,0.102,0.061,0.810,0.073,0.567,0.536,0.574,0.318,0.087,0.052,0.056,0.097,0.176,0.214
imported-legislative-output,Imported Legislative Output,Docket assumptions derived from a legislative simulator campaign CSV.,1.000,neutral/imported blend,panel-en-banc,Three-judge panels with en banc correction,5120,0.914,0.647,0.267,0.518,0.592,0.537,0.420,0.172,0.103,0.663,0.527,0.389,0.234,0.559,0.420,0.343,0.194,0.367,0.139,0.010,0.439,0.248,0.325,0.087,0.607,0.313,0.532,0.613,0.605,0.712,0.765,0.701,0.851,0.691,0.535,0.653,0.047,0.082,0.210,0.713,0.016,0.403,0.617,0.757,0.245,0.079,0.546,0.421,0.295,0.000,0.421,0.020,0.275,0.000,0.491,0.000,0.320,0.074,0.672,0.239,0.769,0.231,0.000,0.000,0.000,0.000,0.000,0.000,0.000,0.000,0.194,0.089,0.406,0.513,0.072,0.422,0.138,0.044,0.302,0.184,0.217,0.020,0.092,0.024,0.000,0.003,0.099,0.000,0.009,0.070,0.071,0.008,0.000,0.272,0.076,0.282,0.079,0.430,0.097,0.111,0.048,0.102,0.057,0.822,0.074,0.567,0.538,0.643,0.318,0.087,0.052,0.056,0.097,0.176,0.214
imported-legislative-output,Imported Legislative Output,Docket assumptions derived from a legislative simulator campaign CSV.,1.000,neutral/imported blend,cross-checking-courts,Supreme court with cross-checking constitutional court,5120,0.920,0.649,0.271,0.518,0.592,0.544,0.420,0.172,0.103,0.663,0.527,0.389,0.215,0.559,0.420,0.343,0.194,0.397,0.139,0.007,0.439,0.248,0.325,0.092,0.625,0.297,0.432,0.613,0.586,0.709,0.769,0.688,0.846,0.682,0.514,0.643,0.018,0.070,0.219,0.666,0.012,0.435,0.612,0.754,0.323,0.058,0.522,0.429,0.216,0.000,0.429,0.033,0.183,0.213,0.106,0.000,0.119,0.110,0.733,0.288,0.351,0.649,0.168,0.000,0.000,0.000,0.000,0.000,0.000,0.000,0.201,0.085,0.437,0.536,0.074,0.417,0.140,0.044,0.306,0.200,0.233,0.019,0.094,0.018,0.000,0.005,0.121,0.000,0.010,0.071,0.075,0.013,0.000,0.272,0.056,0.221,0.063,0.249,0.097,0.167,0.021,0.099,0.045,0.812,0.082,0.566,0.512,0.594,0.318,0.087,0.052,0.056,0.097,0.176,0.214
imported-legislative-output,Imported Legislative Output,Docket assumptions derived from a legislative simulator campaign CSV.,1.000,neutral/imported blend,dual-supreme-courts,Dual supreme courts with disagreement filter,5120,0.913,0.646,0.267,0.516,0.592,0.537,0.420,0.172,0.103,0.663,0.527,0.389,0.238,0.559,0.420,0.343,0.194,0.397,0.139,0.008,0.439,0.248,0.325,0.101,0.605,0.297,0.437,0.613,0.579,0.701,0.768,0.680,0.834,0.675,0.506,0.656,0.018,0.070,0.218,0.667,0.015,0.439,0.618,0.750,0.360,0.084,0.513,0.426,0.213,0.000,0.426,0.031,0.182,0.213,0.106,0.000,0.114,0.112,0.750,0.293,0.354,0.646,0.165,0.000,0.000,0.000,0.000,0.000,0.000,0.000,0.203,0.099,0.447,0.544,0.075,0.426,0.129,0.040,0.307,0.194,0.224,0.017,0.086,0.019,0.000,0.004,0.115,0.000,0.010,0.065,0.076,0.010,0.000,0.272,0.082,0.302,0.095,0.489,0.032,0.056,0.079,0.106,0.063,0.801,0.081,0.556,0.508,0.596,0.318,0.087,0.052,0.056,0.097,0.176,0.214
imported-legislative-output,Imported Legislative Output,Docket assumptions derived from a legislative simulator campaign CSV.,1.000,neutral/imported blend,comparative-constitutional-senates,Comparative 16-seat constitutional senates,5120,0.914,0.636,0.279,0.502,0.592,0.530,0.420,0.172,0.103,0.663,0.527,0.389,0.236,0.559,0.420,0.343,0.194,0.427,0.139,0.007,0.439,0.248,0.325,0.085,0.604,0.298,0.573,0.613,0.594,0.710,0.756,0.701,0.857,0.687,0.535,0.639,0.023,0.073,0.223,0.699,0.010,0.403,0.607,0.754,0.279,0.047,0.499,0.435,0.212,0.000,0.435,0.032,0.180,0.223,0.461,0.000,0.127,0.108,0.727,0.271,0.758,0.242,0.000,0.000,0.000,0.000,0.000,0.000,0.000,0.000,0.198,0.076,0.454,0.507,0.068,0.413,0.131,0.041,0.313,0.176,0.208,0.017,0.087,0.021,0.000,0.003,0.102,0.000,0.008,0.066,0.077,0.007,0.000,0.272,0.046,0.177,0.063,0.249,0.000,0.000,0.016,0.086,0.038,0.823,0.083,0.565,0.537,0.629,0.318,0.087,0.052,0.056,0.097,0.176,0.214
imported-legislative-output,Imported Legislative Output,Docket assumptions derived from a legislative simulator campaign CSV.,1.000,neutral/imported blend,constitutional-council,Pre-enactment constitutional council,5120,0.916,0.647,0.269,0.519,0.592,0.551,0.420,0.172,0.103,0.663,0.527,0.389,0.233,0.559,0.420,0.343,0.194,0.387,0.139,0.007,0.439,0.248,0.325,0.093,0.644,0.313,0.478,0.613,0.600,0.717,0.770,0.704,0.851,0.692,0.544,0.650,0.032,0.083,0.212,0.722,0.012,0.409,0.626,0.764,0.296,0.071,0.545,0.428,0.298,0.000,0.428,0.014,0.285,0.000,0.331,0.000,0.132,0.076,0.707,0.265,0.776,0.224,0.000,0.238,0.000,0.000,0.033,0.007,0.018,0.000,0.196,0.091,0.415,0.510,0.092,0.429,0.136,0.038,0.308,0.194,0.209,0.015,0.063,0.014,0.194,0.003,0.071,0.000,0.010,0.066,0.069,0.011,0.000,0.272,0.070,0.255,0.063,0.439,0.000,0.000,0.032,0.101,0.050,0.819,0.075,0.570,0.550,0.656,0.318,0.087,0.052,0.056,0.097,0.176,0.214
imported-legislative-output,Imported Legislative Output,Docket assumptions derived from a legislative simulator campaign CSV.,1.000,neutral/imported blend,legislative-override,Judicial review with legislative supermajority override,5120,0.905,0.629,0.276,0.500,0.592,0.515,0.420,0.172,0.103,0.663,0.527,0.389,0.235,0.559,0.420,0.343,0.194,0.397,0.139,0.009,0.439,0.248,0.325,0.085,0.605,0.312,0.418,0.613,0.605,0.709,0.768,0.698,0.843,0.689,0.534,0.652,0.016,0.083,0.210,0.647,0.016,0.404,0.614,0.753,0.234,0.078,0.518,0.420,0.289,0.000,0.420,0.017,0.272,0.000,0.041,0.000,0.084,0.115,0.744,0.282,0.371,0.629,0.000,0.000,0.000,0.000,0.040,0.004,0.024,0.001,0.198,0.106,0.404,0.518,0.109,0.399,0.143,0.046,0.289,0.196,0.216,0.013,0.068,0.014,0.196,0.002,0.078,0.000,0.008,0.069,0.075,0.011,0.000,0.272,0.077,0.259,0.127,0.538,0.065,0.111,0.079,0.100,0.056,0.810,0.074,0.566,0.535,0.582,0.318,0.087,0.052,0.056,0.097,0.176,0.214
imported-legislative-output,Imported Legislative Output,Docket assumptions derived from a legislative simulator campaign CSV.,1.000,neutral/imported blend,accountability-retention-court,Retention-election accountability court,5120,0.910,0.643,0.268,0.512,0.592,0.535,0.420,0.172,0.103,0.663,0.527,0.389,0.235,0.559,0.420,0.343,0.194,0.397,0.139,0.007,0.439,0.248,0.325,0.088,0.607,0.312,0.419,0.613,0.605,0.709,0.768,0.701,0.851,0.693,0.532,0.647,0.024,0.082,0.214,0.657,0.014,0.408,0.617,0.753,0.231,0.072,0.540,0.426,0.304,0.000,0.426,0.016,0.288,0.000,0.045,0.000,0.125,0.315,0.749,0.348,0.357,0.643,0.000,0.000,0.000,0.000,0.035,0.015,0.000,0.000,0.194,0.092,0.406,0.512,0.079,0.418,0.138,0.041,0.300,0.186,0.211,0.017,0.065,0.014,0.186,0.002,0.074,0.000,0.010,0.072,0.076,0.006,0.000,0.272,0.070,0.262,0.079,0.403,0.032,0.056,0.032,0.101,0.050,0.811,0.076,0.566,0.537,0.591,0.318,0.087,0.052,0.056,0.097,0.176,0.214
imported-legislative-output,Imported Legislative Output,Docket assumptions derived from a legislative simulator campaign CSV.,1.000,neutral/imported blend,emergency-restraint-court,No emergency relief without merits review,5120,0.908,0.646,0.263,0.513,0.592,0.538,0.420,0.172,0.103,0.663,0.527,0.389,0.232,0.559,0.420,0.343,0.194,0.397,0.139,0.008,0.439,0.248,0.325,0.082,0.609,0.246,0.430,0.613,0.610,0.716,0.787,0.706,0.860,0.693,0.538,0.650,0.025,0.010,0.203,0.706,0.015,0.397,0.615,0.767,0.250,0.071,0.594,0.421,0.421,0.000,0.421,0.000,0.421,0.000,0.096,0.000,0.083,0.113,0.728,0.284,0.354,0.646,0.000,0.000,0.000,0.000,0.000,0.000,0.000,0.000,0.186,0.079,0.345,0.511,0.071,0.430,0.126,0.035,0.282,0.197,0.222,0.020,0.082,0.015,0.000,0.003,0.116,0.000,0.009,0.059,0.074,0.011,0.000,0.272,0.069,0.233,0.143,0.484,0.065,0.056,0.032,0.109,0.049,0.836,0.066,0.575,0.540,0.637,0.318,0.087,0.052,0.056,0.097,0.176,0.214
imported-legislative-output,Imported Legislative Output,Docket assumptions derived from a legislative simulator campaign CSV.,1.000,neutral/imported blend,randomized-merits-panels,Randomized merits panels with en banc correction,5120,0.912,0.651,0.261,0.529,0.592,0.547,0.420,0.172,0.103,0.663,0.527,0.389,0.235,0.559,0.420,0.343,0.194,0.367,0.139,0.011,0.439,0.248,0.325,0.090,0.607,0.313,0.564,0.613,0.604,0.712,0.762,0.700,0.852,0.691,0.534,0.655,0.045,0.082,0.215,0.717,0.015,0.405,0.619,0.757,0.255,0.081,0.546,0.430,0.310,0.000,0.430,0.020,0.289,0.000,0.521,0.000,0.130,0.076,0.678,0.242,0.771,0.229,0.000,0.000,0.000,0.000,0.000,0.000,0.000,0.000,0.194,0.088,0.407,0.512,0.075,0.434,0.132,0.045,0.311,0.188,0.217,0.021,0.089,0.024,0.000,0.003,0.098,0.000,0.011,0.064,0.069,0.010,0.000,0.272,0.079,0.288,0.117,0.480,0.000,0.056,0.079,0.104,0.059,0.823,0.076,0.565,0.538,0.645,0.318,0.087,0.052,0.056,0.097,0.176,0.214
imported-legislative-output,Imported Legislative Output,Docket assumptions derived from a legislative simulator campaign CSV.,1.000,neutral/imported blend,mandatory-written-emergency-reasoning,Mandatory written emergency reasoning,5120,0.913,0.633,0.280,0.501,0.592,0.523,0.420,0.172,0.103,0.663,0.527,0.389,0.236,0.559,0.420,0.343,0.194,0.397,0.139,0.010,0.439,0.248,0.325,0.091,0.605,0.285,0.418,0.613,0.605,0.712,0.771,0.701,0.851,0.691,0.534,0.652,0.039,0.046,0.212,0.653,0.014,0.402,0.613,0.752,0.246,0.079,0.526,0.419,0.257,0.000,0.419,0.031,0.227,0.000,0.041,0.000,0.093,0.115,0.735,0.284,0.367,0.633,0.000,0.000,0.000,0.000,0.000,0.000,0.000,0.000,0.206,0.093,0.425,0.562,0.077,0.419,0.135,0.041,0.297,0.196,0.300,0.017,0.090,0.020,0.000,0.003,0.118,0.000,0.008,0.065,0.069,0.010,0.000,0.272,0.078,0.279,0.122,0.484,0.000,0.111,0.048,0.098,0.060,0.821,0.078,0.565,0.533,0.574,0.318,0.087,0.052,0.056,0.097,0.176,0.214
imported-legislative-output,Imported Legislative Output,Docket assumptions derived from a legislative simulator campaign CSV.,1.000,neutral/imported blend,automatic-merits-follow-up,Automatic merits follow-up for emergency relief,5120,0.909,0.625,0.284,0.490,0.592,0.509,0.420,0.172,0.103,0.663,0.527,0.389,0.232,0.559,0.420,0.343,0.194,0.397,0.139,0.009,0.439,0.248,0.325,0.077,0.608,0.266,0.418,0.613,0.608,0.714,0.781,0.699,0.844,0.687,0.539,0.657,0.037,0.016,0.193,0.679,0.019,0.397,0.616,0.762,0.261,0.094,0.573,0.396,0.396,0.000,0.396,0.038,0.396,0.000,0.040,0.000,0.085,0.113,0.729,0.278,0.375,0.625,0.000,0.000,0.000,0.000,0.000,0.000,0.000,0.000,0.197,0.102,0.354,0.563,0.075,0.407,0.137,0.045,0.281,0.179,0.294,0.017,0.088,0.022,0.000,0.002,0.121,0.000,0.008,0.071,0.071,0.010,0.000,0.272,0.092,0.321,0.111,0.643,0.000,0.167,0.016,0.112,0.072,0.818,0.081,0.574,0.537,0.604,0.318,0.087,0.052,0.056,0.097,0.176,0.214
imported-legislative-output,Imported Legislative Output,Docket assumptions derived from a legislative simulator campaign CSV.,1.000,neutral/imported blend,strong-recusal-enforcement,Independent recusal enforcement with substitutes,5120,0.915,0.649,0.266,0.515,0.592,0.549,0.420,0.172,0.103,0.663,0.527,0.389,0.235,0.559,0.420,0.343,0.194,0.397,0.139,0.010,0.439,0.248,0.325,0.091,0.606,0.313,0.433,0.613,0.602,0.710,0.768,0.699,0.850,0.690,0.533,0.655,0.025,0.084,0.216,0.672,0.017,0.406,0.619,0.754,0.256,0.082,0.537,0.430,0.304,0.000,0.430,0.018,0.286,0.000,0.092,0.000,0.082,0.111,0.757,0.296,0.351,0.649,0.000,0.000,0.000,0.000,0.000,0.000,0.000,0.000,0.197,0.091,0.408,0.515,0.072,0.424,0.135,0.043,0.307,0.186,0.217,0.021,0.087,0.021,0.000,0.002,0.106,0.000,0.009,0.067,0.079,0.012,0.000,0.272,0.080,0.285,0.164,0.489,0.097,0.000,0.090,0.104,0.060,0.815,0.076,0.564,0.535,0.602,0.318,0.087,0.052,0.056,0.097,0.176,0.214
imported-legislative-output,Imported Legislative Output,Docket assumptions derived from a legislative simulator campaign CSV.,1.000,neutral/imported blend,jurisdiction-stripping-constraints,Jurisdiction stripping constrained by rights carveouts,5120,0.919,0.643,0.276,0.513,0.592,0.533,0.420,0.172,0.103,0.663,0.527,0.389,0.235,0.559,0.420,0.343,0.194,0.347,0.139,0.008,0.439,0.248,0.325,0.097,0.636,0.313,0.418,0.613,0.610,0.714,0.773,0.698,0.848,0.689,0.533,0.656,0.017,0.084,0.211,0.654,0.015,0.407,0.619,0.758,0.230,0.084,0.530,0.421,0.285,0.000,0.421,0.019,0.266,0.000,0.041,0.000,0.092,0.114,0.734,0.288,0.357,0.643,0.000,0.000,0.000,0.000,0.043,0.000,0.000,0.000,0.191,0.114,0.409,0.518,0.098,0.404,0.149,0.047,0.292,0.195,0.216,0.022,0.137,0.029,0.000,0.002,0.000,0.000,0.009,0.071,0.077,0.008,0.000,0.272,0.082,0.295,0.143,0.489,0.097,0.111,0.079,0.103,0.061,0.814,0.075,0.567,0.548,0.597,0.318,0.087,0.052,0.056,0.097,0.176,0.214
imported-legislative-output,Imported Legislative Output,Docket assumptions derived from a legislative simulator campaign CSV.,1.000,neutral/imported blend,legislative-override-window,Time-limited legislative override window,5120,0.913,0.652,0.262,0.520,0.592,0.546,0.420,0.172,0.103,0.663,0.527,0.389,0.236,0.559,0.420,0.343,0.194,0.397,0.139,0.009,0.439,0.248,0.325,0.096,0.607,0.313,0.419,0.613,0.604,0.709,0.769,0.698,0.851,0.689,0.529,0.655,0.017,0.081,0.211,0.659,0.017,0.412,0.620,0.754,0.240,0.081,0.543,0.421,0.294,0.000,0.421,0.017,0.277,0.000,0.042,0.000,0.086,0.108,0.737,0.290,0.348,0.652,0.000,0.000,0.000,0.000,0.038,0.007,0.021,0.000,0.201,0.103,0.409,0.528,0.102,0.423,0.142,0.048,0.304,0.197,0.229,0.015,0.062,0.016,0.197,0.002,0.082,0.000,0.009,0.073,0.072,0.010,0.000,0.272,0.079,0.277,0.143,0.511,0.000,0.056,0.048,0.104,0.057,0.817,0.075,0.563,0.532,0.592,0.318,0.087,0.052,0.056,0.097,0.176,0.214
imported-legislative-output,Imported Legislative Output,Docket assumptions derived from a legislative simulator campaign CSV.,1.000,neutral/imported blend,constitutional-remand,Constitutional remand before invalidation,5120,0.918,0.683,0.235,0.545,0.592,0.580,0.420,0.172,0.103,0.663,0.527,0.389,0.202,0.559,0.420,0.343,0.194,0.358,0.139,0.008,0.439,0.248,0.325,0.091,0.618,0.313,0.423,0.613,0.599,0.720,0.775,0.711,0.868,0.697,0.545,0.654,0.026,0.086,0.218,0.688,0.013,0.411,0.635,0.761,0.321,0.059,0.564,0.437,0.299,0.000,0.437,0.016,0.283,0.000,0.058,0.000,0.122,0.073,0.745,0.293,0.317,0.683,0.000,0.285,0.022,0.000,0.030,0.006,0.018,0.000,0.192,0.085,0.398,0.502,0.092,0.438,0.147,0.048,0.302,0.205,0.227,0.013,0.067,0.017,0.205,0.001,0.078,0.000,0.009,0.074,0.075,0.010,0.000,0.272,0.069,0.255,0.160,0.382,0.065,0.056,0.000,0.100,0.048,0.832,0.077,0.571,0.550,0.620,0.318,0.087,0.052,0.056,0.097,0.176,0.214
imported-legislative-output,Imported Legislative Output,Docket assumptions derived from a legislative simulator campaign CSV.,1.000,neutral/imported blend,public-interest-litigation-filter,Public-interest litigation filter,5120,0.921,0.671,0.250,0.551,0.592,0.576,0.420,0.172,0.103,0.663,0.527,0.389,0.235,0.559,0.420,0.343,0.194,0.312,0.139,0.010,0.439,0.248,0.325,0.099,0.608,0.313,0.421,0.613,0.603,0.711,0.775,0.698,0.854,0.688,0.528,0.663,0.027,0.086,0.222,0.673,0.017,0.413,0.627,0.753,0.266,0.093,0.566,0.442,0.307,0.000,0.442,0.018,0.289,0.000,0.054,0.000,0.087,0.113,0.733,0.298,0.329,0.671,0.000,0.000,0.000,0.090,0.000,0.000,0.000,0.000,0.195,0.094,0.412,0.519,0.073,0.445,0.138,0.040,0.310,0.195,0.226,0.020,0.093,0.021,0.000,0.003,0.118,0.000,0.008,0.070,0.076,0.013,0.000,0.272,0.092,0.338,0.190,0.511,0.097,0.111,0.053,0.109,0.067,0.819,0.079,0.562,0.529,0.600,0.318,0.087,0.052,0.056,0.097,0.176,0.214
imported-legislative-output,Imported Legislative Output,Docket assumptions derived from a legislative simulator campaign CSV.,1.000,neutral/imported blend,emergency-integrity-package,Emergency integrity package,5120,0.912,0.650,0.262,0.517,0.592,0.537,0.420,0.172,0.103,0.663,0.527,0.389,0.233,0.559,0.420,0.343,0.194,0.397,0.139,0.010,0.439,0.248,0.325,0.090,0.609,0.267,0.433,0.613,0.602,0.715,0.782,0.706,0.863,0.694,0.535,0.649,0.026,0.017,0.202,0.707,0.014,0.402,0.617,0.764,0.293,0.067,0.592,0.416,0.416,0.000,0.416,0.036,0.416,0.000,0.090,0.000,0.082,0.112,0.753,0.295,0.350,0.650,0.000,0.000,0.000,0.000,0.000,0.000,0.000,0.000,0.189,0.084,0.359,0.499,0.074,0.424,0.138,0.042,0.295,0.196,0.199,0.019,0.094,0.020,0.000,0.001,0.105,0.000,0.008,0.072,0.075,0.009,0.000,0.272,0.066,0.222,0.063,0.493,0.000,0.075,0.037,0.108,0.053,0.834,0.085,0.572,0.537,0.641,0.318,0.087,0.052,0.056,0.097,0.176,0.214
imported-legislative-output,Imported Legislative Output,Docket assumptions derived from a legislative simulator campaign CSV.,1.000,neutral/imported blend,remand-override-window-package,Constitutional remand with override window,5120,0.909,0.674,0.235,0.544,0.592,0.567,0.420,0.172,0.103,0.663,0.527,0.389,0.203,0.559,0.420,0.343,0.194,0.358,0.139,0.009,0.439,0.248,0.325,0.096,0.618,0.286,0.422,0.613,0.596,0.721,0.780,0.710,0.868,0.696,0.544,0.654,0.026,0.047,0.223,0.698,0.012,0.412,0.634,0.764,0.355,0.061,0.575,0.442,0.275,0.000,0.442,0.029,0.246,0.000,0.056,0.000,0.117,0.074,0.744,0.289,0.326,0.674,0.000,0.285,0.021,0.000,0.033,0.005,0.020,0.000,0.196,0.090,0.428,0.514,0.096,0.431,0.151,0.047,0.321,0.198,0.232,0.014,0.071,0.014,0.198,0.001,0.079,0.000,0.010,0.073,0.077,0.011,0.000,0.272,0.070,0.262,0.088,0.400,0.050,0.056,0.025,0.098,0.051,0.837,0.081,0.573,0.547,0.628,0.318,0.087,0.052,0.056,0.097,0.176,0.214
imported-legislative-output,Imported Legislative Output,Docket assumptions derived from a legislative simulator campaign CSV.,1.000,neutral/imported blend,panel-jurisdiction-safeguards,Random panels with jurisdiction safeguards,5120,0.917,0.663,0.254,0.523,0.592,0.557,0.420,0.172,0.103,0.663,0.527,0.389,0.234,0.559,0.420,0.343,0.194,0.317,0.139,0.009,0.439,0.248,0.325,0.089,0.635,0.298,0.599,0.613,0.601,0.715,0.765,0.698,0.858,0.681,0.533,0.651,0.046,0.074,0.226,0.716,0.011,0.412,0.621,0.760,0.286,0.071,0.520,0.443,0.213,0.000,0.443,0.032,0.180,0.230,0.548,0.000,0.127,0.075,0.687,0.249,0.759,0.241,0.000,0.000,0.000,0.000,0.038,0.000,0.000,0.000,0.189,0.091,0.441,0.512,0.089,0.451,0.127,0.037,0.319,0.196,0.219,0.023,0.121,0.021,0.000,0.002,0.000,0.000,0.008,0.063,0.074,0.011,0.000,0.272,0.070,0.258,0.175,0.380,0.065,0.000,0.032,0.095,0.054,0.827,0.084,0.564,0.554,0.653,0.318,0.087,0.052,0.056,0.097,0.176,0.214
imported-legislative-output,Imported Legislative Output,Docket assumptions derived from a legislative simulator campaign CSV.,1.000,neutral/imported blend,council-concrete-hybrid,Constitutional council with concrete-review backstop,5120,0.915,0.642,0.273,0.513,0.592,0.542,0.420,0.172,0.103,0.663,0.527,0.389,0.232,0.559,0.420,0.343,0.194,0.387,0.139,0.007,0.439,0.248,0.325,0.082,0.643,0.312,0.521,0.613,0.597,0.718,0.769,0.708,0.855,0.696,0.548,0.644,0.023,0.080,0.208,0.722,0.012,0.404,0.620,0.765,0.309,0.055,0.539,0.417,0.297,0.000,0.417,0.015,0.282,0.000,0.410,0.000,0.125,0.110,0.727,0.274,0.765,0.235,0.000,0.236,0.000,0.000,0.027,0.005,0.016,0.001,0.191,0.084,0.403,0.503,0.089,0.420,0.141,0.046,0.294,0.184,0.202,0.013,0.069,0.014,0.184,0.002,0.072,0.000,0.010,0.074,0.068,0.010,0.000,0.272,0.055,0.197,0.063,0.348,0.000,0.000,0.032,0.095,0.040,0.822,0.074,0.574,0.553,0.658,0.318,0.087,0.052,0.056,0.097,0.176,0.214
low-appointment-capture,Low Appointment Capture,Appointment incentives are less partisan and the justice pool is less polarized.,0.750,neutral synthetic legislature,current-us-like,Stylized current U.S.-like supreme court,5120,0.918,0.642,0.276,0.505,0.592,0.547,0.436,0.157,0.107,0.685,0.545,0.370,0.247,0.576,0.439,0.350,0.196,0.442,0.140,0.010,0.445,0.252,0.335,0.107,0.592,0.465,0.422,0.620,0.586,0.688,0.703,0.679,0.815,0.685,0.513,0.650,0.037,0.267,0.287,0.515,0.017,0.435,0.611,0.701,0.168,0.067,0.352,0.439,0.023,0.023,0.000,0.023,0.000,0.000,0.011,0.000,0.037,0.318,0.717,0.343,0.358,0.642,0.000,0.000,0.000,0.000,0.000,0.000,0.000,0.000,0.238,0.096,0.562,0.584,0.075,0.415,0.145,0.045,0.326,0.190,0.310,0.020,0.098,0.019,0.000,0.004,0.132,0.000,0.010,0.077,0.075,0.011,0.000,0.295,0.088,0.282,0.108,0.622,0.054,0.084,0.077,0.086,0.050,0.749,0.129,0.533,0.509,0.421,0.304,0.081,0.050,0.057,0.096,0.187,0.226
low-appointment-capture,Low Appointment Capture,Appointment incentives are less partisan and the justice pool is less polarized.,0.750,neutral synthetic legislature,term-limited-balanced,18-year staggered terms + regular appointments,5120,0.918,0.639,0.279,0.513,0.592,0.531,0.436,0.157,0.107,0.685,0.545,0.370,0.238,0.576,0.439,0.350,0.196,0.402,0.140,0.010,0.445,0.252,0.335,0.099,0.602,0.316,0.426,0.620,0.606,0.704,0.763,0.689,0.834,0.683,0.526,0.654,0.038,0.081,0.207,0.647,0.023,0.412,0.618,0.748,0.207,0.099,0.531,0.410,0.292,0.000,0.410,0.017,0.274,0.000,0.030,0.000,0.089,0.113,0.711,0.278,0.361,0.639,0.000,0.000,0.000,0.000,0.000,0.000,0.000,0.000,0.211,0.112,0.402,0.585,0.079,0.402,0.145,0.047,0.290,0.193,0.317,0.018,0.091,0.026,0.000,0.002,0.132,0.000,0.009,0.071,0.079,0.010,0.000,0.295,0.097,0.344,0.127,0.554,0.027,0.053,0.073,0.110,0.071,0.803,0.073,0.558,0.520,0.566,0.304,0.081,0.050,0.057,0.096,0.187,0.226
low-appointment-capture,Low Appointment Capture,Appointment incentives are less partisan and the justice pool is less polarized.,0.750,neutral synthetic legislature,nonpartisan-commission,Nonpartisan commission appointments,5120,0.921,0.663,0.258,0.537,0.592,0.572,0.436,0.157,0.107,0.685,0.545,0.370,0.238,0.576,0.439,0.350,0.196,0.403,0.140,0.011,0.445,0.252,0.335,0.103,0.604,0.318,0.429,0.620,0.603,0.705,0.765,0.691,0.846,0.683,0.522,0.656,0.027,0.085,0.216,0.664,0.024,0.420,0.624,0.750,0.237,0.097,0.556,0.427,0.306,0.000,0.427,0.021,0.285,0.000,0.042,0.000,0.092,0.110,0.715,0.293,0.337,0.663,0.000,0.000,0.000,0.000,0.000,0.000,0.000,0.000,0.204,0.102,0.409,0.535,0.075,0.432,0.143,0.050,0.314,0.191,0.231,0.023,0.086,0.025,0.000,0.004,0.126,0.000,0.010,0.076,0.076,0.013,0.000,0.295,0.096,0.347,0.085,0.536,0.054,0.063,0.042,0.112,0.071,0.813,0.075,0.557,0.520,0.591,0.304,0.081,0.050,0.057,0.096,0.187,0.226
low-appointment-capture,Low Appointment Capture,Appointment incentives are less partisan and the justice pool is less polarized.,0.750,neutral synthetic legislature,expanded-court-fifteen,Expanded 15-seat court,5120,0.919,0.645,0.274,0.521,0.592,0.547,0.436,0.157,0.107,0.685,0.545,0.370,0.237,0.576,0.439,0.350,0.196,0.402,0.140,0.008,0.445,0.252,0.335,0.092,0.603,0.317,0.430,0.620,0.600,0.704,0.766,0.692,0.842,0.683,0.526,0.654,0.024,0.081,0.207,0.657,0.022,0.414,0.619,0.751,0.246,0.094,0.539,0.404,0.288,0.000,0.404,0.020,0.268,0.000,0.029,0.000,0.083,0.430,0.756,0.390,0.355,0.645,0.000,0.000,0.000,0.000,0.000,0.000,0.000,0.000,0.208,0.101,0.411,0.574,0.073,0.420,0.136,0.043,0.304,0.186,0.302,0.020,0.087,0.022,0.000,0.003,0.122,0.000,0.008,0.067,0.078,0.011,0.000,0.295,0.093,0.319,0.101,0.563,0.054,0.042,0.097,0.109,0.068,0.799,0.073,0.560,0.525,0.580,0.304,0.081,0.050,0.057,0.096,0.187,0.226
low-appointment-capture,Low Appointment Capture,Appointment incentives are less partisan and the justice pool is less polarized.,0.750,neutral synthetic legislature,supermajority-review,60 percent invalidation threshold,5120,0.923,0.641,0.282,0.511,0.592,0.541,0.436,0.157,0.107,0.685,0.545,0.370,0.240,0.576,0.439,0.350,0.196,0.402,0.140,0.009,0.445,0.252,0.335,0.100,0.601,0.302,0.426,0.620,0.604,0.704,0.763,0.692,0.848,0.678,0.525,0.644,0.034,0.071,0.213,0.638,0.019,0.414,0.613,0.745,0.203,0.075,0.505,0.410,0.203,0.000,0.410,0.036,0.167,0.207,0.028,0.000,0.039,0.117,0.714,0.283,0.359,0.641,0.000,0.000,0.000,0.000,0.000,0.000,0.000,0.000,0.213,0.096,0.453,0.576,0.078,0.416,0.141,0.047,0.307,0.196,0.310,0.020,0.086,0.024,0.000,0.005,0.133,0.000,0.008,0.068,0.076,0.012,0.000,0.295,0.073,0.268,0.088,0.378,0.081,0.042,0.045,0.096,0.058,0.815,0.079,0.556,0.521,0.557,0.304,0.081,0.050,0.057,0.096,0.187,0.226
low-appointment-capture,Low Appointment Capture,Appointment incentives are less partisan and the justice pool is less polarized.,0.750,neutral synthetic legislature,recusal-and-emergency-reform,Peer recusal + reasoned emergency docket,5120,0.916,0.639,0.276,0.509,0.592,0.537,0.436,0.157,0.107,0.685,0.545,0.370,0.237,0.576,0.439,0.350,0.196,0.402,0.140,0.009,0.445,0.252,0.335,0.087,0.602,0.317,0.431,0.620,0.602,0.706,0.764,0.693,0.841,0.685,0.528,0.650,0.037,0.083,0.208,0.651,0.020,0.411,0.616,0.749,0.238,0.089,0.528,0.410,0.290,0.000,0.410,0.019,0.271,0.000,0.052,0.000,0.087,0.112,0.718,0.281,0.361,0.639,0.000,0.000,0.000,0.000,0.000,0.000,0.000,0.000,0.207,0.097,0.410,0.578,0.073,0.418,0.136,0.042,0.299,0.180,0.302,0.021,0.088,0.023,0.000,0.002,0.120,0.000,0.009,0.067,0.072,0.009,0.000,0.295,0.088,0.308,0.108,0.527,0.000,0.031,0.052,0.107,0.065,0.809,0.073,0.560,0.527,0.573,0.304,0.081,0.050,0.057,0.096,0.187,0.226
low-appointment-capture,Low Appointment Capture,Appointment incentives are less partisan and the justice pool is less polarized.,0.750,neutral synthetic legislature,panel-en-banc,Three-judge panels with en banc correction,5120,0.913,0.666,0.247,0.540,0.592,0.558,0.436,0.157,0.107,0.685,0.545,0.370,0.238,0.576,0.439,0.350,0.196,0.373,0.140,0.009,0.445,0.252,0.335,0.103,0.604,0.317,0.540,0.620,0.600,0.705,0.761,0.690,0.845,0.683,0.521,0.657,0.042,0.087,0.218,0.717,0.025,0.422,0.625,0.753,0.253,0.099,0.554,0.433,0.304,0.000,0.433,0.023,0.282,0.000,0.466,0.000,0.338,0.072,0.652,0.241,0.744,0.256,0.000,0.000,0.000,0.000,0.000,0.000,0.000,0.000,0.202,0.106,0.414,0.534,0.076,0.428,0.143,0.047,0.311,0.190,0.224,0.020,0.089,0.024,0.000,0.004,0.118,0.000,0.005,0.073,0.081,0.012,0.000,0.295,0.097,0.345,0.137,0.532,0.054,0.105,0.052,0.113,0.072,0.816,0.077,0.555,0.520,0.643,0.304,0.081,0.050,0.057,0.096,0.187,0.226
low-appointment-capture,Low Appointment Capture,Appointment incentives are less partisan and the justice pool is less polarized.,0.750,neutral synthetic legislature,cross-checking-courts,Supreme court with cross-checking constitutional court,5120,0.923,0.662,0.262,0.527,0.592,0.557,0.436,0.157,0.107,0.685,0.545,0.370,0.219,0.576,0.439,0.350,0.196,0.403,0.140,0.008,0.445,0.252,0.335,0.104,0.622,0.302,0.436,0.620,0.581,0.703,0.765,0.681,0.845,0.676,0.500,0.639,0.012,0.075,0.219,0.660,0.016,0.451,0.615,0.750,0.328,0.064,0.517,0.424,0.204,0.000,0.424,0.038,0.165,0.221,0.078,0.000,0.110,0.112,0.713,0.290,0.338,0.662,0.178,0.000,0.000,0.000,0.000,0.000,0.000,0.000,0.206,0.094,0.449,0.551,0.072,0.424,0.146,0.040,0.312,0.197,0.237,0.022,0.097,0.017,0.000,0.006,0.124,0.000,0.006,0.072,0.081,0.010,0.000,0.295,0.063,0.226,0.069,0.320,0.027,0.156,0.052,0.104,0.051,0.811,0.083,0.556,0.499,0.587,0.304,0.081,0.050,0.057,0.096,0.187,0.226
low-appointment-capture,Low Appointment Capture,Appointment incentives are less partisan and the justice pool is less polarized.,0.750,neutral synthetic legislature,dual-supreme-courts,Dual supreme courts with disagreement filter,5120,0.912,0.648,0.264,0.523,0.592,0.533,0.436,0.157,0.107,0.685,0.545,0.370,0.241,0.576,0.439,0.350,0.196,0.403,0.140,0.008,0.445,0.252,0.335,0.110,0.601,0.302,0.440,0.620,0.574,0.693,0.763,0.669,0.821,0.667,0.496,0.655,0.012,0.076,0.226,0.661,0.024,0.453,0.620,0.746,0.363,0.099,0.510,0.433,0.210,0.000,0.433,0.040,0.170,0.223,0.081,0.000,0.118,0.110,0.731,0.292,0.352,0.648,0.169,0.000,0.000,0.000,0.000,0.000,0.000,0.000,0.212,0.119,0.457,0.566,0.079,0.414,0.151,0.047,0.316,0.195,0.238,0.019,0.091,0.022,0.000,0.008,0.131,0.000,0.007,0.072,0.080,0.012,0.000,0.295,0.098,0.343,0.167,0.554,0.027,0.073,0.063,0.113,0.075,0.788,0.084,0.549,0.492,0.586,0.304,0.081,0.050,0.057,0.096,0.187,0.226
low-appointment-capture,Low Appointment Capture,Appointment incentives are less partisan and the justice pool is less polarized.,0.750,neutral synthetic legislature,comparative-constitutional-senates,Comparative 16-seat constitutional senates,5120,0.918,0.646,0.272,0.515,0.592,0.546,0.436,0.157,0.107,0.685,0.545,0.370,0.239,0.576,0.439,0.350,0.196,0.432,0.140,0.007,0.445,0.252,0.335,0.095,0.601,0.302,0.586,0.620,0.592,0.705,0.755,0.693,0.852,0.680,0.524,0.638,0.018,0.074,0.223,0.706,0.015,0.416,0.612,0.753,0.283,0.063,0.513,0.429,0.214,0.000,0.429,0.037,0.177,0.215,0.461,0.000,0.137,0.112,0.692,0.271,0.761,0.239,0.000,0.000,0.000,0.000,0.000,0.000,0.000,0.000,0.202,0.082,0.451,0.521,0.071,0.430,0.137,0.044,0.312,0.182,0.214,0.024,0.088,0.023,0.000,0.004,0.110,0.000,0.010,0.068,0.071,0.013,0.000,0.295,0.062,0.227,0.059,0.351,0.027,0.031,0.014,0.094,0.050,0.819,0.083,0.557,0.525,0.635,0.304,0.081,0.050,0.057,0.096,0.187,0.226
low-appointment-capture,Low Appointment Capture,Appointment incentives are less partisan and the justice pool is less polarized.,0.750,neutral synthetic legislature,constitutional-council,Pre-enactment constitutional council,5120,0.917,0.668,0.248,0.539,0.592,0.563,0.436,0.157,0.107,0.685,0.545,0.370,0.235,0.576,0.439,0.350,0.196,0.393,0.140,0.008,0.445,0.252,0.335,0.095,0.642,0.317,0.486,0.620,0.596,0.712,0.768,0.700,0.855,0.687,0.535,0.647,0.031,0.086,0.220,0.730,0.018,0.425,0.632,0.762,0.306,0.075,0.560,0.436,0.306,0.000,0.436,0.018,0.288,0.000,0.313,0.000,0.138,0.073,0.695,0.272,0.751,0.249,0.000,0.271,0.000,0.000,0.038,0.004,0.026,0.000,0.202,0.102,0.407,0.534,0.107,0.433,0.146,0.048,0.308,0.198,0.234,0.017,0.065,0.016,0.198,0.001,0.084,0.000,0.008,0.069,0.079,0.013,0.000,0.295,0.074,0.263,0.088,0.414,0.000,0.094,0.042,0.106,0.054,0.823,0.077,0.564,0.538,0.660,0.304,0.081,0.050,0.057,0.096,0.187,0.226
low-appointment-capture,Low Appointment Capture,Appointment incentives are less partisan and the justice pool is less polarized.,0.750,neutral synthetic legislature,legislative-override,Judicial review with legislative supermajority override,5120,0.918,0.659,0.259,0.536,0.592,0.560,0.436,0.157,0.107,0.685,0.545,0.370,0.238,0.576,0.439,0.350,0.196,0.403,0.140,0.009,0.445,0.252,0.335,0.102,0.604,0.317,0.426,0.620,0.601,0.704,0.766,0.688,0.843,0.680,0.517,0.660,0.012,0.085,0.214,0.661,0.023,0.428,0.625,0.752,0.243,0.100,0.553,0.424,0.298,0.000,0.424,0.020,0.279,0.000,0.030,0.000,0.088,0.112,0.714,0.289,0.341,0.659,0.000,0.000,0.000,0.000,0.053,0.004,0.035,0.000,0.207,0.126,0.410,0.544,0.122,0.421,0.151,0.052,0.303,0.200,0.229,0.016,0.067,0.014,0.200,0.003,0.084,0.000,0.006,0.075,0.079,0.012,0.000,0.295,0.099,0.356,0.098,0.545,0.054,0.167,0.035,0.112,0.072,0.810,0.075,0.556,0.519,0.595,0.304,0.081,0.050,0.057,0.096,0.187,0.226
low-appointment-capture,Low Appointment Capture,Appointment incentives are less partisan and the justice pool is less polarized.,0.750,neutral synthetic legislature,accountability-retention-court,Retention-election accountability court,5120,0.925,0.669,0.256,0.536,0.592,0.568,0.436,0.157,0.107,0.685,0.545,0.370,0.238,0.576,0.439,0.350,0.196,0.403,0.140,0.008,0.445,0.252,0.335,0.102,0.605,0.318,0.427,0.620,0.601,0.704,0.766,0.695,0.855,0.688,0.519,0.647,0.026,0.085,0.214,0.663,0.019,0.426,0.627,0.750,0.237,0.081,0.560,0.424,0.299,0.000,0.424,0.017,0.281,0.000,0.035,0.000,0.133,0.317,0.743,0.361,0.331,0.669,0.000,0.000,0.000,0.000,0.042,0.018,0.000,0.001,0.202,0.100,0.411,0.534,0.081,0.428,0.146,0.048,0.314,0.193,0.233,0.016,0.071,0.016,0.193,0.003,0.089,0.000,0.009,0.073,0.082,0.011,0.000,0.295,0.079,0.279,0.059,0.477,0.000,0.125,0.063,0.108,0.056,0.814,0.075,0.557,0.521,0.594,0.304,0.081,0.050,0.057,0.096,0.187,0.226
low-appointment-capture,Low Appointment Capture,Appointment incentives are less partisan and the justice pool is less polarized.,0.750,neutral synthetic legislature,emergency-restraint-court,No emergency relief without merits review,5120,0.916,0.667,0.249,0.531,0.592,0.564,0.436,0.157,0.107,0.685,0.545,0.370,0.234,0.576,0.439,0.350,0.196,0.403,0.140,0.012,0.445,0.252,0.335,0.095,0.607,0.251,0.435,0.620,0.607,0.711,0.784,0.697,0.858,0.686,0.525,0.653,0.026,0.011,0.202,0.709,0.020,0.415,0.623,0.765,0.255,0.087,0.609,0.412,0.412,0.000,0.412,0.000,0.412,0.000,0.073,0.000,0.094,0.113,0.704,0.291,0.333,0.667,0.000,0.000,0.000,0.000,0.000,0.000,0.000,0.000,0.194,0.097,0.355,0.530,0.076,0.430,0.146,0.046,0.302,0.202,0.232,0.020,0.094,0.024,0.000,0.003,0.117,0.000,0.009,0.071,0.080,0.012,0.000,0.295,0.087,0.294,0.092,0.572,0.027,0.063,0.063,0.118,0.060,0.834,0.065,0.565,0.524,0.639,0.304,0.081,0.050,0.057,0.096,0.187,0.226
low-appointment-capture,Low Appointment Capture,Appointment incentives are less partisan and the justice pool is less polarized.,0.750,neutral synthetic legislature,randomized-merits-panels,Randomized merits panels with en banc correction,5120,0.924,0.660,0.264,0.527,0.592,0.561,0.436,0.157,0.107,0.685,0.545,0.370,0.237,0.576,0.439,0.350,0.196,0.373,0.140,0.012,0.445,0.252,0.335,0.094,0.604,0.317,0.570,0.620,0.601,0.707,0.761,0.693,0.848,0.684,0.524,0.654,0.040,0.085,0.214,0.718,0.021,0.417,0.623,0.755,0.258,0.093,0.553,0.424,0.298,0.000,0.424,0.020,0.278,0.000,0.500,0.000,0.136,0.073,0.656,0.242,0.753,0.247,0.000,0.000,0.000,0.000,0.000,0.000,0.000,0.000,0.199,0.097,0.405,0.532,0.073,0.443,0.140,0.045,0.306,0.185,0.229,0.023,0.091,0.021,0.000,0.003,0.120,0.000,0.007,0.069,0.070,0.009,0.000,0.295,0.092,0.332,0.098,0.500,0.000,0.105,0.073,0.110,0.067,0.820,0.075,0.559,0.525,0.645,0.304,0.081,0.050,0.057,0.096,0.187,0.226
low-appointment-capture,Low Appointment Capture,Appointment incentives are less partisan and the justice pool is less polarized.,0.750,neutral synthetic legislature,mandatory-written-emergency-reasoning,Mandatory written emergency reasoning,5120,0.923,0.641,0.282,0.507,0.592,0.546,0.436,0.157,0.107,0.685,0.545,0.370,0.238,0.576,0.439,0.350,0.196,0.402,0.140,0.010,0.445,0.252,0.335,0.096,0.603,0.288,0.426,0.620,0.602,0.706,0.769,0.693,0.845,0.684,0.525,0.651,0.038,0.047,0.214,0.657,0.023,0.414,0.618,0.751,0.250,0.093,0.539,0.418,0.268,0.000,0.418,0.035,0.233,0.000,0.031,0.000,0.091,0.114,0.718,0.282,0.359,0.641,0.000,0.000,0.000,0.000,0.000,0.000,0.000,0.000,0.209,0.105,0.423,0.582,0.076,0.419,0.139,0.049,0.300,0.178,0.313,0.018,0.084,0.024,0.000,0.004,0.127,0.000,0.007,0.073,0.077,0.012,0.000,0.295,0.091,0.322,0.101,0.527,0.081,0.094,0.021,0.106,0.070,0.815,0.078,0.560,0.523,0.576,0.304,0.081,0.050,0.057,0.096,0.187,0.226
low-appointment-capture,Low Appointment Capture,Appointment incentives are less partisan and the justice pool is less polarized.,0.750,neutral synthetic legislature,automatic-merits-follow-up,Automatic merits follow-up for emergency relief,5120,0.921,0.640,0.282,0.519,0.592,0.540,0.436,0.157,0.107,0.685,0.545,0.370,0.234,0.576,0.439,0.350,0.196,0.402,0.140,0.006,0.445,0.252,0.335,0.085,0.606,0.270,0.426,0.620,0.605,0.709,0.779,0.693,0.843,0.682,0.530,0.656,0.039,0.018,0.197,0.684,0.022,0.410,0.619,0.760,0.267,0.102,0.589,0.402,0.402,0.000,0.402,0.039,0.402,0.000,0.028,0.000,0.090,0.111,0.718,0.283,0.360,0.640,0.000,0.000,0.000,0.000,0.000,0.000,0.000,0.000,0.200,0.098,0.357,0.576,0.073,0.426,0.133,0.038,0.278,0.188,0.303,0.020,0.087,0.019,0.000,0.003,0.127,0.000,0.008,0.064,0.074,0.011,0.000,0.295,0.099,0.336,0.101,0.649,0.054,0.105,0.063,0.118,0.077,0.818,0.081,0.568,0.528,0.607,0.304,0.081,0.050,0.057,0.096,0.187,0.226
low-appointment-capture,Low Appointment Capture,Appointment incentives are less partisan and the justice pool is less polarized.,0.750,neutral synthetic legislature,strong-recusal-enforcement,Independent recusal enforcement with substitutes,5120,0.915,0.654,0.261,0.527,0.592,0.556,0.436,0.157,0.107,0.685,0.545,0.370,0.238,0.576,0.439,0.350,0.196,0.403,0.140,0.007,0.445,0.252,0.335,0.104,0.604,0.318,0.439,0.620,0.599,0.705,0.766,0.691,0.843,0.683,0.522,0.654,0.025,0.081,0.210,0.673,0.022,0.418,0.622,0.752,0.257,0.095,0.553,0.415,0.301,0.000,0.415,0.020,0.281,0.000,0.073,0.000,0.089,0.111,0.736,0.294,0.346,0.654,0.000,0.000,0.000,0.000,0.000,0.000,0.000,0.000,0.204,0.107,0.412,0.533,0.076,0.420,0.147,0.046,0.318,0.189,0.230,0.021,0.092,0.022,0.000,0.004,0.120,0.000,0.007,0.071,0.077,0.013,0.000,0.295,0.093,0.326,0.157,0.541,0.054,0.073,0.063,0.111,0.069,0.810,0.074,0.558,0.521,0.602,0.304,0.081,0.050,0.057,0.096,0.187,0.226
low-appointment-capture,Low Appointment Capture,Appointment incentives are less partisan and the justice pool is less polarized.,0.750,neutral synthetic legislature,jurisdiction-stripping-constraints,Jurisdiction stripping constrained by rights carveouts,5120,0.923,0.659,0.264,0.536,0.592,0.554,0.436,0.157,0.107,0.685,0.545,0.370,0.237,0.576,0.439,0.350,0.196,0.353,0.140,0.006,0.445,0.252,0.335,0.108,0.634,0.317,0.426,0.620,0.607,0.709,0.771,0.691,0.847,0.683,0.521,0.655,0.012,0.085,0.213,0.663,0.023,0.422,0.625,0.757,0.235,0.095,0.556,0.422,0.298,0.000,0.422,0.022,0.276,0.000,0.030,0.000,0.084,0.115,0.721,0.291,0.341,0.659,0.000,0.000,0.000,0.000,0.049,0.000,0.000,0.000,0.198,0.122,0.413,0.537,0.103,0.423,0.150,0.047,0.307,0.206,0.231,0.021,0.141,0.029,0.000,0.003,0.000,0.000,0.008,0.071,0.076,0.012,0.000,0.295,0.093,0.327,0.098,0.536,0.054,0.125,0.066,0.111,0.069,0.814,0.076,0.560,0.537,0.604,0.304,0.081,0.050,0.057,0.096,0.187,0.226
low-appointment-capture,Low Appointment Capture,Appointment incentives are less partisan and the justice pool is less polarized.,0.750,neutral synthetic legislature,legislative-override-window,Time-limited legislative override window,5120,0.919,0.654,0.265,0.526,0.592,0.546,0.436,0.157,0.107,0.685,0.545,0.370,0.238,0.576,0.439,0.350,0.196,0.403,0.140,0.007,0.445,0.252,0.335,0.100,0.603,0.318,0.426,0.620,0.602,0.704,0.767,0.689,0.843,0.681,0.519,0.657,0.012,0.083,0.210,0.658,0.023,0.425,0.622,0.752,0.241,0.097,0.545,0.415,0.295,0.000,0.415,0.023,0.271,0.000,0.030,0.000,0.090,0.112,0.713,0.287,0.346,0.654,0.000,0.000,0.000,0.000,0.052,0.006,0.030,0.000,0.205,0.121,0.410,0.537,0.119,0.418,0.150,0.049,0.309,0.203,0.220,0.015,0.070,0.017,0.203,0.004,0.084,0.000,0.009,0.076,0.076,0.012,0.000,0.295,0.096,0.335,0.157,0.563,0.054,0.031,0.052,0.111,0.070,0.810,0.075,0.556,0.520,0.592,0.304,0.081,0.050,0.057,0.096,0.187,0.226
low-appointment-capture,Low Appointment Capture,Appointment incentives are less partisan and the justice pool is less polarized.,0.750,neutral synthetic legislature,constitutional-remand,Constitutional remand before invalidation,5120,0.918,0.688,0.231,0.560,0.592,0.589,0.436,0.157,0.107,0.685,0.545,0.370,0.205,0.576,0.439,0.350,0.196,0.364,0.140,0.012,0.445,0.252,0.335,0.100,0.616,0.317,0.429,0.620,0.596,0.715,0.773,0.704,0.865,0.691,0.537,0.652,0.025,0.088,0.223,0.693,0.016,0.423,0.640,0.760,0.329,0.070,0.575,0.443,0.317,0.000,0.443,0.017,0.299,0.000,0.043,0.000,0.120,0.076,0.728,0.297,0.313,0.688,0.000,0.327,0.020,0.000,0.036,0.004,0.023,0.000,0.198,0.096,0.404,0.525,0.101,0.441,0.151,0.054,0.314,0.205,0.235,0.019,0.064,0.020,0.205,0.002,0.081,0.000,0.009,0.069,0.087,0.011,0.000,0.295,0.079,0.285,0.074,0.460,0.027,0.073,0.027,0.107,0.056,0.830,0.077,0.565,0.541,0.623,0.304,0.081,0.050,0.057,0.096,0.187,0.226
low-appointment-capture,Low Appointment Capture,Appointment incentives are less partisan and the justice pool is less polarized.,0.750,neutral synthetic legislature,public-interest-litigation-filter,Public-interest litigation filter,5120,0.927,0.691,0.236,0.568,0.592,0.598,0.436,0.157,0.107,0.685,0.545,0.370,0.237,0.576,0.439,0.350,0.196,0.318,0.140,0.010,0.445,0.252,0.335,0.105,0.605,0.317,0.429,0.620,0.600,0.705,0.773,0.690,0.852,0.681,0.517,0.665,0.026,0.088,0.224,0.677,0.026,0.429,0.634,0.751,0.272,0.109,0.580,0.441,0.319,0.000,0.441,0.021,0.297,0.000,0.041,0.000,0.095,0.109,0.712,0.300,0.309,0.691,0.000,0.000,0.000,0.092,0.000,0.000,0.000,0.000,0.202,0.107,0.407,0.545,0.076,0.448,0.152,0.047,0.317,0.199,0.252,0.021,0.099,0.027,0.000,0.004,0.129,0.000,0.005,0.079,0.076,0.015,0.000,0.295,0.107,0.390,0.137,0.559,0.054,0.125,0.063,0.119,0.079,0.818,0.078,0.553,0.515,0.601,0.304,0.081,0.050,0.057,0.096,0.187,0.226
low-appointment-capture,Low Appointment Capture,Appointment incentives are less partisan and the justice pool is less polarized.,0.750,neutral synthetic legislature,emergency-integrity-package,Emergency integrity package,5120,0.914,0.672,0.242,0.536,0.592,0.564,0.436,0.157,0.107,0.685,0.545,0.370,0.234,0.576,0.439,0.350,0.196,0.403,0.140,0.010,0.445,0.252,0.335,0.097,0.608,0.270,0.439,0.620,0.598,0.710,0.779,0.699,0.863,0.688,0.523,0.649,0.026,0.020,0.211,0.714,0.021,0.419,0.624,0.761,0.302,0.079,0.617,0.432,0.432,0.000,0.432,0.036,0.432,0.000,0.072,0.000,0.091,0.112,0.734,0.301,0.328,0.672,0.000,0.000,0.000,0.000,0.000,0.000,0.000,0.000,0.195,0.092,0.363,0.519,0.076,0.434,0.150,0.048,0.299,0.202,0.216,0.025,0.099,0.023,0.000,0.002,0.110,0.000,0.006,0.078,0.074,0.010,0.000,0.295,0.077,0.262,0.092,0.514,0.027,0.063,0.031,0.117,0.061,0.834,0.087,0.565,0.524,0.645,0.304,0.081,0.050,0.057,0.096,0.187,0.226
low-appointment-capture,Low Appointment Capture,Appointment incentives are less partisan and the justice pool is less polarized.,0.750,neutral synthetic legislature,remand-override-window-package,Constitutional remand with override window,5120,0.917,0.696,0.221,0.563,0.592,0.598,0.436,0.157,0.107,0.685,0.545,0.370,0.205,0.576,0.439,0.350,0.196,0.364,0.140,0.009,0.445,0.252,0.335,0.109,0.617,0.290,0.430,0.620,0.591,0.716,0.777,0.705,0.870,0.692,0.533,0.651,0.025,0.051,0.232,0.705,0.014,0.428,0.640,0.761,0.368,0.064,0.589,0.456,0.284,0.000,0.456,0.032,0.252,0.000,0.043,0.000,0.118,0.072,0.731,0.297,0.304,0.696,0.000,0.328,0.023,0.000,0.031,0.004,0.020,0.000,0.202,0.100,0.428,0.528,0.099,0.441,0.157,0.053,0.330,0.204,0.245,0.018,0.069,0.018,0.204,0.003,0.086,0.000,0.008,0.080,0.086,0.012,0.000,0.295,0.076,0.272,0.074,0.433,0.054,0.017,0.056,0.104,0.056,0.838,0.083,0.564,0.536,0.632,0.304,0.081,0.050,0.057,0.096,0.187,0.226
low-appointment-capture,Low Appointment Capture,Appointment incentives are less partisan and the justice pool is less polarized.,0.750,neutral synthetic legislature,panel-jurisdiction-safeguards,Random panels with jurisdiction safeguards,5120,0.919,0.658,0.260,0.530,0.592,0.559,0.436,0.157,0.107,0.685,0.545,0.370,0.237,0.576,0.439,0.350,0.196,0.323,0.140,0.008,0.445,0.252,0.335,0.101,0.632,0.302,0.603,0.620,0.598,0.708,0.763,0.688,0.848,0.673,0.521,0.650,0.039,0.073,0.222,0.715,0.023,0.425,0.622,0.758,0.286,0.089,0.525,0.431,0.219,0.000,0.431,0.039,0.180,0.212,0.534,0.000,0.129,0.072,0.673,0.242,0.756,0.244,0.000,0.000,0.000,0.000,0.051,0.000,0.000,0.000,0.197,0.118,0.446,0.546,0.104,0.413,0.146,0.052,0.314,0.194,0.241,0.026,0.133,0.030,0.000,0.003,0.000,0.000,0.009,0.074,0.092,0.012,0.000,0.295,0.087,0.305,0.134,0.473,0.108,0.042,0.094,0.103,0.068,0.819,0.084,0.557,0.536,0.651,0.304,0.081,0.050,0.057,0.096,0.187,0.226
low-appointment-capture,Low Appointment Capture,Appointment incentives are less partisan and the justice pool is less polarized.,0.750,neutral synthetic legislature,council-concrete-hybrid,Constitutional council with concrete-review backstop,5120,0.916,0.659,0.258,0.530,0.592,0.551,0.436,0.157,0.107,0.685,0.545,0.370,0.236,0.576,0.439,0.350,0.196,0.393,0.140,0.009,0.445,0.252,0.335,0.105,0.642,0.316,0.532,0.620,0.594,0.712,0.766,0.699,0.854,0.687,0.535,0.647,0.017,0.082,0.208,0.731,0.016,0.422,0.629,0.764,0.317,0.074,0.553,0.412,0.295,0.000,0.412,0.016,0.278,0.000,0.405,0.000,0.127,0.111,0.703,0.280,0.764,0.236,0.000,0.267,0.000,0.000,0.036,0.004,0.027,0.000,0.202,0.107,0.406,0.532,0.109,0.424,0.148,0.049,0.295,0.204,0.227,0.016,0.069,0.016,0.204,0.003,0.080,0.000,0.008,0.069,0.077,0.010,0.000,0.295,0.074,0.271,0.059,0.396,0.027,0.031,0.052,0.105,0.053,0.821,0.073,0.563,0.537,0.665,0.304,0.081,0.050,0.057,0.096,0.187,0.226
extreme-appointment-capture,Extreme Appointment Capture,Appointment incentives are highly partisan and vacancies become ideological leverage points.,1.000,neutral synthetic legislature,current-us-like,Stylized current U.S.-like supreme court,5120,0.926,0.654,0.271,0.523,0.576,0.547,0.417,0.159,0.105,0.662,0.547,0.437,0.267,0.577,0.442,0.350,0.197,0.454,0.139,0.007,0.448,0.249,0.333,0.110,0.596,0.468,0.425,0.619,0.584,0.684,0.699,0.679,0.818,0.684,0.509,0.649,0.052,0.271,0.294,0.522,0.018,0.442,0.614,0.697,0.170,0.070,0.377,0.449,0.025,0.025,0.000,0.025,0.000,0.000,0.021,0.000,0.040,0.316,0.709,0.354,0.346,0.654,0.000,0.000,0.000,0.000,0.000,0.000,0.000,0.000,0.244,0.097,0.565,0.597,0.076,0.425,0.142,0.047,0.332,0.194,0.329,0.020,0.088,0.021,0.000,0.007,0.135,0.000,0.008,0.067,0.078,0.011,0.000,0.310,0.094,0.286,0.155,0.593,0.061,0.065,0.080,0.088,0.053,0.750,0.130,0.527,0.506,0.424,0.316,0.079,0.054,0.056,0.086,0.178,0.231
extreme-appointment-capture,Extreme Appointment Capture,Appointment incentives are highly partisan and vacancies become ideological leverage points.,1.000,neutral synthetic legislature,term-limited-balanced,18-year staggered terms + regular appointments,5120,0.911,0.644,0.266,0.509,0.576,0.534,0.417,0.159,0.105,0.662,0.547,0.437,0.258,0.577,0.442,0.350,0.197,0.415,0.139,0.009,0.448,0.249,0.333,0.093,0.605,0.319,0.433,0.619,0.604,0.701,0.760,0.689,0.839,0.680,0.523,0.652,0.056,0.082,0.210,0.653,0.023,0.417,0.619,0.745,0.208,0.106,0.536,0.413,0.301,0.000,0.413,0.022,0.278,0.000,0.062,0.000,0.080,0.107,0.694,0.284,0.356,0.644,0.000,0.000,0.000,0.000,0.000,0.000,0.000,0.000,0.213,0.106,0.400,0.584,0.077,0.418,0.136,0.041,0.299,0.194,0.311,0.020,0.088,0.020,0.000,0.004,0.136,0.000,0.008,0.068,0.081,0.010,0.000,0.310,0.102,0.355,0.142,0.449,0.121,0.076,0.100,0.113,0.077,0.807,0.073,0.551,0.519,0.570,0.316,0.079,0.054,0.056,0.086,0.178,0.231
extreme-appointment-capture,Extreme Appointment Capture,Appointment incentives are highly partisan and vacancies become ideological leverage points.,1.000,neutral synthetic legislature,nonpartisan-commission,Nonpartisan commission appointments,5120,0.923,0.673,0.251,0.544,0.576,0.573,0.417,0.159,0.105,0.662,0.547,0.437,0.259,0.577,0.442,0.350,0.197,0.415,0.139,0.007,0.448,0.249,0.333,0.106,0.607,0.320,0.438,0.619,0.601,0.700,0.761,0.688,0.844,0.679,0.517,0.660,0.042,0.087,0.219,0.673,0.027,0.429,0.630,0.747,0.239,0.114,0.566,0.429,0.304,0.000,0.429,0.027,0.277,0.000,0.082,0.000,0.090,0.109,0.697,0.292,0.327,0.673,0.000,0.000,0.000,0.000,0.000,0.000,0.000,0.000,0.210,0.114,0.414,0.545,0.078,0.432,0.150,0.046,0.320,0.200,0.235,0.024,0.093,0.024,0.000,0.005,0.133,0.000,0.008,0.074,0.081,0.014,0.000,0.310,0.110,0.369,0.167,0.539,0.121,0.097,0.110,0.118,0.083,0.811,0.077,0.548,0.513,0.597,0.316,0.079,0.054,0.056,0.086,0.178,0.231
extreme-appointment-capture,Extreme Appointment Capture,Appointment incentives are highly partisan and vacancies become ideological leverage points.,1.000,neutral synthetic legislature,expanded-court-fifteen,Expanded 15-seat court,5120,0.924,0.659,0.265,0.529,0.576,0.556,0.417,0.159,0.105,0.662,0.547,0.437,0.258,0.577,0.442,0.350,0.197,0.415,0.139,0.012,0.448,0.249,0.333,0.099,0.606,0.319,0.443,0.619,0.597,0.699,0.762,0.690,0.844,0.681,0.520,0.653,0.035,0.084,0.218,0.674,0.025,0.423,0.625,0.748,0.251,0.105,0.551,0.423,0.312,0.000,0.423,0.022,0.290,0.000,0.064,0.000,0.098,0.425,0.748,0.402,0.341,0.659,0.000,0.000,0.000,0.000,0.000,0.000,0.000,0.000,0.216,0.108,0.411,0.589,0.078,0.428,0.144,0.051,0.312,0.190,0.321,0.018,0.091,0.025,0.000,0.004,0.131,0.000,0.007,0.073,0.081,0.010,0.000,0.310,0.102,0.345,0.176,0.494,0.061,0.065,0.090,0.115,0.076,0.801,0.075,0.550,0.517,0.592,0.316,0.079,0.054,0.056,0.086,0.178,0.231
extreme-appointment-capture,Extreme Appointment Capture,Appointment incentives are highly partisan and vacancies become ideological leverage points.,1.000,neutral synthetic legislature,supermajority-review,60 percent invalidation threshold,5120,0.921,0.645,0.276,0.521,0.576,0.537,0.417,0.159,0.105,0.662,0.547,0.437,0.260,0.577,0.442,0.350,0.197,0.414,0.139,0.009,0.448,0.249,0.333,0.102,0.604,0.304,0.433,0.619,0.601,0.700,0.758,0.691,0.849,0.677,0.520,0.639,0.059,0.073,0.222,0.644,0.018,0.419,0.612,0.739,0.205,0.075,0.514,0.424,0.212,0.000,0.424,0.038,0.174,0.212,0.059,0.000,0.043,0.110,0.697,0.283,0.355,0.645,0.000,0.000,0.000,0.000,0.000,0.000,0.000,0.000,0.215,0.094,0.447,0.583,0.074,0.415,0.140,0.044,0.310,0.190,0.321,0.020,0.089,0.019,0.000,0.004,0.126,0.000,0.009,0.073,0.075,0.011,0.000,0.310,0.074,0.258,0.068,0.354,0.030,0.032,0.054,0.097,0.059,0.816,0.082,0.550,0.517,0.559,0.316,0.079,0.054,0.056,0.086,0.178,0.231
extreme-appointment-capture,Extreme Appointment Capture,Appointment incentives are highly partisan and vacancies become ideological leverage points.,1.000,neutral synthetic legislature,recusal-and-emergency-reform,Peer recusal + reasoned emergency docket,5120,0.925,0.651,0.274,0.520,0.576,0.549,0.417,0.159,0.105,0.662,0.547,0.437,0.260,0.577,0.442,0.350,0.197,0.414,0.139,0.008,0.448,0.249,0.333,0.108,0.606,0.319,0.441,0.619,0.598,0.699,0.758,0.687,0.837,0.680,0.519,0.653,0.065,0.084,0.213,0.663,0.026,0.421,0.623,0.743,0.241,0.108,0.541,0.419,0.298,0.000,0.419,0.020,0.278,0.000,0.100,0.000,0.088,0.110,0.699,0.286,0.349,0.651,0.000,0.000,0.000,0.000,0.000,0.000,0.000,0.000,0.217,0.118,0.408,0.586,0.081,0.408,0.154,0.047,0.298,0.202,0.317,0.019,0.097,0.024,0.000,0.003,0.127,0.000,0.007,0.077,0.085,0.011,0.000,0.310,0.105,0.350,0.096,0.531,0.121,0.108,0.130,0.114,0.078,0.805,0.074,0.548,0.514,0.578,0.316,0.079,0.054,0.056,0.086,0.178,0.231
extreme-appointment-capture,Extreme Appointment Capture,Appointment incentives are highly partisan and vacancies become ideological leverage points.,1.000,neutral synthetic legislature,panel-en-banc,Three-judge panels with en banc correction,5120,0.919,0.671,0.249,0.535,0.576,0.560,0.417,0.159,0.105,0.662,0.547,0.437,0.258,0.577,0.442,0.350,0.197,0.385,0.139,0.007,0.448,0.249,0.333,0.099,0.607,0.320,0.547,0.619,0.598,0.701,0.758,0.691,0.848,0.682,0.519,0.652,0.066,0.087,0.219,0.723,0.025,0.426,0.626,0.749,0.253,0.100,0.562,0.432,0.308,0.000,0.432,0.025,0.283,0.000,0.491,0.000,0.359,0.074,0.629,0.245,0.746,0.254,0.000,0.000,0.000,0.000,0.000,0.000,0.000,0.000,0.207,0.104,0.410,0.538,0.079,0.430,0.149,0.049,0.318,0.202,0.236,0.025,0.097,0.023,0.000,0.003,0.131,0.000,0.009,0.077,0.078,0.011,0.000,0.310,0.098,0.336,0.157,0.436,0.091,0.161,0.110,0.114,0.073,0.820,0.078,0.549,0.515,0.644,0.316,0.079,0.054,0.056,0.086,0.178,0.231
extreme-appointment-capture,Extreme Appointment Capture,Appointment incentives are highly partisan and vacancies become ideological leverage points.,1.000,neutral synthetic legislature,cross-checking-courts,Supreme court with cross-checking constitutional court,5120,0.919,0.666,0.252,0.541,0.576,0.559,0.417,0.159,0.105,0.662,0.547,0.437,0.239,0.577,0.442,0.350,0.197,0.415,0.139,0.009,0.448,0.249,0.333,0.102,0.625,0.304,0.454,0.619,0.580,0.700,0.763,0.680,0.844,0.675,0.498,0.637,0.030,0.073,0.225,0.682,0.015,0.455,0.616,0.748,0.330,0.069,0.533,0.435,0.218,0.000,0.435,0.037,0.180,0.217,0.160,0.000,0.119,0.111,0.701,0.289,0.334,0.666,0.175,0.000,0.000,0.000,0.000,0.000,0.000,0.000,0.207,0.091,0.444,0.555,0.070,0.437,0.140,0.044,0.312,0.186,0.238,0.018,0.089,0.025,0.000,0.006,0.130,0.000,0.010,0.072,0.079,0.011,0.000,0.310,0.067,0.231,0.090,0.296,0.091,0.065,0.083,0.106,0.054,0.811,0.083,0.552,0.497,0.606,0.316,0.079,0.054,0.056,0.086,0.178,0.231
extreme-appointment-capture,Extreme Appointment Capture,Appointment incentives are highly partisan and vacancies become ideological leverage points.,1.000,neutral synthetic legislature,dual-supreme-courts,Dual supreme courts with disagreement filter,5120,0.919,0.662,0.256,0.529,0.576,0.555,0.417,0.159,0.105,0.662,0.547,0.437,0.261,0.577,0.442,0.350,0.197,0.415,0.139,0.009,0.448,0.249,0.333,0.109,0.604,0.304,0.461,0.619,0.571,0.687,0.761,0.665,0.817,0.664,0.490,0.656,0.027,0.077,0.229,0.684,0.029,0.463,0.625,0.745,0.370,0.109,0.520,0.440,0.215,0.000,0.440,0.040,0.175,0.225,0.158,0.000,0.118,0.111,0.718,0.295,0.338,0.662,0.186,0.000,0.000,0.000,0.000,0.000,0.000,0.000,0.215,0.120,0.451,0.578,0.076,0.437,0.147,0.045,0.317,0.192,0.254,0.021,0.093,0.022,0.000,0.008,0.134,0.000,0.008,0.076,0.076,0.011,0.000,0.310,0.105,0.367,0.167,0.477,0.030,0.032,0.080,0.118,0.082,0.784,0.085,0.540,0.487,0.606,0.316,0.079,0.054,0.056,0.086,0.178,0.231
extreme-appointment-capture,Extreme Appointment Capture,Appointment incentives are highly partisan and vacancies become ideological leverage points.,1.000,neutral synthetic legislature,comparative-constitutional-senates,Comparative 16-seat constitutional senates,5120,0.923,0.653,0.271,0.522,0.576,0.541,0.417,0.159,0.105,0.662,0.547,0.437,0.260,0.577,0.442,0.350,0.197,0.444,0.139,0.009,0.448,0.249,0.333,0.102,0.604,0.304,0.596,0.619,0.589,0.701,0.751,0.693,0.854,0.680,0.520,0.635,0.036,0.073,0.219,0.711,0.015,0.421,0.612,0.749,0.283,0.064,0.515,0.421,0.208,0.000,0.421,0.039,0.170,0.212,0.485,0.000,0.127,0.111,0.694,0.276,0.757,0.243,0.000,0.000,0.000,0.000,0.000,0.000,0.000,0.000,0.206,0.087,0.441,0.526,0.073,0.428,0.139,0.047,0.312,0.192,0.225,0.020,0.093,0.022,0.000,0.002,0.111,0.000,0.009,0.074,0.065,0.010,0.000,0.310,0.063,0.225,0.083,0.272,0.030,0.044,0.050,0.094,0.051,0.821,0.082,0.550,0.521,0.638,0.316,0.079,0.054,0.056,0.086,0.178,0.231
extreme-appointment-capture,Extreme Appointment Capture,Appointment incentives are highly partisan and vacancies become ideological leverage points.,1.000,neutral synthetic legislature,constitutional-council,Pre-enactment constitutional council,5120,0.915,0.667,0.248,0.537,0.576,0.556,0.417,0.159,0.105,0.662,0.547,0.437,0.258,0.577,0.442,0.350,0.197,0.405,0.139,0.010,0.448,0.249,0.333,0.110,0.645,0.319,0.492,0.619,0.594,0.706,0.763,0.696,0.851,0.683,0.529,0.648,0.050,0.086,0.217,0.728,0.021,0.431,0.634,0.756,0.306,0.088,0.554,0.428,0.302,0.000,0.428,0.020,0.282,0.000,0.339,0.000,0.131,0.074,0.681,0.266,0.752,0.248,0.000,0.278,0.000,0.000,0.046,0.006,0.031,0.000,0.207,0.114,0.410,0.535,0.115,0.435,0.149,0.052,0.306,0.211,0.227,0.016,0.066,0.017,0.211,0.003,0.080,0.000,0.009,0.073,0.079,0.011,0.000,0.310,0.087,0.302,0.074,0.416,0.030,0.076,0.074,0.110,0.063,0.820,0.075,0.553,0.532,0.657,0.316,0.079,0.054,0.056,0.086,0.178,0.231
extreme-appointment-capture,Extreme Appointment Capture,Appointment incentives are highly partisan and vacancies become ideological leverage points.,1.000,neutral synthetic legislature,legislative-override,Judicial review with legislative supermajority override,5120,0.924,0.670,0.254,0.539,0.576,0.564,0.417,0.159,0.105,0.662,0.547,0.437,0.259,0.577,0.442,0.350,0.197,0.415,0.139,0.008,0.448,0.249,0.333,0.103,0.607,0.320,0.434,0.619,0.599,0.700,0.763,0.688,0.848,0.679,0.514,0.656,0.027,0.087,0.218,0.669,0.023,0.434,0.629,0.749,0.246,0.103,0.559,0.430,0.307,0.000,0.430,0.022,0.285,0.000,0.061,0.000,0.095,0.113,0.709,0.295,0.330,0.670,0.000,0.000,0.000,0.000,0.056,0.006,0.036,0.000,0.210,0.123,0.407,0.545,0.125,0.429,0.152,0.057,0.312,0.205,0.232,0.018,0.064,0.020,0.205,0.004,0.081,0.000,0.008,0.077,0.080,0.010,0.000,0.310,0.100,0.351,0.120,0.453,0.061,0.011,0.090,0.115,0.074,0.814,0.075,0.548,0.516,0.600,0.316,0.079,0.054,0.056,0.086,0.178,0.231
extreme-appointment-capture,Extreme Appointment Capture,Appointment incentives are highly partisan and vacancies become ideological leverage points.,1.000,neutral synthetic legislature,accountability-retention-court,Retention-election accountability court,5120,0.924,0.668,0.255,0.536,0.576,0.563,0.417,0.159,0.105,0.662,0.547,0.437,0.260,0.577,0.442,0.350,0.197,0.415,0.139,0.007,0.448,0.249,0.333,0.113,0.607,0.320,0.435,0.619,0.598,0.699,0.760,0.691,0.852,0.684,0.513,0.645,0.045,0.087,0.223,0.669,0.022,0.431,0.628,0.744,0.239,0.092,0.563,0.439,0.314,0.000,0.439,0.020,0.294,0.000,0.068,0.000,0.137,0.315,0.721,0.360,0.332,0.668,0.000,0.000,0.000,0.000,0.047,0.018,0.000,0.001,0.207,0.110,0.416,0.538,0.085,0.426,0.151,0.046,0.317,0.195,0.226,0.014,0.068,0.017,0.195,0.002,0.085,0.000,0.008,0.074,0.083,0.011,0.000,0.310,0.090,0.310,0.087,0.432,0.061,0.065,0.070,0.112,0.064,0.811,0.077,0.548,0.515,0.597,0.316,0.079,0.054,0.056,0.086,0.178,0.231
extreme-appointment-capture,Extreme Appointment Capture,Appointment incentives are highly partisan and vacancies become ideological leverage points.,1.000,neutral synthetic legislature,emergency-restraint-court,No emergency relief without merits review,5120,0.919,0.669,0.250,0.537,0.576,0.562,0.417,0.159,0.105,0.662,0.547,0.437,0.256,0.577,0.442,0.350,0.197,0.415,0.139,0.010,0.448,0.249,0.333,0.104,0.610,0.254,0.449,0.619,0.604,0.706,0.779,0.697,0.860,0.686,0.521,0.647,0.046,0.012,0.209,0.720,0.023,0.420,0.624,0.760,0.257,0.086,0.613,0.424,0.424,0.000,0.424,0.000,0.424,0.000,0.133,0.000,0.088,0.112,0.700,0.292,0.331,0.669,0.000,0.000,0.000,0.000,0.000,0.000,0.000,0.000,0.197,0.101,0.360,0.522,0.073,0.428,0.156,0.042,0.310,0.197,0.217,0.021,0.108,0.024,0.000,0.003,0.114,0.000,0.009,0.084,0.074,0.014,0.000,0.310,0.085,0.286,0.102,0.432,0.091,0.044,0.070,0.118,0.059,0.836,0.067,0.557,0.519,0.648,0.316,0.079,0.054,0.056,0.086,0.178,0.231
extreme-appointment-capture,Extreme Appointment Capture,Appointment incentives are highly partisan and vacancies become ideological leverage points.,1.000,neutral synthetic legislature,randomized-merits-panels,Randomized merits panels with en banc correction,5120,0.921,0.672,0.250,0.540,0.576,0.565,0.417,0.159,0.105,0.662,0.547,0.437,0.259,0.577,0.442,0.350,0.197,0.385,0.139,0.008,0.448,0.249,0.333,0.105,0.607,0.319,0.579,0.619,0.597,0.701,0.755,0.691,0.848,0.683,0.518,0.652,0.066,0.086,0.221,0.726,0.022,0.425,0.627,0.749,0.262,0.099,0.563,0.436,0.313,0.000,0.436,0.023,0.290,0.000,0.518,0.000,0.134,0.074,0.662,0.247,0.748,0.252,0.000,0.000,0.000,0.000,0.000,0.000,0.000,0.000,0.205,0.103,0.407,0.538,0.076,0.442,0.141,0.042,0.303,0.204,0.239,0.025,0.091,0.021,0.000,0.005,0.121,0.000,0.009,0.069,0.074,0.010,0.000,0.310,0.096,0.321,0.142,0.477,0.061,0.032,0.140,0.114,0.072,0.819,0.076,0.549,0.518,0.647,0.316,0.079,0.054,0.056,0.086,0.178,0.231
extreme-appointment-capture,Extreme Appointment Capture,Appointment incentives are highly partisan and vacancies become ideological leverage points.,1.000,neutral synthetic legislature,mandatory-written-emergency-reasoning,Mandatory written emergency reasoning,5120,0.915,0.647,0.268,0.524,0.576,0.540,0.417,0.159,0.105,0.662,0.547,0.437,0.259,0.577,0.442,0.350,0.197,0.415,0.139,0.008,0.448,0.249,0.333,0.102,0.606,0.291,0.433,0.619,0.600,0.702,0.764,0.692,0.847,0.683,0.521,0.648,0.059,0.048,0.217,0.663,0.023,0.419,0.620,0.746,0.251,0.097,0.548,0.419,0.269,0.000,0.419,0.038,0.231,0.000,0.062,0.000,0.092,0.111,0.707,0.288,0.353,0.647,0.000,0.000,0.000,0.000,0.000,0.000,0.000,0.000,0.212,0.100,0.423,0.586,0.075,0.422,0.135,0.042,0.304,0.189,0.318,0.019,0.083,0.020,0.000,0.005,0.127,0.000,0.009,0.070,0.072,0.010,0.000,0.310,0.094,0.316,0.114,0.490,0.091,0.032,0.070,0.107,0.073,0.817,0.079,0.552,0.519,0.579,0.316,0.079,0.054,0.056,0.086,0.178,0.231
extreme-appointment-capture,Extreme Appointment Capture,Appointment incentives are highly partisan and vacancies become ideological leverage points.,1.000,neutral synthetic legislature,automatic-merits-follow-up,Automatic merits follow-up for emergency relief,5120,0.920,0.646,0.274,0.512,0.576,0.541,0.417,0.159,0.105,0.662,0.547,0.437,0.257,0.577,0.442,0.350,0.197,0.414,0.139,0.007,0.448,0.249,0.333,0.099,0.609,0.273,0.433,0.619,0.601,0.704,0.773,0.692,0.846,0.681,0.523,0.652,0.059,0.019,0.203,0.689,0.025,0.416,0.622,0.754,0.270,0.106,0.593,0.411,0.411,0.000,0.411,0.041,0.411,0.000,0.060,0.000,0.089,0.113,0.708,0.288,0.354,0.646,0.000,0.000,0.000,0.000,0.000,0.000,0.000,0.000,0.207,0.108,0.365,0.584,0.074,0.416,0.140,0.044,0.298,0.178,0.315,0.020,0.091,0.020,0.000,0.005,0.125,0.000,0.009,0.070,0.074,0.012,0.000,0.310,0.103,0.328,0.167,0.601,0.061,0.065,0.060,0.121,0.080,0.820,0.082,0.557,0.520,0.608,0.316,0.079,0.054,0.056,0.086,0.178,0.231
extreme-appointment-capture,Extreme Appointment Capture,Appointment incentives are highly partisan and vacancies become ideological leverage points.,1.000,neutral synthetic legislature,strong-recusal-enforcement,Independent recusal enforcement with substitutes,5120,0.922,0.673,0.249,0.548,0.576,0.573,0.417,0.159,0.105,0.662,0.547,0.437,0.257,0.577,0.442,0.350,0.197,0.415,0.139,0.011,0.448,0.249,0.333,0.093,0.607,0.320,0.456,0.619,0.599,0.701,0.764,0.692,0.849,0.681,0.521,0.655,0.040,0.085,0.216,0.692,0.025,0.426,0.629,0.751,0.262,0.106,0.561,0.426,0.301,0.000,0.426,0.021,0.280,0.000,0.137,0.000,0.090,0.109,0.723,0.300,0.327,0.673,0.000,0.000,0.000,0.000,0.000,0.000,0.000,0.000,0.206,0.098,0.411,0.539,0.075,0.449,0.136,0.042,0.321,0.200,0.235,0.024,0.090,0.021,0.000,0.004,0.120,0.000,0.009,0.068,0.074,0.010,0.000,0.310,0.103,0.359,0.167,0.461,0.121,0.065,0.070,0.115,0.076,0.815,0.076,0.551,0.522,0.617,0.316,0.079,0.054,0.056,0.086,0.178,0.231
extreme-appointment-capture,Extreme Appointment Capture,Appointment incentives are highly partisan and vacancies become ideological leverage points.,1.000,neutral synthetic legislature,jurisdiction-stripping-constraints,Jurisdiction stripping constrained by rights carveouts,5120,0.921,0.665,0.256,0.529,0.576,0.558,0.417,0.159,0.105,0.662,0.547,0.437,0.258,0.577,0.442,0.350,0.197,0.365,0.139,0.007,0.448,0.249,0.333,0.107,0.636,0.320,0.433,0.619,0.605,0.704,0.768,0.689,0.846,0.681,0.517,0.653,0.027,0.085,0.216,0.667,0.022,0.429,0.628,0.753,0.237,0.103,0.553,0.424,0.302,0.000,0.424,0.021,0.281,0.000,0.059,0.000,0.099,0.112,0.705,0.293,0.335,0.665,0.000,0.000,0.000,0.000,0.055,0.000,0.000,0.000,0.201,0.130,0.413,0.542,0.107,0.422,0.158,0.050,0.319,0.198,0.229,0.024,0.150,0.027,0.000,0.005,0.000,0.000,0.010,0.076,0.085,0.012,0.000,0.310,0.101,0.340,0.185,0.486,0.091,0.032,0.080,0.114,0.074,0.813,0.075,0.551,0.532,0.606,0.316,0.079,0.054,0.056,0.086,0.178,0.231
extreme-appointment-capture,Extreme Appointment Capture,Appointment incentives are highly partisan and vacancies become ideological leverage points.,1.000,neutral synthetic legislature,legislative-override-window,Time-limited legislative override window,5120,0.924,0.668,0.256,0.534,0.576,0.565,0.417,0.159,0.105,0.662,0.547,0.437,0.259,0.577,0.442,0.350,0.197,0.415,0.139,0.007,0.448,0.249,0.333,0.108,0.607,0.319,0.434,0.619,0.598,0.699,0.763,0.689,0.848,0.680,0.513,0.653,0.027,0.086,0.219,0.669,0.024,0.433,0.627,0.748,0.246,0.099,0.558,0.433,0.308,0.000,0.433,0.021,0.288,0.000,0.061,0.000,0.094,0.110,0.713,0.294,0.332,0.668,0.000,0.000,0.000,0.000,0.052,0.007,0.031,0.000,0.210,0.119,0.407,0.546,0.115,0.426,0.150,0.051,0.306,0.206,0.243,0.017,0.064,0.016,0.206,0.004,0.083,0.000,0.007,0.074,0.086,0.012,0.000,0.310,0.096,0.325,0.130,0.477,0.091,0.032,0.080,0.113,0.070,0.814,0.076,0.548,0.515,0.598,0.316,0.079,0.054,0.056,0.086,0.178,0.231
extreme-appointment-capture,Extreme Appointment Capture,Appointment incentives are highly partisan and vacancies become ideological leverage points.,1.000,neutral synthetic legislature,constitutional-remand,Constitutional remand before invalidation,5120,0.920,0.687,0.233,0.553,0.576,0.578,0.417,0.159,0.105,0.662,0.547,0.437,0.225,0.577,0.442,0.350,0.197,0.376,0.139,0.009,0.448,0.249,0.333,0.100,0.619,0.320,0.439,0.619,0.594,0.711,0.767,0.703,0.864,0.690,0.533,0.649,0.043,0.091,0.231,0.698,0.016,0.428,0.639,0.754,0.331,0.071,0.572,0.456,0.324,0.000,0.456,0.022,0.303,0.000,0.084,0.000,0.122,0.074,0.714,0.289,0.313,0.687,0.000,0.336,0.027,0.000,0.037,0.005,0.024,0.000,0.203,0.100,0.410,0.531,0.107,0.441,0.156,0.054,0.318,0.206,0.239,0.020,0.067,0.022,0.206,0.003,0.080,0.000,0.008,0.076,0.081,0.012,0.000,0.310,0.084,0.295,0.100,0.387,0.077,0.065,0.046,0.108,0.059,0.829,0.080,0.558,0.536,0.624,0.316,0.079,0.054,0.056,0.086,0.178,0.231
extreme-appointment-capture,Extreme Appointment Capture,Appointment incentives are highly partisan and vacancies become ideological leverage points.,1.000,neutral synthetic legislature,public-interest-litigation-filter,Public-interest litigation filter,5120,0.925,0.698,0.227,0.569,0.576,0.593,0.417,0.159,0.105,0.662,0.547,0.437,0.259,0.577,0.442,0.350,0.197,0.331,0.139,0.009,0.448,0.249,0.333,0.113,0.608,0.321,0.439,0.619,0.597,0.700,0.768,0.688,0.852,0.678,0.511,0.664,0.043,0.090,0.228,0.686,0.027,0.436,0.637,0.747,0.275,0.118,0.586,0.447,0.320,0.000,0.447,0.025,0.296,0.000,0.081,0.000,0.096,0.109,0.700,0.303,0.302,0.698,0.000,0.000,0.000,0.078,0.000,0.000,0.000,0.000,0.207,0.114,0.414,0.544,0.080,0.447,0.159,0.054,0.328,0.205,0.240,0.027,0.097,0.028,0.000,0.006,0.132,0.000,0.007,0.083,0.083,0.013,0.000,0.310,0.115,0.402,0.167,0.514,0.121,0.065,0.090,0.122,0.085,0.818,0.080,0.544,0.508,0.608,0.316,0.079,0.054,0.056,0.086,0.178,0.231
extreme-appointment-capture,Extreme Appointment Capture,Appointment incentives are highly partisan and vacancies become ideological leverage points.,1.000,neutral synthetic legislature,emergency-integrity-package,Emergency integrity package,5120,0.922,0.671,0.252,0.541,0.576,0.558,0.417,0.159,0.105,0.662,0.547,0.437,0.255,0.577,0.442,0.350,0.197,0.415,0.139,0.006,0.448,0.249,0.333,0.093,0.611,0.273,0.455,0.619,0.597,0.706,0.777,0.698,0.861,0.686,0.522,0.648,0.037,0.020,0.214,0.732,0.021,0.422,0.624,0.760,0.302,0.086,0.627,0.435,0.435,0.000,0.435,0.047,0.435,0.000,0.134,0.000,0.090,0.108,0.719,0.298,0.329,0.671,0.000,0.000,0.000,0.000,0.000,0.000,0.000,0.000,0.198,0.092,0.365,0.529,0.073,0.439,0.141,0.046,0.307,0.191,0.226,0.023,0.096,0.021,0.000,0.003,0.117,0.000,0.010,0.070,0.081,0.010,0.000,0.310,0.085,0.286,0.096,0.440,0.061,0.032,0.070,0.119,0.068,0.833,0.086,0.560,0.523,0.659,0.316,0.079,0.054,0.056,0.086,0.178,0.231
extreme-appointment-capture,Extreme Appointment Capture,Appointment incentives are highly partisan and vacancies become ideological leverage points.,1.000,neutral synthetic legislature,remand-override-window-package,Constitutional remand with override window,5120,0.924,0.692,0.231,0.559,0.576,0.587,0.417,0.159,0.105,0.662,0.547,0.437,0.225,0.577,0.442,0.350,0.197,0.376,0.139,0.011,0.448,0.249,0.333,0.104,0.620,0.292,0.438,0.619,0.591,0.712,0.775,0.704,0.867,0.689,0.533,0.651,0.042,0.048,0.226,0.712,0.017,0.430,0.642,0.760,0.367,0.076,0.591,0.443,0.293,0.000,0.443,0.034,0.259,0.000,0.081,0.000,0.127,0.074,0.715,0.294,0.308,0.692,0.000,0.333,0.025,0.000,0.038,0.005,0.024,0.000,0.204,0.104,0.417,0.531,0.106,0.443,0.158,0.056,0.326,0.207,0.245,0.018,0.067,0.016,0.207,0.004,0.087,0.000,0.010,0.074,0.084,0.010,0.000,0.310,0.088,0.296,0.149,0.420,0.064,0.082,0.111,0.107,0.064,0.836,0.081,0.559,0.535,0.638,0.316,0.079,0.054,0.056,0.086,0.178,0.231
extreme-appointment-capture,Extreme Appointment Capture,Appointment incentives are highly partisan and vacancies become ideological leverage points.,1.000,neutral synthetic legislature,panel-jurisdiction-safeguards,Random panels with jurisdiction safeguards,5120,0.921,0.669,0.252,0.540,0.576,0.565,0.417,0.159,0.105,0.662,0.547,0.437,0.258,0.577,0.442,0.350,0.197,0.335,0.139,0.009,0.448,0.249,0.333,0.107,0.635,0.304,0.614,0.619,0.596,0.704,0.759,0.688,0.851,0.672,0.517,0.650,0.065,0.072,0.223,0.727,0.025,0.431,0.626,0.754,0.288,0.096,0.537,0.429,0.217,0.000,0.429,0.036,0.181,0.212,0.557,0.000,0.138,0.074,0.670,0.250,0.743,0.257,0.000,0.000,0.000,0.000,0.047,0.000,0.000,0.000,0.199,0.118,0.444,0.544,0.098,0.431,0.147,0.046,0.321,0.192,0.236,0.028,0.144,0.026,0.000,0.006,0.000,0.000,0.010,0.078,0.078,0.011,0.000,0.310,0.092,0.322,0.130,0.412,0.061,0.108,0.060,0.106,0.072,0.822,0.082,0.549,0.534,0.660,0.316,0.079,0.054,0.056,0.086,0.178,0.231
extreme-appointment-capture,Extreme Appointment Capture,Appointment incentives are highly partisan and vacancies become ideological leverage points.,1.000,neutral synthetic legislature,council-concrete-hybrid,Constitutional council with concrete-review backstop,5120,0.921,0.659,0.262,0.525,0.576,0.550,0.417,0.159,0.105,0.662,0.547,0.437,0.256,0.577,0.442,0.350,0.197,0.405,0.139,0.006,0.448,0.249,0.333,0.095,0.644,0.319,0.537,0.619,0.591,0.708,0.762,0.699,0.853,0.687,0.534,0.641,0.035,0.085,0.214,0.730,0.018,0.425,0.629,0.759,0.319,0.073,0.550,0.422,0.299,0.000,0.422,0.019,0.280,0.000,0.418,0.000,0.129,0.112,0.699,0.279,0.743,0.257,0.000,0.274,0.000,0.000,0.035,0.004,0.024,0.001,0.205,0.105,0.409,0.539,0.105,0.412,0.157,0.053,0.300,0.197,0.242,0.015,0.069,0.016,0.197,0.003,0.079,0.000,0.008,0.079,0.078,0.010,0.000,0.310,0.072,0.253,0.074,0.337,0.000,0.032,0.050,0.104,0.053,0.820,0.075,0.558,0.535,0.660,0.316,0.079,0.054,0.056,0.086,0.178,0.231
low-emergency-pressure,Low Emergency Pressure,Few cases arrive through urgent stay requests or executive emergency disputes.,0.750,neutral synthetic legislature,current-us-like,Stylized current U.S.-like supreme court,5120,0.918,0.645,0.273,0.520,0.602,0.554,0.437,0.165,0.102,0.671,0.546,0.387,0.246,0.577,0.429,0.362,0.195,0.445,0.148,0.008,0.438,0.243,0.326,0.104,0.598,0.424,0.414,0.620,0.597,0.694,0.724,0.684,0.821,0.684,0.521,0.650,0.044,0.214,0.229,0.544,0.019,0.421,0.616,0.719,0.164,0.086,0.404,0.359,0.018,0.018,0.000,0.018,0.000,0.000,0.015,0.000,0.045,0.312,0.695,0.339,0.355,0.645,0.000,0.000,0.000,0.000,0.000,0.000,0.000,0.000,0.224,0.102,0.463,0.584,0.073,0.420,0.140,0.042,0.281,0.187,0.317,0.021,0.089,0.021,0.000,0.005,0.129,0.000,0.008,0.072,0.070,0.010,0.000,0.309,0.100,0.308,0.177,0.670,0.048,0.098,0.089,0.092,0.062,0.765,0.095,0.540,0.519,0.459,0.316,0.083,0.054,0.024,0.094,0.189,0.240
low-emergency-pressure,Low Emergency Pressure,Few cases arrive through urgent stay requests or executive emergency disputes.,0.750,neutral synthetic legislature,term-limited-balanced,18-year staggered terms + regular appointments,5120,0.907,0.635,0.272,0.511,0.602,0.527,0.437,0.165,0.102,0.671,0.546,0.387,0.239,0.577,0.429,0.362,0.195,0.405,0.148,0.012,0.438,0.243,0.326,0.086,0.605,0.282,0.419,0.620,0.612,0.705,0.776,0.689,0.829,0.680,0.532,0.654,0.040,0.065,0.166,0.646,0.027,0.403,0.619,0.758,0.199,0.114,0.527,0.336,0.243,0.000,0.336,0.015,0.228,0.000,0.040,0.000,0.084,0.112,0.682,0.273,0.365,0.635,0.000,0.000,0.000,0.000,0.000,0.000,0.000,0.000,0.201,0.112,0.370,0.578,0.077,0.409,0.142,0.044,0.275,0.180,0.301,0.021,0.091,0.021,0.000,0.004,0.123,0.000,0.006,0.071,0.078,0.011,0.000,0.309,0.111,0.381,0.184,0.542,0.095,0.122,0.089,0.112,0.081,0.802,0.050,0.560,0.529,0.575,0.316,0.083,0.054,0.024,0.094,0.189,0.240
low-emergency-pressure,Low Emergency Pressure,Few cases arrive through urgent stay requests or executive emergency disputes.,0.750,neutral synthetic legislature,nonpartisan-commission,Nonpartisan commission appointments,5120,0.910,0.650,0.261,0.523,0.602,0.553,0.437,0.165,0.102,0.671,0.546,0.387,0.239,0.577,0.429,0.362,0.195,0.406,0.148,0.011,0.438,0.243,0.326,0.094,0.606,0.281,0.421,0.620,0.609,0.705,0.777,0.689,0.834,0.680,0.529,0.658,0.029,0.068,0.174,0.659,0.027,0.408,0.624,0.759,0.227,0.115,0.542,0.351,0.255,0.000,0.351,0.014,0.241,0.000,0.051,0.000,0.094,0.113,0.687,0.281,0.350,0.650,0.000,0.000,0.000,0.000,0.000,0.000,0.000,0.000,0.195,0.116,0.364,0.536,0.080,0.413,0.143,0.047,0.271,0.192,0.223,0.022,0.093,0.022,0.000,0.002,0.118,0.000,0.007,0.070,0.082,0.008,0.000,0.309,0.113,0.392,0.245,0.533,0.024,0.130,0.079,0.114,0.082,0.807,0.051,0.557,0.527,0.594,0.316,0.083,0.054,0.024,0.094,0.189,0.240
low-emergency-pressure,Low Emergency Pressure,Few cases arrive through urgent stay requests or executive emergency disputes.,0.750,neutral synthetic legislature,expanded-court-fifteen,Expanded 15-seat court,5120,0.914,0.638,0.276,0.516,0.602,0.540,0.437,0.165,0.102,0.671,0.546,0.387,0.239,0.577,0.429,0.362,0.195,0.405,0.148,0.013,0.438,0.243,0.326,0.088,0.606,0.282,0.424,0.620,0.605,0.705,0.777,0.691,0.834,0.681,0.533,0.654,0.026,0.067,0.172,0.656,0.024,0.403,0.620,0.759,0.238,0.112,0.532,0.341,0.242,0.000,0.341,0.016,0.226,0.000,0.038,0.000,0.086,0.419,0.732,0.381,0.363,0.638,0.000,0.000,0.000,0.000,0.000,0.000,0.000,0.000,0.202,0.108,0.366,0.577,0.079,0.416,0.136,0.042,0.272,0.192,0.305,0.023,0.086,0.024,0.000,0.001,0.132,0.000,0.005,0.066,0.077,0.012,0.000,0.309,0.109,0.380,0.208,0.520,0.048,0.024,0.079,0.111,0.080,0.797,0.051,0.560,0.529,0.585,0.316,0.083,0.054,0.024,0.094,0.189,0.240
low-emergency-pressure,Low Emergency Pressure,Few cases arrive through urgent stay requests or executive emergency disputes.,0.750,neutral synthetic legislature,supermajority-review,60 percent invalidation threshold,5120,0.917,0.635,0.282,0.510,0.602,0.537,0.437,0.165,0.102,0.671,0.546,0.387,0.240,0.577,0.429,0.362,0.195,0.405,0.148,0.011,0.438,0.243,0.326,0.089,0.604,0.265,0.419,0.620,0.610,0.707,0.774,0.692,0.843,0.677,0.531,0.644,0.043,0.058,0.176,0.638,0.017,0.404,0.613,0.754,0.195,0.089,0.507,0.347,0.165,0.000,0.347,0.025,0.140,0.181,0.038,0.000,0.044,0.111,0.681,0.274,0.365,0.635,0.000,0.000,0.000,0.000,0.000,0.000,0.000,0.000,0.201,0.101,0.392,0.568,0.078,0.408,0.139,0.046,0.271,0.193,0.296,0.022,0.090,0.022,0.000,0.004,0.126,0.000,0.007,0.073,0.073,0.009,0.000,0.309,0.087,0.307,0.163,0.396,0.048,0.073,0.050,0.099,0.066,0.815,0.057,0.558,0.527,0.565,0.316,0.083,0.054,0.024,0.094,0.189,0.240
low-emergency-pressure,Low Emergency Pressure,Few cases arrive through urgent stay requests or executive emergency disputes.,0.750,neutral synthetic legislature,recusal-and-emergency-reform,Peer recusal + reasoned emergency docket,5120,0.918,0.640,0.278,0.519,0.602,0.541,0.437,0.165,0.102,0.671,0.546,0.387,0.239,0.577,0.429,0.362,0.195,0.405,0.148,0.011,0.438,0.243,0.326,0.092,0.606,0.281,0.423,0.620,0.608,0.707,0.775,0.692,0.838,0.681,0.531,0.653,0.045,0.065,0.169,0.654,0.024,0.404,0.621,0.757,0.231,0.110,0.536,0.338,0.243,0.000,0.338,0.017,0.226,0.000,0.060,0.000,0.090,0.111,0.690,0.277,0.360,0.640,0.000,0.000,0.000,0.000,0.000,0.000,0.000,0.000,0.200,0.110,0.363,0.569,0.078,0.408,0.151,0.047,0.266,0.182,0.292,0.019,0.100,0.025,0.000,0.003,0.119,0.000,0.007,0.070,0.076,0.010,0.000,0.309,0.107,0.371,0.143,0.511,0.095,0.057,0.129,0.110,0.078,0.811,0.051,0.559,0.528,0.583,0.316,0.083,0.054,0.024,0.094,0.189,0.240
low-emergency-pressure,Low Emergency Pressure,Few cases arrive through urgent stay requests or executive emergency disputes.,0.750,neutral synthetic legislature,panel-en-banc,Three-judge panels with en banc correction,5120,0.916,0.662,0.254,0.545,0.602,0.567,0.437,0.165,0.102,0.671,0.546,0.387,0.238,0.577,0.429,0.362,0.195,0.376,0.148,0.013,0.438,0.243,0.326,0.088,0.607,0.281,0.533,0.620,0.607,0.707,0.774,0.691,0.841,0.681,0.529,0.657,0.049,0.071,0.179,0.717,0.024,0.410,0.626,0.763,0.245,0.112,0.554,0.361,0.256,0.000,0.361,0.019,0.237,0.000,0.478,0.000,0.324,0.076,0.626,0.239,0.753,0.247,0.000,0.000,0.000,0.000,0.000,0.000,0.000,0.000,0.191,0.106,0.357,0.532,0.077,0.429,0.144,0.043,0.265,0.200,0.228,0.021,0.098,0.020,0.000,0.003,0.115,0.000,0.009,0.071,0.078,0.011,0.000,0.309,0.110,0.383,0.173,0.520,0.071,0.073,0.109,0.114,0.081,0.817,0.054,0.559,0.529,0.649,0.316,0.083,0.054,0.024,0.094,0.189,0.240
low-emergency-pressure,Low Emergency Pressure,Few cases arrive through urgent stay requests or executive emergency disputes.,0.750,neutral synthetic legislature,cross-checking-courts,Supreme court with cross-checking constitutional court,5120,0.919,0.658,0.261,0.527,0.602,0.564,0.437,0.165,0.102,0.671,0.546,0.387,0.220,0.577,0.429,0.362,0.195,0.406,0.148,0.011,0.438,0.243,0.326,0.104,0.625,0.266,0.431,0.620,0.587,0.705,0.777,0.683,0.843,0.678,0.506,0.637,0.019,0.059,0.183,0.666,0.015,0.440,0.615,0.758,0.320,0.072,0.526,0.361,0.180,0.000,0.361,0.027,0.153,0.181,0.097,0.000,0.113,0.115,0.690,0.284,0.342,0.658,0.177,0.000,0.000,0.000,0.000,0.000,0.000,0.000,0.196,0.094,0.391,0.550,0.072,0.430,0.139,0.039,0.281,0.194,0.238,0.021,0.095,0.018,0.000,0.006,0.124,0.000,0.007,0.065,0.074,0.009,0.000,0.309,0.071,0.259,0.092,0.308,0.024,0.066,0.030,0.105,0.055,0.814,0.058,0.558,0.506,0.599,0.316,0.083,0.054,0.024,0.094,0.189,0.240
low-emergency-pressure,Low Emergency Pressure,Few cases arrive through urgent stay requests or executive emergency disputes.,0.750,neutral synthetic legislature,dual-supreme-courts,Dual supreme courts with disagreement filter,5120,0.915,0.647,0.268,0.534,0.602,0.558,0.437,0.165,0.102,0.671,0.546,0.387,0.241,0.577,0.429,0.362,0.195,0.406,0.148,0.010,0.438,0.243,0.326,0.101,0.606,0.265,0.436,0.620,0.581,0.695,0.779,0.668,0.810,0.668,0.503,0.657,0.017,0.055,0.172,0.671,0.029,0.442,0.623,0.759,0.353,0.115,0.528,0.336,0.172,0.000,0.336,0.030,0.142,0.164,0.101,0.000,0.117,0.109,0.704,0.284,0.353,0.647,0.175,0.000,0.000,0.000,0.000,0.000,0.000,0.000,0.198,0.122,0.383,0.563,0.078,0.424,0.138,0.042,0.265,0.188,0.231,0.019,0.086,0.020,0.000,0.008,0.126,0.000,0.008,0.072,0.074,0.012,0.000,0.309,0.112,0.391,0.197,0.529,0.071,0.049,0.109,0.117,0.084,0.783,0.056,0.553,0.502,0.606,0.316,0.083,0.054,0.024,0.094,0.189,0.240
low-emergency-pressure,Low Emergency Pressure,Few cases arrive through urgent stay requests or executive emergency disputes.,0.750,neutral synthetic legislature,comparative-constitutional-senates,Comparative 16-seat constitutional senates,5120,0.912,0.619,0.292,0.494,0.602,0.515,0.437,0.165,0.102,0.671,0.546,0.387,0.240,0.577,0.429,0.362,0.195,0.435,0.148,0.009,0.438,0.243,0.326,0.080,0.604,0.265,0.574,0.620,0.599,0.708,0.768,0.697,0.845,0.683,0.537,0.633,0.023,0.056,0.172,0.695,0.016,0.395,0.604,0.763,0.266,0.067,0.494,0.337,0.168,0.000,0.337,0.027,0.142,0.168,0.472,0.000,0.123,0.111,0.675,0.258,0.776,0.224,0.000,0.000,0.000,0.000,0.000,0.000,0.000,0.000,0.189,0.085,0.385,0.515,0.076,0.414,0.135,0.045,0.263,0.187,0.204,0.023,0.091,0.022,0.000,0.002,0.101,0.000,0.008,0.067,0.064,0.010,0.000,0.309,0.066,0.239,0.122,0.291,0.024,0.000,0.040,0.091,0.051,0.818,0.055,0.563,0.539,0.635,0.316,0.083,0.054,0.024,0.094,0.189,0.240
low-emergency-pressure,Low Emergency Pressure,Few cases arrive through urgent stay requests or executive emergency disputes.,0.750,neutral synthetic legislature,constitutional-council,Pre-enactment constitutional council,5120,0.917,0.661,0.256,0.540,0.602,0.563,0.437,0.165,0.102,0.671,0.546,0.387,0.237,0.577,0.429,0.362,0.195,0.396,0.148,0.010,0.438,0.243,0.326,0.099,0.645,0.282,0.478,0.620,0.602,0.713,0.779,0.699,0.850,0.685,0.540,0.648,0.035,0.070,0.177,0.728,0.021,0.415,0.634,0.770,0.296,0.089,0.556,0.360,0.250,0.000,0.360,0.013,0.237,0.000,0.324,0.000,0.132,0.075,0.675,0.263,0.763,0.238,0.000,0.262,0.000,0.000,0.045,0.009,0.027,0.001,0.193,0.109,0.363,0.524,0.107,0.435,0.148,0.046,0.280,0.195,0.221,0.015,0.065,0.016,0.195,0.002,0.079,0.000,0.008,0.075,0.072,0.011,0.000,0.309,0.087,0.296,0.173,0.436,0.024,0.130,0.069,0.107,0.063,0.823,0.051,0.564,0.543,0.666,0.316,0.083,0.054,0.024,0.094,0.189,0.240
low-emergency-pressure,Low Emergency Pressure,Few cases arrive through urgent stay requests or executive emergency disputes.,0.750,neutral synthetic legislature,legislative-override,Judicial review with legislative supermajority override,5120,0.913,0.640,0.273,0.521,0.602,0.544,0.437,0.165,0.102,0.671,0.546,0.387,0.238,0.577,0.429,0.362,0.195,0.405,0.148,0.010,0.438,0.243,0.326,0.084,0.606,0.281,0.419,0.620,0.609,0.706,0.779,0.689,0.835,0.679,0.528,0.657,0.018,0.066,0.171,0.655,0.024,0.412,0.621,0.762,0.232,0.111,0.537,0.343,0.253,0.000,0.343,0.014,0.239,0.000,0.039,0.000,0.090,0.110,0.694,0.279,0.360,0.640,0.000,0.000,0.000,0.000,0.055,0.006,0.033,0.000,0.194,0.126,0.364,0.533,0.125,0.413,0.148,0.050,0.269,0.195,0.205,0.020,0.066,0.015,0.195,0.003,0.079,0.000,0.006,0.080,0.069,0.013,0.000,0.309,0.109,0.385,0.194,0.511,0.024,0.098,0.069,0.112,0.078,0.808,0.050,0.560,0.530,0.598,0.316,0.083,0.054,0.024,0.094,0.189,0.240
low-emergency-pressure,Low Emergency Pressure,Few cases arrive through urgent stay requests or executive emergency disputes.,0.750,neutral synthetic legislature,accountability-retention-court,Retention-election accountability court,5120,0.911,0.644,0.267,0.521,0.602,0.541,0.437,0.165,0.102,0.671,0.546,0.387,0.239,0.577,0.429,0.362,0.195,0.406,0.148,0.013,0.438,0.243,0.326,0.089,0.606,0.281,0.420,0.620,0.607,0.704,0.778,0.691,0.837,0.684,0.528,0.648,0.027,0.066,0.171,0.654,0.022,0.411,0.624,0.760,0.225,0.102,0.533,0.344,0.248,0.000,0.344,0.014,0.234,0.000,0.045,0.000,0.127,0.318,0.706,0.344,0.356,0.644,0.000,0.000,0.000,0.000,0.052,0.019,0.000,0.001,0.190,0.107,0.363,0.530,0.088,0.424,0.138,0.046,0.265,0.187,0.219,0.019,0.061,0.017,0.187,0.003,0.074,0.000,0.009,0.070,0.075,0.010,0.000,0.309,0.100,0.359,0.163,0.441,0.048,0.073,0.059,0.109,0.070,0.803,0.051,0.559,0.532,0.595,0.316,0.083,0.054,0.024,0.094,0.189,0.240
low-emergency-pressure,Low Emergency Pressure,Few cases arrive through urgent stay requests or executive emergency disputes.,0.750,neutral synthetic legislature,emergency-restraint-court,No emergency relief without merits review,5120,0.918,0.663,0.256,0.529,0.602,0.564,0.437,0.165,0.102,0.671,0.546,0.387,0.237,0.577,0.429,0.362,0.195,0.406,0.148,0.013,0.438,0.243,0.326,0.089,0.609,0.217,0.429,0.620,0.611,0.711,0.793,0.697,0.853,0.685,0.531,0.651,0.031,0.009,0.168,0.701,0.023,0.406,0.624,0.770,0.248,0.098,0.589,0.351,0.351,0.000,0.351,0.000,0.351,0.000,0.088,0.000,0.086,0.110,0.689,0.285,0.338,0.663,0.000,0.000,0.000,0.000,0.000,0.000,0.000,0.000,0.185,0.098,0.327,0.525,0.077,0.432,0.143,0.048,0.266,0.193,0.225,0.022,0.092,0.025,0.000,0.003,0.117,0.000,0.006,0.071,0.076,0.010,0.000,0.309,0.096,0.325,0.126,0.524,0.048,0.073,0.079,0.117,0.067,0.832,0.045,0.564,0.531,0.637,0.316,0.083,0.054,0.024,0.094,0.189,0.240
low-emergency-pressure,Low Emergency Pressure,Few cases arrive through urgent stay requests or executive emergency disputes.,0.750,neutral synthetic legislature,randomized-merits-panels,Randomized merits panels with en banc correction,5120,0.916,0.656,0.260,0.539,0.602,0.560,0.437,0.165,0.102,0.671,0.546,0.387,0.238,0.577,0.429,0.362,0.195,0.376,0.148,0.012,0.438,0.243,0.326,0.089,0.607,0.282,0.560,0.620,0.607,0.707,0.773,0.691,0.839,0.680,0.530,0.657,0.047,0.066,0.170,0.717,0.025,0.408,0.626,0.765,0.249,0.115,0.553,0.341,0.248,0.000,0.341,0.015,0.233,0.000,0.501,0.000,0.148,0.075,0.636,0.239,0.753,0.247,0.000,0.000,0.000,0.000,0.000,0.000,0.000,0.000,0.189,0.106,0.358,0.530,0.073,0.435,0.135,0.038,0.271,0.185,0.224,0.021,0.091,0.020,0.000,0.003,0.113,0.000,0.008,0.067,0.070,0.011,0.000,0.309,0.112,0.390,0.235,0.498,0.143,0.073,0.089,0.114,0.082,0.816,0.051,0.559,0.531,0.651,0.316,0.083,0.054,0.024,0.094,0.189,0.240
low-emergency-pressure,Low Emergency Pressure,Few cases arrive through urgent stay requests or executive emergency disputes.,0.750,neutral synthetic legislature,mandatory-written-emergency-reasoning,Mandatory written emergency reasoning,5120,0.913,0.631,0.282,0.512,0.602,0.535,0.437,0.165,0.102,0.671,0.546,0.387,0.238,0.577,0.429,0.362,0.195,0.405,0.148,0.010,0.438,0.243,0.326,0.082,0.606,0.252,0.419,0.620,0.609,0.707,0.782,0.691,0.834,0.680,0.534,0.654,0.045,0.035,0.165,0.653,0.028,0.401,0.618,0.761,0.239,0.114,0.537,0.329,0.215,0.000,0.329,0.025,0.190,0.000,0.038,0.000,0.089,0.113,0.685,0.273,0.369,0.631,0.000,0.000,0.000,0.000,0.000,0.000,0.000,0.000,0.197,0.112,0.359,0.579,0.078,0.409,0.136,0.044,0.255,0.182,0.304,0.021,0.086,0.021,0.000,0.003,0.121,0.000,0.007,0.072,0.072,0.012,0.000,0.309,0.110,0.381,0.218,0.533,0.071,0.146,0.059,0.109,0.083,0.810,0.051,0.563,0.532,0.581,0.316,0.083,0.054,0.024,0.094,0.189,0.240
low-emergency-pressure,Low Emergency Pressure,Few cases arrive through urgent stay requests or executive emergency disputes.,0.750,neutral synthetic legislature,automatic-merits-follow-up,Automatic merits follow-up for emergency relief,5120,0.916,0.632,0.284,0.509,0.602,0.536,0.437,0.165,0.102,0.671,0.546,0.387,0.238,0.577,0.429,0.362,0.195,0.405,0.148,0.010,0.438,0.243,0.326,0.094,0.608,0.237,0.419,0.620,0.608,0.708,0.786,0.692,0.838,0.680,0.532,0.654,0.042,0.015,0.157,0.671,0.028,0.401,0.620,0.765,0.257,0.116,0.562,0.325,0.325,0.000,0.325,0.033,0.325,0.000,0.039,0.000,0.085,0.112,0.689,0.276,0.368,0.632,0.000,0.000,0.000,0.000,0.000,0.000,0.000,0.000,0.196,0.115,0.337,0.575,0.079,0.404,0.139,0.045,0.259,0.192,0.294,0.021,0.090,0.023,0.000,0.004,0.117,0.000,0.008,0.073,0.077,0.009,0.000,0.309,0.112,0.368,0.214,0.652,0.119,0.073,0.043,0.118,0.086,0.816,0.056,0.563,0.530,0.603,0.316,0.083,0.054,0.024,0.094,0.189,0.240
low-emergency-pressure,Low Emergency Pressure,Few cases arrive through urgent stay requests or executive emergency disputes.,0.750,neutral synthetic legislature,strong-recusal-enforcement,Independent recusal enforcement with substitutes,5120,0.917,0.654,0.263,0.533,0.602,0.562,0.437,0.165,0.102,0.671,0.546,0.387,0.239,0.577,0.429,0.362,0.195,0.406,0.148,0.012,0.438,0.243,0.326,0.093,0.607,0.282,0.433,0.620,0.606,0.706,0.779,0.690,0.836,0.681,0.529,0.657,0.027,0.065,0.168,0.674,0.027,0.409,0.625,0.762,0.249,0.114,0.548,0.337,0.245,0.000,0.337,0.017,0.227,0.000,0.087,0.000,0.090,0.112,0.704,0.288,0.346,0.654,0.000,0.000,0.000,0.000,0.000,0.000,0.000,0.000,0.193,0.112,0.360,0.536,0.075,0.424,0.145,0.042,0.268,0.184,0.224,0.023,0.100,0.020,0.000,0.004,0.114,0.000,0.009,0.079,0.075,0.010,0.000,0.309,0.111,0.392,0.224,0.489,0.048,0.073,0.122,0.113,0.081,0.808,0.051,0.559,0.528,0.611,0.316,0.083,0.054,0.024,0.094,0.189,0.240
low-emergency-pressure,Low Emergency Pressure,Few cases arrive through urgent stay requests or executive emergency disputes.,0.750,neutral synthetic legislature,jurisdiction-stripping-constraints,Jurisdiction stripping constrained by rights carveouts,5120,0.923,0.652,0.271,0.530,0.602,0.556,0.437,0.165,0.102,0.671,0.546,0.387,0.238,0.577,0.429,0.362,0.195,0.355,0.148,0.009,0.438,0.243,0.326,0.094,0.637,0.281,0.419,0.620,0.613,0.710,0.784,0.691,0.839,0.681,0.529,0.654,0.018,0.067,0.171,0.661,0.027,0.412,0.626,0.767,0.227,0.110,0.550,0.346,0.251,0.000,0.346,0.014,0.237,0.000,0.039,0.000,0.090,0.115,0.696,0.285,0.348,0.652,0.000,0.000,0.000,0.000,0.060,0.000,0.000,0.000,0.187,0.132,0.357,0.533,0.110,0.409,0.154,0.050,0.263,0.194,0.225,0.027,0.139,0.031,0.000,0.001,0.000,0.000,0.007,0.076,0.082,0.010,0.000,0.309,0.108,0.390,0.197,0.436,0.024,0.098,0.109,0.113,0.078,0.812,0.051,0.562,0.543,0.610,0.316,0.083,0.054,0.024,0.094,0.189,0.240
low-emergency-pressure,Low Emergency Pressure,Few cases arrive through urgent stay requests or executive emergency disputes.,0.750,neutral synthetic legislature,legislative-override-window,Time-limited legislative override window,5120,0.909,0.652,0.256,0.533,0.602,0.548,0.437,0.165,0.102,0.671,0.546,0.387,0.239,0.577,0.429,0.362,0.195,0.406,0.148,0.009,0.438,0.243,0.326,0.097,0.607,0.282,0.419,0.620,0.607,0.705,0.778,0.688,0.838,0.679,0.524,0.657,0.019,0.065,0.168,0.659,0.027,0.418,0.625,0.761,0.234,0.112,0.550,0.339,0.243,0.000,0.339,0.013,0.230,0.000,0.038,0.000,0.098,0.113,0.691,0.284,0.348,0.652,0.000,0.000,0.000,0.000,0.060,0.009,0.037,0.000,0.200,0.129,0.363,0.548,0.127,0.417,0.155,0.053,0.274,0.201,0.244,0.016,0.064,0.016,0.201,0.002,0.079,0.000,0.008,0.078,0.080,0.010,0.000,0.309,0.110,0.373,0.194,0.546,0.095,0.073,0.129,0.113,0.078,0.811,0.050,0.557,0.524,0.599,0.316,0.083,0.054,0.024,0.094,0.189,0.240
low-emergency-pressure,Low Emergency Pressure,Few cases arrive through urgent stay requests or executive emergency disputes.,0.750,neutral synthetic legislature,constitutional-remand,Constitutional remand before invalidation,5120,0.916,0.682,0.235,0.561,0.602,0.577,0.437,0.165,0.102,0.671,0.546,0.387,0.205,0.577,0.429,0.362,0.195,0.367,0.148,0.014,0.438,0.243,0.326,0.095,0.620,0.283,0.423,0.620,0.604,0.717,0.785,0.705,0.861,0.690,0.542,0.653,0.029,0.070,0.178,0.692,0.018,0.415,0.641,0.769,0.319,0.084,0.571,0.358,0.254,0.000,0.358,0.013,0.241,0.000,0.054,0.000,0.114,0.076,0.702,0.289,0.318,0.682,0.000,0.328,0.030,0.000,0.046,0.009,0.028,0.000,0.191,0.105,0.364,0.523,0.110,0.436,0.158,0.054,0.285,0.205,0.227,0.015,0.069,0.019,0.205,0.002,0.076,0.000,0.007,0.081,0.079,0.010,0.000,0.309,0.098,0.342,0.155,0.456,0.085,0.184,0.059,0.108,0.067,0.831,0.052,0.567,0.545,0.631,0.316,0.083,0.054,0.024,0.094,0.189,0.240
low-emergency-pressure,Low Emergency Pressure,Few cases arrive through urgent stay requests or executive emergency disputes.,0.750,neutral synthetic legislature,public-interest-litigation-filter,Public-interest litigation filter,5120,0.919,0.689,0.230,0.569,0.602,0.596,0.437,0.165,0.102,0.671,0.546,0.387,0.238,0.577,0.429,0.362,0.195,0.322,0.148,0.012,0.438,0.243,0.326,0.098,0.609,0.282,0.422,0.620,0.606,0.706,0.786,0.689,0.844,0.678,0.523,0.667,0.030,0.068,0.181,0.682,0.027,0.420,0.636,0.762,0.264,0.123,0.591,0.362,0.270,0.000,0.362,0.018,0.252,0.000,0.052,0.000,0.096,0.109,0.689,0.297,0.311,0.689,0.000,0.000,0.000,0.079,0.000,0.000,0.000,0.000,0.193,0.115,0.362,0.538,0.080,0.439,0.160,0.050,0.285,0.204,0.236,0.026,0.102,0.027,0.000,0.003,0.122,0.000,0.007,0.076,0.089,0.011,0.000,0.309,0.122,0.435,0.187,0.537,0.024,0.106,0.119,0.121,0.088,0.815,0.054,0.555,0.521,0.615,0.316,0.083,0.054,0.024,0.094,0.189,0.240
low-emergency-pressure,Low Emergency Pressure,Few cases arrive through urgent stay requests or executive emergency disputes.,0.750,neutral synthetic legislature,emergency-integrity-package,Emergency integrity package,5120,0.915,0.655,0.260,0.538,0.602,0.553,0.437,0.165,0.102,0.671,0.546,0.387,0.237,0.577,0.429,0.362,0.195,0.406,0.148,0.013,0.438,0.243,0.326,0.090,0.609,0.236,0.433,0.620,0.604,0.709,0.790,0.694,0.844,0.683,0.530,0.652,0.027,0.016,0.165,0.701,0.023,0.407,0.623,0.769,0.288,0.102,0.587,0.342,0.342,0.000,0.342,0.030,0.342,0.000,0.086,0.000,0.089,0.111,0.701,0.287,0.345,0.655,0.000,0.000,0.000,0.000,0.000,0.000,0.000,0.000,0.186,0.100,0.335,0.527,0.072,0.432,0.137,0.040,0.262,0.182,0.221,0.024,0.089,0.020,0.000,0.003,0.118,0.000,0.008,0.070,0.077,0.008,0.000,0.309,0.099,0.341,0.133,0.507,0.024,0.139,0.079,0.117,0.075,0.821,0.059,0.564,0.530,0.639,0.316,0.083,0.054,0.024,0.094,0.189,0.240
low-emergency-pressure,Low Emergency Pressure,Few cases arrive through urgent stay requests or executive emergency disputes.,0.750,neutral synthetic legislature,remand-override-window-package,Constitutional remand with override window,5120,0.908,0.663,0.245,0.550,0.602,0.569,0.437,0.165,0.102,0.671,0.546,0.387,0.205,0.577,0.429,0.362,0.195,0.366,0.148,0.010,0.438,0.243,0.326,0.090,0.619,0.253,0.422,0.620,0.601,0.718,0.790,0.705,0.858,0.689,0.545,0.652,0.029,0.038,0.181,0.694,0.020,0.410,0.636,0.772,0.348,0.085,0.569,0.360,0.228,0.000,0.360,0.024,0.203,0.000,0.053,0.000,0.110,0.076,0.699,0.280,0.337,0.663,0.000,0.319,0.028,0.000,0.043,0.007,0.026,0.000,0.188,0.105,0.371,0.523,0.105,0.422,0.150,0.047,0.276,0.195,0.224,0.020,0.073,0.013,0.195,0.001,0.081,0.000,0.008,0.074,0.082,0.009,0.000,0.309,0.099,0.342,0.176,0.471,0.108,0.095,0.074,0.104,0.069,0.831,0.055,0.570,0.546,0.632,0.316,0.083,0.054,0.024,0.094,0.189,0.240
low-emergency-pressure,Low Emergency Pressure,Few cases arrive through urgent stay requests or executive emergency disputes.,0.750,neutral synthetic legislature,panel-jurisdiction-safeguards,Random panels with jurisdiction safeguards,5120,0.917,0.658,0.259,0.541,0.602,0.559,0.437,0.165,0.102,0.671,0.546,0.387,0.238,0.577,0.429,0.362,0.195,0.326,0.148,0.011,0.438,0.243,0.326,0.095,0.636,0.266,0.597,0.620,0.604,0.711,0.775,0.691,0.846,0.675,0.527,0.649,0.047,0.059,0.180,0.718,0.021,0.414,0.624,0.767,0.278,0.097,0.530,0.356,0.174,0.000,0.356,0.027,0.147,0.182,0.542,0.000,0.138,0.073,0.664,0.241,0.755,0.245,0.000,0.000,0.000,0.000,0.052,0.000,0.000,0.000,0.185,0.119,0.388,0.532,0.102,0.420,0.147,0.048,0.277,0.191,0.224,0.023,0.133,0.029,0.000,0.004,0.000,0.000,0.006,0.074,0.078,0.012,0.000,0.309,0.094,0.343,0.136,0.392,0.048,0.057,0.050,0.104,0.071,0.822,0.058,0.560,0.543,0.662,0.316,0.083,0.054,0.024,0.094,0.189,0.240
low-emergency-pressure,Low Emergency Pressure,Few cases arrive through urgent stay requests or executive emergency disputes.,0.750,neutral synthetic legislature,council-concrete-hybrid,Constitutional council with concrete-review backstop,5120,0.919,0.649,0.271,0.530,0.602,0.556,0.437,0.165,0.102,0.671,0.546,0.387,0.239,0.577,0.429,0.362,0.195,0.395,0.148,0.010,0.438,0.243,0.326,0.106,0.645,0.281,0.521,0.620,0.598,0.713,0.776,0.700,0.851,0.687,0.539,0.643,0.024,0.066,0.173,0.727,0.019,0.411,0.626,0.770,0.309,0.078,0.548,0.350,0.257,0.000,0.350,0.012,0.245,0.000,0.404,0.000,0.127,0.107,0.685,0.273,0.759,0.241,0.000,0.268,0.000,0.000,0.039,0.004,0.028,0.000,0.191,0.108,0.367,0.521,0.105,0.412,0.146,0.049,0.272,0.183,0.213,0.017,0.067,0.020,0.183,0.002,0.073,0.000,0.005,0.069,0.077,0.010,0.000,0.309,0.077,0.284,0.112,0.335,0.024,0.000,0.020,0.103,0.055,0.823,0.051,0.564,0.542,0.669,0.316,0.083,0.054,0.024,0.094,0.189,0.240
extreme-emergency-pressure,Extreme Emergency Pressure,"Emergency applications, executive-power disputes, and time-sensitive election conflicts are common.",1.000,extreme-emergency synthetic legislature,current-us-like,Stylized current U.S.-like supreme court,5120,0.946,0.766,0.180,0.583,0.484,0.624,0.346,0.138,0.117,0.803,0.654,0.464,0.412,0.677,0.516,0.370,0.221,0.519,0.102,0.000,0.546,0.290,0.489,0.290,0.499,0.723,0.552,0.664,0.494,0.580,0.555,0.570,0.767,0.608,0.317,0.680,0.091,0.524,0.541,0.435,0.048,0.681,0.635,0.563,0.216,0.092,0.310,0.759,0.114,0.114,0.000,0.114,0.000,0.000,0.020,0.000,0.056,0.306,0.619,0.393,0.234,0.766,0.000,0.000,0.000,0.000,0.000,0.000,0.000,0.000,0.383,0.200,0.952,0.790,0.103,0.422,0.251,0.106,0.630,0.278,0.459,0.025,0.116,0.058,0.000,0.058,0.160,0.000,0.004,0.120,0.149,0.048,0.012,0.390,0.196,0.572,0.298,0.838,0.232,0.159,0.128,0.127,0.084,0.649,0.347,0.386,0.308,0.281,0.213,0.053,0.047,0.208,0.122,0.147,0.210
extreme-emergency-pressure,Extreme Emergency Pressure,"Emergency applications, executive-power disputes, and time-sensitive election conflicts are common.",1.000,extreme-emergency synthetic legislature,term-limited-balanced,18-year staggered terms + regular appointments,5120,0.943,0.765,0.178,0.585,0.484,0.625,0.346,0.138,0.117,0.803,0.654,0.464,0.395,0.677,0.516,0.370,0.221,0.479,0.102,0.000,0.546,0.290,0.489,0.255,0.518,0.551,0.561,0.664,0.519,0.602,0.651,0.588,0.801,0.607,0.341,0.661,0.091,0.200,0.433,0.674,0.088,0.639,0.655,0.643,0.276,0.169,0.618,0.754,0.549,0.000,0.754,0.102,0.447,0.000,0.059,0.000,0.113,0.107,0.612,0.325,0.235,0.765,0.000,0.000,0.000,0.000,0.000,0.000,0.000,0.000,0.345,0.220,0.724,0.784,0.111,0.419,0.255,0.111,0.583,0.286,0.462,0.022,0.123,0.063,0.000,0.055,0.154,0.000,0.003,0.127,0.138,0.045,0.011,0.390,0.160,0.457,0.311,0.687,0.162,0.146,0.114,0.170,0.134,0.740,0.244,0.430,0.329,0.532,0.213,0.053,0.047,0.208,0.122,0.147,0.210
extreme-emergency-pressure,Extreme Emergency Pressure,"Emergency applications, executive-power disputes, and time-sensitive election conflicts are common.",1.000,extreme-emergency synthetic legislature,nonpartisan-commission,Nonpartisan commission appointments,5120,0.949,0.785,0.164,0.598,0.484,0.652,0.346,0.138,0.117,0.803,0.654,0.464,0.397,0.677,0.516,0.370,0.221,0.480,0.102,0.001,0.546,0.290,0.489,0.277,0.519,0.551,0.566,0.664,0.514,0.602,0.653,0.589,0.813,0.606,0.332,0.662,0.058,0.202,0.440,0.694,0.085,0.648,0.660,0.646,0.308,0.167,0.638,0.770,0.568,0.000,0.770,0.101,0.466,0.000,0.076,0.000,0.110,0.109,0.619,0.329,0.215,0.785,0.000,0.000,0.000,0.000,0.000,0.000,0.000,0.000,0.341,0.220,0.716,0.742,0.111,0.435,0.258,0.104,0.590,0.311,0.373,0.025,0.125,0.053,0.000,0.055,0.166,0.000,0.003,0.129,0.139,0.047,0.011,0.390,0.158,0.467,0.204,0.680,0.183,0.146,0.101,0.173,0.134,0.751,0.248,0.423,0.320,0.562,0.213,0.053,0.047,0.208,0.122,0.147,0.210
extreme-emergency-pressure,Extreme Emergency Pressure,"Emergency applications, executive-power disputes, and time-sensitive election conflicts are common.",1.000,extreme-emergency synthetic legislature,expanded-court-fifteen,Expanded 15-seat court,5120,0.940,0.770,0.171,0.597,0.484,0.637,0.346,0.138,0.117,0.803,0.654,0.464,0.397,0.677,0.516,0.370,0.221,0.479,0.102,0.000,0.546,0.290,0.489,0.274,0.519,0.552,0.570,0.664,0.510,0.600,0.653,0.588,0.804,0.607,0.336,0.660,0.058,0.198,0.440,0.695,0.088,0.642,0.656,0.646,0.320,0.165,0.632,0.756,0.553,0.000,0.756,0.105,0.448,0.000,0.057,0.000,0.119,0.414,0.659,0.451,0.230,0.770,0.000,0.000,0.000,0.000,0.000,0.000,0.000,0.000,0.348,0.227,0.726,0.786,0.109,0.414,0.262,0.114,0.593,0.276,0.468,0.022,0.129,0.060,0.000,0.049,0.164,0.000,0.002,0.135,0.146,0.045,0.013,0.390,0.157,0.461,0.284,0.660,0.141,0.085,0.101,0.169,0.133,0.730,0.246,0.427,0.322,0.555,0.213,0.053,0.047,0.208,0.122,0.147,0.210
extreme-emergency-pressure,Extreme Emergency Pressure,"Emergency applications, executive-power disputes, and time-sensitive election conflicts are common.",1.000,extreme-emergency synthetic legislature,supermajority-review,60 percent invalidation threshold,5120,0.945,0.773,0.172,0.588,0.484,0.637,0.346,0.138,0.117,0.803,0.654,0.464,0.399,0.677,0.516,0.370,0.221,0.479,0.102,0.000,0.546,0.290,0.489,0.269,0.514,0.539,0.560,0.664,0.514,0.605,0.645,0.597,0.839,0.603,0.334,0.640,0.094,0.184,0.448,0.651,0.060,0.646,0.643,0.633,0.276,0.113,0.556,0.762,0.449,0.000,0.762,0.184,0.265,0.313,0.054,0.000,0.057,0.106,0.614,0.326,0.227,0.773,0.000,0.000,0.000,0.000,0.000,0.000,0.000,0.000,0.350,0.195,0.791,0.775,0.107,0.431,0.249,0.107,0.594,0.291,0.465,0.026,0.116,0.064,0.000,0.048,0.160,0.000,0.003,0.122,0.139,0.038,0.012,0.390,0.108,0.310,0.138,0.529,0.099,0.110,0.060,0.142,0.111,0.772,0.268,0.422,0.324,0.506,0.213,0.053,0.047,0.208,0.122,0.147,0.210
extreme-emergency-pressure,Extreme Emergency Pressure,"Emergency applications, executive-power disputes, and time-sensitive election conflicts are common.",1.000,extreme-emergency synthetic legislature,recusal-and-emergency-reform,Peer recusal + reasoned emergency docket,5120,0.947,0.768,0.179,0.592,0.484,0.633,0.346,0.138,0.117,0.803,0.654,0.464,0.395,0.677,0.516,0.370,0.221,0.479,0.102,0.000,0.546,0.290,0.489,0.258,0.518,0.551,0.569,0.664,0.514,0.603,0.650,0.592,0.810,0.609,0.341,0.656,0.099,0.200,0.432,0.682,0.084,0.639,0.655,0.642,0.312,0.158,0.618,0.757,0.563,0.000,0.757,0.106,0.456,0.000,0.092,0.000,0.112,0.109,0.617,0.324,0.232,0.768,0.000,0.000,0.000,0.000,0.000,0.000,0.000,0.000,0.343,0.211,0.721,0.784,0.106,0.432,0.245,0.105,0.587,0.273,0.466,0.024,0.121,0.063,0.000,0.049,0.153,0.000,0.003,0.122,0.137,0.046,0.010,0.390,0.150,0.421,0.249,0.703,0.141,0.110,0.134,0.167,0.128,0.748,0.246,0.430,0.331,0.539,0.213,0.053,0.047,0.208,0.122,0.147,0.210
extreme-emergency-pressure,Extreme Emergency Pressure,"Emergency applications, executive-power disputes, and time-sensitive election conflicts are common.",1.000,extreme-emergency synthetic legislature,panel-en-banc,Three-judge panels with en banc correction,5120,0.949,0.792,0.156,0.607,0.484,0.666,0.346,0.138,0.117,0.803,0.654,0.464,0.397,0.677,0.516,0.370,0.221,0.450,0.102,0.001,0.546,0.290,0.489,0.277,0.519,0.552,0.681,0.664,0.510,0.602,0.647,0.589,0.816,0.607,0.331,0.661,0.092,0.206,0.443,0.749,0.085,0.651,0.661,0.646,0.328,0.163,0.639,0.782,0.579,0.000,0.782,0.108,0.471,0.000,0.438,0.000,0.427,0.073,0.569,0.282,0.641,0.359,0.000,0.000,0.000,0.000,0.000,0.000,0.000,0.000,0.340,0.220,0.726,0.741,0.109,0.433,0.260,0.105,0.609,0.297,0.371,0.021,0.129,0.058,0.000,0.053,0.159,0.000,0.003,0.126,0.151,0.047,0.013,0.390,0.154,0.456,0.218,0.656,0.190,0.049,0.130,0.173,0.132,0.757,0.253,0.422,0.319,0.613,0.213,0.053,0.047,0.208,0.122,0.147,0.210
extreme-emergency-pressure,Extreme Emergency Pressure,"Emergency applications, executive-power disputes, and time-sensitive election conflicts are common.",1.000,extreme-emergency synthetic legislature,cross-checking-courts,Supreme court with cross-checking constitutional court,5120,0.951,0.785,0.166,0.607,0.484,0.659,0.346,0.138,0.117,0.803,0.654,0.464,0.377,0.677,0.516,0.370,0.221,0.480,0.102,0.001,0.546,0.290,0.489,0.263,0.535,0.541,0.583,0.664,0.487,0.603,0.652,0.584,0.828,0.602,0.307,0.629,0.041,0.186,0.453,0.692,0.045,0.689,0.639,0.643,0.417,0.092,0.568,0.773,0.447,0.000,0.773,0.179,0.269,0.326,0.144,0.000,0.150,0.110,0.619,0.325,0.215,0.785,0.253,0.000,0.000,0.000,0.000,0.000,0.000,0.000,0.341,0.185,0.797,0.751,0.100,0.446,0.248,0.098,0.615,0.291,0.374,0.027,0.129,0.052,0.000,0.052,0.159,0.000,0.003,0.119,0.144,0.046,0.010,0.390,0.086,0.250,0.120,0.402,0.070,0.098,0.054,0.149,0.096,0.762,0.270,0.425,0.300,0.560,0.213,0.053,0.047,0.208,0.122,0.147,0.210
extreme-emergency-pressure,Extreme Emergency Pressure,"Emergency applications, executive-power disputes, and time-sensitive election conflicts are common.",1.000,extreme-emergency synthetic legislature,dual-supreme-courts,Dual supreme courts with disagreement filter,5120,0.947,0.785,0.161,0.606,0.484,0.650,0.346,0.138,0.117,0.803,0.654,0.464,0.401,0.677,0.516,0.370,0.221,0.480,0.102,0.000,0.546,0.290,0.489,0.288,0.515,0.540,0.592,0.664,0.475,0.582,0.650,0.554,0.765,0.586,0.297,0.660,0.036,0.187,0.455,0.702,0.086,0.697,0.659,0.641,0.460,0.163,0.562,0.772,0.463,0.000,0.772,0.187,0.275,0.310,0.149,0.000,0.147,0.108,0.628,0.333,0.215,0.785,0.251,0.000,0.000,0.000,0.000,0.000,0.000,0.000,0.351,0.235,0.788,0.770,0.111,0.424,0.271,0.118,0.604,0.286,0.383,0.024,0.126,0.062,0.000,0.064,0.168,0.000,0.004,0.131,0.148,0.054,0.015,0.390,0.154,0.443,0.236,0.687,0.155,0.122,0.141,0.173,0.146,0.702,0.271,0.408,0.286,0.568,0.213,0.053,0.047,0.208,0.122,0.147,0.210
extreme-emergency-pressure,Extreme Emergency Pressure,"Emergency applications, executive-power disputes, and time-sensitive election conflicts are common.",1.000,extreme-emergency synthetic legislature,comparative-constitutional-senates,Comparative 16-seat constitutional senates,5120,0.950,0.768,0.182,0.585,0.484,0.636,0.346,0.138,0.117,0.803,0.654,0.464,0.399,0.677,0.516,0.370,0.221,0.509,0.102,0.000,0.546,0.290,0.489,0.261,0.513,0.541,0.725,0.664,0.501,0.606,0.639,0.601,0.842,0.607,0.338,0.633,0.051,0.187,0.449,0.723,0.054,0.644,0.638,0.644,0.361,0.098,0.542,0.761,0.438,0.000,0.761,0.188,0.250,0.323,0.426,0.000,0.171,0.109,0.609,0.313,0.647,0.353,0.000,0.000,0.000,0.000,0.000,0.000,0.000,0.000,0.342,0.186,0.804,0.725,0.103,0.430,0.249,0.104,0.608,0.281,0.355,0.021,0.120,0.057,0.000,0.049,0.164,0.000,0.002,0.127,0.131,0.045,0.010,0.390,0.095,0.284,0.107,0.459,0.056,0.012,0.060,0.136,0.102,0.776,0.268,0.424,0.326,0.591,0.213,0.053,0.047,0.208,0.122,0.147,0.210
extreme-emergency-pressure,Extreme Emergency Pressure,"Emergency applications, executive-power disputes, and time-sensitive election conflicts are common.",1.000,extreme-emergency synthetic legislature,constitutional-council,Pre-enactment constitutional council,5120,0.947,0.787,0.160,0.602,0.484,0.654,0.346,0.138,0.117,0.803,0.654,0.464,0.392,0.677,0.516,0.370,0.221,0.470,0.102,0.000,0.546,0.290,0.489,0.261,0.569,0.551,0.623,0.664,0.508,0.615,0.661,0.606,0.832,0.610,0.361,0.654,0.065,0.201,0.437,0.781,0.071,0.655,0.682,0.665,0.413,0.135,0.644,0.774,0.569,0.000,0.774,0.088,0.481,0.000,0.306,0.000,0.163,0.074,0.618,0.309,0.646,0.354,0.000,0.660,0.000,0.000,0.084,0.015,0.058,0.004,0.336,0.217,0.718,0.733,0.162,0.441,0.265,0.116,0.595,0.296,0.360,0.017,0.078,0.038,0.296,0.035,0.096,0.000,0.003,0.130,0.139,0.045,0.008,0.390,0.130,0.386,0.187,0.606,0.099,0.073,0.060,0.164,0.107,0.771,0.247,0.436,0.353,0.656,0.213,0.053,0.047,0.208,0.122,0.147,0.210
extreme-emergency-pressure,Extreme Emergency Pressure,"Emergency applications, executive-power disputes, and time-sensitive election conflicts are common.",1.000,extreme-emergency synthetic legislature,legislative-override,Judicial review with legislative supermajority override,5120,0.948,0.782,0.167,0.601,0.484,0.653,0.346,0.138,0.117,0.803,0.654,0.464,0.397,0.677,0.516,0.370,0.221,0.480,0.102,0.001,0.546,0.290,0.489,0.275,0.519,0.552,0.561,0.664,0.511,0.598,0.655,0.583,0.808,0.603,0.325,0.663,0.037,0.203,0.441,0.691,0.089,0.662,0.661,0.648,0.316,0.164,0.633,0.770,0.568,0.000,0.770,0.108,0.459,0.000,0.057,0.000,0.119,0.109,0.620,0.329,0.218,0.782,0.000,0.000,0.000,0.000,0.107,0.017,0.064,0.005,0.346,0.255,0.725,0.752,0.183,0.414,0.282,0.127,0.601,0.306,0.379,0.015,0.086,0.038,0.306,0.032,0.093,0.000,0.003,0.134,0.151,0.051,0.015,0.390,0.155,0.442,0.284,0.672,0.141,0.146,0.121,0.171,0.130,0.745,0.250,0.423,0.316,0.568,0.213,0.053,0.047,0.208,0.122,0.147,0.210
extreme-emergency-pressure,Extreme Emergency Pressure,"Emergency applications, executive-power disputes, and time-sensitive election conflicts are common.",1.000,extreme-emergency synthetic legislature,accountability-retention-court,Retention-election accountability court,5120,0.947,0.785,0.162,0.614,0.484,0.657,0.346,0.138,0.117,0.803,0.654,0.464,0.394,0.677,0.516,0.370,0.221,0.480,0.102,0.000,0.546,0.290,0.489,0.260,0.520,0.550,0.564,0.664,0.514,0.601,0.657,0.592,0.818,0.611,0.332,0.647,0.060,0.199,0.438,0.697,0.078,0.653,0.665,0.649,0.308,0.150,0.649,0.771,0.578,0.000,0.771,0.090,0.488,0.000,0.067,0.000,0.201,0.309,0.643,0.408,0.215,0.785,0.000,0.000,0.000,0.000,0.088,0.043,0.000,0.013,0.330,0.210,0.710,0.728,0.117,0.446,0.246,0.100,0.592,0.293,0.344,0.014,0.080,0.034,0.293,0.034,0.094,0.000,0.002,0.120,0.143,0.047,0.009,0.390,0.143,0.414,0.213,0.672,0.106,0.098,0.101,0.169,0.113,0.748,0.246,0.430,0.329,0.574,0.213,0.053,0.047,0.208,0.122,0.147,0.210
extreme-emergency-pressure,Extreme Emergency Pressure,"Emergency applications, executive-power disputes, and time-sensitive election conflicts are common.",1.000,extreme-emergency synthetic legislature,emergency-restraint-court,No emergency relief without merits review,5120,0.944,0.790,0.154,0.606,0.484,0.665,0.346,0.138,0.117,0.803,0.654,0.464,0.387,0.677,0.516,0.370,0.221,0.480,0.102,0.001,0.546,0.290,0.489,0.247,0.528,0.477,0.579,0.664,0.529,0.614,0.691,0.597,0.826,0.606,0.344,0.670,0.055,0.057,0.422,0.801,0.093,0.633,0.669,0.680,0.333,0.178,0.785,0.771,0.771,0.000,0.771,0.000,0.771,0.000,0.127,0.000,0.115,0.110,0.614,0.331,0.210,0.790,0.000,0.000,0.000,0.000,0.000,0.000,0.000,0.000,0.317,0.212,0.570,0.728,0.106,0.437,0.253,0.102,0.564,0.287,0.359,0.022,0.124,0.056,0.000,0.050,0.169,0.000,0.002,0.118,0.152,0.045,0.009,0.390,0.171,0.514,0.200,0.745,0.204,0.134,0.067,0.195,0.123,0.784,0.220,0.447,0.330,0.673,0.213,0.053,0.047,0.208,0.122,0.147,0.210
extreme-emergency-pressure,Extreme Emergency Pressure,"Emergency applications, executive-power disputes, and time-sensitive election conflicts are common.",1.000,extreme-emergency synthetic legislature,randomized-merits-panels,Randomized merits panels with en banc correction,5120,0.945,0.788,0.157,0.607,0.484,0.655,0.346,0.138,0.117,0.803,0.654,0.464,0.396,0.677,0.516,0.370,0.221,0.450,0.102,0.001,0.546,0.290,0.489,0.266,0.519,0.552,0.706,0.664,0.510,0.604,0.646,0.593,0.822,0.609,0.334,0.659,0.094,0.206,0.442,0.746,0.083,0.647,0.659,0.647,0.336,0.156,0.629,0.774,0.575,0.000,0.774,0.112,0.463,0.000,0.449,0.000,0.179,0.074,0.584,0.284,0.629,0.371,0.000,0.000,0.000,0.000,0.000,0.000,0.000,0.000,0.336,0.207,0.723,0.740,0.105,0.438,0.247,0.100,0.608,0.292,0.372,0.028,0.120,0.055,0.000,0.057,0.161,0.000,0.003,0.117,0.155,0.046,0.010,0.390,0.148,0.450,0.178,0.606,0.148,0.110,0.121,0.170,0.128,0.763,0.252,0.425,0.323,0.609,0.213,0.053,0.047,0.208,0.122,0.147,0.210
extreme-emergency-pressure,Extreme Emergency Pressure,"Emergency applications, executive-power disputes, and time-sensitive election conflicts are common.",1.000,extreme-emergency synthetic legislature,mandatory-written-emergency-reasoning,Mandatory written emergency reasoning,5120,0.945,0.770,0.175,0.595,0.484,0.636,0.346,0.138,0.117,0.803,0.654,0.464,0.396,0.677,0.516,0.370,0.221,0.479,0.102,0.001,0.546,0.290,0.489,0.265,0.517,0.527,0.561,0.664,0.513,0.604,0.654,0.595,0.823,0.610,0.336,0.653,0.094,0.143,0.445,0.680,0.080,0.646,0.651,0.643,0.325,0.150,0.610,0.759,0.512,0.000,0.759,0.179,0.333,0.000,0.057,0.000,0.118,0.107,0.620,0.327,0.230,0.770,0.000,0.000,0.000,0.000,0.000,0.000,0.000,0.000,0.347,0.213,0.759,0.779,0.106,0.422,0.253,0.106,0.604,0.277,0.461,0.025,0.125,0.059,0.000,0.055,0.154,0.000,0.001,0.121,0.149,0.040,0.010,0.390,0.141,0.405,0.244,0.622,0.162,0.110,0.094,0.158,0.136,0.764,0.264,0.427,0.326,0.537,0.213,0.053,0.047,0.208,0.122,0.147,0.210
extreme-emergency-pressure,Extreme Emergency Pressure,"Emergency applications, executive-power disputes, and time-sensitive election conflicts are common.",1.000,extreme-emergency synthetic legislature,automatic-merits-follow-up,Automatic merits follow-up for emergency relief,5120,0.947,0.766,0.182,0.594,0.484,0.631,0.346,0.138,0.117,0.803,0.654,0.464,0.387,0.677,0.516,0.370,0.221,0.479,0.102,0.001,0.546,0.290,0.489,0.243,0.527,0.498,0.561,0.664,0.523,0.605,0.681,0.581,0.781,0.598,0.349,0.679,0.096,0.070,0.410,0.758,0.112,0.631,0.670,0.671,0.347,0.213,0.762,0.746,0.746,0.000,0.746,0.197,0.746,0.000,0.058,0.000,0.116,0.108,0.611,0.324,0.234,0.766,0.000,0.000,0.000,0.000,0.000,0.000,0.000,0.000,0.332,0.237,0.592,0.785,0.111,0.422,0.252,0.103,0.567,0.283,0.449,0.021,0.118,0.053,0.000,0.047,0.173,0.000,0.004,0.121,0.145,0.041,0.009,0.390,0.200,0.584,0.338,0.853,0.239,0.134,0.121,0.202,0.182,0.737,0.241,0.448,0.335,0.620,0.213,0.053,0.047,0.208,0.122,0.147,0.210
extreme-emergency-pressure,Extreme Emergency Pressure,"Emergency applications, executive-power disputes, and time-sensitive election conflicts are common.",1.000,extreme-emergency synthetic legislature,strong-recusal-enforcement,Independent recusal enforcement with substitutes,5120,0.956,0.797,0.159,0.625,0.484,0.672,0.346,0.138,0.117,0.803,0.654,0.464,0.396,0.677,0.516,0.370,0.221,0.480,0.102,0.000,0.546,0.290,0.489,0.279,0.520,0.553,0.586,0.664,0.510,0.602,0.653,0.588,0.816,0.606,0.328,0.665,0.052,0.206,0.448,0.724,0.084,0.654,0.665,0.648,0.338,0.167,0.652,0.784,0.569,0.000,0.784,0.105,0.464,0.000,0.127,0.000,0.112,0.108,0.637,0.340,0.203,0.797,0.000,0.000,0.000,0.000,0.000,0.000,0.000,0.000,0.342,0.218,0.729,0.739,0.109,0.441,0.255,0.107,0.615,0.297,0.371,0.027,0.126,0.058,0.000,0.052,0.163,0.000,0.003,0.126,0.154,0.045,0.011,0.390,0.159,0.476,0.236,0.649,0.176,0.146,0.094,0.174,0.134,0.752,0.253,0.423,0.317,0.591,0.213,0.053,0.047,0.208,0.122,0.147,0.210
extreme-emergency-pressure,Extreme Emergency Pressure,"Emergency applications, executive-power disputes, and time-sensitive election conflicts are common.",1.000,extreme-emergency synthetic legislature,jurisdiction-stripping-constraints,Jurisdiction stripping constrained by rights carveouts,5120,0.941,0.775,0.166,0.602,0.484,0.635,0.346,0.138,0.117,0.803,0.654,0.464,0.396,0.677,0.516,0.370,0.221,0.430,0.102,0.000,0.546,0.290,0.489,0.280,0.548,0.551,0.561,0.664,0.518,0.606,0.660,0.590,0.814,0.608,0.332,0.658,0.036,0.202,0.437,0.687,0.079,0.650,0.659,0.653,0.305,0.157,0.624,0.763,0.558,0.000,0.763,0.101,0.457,0.000,0.055,0.000,0.119,0.111,0.624,0.328,0.225,0.775,0.000,0.000,0.000,0.000,0.093,0.000,0.000,0.000,0.331,0.247,0.728,0.748,0.149,0.422,0.259,0.112,0.592,0.291,0.373,0.029,0.199,0.075,0.000,0.052,0.000,0.000,0.003,0.123,0.151,0.052,0.012,0.390,0.148,0.444,0.244,0.625,0.106,0.098,0.094,0.168,0.126,0.752,0.247,0.428,0.339,0.574,0.213,0.053,0.047,0.208,0.122,0.147,0.210
extreme-emergency-pressure,Extreme Emergency Pressure,"Emergency applications, executive-power disputes, and time-sensitive election conflicts are common.",1.000,extreme-emergency synthetic legislature,legislative-override-window,Time-limited legislative override window,5120,0.941,0.780,0.161,0.605,0.484,0.645,0.346,0.138,0.117,0.803,0.654,0.464,0.395,0.677,0.516,0.370,0.221,0.480,0.102,0.001,0.546,0.290,0.489,0.259,0.519,0.551,0.562,0.664,0.514,0.602,0.657,0.589,0.817,0.606,0.330,0.660,0.037,0.204,0.439,0.689,0.080,0.658,0.660,0.650,0.315,0.157,0.628,0.768,0.559,0.000,0.768,0.100,0.458,0.000,0.059,0.000,0.123,0.109,0.626,0.329,0.220,0.780,0.000,0.000,0.000,0.000,0.099,0.017,0.059,0.000,0.340,0.237,0.722,0.743,0.172,0.426,0.269,0.117,0.591,0.303,0.364,0.017,0.082,0.038,0.303,0.034,0.096,0.000,0.003,0.133,0.140,0.046,0.010,0.390,0.149,0.443,0.218,0.637,0.176,0.122,0.074,0.168,0.124,0.754,0.248,0.427,0.322,0.567,0.213,0.053,0.047,0.208,0.122,0.147,0.210
extreme-emergency-pressure,Extreme Emergency Pressure,"Emergency applications, executive-power disputes, and time-sensitive election conflicts are common.",1.000,extreme-emergency synthetic legislature,constitutional-remand,Constitutional remand before invalidation,5120,0.947,0.804,0.143,0.627,0.484,0.680,0.346,0.138,0.117,0.803,0.654,0.464,0.361,0.677,0.516,0.370,0.221,0.440,0.102,0.000,0.546,0.290,0.489,0.265,0.544,0.552,0.567,0.664,0.507,0.619,0.663,0.613,0.845,0.618,0.362,0.654,0.057,0.209,0.451,0.746,0.065,0.653,0.685,0.660,0.440,0.119,0.649,0.791,0.578,0.000,0.791,0.099,0.479,0.000,0.078,0.000,0.150,0.073,0.632,0.328,0.196,0.804,0.000,0.736,0.040,0.000,0.071,0.014,0.046,0.004,0.335,0.205,0.724,0.728,0.152,0.449,0.269,0.118,0.613,0.308,0.375,0.018,0.072,0.039,0.308,0.032,0.103,0.000,0.003,0.136,0.137,0.046,0.011,0.390,0.135,0.397,0.172,0.600,0.156,0.130,0.083,0.160,0.108,0.780,0.254,0.438,0.353,0.617,0.213,0.053,0.047,0.208,0.122,0.147,0.210
extreme-emergency-pressure,Extreme Emergency Pressure,"Emergency applications, executive-power disputes, and time-sensitive election conflicts are common.",1.000,extreme-emergency synthetic legislature,public-interest-litigation-filter,Public-interest litigation filter,5120,0.950,0.822,0.128,0.641,0.484,0.702,0.346,0.138,0.117,0.803,0.654,0.464,0.396,0.677,0.516,0.370,0.221,0.399,0.102,0.000,0.546,0.290,0.489,0.282,0.521,0.554,0.568,0.664,0.508,0.600,0.658,0.585,0.820,0.603,0.320,0.672,0.062,0.211,0.459,0.712,0.088,0.664,0.672,0.643,0.353,0.173,0.674,0.805,0.589,0.000,0.805,0.111,0.479,0.000,0.078,0.000,0.129,0.112,0.626,0.340,0.178,0.822,0.000,0.000,0.000,0.034,0.000,0.000,0.000,0.000,0.340,0.217,0.728,0.737,0.104,0.455,0.264,0.103,0.635,0.298,0.374,0.023,0.129,0.057,0.000,0.057,0.174,0.000,0.002,0.125,0.155,0.053,0.010,0.390,0.169,0.508,0.267,0.656,0.183,0.134,0.141,0.180,0.140,0.755,0.261,0.417,0.307,0.575,0.213,0.053,0.047,0.208,0.122,0.147,0.210
extreme-emergency-pressure,Extreme Emergency Pressure,"Emergency applications, executive-power disputes, and time-sensitive election conflicts are common.",1.000,extreme-emergency synthetic legislature,emergency-integrity-package,Emergency integrity package,5120,0.947,0.778,0.169,0.598,0.484,0.635,0.346,0.138,0.117,0.803,0.654,0.464,0.388,0.677,0.516,0.370,0.221,0.479,0.102,0.000,0.546,0.290,0.489,0.254,0.527,0.498,0.585,0.664,0.520,0.611,0.685,0.594,0.817,0.606,0.344,0.667,0.051,0.071,0.417,0.799,0.094,0.633,0.665,0.676,0.378,0.176,0.776,0.759,0.759,0.000,0.759,0.194,0.759,0.000,0.125,0.000,0.118,0.111,0.631,0.334,0.222,0.778,0.000,0.000,0.000,0.000,0.000,0.000,0.000,0.000,0.322,0.217,0.591,0.734,0.104,0.426,0.255,0.097,0.572,0.282,0.360,0.024,0.129,0.053,0.000,0.049,0.159,0.000,0.004,0.122,0.149,0.044,0.012,0.390,0.169,0.503,0.231,0.761,0.148,0.110,0.101,0.192,0.156,0.770,0.245,0.447,0.331,0.673,0.213,0.053,0.047,0.208,0.122,0.147,0.210
extreme-emergency-pressure,Extreme Emergency Pressure,"Emergency applications, executive-power disputes, and time-sensitive election conflicts are common.",1.000,extreme-emergency synthetic legislature,remand-override-window-package,Constitutional remand with override window,5120,0.945,0.807,0.139,0.633,0.484,0.685,0.346,0.138,0.117,0.803,0.654,0.464,0.362,0.677,0.516,0.370,0.221,0.440,0.102,0.000,0.546,0.290,0.489,0.282,0.545,0.527,0.568,0.664,0.502,0.620,0.669,0.616,0.860,0.619,0.356,0.651,0.050,0.145,0.461,0.761,0.060,0.660,0.686,0.663,0.482,0.115,0.660,0.795,0.535,0.000,0.795,0.173,0.362,0.000,0.081,0.000,0.152,0.075,0.633,0.329,0.193,0.807,0.000,0.737,0.038,0.000,0.073,0.013,0.045,0.000,0.339,0.213,0.757,0.727,0.152,0.432,0.283,0.121,0.618,0.306,0.370,0.015,0.087,0.040,0.306,0.033,0.102,0.000,0.003,0.139,0.153,0.044,0.013,0.390,0.129,0.365,0.205,0.592,0.121,0.112,0.125,0.152,0.119,0.798,0.272,0.436,0.345,0.632,0.213,0.053,0.047,0.208,0.122,0.147,0.210
extreme-emergency-pressure,Extreme Emergency Pressure,"Emergency applications, executive-power disputes, and time-sensitive election conflicts are common.",1.000,extreme-emergency synthetic legislature,panel-jurisdiction-safeguards,Random panels with jurisdiction safeguards,5120,0.944,0.786,0.158,0.605,0.484,0.654,0.346,0.138,0.117,0.803,0.654,0.464,0.398,0.677,0.516,0.370,0.221,0.400,0.102,0.000,0.546,0.290,0.489,0.277,0.545,0.541,0.749,0.664,0.505,0.607,0.644,0.593,0.838,0.598,0.328,0.645,0.091,0.188,0.454,0.738,0.068,0.658,0.653,0.647,0.367,0.126,0.563,0.774,0.445,0.000,0.774,0.187,0.258,0.329,0.507,0.000,0.169,0.074,0.587,0.285,0.645,0.355,0.000,0.000,0.000,0.000,0.076,0.000,0.000,0.000,0.334,0.221,0.801,0.737,0.142,0.442,0.253,0.110,0.614,0.309,0.369,0.028,0.201,0.068,0.000,0.053,0.000,0.000,0.004,0.126,0.139,0.047,0.011,0.390,0.120,0.335,0.222,0.544,0.127,0.085,0.101,0.147,0.120,0.776,0.272,0.420,0.338,0.616,0.213,0.053,0.047,0.208,0.122,0.147,0.210
extreme-emergency-pressure,Extreme Emergency Pressure,"Emergency applications, executive-power disputes, and time-sensitive election conflicts are common.",1.000,extreme-emergency synthetic legislature,council-concrete-hybrid,Constitutional council with concrete-review backstop,5120,0.950,0.786,0.164,0.609,0.484,0.660,0.346,0.138,0.117,0.803,0.654,0.464,0.393,0.677,0.516,0.370,0.221,0.470,0.102,0.000,0.546,0.290,0.489,0.268,0.569,0.552,0.672,0.664,0.503,0.616,0.658,0.609,0.837,0.615,0.361,0.649,0.049,0.201,0.437,0.787,0.064,0.653,0.678,0.665,0.430,0.120,0.643,0.770,0.556,0.000,0.770,0.089,0.467,0.000,0.378,0.000,0.165,0.113,0.634,0.327,0.642,0.358,0.000,0.659,0.000,0.000,0.071,0.010,0.050,0.002,0.338,0.209,0.730,0.734,0.153,0.439,0.257,0.112,0.609,0.295,0.373,0.018,0.080,0.035,0.295,0.029,0.098,0.000,0.002,0.123,0.142,0.049,0.013,0.390,0.117,0.361,0.120,0.533,0.085,0.049,0.054,0.158,0.098,0.773,0.247,0.436,0.354,0.662,0.213,0.053,0.047,0.208,0.122,0.147,0.210
low-rights-risk,Low Rights Risk,"Legislative output is legally careful, low-volatility, and rarely burdens protected interests.",0.750,low-rights-risk synthetic legislature,current-us-like,Stylized current U.S.-like supreme court,5120,0.915,0.601,0.313,0.485,0.611,0.508,0.441,0.170,0.096,0.613,0.505,0.354,0.181,0.541,0.419,0.352,0.174,0.412,0.146,0.014,0.411,0.239,0.264,0.056,0.664,0.405,0.379,0.601,0.616,0.732,0.741,0.725,0.834,0.727,0.587,0.642,0.027,0.206,0.228,0.539,0.005,0.355,0.605,0.744,0.154,0.030,0.363,0.358,0.005,0.005,0.000,0.005,0.000,0.000,0.011,0.000,0.035,0.321,0.800,0.335,0.399,0.601,0.000,0.000,0.000,0.000,0.000,0.000,0.000,0.000,0.194,0.055,0.456,0.500,0.062,0.421,0.113,0.033,0.264,0.158,0.266,0.015,0.079,0.017,0.000,0.001,0.094,0.000,0.007,0.061,0.052,0.005,0.000,0.250,0.036,0.123,0.000,0.292,0.048,0.000,0.000,0.067,0.022,0.777,0.089,0.588,0.592,0.464,0.348,0.089,0.054,0.037,0.090,0.176,0.206
low-rights-risk,Low Rights Risk,"Legislative output is legally careful, low-volatility, and rarely burdens protected interests.",0.750,low-rights-risk synthetic legislature,term-limited-balanced,18-year staggered terms + regular appointments,5120,0.912,0.617,0.295,0.490,0.611,0.523,0.441,0.170,0.096,0.613,0.505,0.354,0.174,0.541,0.419,0.352,0.174,0.373,0.146,0.014,0.411,0.239,0.264,0.049,0.673,0.262,0.383,0.601,0.632,0.746,0.792,0.736,0.859,0.728,0.594,0.648,0.029,0.059,0.161,0.645,0.006,0.343,0.613,0.782,0.192,0.042,0.503,0.332,0.235,0.000,0.332,0.007,0.228,0.000,0.032,0.000,0.081,0.114,0.799,0.283,0.383,0.617,0.000,0.000,0.000,0.000,0.000,0.000,0.000,0.000,0.169,0.052,0.328,0.489,0.061,0.444,0.100,0.027,0.240,0.168,0.274,0.014,0.073,0.014,0.000,0.000,0.092,0.000,0.009,0.047,0.053,0.004,0.000,0.250,0.042,0.159,0.000,0.283,0.000,0.000,0.000,0.085,0.030,0.829,0.048,0.605,0.603,0.582,0.348,0.089,0.054,0.037,0.090,0.176,0.206
low-rights-risk,Low Rights Risk,"Legislative output is legally careful, low-volatility, and rarely burdens protected interests.",0.750,low-rights-risk synthetic legislature,nonpartisan-commission,Nonpartisan commission appointments,5120,0.910,0.620,0.289,0.498,0.611,0.523,0.441,0.170,0.096,0.613,0.505,0.354,0.174,0.541,0.419,0.352,0.174,0.373,0.146,0.014,0.411,0.239,0.264,0.046,0.673,0.262,0.385,0.601,0.630,0.747,0.795,0.738,0.861,0.730,0.597,0.645,0.020,0.059,0.161,0.653,0.007,0.342,0.614,0.785,0.216,0.036,0.511,0.331,0.231,0.000,0.331,0.006,0.225,0.000,0.044,0.000,0.076,0.116,0.805,0.286,0.380,0.620,0.000,0.000,0.000,0.000,0.000,0.000,0.000,0.000,0.159,0.051,0.327,0.437,0.063,0.432,0.115,0.031,0.239,0.170,0.177,0.019,0.087,0.014,0.000,0.001,0.061,0.000,0.007,0.059,0.055,0.003,0.000,0.250,0.036,0.138,0.013,0.236,0.000,0.000,0.000,0.083,0.026,0.831,0.047,0.607,0.609,0.602,0.348,0.089,0.054,0.037,0.090,0.176,0.206
low-rights-risk,Low Rights Risk,"Legislative output is legally careful, low-volatility, and rarely burdens protected interests.",0.750,low-rights-risk synthetic legislature,expanded-court-fifteen,Expanded 15-seat court,5120,0.911,0.606,0.305,0.479,0.611,0.506,0.441,0.170,0.096,0.613,0.505,0.354,0.175,0.541,0.419,0.352,0.174,0.373,0.146,0.013,0.411,0.239,0.264,0.050,0.672,0.263,0.387,0.601,0.624,0.744,0.792,0.735,0.855,0.728,0.594,0.645,0.016,0.061,0.164,0.649,0.007,0.341,0.609,0.782,0.228,0.039,0.497,0.335,0.235,0.000,0.335,0.006,0.229,0.000,0.033,0.000,0.075,0.436,0.848,0.381,0.394,0.606,0.000,0.000,0.000,0.000,0.000,0.000,0.000,0.000,0.170,0.053,0.337,0.487,0.065,0.429,0.101,0.033,0.246,0.168,0.262,0.018,0.071,0.014,0.000,0.000,0.097,0.000,0.008,0.047,0.054,0.004,0.000,0.250,0.039,0.147,0.013,0.250,0.095,0.000,0.000,0.083,0.028,0.815,0.048,0.606,0.601,0.587,0.348,0.089,0.054,0.037,0.090,0.176,0.206
low-rights-risk,Low Rights Risk,"Legislative output is legally careful, low-volatility, and rarely burdens protected interests.",0.750,low-rights-risk synthetic legislature,supermajority-review,60 percent invalidation threshold,5120,0.911,0.604,0.306,0.477,0.611,0.504,0.441,0.170,0.096,0.613,0.505,0.354,0.176,0.541,0.419,0.352,0.174,0.373,0.146,0.013,0.411,0.239,0.264,0.053,0.671,0.246,0.383,0.601,0.629,0.744,0.790,0.733,0.858,0.721,0.593,0.638,0.030,0.053,0.171,0.632,0.003,0.342,0.606,0.777,0.187,0.026,0.469,0.342,0.147,0.000,0.342,0.008,0.139,0.195,0.033,0.000,0.036,0.112,0.800,0.279,0.396,0.604,0.000,0.000,0.000,0.000,0.000,0.000,0.000,0.000,0.171,0.049,0.375,0.479,0.065,0.430,0.108,0.031,0.244,0.173,0.247,0.018,0.078,0.015,0.000,0.001,0.088,0.000,0.007,0.053,0.047,0.004,0.000,0.250,0.026,0.106,0.000,0.142,0.048,0.000,0.000,0.073,0.020,0.827,0.053,0.603,0.601,0.569,0.348,0.089,0.054,0.037,0.090,0.176,0.206
low-rights-risk,Low Rights Risk,"Legislative output is legally careful, low-volatility, and rarely burdens protected interests.",0.750,low-rights-risk synthetic legislature,recusal-and-emergency-reform,Peer recusal + reasoned emergency docket,5120,0.911,0.617,0.294,0.490,0.611,0.515,0.441,0.170,0.096,0.613,0.505,0.354,0.174,0.541,0.419,0.352,0.174,0.373,0.146,0.012,0.411,0.239,0.264,0.043,0.673,0.262,0.387,0.601,0.629,0.747,0.793,0.737,0.859,0.728,0.597,0.648,0.030,0.058,0.157,0.650,0.005,0.342,0.613,0.784,0.222,0.042,0.504,0.324,0.227,0.000,0.324,0.005,0.222,0.000,0.052,0.000,0.080,0.114,0.801,0.281,0.383,0.617,0.000,0.000,0.000,0.000,0.000,0.000,0.000,0.000,0.169,0.053,0.329,0.485,0.065,0.447,0.107,0.031,0.240,0.173,0.260,0.017,0.079,0.014,0.000,0.000,0.088,0.000,0.008,0.057,0.047,0.005,0.000,0.250,0.042,0.156,0.000,0.297,0.000,0.000,0.000,0.084,0.030,0.829,0.046,0.606,0.606,0.588,0.348,0.089,0.054,0.037,0.090,0.176,0.206
low-rights-risk,Low Rights Risk,"Legislative output is legally careful, low-volatility, and rarely burdens protected interests.",0.750,low-rights-risk synthetic legislature,panel-en-banc,Three-judge panels with en banc correction,5120,0.907,0.618,0.289,0.493,0.611,0.514,0.441,0.170,0.096,0.613,0.505,0.354,0.175,0.541,0.419,0.352,0.174,0.343,0.146,0.013,0.411,0.239,0.264,0.052,0.673,0.263,0.499,0.601,0.628,0.747,0.791,0.737,0.860,0.730,0.595,0.645,0.035,0.060,0.161,0.706,0.005,0.342,0.613,0.787,0.228,0.037,0.510,0.332,0.231,0.000,0.332,0.006,0.224,0.000,0.512,0.000,0.310,0.075,0.726,0.231,0.803,0.197,0.000,0.000,0.000,0.000,0.000,0.000,0.000,0.000,0.157,0.051,0.332,0.435,0.062,0.433,0.109,0.029,0.244,0.167,0.175,0.018,0.084,0.014,0.000,0.000,0.065,0.000,0.009,0.056,0.048,0.004,0.000,0.250,0.037,0.143,0.038,0.222,0.095,0.000,0.000,0.083,0.027,0.835,0.048,0.606,0.607,0.652,0.348,0.089,0.054,0.037,0.090,0.176,0.206
low-rights-risk,Low Rights Risk,"Legislative output is legally careful, low-volatility, and rarely burdens protected interests.",0.750,low-rights-risk synthetic legislature,cross-checking-courts,Supreme court with cross-checking constitutional court,5120,0.910,0.616,0.294,0.496,0.611,0.520,0.441,0.170,0.096,0.613,0.505,0.354,0.156,0.541,0.419,0.352,0.174,0.373,0.146,0.013,0.411,0.239,0.264,0.059,0.692,0.247,0.393,0.601,0.612,0.745,0.795,0.725,0.855,0.720,0.575,0.640,0.011,0.049,0.165,0.656,0.004,0.371,0.609,0.785,0.301,0.027,0.493,0.332,0.154,0.000,0.332,0.009,0.145,0.178,0.084,0.000,0.103,0.117,0.799,0.281,0.384,0.616,0.155,0.000,0.000,0.000,0.000,0.000,0.000,0.000,0.165,0.051,0.366,0.469,0.062,0.435,0.103,0.028,0.256,0.172,0.196,0.018,0.074,0.014,0.000,0.002,0.079,0.000,0.009,0.048,0.054,0.006,0.000,0.250,0.027,0.104,0.038,0.165,0.000,0.000,0.008,0.083,0.020,0.825,0.051,0.606,0.585,0.602,0.348,0.089,0.054,0.037,0.090,0.176,0.206
low-rights-risk,Low Rights Risk,"Legislative output is legally careful, low-volatility, and rarely burdens protected interests.",0.750,low-rights-risk synthetic legislature,dual-supreme-courts,Dual supreme courts with disagreement filter,5120,0.908,0.614,0.294,0.495,0.611,0.511,0.441,0.170,0.096,0.613,0.505,0.354,0.175,0.541,0.419,0.352,0.174,0.373,0.146,0.015,0.411,0.239,0.264,0.053,0.672,0.245,0.396,0.601,0.606,0.738,0.795,0.720,0.848,0.715,0.572,0.650,0.011,0.049,0.166,0.659,0.008,0.373,0.613,0.783,0.338,0.046,0.491,0.334,0.161,0.000,0.334,0.009,0.151,0.174,0.082,0.000,0.105,0.113,0.820,0.286,0.386,0.614,0.150,0.000,0.000,0.000,0.000,0.000,0.000,0.000,0.166,0.060,0.356,0.473,0.066,0.436,0.109,0.030,0.240,0.174,0.198,0.019,0.080,0.014,0.000,0.001,0.078,0.000,0.010,0.052,0.054,0.005,0.000,0.250,0.046,0.176,0.000,0.307,0.048,0.000,0.000,0.089,0.034,0.819,0.052,0.601,0.582,0.605,0.348,0.089,0.054,0.037,0.090,0.176,0.206
low-rights-risk,Low Rights Risk,"Legislative output is legally careful, low-volatility, and rarely burdens protected interests.",0.750,low-rights-risk synthetic legislature,comparative-constitutional-senates,Comparative 16-seat constitutional senates,5120,0.913,0.619,0.295,0.495,0.611,0.531,0.441,0.170,0.096,0.613,0.505,0.354,0.175,0.541,0.419,0.352,0.174,0.403,0.146,0.012,0.411,0.239,0.264,0.045,0.672,0.246,0.544,0.601,0.620,0.746,0.785,0.737,0.865,0.724,0.596,0.638,0.017,0.050,0.165,0.702,0.004,0.343,0.609,0.789,0.262,0.021,0.491,0.332,0.160,0.000,0.332,0.010,0.150,0.172,0.486,0.000,0.123,0.114,0.787,0.271,0.793,0.207,0.000,0.000,0.000,0.000,0.000,0.000,0.000,0.000,0.161,0.040,0.356,0.439,0.060,0.448,0.102,0.031,0.249,0.165,0.185,0.016,0.074,0.016,0.000,0.000,0.063,0.000,0.009,0.054,0.050,0.003,0.000,0.250,0.021,0.090,0.000,0.104,0.048,0.000,0.000,0.074,0.017,0.836,0.051,0.606,0.611,0.649,0.348,0.089,0.054,0.037,0.090,0.176,0.206
low-rights-risk,Low Rights Risk,"Legislative output is legally careful, low-volatility, and rarely burdens protected interests.",0.750,low-rights-risk synthetic legislature,constitutional-council,Pre-enactment constitutional council,5120,0.912,0.634,0.278,0.512,0.611,0.538,0.441,0.170,0.096,0.613,0.505,0.354,0.172,0.541,0.419,0.352,0.174,0.364,0.146,0.013,0.411,0.239,0.264,0.051,0.709,0.262,0.441,0.601,0.624,0.752,0.796,0.741,0.866,0.731,0.604,0.645,0.025,0.062,0.168,0.717,0.004,0.349,0.622,0.794,0.278,0.029,0.526,0.349,0.245,0.000,0.349,0.004,0.241,0.000,0.322,0.000,0.129,0.078,0.772,0.265,0.779,0.221,0.000,0.166,0.000,0.000,0.014,0.001,0.010,0.000,0.161,0.055,0.326,0.442,0.077,0.437,0.121,0.036,0.240,0.177,0.191,0.015,0.065,0.013,0.177,0.000,0.048,0.000,0.008,0.059,0.054,0.003,0.000,0.250,0.029,0.112,0.038,0.179,0.048,0.000,0.000,0.083,0.021,0.837,0.049,0.611,0.617,0.664,0.348,0.089,0.054,0.037,0.090,0.176,0.206
low-rights-risk,Low Rights Risk,"Legislative output is legally careful, low-volatility, and rarely burdens protected interests.",0.750,low-rights-risk synthetic legislature,legislative-override,Judicial review with legislative supermajority override,5120,0.912,0.636,0.276,0.505,0.611,0.550,0.441,0.170,0.096,0.613,0.505,0.354,0.174,0.541,0.419,0.352,0.174,0.374,0.146,0.014,0.411,0.239,0.264,0.054,0.674,0.263,0.383,0.601,0.628,0.746,0.795,0.736,0.864,0.728,0.591,0.651,0.011,0.061,0.164,0.657,0.006,0.352,0.620,0.786,0.227,0.041,0.519,0.341,0.239,0.000,0.341,0.006,0.233,0.000,0.032,0.000,0.084,0.116,0.806,0.291,0.364,0.636,0.000,0.000,0.000,0.000,0.019,0.001,0.013,0.000,0.165,0.059,0.336,0.449,0.081,0.445,0.112,0.030,0.256,0.185,0.193,0.015,0.056,0.010,0.185,0.000,0.050,0.000,0.008,0.057,0.055,0.006,0.000,0.250,0.041,0.163,0.000,0.255,0.000,0.000,0.000,0.087,0.030,0.833,0.048,0.604,0.606,0.606,0.348,0.089,0.054,0.037,0.090,0.176,0.206
low-rights-risk,Low Rights Risk,"Legislative output is legally careful, low-volatility, and rarely burdens protected interests.",0.750,low-rights-risk synthetic legislature,accountability-retention-court,Retention-election accountability court,5120,0.911,0.634,0.277,0.505,0.611,0.543,0.441,0.170,0.096,0.613,0.505,0.354,0.173,0.541,0.419,0.352,0.174,0.374,0.146,0.012,0.411,0.239,0.264,0.047,0.674,0.263,0.384,0.601,0.628,0.745,0.795,0.739,0.865,0.731,0.595,0.644,0.021,0.061,0.163,0.657,0.006,0.348,0.618,0.785,0.219,0.034,0.524,0.337,0.235,0.000,0.337,0.005,0.230,0.000,0.036,0.000,0.105,0.327,0.812,0.353,0.366,0.634,0.000,0.000,0.000,0.000,0.019,0.006,0.000,0.000,0.161,0.052,0.328,0.441,0.070,0.444,0.115,0.034,0.252,0.180,0.187,0.012,0.064,0.012,0.180,0.000,0.050,0.000,0.010,0.057,0.053,0.004,0.000,0.250,0.034,0.139,0.000,0.175,0.000,0.000,0.000,0.084,0.023,0.828,0.047,0.606,0.608,0.605,0.348,0.089,0.054,0.037,0.090,0.176,0.206
low-rights-risk,Low Rights Risk,"Legislative output is legally careful, low-volatility, and rarely burdens protected interests.",0.750,low-rights-risk synthetic legislature,emergency-restraint-court,No emergency relief without merits review,5120,0.912,0.628,0.284,0.503,0.611,0.518,0.441,0.170,0.096,0.613,0.505,0.354,0.172,0.541,0.419,0.352,0.174,0.373,0.146,0.012,0.411,0.239,0.264,0.046,0.676,0.198,0.392,0.601,0.632,0.750,0.809,0.741,0.869,0.732,0.597,0.643,0.022,0.006,0.158,0.691,0.005,0.342,0.614,0.794,0.236,0.030,0.557,0.335,0.335,0.000,0.335,0.000,0.335,0.000,0.075,0.000,0.079,0.116,0.797,0.286,0.372,0.628,0.000,0.000,0.000,0.000,0.000,0.000,0.000,0.000,0.152,0.047,0.292,0.435,0.065,0.443,0.111,0.035,0.238,0.175,0.177,0.019,0.083,0.017,0.000,0.000,0.056,0.000,0.007,0.052,0.051,0.005,0.000,0.250,0.030,0.119,0.000,0.184,0.000,0.000,0.000,0.089,0.021,0.845,0.043,0.612,0.611,0.640,0.348,0.089,0.054,0.037,0.090,0.176,0.206
low-rights-risk,Low Rights Risk,"Legislative output is legally careful, low-volatility, and rarely burdens protected interests.",0.750,low-rights-risk synthetic legislature,randomized-merits-panels,Randomized merits panels with en banc correction,5120,0.909,0.633,0.276,0.513,0.611,0.531,0.441,0.170,0.096,0.613,0.505,0.354,0.173,0.541,0.419,0.352,0.174,0.344,0.146,0.015,0.411,0.239,0.264,0.046,0.674,0.263,0.526,0.601,0.627,0.747,0.789,0.738,0.865,0.730,0.595,0.648,0.034,0.061,0.166,0.711,0.007,0.346,0.617,0.789,0.241,0.038,0.521,0.341,0.236,0.000,0.341,0.007,0.229,0.000,0.518,0.000,0.126,0.076,0.752,0.242,0.778,0.222,0.000,0.000,0.000,0.000,0.000,0.000,0.000,0.000,0.158,0.050,0.333,0.437,0.064,0.446,0.109,0.034,0.247,0.173,0.175,0.018,0.080,0.016,0.000,0.000,0.060,0.000,0.009,0.056,0.053,0.004,0.000,0.250,0.037,0.149,0.000,0.208,0.048,0.000,0.000,0.085,0.027,0.839,0.049,0.606,0.609,0.657,0.348,0.089,0.054,0.037,0.090,0.176,0.206
low-rights-risk,Low Rights Risk,"Legislative output is legally careful, low-volatility, and rarely burdens protected interests.",0.750,low-rights-risk synthetic legislature,mandatory-written-emergency-reasoning,Mandatory written emergency reasoning,5120,0.910,0.622,0.288,0.497,0.611,0.524,0.441,0.170,0.096,0.613,0.505,0.354,0.173,0.541,0.419,0.352,0.174,0.373,0.146,0.012,0.411,0.239,0.264,0.042,0.674,0.234,0.383,0.601,0.629,0.747,0.799,0.738,0.864,0.729,0.596,0.647,0.028,0.031,0.165,0.659,0.006,0.345,0.616,0.786,0.234,0.041,0.525,0.338,0.209,0.000,0.338,0.008,0.201,0.000,0.032,0.000,0.082,0.117,0.803,0.286,0.378,0.622,0.000,0.000,0.000,0.000,0.000,0.000,0.000,0.000,0.168,0.048,0.344,0.486,0.064,0.444,0.101,0.028,0.246,0.174,0.264,0.019,0.071,0.017,0.000,0.000,0.090,0.000,0.008,0.049,0.052,0.006,0.000,0.250,0.040,0.161,0.000,0.236,0.000,0.000,0.000,0.083,0.029,0.836,0.050,0.608,0.605,0.596,0.348,0.089,0.054,0.037,0.090,0.176,0.206
low-rights-risk,Low Rights Risk,"Legislative output is legally careful, low-volatility, and rarely burdens protected interests.",0.750,low-rights-risk synthetic legislature,automatic-merits-follow-up,Automatic merits follow-up for emergency relief,5120,0.913,0.619,0.294,0.497,0.611,0.522,0.441,0.170,0.096,0.613,0.505,0.354,0.172,0.541,0.419,0.352,0.174,0.373,0.146,0.014,0.411,0.239,0.264,0.041,0.675,0.218,0.383,0.601,0.628,0.748,0.803,0.737,0.862,0.728,0.597,0.648,0.032,0.010,0.155,0.675,0.007,0.344,0.613,0.789,0.251,0.042,0.548,0.329,0.329,0.000,0.329,0.010,0.329,0.000,0.034,0.000,0.085,0.116,0.801,0.284,0.381,0.619,0.000,0.000,0.000,0.000,0.000,0.000,0.000,0.000,0.166,0.053,0.304,0.486,0.065,0.432,0.111,0.032,0.242,0.170,0.265,0.014,0.075,0.016,0.000,0.000,0.100,0.000,0.007,0.058,0.054,0.004,0.000,0.250,0.042,0.159,0.013,0.274,0.095,0.000,0.016,0.091,0.031,0.836,0.060,0.612,0.602,0.612,0.348,0.089,0.054,0.037,0.090,0.176,0.206
low-rights-risk,Low Rights Risk,"Legislative output is legally careful, low-volatility, and rarely burdens protected interests.",0.750,low-rights-risk synthetic legislature,strong-recusal-enforcement,Independent recusal enforcement with substitutes,5120,0.911,0.637,0.274,0.516,0.611,0.540,0.441,0.170,0.096,0.613,0.505,0.354,0.174,0.541,0.419,0.352,0.174,0.374,0.146,0.015,0.411,0.239,0.264,0.051,0.674,0.263,0.395,0.601,0.626,0.746,0.795,0.738,0.865,0.729,0.594,0.649,0.019,0.062,0.166,0.670,0.007,0.348,0.619,0.786,0.243,0.040,0.528,0.343,0.237,0.000,0.343,0.007,0.230,0.000,0.072,0.000,0.081,0.116,0.823,0.299,0.363,0.637,0.000,0.000,0.000,0.000,0.000,0.000,0.000,0.000,0.163,0.050,0.336,0.445,0.064,0.452,0.108,0.033,0.256,0.179,0.194,0.018,0.077,0.019,0.000,0.000,0.070,0.000,0.009,0.054,0.053,0.006,0.000,0.250,0.040,0.151,0.013,0.264,0.000,0.000,0.008,0.086,0.029,0.833,0.048,0.606,0.607,0.615,0.348,0.089,0.054,0.037,0.090,0.176,0.206
low-rights-risk,Low Rights Risk,"Legislative output is legally careful, low-volatility, and rarely burdens protected interests.",0.750,low-rights-risk synthetic legislature,jurisdiction-stripping-constraints,Jurisdiction stripping constrained by rights carveouts,5120,0.913,0.634,0.278,0.505,0.611,0.541,0.441,0.170,0.096,0.613,0.505,0.354,0.172,0.541,0.419,0.352,0.174,0.324,0.146,0.014,0.411,0.239,0.264,0.050,0.704,0.263,0.383,0.601,0.633,0.750,0.800,0.737,0.862,0.729,0.596,0.649,0.011,0.063,0.169,0.658,0.006,0.348,0.618,0.790,0.220,0.040,0.521,0.348,0.234,0.000,0.348,0.004,0.230,0.000,0.031,0.000,0.086,0.118,0.803,0.293,0.366,0.634,0.000,0.000,0.000,0.000,0.020,0.000,0.000,0.000,0.156,0.059,0.336,0.442,0.074,0.442,0.113,0.032,0.247,0.176,0.185,0.024,0.101,0.017,0.000,0.000,0.000,0.000,0.008,0.056,0.056,0.005,0.000,0.250,0.040,0.161,0.013,0.231,0.048,0.000,0.000,0.086,0.028,0.831,0.050,0.608,0.619,0.612,0.348,0.089,0.054,0.037,0.090,0.176,0.206
low-rights-risk,Low Rights Risk,"Legislative output is legally careful, low-volatility, and rarely burdens protected interests.",0.750,low-rights-risk synthetic legislature,legislative-override-window,Time-limited legislative override window,5120,0.909,0.619,0.291,0.494,0.611,0.518,0.441,0.170,0.096,0.613,0.505,0.354,0.174,0.541,0.419,0.352,0.174,0.373,0.146,0.015,0.411,0.239,0.264,0.048,0.673,0.262,0.383,0.601,0.629,0.746,0.796,0.736,0.860,0.728,0.594,0.647,0.010,0.058,0.156,0.650,0.005,0.346,0.613,0.786,0.222,0.040,0.505,0.319,0.223,0.000,0.319,0.005,0.218,0.000,0.034,0.000,0.083,0.112,0.802,0.284,0.381,0.619,0.000,0.000,0.000,0.000,0.018,0.002,0.012,0.000,0.160,0.058,0.327,0.447,0.080,0.433,0.111,0.034,0.232,0.173,0.182,0.013,0.055,0.012,0.173,0.000,0.051,0.000,0.009,0.054,0.055,0.005,0.000,0.250,0.040,0.159,0.038,0.236,0.000,0.044,0.008,0.084,0.028,0.830,0.046,0.606,0.607,0.601,0.348,0.089,0.054,0.037,0.090,0.176,0.206
low-rights-risk,Low Rights Risk,"Legislative output is legally careful, low-volatility, and rarely burdens protected interests.",0.750,low-rights-risk synthetic legislature,constitutional-remand,Constitutional remand before invalidation,5120,0.905,0.655,0.250,0.524,0.611,0.555,0.441,0.170,0.096,0.613,0.505,0.354,0.143,0.541,0.419,0.352,0.174,0.334,0.146,0.014,0.411,0.239,0.264,0.047,0.681,0.263,0.386,0.601,0.623,0.754,0.800,0.746,0.874,0.735,0.606,0.646,0.021,0.064,0.173,0.679,0.003,0.348,0.629,0.792,0.298,0.023,0.541,0.359,0.254,0.000,0.359,0.004,0.250,0.000,0.044,0.000,0.116,0.077,0.814,0.290,0.345,0.655,0.000,0.188,0.010,0.000,0.011,0.001,0.007,0.000,0.157,0.046,0.332,0.436,0.069,0.470,0.110,0.030,0.259,0.181,0.192,0.016,0.061,0.012,0.181,0.000,0.043,0.000,0.009,0.057,0.048,0.005,0.000,0.250,0.029,0.113,0.000,0.171,0.000,0.000,0.000,0.084,0.019,0.843,0.050,0.612,0.624,0.625,0.348,0.089,0.054,0.037,0.090,0.176,0.206
low-rights-risk,Low Rights Risk,"Legislative output is legally careful, low-volatility, and rarely burdens protected interests.",0.750,low-rights-risk synthetic legislature,public-interest-litigation-filter,Public-interest litigation filter,5120,0.914,0.650,0.264,0.517,0.611,0.552,0.441,0.170,0.096,0.613,0.505,0.354,0.173,0.541,0.419,0.352,0.174,0.288,0.146,0.016,0.411,0.239,0.264,0.052,0.675,0.264,0.386,0.601,0.626,0.747,0.801,0.738,0.868,0.730,0.592,0.652,0.020,0.064,0.172,0.668,0.006,0.352,0.623,0.785,0.251,0.042,0.535,0.352,0.245,0.000,0.352,0.005,0.239,0.000,0.044,0.000,0.089,0.113,0.798,0.299,0.350,0.650,0.000,0.000,0.000,0.101,0.000,0.000,0.000,0.000,0.162,0.053,0.336,0.453,0.067,0.456,0.114,0.033,0.262,0.191,0.208,0.022,0.080,0.020,0.000,0.000,0.073,0.000,0.008,0.059,0.056,0.005,0.000,0.250,0.042,0.161,0.013,0.259,0.095,0.000,0.000,0.088,0.030,0.836,0.051,0.604,0.604,0.610,0.348,0.089,0.054,0.037,0.090,0.176,0.206
low-rights-risk,Low Rights Risk,"Legislative output is legally careful, low-volatility, and rarely burdens protected interests.",0.750,low-rights-risk synthetic legislature,emergency-integrity-package,Emergency integrity package,5120,0.916,0.623,0.293,0.497,0.611,0.521,0.441,0.170,0.096,0.613,0.505,0.354,0.172,0.541,0.419,0.352,0.174,0.373,0.146,0.015,0.411,0.239,0.264,0.046,0.676,0.218,0.394,0.601,0.624,0.749,0.805,0.740,0.868,0.732,0.596,0.642,0.018,0.011,0.160,0.692,0.004,0.344,0.612,0.792,0.276,0.027,0.553,0.338,0.338,0.000,0.338,0.012,0.338,0.000,0.073,0.000,0.082,0.113,0.822,0.291,0.377,0.623,0.000,0.000,0.000,0.000,0.000,0.000,0.000,0.000,0.156,0.049,0.302,0.437,0.062,0.431,0.117,0.031,0.244,0.169,0.184,0.017,0.091,0.016,0.000,0.000,0.064,0.000,0.008,0.059,0.054,0.005,0.000,0.250,0.027,0.099,0.000,0.203,0.000,0.000,0.008,0.087,0.021,0.841,0.061,0.612,0.607,0.640,0.348,0.089,0.054,0.037,0.090,0.176,0.206
low-rights-risk,Low Rights Risk,"Legislative output is legally careful, low-volatility, and rarely burdens protected interests.",0.750,low-rights-risk synthetic legislature,remand-override-window-package,Constitutional remand with override window,5120,0.910,0.656,0.254,0.534,0.611,0.557,0.441,0.170,0.096,0.613,0.505,0.354,0.143,0.541,0.419,0.352,0.174,0.334,0.146,0.016,0.411,0.239,0.264,0.054,0.682,0.235,0.387,0.601,0.620,0.755,0.806,0.746,0.876,0.735,0.604,0.646,0.023,0.032,0.175,0.689,0.003,0.349,0.629,0.794,0.332,0.023,0.555,0.360,0.221,0.000,0.360,0.007,0.213,0.000,0.047,0.000,0.113,0.075,0.815,0.289,0.344,0.656,0.000,0.188,0.010,0.000,0.009,0.001,0.006,0.000,0.155,0.045,0.343,0.431,0.066,0.461,0.110,0.032,0.261,0.172,0.186,0.015,0.060,0.013,0.172,0.000,0.044,0.000,0.009,0.058,0.056,0.005,0.000,0.250,0.028,0.112,0.000,0.166,0.000,0.000,0.000,0.082,0.020,0.848,0.052,0.613,0.622,0.636,0.348,0.089,0.054,0.037,0.090,0.176,0.206
low-rights-risk,Low Rights Risk,"Legislative output is legally careful, low-volatility, and rarely burdens protected interests.",0.750,low-rights-risk synthetic legislature,panel-jurisdiction-safeguards,Random panels with jurisdiction safeguards,5120,0.910,0.637,0.274,0.515,0.611,0.539,0.441,0.170,0.096,0.613,0.505,0.354,0.173,0.541,0.419,0.352,0.174,0.294,0.146,0.016,0.411,0.239,0.264,0.048,0.703,0.247,0.563,0.601,0.625,0.750,0.792,0.735,0.866,0.721,0.595,0.648,0.032,0.052,0.173,0.715,0.006,0.351,0.619,0.793,0.268,0.037,0.506,0.350,0.169,0.000,0.350,0.012,0.156,0.182,0.561,0.000,0.128,0.077,0.759,0.243,0.787,0.213,0.000,0.000,0.000,0.000,0.020,0.000,0.000,0.000,0.156,0.058,0.362,0.443,0.076,0.447,0.117,0.034,0.256,0.180,0.190,0.021,0.100,0.021,0.000,0.001,0.000,0.000,0.007,0.059,0.050,0.005,0.000,0.250,0.037,0.143,0.000,0.231,0.095,0.000,0.023,0.080,0.028,0.840,0.054,0.607,0.618,0.665,0.348,0.089,0.054,0.037,0.090,0.176,0.206
low-rights-risk,Low Rights Risk,"Legislative output is legally careful, low-volatility, and rarely burdens protected interests.",0.750,low-rights-risk synthetic legislature,council-concrete-hybrid,Constitutional council with concrete-review backstop,5120,0.918,0.627,0.291,0.498,0.611,0.532,0.441,0.170,0.096,0.613,0.505,0.354,0.172,0.541,0.419,0.352,0.174,0.363,0.146,0.012,0.411,0.239,0.264,0.049,0.708,0.263,0.488,0.601,0.621,0.752,0.793,0.743,0.866,0.733,0.605,0.640,0.015,0.062,0.164,0.716,0.004,0.345,0.617,0.794,0.290,0.021,0.514,0.339,0.233,0.000,0.339,0.005,0.229,0.000,0.420,0.000,0.134,0.115,0.785,0.273,0.790,0.210,0.000,0.164,0.000,0.000,0.010,0.001,0.008,0.000,0.161,0.045,0.336,0.441,0.073,0.446,0.103,0.033,0.253,0.177,0.196,0.014,0.053,0.011,0.177,0.000,0.050,0.000,0.008,0.050,0.051,0.005,0.000,0.250,0.021,0.088,0.000,0.113,0.000,0.000,0.000,0.079,0.015,0.836,0.048,0.611,0.621,0.664,0.348,0.089,0.054,0.037,0.090,0.176,0.206
extreme-rights-risk,Extreme Rights Risk,Legislative output often creates concentrated rights burdens under contested public mandates.,1.000,extreme-rights-risk synthetic legislature,current-us-like,Stylized current U.S.-like supreme court,5120,0.939,0.726,0.213,0.579,0.537,0.623,0.389,0.149,0.109,0.810,0.628,0.449,0.407,0.650,0.505,0.382,0.237,0.533,0.107,0.001,0.537,0.265,0.476,0.277,0.463,0.587,0.499,0.659,0.499,0.521,0.609,0.457,0.487,0.537,0.328,0.639,0.069,0.408,0.431,0.471,0.124,0.663,0.643,0.597,0.195,0.304,0.387,0.593,0.173,0.173,0.000,0.173,0.000,0.000,0.019,0.000,0.053,0.300,0.199,0.252,0.274,0.726,0.000,0.000,0.000,0.000,0.000,0.000,0.000,0.000,0.352,0.316,0.739,0.819,0.119,0.377,0.249,0.107,0.466,0.249,0.456,0.041,0.127,0.057,0.000,0.045,0.146,0.000,0.002,0.123,0.146,0.053,0.014,0.753,0.433,0.557,0.615,0.993,0.688,0.511,0.385,0.184,0.236,0.417,0.250,0.388,0.318,0.344,0.199,0.050,0.053,0.093,0.100,0.177,0.328
extreme-rights-risk,Extreme Rights Risk,Legislative output often creates concentrated rights burdens under contested public mandates.,1.000,extreme-rights-risk synthetic legislature,term-limited-balanced,18-year staggered terms + regular appointments,5120,0.942,0.722,0.220,0.576,0.537,0.628,0.389,0.149,0.109,0.810,0.628,0.449,0.397,0.650,0.505,0.382,0.237,0.493,0.107,0.001,0.537,0.265,0.476,0.263,0.474,0.421,0.506,0.659,0.500,0.515,0.692,0.434,0.412,0.523,0.346,0.618,0.074,0.138,0.329,0.650,0.189,0.627,0.683,0.662,0.245,0.457,0.581,0.555,0.476,0.000,0.555,0.164,0.312,0.000,0.052,0.000,0.107,0.106,0.181,0.178,0.278,0.722,0.000,0.000,0.000,0.000,0.000,0.000,0.000,0.000,0.322,0.389,0.531,0.831,0.137,0.364,0.261,0.121,0.419,0.253,0.450,0.036,0.134,0.059,0.000,0.039,0.146,0.000,0.002,0.122,0.157,0.052,0.015,0.753,0.404,0.523,0.620,0.752,0.544,0.464,0.447,0.236,0.338,0.397,0.151,0.407,0.331,0.532,0.199,0.050,0.053,0.093,0.100,0.177,0.328
extreme-rights-risk,Extreme Rights Risk,Legislative output often creates concentrated rights burdens under contested public mandates.,1.000,extreme-rights-risk synthetic legislature,nonpartisan-commission,Nonpartisan commission appointments,5120,0.934,0.741,0.193,0.601,0.537,0.645,0.389,0.149,0.109,0.810,0.628,0.449,0.397,0.650,0.505,0.382,0.237,0.494,0.107,0.002,0.537,0.265,0.476,0.273,0.475,0.420,0.511,0.659,0.492,0.509,0.694,0.423,0.392,0.518,0.338,0.626,0.049,0.143,0.341,0.669,0.197,0.636,0.692,0.665,0.276,0.472,0.602,0.581,0.498,0.000,0.581,0.167,0.330,0.000,0.072,0.000,0.114,0.108,0.179,0.178,0.259,0.741,0.000,0.000,0.000,0.000,0.000,0.000,0.000,0.000,0.317,0.393,0.527,0.795,0.137,0.368,0.270,0.120,0.421,0.260,0.363,0.041,0.129,0.060,0.000,0.048,0.147,0.000,0.003,0.125,0.163,0.056,0.019,0.753,0.416,0.538,0.623,0.786,0.554,0.477,0.479,0.243,0.349,0.377,0.155,0.403,0.324,0.558,0.199,0.050,0.053,0.093,0.100,0.177,0.328
extreme-rights-risk,Extreme Rights Risk,Legislative output often creates concentrated rights burdens under contested public mandates.,1.000,extreme-rights-risk synthetic legislature,expanded-court-fifteen,Expanded 15-seat court,5120,0.940,0.723,0.217,0.583,0.537,0.625,0.389,0.149,0.109,0.810,0.628,0.449,0.396,0.650,0.505,0.382,0.237,0.493,0.107,0.001,0.537,0.265,0.476,0.261,0.475,0.420,0.514,0.659,0.492,0.512,0.695,0.430,0.401,0.523,0.346,0.622,0.046,0.138,0.338,0.669,0.195,0.627,0.685,0.667,0.287,0.460,0.590,0.564,0.488,0.000,0.564,0.164,0.324,0.000,0.053,0.000,0.111,0.403,0.199,0.282,0.277,0.723,0.000,0.000,0.000,0.000,0.000,0.000,0.000,0.000,0.320,0.390,0.522,0.830,0.134,0.360,0.261,0.120,0.409,0.240,0.447,0.045,0.131,0.066,0.000,0.040,0.144,0.000,0.002,0.127,0.161,0.056,0.016,0.753,0.407,0.541,0.592,0.827,0.549,0.446,0.442,0.238,0.340,0.376,0.152,0.408,0.331,0.552,0.199,0.050,0.053,0.093,0.100,0.177,0.328
extreme-rights-risk,Extreme Rights Risk,Legislative output often creates concentrated rights burdens under contested public mandates.,1.000,extreme-rights-risk synthetic legislature,supermajority-review,60 percent invalidation threshold,5120,0.933,0.708,0.225,0.558,0.537,0.601,0.389,0.149,0.109,0.810,0.628,0.449,0.398,0.650,0.505,0.382,0.237,0.493,0.107,0.001,0.537,0.265,0.476,0.245,0.470,0.408,0.506,0.659,0.511,0.537,0.688,0.482,0.533,0.538,0.352,0.593,0.069,0.128,0.341,0.624,0.152,0.617,0.659,0.655,0.236,0.365,0.513,0.551,0.404,0.000,0.551,0.274,0.129,0.147,0.052,0.000,0.051,0.105,0.186,0.175,0.292,0.708,0.000,0.000,0.000,0.000,0.000,0.000,0.000,0.000,0.316,0.339,0.545,0.808,0.129,0.356,0.254,0.118,0.412,0.250,0.437,0.037,0.123,0.062,0.000,0.038,0.153,0.000,0.002,0.117,0.149,0.045,0.015,0.753,0.329,0.452,0.484,0.646,0.449,0.331,0.349,0.196,0.297,0.507,0.175,0.412,0.337,0.504,0.199,0.050,0.053,0.093,0.100,0.177,0.328
extreme-rights-risk,Extreme Rights Risk,Legislative output often creates concentrated rights burdens under contested public mandates.,1.000,extreme-rights-risk synthetic legislature,recusal-and-emergency-reform,Peer recusal + reasoned emergency docket,5120,0.939,0.723,0.216,0.575,0.537,0.622,0.389,0.149,0.109,0.810,0.628,0.449,0.397,0.650,0.505,0.382,0.237,0.493,0.107,0.001,0.537,0.265,0.476,0.266,0.475,0.420,0.513,0.659,0.493,0.513,0.691,0.430,0.400,0.523,0.345,0.622,0.076,0.138,0.334,0.661,0.189,0.628,0.685,0.663,0.279,0.460,0.589,0.566,0.484,0.000,0.566,0.157,0.327,0.000,0.084,0.000,0.113,0.106,0.185,0.178,0.277,0.723,0.000,0.000,0.000,0.000,0.000,0.000,0.000,0.000,0.324,0.392,0.529,0.834,0.137,0.363,0.263,0.120,0.421,0.256,0.457,0.041,0.127,0.061,0.000,0.043,0.150,0.000,0.002,0.131,0.145,0.054,0.015,0.753,0.406,0.550,0.552,0.772,0.561,0.474,0.446,0.237,0.339,0.385,0.151,0.407,0.330,0.540,0.199,0.050,0.053,0.093,0.100,0.177,0.328
extreme-rights-risk,Extreme Rights Risk,Legislative output often creates concentrated rights burdens under contested public mandates.,1.000,extreme-rights-risk synthetic legislature,panel-en-banc,Three-judge panels with en banc correction,5120,0.936,0.741,0.195,0.593,0.537,0.646,0.389,0.149,0.109,0.810,0.628,0.449,0.396,0.650,0.505,0.382,0.237,0.464,0.107,0.002,0.537,0.265,0.476,0.262,0.475,0.421,0.613,0.659,0.492,0.513,0.690,0.429,0.405,0.520,0.341,0.627,0.076,0.142,0.342,0.719,0.196,0.634,0.690,0.668,0.295,0.466,0.601,0.582,0.505,0.000,0.582,0.173,0.333,0.000,0.417,0.000,0.391,0.073,0.159,0.146,0.641,0.359,0.000,0.000,0.000,0.000,0.000,0.000,0.000,0.000,0.314,0.382,0.525,0.790,0.138,0.376,0.264,0.123,0.430,0.266,0.360,0.039,0.127,0.060,0.000,0.043,0.159,0.000,0.002,0.129,0.156,0.054,0.016,0.753,0.412,0.561,0.615,0.769,0.569,0.446,0.433,0.242,0.346,0.391,0.157,0.404,0.325,0.604,0.199,0.050,0.053,0.093,0.100,0.177,0.328
extreme-rights-risk,Extreme Rights Risk,Legislative output often creates concentrated rights burdens under contested public mandates.,1.000,extreme-rights-risk synthetic legislature,cross-checking-courts,Supreme court with cross-checking constitutional court,5120,0.942,0.747,0.195,0.603,0.537,0.646,0.389,0.149,0.109,0.810,0.628,0.449,0.377,0.650,0.505,0.382,0.237,0.494,0.107,0.001,0.537,0.265,0.476,0.259,0.492,0.410,0.526,0.659,0.485,0.549,0.688,0.499,0.607,0.552,0.320,0.558,0.037,0.135,0.359,0.668,0.114,0.661,0.641,0.655,0.379,0.272,0.550,0.585,0.406,0.000,0.585,0.276,0.130,0.179,0.135,0.000,0.149,0.110,0.209,0.193,0.253,0.747,0.229,0.000,0.000,0.000,0.000,0.000,0.000,0.000,0.308,0.288,0.550,0.768,0.116,0.384,0.260,0.109,0.439,0.256,0.365,0.040,0.136,0.053,0.000,0.044,0.153,0.000,0.002,0.126,0.155,0.051,0.013,0.753,0.242,0.342,0.351,0.429,0.292,0.288,0.252,0.183,0.233,0.575,0.182,0.416,0.308,0.554,0.199,0.050,0.053,0.093,0.100,0.177,0.328
extreme-rights-risk,Extreme Rights Risk,Legislative output often creates concentrated rights burdens under contested public mandates.,1.000,extreme-rights-risk synthetic legislature,dual-supreme-courts,Dual supreme courts with disagreement filter,5120,0.940,0.743,0.198,0.596,0.537,0.647,0.389,0.149,0.109,0.810,0.628,0.449,0.399,0.650,0.505,0.382,0.237,0.494,0.107,0.001,0.537,0.265,0.476,0.268,0.472,0.411,0.533,0.659,0.456,0.491,0.689,0.392,0.342,0.506,0.309,0.623,0.035,0.137,0.362,0.671,0.200,0.679,0.691,0.659,0.419,0.471,0.538,0.583,0.422,0.000,0.583,0.302,0.120,0.161,0.136,0.000,0.137,0.106,0.177,0.176,0.257,0.743,0.227,0.000,0.000,0.000,0.000,0.000,0.000,0.000,0.325,0.397,0.552,0.822,0.136,0.374,0.270,0.119,0.441,0.260,0.381,0.044,0.135,0.055,0.000,0.046,0.162,0.000,0.003,0.124,0.164,0.061,0.019,0.753,0.413,0.540,0.657,0.782,0.556,0.468,0.429,0.241,0.372,0.329,0.187,0.391,0.297,0.555,0.199,0.050,0.053,0.093,0.100,0.177,0.328
extreme-rights-risk,Extreme Rights Risk,Legislative output often creates concentrated rights burdens under contested public mandates.,1.000,extreme-rights-risk synthetic legislature,comparative-constitutional-senates,Comparative 16-seat constitutional senates,5120,0.941,0.725,0.216,0.572,0.537,0.615,0.389,0.149,0.109,0.810,0.628,0.449,0.398,0.650,0.505,0.382,0.237,0.523,0.107,0.001,0.537,0.265,0.476,0.255,0.471,0.409,0.662,0.659,0.501,0.545,0.680,0.498,0.582,0.543,0.348,0.592,0.044,0.132,0.351,0.700,0.144,0.622,0.659,0.662,0.325,0.335,0.529,0.572,0.408,0.000,0.572,0.273,0.135,0.164,0.421,0.000,0.153,0.103,0.206,0.182,0.666,0.334,0.000,0.000,0.000,0.000,0.000,0.000,0.000,0.000,0.311,0.323,0.552,0.762,0.120,0.362,0.265,0.111,0.432,0.244,0.351,0.037,0.137,0.052,0.000,0.045,0.148,0.000,0.002,0.131,0.151,0.043,0.014,0.753,0.311,0.440,0.468,0.673,0.382,0.304,0.306,0.190,0.277,0.552,0.179,0.411,0.332,0.589,0.199,0.050,0.053,0.093,0.100,0.177,0.328
extreme-rights-risk,Extreme Rights Risk,Legislative output often creates concentrated rights burdens under contested public mandates.,1.000,extreme-rights-risk synthetic legislature,constitutional-council,Pre-enactment constitutional council,5120,0.940,0.741,0.199,0.594,0.537,0.651,0.389,0.149,0.109,0.810,0.628,0.449,0.397,0.650,0.505,0.382,0.237,0.484,0.107,0.001,0.537,0.265,0.476,0.290,0.528,0.421,0.562,0.659,0.482,0.520,0.698,0.437,0.434,0.515,0.344,0.630,0.057,0.141,0.338,0.756,0.183,0.679,0.726,0.680,0.386,0.441,0.603,0.576,0.493,0.000,0.576,0.158,0.335,0.000,0.291,0.000,0.166,0.070,0.200,0.178,0.648,0.352,0.000,0.732,0.000,0.000,0.314,0.087,0.170,0.030,0.338,0.453,0.535,0.815,0.329,0.348,0.310,0.161,0.433,0.304,0.379,0.027,0.089,0.045,0.304,0.026,0.084,0.000,0.002,0.148,0.161,0.053,0.021,0.753,0.399,0.552,0.582,0.772,0.546,0.383,0.443,0.235,0.313,0.416,0.154,0.405,0.319,0.650,0.199,0.050,0.053,0.093,0.100,0.177,0.328
extreme-rights-risk,Extreme Rights Risk,Legislative output often creates concentrated rights burdens under contested public mandates.,1.000,extreme-rights-risk synthetic legislature,legislative-override,Judicial review with legislative supermajority override,5120,0.944,0.746,0.197,0.593,0.537,0.653,0.389,0.149,0.109,0.810,0.628,0.449,0.400,0.650,0.505,0.382,0.237,0.494,0.107,0.001,0.537,0.265,0.476,0.294,0.476,0.421,0.507,0.659,0.483,0.502,0.692,0.411,0.394,0.509,0.309,0.633,0.035,0.142,0.341,0.668,0.192,0.683,0.703,0.663,0.286,0.465,0.601,0.579,0.495,0.000,0.579,0.165,0.331,0.000,0.054,0.000,0.110,0.108,0.184,0.181,0.254,0.746,0.000,0.000,0.000,0.000,0.321,0.068,0.169,0.021,0.340,0.473,0.530,0.813,0.341,0.346,0.310,0.165,0.428,0.294,0.369,0.026,0.081,0.044,0.294,0.033,0.099,0.000,0.002,0.145,0.171,0.062,0.022,0.753,0.410,0.563,0.597,0.789,0.541,0.425,0.456,0.242,0.333,0.378,0.155,0.394,0.287,0.563,0.199,0.050,0.053,0.093,0.100,0.177,0.328
extreme-rights-risk,Extreme Rights Risk,Legislative output often creates concentrated rights burdens under contested public mandates.,1.000,extreme-rights-risk synthetic legislature,accountability-retention-court,Retention-election accountability court,5120,0.940,0.749,0.190,0.602,0.537,0.646,0.389,0.149,0.109,0.810,0.628,0.449,0.398,0.650,0.505,0.382,0.237,0.494,0.107,0.001,0.537,0.265,0.476,0.281,0.476,0.421,0.508,0.659,0.488,0.504,0.694,0.424,0.414,0.525,0.316,0.603,0.056,0.142,0.343,0.668,0.189,0.674,0.719,0.662,0.278,0.454,0.609,0.582,0.501,0.000,0.582,0.164,0.337,0.000,0.060,0.000,0.211,0.297,0.212,0.261,0.251,0.749,0.000,0.000,0.000,0.000,0.300,0.161,0.000,0.054,0.318,0.400,0.528,0.808,0.166,0.383,0.272,0.126,0.427,0.264,0.370,0.033,0.083,0.039,0.264,0.031,0.096,0.000,0.002,0.134,0.153,0.058,0.018,0.753,0.407,0.555,0.604,0.827,0.544,0.441,0.415,0.239,0.311,0.389,0.156,0.398,0.299,0.560,0.199,0.050,0.053,0.093,0.100,0.177,0.328
extreme-rights-risk,Extreme Rights Risk,Legislative output often creates concentrated rights burdens under contested public mandates.,1.000,extreme-rights-risk synthetic legislature,emergency-restraint-court,No emergency relief without merits review,5120,0.936,0.739,0.197,0.601,0.537,0.640,0.389,0.149,0.109,0.810,0.628,0.449,0.391,0.650,0.505,0.382,0.237,0.494,0.107,0.001,0.537,0.265,0.476,0.259,0.482,0.350,0.521,0.659,0.502,0.507,0.725,0.404,0.346,0.503,0.345,0.656,0.057,0.030,0.318,0.748,0.223,0.631,0.712,0.695,0.294,0.542,0.709,0.574,0.574,0.000,0.574,0.000,0.574,0.000,0.117,0.000,0.111,0.108,0.161,0.165,0.261,0.739,0.000,0.000,0.000,0.000,0.000,0.000,0.000,0.000,0.306,0.417,0.470,0.804,0.138,0.370,0.263,0.113,0.408,0.260,0.359,0.041,0.137,0.055,0.000,0.046,0.153,0.000,0.003,0.131,0.155,0.052,0.016,0.753,0.486,0.658,0.693,0.993,0.728,0.517,0.484,0.279,0.367,0.348,0.118,0.414,0.329,0.640,0.199,0.050,0.053,0.093,0.100,0.177,0.328
extreme-rights-risk,Extreme Rights Risk,Legislative output often creates concentrated rights burdens under contested public mandates.,1.000,extreme-rights-risk synthetic legislature,randomized-merits-panels,Randomized merits panels with en banc correction,5120,0.934,0.736,0.198,0.588,0.537,0.636,0.389,0.149,0.109,0.810,0.628,0.449,0.397,0.650,0.505,0.382,0.237,0.464,0.107,0.001,0.537,0.265,0.476,0.273,0.476,0.421,0.642,0.659,0.490,0.512,0.688,0.428,0.403,0.520,0.340,0.627,0.076,0.140,0.341,0.723,0.193,0.634,0.689,0.667,0.301,0.465,0.605,0.581,0.507,0.000,0.581,0.164,0.344,0.000,0.446,0.000,0.158,0.072,0.167,0.148,0.652,0.348,0.000,0.000,0.000,0.000,0.000,0.000,0.000,0.000,0.316,0.395,0.528,0.795,0.137,0.358,0.275,0.121,0.430,0.258,0.360,0.040,0.142,0.061,0.000,0.048,0.148,0.000,0.002,0.138,0.157,0.052,0.015,0.753,0.417,0.567,0.613,0.782,0.546,0.478,0.444,0.242,0.344,0.389,0.155,0.404,0.323,0.609,0.199,0.050,0.053,0.093,0.100,0.177,0.328
extreme-rights-risk,Extreme Rights Risk,Legislative output often creates concentrated rights burdens under contested public mandates.,1.000,extreme-rights-risk synthetic legislature,mandatory-written-emergency-reasoning,Mandatory written emergency reasoning,5120,0.938,0.720,0.217,0.576,0.537,0.616,0.389,0.149,0.109,0.810,0.628,0.449,0.398,0.650,0.505,0.382,0.237,0.493,0.107,0.002,0.537,0.265,0.476,0.266,0.473,0.396,0.506,0.659,0.495,0.518,0.693,0.445,0.441,0.528,0.344,0.612,0.076,0.100,0.343,0.651,0.187,0.629,0.677,0.660,0.291,0.437,0.570,0.560,0.469,0.000,0.560,0.281,0.188,0.000,0.054,0.000,0.106,0.106,0.184,0.178,0.280,0.720,0.000,0.000,0.000,0.000,0.000,0.000,0.000,0.000,0.322,0.378,0.540,0.828,0.133,0.368,0.259,0.116,0.423,0.244,0.453,0.039,0.130,0.057,0.000,0.045,0.154,0.000,0.002,0.123,0.155,0.054,0.015,0.753,0.389,0.508,0.592,0.779,0.541,0.415,0.416,0.222,0.346,0.423,0.176,0.407,0.330,0.529,0.199,0.050,0.053,0.093,0.100,0.177,0.328
extreme-rights-risk,Extreme Rights Risk,Legislative output often creates concentrated rights burdens under contested public mandates.,1.000,extreme-rights-risk synthetic legislature,automatic-merits-follow-up,Automatic merits follow-up for emergency relief,5120,0.940,0.722,0.219,0.576,0.537,0.621,0.389,0.149,0.109,0.810,0.628,0.449,0.392,0.650,0.505,0.382,0.237,0.493,0.107,0.001,0.537,0.265,0.476,0.262,0.481,0.370,0.506,0.659,0.498,0.503,0.720,0.399,0.330,0.499,0.348,0.652,0.075,0.040,0.306,0.716,0.240,0.626,0.710,0.690,0.309,0.566,0.690,0.550,0.550,0.000,0.550,0.300,0.550,0.000,0.053,0.000,0.108,0.106,0.154,0.160,0.278,0.722,0.000,0.000,0.000,0.000,0.000,0.000,0.000,0.000,0.319,0.452,0.472,0.852,0.145,0.342,0.280,0.122,0.408,0.253,0.454,0.038,0.144,0.062,0.000,0.044,0.145,0.000,0.002,0.138,0.161,0.055,0.020,0.753,0.493,0.654,0.706,0.993,0.703,0.558,0.514,0.282,0.435,0.335,0.103,0.413,0.330,0.601,0.199,0.050,0.053,0.093,0.100,0.177,0.328
extreme-rights-risk,Extreme Rights Risk,Legislative output often creates concentrated rights burdens under contested public mandates.,1.000,extreme-rights-risk synthetic legislature,strong-recusal-enforcement,Independent recusal enforcement with substitutes,5120,0.939,0.745,0.194,0.593,0.537,0.651,0.389,0.149,0.109,0.810,0.628,0.449,0.398,0.650,0.505,0.382,0.237,0.494,0.107,0.001,0.537,0.265,0.476,0.274,0.475,0.421,0.528,0.659,0.490,0.512,0.693,0.428,0.410,0.519,0.336,0.625,0.049,0.143,0.339,0.685,0.191,0.638,0.691,0.666,0.301,0.465,0.594,0.571,0.493,0.000,0.571,0.175,0.317,0.000,0.118,0.000,0.114,0.104,0.182,0.176,0.255,0.745,0.000,0.000,0.000,0.000,0.000,0.000,0.000,0.000,0.317,0.387,0.527,0.793,0.135,0.374,0.270,0.125,0.425,0.254,0.363,0.045,0.121,0.065,0.000,0.045,0.158,0.000,0.002,0.129,0.164,0.055,0.017,0.753,0.412,0.568,0.596,0.776,0.556,0.480,0.413,0.241,0.346,0.393,0.157,0.400,0.320,0.574,0.199,0.050,0.053,0.093,0.100,0.177,0.328
extreme-rights-risk,Extreme Rights Risk,Legislative output often creates concentrated rights burdens under contested public mandates.,1.000,extreme-rights-risk synthetic legislature,jurisdiction-stripping-constraints,Jurisdiction stripping constrained by rights carveouts,5120,0.932,0.735,0.197,0.590,0.537,0.632,0.389,0.149,0.109,0.810,0.628,0.449,0.397,0.650,0.505,0.382,0.237,0.444,0.107,0.001,0.537,0.265,0.476,0.281,0.506,0.420,0.506,0.659,0.492,0.508,0.700,0.415,0.391,0.514,0.320,0.630,0.034,0.139,0.338,0.668,0.202,0.663,0.704,0.671,0.274,0.478,0.604,0.574,0.497,0.000,0.574,0.162,0.335,0.000,0.052,0.000,0.107,0.110,0.175,0.176,0.265,0.735,0.000,0.000,0.000,0.000,0.331,0.000,0.000,0.000,0.328,0.514,0.527,0.812,0.302,0.336,0.315,0.168,0.423,0.281,0.364,0.047,0.222,0.096,0.000,0.053,0.000,0.000,0.002,0.152,0.173,0.057,0.019,0.753,0.421,0.572,0.632,0.820,0.546,0.456,0.448,0.245,0.352,0.377,0.153,0.403,0.307,0.574,0.199,0.050,0.053,0.093,0.100,0.177,0.328
extreme-rights-risk,Extreme Rights Risk,Legislative output often creates concentrated rights burdens under contested public mandates.,1.000,extreme-rights-risk synthetic legislature,legislative-override-window,Time-limited legislative override window,5120,0.939,0.736,0.203,0.588,0.537,0.632,0.389,0.149,0.109,0.810,0.628,0.449,0.400,0.650,0.505,0.382,0.237,0.494,0.107,0.001,0.537,0.265,0.476,0.294,0.478,0.421,0.506,0.659,0.484,0.503,0.691,0.416,0.400,0.513,0.313,0.631,0.034,0.144,0.346,0.665,0.197,0.681,0.703,0.662,0.284,0.466,0.597,0.586,0.499,0.000,0.586,0.170,0.329,0.000,0.052,0.000,0.109,0.107,0.182,0.179,0.264,0.736,0.000,0.000,0.000,0.000,0.330,0.089,0.170,0.000,0.342,0.479,0.537,0.820,0.341,0.339,0.319,0.166,0.431,0.294,0.373,0.025,0.084,0.046,0.294,0.033,0.092,0.000,0.003,0.154,0.159,0.057,0.027,0.753,0.412,0.552,0.602,0.810,0.549,0.473,0.436,0.241,0.331,0.383,0.158,0.396,0.289,0.559,0.199,0.050,0.053,0.093,0.100,0.177,0.328
extreme-rights-risk,Extreme Rights Risk,Legislative output often creates concentrated rights burdens under contested public mandates.,1.000,extreme-rights-risk synthetic legislature,constitutional-remand,Constitutional remand before invalidation,5120,0.939,0.770,0.169,0.612,0.537,0.671,0.389,0.149,0.109,0.810,0.628,0.449,0.358,0.650,0.505,0.382,0.237,0.455,0.107,0.002,0.537,0.265,0.476,0.279,0.507,0.421,0.511,0.659,0.504,0.554,0.703,0.497,0.573,0.546,0.355,0.622,0.052,0.145,0.352,0.729,0.148,0.658,0.718,0.678,0.411,0.359,0.632,0.601,0.522,0.000,0.601,0.157,0.365,0.000,0.071,0.000,0.144,0.072,0.213,0.187,0.230,0.770,0.000,0.767,0.107,0.000,0.235,0.065,0.129,0.018,0.319,0.370,0.524,0.774,0.261,0.379,0.298,0.150,0.439,0.285,0.369,0.029,0.091,0.045,0.285,0.026,0.104,0.000,0.003,0.140,0.162,0.057,0.012,0.753,0.378,0.550,0.538,0.657,0.496,0.392,0.404,0.215,0.289,0.548,0.157,0.425,0.332,0.620,0.199,0.050,0.053,0.093,0.100,0.177,0.328
extreme-rights-risk,Extreme Rights Risk,Legislative output often creates concentrated rights burdens under contested public mandates.,1.000,extreme-rights-risk synthetic legislature,public-interest-litigation-filter,Public-interest litigation filter,5120,0.940,0.794,0.147,0.642,0.537,0.701,0.389,0.149,0.109,0.810,0.628,0.449,0.397,0.650,0.505,0.382,0.237,0.414,0.107,0.002,0.537,0.265,0.476,0.292,0.478,0.423,0.513,0.659,0.484,0.502,0.698,0.405,0.371,0.508,0.321,0.652,0.054,0.149,0.363,0.693,0.206,0.660,0.710,0.664,0.324,0.503,0.651,0.617,0.533,0.000,0.617,0.172,0.362,0.000,0.074,0.000,0.122,0.107,0.192,0.189,0.206,0.794,0.000,0.000,0.000,0.020,0.000,0.000,0.000,0.000,0.321,0.393,0.526,0.797,0.134,0.389,0.289,0.126,0.458,0.278,0.388,0.045,0.143,0.066,0.000,0.049,0.166,0.000,0.002,0.145,0.174,0.058,0.016,0.753,0.461,0.628,0.680,0.745,0.623,0.491,0.554,0.261,0.371,0.355,0.164,0.389,0.303,0.574,0.199,0.050,0.053,0.093,0.100,0.177,0.328
extreme-rights-risk,Extreme Rights Risk,Legislative output often creates concentrated rights burdens under contested public mandates.,1.000,extreme-rights-risk synthetic legislature,emergency-integrity-package,Emergency integrity package,5120,0.942,0.741,0.201,0.593,0.537,0.635,0.389,0.149,0.109,0.810,0.628,0.449,0.393,0.650,0.505,0.382,0.237,0.494,0.107,0.001,0.537,0.265,0.476,0.274,0.482,0.371,0.527,0.659,0.494,0.505,0.723,0.404,0.349,0.503,0.341,0.653,0.046,0.042,0.314,0.753,0.232,0.632,0.712,0.695,0.341,0.541,0.710,0.565,0.565,0.000,0.565,0.301,0.565,0.000,0.115,0.000,0.109,0.107,0.171,0.171,0.259,0.741,0.000,0.000,0.000,0.000,0.000,0.000,0.000,0.000,0.311,0.430,0.477,0.805,0.140,0.362,0.276,0.120,0.425,0.261,0.358,0.042,0.139,0.061,0.000,0.041,0.153,0.000,0.001,0.130,0.161,0.056,0.019,0.753,0.482,0.644,0.679,0.990,0.706,0.537,0.491,0.279,0.420,0.351,0.107,0.411,0.324,0.647,0.199,0.050,0.053,0.093,0.100,0.177,0.328
extreme-rights-risk,Extreme Rights Risk,Legislative output often creates concentrated rights burdens under contested public mandates.,1.000,extreme-rights-risk synthetic legislature,remand-override-window-package,Constitutional remand with override window,5120,0.940,0.770,0.169,0.620,0.537,0.669,0.389,0.149,0.109,0.810,0.628,0.449,0.358,0.650,0.505,0.382,0.237,0.455,0.107,0.001,0.537,0.265,0.476,0.274,0.507,0.396,0.511,0.659,0.499,0.556,0.705,0.501,0.582,0.548,0.356,0.618,0.053,0.103,0.363,0.729,0.141,0.660,0.713,0.678,0.450,0.354,0.620,0.598,0.499,0.000,0.598,0.283,0.216,0.000,0.071,0.000,0.146,0.070,0.210,0.185,0.230,0.770,0.000,0.767,0.098,0.000,0.232,0.054,0.127,0.000,0.319,0.371,0.536,0.770,0.268,0.382,0.300,0.152,0.435,0.282,0.363,0.033,0.087,0.048,0.282,0.028,0.099,0.000,0.002,0.146,0.159,0.053,0.014,0.753,0.370,0.510,0.501,0.646,0.500,0.430,0.421,0.204,0.308,0.557,0.183,0.423,0.333,0.619,0.199,0.050,0.053,0.093,0.100,0.177,0.328
extreme-rights-risk,Extreme Rights Risk,Legislative output often creates concentrated rights burdens under contested public mandates.,1.000,extreme-rights-risk synthetic legislature,panel-jurisdiction-safeguards,Random panels with jurisdiction safeguards,5120,0.940,0.744,0.196,0.595,0.537,0.648,0.389,0.149,0.109,0.810,0.628,0.449,0.399,0.650,0.505,0.382,0.237,0.414,0.107,0.001,0.537,0.265,0.476,0.280,0.502,0.410,0.680,0.659,0.491,0.528,0.683,0.459,0.510,0.525,0.322,0.601,0.074,0.136,0.359,0.712,0.169,0.658,0.684,0.662,0.331,0.398,0.540,0.585,0.421,0.000,0.585,0.290,0.131,0.163,0.485,0.000,0.157,0.071,0.186,0.156,0.647,0.353,0.000,0.000,0.000,0.000,0.275,0.000,0.000,0.000,0.320,0.441,0.549,0.788,0.261,0.361,0.297,0.148,0.434,0.280,0.361,0.046,0.216,0.090,0.000,0.052,0.000,0.000,0.002,0.142,0.160,0.056,0.021,0.753,0.354,0.462,0.505,0.660,0.479,0.400,0.421,0.209,0.321,0.486,0.185,0.400,0.314,0.609,0.199,0.050,0.053,0.093,0.100,0.177,0.328
extreme-rights-risk,Extreme Rights Risk,Legislative output often creates concentrated rights burdens under contested public mandates.,1.000,extreme-rights-risk synthetic legislature,council-concrete-hybrid,Constitutional council with concrete-review backstop,5120,0.942,0.741,0.201,0.594,0.537,0.644,0.389,0.149,0.109,0.810,0.628,0.449,0.396,0.650,0.505,0.382,0.237,0.484,0.107,0.001,0.537,0.265,0.476,0.281,0.528,0.420,0.605,0.659,0.485,0.531,0.697,0.458,0.481,0.525,0.349,0.625,0.044,0.141,0.338,0.761,0.165,0.670,0.717,0.682,0.402,0.402,0.605,0.577,0.492,0.000,0.577,0.157,0.334,0.000,0.355,0.000,0.158,0.107,0.225,0.196,0.640,0.360,0.000,0.731,0.000,0.000,0.278,0.066,0.165,0.019,0.331,0.427,0.530,0.801,0.318,0.351,0.308,0.168,0.422,0.283,0.370,0.028,0.080,0.050,0.283,0.030,0.089,0.000,0.002,0.143,0.160,0.063,0.019,0.753,0.374,0.530,0.516,0.806,0.459,0.390,0.386,0.224,0.292,0.458,0.154,0.411,0.325,0.656,0.199,0.050,0.053,0.093,0.100,0.177,0.328
weak-mandate-legislation,Weak-Mandate Legislation,Many reviewed laws have low public legitimacy and high override pressure after invalidation.,1.000,weak-mandate synthetic legislature,current-us-like,Stylized current U.S.-like supreme court,5120,0.924,0.692,0.232,0.549,0.562,0.581,0.405,0.157,0.101,0.710,0.600,0.429,0.382,0.625,0.467,0.359,0.228,0.481,0.133,0.003,0.479,0.255,0.492,0.226,0.455,0.536,0.463,0.643,0.532,0.595,0.647,0.578,0.734,0.598,0.378,0.656,0.065,0.344,0.356,0.486,0.064,0.576,0.621,0.628,0.184,0.168,0.376,0.527,0.089,0.089,0.000,0.089,0.000,0.000,0.016,0.000,0.048,0.299,0.461,0.317,0.308,0.692,0.000,0.000,0.000,0.000,0.000,0.000,0.000,0.000,0.308,0.203,0.674,0.727,0.103,0.374,0.206,0.086,0.412,0.248,0.391,0.018,0.112,0.044,0.000,0.013,0.147,0.000,0.008,0.102,0.128,0.029,0.006,0.385,0.204,0.495,0.505,0.979,0.535,0.394,0.275,0.128,0.127,0.660,0.193,0.435,0.367,0.373,0.279,0.066,0.045,0.077,0.096,0.181,0.255
weak-mandate-legislation,Weak-Mandate Legislation,Many reviewed laws have low public legitimacy and high override pressure after invalidation.,1.000,weak-mandate synthetic legislature,term-limited-balanced,18-year staggered terms + regular appointments,5120,0.930,0.694,0.236,0.554,0.562,0.602,0.405,0.157,0.101,0.710,0.600,0.429,0.372,0.625,0.467,0.359,0.228,0.440,0.133,0.004,0.479,0.255,0.492,0.210,0.466,0.378,0.470,0.643,0.545,0.602,0.720,0.573,0.711,0.591,0.394,0.652,0.068,0.115,0.265,0.643,0.096,0.544,0.650,0.686,0.230,0.256,0.565,0.496,0.372,0.000,0.496,0.080,0.292,0.000,0.046,0.000,0.104,0.108,0.451,0.255,0.306,0.694,0.000,0.000,0.000,0.000,0.000,0.000,0.000,0.000,0.274,0.223,0.493,0.717,0.103,0.389,0.194,0.081,0.365,0.240,0.378,0.023,0.106,0.040,0.000,0.014,0.147,0.000,0.011,0.099,0.129,0.026,0.005,0.385,0.201,0.523,0.507,0.695,0.477,0.490,0.359,0.166,0.184,0.680,0.116,0.458,0.384,0.543,0.279,0.066,0.045,0.077,0.096,0.181,0.255
weak-mandate-legislation,Weak-Mandate Legislation,Many reviewed laws have low public legitimacy and high override pressure after invalidation.,1.000,weak-mandate synthetic legislature,nonpartisan-commission,Nonpartisan commission appointments,5120,0.920,0.704,0.216,0.567,0.562,0.599,0.405,0.157,0.101,0.710,0.600,0.429,0.373,0.625,0.467,0.359,0.228,0.441,0.133,0.004,0.479,0.255,0.492,0.219,0.467,0.379,0.473,0.643,0.539,0.598,0.723,0.565,0.697,0.586,0.389,0.658,0.043,0.116,0.271,0.658,0.104,0.551,0.657,0.690,0.257,0.271,0.577,0.508,0.384,0.000,0.508,0.076,0.308,0.000,0.061,0.000,0.096,0.108,0.435,0.253,0.296,0.704,0.000,0.000,0.000,0.000,0.000,0.000,0.000,0.000,0.273,0.236,0.501,0.689,0.106,0.384,0.205,0.087,0.389,0.250,0.306,0.024,0.115,0.043,0.000,0.010,0.149,0.000,0.010,0.096,0.138,0.029,0.006,0.385,0.212,0.560,0.579,0.770,0.360,0.445,0.335,0.172,0.193,0.667,0.117,0.454,0.379,0.565,0.279,0.066,0.045,0.077,0.096,0.181,0.255
weak-mandate-legislation,Weak-Mandate Legislation,Many reviewed laws have low public legitimacy and high override pressure after invalidation.,1.000,weak-mandate synthetic legislature,expanded-court-fifteen,Expanded 15-seat court,5120,0.929,0.676,0.254,0.544,0.562,0.570,0.405,0.157,0.101,0.710,0.600,0.429,0.371,0.625,0.467,0.359,0.228,0.440,0.133,0.005,0.479,0.255,0.492,0.202,0.466,0.377,0.476,0.643,0.540,0.602,0.724,0.576,0.710,0.592,0.400,0.650,0.034,0.113,0.268,0.653,0.099,0.538,0.646,0.691,0.265,0.256,0.557,0.493,0.363,0.000,0.493,0.075,0.288,0.000,0.044,0.000,0.098,0.401,0.477,0.348,0.324,0.676,0.000,0.000,0.000,0.000,0.000,0.000,0.000,0.000,0.273,0.231,0.494,0.724,0.103,0.371,0.195,0.079,0.354,0.237,0.376,0.019,0.107,0.040,0.000,0.010,0.143,0.000,0.011,0.096,0.129,0.031,0.005,0.385,0.200,0.521,0.517,0.765,0.430,0.409,0.312,0.163,0.183,0.670,0.114,0.463,0.389,0.556,0.279,0.066,0.045,0.077,0.096,0.181,0.255
weak-mandate-legislation,Weak-Mandate Legislation,Many reviewed laws have low public legitimacy and high override pressure after invalidation.,1.000,weak-mandate synthetic legislature,supermajority-review,60 percent invalidation threshold,5120,0.927,0.690,0.236,0.546,0.562,0.591,0.405,0.157,0.101,0.710,0.600,0.429,0.373,0.625,0.467,0.359,0.228,0.440,0.133,0.004,0.479,0.255,0.492,0.210,0.464,0.364,0.470,0.643,0.550,0.612,0.718,0.593,0.768,0.592,0.394,0.642,0.067,0.102,0.275,0.631,0.081,0.544,0.636,0.681,0.225,0.208,0.532,0.498,0.306,0.000,0.498,0.138,0.168,0.192,0.044,0.000,0.045,0.106,0.447,0.253,0.310,0.690,0.000,0.000,0.000,0.000,0.000,0.000,0.000,0.000,0.276,0.207,0.518,0.710,0.102,0.375,0.205,0.089,0.377,0.240,0.382,0.022,0.109,0.048,0.000,0.011,0.145,0.000,0.009,0.101,0.132,0.023,0.005,0.385,0.169,0.449,0.423,0.658,0.279,0.303,0.275,0.144,0.163,0.734,0.130,0.457,0.382,0.529,0.279,0.066,0.045,0.077,0.096,0.181,0.255
weak-mandate-legislation,Weak-Mandate Legislation,Many reviewed laws have low public legitimacy and high override pressure after invalidation.,1.000,weak-mandate synthetic legislature,recusal-and-emergency-reform,Peer recusal + reasoned emergency docket,5120,0.922,0.679,0.243,0.535,0.562,0.572,0.405,0.157,0.101,0.710,0.600,0.429,0.371,0.625,0.467,0.359,0.228,0.440,0.133,0.004,0.479,0.255,0.492,0.203,0.466,0.378,0.476,0.643,0.542,0.603,0.721,0.575,0.709,0.592,0.399,0.654,0.061,0.114,0.266,0.649,0.096,0.539,0.647,0.688,0.259,0.255,0.560,0.498,0.382,0.000,0.498,0.076,0.306,0.000,0.074,0.000,0.097,0.107,0.446,0.245,0.321,0.679,0.000,0.000,0.000,0.000,0.000,0.000,0.000,0.000,0.275,0.226,0.494,0.724,0.104,0.372,0.195,0.080,0.374,0.240,0.384,0.024,0.104,0.042,0.000,0.009,0.142,0.000,0.009,0.093,0.136,0.027,0.008,0.385,0.201,0.539,0.507,0.728,0.395,0.515,0.281,0.165,0.182,0.679,0.116,0.461,0.388,0.549,0.279,0.066,0.045,0.077,0.096,0.181,0.255
weak-mandate-legislation,Weak-Mandate Legislation,Many reviewed laws have low public legitimacy and high override pressure after invalidation.,1.000,weak-mandate synthetic legislature,panel-en-banc,Three-judge panels with en banc correction,5120,0.925,0.706,0.218,0.567,0.562,0.604,0.405,0.157,0.101,0.710,0.600,0.429,0.372,0.625,0.467,0.359,0.228,0.411,0.133,0.004,0.479,0.255,0.492,0.216,0.467,0.379,0.583,0.643,0.538,0.601,0.719,0.570,0.711,0.588,0.389,0.658,0.070,0.118,0.270,0.713,0.102,0.551,0.656,0.692,0.274,0.266,0.581,0.509,0.384,0.000,0.509,0.081,0.303,0.000,0.452,0.000,0.373,0.072,0.397,0.211,0.701,0.299,0.000,0.000,0.000,0.000,0.000,0.000,0.000,0.000,0.270,0.235,0.493,0.682,0.109,0.376,0.209,0.092,0.381,0.254,0.297,0.024,0.109,0.051,0.000,0.010,0.159,0.000,0.011,0.109,0.136,0.026,0.006,0.385,0.208,0.547,0.581,0.745,0.430,0.394,0.336,0.171,0.191,0.684,0.118,0.455,0.376,0.617,0.279,0.066,0.045,0.077,0.096,0.181,0.255
weak-mandate-legislation,Weak-Mandate Legislation,Many reviewed laws have low public legitimacy and high override pressure after invalidation.,1.000,weak-mandate synthetic legislature,cross-checking-courts,Supreme court with cross-checking constitutional court,5120,0.918,0.708,0.210,0.576,0.562,0.596,0.405,0.157,0.101,0.710,0.600,0.429,0.353,0.625,0.467,0.359,0.228,0.441,0.133,0.004,0.479,0.255,0.492,0.225,0.485,0.364,0.486,0.643,0.522,0.610,0.721,0.581,0.762,0.595,0.365,0.628,0.024,0.103,0.280,0.666,0.068,0.583,0.625,0.686,0.356,0.173,0.552,0.510,0.308,0.000,0.510,0.133,0.174,0.202,0.117,0.000,0.134,0.111,0.446,0.255,0.292,0.708,0.205,0.000,0.000,0.000,0.000,0.000,0.000,0.000,0.271,0.198,0.517,0.690,0.100,0.387,0.208,0.089,0.381,0.251,0.320,0.024,0.115,0.041,0.000,0.011,0.149,0.000,0.011,0.103,0.139,0.024,0.005,0.385,0.133,0.363,0.370,0.374,0.233,0.308,0.258,0.146,0.138,0.728,0.132,0.459,0.357,0.572,0.279,0.066,0.045,0.077,0.096,0.181,0.255
weak-mandate-legislation,Weak-Mandate Legislation,Many reviewed laws have low public legitimacy and high override pressure after invalidation.,1.000,weak-mandate synthetic legislature,dual-supreme-courts,Dual supreme courts with disagreement filter,5120,0.925,0.707,0.217,0.566,0.562,0.603,0.405,0.157,0.101,0.710,0.600,0.429,0.375,0.625,0.467,0.359,0.228,0.441,0.133,0.006,0.479,0.255,0.492,0.229,0.465,0.365,0.493,0.643,0.500,0.577,0.721,0.528,0.631,0.571,0.358,0.654,0.024,0.106,0.287,0.671,0.102,0.593,0.657,0.686,0.398,0.272,0.543,0.518,0.313,0.000,0.518,0.147,0.166,0.206,0.122,0.000,0.124,0.110,0.442,0.257,0.293,0.707,0.208,0.000,0.000,0.000,0.000,0.000,0.000,0.000,0.277,0.248,0.521,0.709,0.106,0.388,0.214,0.092,0.386,0.245,0.299,0.025,0.114,0.046,0.000,0.013,0.150,0.000,0.011,0.106,0.134,0.033,0.007,0.385,0.208,0.523,0.577,0.757,0.465,0.530,0.390,0.174,0.206,0.600,0.136,0.443,0.348,0.578,0.279,0.066,0.045,0.077,0.096,0.181,0.255
weak-mandate-legislation,Weak-Mandate Legislation,Many reviewed laws have low public legitimacy and high override pressure after invalidation.,1.000,weak-mandate synthetic legislature,comparative-constitutional-senates,Comparative 16-seat constitutional senates,5120,0.927,0.691,0.236,0.559,0.562,0.591,0.405,0.157,0.101,0.710,0.600,0.429,0.373,0.625,0.467,0.359,0.228,0.470,0.133,0.004,0.479,0.255,0.492,0.210,0.464,0.363,0.627,0.643,0.541,0.617,0.713,0.600,0.785,0.595,0.395,0.646,0.034,0.102,0.275,0.703,0.072,0.543,0.632,0.692,0.306,0.194,0.536,0.497,0.296,0.000,0.497,0.132,0.164,0.202,0.437,0.000,0.147,0.109,0.448,0.244,0.706,0.294,0.000,0.000,0.000,0.000,0.000,0.000,0.000,0.000,0.266,0.194,0.515,0.665,0.099,0.392,0.187,0.081,0.369,0.240,0.291,0.026,0.097,0.043,0.000,0.010,0.149,0.000,0.012,0.089,0.128,0.026,0.004,0.385,0.166,0.462,0.401,0.605,0.174,0.348,0.239,0.140,0.153,0.752,0.129,0.460,0.386,0.611,0.279,0.066,0.045,0.077,0.096,0.181,0.255
weak-mandate-legislation,Weak-Mandate Legislation,Many reviewed laws have low public legitimacy and high override pressure after invalidation.,1.000,weak-mandate synthetic legislature,constitutional-council,Pre-enactment constitutional council,5120,0.928,0.703,0.225,0.556,0.562,0.592,0.405,0.157,0.101,0.710,0.600,0.429,0.371,0.625,0.467,0.359,0.228,0.431,0.133,0.003,0.479,0.255,0.492,0.223,0.514,0.378,0.528,0.643,0.536,0.613,0.728,0.587,0.741,0.591,0.405,0.656,0.050,0.114,0.266,0.739,0.088,0.568,0.672,0.704,0.349,0.238,0.579,0.502,0.381,0.000,0.502,0.069,0.311,0.000,0.306,0.000,0.150,0.070,0.451,0.238,0.706,0.294,0.000,0.554,0.000,0.000,0.140,0.041,0.063,0.012,0.274,0.251,0.493,0.686,0.182,0.373,0.217,0.102,0.379,0.258,0.298,0.015,0.067,0.034,0.258,0.007,0.093,0.000,0.012,0.110,0.138,0.033,0.006,0.385,0.196,0.539,0.441,0.724,0.337,0.379,0.294,0.163,0.165,0.712,0.115,0.461,0.393,0.652,0.279,0.066,0.045,0.077,0.096,0.181,0.255
weak-mandate-legislation,Weak-Mandate Legislation,Many reviewed laws have low public legitimacy and high override pressure after invalidation.,1.000,weak-mandate synthetic legislature,legislative-override,Judicial review with legislative supermajority override,5120,0.925,0.702,0.223,0.565,0.562,0.595,0.405,0.157,0.101,0.710,0.600,0.429,0.373,0.625,0.467,0.359,0.228,0.441,0.133,0.004,0.479,0.255,0.492,0.225,0.467,0.378,0.470,0.643,0.537,0.598,0.724,0.565,0.708,0.585,0.377,0.658,0.022,0.118,0.270,0.656,0.094,0.571,0.658,0.690,0.265,0.259,0.573,0.507,0.378,0.000,0.507,0.081,0.297,0.000,0.045,0.000,0.108,0.108,0.453,0.255,0.298,0.702,0.000,0.000,0.000,0.000,0.152,0.032,0.061,0.010,0.277,0.269,0.498,0.697,0.190,0.376,0.212,0.093,0.371,0.260,0.302,0.016,0.067,0.027,0.260,0.010,0.094,0.000,0.013,0.103,0.140,0.033,0.008,0.385,0.206,0.538,0.541,0.745,0.407,0.439,0.367,0.168,0.181,0.677,0.118,0.452,0.367,0.571,0.279,0.066,0.045,0.077,0.096,0.181,0.255
weak-mandate-legislation,Weak-Mandate Legislation,Many reviewed laws have low public legitimacy and high override pressure after invalidation.,1.000,weak-mandate synthetic legislature,accountability-retention-court,Retention-election accountability court,5120,0.920,0.705,0.215,0.565,0.562,0.596,0.405,0.157,0.101,0.710,0.600,0.429,0.373,0.625,0.467,0.359,0.228,0.441,0.133,0.006,0.479,0.255,0.492,0.225,0.467,0.378,0.472,0.643,0.540,0.600,0.722,0.575,0.732,0.593,0.379,0.645,0.048,0.116,0.272,0.655,0.092,0.569,0.661,0.687,0.258,0.247,0.579,0.512,0.383,0.000,0.512,0.069,0.314,0.000,0.054,0.000,0.164,0.300,0.475,0.324,0.295,0.705,0.000,0.000,0.000,0.000,0.151,0.071,0.000,0.023,0.272,0.246,0.500,0.694,0.133,0.378,0.214,0.095,0.380,0.253,0.307,0.013,0.080,0.031,0.253,0.008,0.088,0.000,0.013,0.108,0.137,0.030,0.007,0.385,0.197,0.526,0.493,0.733,0.372,0.364,0.321,0.166,0.165,0.693,0.116,0.454,0.369,0.567,0.279,0.066,0.045,0.077,0.096,0.181,0.255
weak-mandate-legislation,Weak-Mandate Legislation,Many reviewed laws have low public legitimacy and high override pressure after invalidation.,1.000,weak-mandate synthetic legislature,emergency-restraint-court,No emergency relief without merits review,5120,0.921,0.689,0.231,0.557,0.562,0.579,0.405,0.157,0.101,0.710,0.600,0.429,0.369,0.625,0.467,0.359,0.228,0.441,0.133,0.005,0.479,0.255,0.492,0.215,0.471,0.310,0.482,0.643,0.548,0.604,0.747,0.566,0.692,0.586,0.396,0.665,0.045,0.022,0.252,0.719,0.105,0.538,0.659,0.710,0.272,0.281,0.653,0.493,0.493,0.000,0.493,0.000,0.493,0.000,0.100,0.000,0.092,0.110,0.431,0.245,0.311,0.689,0.000,0.000,0.000,0.000,0.000,0.000,0.000,0.000,0.260,0.241,0.440,0.682,0.108,0.374,0.202,0.089,0.365,0.246,0.288,0.023,0.113,0.041,0.000,0.011,0.152,0.000,0.011,0.100,0.134,0.027,0.007,0.385,0.228,0.591,0.559,0.951,0.442,0.364,0.372,0.185,0.187,0.676,0.095,0.467,0.384,0.630,0.279,0.066,0.045,0.077,0.096,0.181,0.255
weak-mandate-legislation,Weak-Mandate Legislation,Many reviewed laws have low public legitimacy and high override pressure after invalidation.,1.000,weak-mandate synthetic legislature,randomized-merits-panels,Randomized merits panels with en banc correction,5120,0.927,0.700,0.227,0.564,0.562,0.596,0.405,0.157,0.101,0.710,0.600,0.429,0.373,0.625,0.467,0.359,0.228,0.411,0.133,0.005,0.479,0.255,0.492,0.215,0.466,0.379,0.612,0.643,0.538,0.601,0.717,0.571,0.710,0.588,0.391,0.656,0.065,0.118,0.266,0.709,0.104,0.547,0.654,0.693,0.279,0.266,0.563,0.498,0.372,0.000,0.498,0.085,0.286,0.000,0.481,0.000,0.156,0.071,0.400,0.209,0.710,0.290,0.000,0.000,0.000,0.000,0.000,0.000,0.000,0.000,0.266,0.227,0.493,0.679,0.103,0.387,0.192,0.081,0.375,0.246,0.296,0.022,0.103,0.044,0.000,0.013,0.144,0.000,0.010,0.095,0.138,0.031,0.005,0.385,0.207,0.547,0.552,0.691,0.465,0.455,0.358,0.169,0.191,0.683,0.118,0.454,0.382,0.615,0.279,0.066,0.045,0.077,0.096,0.181,0.255
weak-mandate-legislation,Weak-Mandate Legislation,Many reviewed laws have low public legitimacy and high override pressure after invalidation.,1.000,weak-mandate synthetic legislature,mandatory-written-emergency-reasoning,Mandatory written emergency reasoning,5120,0.931,0.683,0.247,0.544,0.562,0.581,0.405,0.157,0.101,0.710,0.600,0.429,0.373,0.625,0.467,0.359,0.228,0.440,0.133,0.004,0.479,0.255,0.492,0.215,0.466,0.351,0.469,0.643,0.541,0.605,0.724,0.579,0.726,0.592,0.393,0.648,0.061,0.075,0.274,0.650,0.094,0.545,0.646,0.688,0.272,0.248,0.565,0.503,0.344,0.000,0.503,0.126,0.217,0.000,0.044,0.000,0.097,0.104,0.447,0.248,0.317,0.683,0.000,0.000,0.000,0.000,0.000,0.000,0.000,0.000,0.276,0.231,0.509,0.724,0.106,0.368,0.202,0.089,0.363,0.239,0.377,0.024,0.111,0.043,0.000,0.011,0.151,0.000,0.010,0.097,0.136,0.029,0.008,0.385,0.194,0.505,0.473,0.749,0.384,0.515,0.314,0.158,0.187,0.697,0.128,0.459,0.381,0.548,0.279,0.066,0.045,0.077,0.096,0.181,0.255
weak-mandate-legislation,Weak-Mandate Legislation,Many reviewed laws have low public legitimacy and high override pressure after invalidation.,1.000,weak-mandate synthetic legislature,automatic-merits-follow-up,Automatic merits follow-up for emergency relief,5120,0.926,0.690,0.236,0.542,0.562,0.591,0.405,0.157,0.101,0.710,0.600,0.429,0.368,0.625,0.467,0.359,0.228,0.440,0.133,0.006,0.479,0.255,0.492,0.204,0.471,0.329,0.470,0.643,0.539,0.596,0.741,0.555,0.662,0.580,0.398,0.661,0.068,0.032,0.253,0.696,0.119,0.541,0.666,0.705,0.294,0.308,0.645,0.497,0.497,0.000,0.497,0.145,0.497,0.000,0.048,0.000,0.098,0.110,0.432,0.250,0.310,0.690,0.000,0.000,0.000,0.000,0.000,0.000,0.000,0.000,0.270,0.248,0.437,0.734,0.107,0.373,0.204,0.088,0.359,0.244,0.387,0.022,0.110,0.049,0.000,0.009,0.145,0.000,0.010,0.101,0.130,0.025,0.006,0.385,0.235,0.581,0.612,0.979,0.593,0.445,0.404,0.192,0.229,0.645,0.102,0.465,0.386,0.596,0.279,0.066,0.045,0.077,0.096,0.181,0.255
weak-mandate-legislation,Weak-Mandate Legislation,Many reviewed laws have low public legitimacy and high override pressure after invalidation.,1.000,weak-mandate synthetic legislature,strong-recusal-enforcement,Independent recusal enforcement with substitutes,5120,0.927,0.703,0.224,0.566,0.562,0.596,0.405,0.157,0.101,0.710,0.600,0.429,0.372,0.625,0.467,0.359,0.228,0.441,0.133,0.004,0.479,0.255,0.492,0.212,0.467,0.378,0.488,0.643,0.538,0.601,0.724,0.571,0.709,0.588,0.392,0.654,0.042,0.115,0.270,0.674,0.101,0.548,0.656,0.692,0.281,0.268,0.579,0.503,0.384,0.000,0.503,0.085,0.299,0.000,0.103,0.000,0.096,0.106,0.452,0.258,0.297,0.703,0.000,0.000,0.000,0.000,0.000,0.000,0.000,0.000,0.267,0.225,0.488,0.681,0.104,0.396,0.192,0.084,0.363,0.248,0.296,0.028,0.103,0.046,0.000,0.010,0.146,0.000,0.012,0.098,0.123,0.030,0.005,0.385,0.205,0.538,0.551,0.757,0.314,0.455,0.358,0.170,0.192,0.678,0.118,0.456,0.383,0.582,0.279,0.066,0.045,0.077,0.096,0.181,0.255
weak-mandate-legislation,Weak-Mandate Legislation,Many reviewed laws have low public legitimacy and high override pressure after invalidation.,1.000,weak-mandate synthetic legislature,jurisdiction-stripping-constraints,Jurisdiction stripping constrained by rights carveouts,5120,0.929,0.700,0.229,0.557,0.562,0.597,0.405,0.157,0.101,0.710,0.600,0.429,0.373,0.625,0.467,0.359,0.228,0.391,0.133,0.005,0.479,0.255,0.492,0.236,0.497,0.379,0.470,0.643,0.542,0.601,0.729,0.565,0.707,0.587,0.379,0.655,0.022,0.115,0.266,0.657,0.101,0.564,0.659,0.695,0.256,0.263,0.574,0.499,0.376,0.000,0.499,0.075,0.301,0.000,0.044,0.000,0.096,0.105,0.446,0.253,0.300,0.700,0.000,0.000,0.000,0.000,0.167,0.000,0.000,0.000,0.272,0.303,0.500,0.692,0.190,0.357,0.229,0.107,0.379,0.250,0.299,0.024,0.190,0.067,0.000,0.010,0.000,0.000,0.013,0.113,0.146,0.040,0.009,0.385,0.207,0.531,0.573,0.753,0.465,0.500,0.347,0.169,0.188,0.677,0.115,0.454,0.378,0.583,0.279,0.066,0.045,0.077,0.096,0.181,0.255
weak-mandate-legislation,Weak-Mandate Legislation,Many reviewed laws have low public legitimacy and high override pressure after invalidation.,1.000,weak-mandate synthetic legislature,legislative-override-window,Time-limited legislative override window,5120,0.921,0.698,0.223,0.560,0.562,0.588,0.405,0.157,0.101,0.710,0.600,0.429,0.374,0.625,0.467,0.359,0.228,0.441,0.133,0.004,0.479,0.255,0.492,0.228,0.468,0.379,0.470,0.643,0.537,0.597,0.724,0.565,0.708,0.587,0.378,0.656,0.022,0.117,0.270,0.657,0.097,0.571,0.659,0.691,0.264,0.259,0.575,0.506,0.374,0.000,0.506,0.074,0.300,0.000,0.047,0.000,0.106,0.108,0.450,0.254,0.302,0.698,0.000,0.000,0.000,0.000,0.164,0.043,0.066,0.000,0.279,0.271,0.505,0.692,0.196,0.374,0.221,0.105,0.381,0.263,0.297,0.015,0.067,0.033,0.263,0.009,0.094,0.000,0.011,0.110,0.134,0.034,0.008,0.385,0.205,0.540,0.586,0.695,0.477,0.333,0.335,0.168,0.178,0.677,0.117,0.452,0.366,0.573,0.279,0.066,0.045,0.077,0.096,0.181,0.255
weak-mandate-legislation,Weak-Mandate Legislation,Many reviewed laws have low public legitimacy and high override pressure after invalidation.,1.000,weak-mandate synthetic legislature,constitutional-remand,Constitutional remand before invalidation,5120,0.924,0.726,0.198,0.578,0.562,0.621,0.405,0.157,0.101,0.710,0.600,0.429,0.337,0.625,0.467,0.359,0.228,0.402,0.133,0.004,0.479,0.255,0.492,0.229,0.491,0.379,0.475,0.643,0.542,0.626,0.731,0.610,0.795,0.606,0.408,0.654,0.043,0.118,0.275,0.707,0.074,0.562,0.671,0.701,0.376,0.197,0.598,0.517,0.387,0.000,0.517,0.077,0.310,0.000,0.064,0.000,0.133,0.073,0.465,0.254,0.274,0.726,0.000,0.641,0.062,0.000,0.122,0.034,0.054,0.010,0.271,0.226,0.500,0.676,0.166,0.389,0.223,0.095,0.388,0.270,0.320,0.021,0.077,0.029,0.270,0.006,0.097,0.000,0.011,0.110,0.143,0.032,0.007,0.385,0.185,0.488,0.474,0.671,0.387,0.430,0.283,0.153,0.156,0.761,0.119,0.468,0.395,0.617,0.279,0.066,0.045,0.077,0.096,0.181,0.255
weak-mandate-legislation,Weak-Mandate Legislation,Many reviewed laws have low public legitimacy and high override pressure after invalidation.,1.000,weak-mandate synthetic legislature,public-interest-litigation-filter,Public-interest litigation filter,5120,0.925,0.715,0.211,0.570,0.562,0.609,0.405,0.157,0.101,0.710,0.600,0.429,0.372,0.625,0.467,0.359,0.228,0.357,0.133,0.004,0.479,0.255,0.492,0.219,0.468,0.379,0.474,0.643,0.541,0.604,0.730,0.572,0.720,0.588,0.386,0.667,0.045,0.118,0.278,0.667,0.095,0.553,0.657,0.690,0.290,0.263,0.592,0.520,0.396,0.000,0.520,0.077,0.320,0.000,0.064,0.000,0.108,0.109,0.466,0.254,0.285,0.715,0.000,0.000,0.000,0.078,0.000,0.000,0.000,0.000,0.268,0.230,0.499,0.684,0.107,0.388,0.211,0.088,0.386,0.263,0.310,0.025,0.116,0.046,0.000,0.013,0.148,0.000,0.011,0.104,0.139,0.026,0.006,0.385,0.224,0.617,0.511,0.786,0.512,0.445,0.330,0.172,0.189,0.689,0.120,0.453,0.375,0.572,0.279,0.066,0.045,0.077,0.096,0.181,0.255
weak-mandate-legislation,Weak-Mandate Legislation,Many reviewed laws have low public legitimacy and high override pressure after invalidation.,1.000,weak-mandate synthetic legislature,emergency-integrity-package,Emergency integrity package,5120,0.923,0.702,0.221,0.563,0.562,0.592,0.405,0.157,0.101,0.710,0.600,0.429,0.368,0.625,0.467,0.359,0.228,0.441,0.133,0.004,0.479,0.255,0.492,0.211,0.472,0.330,0.488,0.643,0.541,0.604,0.745,0.567,0.701,0.584,0.394,0.664,0.043,0.032,0.253,0.727,0.109,0.544,0.664,0.710,0.321,0.288,0.664,0.493,0.493,0.000,0.493,0.143,0.493,0.000,0.103,0.000,0.097,0.106,0.447,0.257,0.298,0.702,0.000,0.000,0.000,0.000,0.000,0.000,0.000,0.000,0.263,0.244,0.436,0.687,0.108,0.374,0.214,0.096,0.365,0.243,0.301,0.019,0.117,0.045,0.000,0.011,0.151,0.000,0.011,0.109,0.130,0.030,0.005,0.385,0.232,0.587,0.612,0.959,0.500,0.515,0.359,0.188,0.217,0.683,0.102,0.466,0.380,0.637,0.279,0.066,0.045,0.077,0.096,0.181,0.255
weak-mandate-legislation,Weak-Mandate Legislation,Many reviewed laws have low public legitimacy and high override pressure after invalidation.,1.000,weak-mandate synthetic legislature,remand-override-window-package,Constitutional remand with override window,5120,0.929,0.729,0.200,0.587,0.562,0.622,0.405,0.157,0.101,0.710,0.600,0.429,0.337,0.625,0.467,0.359,0.228,0.402,0.133,0.004,0.479,0.255,0.492,0.224,0.492,0.352,0.474,0.643,0.538,0.627,0.736,0.612,0.798,0.606,0.409,0.650,0.046,0.078,0.283,0.715,0.074,0.563,0.671,0.704,0.415,0.197,0.604,0.521,0.370,0.000,0.521,0.129,0.241,0.000,0.063,0.000,0.135,0.070,0.465,0.258,0.271,0.729,0.000,0.643,0.058,0.000,0.115,0.032,0.050,0.000,0.266,0.217,0.507,0.670,0.161,0.408,0.210,0.095,0.389,0.259,0.306,0.019,0.073,0.030,0.259,0.007,0.095,0.000,0.013,0.099,0.132,0.029,0.005,0.385,0.179,0.483,0.496,0.599,0.301,0.402,0.284,0.149,0.164,0.767,0.131,0.469,0.401,0.624,0.279,0.066,0.045,0.077,0.096,0.181,0.255
weak-mandate-legislation,Weak-Mandate Legislation,Many reviewed laws have low public legitimacy and high override pressure after invalidation.,1.000,weak-mandate synthetic legislature,panel-jurisdiction-safeguards,Random panels with jurisdiction safeguards,5120,0.926,0.705,0.221,0.563,0.562,0.597,0.405,0.157,0.101,0.710,0.600,0.429,0.374,0.625,0.467,0.359,0.228,0.361,0.133,0.004,0.479,0.255,0.492,0.231,0.494,0.366,0.648,0.643,0.535,0.609,0.716,0.579,0.752,0.584,0.380,0.645,0.066,0.105,0.280,0.710,0.086,0.564,0.649,0.692,0.310,0.230,0.539,0.511,0.306,0.000,0.511,0.138,0.169,0.205,0.514,0.000,0.144,0.069,0.415,0.215,0.703,0.297,0.000,0.000,0.000,0.000,0.145,0.000,0.000,0.000,0.270,0.270,0.527,0.686,0.176,0.373,0.226,0.101,0.397,0.262,0.308,0.023,0.194,0.061,0.000,0.012,0.000,0.000,0.012,0.110,0.138,0.029,0.008,0.385,0.177,0.461,0.460,0.642,0.360,0.379,0.317,0.151,0.177,0.723,0.133,0.452,0.382,0.627,0.279,0.066,0.045,0.077,0.096,0.181,0.255
weak-mandate-legislation,Weak-Mandate Legislation,Many reviewed laws have low public legitimacy and high override pressure after invalidation.,1.000,weak-mandate synthetic legislature,council-concrete-hybrid,Constitutional council with concrete-review backstop,5120,0.923,0.698,0.225,0.563,0.562,0.586,0.405,0.157,0.101,0.710,0.600,0.429,0.372,0.625,0.467,0.359,0.228,0.431,0.133,0.004,0.479,0.255,0.492,0.236,0.514,0.379,0.575,0.643,0.535,0.617,0.724,0.593,0.758,0.595,0.404,0.656,0.034,0.114,0.269,0.745,0.080,0.565,0.665,0.704,0.364,0.219,0.583,0.508,0.383,0.000,0.508,0.070,0.313,0.000,0.392,0.000,0.154,0.108,0.466,0.249,0.716,0.284,0.000,0.546,0.000,0.000,0.135,0.034,0.066,0.010,0.277,0.252,0.505,0.687,0.186,0.363,0.223,0.099,0.381,0.269,0.307,0.015,0.075,0.029,0.269,0.007,0.084,0.000,0.010,0.115,0.134,0.031,0.008,0.385,0.187,0.525,0.392,0.716,0.256,0.318,0.266,0.157,0.154,0.727,0.115,0.462,0.392,0.659,0.279,0.066,0.045,0.077,0.096,0.181,0.255
strong-mandate-legislation,Strong-Mandate Legislation,Popular legislation creates the hardest democratic-responsiveness pressure for review.,0.750,strong-mandate synthetic legislature,current-us-like,Stylized current U.S.-like supreme court,5120,0.916,0.621,0.294,0.497,0.584,0.518,0.416,0.168,0.104,0.654,0.512,0.354,0.189,0.545,0.421,0.351,0.182,0.426,0.143,0.012,0.425,0.244,0.270,0.062,0.670,0.416,0.392,0.606,0.612,0.726,0.735,0.719,0.836,0.721,0.575,0.637,0.034,0.212,0.234,0.540,0.006,0.377,0.616,0.740,0.158,0.039,0.370,0.363,0.008,0.008,0.000,0.008,0.000,0.000,0.013,0.000,0.034,0.319,0.786,0.345,0.379,0.621,0.000,0.000,0.000,0.000,0.000,0.000,0.000,0.000,0.206,0.059,0.468,0.530,0.066,0.434,0.114,0.034,0.276,0.179,0.297,0.019,0.075,0.015,0.000,0.002,0.117,0.000,0.005,0.058,0.054,0.005,0.000,0.288,0.047,0.155,0.086,0.292,0.000,0.000,0.017,0.071,0.028,0.777,0.094,0.579,0.578,0.459,0.318,0.089,0.063,0.033,0.097,0.176,0.223
strong-mandate-legislation,Strong-Mandate Legislation,Popular legislation creates the hardest democratic-responsiveness pressure for review.,0.750,strong-mandate synthetic legislature,term-limited-balanced,18-year staggered terms + regular appointments,5120,0.914,0.609,0.304,0.490,0.584,0.508,0.416,0.168,0.104,0.654,0.512,0.354,0.182,0.545,0.421,0.351,0.182,0.385,0.143,0.012,0.425,0.244,0.270,0.054,0.678,0.273,0.396,0.606,0.628,0.740,0.787,0.729,0.854,0.722,0.585,0.635,0.029,0.062,0.169,0.644,0.007,0.358,0.615,0.777,0.192,0.045,0.505,0.339,0.237,0.000,0.339,0.005,0.232,0.000,0.033,0.000,0.081,0.111,0.789,0.281,0.391,0.609,0.000,0.000,0.000,0.000,0.000,0.000,0.000,0.000,0.178,0.066,0.351,0.504,0.070,0.415,0.123,0.041,0.253,0.171,0.264,0.020,0.083,0.023,0.000,0.001,0.093,0.000,0.006,0.064,0.059,0.005,0.000,0.288,0.045,0.160,0.043,0.247,0.000,0.032,0.017,0.085,0.032,0.824,0.051,0.601,0.589,0.580,0.318,0.089,0.063,0.033,0.097,0.176,0.223
strong-mandate-legislation,Strong-Mandate Legislation,Popular legislation creates the hardest democratic-responsiveness pressure for review.,0.750,strong-mandate synthetic legislature,nonpartisan-commission,Nonpartisan commission appointments,5120,0.916,0.638,0.278,0.504,0.584,0.525,0.416,0.168,0.104,0.654,0.512,0.354,0.182,0.545,0.421,0.351,0.182,0.386,0.143,0.013,0.425,0.244,0.270,0.059,0.680,0.274,0.399,0.606,0.624,0.740,0.788,0.730,0.861,0.723,0.581,0.640,0.021,0.065,0.178,0.661,0.009,0.366,0.624,0.780,0.222,0.047,0.528,0.358,0.254,0.000,0.358,0.008,0.246,0.000,0.047,0.000,0.082,0.112,0.789,0.292,0.362,0.638,0.000,0.000,0.000,0.000,0.000,0.000,0.000,0.000,0.171,0.063,0.344,0.462,0.068,0.443,0.123,0.035,0.263,0.184,0.195,0.025,0.089,0.018,0.000,0.002,0.084,0.000,0.004,0.063,0.055,0.004,0.000,0.288,0.047,0.168,0.086,0.244,0.000,0.045,0.004,0.090,0.034,0.830,0.054,0.598,0.589,0.602,0.318,0.089,0.063,0.033,0.097,0.176,0.223
strong-mandate-legislation,Strong-Mandate Legislation,Popular legislation creates the hardest democratic-responsiveness pressure for review.,0.750,strong-mandate synthetic legislature,expanded-court-fifteen,Expanded 15-seat court,5120,0.921,0.615,0.306,0.494,0.584,0.508,0.416,0.168,0.104,0.654,0.512,0.354,0.182,0.545,0.421,0.351,0.182,0.385,0.143,0.012,0.425,0.244,0.270,0.057,0.679,0.273,0.401,0.606,0.620,0.739,0.787,0.730,0.856,0.723,0.584,0.634,0.021,0.064,0.173,0.656,0.007,0.358,0.615,0.778,0.232,0.041,0.515,0.348,0.249,0.000,0.348,0.006,0.242,0.000,0.034,0.000,0.081,0.434,0.837,0.385,0.385,0.615,0.000,0.000,0.000,0.000,0.000,0.000,0.000,0.000,0.178,0.062,0.345,0.498,0.070,0.423,0.125,0.037,0.254,0.182,0.261,0.019,0.089,0.018,0.000,0.002,0.099,0.000,0.006,0.062,0.054,0.007,0.000,0.288,0.041,0.148,0.086,0.210,0.000,0.000,0.013,0.086,0.030,0.815,0.051,0.601,0.588,0.591,0.318,0.089,0.063,0.033,0.097,0.176,0.223
strong-mandate-legislation,Strong-Mandate Legislation,Popular legislation creates the hardest democratic-responsiveness pressure for review.,0.750,strong-mandate synthetic legislature,supermajority-review,60 percent invalidation threshold,5120,0.909,0.613,0.296,0.488,0.584,0.509,0.416,0.168,0.104,0.654,0.512,0.354,0.183,0.545,0.421,0.351,0.182,0.386,0.143,0.008,0.425,0.244,0.270,0.055,0.677,0.256,0.396,0.606,0.626,0.739,0.786,0.728,0.859,0.717,0.583,0.628,0.034,0.052,0.176,0.638,0.006,0.359,0.612,0.775,0.189,0.030,0.489,0.348,0.169,0.000,0.348,0.012,0.157,0.180,0.030,0.000,0.032,0.112,0.786,0.282,0.387,0.613,0.000,0.000,0.000,0.000,0.000,0.000,0.000,0.000,0.178,0.054,0.372,0.503,0.066,0.429,0.112,0.032,0.250,0.179,0.271,0.019,0.079,0.013,0.000,0.001,0.102,0.000,0.006,0.056,0.052,0.004,0.000,0.288,0.030,0.103,0.014,0.181,0.000,0.000,0.000,0.077,0.023,0.828,0.056,0.598,0.588,0.570,0.318,0.089,0.063,0.033,0.097,0.176,0.223
strong-mandate-legislation,Strong-Mandate Legislation,Popular legislation creates the hardest democratic-responsiveness pressure for review.,0.750,strong-mandate synthetic legislature,recusal-and-emergency-reform,Peer recusal + reasoned emergency docket,5120,0.912,0.619,0.293,0.489,0.584,0.519,0.416,0.168,0.104,0.654,0.512,0.354,0.183,0.545,0.421,0.351,0.182,0.386,0.143,0.010,0.425,0.244,0.270,0.060,0.679,0.273,0.400,0.606,0.622,0.739,0.785,0.728,0.856,0.721,0.582,0.637,0.037,0.065,0.176,0.652,0.008,0.361,0.617,0.775,0.225,0.047,0.515,0.354,0.253,0.000,0.354,0.007,0.246,0.000,0.053,0.000,0.086,0.112,0.786,0.283,0.381,0.619,0.000,0.000,0.000,0.000,0.000,0.000,0.000,0.000,0.180,0.067,0.354,0.506,0.069,0.427,0.121,0.034,0.254,0.182,0.270,0.016,0.085,0.014,0.000,0.001,0.105,0.000,0.007,0.060,0.051,0.006,0.000,0.288,0.047,0.169,0.071,0.247,0.000,0.000,0.000,0.088,0.034,0.825,0.053,0.599,0.585,0.584,0.318,0.089,0.063,0.033,0.097,0.176,0.223
strong-mandate-legislation,Strong-Mandate Legislation,Popular legislation creates the hardest democratic-responsiveness pressure for review.,0.750,strong-mandate synthetic legislature,panel-en-banc,Three-judge panels with en banc correction,5120,0.912,0.636,0.277,0.515,0.584,0.533,0.416,0.168,0.104,0.654,0.512,0.354,0.181,0.545,0.421,0.351,0.182,0.356,0.143,0.013,0.425,0.244,0.270,0.052,0.680,0.274,0.510,0.606,0.624,0.742,0.786,0.731,0.861,0.723,0.584,0.639,0.034,0.063,0.174,0.715,0.008,0.363,0.623,0.785,0.235,0.046,0.532,0.351,0.250,0.000,0.351,0.007,0.243,0.000,0.493,0.000,0.315,0.076,0.719,0.241,0.779,0.221,0.000,0.000,0.000,0.000,0.000,0.000,0.000,0.000,0.169,0.063,0.344,0.463,0.069,0.447,0.121,0.037,0.262,0.180,0.195,0.021,0.084,0.021,0.000,0.001,0.089,0.000,0.005,0.059,0.057,0.006,0.000,0.288,0.046,0.167,0.029,0.244,0.000,0.000,0.017,0.089,0.034,0.835,0.052,0.601,0.592,0.655,0.318,0.089,0.063,0.033,0.097,0.176,0.223
strong-mandate-legislation,Strong-Mandate Legislation,Popular legislation creates the hardest democratic-responsiveness pressure for review.,0.750,strong-mandate synthetic legislature,cross-checking-courts,Supreme court with cross-checking constitutional court,5120,0.914,0.639,0.275,0.519,0.584,0.539,0.416,0.168,0.104,0.654,0.512,0.354,0.163,0.545,0.421,0.351,0.182,0.386,0.143,0.016,0.425,0.244,0.270,0.066,0.699,0.258,0.408,0.606,0.605,0.739,0.788,0.719,0.858,0.714,0.561,0.630,0.013,0.056,0.185,0.665,0.005,0.396,0.620,0.780,0.312,0.028,0.509,0.363,0.165,0.000,0.363,0.013,0.152,0.198,0.089,0.000,0.110,0.113,0.791,0.291,0.361,0.639,0.164,0.000,0.000,0.000,0.000,0.000,0.000,0.000,0.175,0.058,0.389,0.487,0.062,0.439,0.122,0.035,0.266,0.170,0.210,0.021,0.082,0.016,0.000,0.003,0.103,0.000,0.007,0.066,0.056,0.006,0.000,0.288,0.028,0.101,0.034,0.144,0.000,0.000,0.013,0.086,0.022,0.827,0.060,0.599,0.566,0.603,0.318,0.089,0.063,0.033,0.097,0.176,0.223
strong-mandate-legislation,Strong-Mandate Legislation,Popular legislation creates the hardest democratic-responsiveness pressure for review.,0.750,strong-mandate synthetic legislature,dual-supreme-courts,Dual supreme courts with disagreement filter,5120,0.914,0.631,0.282,0.514,0.584,0.525,0.416,0.168,0.104,0.654,0.512,0.354,0.184,0.545,0.421,0.351,0.182,0.386,0.143,0.014,0.425,0.244,0.270,0.065,0.678,0.259,0.411,0.606,0.600,0.731,0.788,0.711,0.845,0.706,0.556,0.645,0.012,0.055,0.185,0.666,0.010,0.400,0.622,0.778,0.348,0.058,0.504,0.364,0.167,0.000,0.364,0.012,0.155,0.197,0.087,0.000,0.110,0.114,0.809,0.295,0.369,0.631,0.163,0.000,0.000,0.000,0.000,0.000,0.000,0.000,0.180,0.076,0.393,0.500,0.071,0.441,0.122,0.037,0.276,0.187,0.210,0.023,0.084,0.017,0.000,0.003,0.092,0.000,0.006,0.064,0.056,0.008,0.000,0.288,0.058,0.213,0.114,0.280,0.000,0.000,0.013,0.095,0.043,0.815,0.059,0.592,0.563,0.606,0.318,0.089,0.063,0.033,0.097,0.176,0.223
strong-mandate-legislation,Strong-Mandate Legislation,Popular legislation creates the hardest democratic-responsiveness pressure for review.,0.750,strong-mandate synthetic legislature,comparative-constitutional-senates,Comparative 16-seat constitutional senates,5120,0.915,0.621,0.294,0.488,0.584,0.524,0.416,0.168,0.104,0.654,0.512,0.354,0.183,0.545,0.421,0.351,0.182,0.416,0.143,0.011,0.425,0.244,0.270,0.058,0.677,0.257,0.551,0.606,0.614,0.739,0.778,0.729,0.862,0.718,0.582,0.626,0.017,0.054,0.180,0.700,0.004,0.362,0.613,0.782,0.266,0.024,0.490,0.352,0.165,0.000,0.352,0.013,0.152,0.188,0.467,0.000,0.122,0.114,0.782,0.272,0.774,0.226,0.000,0.000,0.000,0.000,0.000,0.000,0.000,0.000,0.171,0.053,0.378,0.456,0.066,0.429,0.120,0.037,0.260,0.178,0.187,0.023,0.087,0.021,0.000,0.002,0.071,0.000,0.007,0.059,0.059,0.004,0.000,0.288,0.024,0.089,0.005,0.122,0.000,0.000,0.000,0.075,0.019,0.832,0.057,0.597,0.592,0.643,0.318,0.089,0.063,0.033,0.097,0.176,0.223
strong-mandate-legislation,Strong-Mandate Legislation,Popular legislation creates the hardest democratic-responsiveness pressure for review.,0.750,strong-mandate synthetic legislature,constitutional-council,Pre-enactment constitutional council,5120,0.915,0.637,0.278,0.509,0.584,0.531,0.416,0.168,0.104,0.654,0.512,0.354,0.180,0.545,0.421,0.351,0.182,0.376,0.143,0.011,0.425,0.244,0.270,0.057,0.716,0.274,0.454,0.606,0.619,0.747,0.791,0.735,0.863,0.725,0.594,0.635,0.025,0.065,0.179,0.721,0.006,0.367,0.630,0.790,0.284,0.035,0.533,0.363,0.260,0.000,0.363,0.004,0.256,0.000,0.322,0.000,0.127,0.076,0.758,0.265,0.776,0.224,0.000,0.203,0.000,0.000,0.018,0.002,0.014,0.000,0.170,0.062,0.346,0.462,0.083,0.435,0.127,0.041,0.267,0.178,0.200,0.014,0.063,0.014,0.178,0.001,0.057,0.000,0.005,0.060,0.061,0.006,0.000,0.288,0.035,0.128,0.029,0.188,0.000,0.000,0.000,0.087,0.025,0.834,0.053,0.605,0.605,0.664,0.318,0.089,0.063,0.033,0.097,0.176,0.223
strong-mandate-legislation,Strong-Mandate Legislation,Popular legislation creates the hardest democratic-responsiveness pressure for review.,0.750,strong-mandate synthetic legislature,legislative-override,Judicial review with legislative supermajority override,5120,0.914,0.642,0.272,0.513,0.584,0.538,0.416,0.168,0.104,0.654,0.512,0.354,0.182,0.545,0.421,0.351,0.182,0.386,0.143,0.014,0.425,0.244,0.270,0.061,0.680,0.273,0.396,0.606,0.623,0.740,0.789,0.729,0.863,0.722,0.579,0.641,0.013,0.065,0.177,0.660,0.008,0.371,0.624,0.781,0.230,0.046,0.528,0.357,0.256,0.000,0.357,0.008,0.248,0.000,0.033,0.000,0.084,0.111,0.793,0.295,0.358,0.642,0.000,0.000,0.000,0.000,0.023,0.002,0.019,0.000,0.170,0.068,0.347,0.465,0.089,0.452,0.116,0.039,0.261,0.175,0.190,0.017,0.058,0.016,0.175,0.000,0.055,0.000,0.005,0.060,0.056,0.005,0.000,0.288,0.046,0.172,0.029,0.218,0.000,0.000,0.025,0.090,0.033,0.831,0.053,0.597,0.592,0.606,0.318,0.089,0.063,0.033,0.097,0.176,0.223
strong-mandate-legislation,Strong-Mandate Legislation,Popular legislation creates the hardest democratic-responsiveness pressure for review.,0.750,strong-mandate synthetic legislature,accountability-retention-court,Retention-election accountability court,5120,0.918,0.642,0.276,0.512,0.584,0.535,0.416,0.168,0.104,0.654,0.512,0.354,0.181,0.545,0.421,0.351,0.182,0.386,0.143,0.012,0.425,0.244,0.270,0.058,0.681,0.274,0.398,0.606,0.623,0.739,0.788,0.730,0.864,0.723,0.580,0.637,0.022,0.067,0.183,0.663,0.006,0.371,0.626,0.779,0.224,0.045,0.537,0.369,0.259,0.000,0.369,0.005,0.254,0.000,0.038,0.000,0.118,0.324,0.799,0.356,0.358,0.642,0.000,0.000,0.000,0.000,0.022,0.009,0.000,0.000,0.175,0.066,0.354,0.479,0.075,0.439,0.125,0.040,0.270,0.184,0.220,0.020,0.060,0.013,0.184,0.001,0.067,0.000,0.005,0.061,0.060,0.005,0.000,0.288,0.045,0.169,0.029,0.214,0.000,0.000,0.000,0.090,0.031,0.826,0.054,0.598,0.590,0.603,0.318,0.089,0.063,0.033,0.097,0.176,0.223
strong-mandate-legislation,Strong-Mandate Legislation,Popular legislation creates the hardest democratic-responsiveness pressure for review.,0.750,strong-mandate synthetic legislature,emergency-restraint-court,No emergency relief without merits review,5120,0.918,0.651,0.267,0.523,0.584,0.548,0.416,0.168,0.104,0.654,0.512,0.354,0.178,0.545,0.421,0.351,0.182,0.387,0.143,0.013,0.425,0.244,0.270,0.050,0.683,0.208,0.406,0.606,0.627,0.745,0.805,0.736,0.873,0.726,0.585,0.637,0.019,0.007,0.172,0.704,0.007,0.364,0.625,0.792,0.243,0.038,0.582,0.357,0.357,0.000,0.357,0.000,0.357,0.000,0.077,0.000,0.080,0.114,0.779,0.299,0.349,0.651,0.000,0.000,0.000,0.000,0.000,0.000,0.000,0.000,0.163,0.054,0.299,0.462,0.068,0.452,0.121,0.040,0.251,0.189,0.210,0.024,0.084,0.021,0.000,0.001,0.084,0.000,0.007,0.059,0.060,0.005,0.000,0.288,0.038,0.134,0.014,0.203,0.037,0.045,0.000,0.095,0.026,0.848,0.048,0.606,0.594,0.646,0.318,0.089,0.063,0.033,0.097,0.176,0.223
strong-mandate-legislation,Strong-Mandate Legislation,Popular legislation creates the hardest democratic-responsiveness pressure for review.,0.750,strong-mandate synthetic legislature,randomized-merits-panels,Randomized merits panels with en banc correction,5120,0.913,0.647,0.266,0.525,0.584,0.539,0.416,0.168,0.104,0.654,0.512,0.354,0.181,0.545,0.421,0.351,0.182,0.357,0.143,0.012,0.425,0.244,0.270,0.053,0.680,0.273,0.542,0.606,0.622,0.741,0.784,0.731,0.864,0.723,0.583,0.641,0.033,0.066,0.181,0.720,0.009,0.367,0.627,0.785,0.247,0.047,0.540,0.364,0.262,0.000,0.364,0.007,0.255,0.000,0.517,0.000,0.131,0.073,0.738,0.246,0.772,0.228,0.000,0.000,0.000,0.000,0.000,0.000,0.000,0.000,0.167,0.058,0.340,0.461,0.065,0.457,0.116,0.032,0.260,0.181,0.197,0.028,0.086,0.014,0.000,0.001,0.078,0.000,0.006,0.060,0.055,0.006,0.000,0.288,0.047,0.169,0.071,0.232,0.037,0.016,0.013,0.091,0.034,0.837,0.054,0.599,0.594,0.660,0.318,0.089,0.063,0.033,0.097,0.176,0.223
strong-mandate-legislation,Strong-Mandate Legislation,Popular legislation creates the hardest democratic-responsiveness pressure for review.,0.750,strong-mandate synthetic legislature,mandatory-written-emergency-reasoning,Mandatory written emergency reasoning,5120,0.913,0.616,0.297,0.498,0.584,0.514,0.416,0.168,0.104,0.654,0.512,0.354,0.182,0.545,0.421,0.351,0.182,0.386,0.143,0.010,0.425,0.244,0.270,0.057,0.679,0.245,0.396,0.606,0.623,0.741,0.792,0.730,0.859,0.723,0.583,0.635,0.033,0.032,0.171,0.656,0.007,0.360,0.616,0.780,0.234,0.044,0.524,0.340,0.208,0.000,0.340,0.010,0.198,0.000,0.033,0.000,0.081,0.117,0.789,0.286,0.384,0.616,0.000,0.000,0.000,0.000,0.000,0.000,0.000,0.000,0.178,0.064,0.357,0.507,0.070,0.421,0.121,0.036,0.255,0.181,0.268,0.020,0.086,0.017,0.000,0.002,0.105,0.000,0.006,0.061,0.059,0.005,0.000,0.288,0.044,0.156,0.043,0.232,0.000,0.045,0.025,0.084,0.033,0.831,0.052,0.601,0.586,0.589,0.318,0.089,0.063,0.033,0.097,0.176,0.223
strong-mandate-legislation,Strong-Mandate Legislation,Popular legislation creates the hardest democratic-responsiveness pressure for review.,0.750,strong-mandate synthetic legislature,automatic-merits-follow-up,Automatic merits follow-up for emergency relief,5120,0.913,0.616,0.297,0.499,0.584,0.500,0.416,0.168,0.104,0.654,0.512,0.354,0.180,0.545,0.421,0.351,0.182,0.386,0.143,0.012,0.425,0.244,0.270,0.052,0.681,0.230,0.396,0.606,0.623,0.742,0.797,0.730,0.859,0.721,0.584,0.638,0.032,0.012,0.167,0.676,0.008,0.361,0.616,0.784,0.253,0.048,0.555,0.345,0.345,0.000,0.345,0.013,0.345,0.000,0.032,0.000,0.080,0.114,0.792,0.284,0.384,0.616,0.000,0.000,0.000,0.000,0.000,0.000,0.000,0.000,0.176,0.066,0.324,0.514,0.067,0.423,0.118,0.037,0.261,0.167,0.278,0.023,0.080,0.018,0.000,0.001,0.104,0.000,0.004,0.057,0.056,0.006,0.000,0.288,0.048,0.169,0.076,0.262,0.000,0.000,0.034,0.094,0.036,0.833,0.065,0.605,0.587,0.610,0.318,0.089,0.063,0.033,0.097,0.176,0.223
strong-mandate-legislation,Strong-Mandate Legislation,Popular legislation creates the hardest democratic-responsiveness pressure for review.,0.750,strong-mandate synthetic legislature,strong-recusal-enforcement,Independent recusal enforcement with substitutes,5120,0.918,0.646,0.271,0.520,0.584,0.547,0.416,0.168,0.104,0.654,0.512,0.354,0.182,0.545,0.421,0.351,0.182,0.386,0.143,0.012,0.425,0.244,0.270,0.061,0.681,0.274,0.409,0.606,0.621,0.740,0.789,0.730,0.863,0.722,0.581,0.643,0.018,0.064,0.178,0.678,0.009,0.369,0.627,0.782,0.247,0.051,0.541,0.357,0.256,0.000,0.357,0.008,0.247,0.000,0.076,0.000,0.083,0.114,0.803,0.302,0.354,0.646,0.000,0.000,0.000,0.000,0.000,0.000,0.000,0.000,0.173,0.066,0.351,0.467,0.069,0.443,0.129,0.038,0.268,0.184,0.200,0.022,0.092,0.021,0.000,0.002,0.081,0.000,0.006,0.063,0.063,0.006,0.000,0.288,0.051,0.180,0.071,0.269,0.000,0.045,0.000,0.091,0.037,0.830,0.054,0.598,0.589,0.619,0.318,0.089,0.063,0.033,0.097,0.176,0.223
strong-mandate-legislation,Strong-Mandate Legislation,Popular legislation creates the hardest democratic-responsiveness pressure for review.,0.750,strong-mandate synthetic legislature,jurisdiction-stripping-constraints,Jurisdiction stripping constrained by rights carveouts,5120,0.912,0.641,0.271,0.510,0.584,0.534,0.416,0.168,0.104,0.654,0.512,0.354,0.179,0.545,0.421,0.351,0.182,0.336,0.143,0.010,0.425,0.244,0.270,0.052,0.710,0.274,0.396,0.606,0.629,0.745,0.795,0.731,0.863,0.723,0.585,0.639,0.013,0.065,0.180,0.663,0.008,0.368,0.625,0.786,0.223,0.045,0.534,0.364,0.258,0.000,0.364,0.005,0.253,0.000,0.033,0.000,0.085,0.116,0.795,0.297,0.359,0.641,0.000,0.000,0.000,0.000,0.024,0.000,0.000,0.000,0.164,0.072,0.349,0.460,0.079,0.441,0.127,0.037,0.265,0.179,0.189,0.026,0.112,0.020,0.000,0.001,0.000,0.000,0.006,0.063,0.059,0.008,0.000,0.288,0.045,0.163,0.071,0.232,0.000,0.016,0.000,0.090,0.032,0.831,0.054,0.603,0.606,0.614,0.318,0.089,0.063,0.033,0.097,0.176,0.223
strong-mandate-legislation,Strong-Mandate Legislation,Popular legislation creates the hardest democratic-responsiveness pressure for review.,0.750,strong-mandate synthetic legislature,legislative-override-window,Time-limited legislative override window,5120,0.920,0.638,0.281,0.510,0.584,0.537,0.416,0.168,0.104,0.654,0.512,0.354,0.181,0.545,0.421,0.351,0.182,0.386,0.143,0.013,0.425,0.244,0.270,0.056,0.680,0.273,0.396,0.606,0.624,0.740,0.790,0.729,0.862,0.722,0.580,0.641,0.013,0.062,0.172,0.661,0.008,0.369,0.624,0.782,0.229,0.047,0.532,0.346,0.251,0.000,0.346,0.007,0.244,0.000,0.033,0.000,0.084,0.113,0.791,0.294,0.362,0.638,0.000,0.000,0.000,0.000,0.022,0.002,0.017,0.000,0.172,0.071,0.342,0.469,0.091,0.434,0.130,0.038,0.256,0.189,0.203,0.017,0.068,0.013,0.189,0.001,0.059,0.000,0.006,0.066,0.052,0.005,0.000,0.288,0.047,0.162,0.029,0.269,0.000,0.045,0.013,0.089,0.033,0.831,0.052,0.599,0.590,0.606,0.318,0.089,0.063,0.033,0.097,0.176,0.223
strong-mandate-legislation,Strong-Mandate Legislation,Popular legislation creates the hardest democratic-responsiveness pressure for review.,0.750,strong-mandate synthetic legislature,constitutional-remand,Constitutional remand before invalidation,5120,0.916,0.669,0.247,0.546,0.584,0.564,0.416,0.168,0.104,0.654,0.512,0.354,0.150,0.545,0.421,0.351,0.182,0.347,0.143,0.011,0.425,0.244,0.270,0.057,0.690,0.275,0.399,0.606,0.619,0.749,0.796,0.739,0.875,0.728,0.594,0.639,0.021,0.068,0.183,0.690,0.006,0.370,0.640,0.789,0.307,0.032,0.558,0.370,0.257,0.000,0.370,0.005,0.252,0.000,0.046,0.000,0.109,0.070,0.798,0.295,0.331,0.669,0.000,0.243,0.013,0.000,0.014,0.002,0.010,0.000,0.167,0.060,0.345,0.452,0.078,0.466,0.130,0.034,0.280,0.192,0.196,0.019,0.069,0.011,0.192,0.000,0.059,0.000,0.006,0.064,0.059,0.006,0.000,0.288,0.039,0.139,0.043,0.203,0.037,0.000,0.000,0.088,0.026,0.842,0.054,0.606,0.607,0.633,0.318,0.089,0.063,0.033,0.097,0.176,0.223
strong-mandate-legislation,Strong-Mandate Legislation,Popular legislation creates the hardest democratic-responsiveness pressure for review.,0.750,strong-mandate synthetic legislature,public-interest-litigation-filter,Public-interest litigation filter,5120,0.915,0.662,0.253,0.544,0.584,0.554,0.416,0.168,0.104,0.654,0.512,0.354,0.181,0.545,0.421,0.351,0.182,0.302,0.143,0.013,0.425,0.244,0.270,0.062,0.682,0.274,0.399,0.606,0.622,0.741,0.796,0.731,0.868,0.723,0.579,0.645,0.020,0.066,0.187,0.678,0.010,0.372,0.631,0.781,0.256,0.052,0.559,0.375,0.276,0.000,0.375,0.008,0.268,0.000,0.045,0.000,0.084,0.114,0.784,0.304,0.338,0.662,0.000,0.000,0.000,0.088,0.000,0.000,0.000,0.000,0.168,0.061,0.346,0.470,0.066,0.466,0.119,0.035,0.272,0.183,0.210,0.026,0.084,0.018,0.000,0.003,0.087,0.000,0.004,0.062,0.062,0.004,0.000,0.288,0.052,0.188,0.071,0.258,0.000,0.000,0.013,0.094,0.037,0.836,0.056,0.598,0.589,0.616,0.318,0.089,0.063,0.033,0.097,0.176,0.223
strong-mandate-legislation,Strong-Mandate Legislation,Popular legislation creates the hardest democratic-responsiveness pressure for review.,0.750,strong-mandate synthetic legislature,emergency-integrity-package,Emergency integrity package,5120,0.907,0.639,0.268,0.513,0.584,0.527,0.416,0.168,0.104,0.654,0.512,0.354,0.179,0.545,0.421,0.351,0.182,0.387,0.143,0.013,0.425,0.244,0.270,0.053,0.683,0.229,0.409,0.606,0.619,0.744,0.800,0.735,0.870,0.726,0.584,0.633,0.017,0.013,0.175,0.703,0.006,0.365,0.621,0.788,0.283,0.033,0.575,0.362,0.362,0.000,0.362,0.015,0.362,0.000,0.077,0.000,0.083,0.114,0.806,0.299,0.361,0.639,0.000,0.000,0.000,0.000,0.000,0.000,0.000,0.000,0.166,0.054,0.317,0.462,0.065,0.447,0.118,0.033,0.260,0.184,0.200,0.024,0.082,0.019,0.000,0.001,0.081,0.000,0.007,0.061,0.057,0.004,0.000,0.288,0.033,0.112,0.043,0.192,0.000,0.000,0.000,0.092,0.026,0.842,0.067,0.606,0.594,0.645,0.318,0.089,0.063,0.033,0.097,0.176,0.223
strong-mandate-legislation,Strong-Mandate Legislation,Popular legislation creates the hardest democratic-responsiveness pressure for review.,0.750,strong-mandate synthetic legislature,remand-override-window-package,Constitutional remand with override window,5120,0.916,0.673,0.243,0.542,0.584,0.574,0.416,0.168,0.104,0.654,0.512,0.354,0.150,0.545,0.421,0.351,0.182,0.347,0.143,0.015,0.425,0.244,0.270,0.058,0.690,0.245,0.399,0.606,0.615,0.749,0.801,0.740,0.877,0.727,0.593,0.641,0.019,0.035,0.190,0.699,0.006,0.373,0.641,0.792,0.344,0.034,0.568,0.380,0.237,0.000,0.380,0.010,0.227,0.000,0.044,0.000,0.118,0.076,0.798,0.298,0.327,0.673,0.000,0.239,0.011,0.000,0.017,0.001,0.015,0.000,0.167,0.063,0.354,0.458,0.083,0.458,0.136,0.042,0.272,0.184,0.198,0.019,0.070,0.017,0.184,0.001,0.060,0.000,0.004,0.068,0.059,0.005,0.000,0.288,0.040,0.144,0.065,0.209,0.000,0.000,0.009,0.088,0.028,0.848,0.057,0.605,0.605,0.641,0.318,0.089,0.063,0.033,0.097,0.176,0.223
strong-mandate-legislation,Strong-Mandate Legislation,Popular legislation creates the hardest democratic-responsiveness pressure for review.,0.750,strong-mandate synthetic legislature,panel-jurisdiction-safeguards,Random panels with jurisdiction safeguards,5120,0.913,0.648,0.265,0.520,0.584,0.548,0.416,0.168,0.104,0.654,0.512,0.354,0.181,0.545,0.421,0.351,0.182,0.307,0.143,0.011,0.425,0.244,0.270,0.059,0.709,0.258,0.576,0.606,0.621,0.744,0.786,0.728,0.865,0.714,0.582,0.639,0.035,0.055,0.187,0.721,0.009,0.371,0.627,0.788,0.273,0.044,0.523,0.368,0.179,0.000,0.368,0.015,0.164,0.189,0.552,0.000,0.120,0.073,0.746,0.246,0.774,0.226,0.000,0.000,0.000,0.000,0.022,0.000,0.000,0.000,0.165,0.068,0.375,0.466,0.079,0.451,0.124,0.038,0.275,0.182,0.200,0.023,0.108,0.023,0.000,0.002,0.000,0.000,0.005,0.059,0.062,0.006,0.000,0.288,0.044,0.156,0.043,0.240,0.000,0.016,0.000,0.085,0.033,0.838,0.059,0.600,0.605,0.667,0.318,0.089,0.063,0.033,0.097,0.176,0.223
strong-mandate-legislation,Strong-Mandate Legislation,Popular legislation creates the hardest democratic-responsiveness pressure for review.,0.750,strong-mandate synthetic legislature,council-concrete-hybrid,Constitutional council with concrete-review backstop,5120,0.911,0.631,0.279,0.506,0.584,0.518,0.416,0.168,0.104,0.654,0.512,0.354,0.179,0.545,0.421,0.351,0.182,0.376,0.143,0.012,0.425,0.244,0.270,0.052,0.716,0.273,0.499,0.606,0.617,0.747,0.788,0.737,0.864,0.727,0.597,0.630,0.016,0.064,0.176,0.719,0.004,0.362,0.626,0.791,0.296,0.027,0.525,0.356,0.250,0.000,0.356,0.005,0.245,0.000,0.413,0.000,0.134,0.112,0.776,0.276,0.781,0.219,0.000,0.202,0.000,0.000,0.011,0.001,0.009,0.000,0.166,0.055,0.338,0.459,0.074,0.440,0.124,0.035,0.250,0.175,0.198,0.016,0.066,0.012,0.175,0.001,0.053,0.000,0.004,0.060,0.054,0.005,0.000,0.288,0.027,0.101,0.029,0.122,0.000,0.000,0.013,0.083,0.019,0.834,0.052,0.606,0.609,0.665,0.318,0.089,0.063,0.033,0.097,0.176,0.223
appointment-timing-manipulation,Appointment Timing Manipulation,Political actors time vacancies under high capture and public pressure.,1.000,adversarial/imported blend,current-us-like,Stylized current U.S.-like supreme court,5120,0.916,0.648,0.267,0.519,0.589,0.540,0.428,0.161,0.108,0.662,0.533,0.432,0.257,0.564,0.442,0.361,0.196,0.448,0.138,0.009,0.440,0.251,0.327,0.109,0.595,0.458,0.418,0.616,0.587,0.690,0.702,0.685,0.825,0.690,0.515,0.649,0.056,0.264,0.284,0.519,0.011,0.432,0.611,0.699,0.167,0.057,0.367,0.438,0.024,0.024,0.000,0.024,0.000,0.000,0.022,0.000,0.037,0.316,0.731,0.354,0.352,0.648,0.000,0.000,0.000,0.000,0.000,0.000,0.000,0.000,0.236,0.093,0.551,0.575,0.073,0.418,0.145,0.043,0.317,0.190,0.307,0.021,0.093,0.023,0.000,0.006,0.124,0.000,0.009,0.068,0.081,0.013,0.000,0.292,0.079,0.249,0.077,0.535,0.000,0.043,0.039,0.081,0.043,0.757,0.127,0.533,0.512,0.425,0.310,0.080,0.059,0.053,0.099,0.177,0.222
appointment-timing-manipulation,Appointment Timing Manipulation,Political actors time vacancies under high capture and public pressure.,1.000,adversarial/imported blend,term-limited-balanced,18-year staggered terms + regular appointments,5120,0.920,0.647,0.272,0.521,0.589,0.546,0.428,0.161,0.108,0.662,0.533,0.432,0.247,0.564,0.442,0.361,0.196,0.408,0.138,0.010,0.440,0.251,0.327,0.092,0.605,0.310,0.426,0.616,0.606,0.707,0.763,0.697,0.848,0.688,0.528,0.650,0.060,0.082,0.211,0.654,0.015,0.410,0.619,0.746,0.208,0.086,0.544,0.420,0.294,0.000,0.420,0.014,0.280,0.000,0.061,0.000,0.088,0.114,0.730,0.295,0.353,0.647,0.000,0.000,0.000,0.000,0.000,0.000,0.000,0.000,0.207,0.095,0.403,0.568,0.073,0.423,0.141,0.044,0.294,0.180,0.304,0.016,0.093,0.021,0.000,0.004,0.126,0.000,0.010,0.069,0.077,0.008,0.000,0.292,0.083,0.286,0.103,0.445,0.103,0.043,0.065,0.105,0.062,0.814,0.073,0.559,0.525,0.572,0.310,0.080,0.059,0.053,0.099,0.177,0.222
appointment-timing-manipulation,Appointment Timing Manipulation,Political actors time vacancies under high capture and public pressure.,1.000,adversarial/imported blend,nonpartisan-commission,Nonpartisan commission appointments,5120,0.922,0.665,0.257,0.548,0.589,0.565,0.428,0.161,0.108,0.662,0.533,0.432,0.246,0.564,0.442,0.361,0.196,0.408,0.138,0.009,0.440,0.251,0.327,0.093,0.607,0.311,0.431,0.616,0.604,0.708,0.767,0.698,0.853,0.689,0.527,0.652,0.043,0.080,0.211,0.674,0.017,0.413,0.623,0.751,0.235,0.083,0.568,0.423,0.306,0.000,0.423,0.015,0.291,0.000,0.083,0.000,0.090,0.112,0.735,0.297,0.335,0.665,0.000,0.000,0.000,0.000,0.000,0.000,0.000,0.000,0.199,0.091,0.396,0.517,0.075,0.433,0.141,0.050,0.304,0.193,0.221,0.020,0.094,0.024,0.000,0.003,0.112,0.000,0.008,0.069,0.077,0.013,0.000,0.292,0.081,0.274,0.107,0.457,0.034,0.000,0.078,0.106,0.059,0.820,0.073,0.560,0.528,0.602,0.310,0.080,0.059,0.053,0.099,0.177,0.222
appointment-timing-manipulation,Appointment Timing Manipulation,Political actors time vacancies under high capture and public pressure.,1.000,adversarial/imported blend,expanded-court-fifteen,Expanded 15-seat court,5120,0.918,0.638,0.281,0.509,0.589,0.541,0.428,0.161,0.108,0.662,0.533,0.432,0.248,0.564,0.442,0.361,0.196,0.407,0.138,0.010,0.440,0.251,0.327,0.093,0.605,0.310,0.435,0.616,0.599,0.705,0.765,0.697,0.845,0.690,0.529,0.647,0.037,0.079,0.208,0.665,0.015,0.406,0.615,0.749,0.244,0.079,0.535,0.410,0.291,0.000,0.410,0.014,0.277,0.000,0.064,0.000,0.088,0.425,0.778,0.393,0.362,0.638,0.000,0.000,0.000,0.000,0.000,0.000,0.000,0.000,0.208,0.092,0.405,0.568,0.076,0.419,0.138,0.046,0.297,0.192,0.308,0.018,0.089,0.021,0.000,0.004,0.127,0.000,0.006,0.072,0.070,0.013,0.000,0.292,0.077,0.264,0.107,0.430,0.069,0.043,0.026,0.102,0.057,0.801,0.072,0.559,0.526,0.586,0.310,0.080,0.059,0.053,0.099,0.177,0.222
appointment-timing-manipulation,Appointment Timing Manipulation,Political actors time vacancies under high capture and public pressure.,1.000,adversarial/imported blend,supermajority-review,60 percent invalidation threshold,5120,0.915,0.648,0.267,0.515,0.589,0.547,0.428,0.161,0.108,0.662,0.533,0.432,0.249,0.564,0.442,0.361,0.196,0.408,0.138,0.007,0.440,0.251,0.327,0.097,0.604,0.296,0.426,0.616,0.604,0.706,0.762,0.696,0.856,0.682,0.526,0.642,0.059,0.069,0.216,0.646,0.013,0.412,0.613,0.743,0.204,0.064,0.517,0.419,0.206,0.000,0.419,0.031,0.175,0.213,0.060,0.000,0.040,0.109,0.720,0.291,0.352,0.648,0.000,0.000,0.000,0.000,0.000,0.000,0.000,0.000,0.211,0.087,0.442,0.565,0.072,0.428,0.145,0.042,0.310,0.184,0.313,0.017,0.088,0.024,0.000,0.003,0.132,0.000,0.006,0.070,0.074,0.009,0.000,0.292,0.063,0.226,0.064,0.297,0.034,0.087,0.078,0.093,0.050,0.821,0.080,0.555,0.522,0.561,0.310,0.080,0.059,0.053,0.099,0.177,0.222
appointment-timing-manipulation,Appointment Timing Manipulation,Political actors time vacancies under high capture and public pressure.,1.000,adversarial/imported blend,recusal-and-emergency-reform,Peer recusal + reasoned emergency docket,5120,0.920,0.650,0.270,0.518,0.589,0.546,0.428,0.161,0.108,0.662,0.533,0.432,0.247,0.564,0.442,0.361,0.196,0.408,0.138,0.008,0.440,0.251,0.327,0.088,0.605,0.311,0.434,0.616,0.602,0.706,0.764,0.696,0.846,0.687,0.528,0.652,0.058,0.081,0.209,0.663,0.017,0.411,0.619,0.748,0.239,0.088,0.542,0.416,0.292,0.000,0.416,0.016,0.277,0.000,0.099,0.000,0.085,0.109,0.727,0.290,0.350,0.650,0.000,0.000,0.000,0.000,0.000,0.000,0.000,0.000,0.207,0.092,0.407,0.568,0.072,0.432,0.132,0.041,0.307,0.184,0.310,0.019,0.088,0.021,0.000,0.003,0.120,0.000,0.007,0.068,0.068,0.013,0.000,0.292,0.086,0.299,0.141,0.449,0.034,0.043,0.078,0.106,0.063,0.813,0.073,0.558,0.529,0.582,0.310,0.080,0.059,0.053,0.099,0.177,0.222
appointment-timing-manipulation,Appointment Timing Manipulation,Political actors time vacancies under high capture and public pressure.,1.000,adversarial/imported blend,panel-en-banc,Three-judge panels with en banc correction,5120,0.922,0.672,0.250,0.544,0.589,0.568,0.428,0.161,0.108,0.662,0.533,0.432,0.247,0.564,0.442,0.361,0.196,0.378,0.138,0.009,0.440,0.251,0.327,0.100,0.606,0.311,0.540,0.616,0.601,0.708,0.762,0.697,0.856,0.688,0.524,0.655,0.064,0.083,0.212,0.724,0.015,0.417,0.624,0.753,0.251,0.086,0.563,0.423,0.297,0.000,0.423,0.019,0.278,0.000,0.491,0.000,0.326,0.075,0.664,0.251,0.745,0.255,0.000,0.000,0.000,0.000,0.000,0.000,0.000,0.000,0.198,0.096,0.400,0.516,0.074,0.434,0.143,0.047,0.307,0.189,0.218,0.019,0.094,0.026,0.000,0.003,0.107,0.000,0.009,0.071,0.081,0.015,0.000,0.292,0.084,0.296,0.115,0.418,0.034,0.043,0.091,0.107,0.062,0.826,0.074,0.555,0.525,0.650,0.310,0.080,0.059,0.053,0.099,0.177,0.222
appointment-timing-manipulation,Appointment Timing Manipulation,Political actors time vacancies under high capture and public pressure.,1.000,adversarial/imported blend,cross-checking-courts,Supreme court with cross-checking constitutional court,5120,0.918,0.663,0.255,0.530,0.589,0.563,0.428,0.161,0.108,0.662,0.533,0.432,0.228,0.564,0.442,0.361,0.196,0.408,0.138,0.009,0.440,0.251,0.327,0.102,0.624,0.296,0.447,0.616,0.582,0.705,0.766,0.686,0.850,0.680,0.503,0.641,0.029,0.072,0.217,0.680,0.010,0.446,0.615,0.751,0.326,0.058,0.527,0.423,0.204,0.000,0.423,0.029,0.174,0.219,0.163,0.000,0.121,0.114,0.724,0.292,0.337,0.663,0.175,0.000,0.000,0.000,0.000,0.000,0.000,0.000,0.203,0.087,0.439,0.540,0.075,0.437,0.140,0.049,0.312,0.194,0.233,0.022,0.087,0.026,0.000,0.006,0.120,0.000,0.009,0.070,0.074,0.011,0.000,0.292,0.057,0.206,0.069,0.258,0.069,0.000,0.065,0.100,0.045,0.816,0.081,0.556,0.504,0.607,0.310,0.080,0.059,0.053,0.099,0.177,0.222
appointment-timing-manipulation,Appointment Timing Manipulation,Political actors time vacancies under high capture and public pressure.,1.000,adversarial/imported blend,dual-supreme-courts,Dual supreme courts with disagreement filter,5120,0.918,0.653,0.265,0.529,0.589,0.546,0.428,0.161,0.108,0.662,0.533,0.432,0.250,0.564,0.442,0.361,0.196,0.408,0.138,0.007,0.440,0.251,0.327,0.108,0.604,0.296,0.455,0.616,0.576,0.696,0.766,0.676,0.832,0.672,0.498,0.655,0.028,0.069,0.217,0.688,0.016,0.449,0.620,0.749,0.363,0.088,0.530,0.422,0.210,0.000,0.422,0.030,0.180,0.212,0.165,0.000,0.115,0.111,0.746,0.295,0.347,0.653,0.175,0.000,0.000,0.000,0.000,0.000,0.000,0.000,0.207,0.107,0.442,0.553,0.076,0.423,0.143,0.051,0.314,0.185,0.232,0.021,0.088,0.028,0.000,0.006,0.118,0.000,0.009,0.076,0.078,0.009,0.000,0.292,0.088,0.317,0.146,0.383,0.034,0.087,0.117,0.109,0.066,0.799,0.079,0.550,0.497,0.615,0.310,0.080,0.059,0.053,0.099,0.177,0.222
appointment-timing-manipulation,Appointment Timing Manipulation,Political actors time vacancies under high capture and public pressure.,1.000,adversarial/imported blend,comparative-constitutional-senates,Comparative 16-seat constitutional senates,5120,0.917,0.642,0.274,0.515,0.589,0.542,0.428,0.161,0.108,0.662,0.533,0.432,0.249,0.564,0.442,0.361,0.196,0.437,0.138,0.008,0.440,0.251,0.327,0.094,0.603,0.296,0.585,0.616,0.591,0.707,0.755,0.699,0.859,0.686,0.527,0.634,0.035,0.069,0.214,0.708,0.009,0.410,0.607,0.752,0.279,0.047,0.513,0.414,0.202,0.000,0.414,0.030,0.172,0.212,0.481,0.000,0.133,0.109,0.720,0.275,0.755,0.245,0.000,0.000,0.000,0.000,0.000,0.000,0.000,0.000,0.202,0.079,0.450,0.514,0.070,0.418,0.136,0.043,0.313,0.187,0.214,0.021,0.086,0.022,0.000,0.003,0.115,0.000,0.007,0.074,0.071,0.012,0.000,0.292,0.047,0.177,0.051,0.199,0.034,0.015,0.039,0.087,0.038,0.825,0.079,0.558,0.527,0.637,0.310,0.080,0.059,0.053,0.099,0.177,0.222
appointment-timing-manipulation,Appointment Timing Manipulation,Political actors time vacancies under high capture and public pressure.,1.000,adversarial/imported blend,constitutional-council,Pre-enactment constitutional council,5120,0.917,0.652,0.265,0.526,0.589,0.542,0.428,0.161,0.108,0.662,0.533,0.432,0.246,0.564,0.442,0.361,0.196,0.398,0.138,0.009,0.440,0.251,0.327,0.097,0.643,0.311,0.484,0.616,0.597,0.713,0.767,0.702,0.854,0.690,0.537,0.647,0.047,0.083,0.212,0.723,0.013,0.417,0.626,0.759,0.298,0.069,0.546,0.424,0.296,0.000,0.424,0.014,0.281,0.000,0.342,0.000,0.132,0.075,0.702,0.267,0.761,0.239,0.000,0.247,0.000,0.000,0.038,0.006,0.024,0.000,0.200,0.097,0.410,0.522,0.105,0.423,0.144,0.048,0.302,0.196,0.221,0.014,0.065,0.016,0.196,0.002,0.077,0.000,0.008,0.077,0.071,0.011,0.000,0.292,0.068,0.249,0.064,0.336,0.034,0.000,0.013,0.101,0.049,0.822,0.074,0.563,0.541,0.654,0.310,0.080,0.059,0.053,0.099,0.177,0.222
appointment-timing-manipulation,Appointment Timing Manipulation,Political actors time vacancies under high capture and public pressure.,1.000,adversarial/imported blend,legislative-override,Judicial review with legislative supermajority override,5120,0.920,0.653,0.267,0.519,0.589,0.550,0.428,0.161,0.108,0.662,0.533,0.432,0.248,0.564,0.442,0.361,0.196,0.408,0.138,0.005,0.440,0.251,0.327,0.101,0.605,0.310,0.426,0.616,0.601,0.705,0.766,0.695,0.850,0.687,0.521,0.653,0.026,0.083,0.213,0.664,0.015,0.419,0.619,0.750,0.240,0.081,0.544,0.424,0.300,0.000,0.424,0.016,0.283,0.000,0.062,0.000,0.088,0.110,0.735,0.294,0.347,0.653,0.000,0.000,0.000,0.000,0.043,0.004,0.027,0.000,0.201,0.112,0.402,0.523,0.106,0.406,0.150,0.042,0.299,0.184,0.219,0.015,0.072,0.018,0.184,0.003,0.077,0.000,0.006,0.076,0.078,0.012,0.000,0.292,0.081,0.282,0.115,0.410,0.000,0.087,0.091,0.105,0.058,0.816,0.074,0.555,0.523,0.597,0.310,0.080,0.059,0.053,0.099,0.177,0.222
appointment-timing-manipulation,Appointment Timing Manipulation,Political actors time vacancies under high capture and public pressure.,1.000,adversarial/imported blend,accountability-retention-court,Retention-election accountability court,5120,0.914,0.650,0.264,0.529,0.589,0.544,0.428,0.161,0.108,0.662,0.533,0.432,0.247,0.564,0.442,0.361,0.196,0.408,0.138,0.011,0.440,0.251,0.327,0.093,0.606,0.311,0.427,0.616,0.602,0.705,0.766,0.697,0.851,0.690,0.524,0.645,0.042,0.079,0.209,0.663,0.014,0.416,0.619,0.750,0.231,0.078,0.549,0.413,0.298,0.000,0.413,0.014,0.284,0.000,0.068,0.000,0.125,0.320,0.744,0.354,0.350,0.650,0.000,0.000,0.000,0.000,0.038,0.014,0.000,0.001,0.199,0.101,0.402,0.526,0.083,0.421,0.145,0.044,0.301,0.190,0.223,0.015,0.071,0.014,0.190,0.001,0.077,0.000,0.009,0.073,0.075,0.013,0.000,0.292,0.077,0.265,0.077,0.410,0.069,0.059,0.065,0.103,0.054,0.811,0.072,0.559,0.528,0.595,0.310,0.080,0.059,0.053,0.099,0.177,0.222
appointment-timing-manipulation,Appointment Timing Manipulation,Political actors time vacancies under high capture and public pressure.,1.000,adversarial/imported blend,emergency-restraint-court,No emergency relief without merits review,5120,0.914,0.667,0.248,0.538,0.589,0.553,0.428,0.161,0.108,0.662,0.533,0.432,0.244,0.564,0.442,0.361,0.196,0.408,0.138,0.009,0.440,0.251,0.327,0.089,0.609,0.245,0.442,0.616,0.607,0.713,0.784,0.704,0.865,0.692,0.529,0.648,0.044,0.010,0.201,0.719,0.013,0.409,0.621,0.764,0.254,0.071,0.610,0.412,0.412,0.000,0.412,0.000,0.412,0.000,0.138,0.000,0.090,0.112,0.723,0.295,0.333,0.667,0.000,0.000,0.000,0.000,0.000,0.000,0.000,0.000,0.190,0.085,0.346,0.511,0.072,0.432,0.144,0.044,0.294,0.197,0.226,0.020,0.096,0.023,0.000,0.002,0.108,0.000,0.007,0.073,0.082,0.013,0.000,0.292,0.070,0.246,0.064,0.383,0.000,0.043,0.044,0.111,0.049,0.840,0.065,0.566,0.530,0.649,0.310,0.080,0.059,0.053,0.099,0.177,0.222
appointment-timing-manipulation,Appointment Timing Manipulation,Political actors time vacancies under high capture and public pressure.,1.000,adversarial/imported blend,randomized-merits-panels,Randomized merits panels with en banc correction,5120,0.916,0.663,0.252,0.533,0.589,0.557,0.428,0.161,0.108,0.662,0.533,0.432,0.246,0.564,0.442,0.361,0.196,0.378,0.138,0.008,0.440,0.251,0.327,0.085,0.606,0.311,0.570,0.616,0.601,0.708,0.761,0.698,0.854,0.688,0.528,0.654,0.062,0.081,0.212,0.725,0.017,0.414,0.623,0.755,0.258,0.086,0.564,0.424,0.304,0.000,0.424,0.018,0.286,0.000,0.519,0.000,0.128,0.073,0.676,0.249,0.753,0.247,0.000,0.000,0.000,0.000,0.000,0.000,0.000,0.000,0.197,0.092,0.397,0.518,0.074,0.442,0.140,0.043,0.303,0.192,0.221,0.017,0.094,0.022,0.000,0.003,0.115,0.000,0.009,0.071,0.076,0.010,0.000,0.292,0.085,0.305,0.077,0.426,0.034,0.043,0.052,0.107,0.063,0.825,0.074,0.559,0.529,0.650,0.310,0.080,0.059,0.053,0.099,0.177,0.222
appointment-timing-manipulation,Appointment Timing Manipulation,Political actors time vacancies under high capture and public pressure.,1.000,adversarial/imported blend,mandatory-written-emergency-reasoning,Mandatory written emergency reasoning,5120,0.917,0.652,0.265,0.527,0.589,0.554,0.428,0.161,0.108,0.662,0.533,0.432,0.247,0.564,0.442,0.361,0.196,0.408,0.138,0.008,0.440,0.251,0.327,0.095,0.606,0.283,0.426,0.616,0.602,0.708,0.768,0.698,0.854,0.687,0.526,0.651,0.058,0.045,0.215,0.666,0.014,0.414,0.619,0.750,0.251,0.087,0.555,0.421,0.263,0.000,0.421,0.027,0.236,0.000,0.061,0.000,0.093,0.112,0.728,0.296,0.348,0.652,0.000,0.000,0.000,0.000,0.000,0.000,0.000,0.000,0.212,0.102,0.424,0.572,0.078,0.408,0.153,0.049,0.310,0.195,0.317,0.021,0.095,0.025,0.000,0.004,0.125,0.000,0.008,0.073,0.078,0.012,0.000,0.292,0.085,0.300,0.146,0.406,0.103,0.043,0.065,0.103,0.064,0.823,0.077,0.558,0.522,0.583,0.310,0.080,0.059,0.053,0.099,0.177,0.222
appointment-timing-manipulation,Appointment Timing Manipulation,Political actors time vacancies under high capture and public pressure.,1.000,adversarial/imported blend,automatic-merits-follow-up,Automatic merits follow-up for emergency relief,5120,0.918,0.646,0.272,0.517,0.589,0.547,0.428,0.161,0.108,0.662,0.533,0.432,0.245,0.564,0.442,0.361,0.196,0.408,0.138,0.009,0.440,0.251,0.327,0.096,0.608,0.264,0.426,0.616,0.603,0.710,0.776,0.698,0.853,0.687,0.528,0.653,0.055,0.018,0.203,0.692,0.015,0.410,0.620,0.756,0.269,0.091,0.597,0.418,0.418,0.000,0.418,0.032,0.418,0.000,0.061,0.000,0.086,0.109,0.731,0.292,0.354,0.646,0.000,0.000,0.000,0.000,0.000,0.000,0.000,0.000,0.202,0.100,0.363,0.562,0.074,0.416,0.142,0.044,0.292,0.186,0.297,0.018,0.094,0.021,0.000,0.004,0.116,0.000,0.009,0.071,0.074,0.012,0.000,0.292,0.090,0.292,0.090,0.551,0.069,0.000,0.104,0.115,0.069,0.826,0.084,0.564,0.526,0.614,0.310,0.080,0.059,0.053,0.099,0.177,0.222
appointment-timing-manipulation,Appointment Timing Manipulation,Political actors time vacancies under high capture and public pressure.,1.000,adversarial/imported blend,strong-recusal-enforcement,Independent recusal enforcement with substitutes,5120,0.916,0.660,0.256,0.522,0.589,0.553,0.428,0.161,0.108,0.662,0.533,0.432,0.248,0.564,0.442,0.361,0.196,0.408,0.138,0.009,0.440,0.251,0.327,0.100,0.606,0.311,0.448,0.616,0.599,0.706,0.765,0.696,0.851,0.687,0.524,0.653,0.040,0.083,0.215,0.687,0.016,0.415,0.621,0.751,0.258,0.086,0.553,0.429,0.304,0.000,0.429,0.017,0.288,0.000,0.135,0.000,0.086,0.108,0.744,0.298,0.340,0.660,0.000,0.000,0.000,0.000,0.000,0.000,0.000,0.000,0.201,0.096,0.407,0.525,0.073,0.429,0.142,0.044,0.305,0.189,0.224,0.018,0.094,0.021,0.000,0.003,0.109,0.000,0.008,0.072,0.080,0.011,0.000,0.292,0.085,0.303,0.090,0.414,0.034,0.102,0.091,0.107,0.062,0.817,0.075,0.555,0.525,0.615,0.310,0.080,0.059,0.053,0.099,0.177,0.222
appointment-timing-manipulation,Appointment Timing Manipulation,Political actors time vacancies under high capture and public pressure.,1.000,adversarial/imported blend,jurisdiction-stripping-constraints,Jurisdiction stripping constrained by rights carveouts,5120,0.914,0.652,0.262,0.522,0.589,0.539,0.428,0.161,0.108,0.662,0.533,0.432,0.247,0.564,0.442,0.361,0.196,0.358,0.138,0.009,0.440,0.251,0.327,0.099,0.635,0.311,0.426,0.616,0.607,0.711,0.772,0.699,0.853,0.690,0.528,0.648,0.026,0.083,0.209,0.661,0.014,0.413,0.618,0.756,0.232,0.076,0.541,0.418,0.289,0.000,0.418,0.015,0.274,0.000,0.061,0.000,0.087,0.111,0.738,0.294,0.348,0.652,0.000,0.000,0.000,0.000,0.038,0.000,0.000,0.000,0.192,0.108,0.406,0.517,0.093,0.416,0.146,0.043,0.301,0.195,0.219,0.021,0.138,0.026,0.000,0.002,0.000,0.000,0.008,0.076,0.075,0.009,0.000,0.292,0.074,0.267,0.077,0.344,0.034,0.087,0.091,0.102,0.055,0.819,0.073,0.560,0.544,0.603,0.310,0.080,0.059,0.053,0.099,0.177,0.222
appointment-timing-manipulation,Appointment Timing Manipulation,Political actors time vacancies under high capture and public pressure.,1.000,adversarial/imported blend,legislative-override-window,Time-limited legislative override window,5120,0.912,0.652,0.260,0.530,0.589,0.543,0.428,0.161,0.108,0.662,0.533,0.432,0.248,0.564,0.442,0.361,0.196,0.408,0.138,0.010,0.440,0.251,0.327,0.101,0.606,0.310,0.426,0.616,0.602,0.706,0.767,0.695,0.851,0.687,0.522,0.651,0.025,0.080,0.209,0.664,0.016,0.418,0.620,0.751,0.239,0.082,0.549,0.416,0.298,0.000,0.416,0.015,0.283,0.000,0.062,0.000,0.091,0.112,0.735,0.293,0.348,0.652,0.000,0.000,0.000,0.000,0.045,0.007,0.023,0.000,0.201,0.107,0.404,0.525,0.106,0.426,0.140,0.048,0.298,0.193,0.224,0.014,0.061,0.014,0.193,0.002,0.080,0.000,0.009,0.072,0.072,0.009,0.000,0.292,0.081,0.285,0.146,0.398,0.034,0.087,0.091,0.105,0.058,0.817,0.073,0.557,0.525,0.598,0.310,0.080,0.059,0.053,0.099,0.177,0.222
appointment-timing-manipulation,Appointment Timing Manipulation,Political actors time vacancies under high capture and public pressure.,1.000,adversarial/imported blend,constitutional-remand,Constitutional remand before invalidation,5120,0.921,0.693,0.228,0.566,0.589,0.589,0.428,0.161,0.108,0.662,0.533,0.432,0.213,0.564,0.442,0.361,0.196,0.369,0.138,0.010,0.440,0.251,0.327,0.094,0.619,0.312,0.432,0.616,0.598,0.718,0.773,0.710,0.870,0.697,0.540,0.650,0.043,0.084,0.222,0.704,0.010,0.419,0.638,0.760,0.327,0.057,0.591,0.442,0.321,0.000,0.442,0.016,0.305,0.000,0.085,0.000,0.122,0.078,0.740,0.301,0.307,0.693,0.000,0.309,0.028,0.000,0.028,0.005,0.015,0.000,0.196,0.085,0.401,0.514,0.089,0.452,0.147,0.044,0.323,0.203,0.235,0.016,0.070,0.014,0.203,0.001,0.078,0.000,0.009,0.076,0.074,0.011,0.000,0.292,0.072,0.250,0.096,0.370,0.034,0.043,0.099,0.102,0.048,0.835,0.077,0.567,0.546,0.633,0.310,0.080,0.059,0.053,0.099,0.177,0.222
appointment-timing-manipulation,Appointment Timing Manipulation,Political actors time vacancies under high capture and public pressure.,1.000,adversarial/imported blend,public-interest-litigation-filter,Public-interest litigation filter,5120,0.913,0.679,0.234,0.546,0.589,0.572,0.428,0.161,0.108,0.662,0.533,0.432,0.247,0.564,0.442,0.361,0.196,0.323,0.138,0.009,0.440,0.251,0.327,0.103,0.607,0.310,0.431,0.616,0.601,0.707,0.773,0.696,0.855,0.686,0.522,0.659,0.046,0.082,0.215,0.679,0.017,0.419,0.628,0.750,0.266,0.093,0.574,0.427,0.306,0.000,0.427,0.016,0.290,0.000,0.082,0.000,0.096,0.112,0.728,0.301,0.321,0.679,0.000,0.000,0.000,0.088,0.000,0.000,0.000,0.000,0.196,0.099,0.397,0.521,0.075,0.442,0.142,0.046,0.301,0.198,0.229,0.021,0.091,0.024,0.000,0.003,0.115,0.000,0.007,0.074,0.078,0.013,0.000,0.292,0.093,0.325,0.154,0.453,0.034,0.174,0.078,0.111,0.067,0.821,0.076,0.554,0.523,0.605,0.310,0.080,0.059,0.053,0.099,0.177,0.222
appointment-timing-manipulation,Appointment Timing Manipulation,Political actors time vacancies under high capture and public pressure.,1.000,adversarial/imported blend,emergency-integrity-package,Emergency integrity package,5120,0.915,0.658,0.256,0.539,0.589,0.557,0.428,0.161,0.108,0.662,0.533,0.432,0.245,0.564,0.442,0.361,0.196,0.408,0.138,0.009,0.440,0.251,0.327,0.096,0.609,0.265,0.447,0.616,0.598,0.711,0.779,0.703,0.863,0.693,0.527,0.644,0.040,0.018,0.201,0.722,0.012,0.411,0.616,0.760,0.295,0.065,0.609,0.410,0.410,0.000,0.410,0.031,0.410,0.000,0.133,0.000,0.088,0.110,0.745,0.299,0.342,0.658,0.000,0.000,0.000,0.000,0.000,0.000,0.000,0.000,0.195,0.085,0.362,0.518,0.074,0.422,0.144,0.049,0.299,0.192,0.230,0.024,0.095,0.025,0.000,0.003,0.116,0.000,0.010,0.077,0.076,0.011,0.000,0.292,0.065,0.226,0.094,0.344,0.034,0.043,0.026,0.108,0.051,0.834,0.084,0.566,0.526,0.651,0.310,0.080,0.059,0.053,0.099,0.177,0.222
appointment-timing-manipulation,Appointment Timing Manipulation,Political actors time vacancies under high capture and public pressure.,1.000,adversarial/imported blend,remand-override-window-package,Constitutional remand with override window,5120,0.922,0.697,0.225,0.563,0.589,0.604,0.428,0.161,0.108,0.662,0.533,0.432,0.214,0.564,0.442,0.361,0.196,0.369,0.138,0.008,0.440,0.251,0.327,0.097,0.619,0.283,0.432,0.616,0.594,0.718,0.779,0.710,0.875,0.695,0.538,0.652,0.041,0.047,0.226,0.713,0.010,0.423,0.640,0.763,0.365,0.060,0.596,0.446,0.278,0.000,0.446,0.027,0.252,0.000,0.084,0.000,0.114,0.077,0.740,0.303,0.303,0.697,0.000,0.311,0.023,0.000,0.030,0.004,0.019,0.000,0.196,0.089,0.411,0.511,0.096,0.454,0.152,0.048,0.314,0.206,0.226,0.015,0.067,0.021,0.206,0.002,0.080,0.000,0.008,0.077,0.078,0.011,0.000,0.292,0.073,0.262,0.104,0.344,0.000,0.043,0.066,0.100,0.052,0.842,0.081,0.565,0.543,0.641,0.310,0.080,0.059,0.053,0.099,0.177,0.222
appointment-timing-manipulation,Appointment Timing Manipulation,Political actors time vacancies under high capture and public pressure.,1.000,adversarial/imported blend,panel-jurisdiction-safeguards,Random panels with jurisdiction safeguards,5120,0.914,0.668,0.247,0.536,0.589,0.563,0.428,0.161,0.108,0.662,0.533,0.432,0.248,0.564,0.442,0.361,0.196,0.328,0.138,0.009,0.440,0.251,0.327,0.104,0.634,0.296,0.612,0.616,0.597,0.709,0.761,0.695,0.858,0.679,0.523,0.648,0.061,0.071,0.221,0.725,0.015,0.421,0.623,0.756,0.286,0.075,0.529,0.430,0.212,0.000,0.430,0.031,0.181,0.218,0.572,0.000,0.135,0.074,0.686,0.251,0.759,0.241,0.000,0.000,0.000,0.000,0.040,0.000,0.000,0.000,0.195,0.109,0.444,0.524,0.097,0.427,0.151,0.047,0.312,0.205,0.225,0.022,0.140,0.028,0.000,0.004,0.000,0.000,0.007,0.081,0.075,0.010,0.000,0.292,0.073,0.253,0.077,0.371,0.034,0.087,0.091,0.098,0.057,0.827,0.082,0.555,0.540,0.660,0.310,0.080,0.059,0.053,0.099,0.177,0.222
appointment-timing-manipulation,Appointment Timing Manipulation,Political actors time vacancies under high capture and public pressure.,1.000,adversarial/imported blend,council-concrete-hybrid,Constitutional council with concrete-review backstop,5120,0.914,0.659,0.255,0.530,0.589,0.559,0.428,0.161,0.108,0.662,0.533,0.432,0.245,0.564,0.442,0.361,0.196,0.398,0.138,0.007,0.440,0.251,0.327,0.093,0.643,0.311,0.531,0.616,0.593,0.714,0.765,0.706,0.860,0.694,0.539,0.640,0.036,0.083,0.212,0.730,0.010,0.415,0.624,0.761,0.316,0.053,0.549,0.424,0.297,0.000,0.424,0.014,0.283,0.000,0.424,0.000,0.137,0.113,0.726,0.283,0.748,0.252,0.000,0.252,0.000,0.000,0.029,0.004,0.019,0.001,0.197,0.084,0.402,0.514,0.094,0.435,0.137,0.049,0.302,0.193,0.221,0.016,0.058,0.017,0.193,0.002,0.080,0.000,0.007,0.072,0.074,0.009,0.000,0.292,0.053,0.193,0.051,0.254,0.000,0.015,0.018,0.097,0.039,0.826,0.074,0.564,0.544,0.662,0.310,0.080,0.059,0.053,0.099,0.177,0.222
emergency-application-flood,Emergency Application Flood,Executives and litigants route controversial policies through urgent stay requests.,1.000,emergency-flood synthetic legislature,current-us-like,Stylized current U.S.-like supreme court,5120,0.955,0.805,0.150,0.613,0.458,0.676,0.328,0.129,0.127,0.865,0.692,0.489,0.454,0.711,0.562,0.381,0.230,0.543,0.098,0.000,0.572,0.303,0.524,0.333,0.470,0.781,0.586,0.681,0.473,0.549,0.521,0.534,0.750,0.576,0.263,0.692,0.104,0.579,0.589,0.417,0.071,0.742,0.640,0.532,0.230,0.105,0.311,0.803,0.165,0.165,0.000,0.165,0.000,0.000,0.021,0.000,0.056,0.300,0.553,0.401,0.195,0.805,0.000,0.000,0.000,0.000,0.000,0.000,0.000,0.000,0.416,0.230,0.964,0.838,0.111,0.420,0.290,0.124,0.694,0.308,0.514,0.026,0.131,0.068,0.000,0.078,0.161,0.000,0.002,0.140,0.168,0.070,0.024,0.417,0.250,0.683,0.369,0.900,0.432,0.288,0.213,0.146,0.102,0.621,0.403,0.342,0.255,0.253,0.189,0.047,0.046,0.242,0.125,0.141,0.210
emergency-application-flood,Emergency Application Flood,Executives and litigants route controversial policies through urgent stay requests.,1.000,emergency-flood synthetic legislature,term-limited-balanced,18-year staggered terms + regular appointments,5120,0.951,0.801,0.150,0.608,0.458,0.673,0.328,0.129,0.127,0.865,0.692,0.489,0.439,0.711,0.562,0.381,0.230,0.503,0.098,0.000,0.572,0.303,0.524,0.321,0.489,0.603,0.596,0.681,0.493,0.566,0.621,0.551,0.779,0.577,0.285,0.661,0.113,0.227,0.473,0.671,0.130,0.697,0.665,0.614,0.292,0.198,0.631,0.797,0.599,0.000,0.797,0.133,0.466,0.000,0.063,0.000,0.115,0.108,0.554,0.329,0.199,0.801,0.000,0.000,0.000,0.000,0.000,0.000,0.000,0.000,0.375,0.260,0.759,0.825,0.115,0.418,0.286,0.119,0.639,0.305,0.494,0.024,0.136,0.067,0.000,0.071,0.153,0.000,0.003,0.138,0.162,0.063,0.018,0.417,0.185,0.490,0.318,0.684,0.286,0.225,0.213,0.191,0.161,0.712,0.284,0.383,0.275,0.518,0.189,0.047,0.046,0.242,0.125,0.141,0.210
emergency-application-flood,Emergency Application Flood,Executives and litigants route controversial policies through urgent stay requests.,1.000,emergency-flood synthetic legislature,nonpartisan-commission,Nonpartisan commission appointments,5120,0.952,0.805,0.147,0.613,0.458,0.674,0.328,0.129,0.127,0.865,0.692,0.489,0.438,0.711,0.562,0.381,0.230,0.503,0.098,0.000,0.572,0.303,0.524,0.315,0.489,0.605,0.601,0.681,0.489,0.567,0.626,0.552,0.783,0.577,0.284,0.660,0.068,0.232,0.475,0.682,0.125,0.700,0.665,0.619,0.320,0.195,0.621,0.802,0.597,0.000,0.802,0.143,0.454,0.000,0.084,0.000,0.121,0.108,0.550,0.325,0.195,0.805,0.000,0.000,0.000,0.000,0.000,0.000,0.000,0.000,0.368,0.259,0.765,0.786,0.116,0.414,0.295,0.129,0.656,0.299,0.387,0.026,0.130,0.077,0.000,0.077,0.164,0.000,0.002,0.139,0.172,0.073,0.019,0.417,0.181,0.490,0.300,0.658,0.281,0.171,0.206,0.189,0.160,0.715,0.288,0.382,0.271,0.541,0.189,0.047,0.046,0.242,0.125,0.141,0.210
emergency-application-flood,Emergency Application Flood,Executives and litigants route controversial policies through urgent stay requests.,1.000,emergency-flood synthetic legislature,expanded-court-fifteen,Expanded 15-seat court,5120,0.954,0.804,0.150,0.609,0.458,0.677,0.328,0.129,0.127,0.865,0.692,0.489,0.439,0.711,0.562,0.381,0.230,0.503,0.098,0.000,0.572,0.303,0.524,0.323,0.489,0.604,0.608,0.681,0.483,0.563,0.623,0.548,0.773,0.576,0.282,0.662,0.081,0.228,0.485,0.692,0.131,0.700,0.668,0.617,0.337,0.199,0.634,0.801,0.597,0.000,0.801,0.132,0.464,0.000,0.065,0.000,0.122,0.406,0.593,0.457,0.196,0.804,0.000,0.000,0.000,0.000,0.000,0.000,0.000,0.000,0.378,0.261,0.766,0.826,0.115,0.421,0.287,0.129,0.656,0.296,0.498,0.024,0.125,0.075,0.000,0.078,0.160,0.000,0.002,0.133,0.163,0.064,0.021,0.417,0.185,0.496,0.318,0.703,0.302,0.162,0.175,0.191,0.161,0.693,0.285,0.382,0.271,0.539,0.189,0.047,0.046,0.242,0.125,0.141,0.210
emergency-application-flood,Emergency Application Flood,Executives and litigants route controversial policies through urgent stay requests.,1.000,emergency-flood synthetic legislature,supermajority-review,60 percent invalidation threshold,5120,0.953,0.799,0.154,0.605,0.458,0.663,0.328,0.129,0.127,0.865,0.692,0.489,0.441,0.711,0.562,0.381,0.230,0.503,0.098,0.000,0.572,0.303,0.524,0.310,0.484,0.594,0.595,0.681,0.490,0.574,0.616,0.568,0.828,0.577,0.285,0.636,0.108,0.214,0.487,0.638,0.088,0.699,0.647,0.605,0.289,0.128,0.540,0.796,0.487,0.000,0.796,0.236,0.251,0.310,0.059,0.000,0.056,0.104,0.557,0.328,0.201,0.799,0.000,0.000,0.000,0.000,0.000,0.000,0.000,0.000,0.380,0.225,0.828,0.818,0.112,0.418,0.287,0.122,0.665,0.308,0.499,0.024,0.131,0.072,0.000,0.075,0.157,0.000,0.002,0.136,0.163,0.062,0.019,0.417,0.123,0.334,0.189,0.491,0.146,0.117,0.131,0.155,0.131,0.755,0.309,0.380,0.274,0.482,0.189,0.047,0.046,0.242,0.125,0.141,0.210
emergency-application-flood,Emergency Application Flood,Executives and litigants route controversial policies through urgent stay requests.,1.000,emergency-flood synthetic legislature,recusal-and-emergency-reform,Peer recusal + reasoned emergency docket,5120,0.946,0.796,0.150,0.617,0.458,0.663,0.328,0.129,0.127,0.865,0.692,0.489,0.438,0.711,0.562,0.381,0.230,0.503,0.098,0.000,0.572,0.303,0.524,0.319,0.489,0.604,0.605,0.681,0.489,0.566,0.622,0.551,0.779,0.576,0.285,0.660,0.106,0.226,0.470,0.682,0.132,0.696,0.665,0.616,0.326,0.201,0.629,0.794,0.602,0.000,0.794,0.137,0.464,0.000,0.100,0.000,0.129,0.109,0.554,0.325,0.204,0.796,0.000,0.000,0.000,0.000,0.000,0.000,0.000,0.000,0.376,0.262,0.757,0.824,0.116,0.425,0.288,0.119,0.646,0.308,0.492,0.023,0.130,0.069,0.000,0.074,0.162,0.000,0.002,0.143,0.154,0.064,0.018,0.417,0.186,0.497,0.343,0.647,0.318,0.216,0.188,0.191,0.163,0.713,0.284,0.384,0.275,0.529,0.189,0.047,0.046,0.242,0.125,0.141,0.210
emergency-application-flood,Emergency Application Flood,Executives and litigants route controversial policies through urgent stay requests.,1.000,emergency-flood synthetic legislature,panel-en-banc,Three-judge panels with en banc correction,5120,0.953,0.809,0.144,0.618,0.458,0.673,0.328,0.129,0.127,0.865,0.692,0.489,0.437,0.711,0.562,0.381,0.230,0.473,0.098,0.000,0.572,0.303,0.524,0.311,0.489,0.605,0.712,0.681,0.487,0.568,0.620,0.554,0.786,0.578,0.284,0.660,0.113,0.233,0.475,0.736,0.126,0.699,0.665,0.620,0.340,0.192,0.629,0.806,0.606,0.000,0.806,0.153,0.454,0.000,0.424,0.000,0.427,0.070,0.509,0.279,0.610,0.390,0.000,0.000,0.000,0.000,0.000,0.000,0.000,0.000,0.365,0.250,0.761,0.782,0.119,0.428,0.284,0.130,0.659,0.309,0.390,0.027,0.127,0.081,0.000,0.072,0.146,0.000,0.002,0.136,0.167,0.065,0.020,0.417,0.177,0.485,0.296,0.643,0.245,0.162,0.194,0.189,0.160,0.723,0.291,0.383,0.275,0.591,0.189,0.047,0.046,0.242,0.125,0.141,0.210
emergency-application-flood,Emergency Application Flood,Executives and litigants route controversial policies through urgent stay requests.,1.000,emergency-flood synthetic legislature,cross-checking-courts,Supreme court with cross-checking constitutional court,5120,0.948,0.806,0.142,0.622,0.458,0.672,0.328,0.129,0.127,0.865,0.692,0.489,0.420,0.711,0.562,0.381,0.230,0.503,0.098,0.000,0.572,0.303,0.524,0.318,0.505,0.593,0.622,0.681,0.462,0.574,0.622,0.556,0.821,0.579,0.255,0.620,0.053,0.213,0.487,0.685,0.063,0.741,0.637,0.614,0.434,0.097,0.556,0.804,0.491,0.000,0.804,0.231,0.261,0.313,0.163,0.000,0.154,0.109,0.556,0.323,0.194,0.806,0.288,0.000,0.000,0.000,0.000,0.000,0.000,0.000,0.373,0.214,0.828,0.798,0.110,0.441,0.281,0.121,0.666,0.311,0.416,0.021,0.128,0.066,0.000,0.076,0.171,0.000,0.003,0.136,0.147,0.068,0.021,0.417,0.089,0.231,0.167,0.327,0.177,0.072,0.100,0.160,0.108,0.750,0.310,0.383,0.249,0.541,0.189,0.047,0.046,0.242,0.125,0.141,0.210
emergency-application-flood,Emergency Application Flood,Executives and litigants route controversial policies through urgent stay requests.,1.000,emergency-flood synthetic legislature,dual-supreme-courts,Dual supreme courts with disagreement filter,5120,0.957,0.812,0.145,0.618,0.458,0.682,0.328,0.129,0.127,0.865,0.692,0.489,0.444,0.711,0.562,0.381,0.230,0.503,0.098,0.000,0.572,0.303,0.524,0.335,0.484,0.594,0.631,0.681,0.442,0.536,0.621,0.499,0.687,0.553,0.245,0.665,0.049,0.216,0.497,0.696,0.142,0.753,0.671,0.614,0.480,0.208,0.553,0.810,0.513,0.000,0.810,0.263,0.250,0.297,0.163,0.000,0.163,0.111,0.553,0.328,0.188,0.812,0.281,0.000,0.000,0.000,0.000,0.000,0.000,0.000,0.382,0.276,0.825,0.825,0.116,0.425,0.298,0.126,0.668,0.309,0.423,0.025,0.136,0.073,0.000,0.081,0.157,0.000,0.001,0.138,0.168,0.063,0.022,0.417,0.194,0.525,0.322,0.703,0.292,0.171,0.238,0.196,0.191,0.618,0.317,0.363,0.240,0.551,0.189,0.047,0.046,0.242,0.125,0.141,0.210
emergency-application-flood,Emergency Application Flood,Executives and litigants route controversial policies through urgent stay requests.,1.000,emergency-flood synthetic legislature,comparative-constitutional-senates,Comparative 16-seat constitutional senates,5120,0.956,0.804,0.153,0.612,0.458,0.678,0.328,0.129,0.127,0.865,0.692,0.489,0.441,0.711,0.562,0.381,0.230,0.533,0.098,0.000,0.572,0.303,0.524,0.313,0.484,0.593,0.761,0.681,0.478,0.577,0.611,0.571,0.838,0.579,0.283,0.634,0.065,0.214,0.488,0.722,0.078,0.700,0.646,0.617,0.379,0.118,0.548,0.802,0.492,0.000,0.802,0.239,0.253,0.310,0.422,0.000,0.178,0.106,0.559,0.315,0.618,0.382,0.000,0.000,0.000,0.000,0.000,0.000,0.000,0.000,0.372,0.219,0.825,0.776,0.110,0.421,0.284,0.118,0.654,0.311,0.398,0.026,0.129,0.067,0.000,0.072,0.161,0.000,0.003,0.133,0.165,0.062,0.020,0.417,0.115,0.323,0.133,0.498,0.146,0.045,0.094,0.153,0.125,0.767,0.311,0.380,0.273,0.579,0.189,0.047,0.046,0.242,0.125,0.141,0.210
emergency-application-flood,Emergency Application Flood,Executives and litigants route controversial policies through urgent stay requests.,1.000,emergency-flood synthetic legislature,constitutional-council,Pre-enactment constitutional council,5120,0.955,0.813,0.142,0.620,0.458,0.691,0.328,0.129,0.127,0.865,0.692,0.489,0.436,0.711,0.562,0.381,0.230,0.493,0.098,0.000,0.572,0.303,0.524,0.327,0.542,0.604,0.658,0.681,0.479,0.577,0.631,0.564,0.798,0.577,0.305,0.658,0.084,0.231,0.474,0.780,0.117,0.714,0.695,0.636,0.436,0.174,0.638,0.811,0.604,0.000,0.811,0.127,0.478,0.000,0.302,0.000,0.178,0.073,0.554,0.305,0.621,0.379,0.000,0.755,0.000,0.000,0.112,0.024,0.069,0.009,0.375,0.275,0.767,0.795,0.184,0.422,0.309,0.139,0.662,0.319,0.410,0.014,0.083,0.046,0.319,0.043,0.103,0.000,0.001,0.149,0.162,0.063,0.023,0.417,0.166,0.459,0.236,0.602,0.271,0.162,0.163,0.186,0.140,0.732,0.287,0.388,0.294,0.641,0.189,0.047,0.046,0.242,0.125,0.141,0.210
emergency-application-flood,Emergency Application Flood,Executives and litigants route controversial policies through urgent stay requests.,1.000,emergency-flood synthetic legislature,legislative-override,Judicial review with legislative supermajority override,5120,0.951,0.806,0.145,0.610,0.458,0.672,0.328,0.129,0.127,0.865,0.692,0.489,0.439,0.711,0.562,0.381,0.230,0.503,0.098,0.000,0.572,0.303,0.524,0.318,0.489,0.604,0.597,0.681,0.487,0.564,0.628,0.549,0.784,0.573,0.275,0.663,0.049,0.232,0.476,0.681,0.130,0.713,0.669,0.622,0.329,0.193,0.622,0.804,0.597,0.000,0.804,0.137,0.460,0.000,0.065,0.000,0.125,0.106,0.561,0.326,0.194,0.806,0.000,0.000,0.000,0.000,0.124,0.021,0.072,0.007,0.374,0.286,0.765,0.794,0.196,0.421,0.303,0.138,0.652,0.327,0.394,0.015,0.082,0.046,0.327,0.043,0.092,0.000,0.002,0.144,0.163,0.073,0.020,0.417,0.180,0.488,0.258,0.669,0.313,0.180,0.181,0.190,0.154,0.717,0.287,0.380,0.268,0.549,0.189,0.047,0.046,0.242,0.125,0.141,0.210
emergency-application-flood,Emergency Application Flood,Executives and litigants route controversial policies through urgent stay requests.,1.000,emergency-flood synthetic legislature,accountability-retention-court,Retention-election accountability court,5120,0.958,0.824,0.134,0.629,0.458,0.700,0.328,0.129,0.127,0.865,0.692,0.489,0.437,0.711,0.562,0.381,0.230,0.503,0.098,0.000,0.572,0.303,0.524,0.317,0.491,0.605,0.599,0.681,0.486,0.564,0.626,0.552,0.794,0.579,0.272,0.652,0.075,0.234,0.484,0.689,0.123,0.719,0.681,0.618,0.326,0.190,0.647,0.820,0.603,0.000,0.820,0.134,0.470,0.000,0.073,0.000,0.219,0.307,0.578,0.412,0.176,0.824,0.000,0.000,0.000,0.000,0.124,0.064,0.000,0.018,0.370,0.261,0.764,0.795,0.131,0.429,0.302,0.132,0.661,0.318,0.411,0.015,0.083,0.047,0.318,0.047,0.101,0.000,0.002,0.144,0.169,0.068,0.022,0.417,0.180,0.505,0.288,0.658,0.245,0.144,0.138,0.191,0.145,0.718,0.291,0.380,0.263,0.550,0.189,0.047,0.046,0.242,0.125,0.141,0.210
emergency-application-flood,Emergency Application Flood,Executives and litigants route controversial policies through urgent stay requests.,1.000,emergency-flood synthetic legislature,emergency-restraint-court,No emergency relief without merits review,5120,0.950,0.809,0.141,0.616,0.458,0.673,0.328,0.129,0.127,0.865,0.692,0.489,0.429,0.711,0.562,0.381,0.230,0.503,0.098,0.000,0.572,0.303,0.524,0.302,0.500,0.528,0.616,0.681,0.501,0.567,0.667,0.536,0.739,0.565,0.291,0.686,0.074,0.071,0.453,0.806,0.168,0.688,0.686,0.658,0.345,0.253,0.808,0.804,0.804,0.000,0.804,0.000,0.804,0.000,0.141,0.000,0.121,0.108,0.530,0.317,0.191,0.809,0.000,0.000,0.000,0.000,0.000,0.000,0.000,0.000,0.352,0.278,0.620,0.794,0.118,0.418,0.297,0.122,0.621,0.307,0.406,0.022,0.138,0.067,0.000,0.072,0.165,0.000,0.001,0.142,0.162,0.062,0.022,0.417,0.239,0.664,0.348,0.859,0.370,0.243,0.219,0.230,0.175,0.697,0.251,0.404,0.277,0.667,0.189,0.047,0.046,0.242,0.125,0.141,0.210
emergency-application-flood,Emergency Application Flood,Executives and litigants route controversial policies through urgent stay requests.,1.000,emergency-flood synthetic legislature,randomized-merits-panels,Randomized merits panels with en banc correction,5120,0.954,0.822,0.131,0.630,0.458,0.701,0.328,0.129,0.127,0.865,0.692,0.489,0.437,0.711,0.562,0.381,0.230,0.473,0.098,0.000,0.572,0.303,0.524,0.315,0.490,0.605,0.747,0.681,0.484,0.568,0.616,0.554,0.795,0.577,0.279,0.661,0.119,0.236,0.483,0.746,0.128,0.705,0.669,0.618,0.353,0.192,0.642,0.821,0.615,0.000,0.821,0.149,0.466,0.000,0.454,0.000,0.185,0.072,0.528,0.286,0.612,0.388,0.000,0.000,0.000,0.000,0.000,0.000,0.000,0.000,0.368,0.248,0.762,0.789,0.115,0.437,0.287,0.122,0.662,0.319,0.407,0.024,0.136,0.073,0.000,0.076,0.154,0.000,0.002,0.146,0.158,0.064,0.021,0.417,0.179,0.490,0.288,0.662,0.292,0.144,0.156,0.192,0.159,0.730,0.294,0.381,0.270,0.596,0.189,0.047,0.046,0.242,0.125,0.141,0.210
emergency-application-flood,Emergency Application Flood,Executives and litigants route controversial policies through urgent stay requests.,1.000,emergency-flood synthetic legislature,mandatory-written-emergency-reasoning,Mandatory written emergency reasoning,5120,0.951,0.793,0.159,0.605,0.458,0.659,0.328,0.129,0.127,0.865,0.692,0.489,0.438,0.711,0.562,0.381,0.230,0.503,0.098,0.000,0.572,0.303,0.524,0.302,0.487,0.580,0.596,0.681,0.489,0.572,0.626,0.564,0.808,0.583,0.288,0.648,0.110,0.171,0.480,0.666,0.115,0.697,0.656,0.616,0.338,0.170,0.592,0.791,0.539,0.000,0.791,0.227,0.313,0.000,0.063,0.000,0.131,0.104,0.561,0.327,0.207,0.793,0.000,0.000,0.000,0.000,0.000,0.000,0.000,0.000,0.378,0.247,0.801,0.828,0.117,0.415,0.289,0.131,0.654,0.298,0.503,0.027,0.125,0.076,0.000,0.077,0.159,0.000,0.001,0.140,0.158,0.066,0.020,0.417,0.158,0.424,0.262,0.587,0.271,0.135,0.156,0.171,0.158,0.743,0.303,0.386,0.276,0.510,0.189,0.047,0.046,0.242,0.125,0.141,0.210
emergency-application-flood,Emergency Application Flood,Executives and litigants route controversial policies through urgent stay requests.,1.000,emergency-flood synthetic legislature,automatic-merits-follow-up,Automatic merits follow-up for emergency relief,5120,0.952,0.798,0.154,0.612,0.458,0.667,0.328,0.129,0.127,0.865,0.692,0.489,0.429,0.711,0.562,0.381,0.230,0.503,0.098,0.000,0.572,0.303,0.524,0.304,0.499,0.547,0.596,0.681,0.490,0.554,0.656,0.517,0.689,0.557,0.291,0.687,0.110,0.086,0.450,0.767,0.191,0.691,0.691,0.647,0.365,0.288,0.797,0.793,0.793,0.000,0.793,0.273,0.793,0.000,0.061,0.000,0.123,0.107,0.537,0.324,0.202,0.798,0.000,0.000,0.000,0.000,0.000,0.000,0.000,0.000,0.365,0.297,0.630,0.844,0.120,0.420,0.294,0.117,0.607,0.310,0.509,0.022,0.138,0.069,0.000,0.079,0.160,0.000,0.003,0.138,0.165,0.067,0.019,0.417,0.263,0.689,0.429,0.926,0.531,0.378,0.275,0.239,0.246,0.644,0.272,0.401,0.279,0.617,0.189,0.047,0.046,0.242,0.125,0.141,0.210
emergency-application-flood,Emergency Application Flood,Executives and litigants route controversial policies through urgent stay requests.,1.000,emergency-flood synthetic legislature,strong-recusal-enforcement,Independent recusal enforcement with substitutes,5120,0.952,0.809,0.143,0.629,0.458,0.683,0.328,0.129,0.127,0.865,0.692,0.489,0.437,0.711,0.562,0.381,0.230,0.503,0.098,0.000,0.572,0.303,0.524,0.311,0.489,0.604,0.624,0.681,0.485,0.565,0.628,0.550,0.778,0.576,0.284,0.658,0.064,0.231,0.479,0.713,0.134,0.700,0.669,0.622,0.348,0.200,0.631,0.806,0.603,0.000,0.806,0.139,0.464,0.000,0.141,0.000,0.121,0.107,0.567,0.335,0.191,0.809,0.000,0.000,0.000,0.000,0.000,0.000,0.000,0.000,0.369,0.257,0.757,0.795,0.116,0.424,0.288,0.124,0.645,0.307,0.416,0.023,0.129,0.070,0.000,0.074,0.161,0.000,0.003,0.142,0.162,0.067,0.020,0.417,0.183,0.482,0.322,0.710,0.307,0.144,0.200,0.193,0.163,0.710,0.288,0.383,0.273,0.569,0.189,0.047,0.046,0.242,0.125,0.141,0.210
emergency-application-flood,Emergency Application Flood,Executives and litigants route controversial policies through urgent stay requests.,1.000,emergency-flood synthetic legislature,jurisdiction-stripping-constraints,Jurisdiction stripping constrained by rights carveouts,5120,0.953,0.814,0.139,0.616,0.458,0.685,0.328,0.129,0.127,0.865,0.692,0.489,0.437,0.711,0.562,0.381,0.230,0.453,0.098,0.000,0.572,0.303,0.524,0.325,0.520,0.605,0.596,0.681,0.491,0.568,0.633,0.548,0.780,0.575,0.276,0.662,0.049,0.231,0.479,0.688,0.130,0.712,0.675,0.626,0.323,0.200,0.639,0.811,0.609,0.000,0.811,0.138,0.471,0.000,0.062,0.000,0.121,0.107,0.560,0.330,0.186,0.814,0.000,0.000,0.000,0.000,0.126,0.000,0.000,0.000,0.367,0.299,0.765,0.800,0.174,0.418,0.308,0.144,0.660,0.315,0.412,0.027,0.214,0.096,0.000,0.080,0.000,0.000,0.003,0.144,0.162,0.068,0.023,0.417,0.185,0.480,0.322,0.721,0.292,0.207,0.225,0.193,0.162,0.713,0.288,0.383,0.279,0.563,0.189,0.047,0.046,0.242,0.125,0.141,0.210
emergency-application-flood,Emergency Application Flood,Executives and litigants route controversial policies through urgent stay requests.,1.000,emergency-flood synthetic legislature,legislative-override-window,Time-limited legislative override window,5120,0.953,0.810,0.143,0.617,0.458,0.680,0.328,0.129,0.127,0.865,0.692,0.489,0.440,0.711,0.562,0.381,0.230,0.503,0.098,0.000,0.572,0.303,0.524,0.330,0.490,0.604,0.596,0.681,0.484,0.562,0.627,0.544,0.775,0.572,0.271,0.666,0.049,0.233,0.478,0.683,0.132,0.719,0.673,0.620,0.330,0.201,0.630,0.808,0.598,0.000,0.808,0.136,0.462,0.000,0.062,0.000,0.127,0.106,0.557,0.328,0.190,0.810,0.000,0.000,0.000,0.000,0.135,0.029,0.077,0.000,0.378,0.296,0.770,0.800,0.195,0.413,0.314,0.138,0.653,0.318,0.408,0.015,0.084,0.044,0.318,0.046,0.106,0.000,0.002,0.152,0.170,0.063,0.023,0.417,0.188,0.503,0.296,0.677,0.333,0.216,0.206,0.193,0.158,0.707,0.288,0.377,0.261,0.548,0.189,0.047,0.046,0.242,0.125,0.141,0.210
emergency-application-flood,Emergency Application Flood,Executives and litigants route controversial policies through urgent stay requests.,1.000,emergency-flood synthetic legislature,constitutional-remand,Constitutional remand before invalidation,5120,0.952,0.835,0.117,0.641,0.458,0.715,0.328,0.129,0.127,0.865,0.692,0.489,0.401,0.711,0.562,0.381,0.230,0.464,0.098,0.000,0.572,0.303,0.524,0.307,0.518,0.606,0.603,0.681,0.483,0.587,0.636,0.579,0.829,0.587,0.310,0.658,0.073,0.238,0.490,0.745,0.100,0.711,0.698,0.634,0.464,0.153,0.653,0.831,0.625,0.000,0.831,0.147,0.478,0.000,0.088,0.000,0.160,0.070,0.562,0.325,0.165,0.835,0.000,0.811,0.047,0.000,0.095,0.021,0.056,0.007,0.368,0.248,0.760,0.782,0.168,0.430,0.312,0.142,0.677,0.325,0.421,0.017,0.083,0.048,0.325,0.042,0.106,0.000,0.001,0.150,0.174,0.063,0.018,0.417,0.168,0.466,0.248,0.560,0.290,0.174,0.183,0.181,0.141,0.759,0.296,0.396,0.297,0.604,0.189,0.047,0.046,0.242,0.125,0.141,0.210
emergency-application-flood,Emergency Application Flood,Executives and litigants route controversial policies through urgent stay requests.,1.000,emergency-flood synthetic legislature,public-interest-litigation-filter,Public-interest litigation filter,5120,0.953,0.841,0.112,0.654,0.458,0.719,0.328,0.129,0.127,0.865,0.692,0.489,0.439,0.711,0.562,0.381,0.230,0.422,0.098,0.000,0.572,0.303,0.524,0.336,0.491,0.606,0.602,0.681,0.481,0.562,0.629,0.543,0.780,0.571,0.269,0.674,0.076,0.240,0.493,0.699,0.142,0.717,0.679,0.615,0.366,0.213,0.660,0.838,0.620,0.000,0.838,0.144,0.475,0.000,0.083,0.000,0.124,0.110,0.566,0.331,0.159,0.841,0.000,0.000,0.000,0.027,0.000,0.000,0.000,0.000,0.373,0.265,0.769,0.794,0.118,0.437,0.308,0.130,0.681,0.323,0.419,0.027,0.138,0.073,0.000,0.082,0.173,0.000,0.002,0.151,0.173,0.059,0.020,0.417,0.205,0.564,0.356,0.688,0.313,0.225,0.225,0.201,0.173,0.711,0.299,0.372,0.256,0.550,0.189,0.047,0.046,0.242,0.125,0.141,0.210
emergency-application-flood,Emergency Application Flood,Executives and litigants route controversial policies through urgent stay requests.,1.000,emergency-flood synthetic legislature,emergency-integrity-package,Emergency integrity package,5120,0.954,0.818,0.136,0.621,0.458,0.699,0.328,0.129,0.127,0.865,0.692,0.489,0.430,0.711,0.562,0.381,0.230,0.503,0.098,0.000,0.572,0.303,0.524,0.316,0.500,0.549,0.624,0.681,0.491,0.567,0.660,0.539,0.755,0.565,0.283,0.683,0.064,0.088,0.461,0.817,0.162,0.698,0.688,0.653,0.399,0.247,0.817,0.813,0.813,0.000,0.813,0.269,0.813,0.000,0.140,0.000,0.130,0.109,0.560,0.335,0.182,0.818,0.000,0.000,0.000,0.000,0.000,0.000,0.000,0.000,0.358,0.277,0.635,0.795,0.117,0.424,0.300,0.122,0.632,0.305,0.407,0.024,0.135,0.067,0.000,0.080,0.163,0.000,0.003,0.145,0.171,0.064,0.019,0.417,0.232,0.637,0.326,0.855,0.370,0.243,0.219,0.230,0.219,0.707,0.279,0.399,0.271,0.678,0.189,0.047,0.046,0.242,0.125,0.141,0.210
emergency-application-flood,Emergency Application Flood,Executives and litigants route controversial policies through urgent stay requests.,1.000,emergency-flood synthetic legislature,remand-override-window-package,Constitutional remand with override window,5120,0.956,0.840,0.116,0.645,0.458,0.724,0.328,0.129,0.127,0.865,0.692,0.489,0.405,0.711,0.562,0.381,0.230,0.464,0.098,0.000,0.572,0.303,0.524,0.334,0.518,0.582,0.603,0.681,0.475,0.586,0.638,0.581,0.843,0.588,0.301,0.653,0.069,0.177,0.504,0.753,0.099,0.720,0.698,0.632,0.508,0.145,0.646,0.836,0.576,0.000,0.836,0.243,0.332,0.000,0.086,0.000,0.161,0.071,0.564,0.324,0.160,0.840,0.000,0.818,0.041,0.000,0.089,0.019,0.053,0.000,0.373,0.253,0.796,0.779,0.166,0.429,0.317,0.146,0.680,0.323,0.411,0.018,0.082,0.050,0.323,0.045,0.117,0.000,0.002,0.154,0.176,0.062,0.022,0.417,0.156,0.423,0.253,0.541,0.272,0.137,0.183,0.170,0.151,0.775,0.319,0.388,0.287,0.610,0.189,0.047,0.046,0.242,0.125,0.141,0.210
emergency-application-flood,Emergency Application Flood,Executives and litigants route controversial policies through urgent stay requests.,1.000,emergency-flood synthetic legislature,panel-jurisdiction-safeguards,Random panels with jurisdiction safeguards,5120,0.951,0.810,0.141,0.622,0.458,0.673,0.328,0.129,0.127,0.865,0.692,0.489,0.441,0.711,0.562,0.381,0.230,0.423,0.098,0.000,0.572,0.303,0.524,0.326,0.515,0.594,0.777,0.681,0.480,0.573,0.616,0.559,0.817,0.570,0.277,0.644,0.107,0.215,0.491,0.730,0.104,0.711,0.659,0.618,0.381,0.153,0.556,0.806,0.497,0.000,0.806,0.251,0.246,0.309,0.491,0.000,0.175,0.071,0.524,0.282,0.609,0.391,0.000,0.000,0.000,0.000,0.095,0.000,0.000,0.000,0.366,0.269,0.823,0.788,0.159,0.411,0.297,0.132,0.663,0.333,0.408,0.026,0.218,0.093,0.000,0.070,0.000,0.000,0.002,0.141,0.169,0.073,0.021,0.417,0.142,0.381,0.245,0.546,0.214,0.126,0.138,0.164,0.151,0.749,0.315,0.377,0.283,0.596,0.189,0.047,0.046,0.242,0.125,0.141,0.210
emergency-application-flood,Emergency Application Flood,Executives and litigants route controversial policies through urgent stay requests.,1.000,emergency-flood synthetic legislature,council-concrete-hybrid,Constitutional council with concrete-review backstop,5120,0.953,0.821,0.132,0.626,0.458,0.704,0.328,0.129,0.127,0.865,0.692,0.489,0.433,0.711,0.562,0.381,0.230,0.493,0.098,0.000,0.572,0.303,0.524,0.306,0.544,0.604,0.706,0.681,0.478,0.583,0.632,0.573,0.818,0.582,0.309,0.655,0.063,0.230,0.480,0.794,0.104,0.713,0.693,0.641,0.458,0.154,0.658,0.820,0.611,0.000,0.820,0.122,0.488,0.000,0.366,0.000,0.174,0.109,0.581,0.329,0.601,0.399,0.000,0.757,0.000,0.000,0.100,0.019,0.068,0.006,0.370,0.258,0.760,0.783,0.181,0.424,0.307,0.134,0.663,0.331,0.400,0.015,0.081,0.047,0.331,0.043,0.096,0.000,0.003,0.154,0.167,0.067,0.019,0.417,0.150,0.437,0.193,0.565,0.167,0.099,0.106,0.181,0.127,0.749,0.288,0.394,0.298,0.659,0.189,0.047,0.046,0.242,0.125,0.141,0.210
override-evasion-loop,Override Evasion Loop,Legislatures repeatedly revise invalidated laws to test rights carveouts and override thresholds.,1.000,override-evasion synthetic legislature,current-us-like,Stylized current U.S.-like supreme court,5120,0.940,0.744,0.196,0.592,0.551,0.650,0.401,0.150,0.117,0.821,0.644,0.470,0.410,0.661,0.506,0.383,0.232,0.534,0.117,0.002,0.536,0.270,0.486,0.260,0.516,0.593,0.515,0.663,0.513,0.569,0.606,0.541,0.691,0.579,0.333,0.652,0.082,0.420,0.445,0.474,0.080,0.674,0.645,0.601,0.200,0.188,0.382,0.621,0.127,0.127,0.000,0.127,0.000,0.000,0.019,0.000,0.055,0.298,0.427,0.337,0.256,0.744,0.000,0.000,0.000,0.000,0.000,0.000,0.000,0.000,0.358,0.273,0.768,0.816,0.138,0.381,0.279,0.141,0.489,0.306,0.470,0.032,0.126,0.069,0.000,0.071,0.143,0.000,0.001,0.136,0.151,0.048,0.011,0.577,0.292,0.602,0.372,0.948,0.398,0.299,0.238,0.150,0.152,0.604,0.245,0.400,0.319,0.340,0.219,0.060,0.053,0.098,0.101,0.172,0.297
override-evasion-loop,Override Evasion Loop,Legislatures repeatedly revise invalidated laws to test rights carveouts and override thresholds.,1.000,override-evasion synthetic legislature,term-limited-balanced,18-year staggered terms + regular appointments,5120,0.944,0.729,0.214,0.589,0.551,0.639,0.401,0.150,0.117,0.821,0.644,0.470,0.401,0.661,0.506,0.383,0.232,0.494,0.117,0.002,0.536,0.270,0.486,0.260,0.529,0.427,0.524,0.663,0.520,0.568,0.689,0.525,0.636,0.570,0.349,0.637,0.078,0.139,0.330,0.664,0.136,0.637,0.663,0.669,0.248,0.300,0.600,0.569,0.459,0.000,0.569,0.111,0.348,0.000,0.059,0.000,0.111,0.107,0.412,0.262,0.271,0.729,0.000,0.000,0.000,0.000,0.000,0.000,0.000,0.000,0.325,0.333,0.552,0.816,0.147,0.367,0.280,0.142,0.434,0.299,0.452,0.033,0.129,0.068,0.000,0.073,0.134,0.000,0.001,0.136,0.149,0.047,0.016,0.577,0.271,0.533,0.438,0.744,0.343,0.283,0.312,0.195,0.226,0.602,0.147,0.425,0.334,0.545,0.219,0.060,0.053,0.098,0.101,0.172,0.297
override-evasion-loop,Override Evasion Loop,Legislatures repeatedly revise invalidated laws to test rights carveouts and override thresholds.,1.000,override-evasion synthetic legislature,nonpartisan-commission,Nonpartisan commission appointments,5120,0.938,0.738,0.201,0.593,0.551,0.644,0.401,0.150,0.117,0.821,0.644,0.470,0.399,0.661,0.506,0.383,0.232,0.494,0.117,0.001,0.536,0.270,0.486,0.246,0.530,0.427,0.529,0.663,0.519,0.571,0.693,0.530,0.649,0.572,0.350,0.638,0.058,0.143,0.338,0.677,0.132,0.638,0.666,0.673,0.276,0.292,0.609,0.586,0.468,0.000,0.586,0.110,0.358,0.000,0.079,0.000,0.106,0.102,0.422,0.261,0.262,0.738,0.000,0.000,0.000,0.000,0.000,0.000,0.000,0.000,0.316,0.318,0.552,0.771,0.149,0.384,0.273,0.141,0.438,0.310,0.358,0.037,0.117,0.067,0.000,0.068,0.150,0.000,0.001,0.133,0.145,0.048,0.014,0.577,0.267,0.532,0.418,0.738,0.343,0.273,0.296,0.194,0.221,0.614,0.150,0.427,0.334,0.566,0.219,0.060,0.053,0.098,0.101,0.172,0.297
override-evasion-loop,Override Evasion Loop,Legislatures repeatedly revise invalidated laws to test rights carveouts and override thresholds.,1.000,override-evasion synthetic legislature,expanded-court-fifteen,Expanded 15-seat court,5120,0.936,0.735,0.201,0.592,0.551,0.636,0.401,0.150,0.117,0.821,0.644,0.470,0.399,0.661,0.506,0.383,0.232,0.494,0.117,0.001,0.536,0.270,0.486,0.250,0.530,0.427,0.533,0.663,0.516,0.572,0.693,0.531,0.653,0.572,0.351,0.639,0.053,0.139,0.336,0.683,0.125,0.636,0.665,0.673,0.291,0.293,0.611,0.574,0.456,0.000,0.574,0.111,0.345,0.000,0.059,0.000,0.114,0.401,0.451,0.378,0.265,0.735,0.000,0.000,0.000,0.000,0.000,0.000,0.000,0.000,0.325,0.322,0.551,0.810,0.149,0.379,0.279,0.144,0.437,0.314,0.461,0.031,0.120,0.065,0.000,0.071,0.154,0.000,0.001,0.138,0.140,0.050,0.014,0.577,0.269,0.546,0.425,0.722,0.335,0.273,0.283,0.193,0.222,0.607,0.147,0.428,0.334,0.564,0.219,0.060,0.053,0.098,0.101,0.172,0.297
override-evasion-loop,Override Evasion Loop,Legislatures repeatedly revise invalidated laws to test rights carveouts and override thresholds.,1.000,override-evasion synthetic legislature,supermajority-review,60 percent invalidation threshold,5120,0.940,0.738,0.202,0.586,0.551,0.641,0.401,0.150,0.117,0.821,0.644,0.470,0.401,0.661,0.506,0.383,0.232,0.494,0.117,0.002,0.536,0.270,0.486,0.246,0.527,0.415,0.523,0.663,0.529,0.586,0.685,0.561,0.741,0.574,0.350,0.620,0.093,0.131,0.350,0.645,0.104,0.636,0.656,0.661,0.246,0.235,0.560,0.588,0.369,0.000,0.588,0.187,0.182,0.219,0.055,0.000,0.053,0.109,0.426,0.271,0.262,0.738,0.000,0.000,0.000,0.000,0.000,0.000,0.000,0.000,0.322,0.279,0.590,0.794,0.136,0.394,0.261,0.130,0.449,0.306,0.447,0.033,0.119,0.064,0.000,0.069,0.150,0.000,0.001,0.129,0.138,0.046,0.012,0.577,0.219,0.476,0.315,0.605,0.236,0.206,0.199,0.166,0.196,0.700,0.168,0.425,0.336,0.520,0.219,0.060,0.053,0.098,0.101,0.172,0.297
override-evasion-loop,Override Evasion Loop,Legislatures repeatedly revise invalidated laws to test rights carveouts and override thresholds.,1.000,override-evasion synthetic legislature,recusal-and-emergency-reform,Peer recusal + reasoned emergency docket,5120,0.934,0.732,0.202,0.590,0.551,0.637,0.401,0.150,0.117,0.821,0.644,0.470,0.400,0.661,0.506,0.383,0.232,0.494,0.117,0.003,0.536,0.270,0.486,0.254,0.530,0.427,0.532,0.663,0.516,0.571,0.688,0.528,0.643,0.572,0.351,0.636,0.089,0.141,0.335,0.674,0.126,0.636,0.663,0.668,0.282,0.293,0.608,0.581,0.465,0.000,0.581,0.112,0.353,0.000,0.097,0.000,0.111,0.105,0.426,0.264,0.268,0.732,0.000,0.000,0.000,0.000,0.000,0.000,0.000,0.000,0.324,0.328,0.554,0.808,0.150,0.374,0.284,0.150,0.440,0.299,0.445,0.031,0.125,0.077,0.000,0.075,0.144,0.000,0.001,0.138,0.145,0.045,0.012,0.577,0.266,0.550,0.432,0.718,0.346,0.282,0.231,0.193,0.222,0.609,0.149,0.428,0.334,0.553,0.219,0.060,0.053,0.098,0.101,0.172,0.297
override-evasion-loop,Override Evasion Loop,Legislatures repeatedly revise invalidated laws to test rights carveouts and override thresholds.,1.000,override-evasion synthetic legislature,panel-en-banc,Three-judge panels with en banc correction,5120,0.938,0.750,0.188,0.604,0.551,0.651,0.401,0.150,0.117,0.821,0.644,0.470,0.401,0.661,0.506,0.383,0.232,0.464,0.117,0.002,0.536,0.270,0.486,0.266,0.531,0.427,0.631,0.663,0.517,0.574,0.687,0.533,0.665,0.571,0.344,0.641,0.093,0.144,0.341,0.731,0.124,0.643,0.669,0.672,0.298,0.293,0.625,0.596,0.481,0.000,0.596,0.115,0.367,0.000,0.419,0.000,0.407,0.070,0.389,0.228,0.636,0.364,0.000,0.000,0.000,0.000,0.000,0.000,0.000,0.000,0.316,0.325,0.550,0.768,0.150,0.390,0.283,0.150,0.443,0.309,0.364,0.033,0.120,0.074,0.000,0.079,0.140,0.000,0.001,0.136,0.145,0.055,0.017,0.577,0.270,0.556,0.389,0.770,0.283,0.273,0.301,0.196,0.223,0.633,0.151,0.423,0.330,0.616,0.219,0.060,0.053,0.098,0.101,0.172,0.297
override-evasion-loop,Override Evasion Loop,Legislatures repeatedly revise invalidated laws to test rights carveouts and override thresholds.,1.000,override-evasion synthetic legislature,cross-checking-courts,Supreme court with cross-checking constitutional court,5120,0.940,0.749,0.191,0.601,0.551,0.645,0.401,0.150,0.117,0.821,0.644,0.470,0.381,0.661,0.506,0.383,0.232,0.494,0.117,0.001,0.536,0.270,0.486,0.261,0.547,0.415,0.546,0.663,0.502,0.590,0.688,0.562,0.762,0.584,0.323,0.588,0.041,0.133,0.355,0.684,0.076,0.671,0.644,0.665,0.381,0.173,0.569,0.600,0.372,0.000,0.600,0.187,0.185,0.228,0.150,0.000,0.136,0.105,0.443,0.270,0.251,0.749,0.223,0.000,0.000,0.000,0.000,0.000,0.000,0.000,0.315,0.256,0.598,0.766,0.134,0.393,0.275,0.139,0.456,0.307,0.369,0.033,0.123,0.067,0.000,0.069,0.153,0.000,0.002,0.124,0.155,0.047,0.011,0.577,0.156,0.317,0.273,0.408,0.169,0.155,0.161,0.158,0.152,0.720,0.171,0.429,0.311,0.571,0.219,0.060,0.053,0.098,0.101,0.172,0.297
override-evasion-loop,Override Evasion Loop,Legislatures repeatedly revise invalidated laws to test rights carveouts and override thresholds.,1.000,override-evasion synthetic legislature,dual-supreme-courts,Dual supreme courts with disagreement filter,5120,0.939,0.752,0.188,0.607,0.551,0.653,0.401,0.150,0.117,0.821,0.644,0.470,0.404,0.661,0.506,0.383,0.232,0.494,0.117,0.002,0.536,0.270,0.486,0.274,0.528,0.416,0.556,0.663,0.472,0.541,0.688,0.476,0.546,0.552,0.311,0.641,0.040,0.134,0.358,0.696,0.144,0.688,0.670,0.667,0.424,0.308,0.570,0.599,0.387,0.000,0.599,0.204,0.183,0.213,0.157,0.000,0.149,0.104,0.412,0.266,0.248,0.752,0.225,0.000,0.000,0.000,0.000,0.000,0.000,0.000,0.329,0.348,0.597,0.800,0.153,0.374,0.298,0.151,0.463,0.319,0.373,0.032,0.127,0.078,0.000,0.085,0.141,0.000,0.001,0.142,0.156,0.055,0.015,0.577,0.280,0.550,0.441,0.754,0.346,0.371,0.299,0.201,0.248,0.511,0.174,0.409,0.298,0.583,0.219,0.060,0.053,0.098,0.101,0.172,0.297
override-evasion-loop,Override Evasion Loop,Legislatures repeatedly revise invalidated laws to test rights carveouts and override thresholds.,1.000,override-evasion synthetic legislature,comparative-constitutional-senates,Comparative 16-seat constitutional senates,5120,0.940,0.742,0.197,0.588,0.551,0.636,0.401,0.150,0.117,0.821,0.644,0.470,0.402,0.661,0.506,0.383,0.232,0.524,0.117,0.003,0.536,0.270,0.486,0.253,0.527,0.415,0.682,0.663,0.517,0.592,0.679,0.572,0.767,0.581,0.348,0.612,0.051,0.132,0.349,0.718,0.089,0.636,0.653,0.671,0.331,0.205,0.557,0.582,0.361,0.000,0.582,0.190,0.171,0.221,0.421,0.000,0.165,0.107,0.426,0.263,0.653,0.347,0.000,0.000,0.000,0.000,0.000,0.000,0.000,0.000,0.316,0.265,0.590,0.752,0.141,0.393,0.270,0.148,0.451,0.309,0.364,0.037,0.117,0.076,0.000,0.063,0.145,0.000,0.001,0.133,0.144,0.045,0.012,0.577,0.196,0.444,0.273,0.570,0.161,0.135,0.165,0.157,0.177,0.726,0.169,0.425,0.334,0.606,0.219,0.060,0.053,0.098,0.101,0.172,0.297
override-evasion-loop,Override Evasion Loop,Legislatures repeatedly revise invalidated laws to test rights carveouts and override thresholds.,1.000,override-evasion synthetic legislature,constitutional-council,Pre-enactment constitutional council,5120,0.942,0.746,0.196,0.596,0.551,0.645,0.401,0.150,0.117,0.821,0.644,0.470,0.400,0.661,0.506,0.383,0.232,0.484,0.117,0.002,0.536,0.270,0.486,0.279,0.582,0.426,0.582,0.663,0.510,0.584,0.696,0.548,0.696,0.570,0.360,0.637,0.070,0.143,0.337,0.765,0.114,0.667,0.699,0.686,0.386,0.265,0.617,0.591,0.466,0.000,0.591,0.096,0.370,0.000,0.304,0.000,0.160,0.073,0.437,0.255,0.659,0.341,0.000,0.715,0.000,0.000,0.197,0.042,0.131,0.013,0.330,0.367,0.558,0.779,0.290,0.370,0.320,0.177,0.436,0.336,0.363,0.021,0.075,0.042,0.336,0.048,0.081,0.000,0.002,0.161,0.142,0.053,0.016,0.577,0.248,0.520,0.381,0.712,0.272,0.224,0.234,0.188,0.194,0.661,0.147,0.428,0.341,0.659,0.219,0.060,0.053,0.098,0.101,0.172,0.297
override-evasion-loop,Override Evasion Loop,Legislatures repeatedly revise invalidated laws to test rights carveouts and override thresholds.,1.000,override-evasion synthetic legislature,legislative-override,Judicial review with legislative supermajority override,5120,0.936,0.738,0.198,0.583,0.551,0.632,0.401,0.150,0.117,0.821,0.644,0.470,0.401,0.661,0.506,0.383,0.232,0.494,0.117,0.002,0.536,0.270,0.486,0.263,0.530,0.428,0.524,0.663,0.514,0.567,0.692,0.522,0.655,0.563,0.329,0.643,0.036,0.145,0.338,0.673,0.126,0.670,0.671,0.672,0.284,0.290,0.604,0.585,0.464,0.000,0.585,0.117,0.348,0.000,0.059,0.000,0.105,0.110,0.425,0.264,0.262,0.738,0.000,0.000,0.000,0.000,0.223,0.044,0.138,0.015,0.333,0.383,0.560,0.788,0.306,0.368,0.307,0.174,0.447,0.340,0.370,0.017,0.068,0.046,0.340,0.040,0.072,0.000,0.001,0.148,0.144,0.061,0.018,0.577,0.269,0.544,0.420,0.693,0.343,0.348,0.269,0.193,0.214,0.619,0.151,0.420,0.314,0.571,0.219,0.060,0.053,0.098,0.101,0.172,0.297
override-evasion-loop,Override Evasion Loop,Legislatures repeatedly revise invalidated laws to test rights carveouts and override thresholds.,1.000,override-evasion synthetic legislature,accountability-retention-court,Retention-election accountability court,5120,0.942,0.757,0.185,0.612,0.551,0.658,0.401,0.150,0.117,0.821,0.644,0.470,0.400,0.661,0.506,0.383,0.232,0.494,0.117,0.002,0.536,0.270,0.486,0.264,0.532,0.427,0.526,0.663,0.517,0.568,0.694,0.533,0.679,0.575,0.329,0.616,0.062,0.143,0.344,0.685,0.124,0.671,0.696,0.670,0.281,0.284,0.635,0.599,0.469,0.000,0.599,0.096,0.372,0.000,0.066,0.000,0.212,0.298,0.454,0.347,0.243,0.757,0.000,0.000,0.000,0.000,0.216,0.134,0.000,0.046,0.317,0.323,0.548,0.780,0.160,0.395,0.285,0.146,0.446,0.326,0.370,0.018,0.068,0.039,0.326,0.044,0.084,0.000,0.001,0.134,0.154,0.049,0.015,0.577,0.268,0.573,0.406,0.738,0.291,0.264,0.231,0.195,0.193,0.636,0.149,0.421,0.315,0.577,0.219,0.060,0.053,0.098,0.101,0.172,0.297
override-evasion-loop,Override Evasion Loop,Legislatures repeatedly revise invalidated laws to test rights carveouts and override thresholds.,1.000,override-evasion synthetic legislature,emergency-restraint-court,No emergency relief without merits review,5120,0.939,0.766,0.173,0.615,0.551,0.667,0.401,0.150,0.117,0.821,0.644,0.470,0.395,0.661,0.506,0.383,0.232,0.495,0.117,0.002,0.536,0.270,0.486,0.262,0.538,0.358,0.542,0.663,0.523,0.570,0.719,0.514,0.621,0.561,0.343,0.663,0.065,0.035,0.326,0.767,0.148,0.645,0.685,0.696,0.303,0.336,0.737,0.594,0.594,0.000,0.594,0.000,0.594,0.000,0.130,0.000,0.115,0.106,0.405,0.267,0.234,0.766,0.000,0.000,0.000,0.000,0.000,0.000,0.000,0.000,0.310,0.337,0.483,0.776,0.150,0.391,0.284,0.146,0.438,0.318,0.377,0.033,0.129,0.066,0.000,0.076,0.154,0.000,0.001,0.137,0.160,0.053,0.015,0.577,0.313,0.666,0.415,0.935,0.382,0.290,0.283,0.226,0.232,0.603,0.124,0.431,0.327,0.655,0.219,0.060,0.053,0.098,0.101,0.172,0.297
override-evasion-loop,Override Evasion Loop,Legislatures repeatedly revise invalidated laws to test rights carveouts and override thresholds.,1.000,override-evasion synthetic legislature,randomized-merits-panels,Randomized merits panels with en banc correction,5120,0.940,0.754,0.186,0.604,0.551,0.657,0.401,0.150,0.117,0.821,0.644,0.470,0.400,0.661,0.506,0.383,0.232,0.464,0.117,0.003,0.536,0.270,0.486,0.259,0.531,0.427,0.665,0.663,0.516,0.575,0.686,0.534,0.670,0.572,0.344,0.639,0.088,0.143,0.338,0.737,0.124,0.643,0.669,0.673,0.305,0.290,0.623,0.589,0.476,0.000,0.589,0.119,0.358,0.000,0.457,0.000,0.145,0.068,0.395,0.229,0.653,0.347,0.000,0.000,0.000,0.000,0.000,0.000,0.000,0.000,0.315,0.312,0.545,0.769,0.144,0.398,0.279,0.135,0.440,0.313,0.366,0.034,0.126,0.069,0.000,0.069,0.155,0.000,0.001,0.144,0.137,0.048,0.013,0.577,0.265,0.537,0.436,0.709,0.315,0.269,0.281,0.195,0.221,0.638,0.151,0.423,0.328,0.621,0.219,0.060,0.053,0.098,0.101,0.172,0.297
override-evasion-loop,Override Evasion Loop,Legislatures repeatedly revise invalidated laws to test rights carveouts and override thresholds.,1.000,override-evasion synthetic legislature,mandatory-written-emergency-reasoning,Mandatory written emergency reasoning,5120,0.943,0.736,0.206,0.586,0.551,0.643,0.401,0.150,0.117,0.821,0.644,0.470,0.400,0.661,0.506,0.383,0.232,0.494,0.117,0.002,0.536,0.270,0.486,0.248,0.529,0.402,0.523,0.663,0.517,0.574,0.693,0.537,0.669,0.573,0.349,0.631,0.082,0.099,0.345,0.668,0.128,0.641,0.662,0.669,0.296,0.285,0.598,0.583,0.430,0.000,0.583,0.187,0.243,0.000,0.057,0.000,0.115,0.104,0.421,0.267,0.264,0.736,0.000,0.000,0.000,0.000,0.000,0.000,0.000,0.000,0.325,0.314,0.576,0.809,0.152,0.389,0.270,0.146,0.443,0.317,0.453,0.030,0.114,0.071,0.000,0.075,0.144,0.000,0.001,0.129,0.140,0.053,0.016,0.577,0.256,0.509,0.411,0.696,0.327,0.250,0.290,0.185,0.229,0.635,0.166,0.426,0.335,0.546,0.219,0.060,0.053,0.098,0.101,0.172,0.297
override-evasion-loop,Override Evasion Loop,Legislatures repeatedly revise invalidated laws to test rights carveouts and override thresholds.,1.000,override-evasion synthetic legislature,automatic-merits-follow-up,Automatic merits follow-up for emergency relief,5120,0.937,0.737,0.200,0.585,0.551,0.637,0.401,0.150,0.117,0.821,0.644,0.470,0.396,0.661,0.506,0.383,0.232,0.494,0.117,0.002,0.536,0.270,0.486,0.252,0.535,0.376,0.523,0.663,0.514,0.559,0.712,0.496,0.561,0.556,0.351,0.662,0.093,0.044,0.313,0.723,0.162,0.637,0.677,0.690,0.316,0.362,0.702,0.568,0.568,0.000,0.568,0.204,0.568,0.000,0.057,0.000,0.112,0.104,0.399,0.262,0.263,0.737,0.000,0.000,0.000,0.000,0.000,0.000,0.000,0.000,0.318,0.363,0.479,0.822,0.161,0.379,0.279,0.151,0.405,0.320,0.457,0.033,0.119,0.067,0.000,0.072,0.149,0.000,0.002,0.133,0.150,0.051,0.014,0.577,0.329,0.652,0.517,0.948,0.500,0.339,0.301,0.228,0.285,0.544,0.126,0.433,0.335,0.604,0.219,0.060,0.053,0.098,0.101,0.172,0.297
override-evasion-loop,Override Evasion Loop,Legislatures repeatedly revise invalidated laws to test rights carveouts and override thresholds.,1.000,override-evasion synthetic legislature,strong-recusal-enforcement,Independent recusal enforcement with substitutes,5120,0.932,0.745,0.187,0.595,0.551,0.633,0.401,0.150,0.117,0.821,0.644,0.470,0.400,0.661,0.506,0.383,0.232,0.494,0.117,0.002,0.536,0.270,0.486,0.258,0.530,0.427,0.549,0.663,0.514,0.569,0.692,0.527,0.648,0.570,0.345,0.639,0.056,0.145,0.342,0.701,0.133,0.643,0.668,0.673,0.303,0.300,0.612,0.590,0.472,0.000,0.590,0.113,0.360,0.000,0.136,0.000,0.115,0.104,0.428,0.268,0.255,0.745,0.000,0.000,0.000,0.000,0.000,0.000,0.000,0.000,0.317,0.322,0.553,0.774,0.145,0.386,0.275,0.134,0.444,0.315,0.367,0.035,0.124,0.065,0.000,0.075,0.139,0.000,0.001,0.139,0.134,0.055,0.015,0.577,0.271,0.538,0.440,0.731,0.343,0.298,0.290,0.197,0.226,0.613,0.151,0.423,0.331,0.590,0.219,0.060,0.053,0.098,0.101,0.172,0.297
override-evasion-loop,Override Evasion Loop,Legislatures repeatedly revise invalidated laws to test rights carveouts and override thresholds.,1.000,override-evasion synthetic legislature,jurisdiction-stripping-constraints,Jurisdiction stripping constrained by rights carveouts,5120,0.938,0.744,0.194,0.594,0.551,0.639,0.401,0.150,0.117,0.821,0.644,0.470,0.401,0.661,0.506,0.383,0.232,0.444,0.117,0.001,0.536,0.270,0.486,0.281,0.560,0.428,0.524,0.663,0.517,0.570,0.697,0.521,0.646,0.569,0.330,0.638,0.037,0.141,0.337,0.680,0.131,0.661,0.677,0.676,0.277,0.295,0.616,0.585,0.466,0.000,0.585,0.104,0.362,0.000,0.059,0.000,0.111,0.104,0.423,0.266,0.256,0.744,0.000,0.000,0.000,0.000,0.226,0.000,0.000,0.000,0.325,0.408,0.563,0.788,0.261,0.361,0.306,0.171,0.454,0.334,0.372,0.034,0.208,0.095,0.000,0.082,0.000,0.000,0.001,0.148,0.159,0.060,0.018,0.577,0.270,0.558,0.395,0.780,0.327,0.302,0.244,0.196,0.222,0.611,0.148,0.422,0.323,0.585,0.219,0.060,0.053,0.098,0.101,0.172,0.297
override-evasion-loop,Override Evasion Loop,Legislatures repeatedly revise invalidated laws to test rights carveouts and override thresholds.,1.000,override-evasion synthetic legislature,legislative-override-window,Time-limited legislative override window,5120,0.938,0.743,0.195,0.604,0.551,0.642,0.401,0.150,0.117,0.821,0.644,0.470,0.402,0.661,0.506,0.383,0.232,0.494,0.117,0.002,0.536,0.270,0.486,0.274,0.532,0.427,0.524,0.663,0.513,0.566,0.693,0.519,0.649,0.563,0.327,0.650,0.037,0.140,0.334,0.680,0.131,0.674,0.674,0.673,0.285,0.298,0.618,0.580,0.469,0.000,0.580,0.113,0.356,0.000,0.060,0.000,0.114,0.107,0.419,0.263,0.257,0.743,0.000,0.000,0.000,0.000,0.233,0.050,0.154,0.000,0.334,0.392,0.549,0.791,0.314,0.364,0.319,0.185,0.434,0.330,0.372,0.018,0.075,0.046,0.330,0.039,0.083,0.000,0.002,0.153,0.149,0.055,0.017,0.577,0.277,0.562,0.451,0.718,0.350,0.299,0.285,0.196,0.218,0.614,0.149,0.419,0.308,0.577,0.219,0.060,0.053,0.098,0.101,0.172,0.297
override-evasion-loop,Override Evasion Loop,Legislatures repeatedly revise invalidated laws to test rights carveouts and override thresholds.,1.000,override-evasion synthetic legislature,constitutional-remand,Constitutional remand before invalidation,5120,0.940,0.777,0.163,0.632,0.551,0.675,0.401,0.150,0.117,0.821,0.644,0.470,0.363,0.661,0.506,0.383,0.232,0.455,0.117,0.001,0.536,0.270,0.486,0.262,0.560,0.427,0.530,0.663,0.522,0.602,0.703,0.576,0.764,0.585,0.365,0.638,0.061,0.144,0.346,0.742,0.103,0.661,0.706,0.687,0.412,0.232,0.652,0.602,0.480,0.000,0.602,0.106,0.373,0.000,0.081,0.000,0.152,0.069,0.448,0.272,0.223,0.777,0.000,0.766,0.068,0.000,0.175,0.038,0.115,0.012,0.319,0.317,0.544,0.757,0.258,0.393,0.310,0.166,0.446,0.348,0.371,0.019,0.075,0.046,0.348,0.042,0.084,0.000,0.001,0.150,0.157,0.049,0.013,0.577,0.250,0.524,0.372,0.696,0.306,0.244,0.233,0.181,0.191,0.726,0.152,0.440,0.346,0.634,0.219,0.060,0.053,0.098,0.101,0.172,0.297
override-evasion-loop,Override Evasion Loop,Legislatures repeatedly revise invalidated laws to test rights carveouts and override thresholds.,1.000,override-evasion synthetic legislature,public-interest-litigation-filter,Public-interest litigation filter,5120,0.937,0.793,0.143,0.646,0.551,0.704,0.401,0.150,0.117,0.821,0.644,0.470,0.400,0.661,0.506,0.383,0.232,0.414,0.117,0.002,0.536,0.270,0.486,0.277,0.533,0.429,0.531,0.663,0.512,0.568,0.696,0.523,0.660,0.565,0.329,0.653,0.061,0.152,0.360,0.702,0.134,0.663,0.682,0.669,0.324,0.309,0.659,0.629,0.498,0.000,0.629,0.115,0.383,0.000,0.083,0.000,0.122,0.110,0.436,0.281,0.207,0.793,0.000,0.000,0.000,0.022,0.000,0.000,0.000,0.000,0.321,0.321,0.551,0.770,0.153,0.407,0.298,0.161,0.467,0.341,0.384,0.030,0.128,0.076,0.000,0.082,0.154,0.000,0.001,0.136,0.162,0.055,0.014,0.577,0.293,0.605,0.438,0.725,0.382,0.343,0.314,0.207,0.234,0.623,0.158,0.413,0.314,0.584,0.219,0.060,0.053,0.098,0.101,0.172,0.297
override-evasion-loop,Override Evasion Loop,Legislatures repeatedly revise invalidated laws to test rights carveouts and override thresholds.,1.000,override-evasion synthetic legislature,emergency-integrity-package,Emergency integrity package,5120,0.940,0.750,0.189,0.612,0.551,0.648,0.401,0.150,0.117,0.821,0.644,0.470,0.394,0.661,0.506,0.383,0.232,0.494,0.117,0.003,0.536,0.270,0.486,0.248,0.537,0.378,0.548,0.663,0.517,0.571,0.717,0.518,0.624,0.564,0.349,0.656,0.057,0.046,0.321,0.767,0.146,0.639,0.678,0.697,0.346,0.327,0.726,0.583,0.583,0.000,0.583,0.205,0.583,0.000,0.129,0.000,0.110,0.106,0.420,0.268,0.250,0.750,0.000,0.000,0.000,0.000,0.000,0.000,0.000,0.000,0.311,0.336,0.491,0.773,0.152,0.382,0.285,0.147,0.439,0.321,0.367,0.035,0.128,0.071,0.000,0.065,0.154,0.000,0.001,0.133,0.154,0.055,0.017,0.577,0.305,0.642,0.409,0.916,0.413,0.324,0.240,0.220,0.263,0.603,0.131,0.437,0.332,0.657,0.219,0.060,0.053,0.098,0.101,0.172,0.297
override-evasion-loop,Override Evasion Loop,Legislatures repeatedly revise invalidated laws to test rights carveouts and override thresholds.,1.000,override-evasion synthetic legislature,remand-override-window-package,Constitutional remand with override window,5120,0.940,0.773,0.167,0.624,0.551,0.671,0.401,0.150,0.117,0.821,0.644,0.470,0.365,0.661,0.506,0.383,0.232,0.455,0.117,0.002,0.536,0.270,0.486,0.276,0.560,0.403,0.530,0.663,0.519,0.607,0.704,0.588,0.793,0.592,0.363,0.630,0.056,0.101,0.363,0.745,0.092,0.659,0.698,0.685,0.452,0.208,0.641,0.618,0.457,0.000,0.618,0.188,0.268,0.000,0.082,0.000,0.140,0.071,0.451,0.272,0.227,0.773,0.000,0.762,0.072,0.000,0.153,0.028,0.102,0.000,0.322,0.309,0.580,0.750,0.253,0.391,0.311,0.178,0.464,0.348,0.363,0.020,0.069,0.046,0.348,0.037,0.080,0.000,0.001,0.146,0.148,0.049,0.016,0.577,0.232,0.482,0.362,0.594,0.316,0.214,0.235,0.166,0.192,0.755,0.173,0.438,0.347,0.636,0.219,0.060,0.053,0.098,0.101,0.172,0.297
override-evasion-loop,Override Evasion Loop,Legislatures repeatedly revise invalidated laws to test rights carveouts and override thresholds.,1.000,override-evasion synthetic legislature,panel-jurisdiction-safeguards,Random panels with jurisdiction safeguards,5120,0.944,0.759,0.186,0.613,0.551,0.668,0.401,0.150,0.117,0.821,0.644,0.470,0.403,0.661,0.506,0.383,0.232,0.414,0.117,0.001,0.536,0.270,0.486,0.279,0.558,0.416,0.703,0.663,0.511,0.579,0.682,0.541,0.713,0.565,0.327,0.625,0.086,0.135,0.358,0.735,0.115,0.666,0.672,0.670,0.337,0.259,0.577,0.604,0.383,0.000,0.604,0.197,0.185,0.221,0.496,0.000,0.158,0.070,0.407,0.232,0.643,0.357,0.000,0.000,0.000,0.000,0.201,0.000,0.000,0.000,0.323,0.367,0.594,0.780,0.243,0.384,0.305,0.169,0.459,0.341,0.384,0.039,0.206,0.096,0.000,0.073,0.000,0.000,0.000,0.148,0.147,0.060,0.018,0.577,0.236,0.489,0.363,0.595,0.280,0.286,0.240,0.176,0.214,0.677,0.174,0.417,0.323,0.629,0.219,0.060,0.053,0.098,0.101,0.172,0.297
override-evasion-loop,Override Evasion Loop,Legislatures repeatedly revise invalidated laws to test rights carveouts and override thresholds.,1.000,override-evasion synthetic legislature,council-concrete-hybrid,Constitutional council with concrete-review backstop,5120,0.942,0.749,0.194,0.601,0.551,0.655,0.401,0.150,0.117,0.821,0.644,0.470,0.398,0.661,0.506,0.383,0.232,0.484,0.117,0.002,0.536,0.270,0.486,0.266,0.583,0.428,0.630,0.663,0.511,0.593,0.695,0.563,0.729,0.578,0.365,0.632,0.050,0.143,0.342,0.775,0.101,0.661,0.694,0.689,0.404,0.234,0.623,0.597,0.477,0.000,0.597,0.099,0.377,0.000,0.381,0.000,0.165,0.104,0.458,0.273,0.660,0.340,0.000,0.717,0.000,0.000,0.176,0.028,0.132,0.006,0.330,0.336,0.564,0.774,0.285,0.375,0.303,0.176,0.460,0.349,0.376,0.016,0.063,0.045,0.349,0.042,0.087,0.000,0.001,0.147,0.148,0.050,0.015,0.577,0.223,0.504,0.316,0.631,0.244,0.152,0.163,0.179,0.177,0.691,0.149,0.433,0.346,0.669,0.219,0.060,0.053,0.098,0.101,0.172,0.297
recusal-pressure-campaign,Recusal Pressure Campaign,High-salience litigants try to force or avoid recusals around ideologically charged cases.,0.850,recusal-pressure synthetic legislature,current-us-like,Stylized current U.S.-like supreme court,5120,0.938,0.746,0.192,0.593,0.544,0.644,0.393,0.150,0.110,0.836,0.652,0.502,0.431,0.668,0.523,0.368,0.211,0.541,0.112,0.001,0.542,0.272,0.502,0.280,0.490,0.617,0.546,0.667,0.504,0.569,0.590,0.552,0.720,0.599,0.316,0.669,0.095,0.445,0.466,0.475,0.071,0.670,0.636,0.587,0.203,0.161,0.379,0.661,0.113,0.113,0.000,0.113,0.000,0.000,0.026,0.000,0.053,0.295,0.494,0.360,0.254,0.746,0.000,0.000,0.000,0.000,0.000,0.000,0.000,0.000,0.367,0.242,0.837,0.827,0.113,0.395,0.260,0.112,0.537,0.279,0.473,0.022,0.126,0.055,0.000,0.064,0.153,0.000,0.003,0.124,0.149,0.060,0.018,0.484,0.251,0.572,0.418,0.914,0.371,0.284,0.197,0.140,0.130,0.625,0.261,0.392,0.305,0.333,0.227,0.059,0.056,0.106,0.110,0.171,0.271
recusal-pressure-campaign,Recusal Pressure Campaign,High-salience litigants try to force or avoid recusals around ideologically charged cases.,0.850,recusal-pressure synthetic legislature,term-limited-balanced,18-year staggered terms + regular appointments,5120,0.944,0.737,0.207,0.589,0.544,0.628,0.393,0.150,0.110,0.836,0.652,0.502,0.419,0.668,0.523,0.368,0.211,0.501,0.112,0.001,0.542,0.272,0.502,0.260,0.504,0.448,0.556,0.667,0.518,0.576,0.677,0.545,0.686,0.591,0.337,0.656,0.105,0.157,0.351,0.672,0.112,0.630,0.662,0.658,0.254,0.264,0.611,0.620,0.484,0.000,0.620,0.107,0.377,0.000,0.072,0.000,0.109,0.105,0.473,0.288,0.263,0.737,0.000,0.000,0.000,0.000,0.000,0.000,0.000,0.000,0.328,0.282,0.606,0.818,0.121,0.391,0.256,0.112,0.467,0.276,0.451,0.028,0.124,0.057,0.000,0.057,0.157,0.000,0.003,0.123,0.147,0.058,0.020,0.484,0.234,0.545,0.361,0.724,0.360,0.324,0.263,0.185,0.200,0.644,0.165,0.423,0.324,0.545,0.227,0.059,0.056,0.106,0.110,0.171,0.271
recusal-pressure-campaign,Recusal Pressure Campaign,High-salience litigants try to force or avoid recusals around ideologically charged cases.,0.850,recusal-pressure synthetic legislature,nonpartisan-commission,Nonpartisan commission appointments,5120,0.944,0.764,0.180,0.608,0.544,0.654,0.393,0.150,0.110,0.836,0.652,0.502,0.418,0.668,0.523,0.368,0.211,0.501,0.112,0.002,0.542,0.272,0.502,0.264,0.505,0.450,0.563,0.667,0.515,0.579,0.681,0.549,0.710,0.591,0.329,0.661,0.067,0.161,0.360,0.698,0.113,0.642,0.668,0.663,0.286,0.258,0.635,0.639,0.495,0.000,0.639,0.109,0.386,0.000,0.098,0.000,0.116,0.106,0.484,0.285,0.236,0.764,0.000,0.000,0.000,0.000,0.000,0.000,0.000,0.000,0.323,0.271,0.614,0.780,0.117,0.409,0.265,0.113,0.501,0.282,0.371,0.032,0.133,0.053,0.000,0.061,0.146,0.000,0.003,0.126,0.157,0.052,0.015,0.484,0.231,0.536,0.392,0.740,0.354,0.270,0.235,0.187,0.197,0.667,0.169,0.419,0.318,0.581,0.227,0.059,0.056,0.106,0.110,0.171,0.271
recusal-pressure-campaign,Recusal Pressure Campaign,High-salience litigants try to force or avoid recusals around ideologically charged cases.,0.850,recusal-pressure synthetic legislature,expanded-court-fifteen,Expanded 15-seat court,5120,0.945,0.738,0.207,0.588,0.544,0.639,0.393,0.150,0.110,0.836,0.652,0.502,0.418,0.668,0.523,0.368,0.211,0.501,0.112,0.002,0.542,0.272,0.502,0.258,0.503,0.448,0.567,0.667,0.516,0.583,0.680,0.560,0.726,0.595,0.338,0.655,0.075,0.157,0.357,0.691,0.102,0.629,0.659,0.662,0.295,0.244,0.609,0.618,0.476,0.000,0.618,0.104,0.371,0.000,0.072,0.000,0.113,0.398,0.519,0.404,0.262,0.738,0.000,0.000,0.000,0.000,0.000,0.000,0.000,0.000,0.326,0.271,0.609,0.814,0.116,0.389,0.259,0.108,0.473,0.270,0.454,0.030,0.128,0.053,0.000,0.059,0.153,0.000,0.003,0.131,0.145,0.052,0.014,0.484,0.224,0.520,0.364,0.701,0.365,0.252,0.256,0.179,0.187,0.672,0.164,0.424,0.324,0.566,0.227,0.059,0.056,0.106,0.110,0.171,0.271
recusal-pressure-campaign,Recusal Pressure Campaign,High-salience litigants try to force or avoid recusals around ideologically charged cases.,0.850,recusal-pressure synthetic legislature,supermajority-review,60 percent invalidation threshold,5120,0.947,0.748,0.198,0.602,0.544,0.645,0.393,0.150,0.110,0.836,0.652,0.502,0.422,0.668,0.523,0.368,0.211,0.501,0.112,0.002,0.542,0.272,0.502,0.270,0.501,0.437,0.555,0.667,0.524,0.592,0.670,0.578,0.789,0.595,0.331,0.639,0.112,0.145,0.368,0.654,0.083,0.635,0.648,0.648,0.252,0.192,0.565,0.629,0.385,0.000,0.629,0.181,0.204,0.244,0.067,0.000,0.054,0.104,0.488,0.291,0.252,0.748,0.000,0.000,0.000,0.000,0.000,0.000,0.000,0.000,0.332,0.245,0.659,0.809,0.115,0.396,0.259,0.112,0.490,0.283,0.464,0.029,0.127,0.056,0.000,0.055,0.157,0.000,0.002,0.126,0.153,0.054,0.015,0.484,0.178,0.429,0.278,0.556,0.219,0.149,0.208,0.154,0.165,0.742,0.186,0.418,0.318,0.521,0.227,0.059,0.056,0.106,0.110,0.171,0.271
recusal-pressure-campaign,Recusal Pressure Campaign,High-salience litigants try to force or avoid recusals around ideologically charged cases.,0.850,recusal-pressure synthetic legislature,recusal-and-emergency-reform,Peer recusal + reasoned emergency docket,5120,0.940,0.740,0.200,0.595,0.544,0.643,0.393,0.150,0.110,0.836,0.652,0.502,0.419,0.668,0.523,0.368,0.211,0.501,0.112,0.003,0.542,0.272,0.502,0.264,0.504,0.449,0.567,0.667,0.517,0.583,0.675,0.560,0.726,0.596,0.335,0.652,0.117,0.157,0.354,0.684,0.107,0.630,0.658,0.656,0.288,0.239,0.615,0.626,0.488,0.000,0.626,0.107,0.380,0.000,0.119,0.000,0.110,0.106,0.488,0.287,0.260,0.740,0.000,0.000,0.000,0.000,0.000,0.000,0.000,0.000,0.326,0.263,0.617,0.814,0.114,0.405,0.248,0.105,0.485,0.268,0.446,0.030,0.121,0.055,0.000,0.059,0.146,0.000,0.003,0.120,0.143,0.058,0.015,0.484,0.218,0.514,0.333,0.701,0.365,0.223,0.218,0.179,0.184,0.683,0.166,0.424,0.325,0.556,0.227,0.059,0.056,0.106,0.110,0.171,0.271
recusal-pressure-campaign,Recusal Pressure Campaign,High-salience litigants try to force or avoid recusals around ideologically charged cases.,0.850,recusal-pressure synthetic legislature,panel-en-banc,Three-judge panels with en banc correction,5120,0.936,0.751,0.185,0.608,0.544,0.644,0.393,0.150,0.110,0.836,0.652,0.502,0.419,0.668,0.523,0.368,0.211,0.471,0.112,0.002,0.542,0.272,0.502,0.262,0.504,0.449,0.665,0.667,0.515,0.583,0.675,0.556,0.721,0.595,0.333,0.653,0.116,0.159,0.351,0.735,0.103,0.634,0.662,0.662,0.300,0.247,0.620,0.625,0.482,0.000,0.625,0.110,0.372,0.000,0.436,0.000,0.407,0.071,0.445,0.243,0.644,0.356,0.000,0.000,0.000,0.000,0.000,0.000,0.000,0.000,0.318,0.266,0.613,0.772,0.116,0.404,0.261,0.110,0.482,0.279,0.362,0.025,0.131,0.057,0.000,0.055,0.154,0.000,0.002,0.133,0.141,0.055,0.016,0.484,0.222,0.511,0.346,0.727,0.326,0.284,0.260,0.181,0.189,0.683,0.167,0.422,0.321,0.613,0.227,0.059,0.056,0.106,0.110,0.171,0.271
recusal-pressure-campaign,Recusal Pressure Campaign,High-salience litigants try to force or avoid recusals around ideologically charged cases.,0.850,recusal-pressure synthetic legislature,cross-checking-courts,Supreme court with cross-checking constitutional court,5120,0.940,0.758,0.182,0.604,0.544,0.656,0.393,0.150,0.110,0.836,0.652,0.502,0.401,0.668,0.523,0.368,0.211,0.501,0.112,0.002,0.542,0.272,0.502,0.275,0.521,0.438,0.584,0.667,0.494,0.591,0.675,0.569,0.786,0.601,0.303,0.613,0.061,0.148,0.371,0.698,0.058,0.676,0.633,0.654,0.390,0.143,0.570,0.640,0.392,0.000,0.640,0.184,0.208,0.249,0.186,0.000,0.141,0.102,0.488,0.281,0.242,0.758,0.250,0.000,0.000,0.000,0.000,0.000,0.000,0.000,0.322,0.227,0.665,0.779,0.110,0.415,0.260,0.113,0.503,0.270,0.366,0.027,0.125,0.056,0.000,0.065,0.149,0.000,0.002,0.126,0.139,0.056,0.015,0.484,0.129,0.303,0.231,0.362,0.213,0.171,0.138,0.152,0.131,0.738,0.189,0.422,0.295,0.580,0.227,0.059,0.056,0.106,0.110,0.171,0.271
recusal-pressure-campaign,Recusal Pressure Campaign,High-salience litigants try to force or avoid recusals around ideologically charged cases.,0.850,recusal-pressure synthetic legislature,dual-supreme-courts,Dual supreme courts with disagreement filter,5120,0.941,0.757,0.185,0.599,0.544,0.662,0.393,0.150,0.110,0.836,0.652,0.502,0.423,0.668,0.523,0.368,0.211,0.501,0.112,0.002,0.542,0.272,0.502,0.282,0.501,0.438,0.594,0.667,0.473,0.557,0.675,0.510,0.639,0.576,0.296,0.657,0.058,0.150,0.377,0.707,0.107,0.684,0.663,0.656,0.432,0.247,0.567,0.645,0.389,0.000,0.645,0.192,0.197,0.256,0.188,0.000,0.143,0.103,0.494,0.289,0.243,0.757,0.243,0.000,0.000,0.000,0.000,0.000,0.000,0.000,0.331,0.283,0.666,0.804,0.116,0.412,0.261,0.112,0.496,0.275,0.379,0.029,0.132,0.056,0.000,0.060,0.153,0.000,0.003,0.127,0.152,0.062,0.022,0.484,0.224,0.513,0.346,0.750,0.354,0.250,0.253,0.184,0.204,0.594,0.192,0.406,0.289,0.587,0.227,0.059,0.056,0.106,0.110,0.171,0.271
recusal-pressure-campaign,Recusal Pressure Campaign,High-salience litigants try to force or avoid recusals around ideologically charged cases.,0.850,recusal-pressure synthetic legislature,comparative-constitutional-senates,Comparative 16-seat constitutional senates,5120,0.936,0.733,0.203,0.589,0.544,0.627,0.393,0.150,0.110,0.836,0.652,0.502,0.420,0.668,0.523,0.368,0.211,0.531,0.112,0.002,0.542,0.272,0.502,0.253,0.500,0.437,0.712,0.667,0.514,0.597,0.668,0.587,0.800,0.600,0.339,0.630,0.068,0.144,0.365,0.724,0.071,0.627,0.640,0.661,0.333,0.168,0.557,0.627,0.374,0.000,0.627,0.176,0.197,0.253,0.436,0.000,0.154,0.106,0.503,0.273,0.659,0.341,0.000,0.000,0.000,0.000,0.000,0.000,0.000,0.000,0.319,0.222,0.671,0.760,0.110,0.406,0.239,0.103,0.494,0.277,0.352,0.028,0.123,0.052,0.000,0.056,0.146,0.000,0.002,0.115,0.144,0.051,0.013,0.484,0.160,0.399,0.208,0.572,0.152,0.104,0.142,0.145,0.148,0.754,0.185,0.426,0.330,0.607,0.227,0.059,0.056,0.106,0.110,0.171,0.271
recusal-pressure-campaign,Recusal Pressure Campaign,High-salience litigants try to force or avoid recusals around ideologically charged cases.,0.850,recusal-pressure synthetic legislature,constitutional-council,Pre-enactment constitutional council,5120,0.944,0.757,0.188,0.608,0.544,0.650,0.393,0.150,0.110,0.836,0.652,0.502,0.418,0.668,0.523,0.368,0.211,0.491,0.112,0.001,0.542,0.272,0.502,0.281,0.555,0.450,0.613,0.667,0.508,0.592,0.683,0.568,0.746,0.593,0.346,0.655,0.086,0.159,0.355,0.771,0.097,0.659,0.687,0.675,0.389,0.225,0.632,0.633,0.486,0.000,0.633,0.102,0.384,0.000,0.308,0.000,0.166,0.071,0.495,0.268,0.640,0.360,0.000,0.664,0.000,0.000,0.153,0.031,0.096,0.010,0.332,0.303,0.620,0.782,0.221,0.388,0.287,0.133,0.500,0.301,0.370,0.022,0.079,0.036,0.301,0.034,0.094,0.000,0.003,0.135,0.159,0.056,0.020,0.484,0.208,0.497,0.284,0.734,0.230,0.155,0.246,0.176,0.168,0.704,0.168,0.425,0.330,0.658,0.227,0.059,0.056,0.106,0.110,0.171,0.271
recusal-pressure-campaign,Recusal Pressure Campaign,High-salience litigants try to force or avoid recusals around ideologically charged cases.,0.850,recusal-pressure synthetic legislature,legislative-override,Judicial review with legislative supermajority override,5120,0.943,0.753,0.190,0.599,0.544,0.645,0.393,0.150,0.110,0.836,0.652,0.502,0.419,0.668,0.523,0.368,0.211,0.501,0.112,0.001,0.542,0.272,0.502,0.265,0.504,0.450,0.556,0.667,0.515,0.578,0.681,0.550,0.722,0.588,0.321,0.660,0.055,0.161,0.357,0.686,0.108,0.657,0.667,0.663,0.291,0.246,0.619,0.634,0.482,0.000,0.634,0.106,0.376,0.000,0.072,0.000,0.119,0.101,0.496,0.286,0.247,0.753,0.000,0.000,0.000,0.000,0.158,0.026,0.094,0.008,0.329,0.304,0.617,0.783,0.227,0.400,0.273,0.134,0.488,0.298,0.363,0.017,0.079,0.040,0.298,0.036,0.084,0.000,0.004,0.128,0.154,0.061,0.018,0.484,0.224,0.521,0.340,0.711,0.360,0.243,0.270,0.182,0.184,0.679,0.168,0.419,0.312,0.578,0.227,0.059,0.056,0.106,0.110,0.171,0.271
recusal-pressure-campaign,Recusal Pressure Campaign,High-salience litigants try to force or avoid recusals around ideologically charged cases.,0.850,recusal-pressure synthetic legislature,accountability-retention-court,Retention-election accountability court,5120,0.945,0.766,0.179,0.610,0.544,0.667,0.393,0.150,0.110,0.836,0.652,0.502,0.421,0.668,0.523,0.368,0.211,0.501,0.112,0.002,0.542,0.272,0.502,0.286,0.506,0.449,0.559,0.667,0.513,0.576,0.678,0.551,0.729,0.594,0.313,0.645,0.076,0.162,0.365,0.693,0.100,0.663,0.682,0.658,0.287,0.249,0.638,0.648,0.499,0.000,0.648,0.105,0.395,0.000,0.081,0.000,0.217,0.302,0.505,0.369,0.234,0.766,0.000,0.000,0.000,0.000,0.163,0.083,0.000,0.026,0.325,0.290,0.618,0.785,0.143,0.400,0.274,0.127,0.493,0.288,0.371,0.020,0.083,0.039,0.288,0.038,0.094,0.000,0.003,0.135,0.150,0.062,0.018,0.484,0.227,0.555,0.324,0.704,0.303,0.232,0.246,0.185,0.177,0.678,0.170,0.414,0.302,0.580,0.227,0.059,0.056,0.106,0.110,0.171,0.271
recusal-pressure-campaign,Recusal Pressure Campaign,High-salience litigants try to force or avoid recusals around ideologically charged cases.,0.850,recusal-pressure synthetic legislature,emergency-restraint-court,No emergency relief without merits review,5120,0.943,0.763,0.180,0.613,0.544,0.669,0.393,0.150,0.110,0.836,0.652,0.502,0.414,0.668,0.523,0.368,0.211,0.501,0.112,0.002,0.542,0.272,0.502,0.264,0.511,0.379,0.578,0.667,0.522,0.581,0.710,0.540,0.683,0.585,0.333,0.674,0.076,0.042,0.337,0.781,0.123,0.633,0.679,0.689,0.306,0.287,0.740,0.624,0.624,0.000,0.624,0.000,0.624,0.000,0.161,0.000,0.118,0.108,0.466,0.282,0.237,0.763,0.000,0.000,0.000,0.000,0.000,0.000,0.000,0.000,0.311,0.286,0.530,0.777,0.122,0.398,0.271,0.121,0.476,0.286,0.364,0.021,0.130,0.063,0.000,0.051,0.157,0.000,0.003,0.130,0.153,0.056,0.018,0.484,0.262,0.615,0.389,0.888,0.354,0.286,0.285,0.211,0.197,0.659,0.139,0.431,0.319,0.666,0.227,0.059,0.056,0.106,0.110,0.171,0.271
recusal-pressure-campaign,Recusal Pressure Campaign,High-salience litigants try to force or avoid recusals around ideologically charged cases.,0.850,recusal-pressure synthetic legislature,randomized-merits-panels,Randomized merits panels with en banc correction,5120,0.946,0.758,0.187,0.611,0.544,0.659,0.393,0.150,0.110,0.836,0.652,0.502,0.418,0.668,0.523,0.368,0.211,0.471,0.112,0.001,0.542,0.272,0.502,0.261,0.505,0.450,0.698,0.667,0.512,0.581,0.672,0.554,0.718,0.593,0.331,0.656,0.114,0.163,0.361,0.745,0.108,0.638,0.666,0.662,0.311,0.254,0.633,0.644,0.499,0.000,0.644,0.114,0.384,0.000,0.467,0.000,0.158,0.067,0.451,0.243,0.650,0.350,0.000,0.000,0.000,0.000,0.000,0.000,0.000,0.000,0.320,0.268,0.619,0.780,0.116,0.410,0.260,0.111,0.495,0.276,0.375,0.031,0.129,0.053,0.000,0.058,0.151,0.000,0.003,0.127,0.149,0.059,0.015,0.484,0.224,0.527,0.349,0.707,0.365,0.250,0.221,0.185,0.194,0.680,0.171,0.421,0.320,0.622,0.227,0.059,0.056,0.106,0.110,0.171,0.271
recusal-pressure-campaign,Recusal Pressure Campaign,High-salience litigants try to force or avoid recusals around ideologically charged cases.,0.850,recusal-pressure synthetic legislature,mandatory-written-emergency-reasoning,Mandatory written emergency reasoning,5120,0.940,0.736,0.204,0.584,0.544,0.620,0.393,0.150,0.110,0.836,0.652,0.502,0.419,0.668,0.523,0.368,0.211,0.501,0.112,0.002,0.542,0.272,0.502,0.262,0.503,0.424,0.556,0.667,0.517,0.584,0.680,0.561,0.731,0.596,0.335,0.651,0.102,0.111,0.362,0.676,0.106,0.633,0.656,0.658,0.299,0.241,0.602,0.620,0.436,0.000,0.620,0.182,0.254,0.000,0.070,0.000,0.115,0.102,0.480,0.288,0.264,0.736,0.000,0.000,0.000,0.000,0.000,0.000,0.000,0.000,0.330,0.271,0.644,0.818,0.119,0.396,0.252,0.113,0.486,0.268,0.455,0.029,0.116,0.054,0.000,0.062,0.158,0.000,0.004,0.118,0.149,0.057,0.017,0.484,0.220,0.510,0.377,0.684,0.354,0.176,0.260,0.171,0.198,0.690,0.182,0.423,0.323,0.546,0.227,0.059,0.056,0.106,0.110,0.171,0.271
recusal-pressure-campaign,Recusal Pressure Campaign,High-salience litigants try to force or avoid recusals around ideologically charged cases.,0.850,recusal-pressure synthetic legislature,automatic-merits-follow-up,Automatic merits follow-up for emergency relief,5120,0.943,0.741,0.202,0.592,0.544,0.641,0.393,0.150,0.110,0.836,0.652,0.502,0.413,0.668,0.523,0.368,0.211,0.501,0.112,0.003,0.542,0.272,0.502,0.248,0.510,0.398,0.556,0.667,0.516,0.574,0.704,0.529,0.644,0.581,0.341,0.672,0.099,0.053,0.330,0.739,0.130,0.628,0.677,0.683,0.321,0.310,0.714,0.611,0.611,0.000,0.611,0.195,0.611,0.000,0.072,0.000,0.114,0.103,0.466,0.287,0.259,0.741,0.000,0.000,0.000,0.000,0.000,0.000,0.000,0.000,0.320,0.302,0.532,0.829,0.124,0.392,0.269,0.114,0.459,0.273,0.465,0.026,0.135,0.057,0.000,0.060,0.149,0.000,0.003,0.135,0.144,0.052,0.016,0.484,0.274,0.620,0.435,0.941,0.416,0.351,0.298,0.214,0.247,0.618,0.150,0.434,0.327,0.615,0.227,0.059,0.056,0.106,0.110,0.171,0.271
recusal-pressure-campaign,Recusal Pressure Campaign,High-salience litigants try to force or avoid recusals around ideologically charged cases.,0.850,recusal-pressure synthetic legislature,strong-recusal-enforcement,Independent recusal enforcement with substitutes,5120,0.946,0.768,0.179,0.622,0.544,0.670,0.393,0.150,0.110,0.836,0.652,0.502,0.419,0.668,0.523,0.368,0.211,0.501,0.112,0.001,0.542,0.272,0.502,0.270,0.505,0.450,0.586,0.667,0.513,0.581,0.680,0.555,0.728,0.592,0.326,0.659,0.068,0.162,0.363,0.725,0.108,0.644,0.669,0.664,0.313,0.254,0.638,0.645,0.505,0.000,0.645,0.109,0.396,0.000,0.158,0.000,0.105,0.106,0.504,0.296,0.232,0.768,0.000,0.000,0.000,0.000,0.000,0.000,0.000,0.000,0.324,0.273,0.614,0.776,0.121,0.398,0.273,0.122,0.495,0.288,0.367,0.027,0.131,0.059,0.000,0.063,0.151,0.000,0.003,0.135,0.161,0.057,0.015,0.484,0.229,0.539,0.352,0.720,0.388,0.297,0.218,0.187,0.194,0.684,0.170,0.418,0.313,0.607,0.227,0.059,0.056,0.106,0.110,0.171,0.271
recusal-pressure-campaign,Recusal Pressure Campaign,High-salience litigants try to force or avoid recusals around ideologically charged cases.,0.850,recusal-pressure synthetic legislature,jurisdiction-stripping-constraints,Jurisdiction stripping constrained by rights carveouts,5120,0.944,0.760,0.184,0.603,0.544,0.660,0.393,0.150,0.110,0.836,0.652,0.502,0.420,0.668,0.523,0.368,0.211,0.451,0.112,0.002,0.542,0.272,0.502,0.293,0.535,0.450,0.557,0.667,0.517,0.582,0.684,0.549,0.720,0.591,0.317,0.659,0.055,0.161,0.357,0.691,0.108,0.655,0.672,0.666,0.285,0.251,0.627,0.635,0.487,0.000,0.635,0.102,0.384,0.000,0.072,0.000,0.122,0.105,0.491,0.289,0.240,0.760,0.000,0.000,0.000,0.000,0.164,0.000,0.000,0.000,0.324,0.334,0.622,0.785,0.197,0.385,0.284,0.126,0.497,0.302,0.365,0.032,0.223,0.073,0.000,0.060,0.000,0.000,0.002,0.136,0.168,0.060,0.019,0.484,0.228,0.538,0.370,0.730,0.331,0.219,0.235,0.184,0.191,0.677,0.167,0.417,0.318,0.591,0.227,0.059,0.056,0.106,0.110,0.171,0.271
recusal-pressure-campaign,Recusal Pressure Campaign,High-salience litigants try to force or avoid recusals around ideologically charged cases.,0.850,recusal-pressure synthetic legislature,legislative-override-window,Time-limited legislative override window,5120,0.945,0.756,0.188,0.607,0.544,0.654,0.393,0.150,0.110,0.836,0.652,0.502,0.420,0.668,0.523,0.368,0.211,0.501,0.112,0.002,0.542,0.272,0.502,0.276,0.505,0.449,0.556,0.667,0.514,0.579,0.680,0.550,0.725,0.588,0.317,0.662,0.055,0.161,0.360,0.689,0.106,0.661,0.669,0.662,0.293,0.250,0.624,0.639,0.501,0.000,0.639,0.112,0.389,0.000,0.071,0.000,0.113,0.109,0.491,0.290,0.244,0.756,0.000,0.000,0.000,0.000,0.163,0.032,0.095,0.000,0.332,0.317,0.616,0.786,0.227,0.394,0.289,0.136,0.487,0.301,0.362,0.019,0.084,0.039,0.301,0.040,0.088,0.000,0.003,0.135,0.155,0.063,0.017,0.484,0.227,0.538,0.361,0.678,0.320,0.306,0.246,0.184,0.186,0.682,0.169,0.416,0.306,0.580,0.227,0.059,0.056,0.106,0.110,0.171,0.271
recusal-pressure-campaign,Recusal Pressure Campaign,High-salience litigants try to force or avoid recusals around ideologically charged cases.,0.850,recusal-pressure synthetic legislature,constitutional-remand,Constitutional remand before invalidation,5120,0.942,0.781,0.161,0.625,0.544,0.678,0.393,0.150,0.110,0.836,0.652,0.502,0.384,0.668,0.523,0.368,0.211,0.462,0.112,0.002,0.542,0.272,0.502,0.275,0.531,0.451,0.564,0.667,0.516,0.607,0.688,0.593,0.804,0.608,0.350,0.653,0.073,0.164,0.366,0.747,0.076,0.652,0.688,0.673,0.415,0.188,0.648,0.653,0.503,0.000,0.653,0.107,0.396,0.000,0.099,0.000,0.148,0.070,0.507,0.285,0.219,0.781,0.000,0.729,0.058,0.000,0.121,0.024,0.078,0.009,0.324,0.269,0.620,0.763,0.199,0.403,0.288,0.140,0.507,0.304,0.368,0.017,0.081,0.044,0.304,0.034,0.103,0.000,0.004,0.141,0.159,0.059,0.016,0.484,0.202,0.480,0.329,0.634,0.307,0.208,0.196,0.168,0.160,0.759,0.172,0.433,0.335,0.633,0.227,0.059,0.056,0.106,0.110,0.171,0.271
recusal-pressure-campaign,Recusal Pressure Campaign,High-salience litigants try to force or avoid recusals around ideologically charged cases.,0.850,recusal-pressure synthetic legislature,public-interest-litigation-filter,Public-interest litigation filter,5120,0.940,0.798,0.141,0.644,0.544,0.704,0.393,0.150,0.110,0.836,0.652,0.502,0.420,0.668,0.523,0.368,0.211,0.421,0.112,0.002,0.542,0.272,0.502,0.288,0.506,0.451,0.564,0.667,0.510,0.580,0.683,0.550,0.732,0.589,0.314,0.672,0.073,0.170,0.377,0.710,0.108,0.657,0.677,0.658,0.329,0.260,0.659,0.672,0.517,0.000,0.672,0.111,0.407,0.000,0.096,0.000,0.129,0.104,0.499,0.296,0.202,0.798,0.000,0.000,0.000,0.029,0.000,0.000,0.000,0.000,0.326,0.275,0.614,0.776,0.123,0.417,0.292,0.128,0.511,0.308,0.379,0.031,0.141,0.060,0.000,0.061,0.169,0.000,0.004,0.139,0.162,0.063,0.017,0.484,0.244,0.602,0.377,0.701,0.326,0.250,0.260,0.193,0.199,0.687,0.177,0.408,0.298,0.586,0.227,0.059,0.056,0.106,0.110,0.171,0.271
recusal-pressure-campaign,Recusal Pressure Campaign,High-salience litigants try to force or avoid recusals around ideologically charged cases.,0.850,recusal-pressure synthetic legislature,emergency-integrity-package,Emergency integrity package,5120,0.943,0.761,0.182,0.610,0.544,0.664,0.393,0.150,0.110,0.836,0.652,0.502,0.413,0.668,0.523,0.368,0.211,0.501,0.112,0.002,0.542,0.272,0.502,0.256,0.511,0.399,0.585,0.667,0.518,0.586,0.706,0.550,0.707,0.588,0.334,0.670,0.069,0.055,0.341,0.786,0.114,0.633,0.675,0.687,0.354,0.273,0.739,0.632,0.632,0.000,0.632,0.200,0.632,0.000,0.157,0.000,0.107,0.104,0.492,0.291,0.239,0.761,0.000,0.000,0.000,0.000,0.000,0.000,0.000,0.000,0.313,0.273,0.539,0.776,0.118,0.410,0.264,0.111,0.488,0.282,0.363,0.030,0.135,0.053,0.000,0.060,0.159,0.000,0.003,0.127,0.150,0.057,0.017,0.484,0.253,0.602,0.386,0.868,0.348,0.243,0.218,0.207,0.224,0.679,0.155,0.434,0.321,0.671,0.227,0.059,0.056,0.106,0.110,0.171,0.271
recusal-pressure-campaign,Recusal Pressure Campaign,High-salience litigants try to force or avoid recusals around ideologically charged cases.,0.850,recusal-pressure synthetic legislature,remand-override-window-package,Constitutional remand with override window,5120,0.940,0.777,0.164,0.628,0.544,0.676,0.393,0.150,0.110,0.836,0.652,0.502,0.384,0.668,0.523,0.368,0.211,0.462,0.112,0.002,0.542,0.272,0.502,0.280,0.532,0.426,0.563,0.667,0.513,0.611,0.692,0.600,0.821,0.612,0.350,0.647,0.072,0.115,0.379,0.751,0.069,0.651,0.684,0.674,0.453,0.174,0.644,0.657,0.460,0.000,0.657,0.182,0.278,0.000,0.096,0.000,0.143,0.070,0.511,0.286,0.223,0.777,0.000,0.727,0.063,0.000,0.114,0.018,0.072,0.000,0.323,0.261,0.649,0.759,0.191,0.409,0.285,0.132,0.510,0.295,0.364,0.020,0.081,0.040,0.295,0.037,0.095,0.000,0.004,0.137,0.152,0.063,0.019,0.484,0.191,0.449,0.300,0.622,0.287,0.211,0.198,0.156,0.166,0.776,0.190,0.434,0.337,0.636,0.227,0.059,0.056,0.106,0.110,0.171,0.271
recusal-pressure-campaign,Recusal Pressure Campaign,High-salience litigants try to force or avoid recusals around ideologically charged cases.,0.850,recusal-pressure synthetic legislature,panel-jurisdiction-safeguards,Random panels with jurisdiction safeguards,5120,0.940,0.768,0.172,0.620,0.544,0.668,0.393,0.150,0.110,0.836,0.652,0.502,0.423,0.668,0.523,0.368,0.211,0.422,0.112,0.003,0.542,0.272,0.502,0.303,0.532,0.438,0.739,0.667,0.508,0.587,0.667,0.560,0.764,0.585,0.313,0.647,0.116,0.149,0.382,0.747,0.096,0.660,0.665,0.657,0.345,0.221,0.591,0.658,0.410,0.000,0.658,0.195,0.215,0.248,0.513,0.000,0.156,0.069,0.466,0.251,0.642,0.358,0.000,0.000,0.000,0.000,0.143,0.000,0.000,0.000,0.327,0.313,0.670,0.782,0.185,0.390,0.290,0.132,0.508,0.306,0.380,0.032,0.222,0.076,0.000,0.062,0.000,0.000,0.003,0.135,0.162,0.061,0.021,0.484,0.201,0.473,0.315,0.651,0.298,0.196,0.225,0.166,0.187,0.721,0.194,0.411,0.314,0.634,0.227,0.059,0.056,0.106,0.110,0.171,0.271
recusal-pressure-campaign,Recusal Pressure Campaign,High-salience litigants try to force or avoid recusals around ideologically charged cases.,0.850,recusal-pressure synthetic legislature,council-concrete-hybrid,Constitutional council with concrete-review backstop,5120,0.947,0.752,0.196,0.602,0.544,0.648,0.393,0.150,0.110,0.836,0.652,0.502,0.417,0.668,0.523,0.368,0.211,0.491,0.112,0.002,0.542,0.272,0.502,0.276,0.555,0.449,0.661,0.667,0.510,0.601,0.682,0.584,0.781,0.601,0.352,0.649,0.070,0.156,0.353,0.779,0.081,0.649,0.678,0.677,0.404,0.193,0.631,0.629,0.482,0.000,0.629,0.095,0.387,0.000,0.384,0.000,0.169,0.103,0.522,0.288,0.643,0.357,0.000,0.661,0.000,0.000,0.125,0.019,0.088,0.006,0.327,0.284,0.617,0.776,0.207,0.384,0.284,0.121,0.486,0.299,0.368,0.017,0.082,0.035,0.299,0.032,0.095,0.000,0.004,0.143,0.150,0.059,0.018,0.484,0.184,0.468,0.253,0.609,0.213,0.101,0.156,0.167,0.148,0.737,0.165,0.430,0.337,0.668,0.227,0.059,0.056,0.106,0.110,0.171,0.271
court-expansion-retaliation,Court Expansion Retaliation,A polarized political system reacts to judicial conflict with expansion threats and capture pressure.,0.850,expansion-retaliation synthetic legislature,current-us-like,Stylized current U.S.-like supreme court,5120,0.944,0.746,0.198,0.595,0.533,0.644,0.389,0.144,0.106,0.849,0.663,0.525,0.458,0.679,0.523,0.373,0.229,0.546,0.119,0.001,0.545,0.270,0.525,0.309,0.460,0.620,0.553,0.672,0.490,0.547,0.581,0.521,0.681,0.571,0.290,0.672,0.121,0.450,0.460,0.458,0.091,0.687,0.639,0.573,0.204,0.187,0.375,0.652,0.135,0.135,0.000,0.135,0.000,0.000,0.029,0.000,0.056,0.293,0.423,0.349,0.254,0.746,0.000,0.000,0.000,0.000,0.000,0.000,0.000,0.000,0.377,0.271,0.835,0.844,0.122,0.382,0.282,0.128,0.530,0.293,0.474,0.023,0.133,0.062,0.000,0.070,0.155,0.000,0.001,0.141,0.146,0.064,0.023,0.454,0.270,0.617,0.535,0.950,0.596,0.449,0.317,0.151,0.151,0.587,0.266,0.370,0.279,0.318,0.246,0.063,0.049,0.104,0.104,0.184,0.251
court-expansion-retaliation,Court Expansion Retaliation,A polarized political system reacts to judicial conflict with expansion threats and capture pressure.,0.850,expansion-retaliation synthetic legislature,term-limited-balanced,18-year staggered terms + regular appointments,5120,0.942,0.747,0.195,0.595,0.533,0.645,0.389,0.144,0.106,0.849,0.663,0.525,0.445,0.679,0.523,0.373,0.229,0.507,0.119,0.002,0.545,0.270,0.525,0.287,0.474,0.452,0.566,0.672,0.500,0.550,0.668,0.512,0.648,0.561,0.307,0.655,0.128,0.163,0.354,0.663,0.146,0.653,0.672,0.644,0.257,0.304,0.612,0.623,0.482,0.000,0.623,0.125,0.357,0.000,0.086,0.000,0.120,0.099,0.402,0.283,0.253,0.747,0.000,0.000,0.000,0.000,0.000,0.000,0.000,0.000,0.342,0.315,0.621,0.843,0.132,0.380,0.283,0.135,0.484,0.294,0.468,0.025,0.127,0.064,0.000,0.069,0.155,0.000,0.001,0.136,0.163,0.066,0.019,0.454,0.242,0.537,0.572,0.782,0.536,0.367,0.342,0.198,0.227,0.607,0.168,0.398,0.294,0.531,0.246,0.063,0.049,0.104,0.104,0.184,0.251
court-expansion-retaliation,Court Expansion Retaliation,A polarized political system reacts to judicial conflict with expansion threats and capture pressure.,0.850,expansion-retaliation synthetic legislature,nonpartisan-commission,Nonpartisan commission appointments,5120,0.947,0.770,0.177,0.612,0.533,0.669,0.389,0.144,0.106,0.849,0.663,0.525,0.445,0.679,0.523,0.373,0.229,0.507,0.119,0.001,0.545,0.270,0.525,0.294,0.475,0.453,0.573,0.672,0.498,0.552,0.670,0.515,0.667,0.561,0.300,0.660,0.096,0.170,0.367,0.685,0.143,0.662,0.678,0.647,0.290,0.300,0.629,0.651,0.498,0.000,0.651,0.125,0.372,0.000,0.112,0.000,0.122,0.106,0.420,0.276,0.230,0.770,0.000,0.000,0.000,0.000,0.000,0.000,0.000,0.000,0.336,0.306,0.624,0.802,0.129,0.392,0.290,0.131,0.499,0.304,0.380,0.025,0.137,0.068,0.000,0.068,0.147,0.000,0.002,0.144,0.159,0.070,0.022,0.454,0.245,0.598,0.461,0.744,0.476,0.397,0.317,0.201,0.226,0.626,0.173,0.393,0.287,0.562,0.246,0.063,0.049,0.104,0.104,0.184,0.251
court-expansion-retaliation,Court Expansion Retaliation,A polarized political system reacts to judicial conflict with expansion threats and capture pressure.,0.850,expansion-retaliation synthetic legislature,expanded-court-fifteen,Expanded 15-seat court,5120,0.942,0.748,0.194,0.596,0.533,0.646,0.389,0.144,0.106,0.849,0.663,0.525,0.445,0.679,0.523,0.373,0.229,0.507,0.119,0.002,0.545,0.270,0.525,0.283,0.473,0.453,0.579,0.672,0.494,0.550,0.670,0.515,0.654,0.563,0.308,0.656,0.097,0.167,0.367,0.681,0.142,0.652,0.671,0.647,0.300,0.296,0.604,0.631,0.476,0.000,0.631,0.122,0.354,0.000,0.085,0.000,0.121,0.388,0.441,0.398,0.252,0.748,0.000,0.000,0.000,0.000,0.000,0.000,0.000,0.000,0.341,0.309,0.628,0.839,0.129,0.381,0.277,0.129,0.490,0.288,0.470,0.023,0.126,0.067,0.000,0.063,0.151,0.000,0.002,0.137,0.159,0.066,0.019,0.454,0.243,0.557,0.555,0.756,0.464,0.361,0.366,0.196,0.222,0.601,0.169,0.398,0.296,0.550,0.246,0.063,0.049,0.104,0.104,0.184,0.251
court-expansion-retaliation,Court Expansion Retaliation,A polarized political system reacts to judicial conflict with expansion threats and capture pressure.,0.850,expansion-retaliation synthetic legislature,supermajority-review,60 percent invalidation threshold,5120,0.945,0.748,0.196,0.599,0.533,0.641,0.389,0.144,0.106,0.849,0.663,0.525,0.446,0.679,0.523,0.373,0.229,0.506,0.119,0.002,0.545,0.270,0.525,0.276,0.471,0.441,0.565,0.672,0.510,0.570,0.663,0.550,0.752,0.569,0.309,0.640,0.133,0.152,0.372,0.642,0.110,0.650,0.653,0.636,0.254,0.221,0.562,0.632,0.395,0.000,0.632,0.214,0.181,0.237,0.080,0.000,0.060,0.102,0.415,0.285,0.252,0.748,0.000,0.000,0.000,0.000,0.000,0.000,0.000,0.000,0.338,0.264,0.655,0.822,0.123,0.387,0.266,0.124,0.498,0.294,0.459,0.025,0.124,0.065,0.000,0.064,0.153,0.000,0.002,0.127,0.162,0.060,0.019,0.454,0.189,0.457,0.430,0.626,0.283,0.252,0.211,0.163,0.189,0.705,0.192,0.400,0.298,0.507,0.246,0.063,0.049,0.104,0.104,0.184,0.251
court-expansion-retaliation,Court Expansion Retaliation,A polarized political system reacts to judicial conflict with expansion threats and capture pressure.,0.850,expansion-retaliation synthetic legislature,recusal-and-emergency-reform,Peer recusal + reasoned emergency docket,5120,0.940,0.749,0.191,0.597,0.533,0.641,0.389,0.144,0.106,0.849,0.663,0.525,0.444,0.679,0.523,0.373,0.229,0.507,0.119,0.002,0.545,0.270,0.525,0.283,0.474,0.453,0.577,0.672,0.494,0.549,0.667,0.510,0.641,0.562,0.308,0.655,0.127,0.167,0.359,0.674,0.147,0.653,0.672,0.644,0.292,0.300,0.610,0.632,0.488,0.000,0.632,0.129,0.359,0.000,0.131,0.000,0.112,0.104,0.402,0.279,0.251,0.749,0.000,0.000,0.000,0.000,0.000,0.000,0.000,0.000,0.342,0.310,0.620,0.842,0.132,0.380,0.280,0.136,0.491,0.292,0.479,0.028,0.124,0.067,0.000,0.066,0.156,0.000,0.002,0.138,0.154,0.066,0.020,0.454,0.239,0.544,0.535,0.802,0.446,0.327,0.342,0.198,0.226,0.600,0.171,0.398,0.295,0.541,0.246,0.063,0.049,0.104,0.104,0.184,0.251
court-expansion-retaliation,Court Expansion Retaliation,A polarized political system reacts to judicial conflict with expansion threats and capture pressure.,0.850,expansion-retaliation synthetic legislature,panel-en-banc,Three-judge panels with en banc correction,5120,0.943,0.773,0.170,0.624,0.533,0.673,0.389,0.144,0.106,0.849,0.663,0.525,0.446,0.679,0.523,0.373,0.229,0.477,0.119,0.001,0.545,0.270,0.525,0.303,0.475,0.453,0.677,0.672,0.494,0.554,0.664,0.518,0.676,0.563,0.298,0.658,0.137,0.170,0.361,0.730,0.141,0.662,0.677,0.646,0.308,0.291,0.626,0.645,0.497,0.000,0.645,0.130,0.367,0.000,0.440,0.000,0.418,0.072,0.378,0.240,0.628,0.372,0.000,0.000,0.000,0.000,0.000,0.000,0.000,0.000,0.335,0.307,0.622,0.797,0.129,0.381,0.292,0.134,0.502,0.302,0.379,0.026,0.136,0.065,0.000,0.060,0.162,0.000,0.001,0.149,0.165,0.070,0.021,0.454,0.234,0.559,0.481,0.733,0.361,0.340,0.363,0.198,0.220,0.638,0.173,0.392,0.282,0.602,0.246,0.063,0.049,0.104,0.104,0.184,0.251
court-expansion-retaliation,Court Expansion Retaliation,A polarized political system reacts to judicial conflict with expansion threats and capture pressure.,0.850,expansion-retaliation synthetic legislature,cross-checking-courts,Supreme court with cross-checking constitutional court,5120,0.944,0.751,0.192,0.609,0.533,0.642,0.389,0.144,0.106,0.849,0.663,0.525,0.426,0.679,0.523,0.373,0.229,0.507,0.119,0.003,0.545,0.270,0.525,0.287,0.491,0.440,0.596,0.672,0.484,0.573,0.670,0.548,0.763,0.578,0.284,0.613,0.065,0.149,0.365,0.692,0.078,0.686,0.635,0.646,0.389,0.163,0.566,0.628,0.400,0.000,0.628,0.212,0.188,0.228,0.214,0.000,0.144,0.106,0.429,0.268,0.249,0.751,0.252,0.000,0.000,0.000,0.000,0.000,0.000,0.000,0.331,0.248,0.659,0.804,0.116,0.388,0.276,0.119,0.498,0.288,0.396,0.023,0.134,0.058,0.000,0.064,0.147,0.000,0.002,0.132,0.162,0.066,0.019,0.454,0.133,0.307,0.284,0.412,0.241,0.265,0.176,0.158,0.148,0.718,0.190,0.406,0.277,0.573,0.246,0.063,0.049,0.104,0.104,0.184,0.251
court-expansion-retaliation,Court Expansion Retaliation,A polarized political system reacts to judicial conflict with expansion threats and capture pressure.,0.850,expansion-retaliation synthetic legislature,dual-supreme-courts,Dual supreme courts with disagreement filter,5120,0.943,0.760,0.183,0.611,0.533,0.659,0.389,0.144,0.106,0.849,0.663,0.525,0.449,0.679,0.523,0.373,0.229,0.507,0.119,0.002,0.545,0.270,0.525,0.310,0.471,0.441,0.610,0.672,0.453,0.526,0.669,0.468,0.569,0.546,0.270,0.656,0.061,0.154,0.376,0.707,0.146,0.702,0.674,0.646,0.434,0.294,0.568,0.639,0.411,0.000,0.639,0.230,0.180,0.229,0.219,0.000,0.142,0.105,0.416,0.272,0.240,0.760,0.244,0.000,0.000,0.000,0.000,0.000,0.000,0.000,0.344,0.328,0.658,0.826,0.132,0.370,0.297,0.135,0.502,0.303,0.390,0.025,0.139,0.066,0.000,0.076,0.147,0.000,0.002,0.141,0.172,0.076,0.025,0.454,0.238,0.548,0.532,0.740,0.494,0.381,0.310,0.199,0.240,0.529,0.196,0.382,0.261,0.586,0.246,0.063,0.049,0.104,0.104,0.184,0.251
court-expansion-retaliation,Court Expansion Retaliation,A polarized political system reacts to judicial conflict with expansion threats and capture pressure.,0.850,expansion-retaliation synthetic legislature,comparative-constitutional-senates,Comparative 16-seat constitutional senates,5120,0.939,0.745,0.194,0.594,0.533,0.632,0.389,0.144,0.106,0.849,0.663,0.525,0.446,0.679,0.523,0.373,0.229,0.537,0.119,0.001,0.545,0.270,0.525,0.276,0.471,0.439,0.728,0.672,0.502,0.579,0.661,0.564,0.783,0.577,0.312,0.636,0.076,0.149,0.368,0.722,0.089,0.645,0.646,0.650,0.338,0.189,0.562,0.630,0.396,0.000,0.630,0.206,0.189,0.234,0.451,0.000,0.161,0.105,0.432,0.266,0.656,0.344,0.000,0.000,0.000,0.000,0.000,0.000,0.000,0.000,0.326,0.244,0.648,0.770,0.115,0.391,0.263,0.115,0.486,0.283,0.358,0.025,0.119,0.063,0.000,0.062,0.151,0.000,0.002,0.127,0.150,0.062,0.017,0.454,0.170,0.436,0.306,0.584,0.217,0.163,0.204,0.154,0.167,0.737,0.189,0.404,0.301,0.603,0.246,0.063,0.049,0.104,0.104,0.184,0.251
court-expansion-retaliation,Court Expansion Retaliation,A polarized political system reacts to judicial conflict with expansion threats and capture pressure.,0.850,expansion-retaliation synthetic legislature,constitutional-council,Pre-enactment constitutional council,5120,0.942,0.761,0.181,0.614,0.533,0.656,0.389,0.144,0.106,0.849,0.663,0.525,0.443,0.679,0.523,0.373,0.229,0.497,0.119,0.002,0.545,0.270,0.525,0.301,0.527,0.452,0.623,0.672,0.493,0.569,0.678,0.538,0.707,0.566,0.322,0.658,0.099,0.165,0.356,0.767,0.121,0.677,0.702,0.665,0.395,0.262,0.632,0.637,0.491,0.000,0.637,0.115,0.376,0.000,0.321,0.000,0.160,0.073,0.438,0.258,0.646,0.354,0.000,0.707,0.000,0.000,0.180,0.050,0.092,0.015,0.341,0.331,0.620,0.803,0.230,0.374,0.306,0.151,0.493,0.316,0.382,0.015,0.080,0.045,0.316,0.039,0.093,0.000,0.002,0.147,0.166,0.068,0.024,0.454,0.224,0.535,0.484,0.729,0.367,0.363,0.257,0.189,0.191,0.667,0.168,0.404,0.305,0.652,0.246,0.063,0.049,0.104,0.104,0.184,0.251
court-expansion-retaliation,Court Expansion Retaliation,A polarized political system reacts to judicial conflict with expansion threats and capture pressure.,0.850,expansion-retaliation synthetic legislature,legislative-override,Judicial review with legislative supermajority override,5120,0.945,0.764,0.181,0.604,0.533,0.660,0.389,0.144,0.106,0.849,0.663,0.525,0.447,0.679,0.523,0.373,0.229,0.507,0.119,0.001,0.545,0.270,0.525,0.313,0.475,0.453,0.566,0.672,0.492,0.547,0.673,0.507,0.661,0.557,0.284,0.663,0.059,0.168,0.360,0.682,0.142,0.686,0.684,0.650,0.296,0.294,0.624,0.639,0.486,0.000,0.639,0.121,0.364,0.000,0.085,0.000,0.122,0.104,0.428,0.279,0.236,0.764,0.000,0.000,0.000,0.000,0.207,0.052,0.098,0.015,0.348,0.361,0.622,0.813,0.248,0.360,0.315,0.153,0.495,0.332,0.383,0.015,0.079,0.044,0.332,0.037,0.082,0.000,0.002,0.157,0.169,0.077,0.021,0.454,0.243,0.571,0.555,0.721,0.506,0.415,0.289,0.198,0.212,0.620,0.170,0.389,0.271,0.571,0.246,0.063,0.049,0.104,0.104,0.184,0.251
court-expansion-retaliation,Court Expansion Retaliation,A polarized political system reacts to judicial conflict with expansion threats and capture pressure.,0.850,expansion-retaliation synthetic legislature,accountability-retention-court,Retention-election accountability court,5120,0.940,0.762,0.179,0.613,0.533,0.657,0.389,0.144,0.106,0.849,0.663,0.525,0.445,0.679,0.523,0.373,0.229,0.507,0.119,0.002,0.545,0.270,0.525,0.294,0.475,0.452,0.568,0.672,0.497,0.551,0.672,0.520,0.682,0.568,0.292,0.638,0.098,0.167,0.362,0.677,0.135,0.678,0.689,0.646,0.288,0.279,0.625,0.643,0.500,0.000,0.643,0.120,0.380,0.000,0.093,0.000,0.196,0.295,0.444,0.355,0.238,0.762,0.000,0.000,0.000,0.000,0.189,0.103,0.000,0.034,0.332,0.312,0.616,0.805,0.150,0.383,0.284,0.128,0.489,0.317,0.369,0.013,0.083,0.034,0.317,0.042,0.080,0.000,0.002,0.136,0.166,0.067,0.022,0.454,0.230,0.548,0.494,0.740,0.392,0.374,0.271,0.194,0.194,0.633,0.171,0.395,0.283,0.563,0.246,0.063,0.049,0.104,0.104,0.184,0.251
court-expansion-retaliation,Court Expansion Retaliation,A polarized political system reacts to judicial conflict with expansion threats and capture pressure.,0.850,expansion-retaliation synthetic legislature,emergency-restraint-court,No emergency relief without merits review,5120,0.940,0.767,0.173,0.614,0.533,0.661,0.389,0.144,0.106,0.849,0.663,0.525,0.439,0.679,0.523,0.373,0.229,0.507,0.119,0.002,0.545,0.270,0.525,0.288,0.482,0.381,0.589,0.672,0.502,0.550,0.703,0.495,0.610,0.552,0.306,0.678,0.096,0.045,0.338,0.776,0.159,0.653,0.693,0.678,0.309,0.343,0.744,0.631,0.631,0.000,0.631,0.000,0.631,0.000,0.180,0.000,0.118,0.103,0.396,0.264,0.233,0.767,0.000,0.000,0.000,0.000,0.000,0.000,0.000,0.000,0.324,0.328,0.533,0.800,0.135,0.372,0.298,0.138,0.480,0.308,0.373,0.024,0.140,0.070,0.000,0.065,0.157,0.000,0.002,0.142,0.174,0.066,0.020,0.454,0.286,0.699,0.552,0.947,0.536,0.404,0.324,0.229,0.233,0.590,0.139,0.407,0.289,0.658,0.246,0.063,0.049,0.104,0.104,0.184,0.251
court-expansion-retaliation,Court Expansion Retaliation,A polarized political system reacts to judicial conflict with expansion threats and capture pressure.,0.850,expansion-retaliation synthetic legislature,randomized-merits-panels,Randomized merits panels with en banc correction,5120,0.941,0.758,0.183,0.606,0.533,0.658,0.389,0.144,0.106,0.849,0.663,0.525,0.446,0.679,0.523,0.373,0.229,0.477,0.119,0.001,0.545,0.270,0.525,0.294,0.474,0.453,0.708,0.672,0.494,0.555,0.664,0.519,0.668,0.565,0.305,0.656,0.128,0.166,0.354,0.729,0.139,0.654,0.672,0.649,0.311,0.288,0.611,0.627,0.484,0.000,0.627,0.131,0.353,0.000,0.474,0.000,0.164,0.068,0.383,0.236,0.650,0.350,0.000,0.000,0.000,0.000,0.000,0.000,0.000,0.000,0.331,0.306,0.613,0.797,0.127,0.375,0.289,0.131,0.486,0.293,0.375,0.025,0.137,0.069,0.000,0.063,0.154,0.000,0.001,0.139,0.171,0.067,0.016,0.454,0.233,0.552,0.497,0.817,0.422,0.320,0.257,0.195,0.219,0.631,0.169,0.396,0.290,0.604,0.246,0.063,0.049,0.104,0.104,0.184,0.251
court-expansion-retaliation,Court Expansion Retaliation,A polarized political system reacts to judicial conflict with expansion threats and capture pressure.,0.850,expansion-retaliation synthetic legislature,mandatory-written-emergency-reasoning,Mandatory written emergency reasoning,5120,0.939,0.753,0.187,0.599,0.533,0.645,0.389,0.144,0.106,0.849,0.663,0.525,0.445,0.679,0.523,0.373,0.229,0.507,0.119,0.001,0.545,0.270,0.525,0.289,0.474,0.427,0.566,0.672,0.496,0.555,0.670,0.522,0.676,0.565,0.305,0.649,0.133,0.117,0.367,0.668,0.137,0.657,0.668,0.643,0.306,0.285,0.611,0.629,0.461,0.000,0.629,0.213,0.247,0.000,0.083,0.000,0.115,0.101,0.412,0.285,0.247,0.753,0.000,0.000,0.000,0.000,0.000,0.000,0.000,0.000,0.343,0.304,0.634,0.843,0.130,0.381,0.284,0.129,0.488,0.298,0.481,0.026,0.137,0.066,0.000,0.062,0.146,0.000,0.003,0.140,0.159,0.070,0.019,0.454,0.225,0.514,0.474,0.763,0.416,0.281,0.352,0.187,0.231,0.636,0.188,0.397,0.292,0.533,0.246,0.063,0.049,0.104,0.104,0.184,0.251
court-expansion-retaliation,Court Expansion Retaliation,A polarized political system reacts to judicial conflict with expansion threats and capture pressure.,0.850,expansion-retaliation synthetic legislature,automatic-merits-follow-up,Automatic merits follow-up for emergency relief,5120,0.944,0.746,0.199,0.600,0.533,0.640,0.389,0.144,0.106,0.849,0.663,0.525,0.439,0.679,0.523,0.373,0.229,0.506,0.119,0.002,0.545,0.270,0.525,0.276,0.480,0.399,0.566,0.672,0.487,0.532,0.697,0.465,0.519,0.542,0.313,0.670,0.127,0.056,0.329,0.731,0.185,0.648,0.695,0.671,0.324,0.392,0.723,0.611,0.611,0.000,0.611,0.238,0.611,0.000,0.084,0.000,0.120,0.098,0.377,0.271,0.254,0.746,0.000,0.000,0.000,0.000,0.000,0.000,0.000,0.000,0.332,0.352,0.528,0.850,0.137,0.376,0.284,0.131,0.450,0.296,0.476,0.024,0.132,0.066,0.000,0.064,0.151,0.000,0.001,0.127,0.167,0.067,0.022,0.454,0.299,0.683,0.619,0.977,0.645,0.513,0.391,0.240,0.306,0.499,0.142,0.408,0.299,0.604,0.246,0.063,0.049,0.104,0.104,0.184,0.251
court-expansion-retaliation,Court Expansion Retaliation,A polarized political system reacts to judicial conflict with expansion threats and capture pressure.,0.850,expansion-retaliation synthetic legislature,strong-recusal-enforcement,Independent recusal enforcement with substitutes,5120,0.943,0.763,0.180,0.610,0.533,0.660,0.389,0.144,0.106,0.849,0.663,0.525,0.444,0.679,0.523,0.373,0.229,0.507,0.119,0.001,0.545,0.270,0.525,0.288,0.475,0.452,0.599,0.672,0.494,0.551,0.674,0.512,0.652,0.561,0.303,0.658,0.086,0.164,0.357,0.714,0.144,0.658,0.676,0.653,0.312,0.302,0.628,0.631,0.494,0.000,0.631,0.120,0.374,0.000,0.179,0.000,0.118,0.107,0.421,0.276,0.237,0.763,0.000,0.000,0.000,0.000,0.000,0.000,0.000,0.000,0.335,0.311,0.612,0.801,0.135,0.382,0.288,0.137,0.490,0.313,0.372,0.024,0.133,0.066,0.000,0.068,0.153,0.000,0.001,0.135,0.166,0.066,0.021,0.454,0.246,0.574,0.553,0.748,0.470,0.374,0.345,0.201,0.226,0.612,0.168,0.396,0.289,0.595,0.246,0.063,0.049,0.104,0.104,0.184,0.251
court-expansion-retaliation,Court Expansion Retaliation,A polarized political system reacts to judicial conflict with expansion threats and capture pressure.,0.850,expansion-retaliation synthetic legislature,jurisdiction-stripping-constraints,Jurisdiction stripping constrained by rights carveouts,5120,0.940,0.758,0.181,0.610,0.533,0.660,0.389,0.144,0.106,0.849,0.663,0.525,0.446,0.679,0.523,0.373,0.229,0.457,0.119,0.001,0.545,0.270,0.525,0.311,0.504,0.454,0.565,0.672,0.500,0.557,0.677,0.518,0.679,0.564,0.292,0.655,0.059,0.168,0.358,0.679,0.134,0.672,0.679,0.654,0.286,0.283,0.618,0.635,0.486,0.000,0.635,0.128,0.358,0.000,0.081,0.000,0.119,0.107,0.429,0.279,0.242,0.758,0.000,0.000,0.000,0.000,0.196,0.000,0.000,0.000,0.338,0.371,0.626,0.807,0.223,0.359,0.314,0.155,0.499,0.323,0.381,0.028,0.220,0.096,0.000,0.062,0.000,0.000,0.002,0.148,0.175,0.069,0.025,0.454,0.233,0.557,0.465,0.718,0.416,0.401,0.324,0.194,0.214,0.637,0.171,0.396,0.288,0.576,0.246,0.063,0.049,0.104,0.104,0.184,0.251
court-expansion-retaliation,Court Expansion Retaliation,A polarized political system reacts to judicial conflict with expansion threats and capture pressure.,0.850,expansion-retaliation synthetic legislature,legislative-override-window,Time-limited legislative override window,5120,0.943,0.759,0.184,0.615,0.533,0.661,0.389,0.144,0.106,0.849,0.663,0.525,0.444,0.679,0.523,0.373,0.229,0.507,0.119,0.002,0.545,0.270,0.525,0.289,0.476,0.453,0.566,0.672,0.496,0.550,0.676,0.511,0.662,0.559,0.292,0.664,0.059,0.164,0.357,0.683,0.143,0.682,0.683,0.654,0.294,0.296,0.626,0.631,0.492,0.000,0.631,0.125,0.366,0.000,0.085,0.000,0.115,0.104,0.428,0.280,0.241,0.759,0.000,0.000,0.000,0.000,0.212,0.053,0.104,0.000,0.345,0.352,0.622,0.816,0.252,0.380,0.299,0.155,0.502,0.321,0.383,0.016,0.073,0.045,0.321,0.041,0.082,0.000,0.002,0.144,0.162,0.068,0.022,0.454,0.243,0.559,0.505,0.809,0.464,0.347,0.370,0.198,0.214,0.622,0.170,0.396,0.279,0.572,0.246,0.063,0.049,0.104,0.104,0.184,0.251
court-expansion-retaliation,Court Expansion Retaliation,A polarized political system reacts to judicial conflict with expansion threats and capture pressure.,0.850,expansion-retaliation synthetic legislature,constitutional-remand,Constitutional remand before invalidation,5120,0.944,0.785,0.159,0.635,0.533,0.680,0.389,0.144,0.106,0.849,0.663,0.525,0.410,0.679,0.523,0.373,0.229,0.468,0.119,0.001,0.545,0.270,0.525,0.301,0.502,0.454,0.574,0.672,0.500,0.583,0.680,0.564,0.772,0.580,0.322,0.652,0.094,0.172,0.368,0.735,0.107,0.672,0.701,0.660,0.421,0.222,0.638,0.655,0.499,0.000,0.655,0.125,0.374,0.000,0.112,0.000,0.151,0.073,0.445,0.276,0.215,0.785,0.000,0.762,0.063,0.000,0.152,0.043,0.078,0.013,0.332,0.291,0.623,0.779,0.204,0.396,0.295,0.144,0.511,0.318,0.371,0.018,0.080,0.044,0.318,0.038,0.097,0.000,0.001,0.147,0.164,0.066,0.019,0.454,0.212,0.514,0.450,0.665,0.337,0.330,0.262,0.179,0.182,0.728,0.175,0.409,0.307,0.618,0.246,0.063,0.049,0.104,0.104,0.184,0.251
court-expansion-retaliation,Court Expansion Retaliation,A polarized political system reacts to judicial conflict with expansion threats and capture pressure.,0.850,expansion-retaliation synthetic legislature,public-interest-litigation-filter,Public-interest litigation filter,5120,0.944,0.801,0.143,0.650,0.533,0.700,0.389,0.144,0.106,0.849,0.663,0.525,0.447,0.679,0.523,0.373,0.229,0.427,0.119,0.001,0.545,0.270,0.525,0.320,0.477,0.454,0.574,0.672,0.493,0.553,0.674,0.514,0.679,0.560,0.286,0.673,0.094,0.177,0.378,0.699,0.139,0.675,0.686,0.644,0.332,0.298,0.659,0.675,0.511,0.000,0.675,0.126,0.385,0.000,0.110,0.000,0.124,0.109,0.450,0.282,0.199,0.801,0.000,0.000,0.000,0.026,0.000,0.000,0.000,0.000,0.338,0.306,0.629,0.802,0.129,0.403,0.303,0.138,0.518,0.314,0.397,0.026,0.147,0.066,0.000,0.070,0.161,0.000,0.001,0.140,0.174,0.073,0.024,0.454,0.260,0.613,0.545,0.798,0.518,0.367,0.378,0.205,0.226,0.636,0.179,0.384,0.272,0.572,0.246,0.063,0.049,0.104,0.104,0.184,0.251
court-expansion-retaliation,Court Expansion Retaliation,A polarized political system reacts to judicial conflict with expansion threats and capture pressure.,0.850,expansion-retaliation synthetic legislature,emergency-integrity-package,Emergency integrity package,5120,0.944,0.770,0.174,0.619,0.533,0.666,0.389,0.144,0.106,0.849,0.663,0.525,0.438,0.679,0.523,0.373,0.229,0.507,0.119,0.003,0.545,0.270,0.525,0.280,0.482,0.401,0.597,0.672,0.494,0.549,0.700,0.493,0.603,0.552,0.307,0.676,0.093,0.058,0.339,0.782,0.159,0.654,0.693,0.677,0.358,0.343,0.747,0.631,0.631,0.000,0.631,0.238,0.631,0.000,0.174,0.000,0.108,0.104,0.413,0.276,0.230,0.770,0.000,0.000,0.000,0.000,0.000,0.000,0.000,0.000,0.325,0.325,0.538,0.804,0.133,0.376,0.295,0.137,0.484,0.298,0.383,0.027,0.136,0.068,0.000,0.072,0.151,0.000,0.002,0.146,0.172,0.066,0.019,0.454,0.285,0.674,0.595,0.935,0.566,0.476,0.320,0.230,0.275,0.580,0.147,0.409,0.291,0.664,0.246,0.063,0.049,0.104,0.104,0.184,0.251
court-expansion-retaliation,Court Expansion Retaliation,A polarized political system reacts to judicial conflict with expansion threats and capture pressure.,0.850,expansion-retaliation synthetic legislature,remand-override-window-package,Constitutional remand with override window,5120,0.939,0.782,0.157,0.632,0.533,0.689,0.389,0.144,0.106,0.849,0.663,0.525,0.409,0.679,0.523,0.373,0.229,0.468,0.119,0.001,0.545,0.270,0.525,0.297,0.503,0.429,0.573,0.672,0.498,0.588,0.685,0.571,0.788,0.583,0.324,0.651,0.085,0.121,0.379,0.744,0.100,0.671,0.698,0.664,0.460,0.214,0.641,0.660,0.477,0.000,0.660,0.211,0.266,0.000,0.110,0.000,0.152,0.069,0.443,0.273,0.218,0.782,0.000,0.756,0.063,0.000,0.141,0.035,0.074,0.000,0.335,0.292,0.640,0.791,0.204,0.394,0.301,0.146,0.512,0.323,0.394,0.016,0.081,0.037,0.323,0.037,0.092,0.000,0.002,0.144,0.171,0.070,0.020,0.454,0.208,0.479,0.455,0.691,0.416,0.302,0.272,0.170,0.194,0.746,0.194,0.412,0.310,0.625,0.246,0.063,0.049,0.104,0.104,0.184,0.251
court-expansion-retaliation,Court Expansion Retaliation,A polarized political system reacts to judicial conflict with expansion threats and capture pressure.,0.850,expansion-retaliation synthetic legislature,panel-jurisdiction-safeguards,Random panels with jurisdiction safeguards,5120,0.940,0.764,0.176,0.620,0.533,0.655,0.389,0.144,0.106,0.849,0.663,0.525,0.447,0.679,0.523,0.373,0.229,0.427,0.119,0.002,0.545,0.270,0.525,0.307,0.502,0.440,0.751,0.672,0.492,0.564,0.662,0.530,0.722,0.560,0.291,0.643,0.132,0.153,0.372,0.733,0.118,0.674,0.669,0.647,0.344,0.249,0.576,0.640,0.412,0.000,0.640,0.222,0.190,0.228,0.530,0.000,0.172,0.070,0.398,0.238,0.644,0.356,0.000,0.000,0.000,0.000,0.171,0.000,0.000,0.000,0.335,0.344,0.657,0.800,0.208,0.374,0.309,0.145,0.495,0.327,0.382,0.029,0.229,0.088,0.000,0.064,0.000,0.000,0.002,0.147,0.167,0.068,0.026,0.454,0.203,0.482,0.454,0.618,0.398,0.293,0.261,0.174,0.208,0.680,0.194,0.393,0.290,0.620,0.246,0.063,0.049,0.104,0.104,0.184,0.251
court-expansion-retaliation,Court Expansion Retaliation,A polarized political system reacts to judicial conflict with expansion threats and capture pressure.,0.850,expansion-retaliation synthetic legislature,council-concrete-hybrid,Constitutional council with concrete-review backstop,5120,0.945,0.758,0.186,0.601,0.533,0.661,0.389,0.144,0.106,0.849,0.663,0.525,0.442,0.679,0.523,0.373,0.229,0.497,0.119,0.003,0.545,0.270,0.525,0.289,0.526,0.452,0.671,0.672,0.495,0.577,0.678,0.552,0.738,0.573,0.326,0.656,0.074,0.163,0.352,0.773,0.107,0.670,0.692,0.669,0.410,0.231,0.619,0.626,0.478,0.000,0.626,0.110,0.369,0.000,0.394,0.000,0.164,0.103,0.452,0.276,0.637,0.363,0.000,0.706,0.000,0.000,0.154,0.035,0.091,0.010,0.338,0.316,0.617,0.799,0.222,0.364,0.309,0.150,0.487,0.310,0.380,0.016,0.079,0.043,0.310,0.038,0.093,0.000,0.002,0.153,0.163,0.064,0.023,0.454,0.206,0.535,0.394,0.706,0.241,0.204,0.215,0.179,0.172,0.696,0.166,0.407,0.310,0.661,0.246,0.063,0.049,0.104,0.104,0.184,0.251
