priorityTier,term,docketNumber,sourceRowCount,sourceRecordIds,sourceUrl,orderEvents,externalSourceUrl,externalObservationDate,externalObservationLocator,observedActorAction,policyStatus,sourceSha256,reviewStatus,completionRule
1_granted_matter,OT2023,23-411,2,shadow_docket_database_v3-0.csv:line 389010;shadow_docket_database_v3-0.csv:line 389011,https://www.supremecourt.gov/docket/docketfiles/html/public/23-411.html,"[{""applicationClass"":""Stay"",""dispositionDate"":""2023-10-20"",""dispositionType"":""Granted"",""downstreamPolicyStatus"":""injunction_stayed_until_merits_judgment"",""reliefGranted"":""1"",""sourceRecordId"":""shadow_docket_database_v3-0.csv:line 389010""},{""applicationClass"":""Stay"",""dispositionDate"":""2023-10-20"",""dispositionType"":""Granted"",""downstreamPolicyStatus"":""injunction_stayed_until_merits_judgment"",""reliefGranted"":""1"",""sourceRecordId"":""shadow_docket_database_v3-0.csv:line 389011""}]",,,,,,,pending_external_implementation_evidence,"link external lower-court order or official implementation record to the specific order event; retain date, locator, actor, action and unavailable-source log"
1_granted_matter,OT2023,23-727,1,shadow_docket_database_v3-0.csv:line 390600,https://www.supremecourt.gov/docket/docketfiles/html/public/23-727.html,"[{""applicationClass"":""Stay"",""dispositionDate"":""2024-01-05"",""dispositionType"":""Granted"",""downstreamPolicyStatus"":""injunction_stayed_until_merits_dig_then_stay_vacated"",""reliefGranted"":""1"",""sourceRecordId"":""shadow_docket_database_v3-0.csv:line 390600""}]",,,,,,,pending_external_implementation_evidence,"link external lower-court order or official implementation record to the specific order event; retain date, locator, actor, action and unavailable-source log"
1_granted_matter,OT2023,23-7809,1,shadow_docket_database_v3-0.csv:line 395727,https://www.supremecourt.gov/docket/docketfiles/html/public/23-7809.html,"[{""applicationClass"":""Stay"",""dispositionDate"":""2024-07-16"",""dispositionType"":""Granted"",""downstreamPolicyStatus"":""execution_stayed_until_merits_judgment"",""reliefGranted"":""1"",""sourceRecordId"":""shadow_docket_database_v3-0.csv:line 395727""}]",,,,,,,pending_external_implementation_evidence,"link external lower-court order or official implementation record to the specific order event; retain date, locator, actor, action and unavailable-source log"
1_granted_matter,OT2023,23-939,1,shadow_docket_database_v3-0.csv:line 392432,https://www.supremecourt.gov/docket/docketfiles/html/public/23-939.html,"[{""applicationClass"":""Stay"",""dispositionDate"":""2024-02-28"",""dispositionType"":""Granted"",""downstreamPolicyStatus"":""court_of_appeals_mandate_withheld_until_merits_judgment"",""reliefGranted"":""1"",""sourceRecordId"":""shadow_docket_database_v3-0.csv:line 392432""}]",,,,,,,pending_external_implementation_evidence,"link external lower-court order or official implementation record to the specific order event; retain date, locator, actor, action and unavailable-source log"
1_granted_matter,OT2023,23A1002,1,shadow_docket_database_v3-0.csv:line 394400,https://www.supremecourt.gov/docket/docketfiles/html/public/23a1002.html,"[{""applicationClass"":""Stay"",""dispositionDate"":""2024-05-15"",""dispositionType"":""Granted"",""downstreamPolicyStatus"":""stay_remained_through_merits_then_terminated_on_affirmance"",""reliefGranted"":""1"",""sourceRecordId"":""shadow_docket_database_v3-0.csv:line 394400""}]",,,,,,,pending_external_implementation_evidence,"link external lower-court order or official implementation record to the specific order event; retain date, locator, actor, action and unavailable-source log"
1_granted_matter,OT2023,23A302,1,shadow_docket_database_v3-0.csv:line 388887,https://www.supremecourt.gov/docket/docketfiles/html/public/23A302.html,"[{""applicationClass"":""Vacate"",""dispositionDate"":""2023-10-16"",""dispositionType"":""Granted"",""downstreamPolicyStatus"":""injunction_vacated_pending_appeal"",""reliefGranted"":""1"",""sourceRecordId"":""shadow_docket_database_v3-0.csv:line 388887""}]",,,,,,,pending_external_implementation_evidence,"link external lower-court order or official implementation record to the specific order event; retain date, locator, actor, action and unavailable-source log"
1_granted_matter,OT2023,23A308,1,shadow_docket_database_v3-0.csv:line 388608,https://www.supremecourt.gov/Search.aspx?FileName=%2Fdocket%2Fdocketfiles%2Fhtml%2Fpublic%2F23a308.html,"[{""applicationClass"":""Vacate"",""dispositionDate"":""2023-10-10"",""dispositionType"":""Granted"",""downstreamPolicyStatus"":""execution_stay_vacated"",""reliefGranted"":""1"",""sourceRecordId"":""shadow_docket_database_v3-0.csv:line 388608""}]",,,,,,,pending_external_implementation_evidence,"link external lower-court order or official implementation record to the specific order event; retain date, locator, actor, action and unavailable-source log"
1_granted_matter,OT2023,23A607,1,shadow_docket_database_v3-0.csv:line 391366,https://www.supremecourt.gov/docket/docketfiles/html/public/23a607.html,"[{""applicationClass"":""Vacate"",""dispositionDate"":""2024-01-22"",""dispositionType"":""Granted"",""downstreamPolicyStatus"":""injunction_vacated_pending_appeal"",""reliefGranted"":""1"",""sourceRecordId"":""shadow_docket_database_v3-0.csv:line 391366""}]",,,,,,,pending_external_implementation_evidence,"link external lower-court order or official implementation record to the specific order event; retain date, locator, actor, action and unavailable-source log"
1_granted_matter,OT2023,23A763,1,shadow_docket_database_v3-0.csv:line 393434,https://www.supremecourt.gov/docket/docketfiles/html/public/23a763.html,"[{""applicationClass"":""Stay"",""dispositionDate"":""2024-04-15"",""dispositionType"":""Granted"",""downstreamPolicyStatus"":""injunction_stayed_except_named_plaintiffs_pending_appeal_or_cert"",""reliefGranted"":""1"",""sourceRecordId"":""shadow_docket_database_v3-0.csv:line 393434""}]",,,,,,,pending_external_implementation_evidence,"link external lower-court order or official implementation record to the specific order event; retain date, locator, actor, action and unavailable-source log"
1_granted_matter,OT2023,23A994,1,shadow_docket_database_v3-0.csv:line 394399,https://www.supremecourt.gov/docket/docketfiles/html/public/23a994.html,"[{""applicationClass"":""Stay"",""dispositionDate"":""2024-05-15"",""dispositionType"":""Granted"",""downstreamPolicyStatus"":""stay_remained_through_merits_then_terminated_on_affirmance"",""reliefGranted"":""1"",""sourceRecordId"":""shadow_docket_database_v3-0.csv:line 394399""}]",,,,,,,pending_external_implementation_evidence,"link external lower-court order or official implementation record to the specific order event; retain date, locator, actor, action and unavailable-source log"
1_granted_matter,OT2024,24-1113,1,shadow_docket_database_v3-0.csv:line 402701,https://www.supremecourt.gov/docket/docketfiles/html/public/24-1113.html,"[{""applicationClass"":""Stay"",""dispositionDate"":""2025-09-19"",""dispositionType"":""Granted"",""downstreamPolicyStatus"":""state_trial_stayed_until_scotus_mandate"",""reliefGranted"":""1"",""sourceRecordId"":""shadow_docket_database_v3-0.csv:line 402701""}]",,,,,,,pending_external_implementation_evidence,"link external lower-court order or official implementation record to the specific order event; retain date, locator, actor, action and unavailable-source log"
1_granted_matter,OT2024,24-1177,1,shadow_docket_database_v3-0.csv:line 401226,https://www.supremecourt.gov/docket/docketfiles/html/public/24-1177.html,"[{""applicationClass"":""Injunction"",""dispositionDate"":""2025-05-16"",""dispositionType"":""Granted"",""downstreamPolicyStatus"":""removal_enjoined_pending_fifth_circuit_and_cert"",""reliefGranted"":""1"",""sourceRecordId"":""shadow_docket_database_v3-0.csv:line 401226""}]",,,,,,,pending_external_implementation_evidence,"link external lower-court order or official implementation record to the specific order event; retain date, locator, actor, action and unavailable-source log"
1_granted_matter,OT2024,24A1030,1,shadow_docket_database_v3-0.csv:line 401193,https://www.supremecourt.gov/docket/docketfiles/html/public/24a1030.html,"[{""applicationClass"":""Stay"",""dispositionDate"":""2025-05-06"",""dispositionType"":""Granted"",""downstreamPolicyStatus"":""injunction_stayed_pending_appeal_or_cert"",""reliefGranted"":""1"",""sourceRecordId"":""shadow_docket_database_v3-0.csv:line 401193""}]",,,,,,,pending_external_implementation_evidence,"link external lower-court order or official implementation record to the specific order event; retain date, locator, actor, action and unavailable-source log"
1_granted_matter,OT2024,24A1059,1,shadow_docket_database_v3-0.csv:line 401249,https://www.supremecourt.gov/docket/docketfiles/html/public/24a1059.html,"[{""applicationClass"":""Stay"",""dispositionDate"":""2025-05-19"",""dispositionType"":""Granted"",""downstreamPolicyStatus"":""district_order_stayed_pending_appeal_or_cert"",""reliefGranted"":""1"",""sourceRecordId"":""shadow_docket_database_v3-0.csv:line 401249""}]",,,,,,,pending_external_implementation_evidence,"link external lower-court order or official implementation record to the specific order event; retain date, locator, actor, action and unavailable-source log"
1_granted_matter,OT2024,24A1063,1,shadow_docket_database_v3-0.csv:line 401699,https://www.supremecourt.gov/docket/docketfiles/html/public/24a1063.html,"[{""applicationClass"":""Stay"",""dispositionDate"":""2025-06-06"",""dispositionType"":""Granted"",""downstreamPolicyStatus"":""injunction_stayed_pending_appeal_or_cert"",""reliefGranted"":""1"",""sourceRecordId"":""shadow_docket_database_v3-0.csv:line 401699""}]",,,,,,,pending_external_implementation_evidence,"link external lower-court order or official implementation record to the specific order event; retain date, locator, actor, action and unavailable-source log"
1_granted_matter,OT2024,24A1079,1,shadow_docket_database_v3-0.csv:line 401533,https://www.supremecourt.gov/docket/docketfiles/html/public/24a1079.html,"[{""applicationClass"":""Stay"",""dispositionDate"":""2025-05-30"",""dispositionType"":""Granted"",""downstreamPolicyStatus"":""district_order_stayed_pending_appeal_or_cert"",""reliefGranted"":""1"",""sourceRecordId"":""shadow_docket_database_v3-0.csv:line 401533""}]",,,,,,,pending_external_implementation_evidence,"link external lower-court order or official implementation record to the specific order event; retain date, locator, actor, action and unavailable-source log"
1_granted_matter,OT2024,24A1153,1,shadow_docket_database_v3-0.csv:line 401941,https://www.supremecourt.gov/docket/docketfiles/html/public/24a1153.html,"[{""applicationClass"":""Stay"",""dispositionDate"":""2025-06-23"",""dispositionType"":""Granted"",""downstreamPolicyStatus"":""preliminary_injunction_stayed_pending_appeal_or_cert"",""reliefGranted"":""1"",""sourceRecordId"":""shadow_docket_database_v3-0.csv:line 401941""}]",,,,,,,pending_external_implementation_evidence,"link external lower-court order or official implementation record to the specific order event; retain date, locator, actor, action and unavailable-source log"
1_granted_matter,OT2024,24A1174,1,shadow_docket_database_v3-0.csv:line 402282,https://www.supremecourt.gov/docket/docketfiles/html/public/24a1174.html,"[{""applicationClass"":""Stay"",""dispositionDate"":""2025-07-08"",""dispositionType"":""Granted"",""downstreamPolicyStatus"":""preliminary_injunction_stayed_pending_appeal_or_cert"",""reliefGranted"":""1"",""sourceRecordId"":""shadow_docket_database_v3-0.csv:line 402282""}]",,,,,,,pending_external_implementation_evidence,"link external lower-court order or official implementation record to the specific order event; retain date, locator, actor, action and unavailable-source log"
1_granted_matter,OT2024,24A1203,1,shadow_docket_database_v3-0.csv:line 402313,https://www.supremecourt.gov/docket/docketfiles/html/public/24a1203.html,"[{""applicationClass"":""Stay"",""dispositionDate"":""2025-07-14"",""dispositionType"":""Granted"",""downstreamPolicyStatus"":""preliminary_injunction_stayed_pending_appeal_or_cert"",""reliefGranted"":""1"",""sourceRecordId"":""shadow_docket_database_v3-0.csv:line 402313""}]",,,,,,,pending_external_implementation_evidence,"link external lower-court order or official implementation record to the specific order event; retain date, locator, actor, action and unavailable-source log"
1_granted_matter,OT2024,24A653,1,shadow_docket_database_v3-0.csv:line 399409,https://www.supremecourt.gov/docket/docketfiles/html/public/24a653.html,"[{""applicationClass"":""Stay"",""dispositionDate"":""2025-01-23"",""dispositionType"":""Granted"",""downstreamPolicyStatus"":""injunction_stayed_pending_appeal_or_cert"",""reliefGranted"":""1"",""sourceRecordId"":""shadow_docket_database_v3-0.csv:line 399409""}]",,,,,,,pending_external_implementation_evidence,"link external lower-court order or official implementation record to the specific order event; retain date, locator, actor, action and unavailable-source log"
1_granted_matter,OT2024,24A904,1,shadow_docket_database_v3-0.csv:line 400690,https://www.supremecourt.gov/docket/docketfiles/html/public/24a904.html,"[{""applicationClass"":""Stay"",""dispositionDate"":""2025-04-08"",""dispositionType"":""Granted"",""downstreamPolicyStatus"":""injunction_stayed_pending_appeal_or_cert"",""reliefGranted"":""1"",""sourceRecordId"":""shadow_docket_database_v3-0.csv:line 400690""}]",,,,,,,pending_external_implementation_evidence,"link external lower-court order or official implementation record to the specific order event; retain date, locator, actor, action and unavailable-source log"
1_granted_matter,OT2024,24A910,1,shadow_docket_database_v3-0.csv:line 400602,https://www.supremecourt.gov/docket/docketfiles/html/public/24a910.html,"[{""applicationClass"":""Stay"",""dispositionDate"":""2025-04-04"",""dispositionType"":""Granted"",""downstreamPolicyStatus"":""district_order_stayed_pending_appeal_or_cert"",""reliefGranted"":""1"",""sourceRecordId"":""shadow_docket_database_v3-0.csv:line 400602""}]",,,,,,,pending_external_implementation_evidence,"link external lower-court order or official implementation record to the specific order event; retain date, locator, actor, action and unavailable-source log"
1_granted_matter,OT2024,24A931,1,shadow_docket_database_v3-0.csv:line 400686,https://www.supremecourt.gov/docket/docketfiles/html/public/24a931.html,"[{""applicationClass"":""Vacate"",""dispositionDate"":""2025-04-07"",""dispositionType"":""Granted"",""downstreamPolicyStatus"":""temporary_restraining_orders_vacated"",""reliefGranted"":""1"",""sourceRecordId"":""shadow_docket_database_v3-0.csv:line 400686""}]",,,,,,,pending_external_implementation_evidence,"link external lower-court order or official implementation record to the specific order event; retain date, locator, actor, action and unavailable-source log"
1_granted_matter,OT2024,24A966,1,shadow_docket_database_v3-0.csv:line 401404,https://www.supremecourt.gov/docket/docketfiles/html/public/24a966.html,"[{""applicationClass"":""Stay"",""dispositionDate"":""2025-05-22"",""dispositionType"":""Granted"",""downstreamPolicyStatus"":""district_orders_stayed_pending_appeal_or_cert"",""reliefGranted"":""1"",""sourceRecordId"":""shadow_docket_database_v3-0.csv:line 401404""}]",,,,,,,pending_external_implementation_evidence,"link external lower-court order or official implementation record to the specific order event; retain date, locator, actor, action and unavailable-source log"
1_granted_matter,OT2024,25A11,1,shadow_docket_database_v3-0.csv:line 402374,https://www.supremecourt.gov/docket/docketfiles/html/public/25a11.html,"[{""applicationClass"":""Stay"",""dispositionDate"":""2025-07-23"",""dispositionType"":""Granted"",""downstreamPolicyStatus"":""district_order_stayed_pending_appeal_or_cert"",""reliefGranted"":""1"",""sourceRecordId"":""shadow_docket_database_v3-0.csv:line 402374""}]",,,,,,,pending_external_implementation_evidence,"link external lower-court order or official implementation record to the specific order event; retain date, locator, actor, action and unavailable-source log"
1_granted_matter,OT2024,25A169,1,shadow_docket_database_v3-0.csv:line 402643,https://www.supremecourt.gov/docket/docketfiles/html/public/25a169.html,"[{""applicationClass"":""Stay"",""dispositionDate"":""2025-09-08"",""dispositionType"":""Granted"",""downstreamPolicyStatus"":""district_order_stayed_pending_appeal_or_cert"",""reliefGranted"":""1"",""sourceRecordId"":""shadow_docket_database_v3-0.csv:line 402643""}]",,,,,,,pending_external_implementation_evidence,"link external lower-court order or official implementation record to the specific order event; retain date, locator, actor, action and unavailable-source log"
1_granted_matter,OT2024,25A264,1,shadow_docket_database_v3-0.csv:line 402710,https://www.supremecourt.gov/docket/docketfiles/html/public/25a264.html,"[{""applicationClass"":""Stay"",""dispositionDate"":""2025-09-22"",""dispositionType"":""Granted"",""downstreamPolicyStatus"":""district_order_stayed_until_merits_judgment"",""reliefGranted"":""1"",""sourceRecordId"":""shadow_docket_database_v3-0.csv:line 402710""}]",,,,,,,pending_external_implementation_evidence,"link external lower-court order or official implementation record to the specific order event; retain date, locator, actor, action and unavailable-source log"
1_granted_matter,OT2024,25A269,1,shadow_docket_database_v3-0.csv:line 402749,https://www.supremecourt.gov/docket/docketfiles/html/public/25a269.html,"[{""applicationClass"":""Stay"",""dispositionDate"":""2025-09-26"",""dispositionType"":""Granted"",""downstreamPolicyStatus"":""preliminary_injunction_partially_stayed_pending_appeal_or_cert"",""reliefGranted"":""1"",""sourceRecordId"":""shadow_docket_database_v3-0.csv:line 402749""}]",,,,,,,pending_external_implementation_evidence,"link external lower-court order or official implementation record to the specific order event; retain date, locator, actor, action and unavailable-source log"
1_granted_matter,OT2024,25A326,1,shadow_docket_database_v3-0.csv:line 402806,https://www.supremecourt.gov/docket/docketfiles/html/public/25a326.html,"[{""applicationClass"":""Stay"",""dispositionDate"":""2025-10-03"",""dispositionType"":""Granted"",""downstreamPolicyStatus"":""final_judgment_partially_stayed_and_cert_deadline_extended"",""reliefGranted"":""1"",""sourceRecordId"":""shadow_docket_database_v3-0.csv:line 402806""}]",,,,,,,pending_external_implementation_evidence,"link external lower-court order or official implementation record to the specific order event; retain date, locator, actor, action and unavailable-source log"
1_granted_matter,OT2024,25A62,1,shadow_docket_database_v3-0.csv:line 402389,https://www.supremecourt.gov/docket/docketfiles/html/public/25a62.html,"[{""applicationClass"":""Stay"",""dispositionDate"":""2025-07-24"",""dispositionType"":""Granted"",""downstreamPolicyStatus"":""court_of_appeals_mandate_withheld_until_gvr_judgment"",""reliefGranted"":""1"",""sourceRecordId"":""shadow_docket_database_v3-0.csv:line 402389""}]",,,,,,,pending_external_implementation_evidence,"link external lower-court order or official implementation record to the specific order event; retain date, locator, actor, action and unavailable-source log"
2_denied_or_nonbinary_matter,OT2023,23-471,1,shadow_docket_database_v3-0.csv:line 389694,https://www.supremecourt.gov/docket/docketfiles/html/public/23-471.html,"[{""applicationClass"":""Stay"",""dispositionDate"":""2023-11-16"",""dispositionType"":""Denied"",""downstreamPolicyStatus"":""requested_emergency_relief_denied_no_scotus_policy_change"",""reliefGranted"":""0"",""sourceRecordId"":""shadow_docket_database_v3-0.csv:line 389694""}]",,,,,,,pending_external_implementation_evidence,"link external lower-court order or official implementation record to the specific order event; retain date, locator, actor, action and unavailable-source log"
2_denied_or_nonbinary_matter,OT2023,23-503,1,shadow_docket_database_v3-0.csv:line 389696,https://www.supremecourt.gov/docket/docketfiles/html/public/23-503.html,"[{""applicationClass"":""Stay"",""dispositionDate"":""2023-11-16"",""dispositionType"":""Denied"",""downstreamPolicyStatus"":""requested_emergency_relief_denied_no_scotus_policy_change"",""reliefGranted"":""0"",""sourceRecordId"":""shadow_docket_database_v3-0.csv:line 389696""}]",,,,,,,pending_external_implementation_evidence,"link external lower-court order or official implementation record to the specific order event; retain date, locator, actor, action and unavailable-source log"
2_denied_or_nonbinary_matter,OT2023,23-5653,1,shadow_docket_database_v3-0.csv:line 388343,https://www.supremecourt.gov/docket/docketfiles/html/public/23-5653.html,"[{""applicationClass"":""Stay"",""dispositionDate"":""2023-10-02"",""dispositionType"":""Denied"",""downstreamPolicyStatus"":""requested_emergency_relief_denied_no_scotus_policy_change"",""reliefGranted"":""0"",""sourceRecordId"":""shadow_docket_database_v3-0.csv:line 388343""}]",,,,,,,pending_external_implementation_evidence,"link external lower-court order or official implementation record to the specific order event; retain date, locator, actor, action and unavailable-source log"
2_denied_or_nonbinary_matter,OT2023,23-5667,1,shadow_docket_database_v3-0.csv:line 388345,https://www.supremecourt.gov/docket/docketfiles/html/public/23-5667.html,"[{""applicationClass"":""Stay"",""dispositionDate"":""2023-10-02"",""dispositionType"":""Denied"",""downstreamPolicyStatus"":""requested_emergency_relief_denied_no_scotus_policy_change"",""reliefGranted"":""0"",""sourceRecordId"":""shadow_docket_database_v3-0.csv:line 388345""}]",,,,,,,pending_external_implementation_evidence,"link external lower-court order or official implementation record to the specific order event; retain date, locator, actor, action and unavailable-source log"
2_denied_or_nonbinary_matter,OT2023,23-5740,1,shadow_docket_database_v3-0.csv:line 388806,https://www.supremecourt.gov/docket/docketfiles/html/public/23-5740.html,"[{""applicationClass"":""Stay"",""dispositionDate"":""2023-10-10"",""dispositionType"":""Denied"",""downstreamPolicyStatus"":""requested_emergency_relief_denied_no_scotus_policy_change"",""reliefGranted"":""0"",""sourceRecordId"":""shadow_docket_database_v3-0.csv:line 388806""}]",,,,,,,pending_external_implementation_evidence,"link external lower-court order or official implementation record to the specific order event; retain date, locator, actor, action and unavailable-source log"
2_denied_or_nonbinary_matter,OT2023,23-6003,1,shadow_docket_database_v3-0.csv:line 389698,https://www.supremecourt.gov/docket/docketfiles/html/public/23-6003.html,"[{""applicationClass"":""Stay"",""dispositionDate"":""2023-11-16"",""dispositionType"":""Denied"",""downstreamPolicyStatus"":""requested_emergency_relief_denied_no_scotus_policy_change"",""reliefGranted"":""0"",""sourceRecordId"":""shadow_docket_database_v3-0.csv:line 389698""}]",,,,,,,pending_external_implementation_evidence,"link external lower-court order or official implementation record to the specific order event; retain date, locator, actor, action and unavailable-source log"
2_denied_or_nonbinary_matter,OT2023,23-6036,1,shadow_docket_database_v3-0.csv:line 389700,https://www.supremecourt.gov/docket/docketfiles/html/public/23-6036.html,"[{""applicationClass"":""Stay"",""dispositionDate"":""2023-11-16"",""dispositionType"":""Denied"",""downstreamPolicyStatus"":""requested_emergency_relief_denied_no_scotus_policy_change"",""reliefGranted"":""0"",""sourceRecordId"":""shadow_docket_database_v3-0.csv:line 389700""}]",,,,,,,pending_external_implementation_evidence,"link external lower-court order or official implementation record to the specific order event; retain date, locator, actor, action and unavailable-source log"
2_denied_or_nonbinary_matter,OT2023,23-6562,2,shadow_docket_database_v3-0.csv:line 391527;shadow_docket_database_v3-0.csv:line 391528,https://www.supremecourt.gov/docket/docketfiles/html/public/23-6562.html,"[{""applicationClass"":""Stay"",""dispositionDate"":""2024-01-25"",""dispositionType"":""Denied"",""downstreamPolicyStatus"":""requested_emergency_relief_denied_no_scotus_policy_change"",""reliefGranted"":""0"",""sourceRecordId"":""shadow_docket_database_v3-0.csv:line 391527""},{""applicationClass"":""Stay"",""dispositionDate"":""2024-01-25"",""dispositionType"":""Denied"",""downstreamPolicyStatus"":""requested_emergency_relief_denied_no_scotus_policy_change"",""reliefGranted"":""0"",""sourceRecordId"":""shadow_docket_database_v3-0.csv:line 391528""}]",,,,,,,pending_external_implementation_evidence,"link external lower-court order or official implementation record to the specific order event; retain date, locator, actor, action and unavailable-source log"
2_denied_or_nonbinary_matter,OT2023,23-6791,1,shadow_docket_database_v3-0.csv:line 392426,https://www.supremecourt.gov/docket/docketfiles/html/public/23-6791.html,"[{""applicationClass"":""Stay"",""dispositionDate"":""2024-02-28"",""dispositionType"":""Denied"",""downstreamPolicyStatus"":""requested_emergency_relief_denied_no_scotus_policy_change"",""reliefGranted"":""0"",""sourceRecordId"":""shadow_docket_database_v3-0.csv:line 392426""}]",,,,,,,pending_external_implementation_evidence,"link external lower-court order or official implementation record to the specific order event; retain date, locator, actor, action and unavailable-source log"
2_denied_or_nonbinary_matter,OT2023,23-6830,1,shadow_docket_database_v3-0.csv:line 392428,https://www.supremecourt.gov/docket/docketfiles/html/public/23-6830.html,"[{""applicationClass"":""Stay"",""dispositionDate"":""2024-02-28"",""dispositionType"":""Denied"",""downstreamPolicyStatus"":""requested_emergency_relief_denied_no_scotus_policy_change"",""reliefGranted"":""0"",""sourceRecordId"":""shadow_docket_database_v3-0.csv:line 392428""}]",,,,,,,pending_external_implementation_evidence,"link external lower-court order or official implementation record to the specific order event; retain date, locator, actor, action and unavailable-source log"
2_denied_or_nonbinary_matter,OT2023,23-6831,1,shadow_docket_database_v3-0.csv:line 392430,https://www.supremecourt.gov/docket/docketfiles/html/public/23-6831.html,"[{""applicationClass"":""Stay"",""dispositionDate"":""2024-02-28"",""dispositionType"":""Denied"",""downstreamPolicyStatus"":""requested_emergency_relief_denied_no_scotus_policy_change"",""reliefGranted"":""0"",""sourceRecordId"":""shadow_docket_database_v3-0.csv:line 392430""}]",,,,,,,pending_external_implementation_evidence,"link external lower-court order or official implementation record to the specific order event; retain date, locator, actor, action and unavailable-source log"
2_denied_or_nonbinary_matter,OT2023,23-7041,1,shadow_docket_database_v3-0.csv:line 392964,https://www.supremecourt.gov/docket/docketfiles/html/public/23-7041.html,"[{""applicationClass"":""Stay"",""dispositionDate"":""2024-03-20"",""dispositionType"":""Denied"",""downstreamPolicyStatus"":""requested_emergency_relief_denied_no_scotus_policy_change"",""reliefGranted"":""0"",""sourceRecordId"":""shadow_docket_database_v3-0.csv:line 392964""}]",,,,,,,pending_external_implementation_evidence,"link external lower-court order or official implementation record to the specific order event; retain date, locator, actor, action and unavailable-source log"
2_denied_or_nonbinary_matter,OT2023,23-7042,1,shadow_docket_database_v3-0.csv:line 392966,https://www.supremecourt.gov/docket/docketfiles/html/public/23-7042.html,"[{""applicationClass"":""Stay"",""dispositionDate"":""2024-03-20"",""dispositionType"":""Denied"",""downstreamPolicyStatus"":""requested_emergency_relief_denied_no_scotus_policy_change"",""reliefGranted"":""0"",""sourceRecordId"":""shadow_docket_database_v3-0.csv:line 392966""}]",,,,,,,pending_external_implementation_evidence,"link external lower-court order or official implementation record to the specific order event; retain date, locator, actor, action and unavailable-source log"
2_denied_or_nonbinary_matter,OT2023,23-7119,1,shadow_docket_database_v3-0.csv:line 393322,https://www.supremecourt.gov/docket/docketfiles/html/public/23-7119.html,"[{""applicationClass"":""Stay"",""dispositionDate"":""2024-04-09"",""dispositionType"":""Denied"",""downstreamPolicyStatus"":""requested_emergency_relief_denied_no_scotus_policy_change"",""reliefGranted"":""0"",""sourceRecordId"":""shadow_docket_database_v3-0.csv:line 393322""}]",,,,,,,pending_external_implementation_evidence,"link external lower-court order or official implementation record to the specific order event; retain date, locator, actor, action and unavailable-source log"
2_denied_or_nonbinary_matter,OT2023,23-7136,1,shadow_docket_database_v3-0.csv:line 393303,https://www.supremecourt.gov/docket/docketfiles/html/public/23-7136.html,"[{""applicationClass"":""Stay"",""dispositionDate"":""2024-04-02"",""dispositionType"":""Denied"",""downstreamPolicyStatus"":""requested_emergency_relief_denied_no_scotus_policy_change"",""reliefGranted"":""0"",""sourceRecordId"":""shadow_docket_database_v3-0.csv:line 393303""}]",,,,,,,pending_external_implementation_evidence,"link external lower-court order or official implementation record to the specific order event; retain date, locator, actor, action and unavailable-source log"
2_denied_or_nonbinary_matter,OT2023,23-7153,1,shadow_docket_database_v3-0.csv:line 393324,https://www.supremecourt.gov/docket/docketfiles/html/public/23-7153.html,"[{""applicationClass"":""Stay"",""dispositionDate"":""2024-04-09"",""dispositionType"":""Denied"",""downstreamPolicyStatus"":""requested_emergency_relief_denied_no_scotus_policy_change"",""reliefGranted"":""0"",""sourceRecordId"":""shadow_docket_database_v3-0.csv:line 393324""}]",,,,,,,pending_external_implementation_evidence,"link external lower-court order or official implementation record to the specific order event; retain date, locator, actor, action and unavailable-source log"
2_denied_or_nonbinary_matter,OT2023,23-7590,1,shadow_docket_database_v3-0.csv:line 394742,https://www.supremecourt.gov/docket/docketfiles/html/public/23-7590.html,"[{""applicationClass"":""Stay"",""dispositionDate"":""2024-05-30"",""dispositionType"":""Denied"",""downstreamPolicyStatus"":""requested_emergency_relief_denied_no_scotus_policy_change"",""reliefGranted"":""0"",""sourceRecordId"":""shadow_docket_database_v3-0.csv:line 394742""}]",,,,,,,pending_external_implementation_evidence,"link external lower-court order or official implementation record to the specific order event; retain date, locator, actor, action and unavailable-source log"
2_denied_or_nonbinary_matter,OT2023,23-7591,1,shadow_docket_database_v3-0.csv:line 394744,https://www.supremecourt.gov/docket/docketfiles/html/public/23-7591.html,"[{""applicationClass"":""Stay"",""dispositionDate"":""2024-05-30"",""dispositionType"":""Denied"",""downstreamPolicyStatus"":""requested_emergency_relief_denied_no_scotus_policy_change"",""reliefGranted"":""0"",""sourceRecordId"":""shadow_docket_database_v3-0.csv:line 394744""}]",,,,,,,pending_external_implementation_evidence,"link external lower-court order or official implementation record to the specific order event; retain date, locator, actor, action and unavailable-source log"
2_denied_or_nonbinary_matter,OT2023,23-7791,1,shadow_docket_database_v3-0.csv:line 395548,https://www.supremecourt.gov/docket/docketfiles/html/public/23-7791.html,"[{""applicationClass"":""Stay"",""dispositionDate"":""2024-06-26"",""dispositionType"":""Denied"",""downstreamPolicyStatus"":""requested_emergency_relief_denied_no_scotus_policy_change"",""reliefGranted"":""0"",""sourceRecordId"":""shadow_docket_database_v3-0.csv:line 395548""}]",,,,,,,pending_external_implementation_evidence,"link external lower-court order or official implementation record to the specific order event; retain date, locator, actor, action and unavailable-source log"
2_denied_or_nonbinary_matter,OT2023,23-7792,1,shadow_docket_database_v3-0.csv:line 395550,https://www.supremecourt.gov/docket/docketfiles/html/public/23-7792.html,"[{""applicationClass"":""Stay"",""dispositionDate"":""2024-06-26"",""dispositionType"":""Denied"",""downstreamPolicyStatus"":""requested_emergency_relief_denied_no_scotus_policy_change"",""reliefGranted"":""0"",""sourceRecordId"":""shadow_docket_database_v3-0.csv:line 395550""}]",,,,,,,pending_external_implementation_evidence,"link external lower-court order or official implementation record to the specific order event; retain date, locator, actor, action and unavailable-source log"
2_denied_or_nonbinary_matter,OT2023,23A1007,1,shadow_docket_database_v3-0.csv:line 395228,https://www.supremecourt.gov/docket/docketfiles/html/public/23A1007.html,"[{""applicationClass"":""Injunction"",""dispositionDate"":""2024-06-17"",""dispositionType"":""Denied"",""downstreamPolicyStatus"":""requested_emergency_relief_denied_no_scotus_policy_change"",""reliefGranted"":""0"",""sourceRecordId"":""shadow_docket_database_v3-0.csv:line 395228""}]",,,,,,,pending_external_implementation_evidence,"link external lower-court order or official implementation record to the specific order event; retain date, locator, actor, action and unavailable-source log"
2_denied_or_nonbinary_matter,OT2023,23A112,1,shadow_docket_database_v3-0.csv:line 387420,https://www.supremecourt.gov/docket/docketfiles/html/public/23A112.html,"[{""applicationClass"":""Stay"",""dispositionDate"":""2023-10-02"",""dispositionType"":""Denied"",""downstreamPolicyStatus"":""requested_emergency_relief_denied_no_scotus_policy_change"",""reliefGranted"":""0"",""sourceRecordId"":""shadow_docket_database_v3-0.csv:line 387420""}]",,,,,,,pending_external_implementation_evidence,"link external lower-court order or official implementation record to the specific order event; retain date, locator, actor, action and unavailable-source log"
2_denied_or_nonbinary_matter,OT2023,23A1163,1,shadow_docket_database_v3-0.csv:line 395898,https://www.supremecourt.gov/docket/docketfiles/html/public/23A1163.html,"[{""applicationClass"":""Stay"",""dispositionDate"":""2024-08-19"",""dispositionType"":""Denied"",""downstreamPolicyStatus"":""requested_emergency_relief_denied_no_scotus_policy_change"",""reliefGranted"":""0"",""sourceRecordId"":""shadow_docket_database_v3-0.csv:line 395898""}]",,,,,,,pending_external_implementation_evidence,"link external lower-court order or official implementation record to the specific order event; retain date, locator, actor, action and unavailable-source log"
2_denied_or_nonbinary_matter,OT2023,23A1169,1,shadow_docket_database_v3-0.csv:line 395726,https://www.supremecourt.gov/docket/docketfiles/html/public/23A1169.html,"[{""applicationClass"":""Stay"",""dispositionDate"":""2024-07-16"",""dispositionType"":""Denied"",""downstreamPolicyStatus"":""requested_emergency_relief_denied_no_scotus_policy_change"",""reliefGranted"":""0"",""sourceRecordId"":""shadow_docket_database_v3-0.csv:line 395726""}]",,,,,,,pending_external_implementation_evidence,"link external lower-court order or official implementation record to the specific order event; retain date, locator, actor, action and unavailable-source log"
2_denied_or_nonbinary_matter,OT2023,23A128,1,shadow_docket_database_v3-0.csv:line 387421,https://www.supremecourt.gov/docket/docketfiles/html/public/23A128.html,"[{""applicationClass"":""Injunction"",""dispositionDate"":""2023-10-02"",""dispositionType"":""Denied"",""downstreamPolicyStatus"":""requested_emergency_relief_denied_no_scotus_policy_change"",""reliefGranted"":""0"",""sourceRecordId"":""shadow_docket_database_v3-0.csv:line 387421""}]",,,,,,,pending_external_implementation_evidence,"link external lower-court order or official implementation record to the specific order event; retain date, locator, actor, action and unavailable-source log"
2_denied_or_nonbinary_matter,OT2023,23A139,1,shadow_docket_database_v3-0.csv:line 388599,https://www.supremecourt.gov/docket/docketfiles/html/public/23A139.html,"[{""applicationClass"":""Injunction"",""dispositionDate"":""2023-10-10"",""dispositionType"":""Denied"",""downstreamPolicyStatus"":""requested_emergency_relief_denied_no_scotus_policy_change"",""reliefGranted"":""0"",""sourceRecordId"":""shadow_docket_database_v3-0.csv:line 388599""}]",,,,,,,pending_external_implementation_evidence,"link external lower-court order or official implementation record to the specific order event; retain date, locator, actor, action and unavailable-source log"
2_denied_or_nonbinary_matter,OT2023,23A16,1,shadow_docket_database_v3-0.csv:line 388598,https://www.supremecourt.gov/docket/docketfiles/html/public/23A16.html,"[{""applicationClass"":""Stay"",""dispositionDate"":""2023-10-10"",""dispositionType"":""Denied"",""downstreamPolicyStatus"":""requested_emergency_relief_denied_no_scotus_policy_change"",""reliefGranted"":""0"",""sourceRecordId"":""shadow_docket_database_v3-0.csv:line 388598""}]",,,,,,,pending_external_implementation_evidence,"link external lower-court order or official implementation record to the specific order event; retain date, locator, actor, action and unavailable-source log"
2_denied_or_nonbinary_matter,OT2023,23A161,1,shadow_docket_database_v3-0.csv:line 389044,https://www.supremecourt.gov/docket/docketfiles/html/public/23A161.html,"[{""applicationClass"":""Injunction"",""dispositionDate"":""2023-10-30"",""dispositionType"":""Denied"",""downstreamPolicyStatus"":""requested_emergency_relief_denied_no_scotus_policy_change"",""reliefGranted"":""0"",""sourceRecordId"":""shadow_docket_database_v3-0.csv:line 389044""}]",,,,,,,pending_external_implementation_evidence,"link external lower-court order or official implementation record to the specific order event; retain date, locator, actor, action and unavailable-source log"
2_denied_or_nonbinary_matter,OT2023,23A185,1,shadow_docket_database_v3-0.csv:line 389045,https://www.supremecourt.gov/docket/docketfiles/html/public/23A185.html,"[{""applicationClass"":""Stay"",""dispositionDate"":""2023-10-30"",""dispositionType"":""Denied"",""downstreamPolicyStatus"":""requested_emergency_relief_denied_no_scotus_policy_change"",""reliefGranted"":""0"",""sourceRecordId"":""shadow_docket_database_v3-0.csv:line 389045""}]",,,,,,,pending_external_implementation_evidence,"link external lower-court order or official implementation record to the specific order event; retain date, locator, actor, action and unavailable-source log"
2_denied_or_nonbinary_matter,OT2023,23A196,1,shadow_docket_database_v3-0.csv:line 387422,https://www.supremecourt.gov/docket/docketfiles/html/public/23A196.html,"[{""applicationClass"":""Stay"",""dispositionDate"":""2023-10-02"",""dispositionType"":""Denied"",""downstreamPolicyStatus"":""requested_emergency_relief_denied_no_scotus_policy_change"",""reliefGranted"":""0"",""sourceRecordId"":""shadow_docket_database_v3-0.csv:line 387422""}]",,,,,,,pending_external_implementation_evidence,"link external lower-court order or official implementation record to the specific order event; retain date, locator, actor, action and unavailable-source log"
2_denied_or_nonbinary_matter,OT2023,23A210,1,shadow_docket_database_v3-0.csv:line 388602,https://www.supremecourt.gov/docket/docketfiles/html/public/23A210.html,"[{""applicationClass"":""Injunction"",""dispositionDate"":""2023-10-10"",""dispositionType"":""Denied"",""downstreamPolicyStatus"":""requested_emergency_relief_denied_no_scotus_policy_change"",""reliefGranted"":""0"",""sourceRecordId"":""shadow_docket_database_v3-0.csv:line 388602""}]",,,,,,,pending_external_implementation_evidence,"link external lower-court order or official implementation record to the specific order event; retain date, locator, actor, action and unavailable-source log"
2_denied_or_nonbinary_matter,OT2023,23A230,1,shadow_docket_database_v3-0.csv:line 388603,https://www.supremecourt.gov/docket/docketfiles/html/public/23A230.html,"[{""applicationClass"":""Stay"",""dispositionDate"":""2023-10-10"",""dispositionType"":""Denied"",""downstreamPolicyStatus"":""requested_emergency_relief_denied_no_scotus_policy_change"",""reliefGranted"":""0"",""sourceRecordId"":""shadow_docket_database_v3-0.csv:line 388603""}]",,,,,,,pending_external_implementation_evidence,"link external lower-court order or official implementation record to the specific order event; retain date, locator, actor, action and unavailable-source log"
2_denied_or_nonbinary_matter,OT2023,23A242,1,shadow_docket_database_v3-0.csv:line 389046,https://www.supremecourt.gov/docket/docketfiles/html/public/23A242.html,"[{""applicationClass"":""Stay"",""dispositionDate"":""2023-10-30"",""dispositionType"":""Denied"",""downstreamPolicyStatus"":""requested_emergency_relief_denied_no_scotus_policy_change"",""reliefGranted"":""0"",""sourceRecordId"":""shadow_docket_database_v3-0.csv:line 389046""}]",,,,,,,pending_external_implementation_evidence,"link external lower-court order or official implementation record to the specific order event; retain date, locator, actor, action and unavailable-source log"
2_denied_or_nonbinary_matter,OT2023,23A281,1,shadow_docket_database_v3-0.csv:line 389007,https://www.supremecourt.gov/docket/docketfiles/html/public/23A281.html,"[{""applicationClass"":""Stay"",""dispositionDate"":""2023-10-19"",""dispositionType"":""Denied"",""downstreamPolicyStatus"":""requested_emergency_relief_denied_no_scotus_policy_change"",""reliefGranted"":""0"",""sourceRecordId"":""shadow_docket_database_v3-0.csv:line 389007""}]",,,,,,,pending_external_implementation_evidence,"link external lower-court order or official implementation record to the specific order event; retain date, locator, actor, action and unavailable-source log"
2_denied_or_nonbinary_matter,OT2023,23A282,1,shadow_docket_database_v3-0.csv:line 389008,https://www.supremecourt.gov/docket/docketfiles/html/public/23A282.html,"[{""applicationClass"":""Stay"",""dispositionDate"":""2023-10-19"",""dispositionType"":""Denied"",""downstreamPolicyStatus"":""requested_emergency_relief_denied_no_scotus_policy_change"",""reliefGranted"":""0"",""sourceRecordId"":""shadow_docket_database_v3-0.csv:line 389008""}]",,,,,,,pending_external_implementation_evidence,"link external lower-court order or official implementation record to the specific order event; retain date, locator, actor, action and unavailable-source log"
2_denied_or_nonbinary_matter,OT2023,23A296,1,shadow_docket_database_v3-0.csv:line 389012,https://www.supremecourt.gov/docket/docketfiles/html/public/23A296.html,"[{""applicationClass"":""Stay"",""dispositionDate"":""2023-10-20"",""dispositionType"":""Denied"",""downstreamPolicyStatus"":""requested_emergency_relief_denied_no_scotus_policy_change"",""reliefGranted"":""0"",""sourceRecordId"":""shadow_docket_database_v3-0.csv:line 389012""}]",,,,,,,pending_external_implementation_evidence,"link external lower-court order or official implementation record to the specific order event; retain date, locator, actor, action and unavailable-source log"
2_denied_or_nonbinary_matter,OT2023,23A315,2,shadow_docket_database_v3-0.csv:line 389027;shadow_docket_database_v3-0.csv:line 389028,https://www.supremecourt.gov/docket/docketfiles/html/public/23A315.html,"[{""applicationClass"":""Stay"",""dispositionDate"":""2023-10-25"",""dispositionType"":""Denied"",""downstreamPolicyStatus"":""requested_emergency_relief_denied_no_scotus_policy_change"",""reliefGranted"":""0"",""sourceRecordId"":""shadow_docket_database_v3-0.csv:line 389027""},{""applicationClass"":""Vacate"",""dispositionDate"":""2023-10-25"",""dispositionType"":""NA"",""downstreamPolicyStatus"":""nonbinary_or_na_docket_status_no_external_implementation_coding"",""reliefGranted"":""NA"",""sourceRecordId"":""shadow_docket_database_v3-0.csv:line 389028""}]",,,,,,,pending_external_implementation_evidence,"link external lower-court order or official implementation record to the specific order event; retain date, locator, actor, action and unavailable-source log"
2_denied_or_nonbinary_matter,OT2023,23A364,1,shadow_docket_database_v3-0.csv:line 389509,https://www.supremecourt.gov/docket/docketfiles/html/public/23A364.html,"[{""applicationClass"":""Stay"",""dispositionDate"":""2023-11-07"",""dispositionType"":""Denied"",""downstreamPolicyStatus"":""requested_emergency_relief_denied_no_scotus_policy_change"",""reliefGranted"":""0"",""sourceRecordId"":""shadow_docket_database_v3-0.csv:line 389509""}]",,,,,,,pending_external_implementation_evidence,"link external lower-court order or official implementation record to the specific order event; retain date, locator, actor, action and unavailable-source log"
2_denied_or_nonbinary_matter,OT2023,23A366,1,shadow_docket_database_v3-0.csv:line 389693,https://www.supremecourt.gov/docket/docketfiles/html/public/23A366.html,"[{""applicationClass"":""Stay"",""dispositionDate"":""2023-11-16"",""dispositionType"":""Denied"",""downstreamPolicyStatus"":""requested_emergency_relief_denied_no_scotus_policy_change"",""reliefGranted"":""0"",""sourceRecordId"":""shadow_docket_database_v3-0.csv:line 389693""}]",,,,,,,pending_external_implementation_evidence,"link external lower-court order or official implementation record to the specific order event; retain date, locator, actor, action and unavailable-source log"
2_denied_or_nonbinary_matter,OT2023,23A419,1,shadow_docket_database_v3-0.csv:line 390660,https://www.supremecourt.gov/docket/docketfiles/html/public/23A419.html,"[{""applicationClass"":""Stay"",""dispositionDate"":""2024-01-08"",""dispositionType"":""Denied"",""downstreamPolicyStatus"":""requested_emergency_relief_denied_no_scotus_policy_change"",""reliefGranted"":""0"",""sourceRecordId"":""shadow_docket_database_v3-0.csv:line 390660""}]",,,,,,,pending_external_implementation_evidence,"link external lower-court order or official implementation record to the specific order event; retain date, locator, actor, action and unavailable-source log"
2_denied_or_nonbinary_matter,OT2023,23A449,1,shadow_docket_database_v3-0.csv:line 390029,https://www.supremecourt.gov/docket/docketfiles/html/public/23A449.html,"[{""applicationClass"":""Stay"",""dispositionDate"":""2023-12-01"",""dispositionType"":""Dismissed"",""downstreamPolicyStatus"":""application_dismissed_no_scotus_policy_change"",""reliefGranted"":""NA"",""sourceRecordId"":""shadow_docket_database_v3-0.csv:line 390029""}]",,,,,,,pending_external_implementation_evidence,"link external lower-court order or official implementation record to the specific order event; retain date, locator, actor, action and unavailable-source log"
2_denied_or_nonbinary_matter,OT2023,23A452,1,shadow_docket_database_v3-0.csv:line 389930,https://www.supremecourt.gov/docket/docketfiles/html/public/23A452.html,"[{""applicationClass"":""Stay"",""dispositionDate"":""2023-11-27"",""dispositionType"":""Denied"",""downstreamPolicyStatus"":""requested_emergency_relief_denied_no_scotus_policy_change"",""reliefGranted"":""0"",""sourceRecordId"":""shadow_docket_database_v3-0.csv:line 389930""}]",,,,,,,pending_external_implementation_evidence,"link external lower-court order or official implementation record to the specific order event; retain date, locator, actor, action and unavailable-source log"
2_denied_or_nonbinary_matter,OT2023,23A468,1,shadow_docket_database_v3-0.csv:line 390661,https://www.supremecourt.gov/docket/docketfiles/html/public/23A468.html,"[{""applicationClass"":""Stay"",""dispositionDate"":""2024-01-08"",""dispositionType"":""Denied"",""downstreamPolicyStatus"":""requested_emergency_relief_denied_no_scotus_policy_change"",""reliefGranted"":""0"",""sourceRecordId"":""shadow_docket_database_v3-0.csv:line 390661""}]",,,,,,,pending_external_implementation_evidence,"link external lower-court order or official implementation record to the specific order event; retain date, locator, actor, action and unavailable-source log"
2_denied_or_nonbinary_matter,OT2023,23A486,1,shadow_docket_database_v3-0.csv:line 390510,https://www.supremecourt.gov/docket/docketfiles/html/public/23A486.html,"[{""applicationClass"":""Injunction"",""dispositionDate"":""2023-12-14"",""dispositionType"":""Denied"",""downstreamPolicyStatus"":""requested_emergency_relief_denied_no_scotus_policy_change"",""reliefGranted"":""0"",""sourceRecordId"":""shadow_docket_database_v3-0.csv:line 390510""}]",,,,,,,pending_external_implementation_evidence,"link external lower-court order or official implementation record to the specific order event; retain date, locator, actor, action and unavailable-source log"
2_denied_or_nonbinary_matter,OT2023,23A489,1,shadow_docket_database_v3-0.csv:line 390662,https://www.supremecourt.gov/docket/docketfiles/html/public/23A489.html,"[{""applicationClass"":""Stay"",""dispositionDate"":""2024-01-08"",""dispositionType"":""Denied"",""downstreamPolicyStatus"":""requested_emergency_relief_denied_no_scotus_policy_change"",""reliefGranted"":""0"",""sourceRecordId"":""shadow_docket_database_v3-0.csv:line 390662""}]",,,,,,,pending_external_implementation_evidence,"link external lower-court order or official implementation record to the specific order event; retain date, locator, actor, action and unavailable-source log"
2_denied_or_nonbinary_matter,OT2023,23A521,1,shadow_docket_database_v3-0.csv:line 390484,https://www.supremecourt.gov/docket/docketfiles/html/public/23A521.html,"[{""applicationClass"":""Stay"",""dispositionDate"":""2023-12-12"",""dispositionType"":""Denied"",""downstreamPolicyStatus"":""requested_emergency_relief_denied_no_scotus_policy_change"",""reliefGranted"":""0"",""sourceRecordId"":""shadow_docket_database_v3-0.csv:line 390484""}]",,,,,,,pending_external_implementation_evidence,"link external lower-court order or official implementation record to the specific order event; retain date, locator, actor, action and unavailable-source log"
2_denied_or_nonbinary_matter,OT2023,23A523,1,shadow_docket_database_v3-0.csv:line 390485,https://www.supremecourt.gov/docket/docketfiles/html/public/23A523.html,"[{""applicationClass"":""Stay"",""dispositionDate"":""2023-12-12"",""dispositionType"":""Denied"",""downstreamPolicyStatus"":""requested_emergency_relief_denied_no_scotus_policy_change"",""reliefGranted"":""0"",""sourceRecordId"":""shadow_docket_database_v3-0.csv:line 390485""}]",,,,,,,pending_external_implementation_evidence,"link external lower-court order or official implementation record to the specific order event; retain date, locator, actor, action and unavailable-source log"
2_denied_or_nonbinary_matter,OT2023,23A641,1,shadow_docket_database_v3-0.csv:line 391367,https://www.supremecourt.gov/docket/docketfiles/html/public/23A641.html,"[{""applicationClass"":""Stay"",""dispositionDate"":""2024-01-22"",""dispositionType"":""Denied"",""downstreamPolicyStatus"":""requested_emergency_relief_denied_no_scotus_policy_change"",""reliefGranted"":""0"",""sourceRecordId"":""shadow_docket_database_v3-0.csv:line 391367""}]",,,,,,,pending_external_implementation_evidence,"link external lower-court order or official implementation record to the specific order event; retain date, locator, actor, action and unavailable-source log"
2_denied_or_nonbinary_matter,OT2023,23A696,1,shadow_docket_database_v3-0.csv:line 391556,https://www.supremecourt.gov/docket/docketfiles/html/public/23A696.html,"[{""applicationClass"":""Injunction"",""dispositionDate"":""2024-02-02"",""dispositionType"":""Denied"",""downstreamPolicyStatus"":""requested_emergency_relief_denied_no_scotus_policy_change"",""reliefGranted"":""0"",""sourceRecordId"":""shadow_docket_database_v3-0.csv:line 391556""}]",,,,,,,pending_external_implementation_evidence,"link external lower-court order or official implementation record to the specific order event; retain date, locator, actor, action and unavailable-source log"
2_denied_or_nonbinary_matter,OT2023,23A701,1,shadow_docket_database_v3-0.csv:line 392481,https://www.supremecourt.gov/docket/docketfiles/html/public/23A701.html,"[{""applicationClass"":""Stay"",""dispositionDate"":""2024-03-04"",""dispositionType"":""Denied"",""downstreamPolicyStatus"":""requested_emergency_relief_denied_no_scotus_policy_change"",""reliefGranted"":""0"",""sourceRecordId"":""shadow_docket_database_v3-0.csv:line 392481""}]",,,,,,,pending_external_implementation_evidence,"link external lower-court order or official implementation record to the specific order event; retain date, locator, actor, action and unavailable-source log"
2_denied_or_nonbinary_matter,OT2023,23A718,1,shadow_docket_database_v3-0.csv:line 392703,https://www.supremecourt.gov/docket/docketfiles/html/public/23A718.html,"[{""applicationClass"":""Injunction"",""dispositionDate"":""2024-03-18"",""dispositionType"":""Denied"",""downstreamPolicyStatus"":""requested_emergency_relief_denied_no_scotus_policy_change"",""reliefGranted"":""0"",""sourceRecordId"":""shadow_docket_database_v3-0.csv:line 392703""}]",,,,,,,pending_external_implementation_evidence,"link external lower-court order or official implementation record to the specific order event; retain date, locator, actor, action and unavailable-source log"
2_denied_or_nonbinary_matter,OT2023,23A741,2,shadow_docket_database_v3-0.csv:line 392212;shadow_docket_database_v3-0.csv:line 392213,https://www.supremecourt.gov/docket/docketfiles/html/public/23A741.html,"[{""applicationClass"":""Stay"",""dispositionDate"":""2024-02-22"",""dispositionType"":""Denied"",""downstreamPolicyStatus"":""requested_emergency_relief_denied_no_scotus_policy_change"",""reliefGranted"":""0"",""sourceRecordId"":""shadow_docket_database_v3-0.csv:line 392212""},{""applicationClass"":""Vacate"",""dispositionDate"":""2024-02-22"",""dispositionType"":""NA"",""downstreamPolicyStatus"":""nonbinary_or_na_docket_status_no_external_implementation_coding"",""reliefGranted"":""NA"",""sourceRecordId"":""shadow_docket_database_v3-0.csv:line 392213""}]",,,,,,,pending_external_implementation_evidence,"link external lower-court order or official implementation record to the specific order event; retain date, locator, actor, action and unavailable-source log"
2_denied_or_nonbinary_matter,OT2023,23A781,1,shadow_docket_database_v3-0.csv:line 394440,https://www.supremecourt.gov/docket/docketfiles/html/public/23A781.html,"[{""applicationClass"":""Injunction"",""dispositionDate"":""2024-05-20"",""dispositionType"":""Denied"",""downstreamPolicyStatus"":""requested_emergency_relief_denied_no_scotus_policy_change"",""reliefGranted"":""0"",""sourceRecordId"":""shadow_docket_database_v3-0.csv:line 394440""}]",,,,,,,pending_external_implementation_evidence,"link external lower-court order or official implementation record to the specific order event; retain date, locator, actor, action and unavailable-source log"
2_denied_or_nonbinary_matter,OT2023,23A802,1,shadow_docket_database_v3-0.csv:line 393185,https://www.supremecourt.gov/docket/docketfiles/html/public/23A802.html,"[{""applicationClass"":""Stay"",""dispositionDate"":""2024-04-01"",""dispositionType"":""Denied"",""downstreamPolicyStatus"":""requested_emergency_relief_denied_no_scotus_policy_change"",""reliefGranted"":""0"",""sourceRecordId"":""shadow_docket_database_v3-0.csv:line 393185""}]",,,,,,,pending_external_implementation_evidence,"link external lower-court order or official implementation record to the specific order event; retain date, locator, actor, action and unavailable-source log"
2_denied_or_nonbinary_matter,OT2023,23A814,2,shadow_docket_database_v3-0.csv:line 392935;shadow_docket_database_v3-0.csv:line 392960,https://www.supremecourt.gov/docket/docketfiles/html/public/23A814.html,"[{""applicationClass"":""Stay"",""dispositionDate"":""2024-03-19"",""dispositionType"":""Denied"",""downstreamPolicyStatus"":""requested_emergency_relief_denied_no_scotus_policy_change"",""reliefGranted"":""0"",""sourceRecordId"":""shadow_docket_database_v3-0.csv:line 392935""},{""applicationClass"":""Vacate"",""dispositionDate"":""2024-03-19"",""dispositionType"":""NA"",""downstreamPolicyStatus"":""nonbinary_or_na_docket_status_no_external_implementation_coding"",""reliefGranted"":""NA"",""sourceRecordId"":""shadow_docket_database_v3-0.csv:line 392960""}]",,,,,,,pending_external_implementation_evidence,"link external lower-court order or official implementation record to the specific order event; retain date, locator, actor, action and unavailable-source log"
2_denied_or_nonbinary_matter,OT2023,23A815,2,shadow_docket_database_v3-0.csv:line 392936;shadow_docket_database_v3-0.csv:line 392961,https://www.supremecourt.gov/docket/docketfiles/html/public/23A815.html,"[{""applicationClass"":""Stay"",""dispositionDate"":""2024-03-19"",""dispositionType"":""Denied"",""downstreamPolicyStatus"":""requested_emergency_relief_denied_no_scotus_policy_change"",""reliefGranted"":""0"",""sourceRecordId"":""shadow_docket_database_v3-0.csv:line 392936""},{""applicationClass"":""Vacate"",""dispositionDate"":""2024-03-19"",""dispositionType"":""NA"",""downstreamPolicyStatus"":""nonbinary_or_na_docket_status_no_external_implementation_coding"",""reliefGranted"":""NA"",""sourceRecordId"":""shadow_docket_database_v3-0.csv:line 392961""}]",,,,,,,pending_external_implementation_evidence,"link external lower-court order or official implementation record to the specific order event; retain date, locator, actor, action and unavailable-source log"
2_denied_or_nonbinary_matter,OT2023,23A820,1,shadow_docket_database_v3-0.csv:line 392673,https://www.supremecourt.gov/docket/docketfiles/html/public/23A820.html,"[{""applicationClass"":""Injunction"",""dispositionDate"":""2024-03-15"",""dispositionType"":""Denied"",""downstreamPolicyStatus"":""requested_emergency_relief_denied_no_scotus_policy_change"",""reliefGranted"":""0"",""sourceRecordId"":""shadow_docket_database_v3-0.csv:line 392673""}]",,,,,,,pending_external_implementation_evidence,"link external lower-court order or official implementation record to the specific order event; retain date, locator, actor, action and unavailable-source log"
2_denied_or_nonbinary_matter,OT2023,23A829,1,shadow_docket_database_v3-0.csv:line 393419,https://www.supremecourt.gov/docket/docketfiles/html/public/23A829.html,"[{""applicationClass"":""Injunction"",""dispositionDate"":""2024-04-15"",""dispositionType"":""Denied"",""downstreamPolicyStatus"":""requested_emergency_relief_denied_no_scotus_policy_change"",""reliefGranted"":""0"",""sourceRecordId"":""shadow_docket_database_v3-0.csv:line 393419""}]",,,,,,,pending_external_implementation_evidence,"link external lower-court order or official implementation record to the specific order event; retain date, locator, actor, action and unavailable-source log"
2_denied_or_nonbinary_matter,OT2023,23A851,1,shadow_docket_database_v3-0.csv:line 394796,https://www.supremecourt.gov/docket/docketfiles/html/public/23A851.html,"[{""applicationClass"":""Stay"",""dispositionDate"":""2024-06-03"",""dispositionType"":""Denied"",""downstreamPolicyStatus"":""requested_emergency_relief_denied_no_scotus_policy_change"",""reliefGranted"":""0"",""sourceRecordId"":""shadow_docket_database_v3-0.csv:line 394796""}]",,,,,,,pending_external_implementation_evidence,"link external lower-court order or official implementation record to the specific order event; retain date, locator, actor, action and unavailable-source log"
2_denied_or_nonbinary_matter,OT2023,23A862,1,shadow_docket_database_v3-0.csv:line 393302,https://www.supremecourt.gov/docket/docketfiles/html/public/23A862.html,"[{""applicationClass"":""Stay"",""dispositionDate"":""2024-04-02"",""dispositionType"":""Denied"",""downstreamPolicyStatus"":""requested_emergency_relief_denied_no_scotus_policy_change"",""reliefGranted"":""0"",""sourceRecordId"":""shadow_docket_database_v3-0.csv:line 393302""}]",,,,,,,pending_external_implementation_evidence,"link external lower-court order or official implementation record to the specific order event; retain date, locator, actor, action and unavailable-source log"
2_denied_or_nonbinary_matter,OT2023,23A870,1,shadow_docket_database_v3-0.csv:line 394441,https://www.supremecourt.gov/docket/docketfiles/html/public/23A870.html,"[{""applicationClass"":""Stay"",""dispositionDate"":""2024-05-20"",""dispositionType"":""Denied"",""downstreamPolicyStatus"":""requested_emergency_relief_denied_no_scotus_policy_change"",""reliefGranted"":""0"",""sourceRecordId"":""shadow_docket_database_v3-0.csv:line 394441""}]",,,,,,,pending_external_implementation_evidence,"link external lower-court order or official implementation record to the specific order event; retain date, locator, actor, action and unavailable-source log"
2_denied_or_nonbinary_matter,OT2023,23A871,1,shadow_docket_database_v3-0.csv:line 394442,https://www.supremecourt.gov/docket/docketfiles/html/public/23A871.html,"[{""applicationClass"":""Stay"",""dispositionDate"":""2024-05-20"",""dispositionType"":""Denied"",""downstreamPolicyStatus"":""requested_emergency_relief_denied_no_scotus_policy_change"",""reliefGranted"":""0"",""sourceRecordId"":""shadow_docket_database_v3-0.csv:line 394442""}]",,,,,,,pending_external_implementation_evidence,"link external lower-court order or official implementation record to the specific order event; retain date, locator, actor, action and unavailable-source log"
2_denied_or_nonbinary_matter,OT2023,23A901,1,shadow_docket_database_v3-0.csv:line 394443,https://www.supremecourt.gov/docket/docketfiles/html/public/23A901.html,"[{""applicationClass"":""Stay"",""dispositionDate"":""2024-05-20"",""dispositionType"":""Denied"",""downstreamPolicyStatus"":""requested_emergency_relief_denied_no_scotus_policy_change"",""reliefGranted"":""0"",""sourceRecordId"":""shadow_docket_database_v3-0.csv:line 394443""}]",,,,,,,pending_external_implementation_evidence,"link external lower-court order or official implementation record to the specific order event; retain date, locator, actor, action and unavailable-source log"
2_denied_or_nonbinary_matter,OT2023,23A925,1,shadow_docket_database_v3-0.csv:line 394086,https://www.supremecourt.gov/docket/docketfiles/html/public/23A925.html,"[{""applicationClass"":""Stay"",""dispositionDate"":""2024-04-30"",""dispositionType"":""Denied"",""downstreamPolicyStatus"":""requested_emergency_relief_denied_no_scotus_policy_change"",""reliefGranted"":""0"",""sourceRecordId"":""shadow_docket_database_v3-0.csv:line 394086""}]",,,,,,,pending_external_implementation_evidence,"link external lower-court order or official implementation record to the specific order event; retain date, locator, actor, action and unavailable-source log"
2_denied_or_nonbinary_matter,OT2023,23A933,1,shadow_docket_database_v3-0.csv:line 394618,https://www.supremecourt.gov/docket/docketfiles/html/public/23A933.html,"[{""applicationClass"":""Injunction"",""dispositionDate"":""2024-05-28"",""dispositionType"":""Denied"",""downstreamPolicyStatus"":""requested_emergency_relief_denied_no_scotus_policy_change"",""reliefGranted"":""0"",""sourceRecordId"":""shadow_docket_database_v3-0.csv:line 394618""}]",,,,,,,pending_external_implementation_evidence,"link external lower-court order or official implementation record to the specific order event; retain date, locator, actor, action and unavailable-source log"
2_denied_or_nonbinary_matter,OT2023,23A96,1,shadow_docket_database_v3-0.csv:line 387418,https://www.supremecourt.gov/docket/docketfiles/html/public/23A96.html,"[{""applicationClass"":""Stay"",""dispositionDate"":""2023-10-02"",""dispositionType"":""Denied"",""downstreamPolicyStatus"":""requested_emergency_relief_denied_no_scotus_policy_change"",""reliefGranted"":""0"",""sourceRecordId"":""shadow_docket_database_v3-0.csv:line 387418""}]",,,,,,,pending_external_implementation_evidence,"link external lower-court order or official implementation record to the specific order event; retain date, locator, actor, action and unavailable-source log"
2_denied_or_nonbinary_matter,OT2023,23A99,1,shadow_docket_database_v3-0.csv:line 387419,https://www.supremecourt.gov/docket/docketfiles/html/public/23A99.html,"[{""applicationClass"":""Stay"",""dispositionDate"":""2023-10-02"",""dispositionType"":""Denied"",""downstreamPolicyStatus"":""requested_emergency_relief_denied_no_scotus_policy_change"",""reliefGranted"":""0"",""sourceRecordId"":""shadow_docket_database_v3-0.csv:line 387419""}]",,,,,,,pending_external_implementation_evidence,"link external lower-court order or official implementation record to the specific order event; retain date, locator, actor, action and unavailable-source log"
2_denied_or_nonbinary_matter,OT2023,24-5221,1,shadow_docket_database_v3-0.csv:line 395851,https://www.supremecourt.gov/docket/docketfiles/html/public/24-5221.html,"[{""applicationClass"":""Stay"",""dispositionDate"":""2024-08-07"",""dispositionType"":""Denied"",""downstreamPolicyStatus"":""requested_emergency_relief_denied_no_scotus_policy_change"",""reliefGranted"":""0"",""sourceRecordId"":""shadow_docket_database_v3-0.csv:line 395851""}]",,,,,,,pending_external_implementation_evidence,"link external lower-court order or official implementation record to the specific order event; retain date, locator, actor, action and unavailable-source log"
2_denied_or_nonbinary_matter,OT2023,24-5389,1,shadow_docket_database_v3-0.csv:line 395974,https://www.supremecourt.gov/docket/docketfiles/html/public/24-5389.html,"[{""applicationClass"":""Stay"",""dispositionDate"":""2024-08-29"",""dispositionType"":""Denied"",""downstreamPolicyStatus"":""requested_emergency_relief_denied_no_scotus_policy_change"",""reliefGranted"":""0"",""sourceRecordId"":""shadow_docket_database_v3-0.csv:line 395974""}]",,,,,,,pending_external_implementation_evidence,"link external lower-court order or official implementation record to the specific order event; retain date, locator, actor, action and unavailable-source log"
2_denied_or_nonbinary_matter,OT2023,24-5561,1,shadow_docket_database_v3-0.csv:line 396068,https://www.supremecourt.gov/docket/docketfiles/html/public/24-5561.html,"[{""applicationClass"":""Stay"",""dispositionDate"":""2024-09-24"",""dispositionType"":""Denied"",""downstreamPolicyStatus"":""requested_emergency_relief_denied_no_scotus_policy_change"",""reliefGranted"":""0"",""sourceRecordId"":""shadow_docket_database_v3-0.csv:line 396068""}]",,,,,,,pending_external_implementation_evidence,"link external lower-court order or official implementation record to the specific order event; retain date, locator, actor, action and unavailable-source log"
2_denied_or_nonbinary_matter,OT2023,24-5603,2,shadow_docket_database_v3-0.csv:line 396060;shadow_docket_database_v3-0.csv:line 396061,https://www.supremecourt.gov/docket/docketfiles/html/public/24-5603.html,"[{""applicationClass"":""Stay"",""dispositionDate"":""2024-09-20"",""dispositionType"":""Denied"",""downstreamPolicyStatus"":""requested_emergency_relief_denied_no_scotus_policy_change"",""reliefGranted"":""0"",""sourceRecordId"":""shadow_docket_database_v3-0.csv:line 396060""},{""applicationClass"":""Stay"",""dispositionDate"":""2024-09-20"",""dispositionType"":""Denied"",""downstreamPolicyStatus"":""requested_emergency_relief_denied_no_scotus_policy_change"",""reliefGranted"":""0"",""sourceRecordId"":""shadow_docket_database_v3-0.csv:line 396061""}]",,,,,,,pending_external_implementation_evidence,"link external lower-court order or official implementation record to the specific order event; retain date, locator, actor, action and unavailable-source log"
2_denied_or_nonbinary_matter,OT2023,24-5606,1,shadow_docket_database_v3-0.csv:line 396070,https://www.supremecourt.gov/docket/docketfiles/html/public/24-5606.html,"[{""applicationClass"":""Stay"",""dispositionDate"":""2024-09-24"",""dispositionType"":""Denied"",""downstreamPolicyStatus"":""requested_emergency_relief_denied_no_scotus_policy_change"",""reliefGranted"":""0"",""sourceRecordId"":""shadow_docket_database_v3-0.csv:line 396070""}]",,,,,,,pending_external_implementation_evidence,"link external lower-court order or official implementation record to the specific order event; retain date, locator, actor, action and unavailable-source log"
2_denied_or_nonbinary_matter,OT2023,24-5612,2,shadow_docket_database_v3-0.csv:line 396072;shadow_docket_database_v3-0.csv:line 396073,https://www.supremecourt.gov/docket/docketfiles/html/public/24-5612.html,"[{""applicationClass"":""Stay"",""dispositionDate"":""2024-09-24"",""dispositionType"":""Denied"",""downstreamPolicyStatus"":""requested_emergency_relief_denied_no_scotus_policy_change"",""reliefGranted"":""0"",""sourceRecordId"":""shadow_docket_database_v3-0.csv:line 396072""},{""applicationClass"":""Stay"",""dispositionDate"":""2024-09-24"",""dispositionType"":""Denied"",""downstreamPolicyStatus"":""requested_emergency_relief_denied_no_scotus_policy_change"",""reliefGranted"":""0"",""sourceRecordId"":""shadow_docket_database_v3-0.csv:line 396073""}]",,,,,,,pending_external_implementation_evidence,"link external lower-court order or official implementation record to the specific order event; retain date, locator, actor, action and unavailable-source log"
2_denied_or_nonbinary_matter,OT2023,24-5658,1,shadow_docket_database_v3-0.csv:line 396094,https://www.supremecourt.gov/docket/docketfiles/html/public/24-5658.html,"[{""applicationClass"":""Stay"",""dispositionDate"":""2024-10-01"",""dispositionType"":""Denied"",""downstreamPolicyStatus"":""requested_emergency_relief_denied_no_scotus_policy_change"",""reliefGranted"":""0"",""sourceRecordId"":""shadow_docket_database_v3-0.csv:line 396094""}]",,,,,,,pending_external_implementation_evidence,"link external lower-court order or official implementation record to the specific order event; retain date, locator, actor, action and unavailable-source log"
2_denied_or_nonbinary_matter,OT2023,24-5670,1,shadow_docket_database_v3-0.csv:line 396096,https://www.supremecourt.gov/docket/docketfiles/html/public/24-5670.html,"[{""applicationClass"":""Stay"",""dispositionDate"":""2024-10-01"",""dispositionType"":""Denied"",""downstreamPolicyStatus"":""requested_emergency_relief_denied_no_scotus_policy_change"",""reliefGranted"":""0"",""sourceRecordId"":""shadow_docket_database_v3-0.csv:line 396096""}]",,,,,,,pending_external_implementation_evidence,"link external lower-court order or official implementation record to the specific order event; retain date, locator, actor, action and unavailable-source log"
2_denied_or_nonbinary_matter,OT2023,24-5671,1,shadow_docket_database_v3-0.csv:line 396098,https://www.supremecourt.gov/docket/docketfiles/html/public/24-5671.html,"[{""applicationClass"":""Stay"",""dispositionDate"":""2024-10-01"",""dispositionType"":""Denied"",""downstreamPolicyStatus"":""requested_emergency_relief_denied_no_scotus_policy_change"",""reliefGranted"":""0"",""sourceRecordId"":""shadow_docket_database_v3-0.csv:line 396098""}]",,,,,,,pending_external_implementation_evidence,"link external lower-court order or official implementation record to the specific order event; retain date, locator, actor, action and unavailable-source log"
2_denied_or_nonbinary_matter,OT2023,24A11,1,shadow_docket_database_v3-0.csv:line 395970,https://www.supremecourt.gov/docket/docketfiles/html/public/24A11.html,"[{""applicationClass"":""Stay"",""dispositionDate"":""2024-08-28"",""dispositionType"":""Denied"",""downstreamPolicyStatus"":""requested_emergency_relief_denied_no_scotus_policy_change"",""reliefGranted"":""0"",""sourceRecordId"":""shadow_docket_database_v3-0.csv:line 395970""}]",,,,,,,pending_external_implementation_evidence,"link external lower-court order or official implementation record to the specific order event; retain date, locator, actor, action and unavailable-source log"
2_denied_or_nonbinary_matter,OT2023,24A146,1,shadow_docket_database_v3-0.csv:line 395982,https://www.supremecourt.gov/docket/docketfiles/html/public/24A146.html,"[{""applicationClass"":""Injunction"",""dispositionDate"":""2024-09-03"",""dispositionType"":""Denied"",""downstreamPolicyStatus"":""requested_emergency_relief_denied_no_scotus_policy_change"",""reliefGranted"":""0"",""sourceRecordId"":""shadow_docket_database_v3-0.csv:line 395982""}]",,,,,,,pending_external_implementation_evidence,"link external lower-court order or official implementation record to the specific order event; retain date, locator, actor, action and unavailable-source log"
2_denied_or_nonbinary_matter,OT2023,24A164,1,shadow_docket_database_v3-0.csv:line 395950,https://www.supremecourt.gov/docket/docketfiles/html/public/24A164.html,"[{""applicationClass"":""Stay"",""dispositionDate"":""2024-08-22"",""dispositionType"":""Granted/Denied"",""downstreamPolicyStatus"":""mixed_or_partial_emergency_disposition_no_external_implementation_coding"",""reliefGranted"":""NA"",""sourceRecordId"":""shadow_docket_database_v3-0.csv:line 395950""}]",,,,,,,pending_external_implementation_evidence,"link external lower-court order or official implementation record to the specific order event; retain date, locator, actor, action and unavailable-source log"
2_denied_or_nonbinary_matter,OT2023,24A173,1,shadow_docket_database_v3-0.csv:line 395969,https://www.supremecourt.gov/docket/docketfiles/html/public/24A173.html,"[{""applicationClass"":""Vacate"",""dispositionDate"":""2024-08-28"",""dispositionType"":""Denied"",""downstreamPolicyStatus"":""requested_emergency_relief_denied_no_scotus_policy_change"",""reliefGranted"":""0"",""sourceRecordId"":""shadow_docket_database_v3-0.csv:line 395969""}]",,,,,,,pending_external_implementation_evidence,"link external lower-court order or official implementation record to the specific order event; retain date, locator, actor, action and unavailable-source log"
2_denied_or_nonbinary_matter,OT2023,24A178,1,shadow_docket_database_v3-0.csv:line 396115,https://www.supremecourt.gov/docket/docketfiles/html/public/24A178.html,"[{""applicationClass"":""Stay"",""dispositionDate"":""2024-10-04"",""dispositionType"":""Denied"",""downstreamPolicyStatus"":""requested_emergency_relief_denied_no_scotus_policy_change"",""reliefGranted"":""0"",""sourceRecordId"":""shadow_docket_database_v3-0.csv:line 396115""}]",,,,,,,pending_external_implementation_evidence,"link external lower-court order or official implementation record to the specific order event; retain date, locator, actor, action and unavailable-source log"
2_denied_or_nonbinary_matter,OT2023,24A179,1,shadow_docket_database_v3-0.csv:line 396116,https://www.supremecourt.gov/docket/docketfiles/html/public/24A179.html,"[{""applicationClass"":""Stay"",""dispositionDate"":""2024-10-04"",""dispositionType"":""Denied"",""downstreamPolicyStatus"":""requested_emergency_relief_denied_no_scotus_policy_change"",""reliefGranted"":""0"",""sourceRecordId"":""shadow_docket_database_v3-0.csv:line 396116""}]",,,,,,,pending_external_implementation_evidence,"link external lower-court order or official implementation record to the specific order event; retain date, locator, actor, action and unavailable-source log"
2_denied_or_nonbinary_matter,OT2023,24A180,1,shadow_docket_database_v3-0.csv:line 396117,https://www.supremecourt.gov/docket/docketfiles/html/public/24A180.html,"[{""applicationClass"":""Stay"",""dispositionDate"":""2024-10-04"",""dispositionType"":""Denied"",""downstreamPolicyStatus"":""requested_emergency_relief_denied_no_scotus_policy_change"",""reliefGranted"":""0"",""sourceRecordId"":""shadow_docket_database_v3-0.csv:line 396117""}]",,,,,,,pending_external_implementation_evidence,"link external lower-court order or official implementation record to the specific order event; retain date, locator, actor, action and unavailable-source log"
2_denied_or_nonbinary_matter,OT2023,24A181,1,shadow_docket_database_v3-0.csv:line 395981,https://www.supremecourt.gov/docket/docketfiles/html/public/24A181.html,"[{""applicationClass"":""Stay"",""dispositionDate"":""2024-09-03"",""dispositionType"":""Denied"",""downstreamPolicyStatus"":""requested_emergency_relief_denied_no_scotus_policy_change"",""reliefGranted"":""0"",""sourceRecordId"":""shadow_docket_database_v3-0.csv:line 395981""}]",,,,,,,pending_external_implementation_evidence,"link external lower-court order or official implementation record to the specific order event; retain date, locator, actor, action and unavailable-source log"
2_denied_or_nonbinary_matter,OT2023,24A186,1,shadow_docket_database_v3-0.csv:line 396118,https://www.supremecourt.gov/docket/docketfiles/html/public/24A186.html,"[{""applicationClass"":""Stay"",""dispositionDate"":""2024-10-04"",""dispositionType"":""Denied"",""downstreamPolicyStatus"":""requested_emergency_relief_denied_no_scotus_policy_change"",""reliefGranted"":""0"",""sourceRecordId"":""shadow_docket_database_v3-0.csv:line 396118""}]",,,,,,,pending_external_implementation_evidence,"link external lower-court order or official implementation record to the specific order event; retain date, locator, actor, action and unavailable-source log"
2_denied_or_nonbinary_matter,OT2023,24A197,1,shadow_docket_database_v3-0.csv:line 396119,https://www.supremecourt.gov/docket/docketfiles/html/public/24A197.html,"[{""applicationClass"":""Stay"",""dispositionDate"":""2024-10-04"",""dispositionType"":""Denied"",""downstreamPolicyStatus"":""requested_emergency_relief_denied_no_scotus_policy_change"",""reliefGranted"":""0"",""sourceRecordId"":""shadow_docket_database_v3-0.csv:line 396119""}]",,,,,,,pending_external_implementation_evidence,"link external lower-court order or official implementation record to the specific order event; retain date, locator, actor, action and unavailable-source log"
2_denied_or_nonbinary_matter,OT2023,24A199,1,shadow_docket_database_v3-0.csv:line 396120,https://www.supremecourt.gov/docket/docketfiles/html/public/24A199.html,"[{""applicationClass"":""Stay"",""dispositionDate"":""2024-10-04"",""dispositionType"":""Denied"",""downstreamPolicyStatus"":""requested_emergency_relief_denied_no_scotus_policy_change"",""reliefGranted"":""0"",""sourceRecordId"":""shadow_docket_database_v3-0.csv:line 396120""}]",,,,,,,pending_external_implementation_evidence,"link external lower-court order or official implementation record to the specific order event; retain date, locator, actor, action and unavailable-source log"
2_denied_or_nonbinary_matter,OT2023,24A203,1,shadow_docket_database_v3-0.csv:line 396121,https://www.supremecourt.gov/docket/docketfiles/html/public/24A203.html,"[{""applicationClass"":""Stay"",""dispositionDate"":""2024-10-04"",""dispositionType"":""Denied"",""downstreamPolicyStatus"":""requested_emergency_relief_denied_no_scotus_policy_change"",""reliefGranted"":""0"",""sourceRecordId"":""shadow_docket_database_v3-0.csv:line 396121""}]",,,,,,,pending_external_implementation_evidence,"link external lower-court order or official implementation record to the specific order event; retain date, locator, actor, action and unavailable-source log"
2_denied_or_nonbinary_matter,OT2023,24A213,1,shadow_docket_database_v3-0.csv:line 396122,https://www.supremecourt.gov/docket/docketfiles/html/public/24A213.html,"[{""applicationClass"":""Stay"",""dispositionDate"":""2024-10-04"",""dispositionType"":""Denied"",""downstreamPolicyStatus"":""requested_emergency_relief_denied_no_scotus_policy_change"",""reliefGranted"":""0"",""sourceRecordId"":""shadow_docket_database_v3-0.csv:line 396122""}]",,,,,,,pending_external_implementation_evidence,"link external lower-court order or official implementation record to the specific order event; retain date, locator, actor, action and unavailable-source log"
2_denied_or_nonbinary_matter,OT2023,24A215,1,shadow_docket_database_v3-0.csv:line 396123,https://www.supremecourt.gov/docket/docketfiles/html/public/24A215.html,"[{""applicationClass"":""Stay"",""dispositionDate"":""2024-10-04"",""dispositionType"":""Denied"",""downstreamPolicyStatus"":""requested_emergency_relief_denied_no_scotus_policy_change"",""reliefGranted"":""0"",""sourceRecordId"":""shadow_docket_database_v3-0.csv:line 396123""}]",,,,,,,pending_external_implementation_evidence,"link external lower-court order or official implementation record to the specific order event; retain date, locator, actor, action and unavailable-source log"
2_denied_or_nonbinary_matter,OT2023,24A262,1,shadow_docket_database_v3-0.csv:line 396059,https://www.supremecourt.gov/docket/docketfiles/html/public/24A262.html,"[{""applicationClass"":""Vacate"",""dispositionDate"":""2024-09-20"",""dispositionType"":""Denied"",""downstreamPolicyStatus"":""requested_emergency_relief_denied_no_scotus_policy_change"",""reliefGranted"":""0"",""sourceRecordId"":""shadow_docket_database_v3-0.csv:line 396059""}]",,,,,,,pending_external_implementation_evidence,"link external lower-court order or official implementation record to the specific order event; retain date, locator, actor, action and unavailable-source log"
2_denied_or_nonbinary_matter,OT2023,24A285,1,shadow_docket_database_v3-0.csv:line 396081,https://www.supremecourt.gov/docket/docketfiles/html/public/24A285.html,"[{""applicationClass"":""Injunction"",""dispositionDate"":""2024-09-27"",""dispositionType"":""Denied"",""downstreamPolicyStatus"":""requested_emergency_relief_denied_no_scotus_policy_change"",""reliefGranted"":""0"",""sourceRecordId"":""shadow_docket_database_v3-0.csv:line 396081""}]",,,,,,,pending_external_implementation_evidence,"link external lower-court order or official implementation record to the specific order event; retain date, locator, actor, action and unavailable-source log"
2_denied_or_nonbinary_matter,OT2023,24A29,1,shadow_docket_database_v3-0.csv:line 395899,https://www.supremecourt.gov/docket/docketfiles/html/public/24A29.html,"[{""applicationClass"":""Injunction"",""dispositionDate"":""2024-08-19"",""dispositionType"":""Denied"",""downstreamPolicyStatus"":""requested_emergency_relief_denied_no_scotus_policy_change"",""reliefGranted"":""0"",""sourceRecordId"":""shadow_docket_database_v3-0.csv:line 395899""}]",,,,,,,pending_external_implementation_evidence,"link external lower-court order or official implementation record to the specific order event; retain date, locator, actor, action and unavailable-source log"
2_denied_or_nonbinary_matter,OT2023,24A60,1,shadow_docket_database_v3-0.csv:line 395742,https://www.supremecourt.gov/docket/docketfiles/html/public/24A60.html,"[{""applicationClass"":""Stay"",""dispositionDate"":""2024-07-18"",""dispositionType"":""Denied"",""downstreamPolicyStatus"":""requested_emergency_relief_denied_no_scotus_policy_change"",""reliefGranted"":""0"",""sourceRecordId"":""shadow_docket_database_v3-0.csv:line 395742""}]",,,,,,,pending_external_implementation_evidence,"link external lower-court order or official implementation record to the specific order event; retain date, locator, actor, action and unavailable-source log"
2_denied_or_nonbinary_matter,OT2023,24A78,2,shadow_docket_database_v3-0.csv:line 395892;shadow_docket_database_v3-0.csv:line 395893,https://www.supremecourt.gov/docket/docketfiles/html/public/24A78.html,"[{""applicationClass"":""Stay"",""dispositionDate"":""2024-08-16"",""dispositionType"":""Denied"",""downstreamPolicyStatus"":""requested_emergency_relief_denied_no_scotus_policy_change"",""reliefGranted"":""0"",""sourceRecordId"":""shadow_docket_database_v3-0.csv:line 395892""},{""applicationClass"":""Stay"",""dispositionDate"":""2024-08-16"",""dispositionType"":""Denied"",""downstreamPolicyStatus"":""requested_emergency_relief_denied_no_scotus_policy_change"",""reliefGranted"":""0"",""sourceRecordId"":""shadow_docket_database_v3-0.csv:line 395893""}]",,,,,,,pending_external_implementation_evidence,"link external lower-court order or official implementation record to the specific order event; retain date, locator, actor, action and unavailable-source log"
2_denied_or_nonbinary_matter,OT2023,24A79,2,shadow_docket_database_v3-0.csv:line 395894;shadow_docket_database_v3-0.csv:line 395895,https://www.supremecourt.gov/docket/docketfiles/html/public/24A79.html,"[{""applicationClass"":""Stay"",""dispositionDate"":""2024-08-16"",""dispositionType"":""Denied"",""downstreamPolicyStatus"":""requested_emergency_relief_denied_no_scotus_policy_change"",""reliefGranted"":""0"",""sourceRecordId"":""shadow_docket_database_v3-0.csv:line 395894""},{""applicationClass"":""Stay"",""dispositionDate"":""2024-08-16"",""dispositionType"":""Denied"",""downstreamPolicyStatus"":""requested_emergency_relief_denied_no_scotus_policy_change"",""reliefGranted"":""0"",""sourceRecordId"":""shadow_docket_database_v3-0.csv:line 395895""}]",,,,,,,pending_external_implementation_evidence,"link external lower-court order or official implementation record to the specific order event; retain date, locator, actor, action and unavailable-source log"
2_denied_or_nonbinary_matter,OT2024,23A1101,1,shadow_docket_database_v3-0.csv:line 397476,https://www.supremecourt.gov/docket/docketfiles/html/public/23A1101.html,"[{""applicationClass"":""Vacate"",""dispositionDate"":""2024-10-15"",""dispositionType"":""Denied"",""downstreamPolicyStatus"":""requested_emergency_relief_denied_no_scotus_policy_change"",""reliefGranted"":""0"",""sourceRecordId"":""shadow_docket_database_v3-0.csv:line 397476""}]",,,,,,,pending_external_implementation_evidence,"link external lower-court order or official implementation record to the specific order event; retain date, locator, actor, action and unavailable-source log"
2_denied_or_nonbinary_matter,OT2024,24-5668,1,shadow_docket_database_v3-0.csv:line 397925,https://www.supremecourt.gov/docket/docketfiles/html/public/24-5668.html,"[{""applicationClass"":""Stay"",""dispositionDate"":""2024-10-31"",""dispositionType"":""Denied"",""downstreamPolicyStatus"":""requested_emergency_relief_denied_no_scotus_policy_change"",""reliefGranted"":""0"",""sourceRecordId"":""shadow_docket_database_v3-0.csv:line 397925""}]",,,,,,,pending_external_implementation_evidence,"link external lower-court order or official implementation record to the specific order event; retain date, locator, actor, action and unavailable-source log"
2_denied_or_nonbinary_matter,OT2024,24-5753,2,shadow_docket_database_v3-0.csv:line 397756;shadow_docket_database_v3-0.csv:line 397757,https://www.supremecourt.gov/docket/docketfiles/html/public/24-5753.html,"[{""applicationClass"":""Stay"",""dispositionDate"":""2024-10-17"",""dispositionType"":""Denied"",""downstreamPolicyStatus"":""requested_emergency_relief_denied_no_scotus_policy_change"",""reliefGranted"":""0"",""sourceRecordId"":""shadow_docket_database_v3-0.csv:line 397756""},{""applicationClass"":""Stay"",""dispositionDate"":""2024-10-17"",""dispositionType"":""Denied"",""downstreamPolicyStatus"":""requested_emergency_relief_denied_no_scotus_policy_change"",""reliefGranted"":""0"",""sourceRecordId"":""shadow_docket_database_v3-0.csv:line 397757""}]",,,,,,,pending_external_implementation_evidence,"link external lower-court order or official implementation record to the specific order event; retain date, locator, actor, action and unavailable-source log"
2_denied_or_nonbinary_matter,OT2024,24-5807,1,shadow_docket_database_v3-0.csv:line 398511,https://www.supremecourt.gov/docket/docketfiles/html/public/24-5807.html,"[{""applicationClass"":""Stay"",""dispositionDate"":""2024-12-02"",""dispositionType"":""Denied"",""downstreamPolicyStatus"":""requested_emergency_relief_denied_no_scotus_policy_change"",""reliefGranted"":""0"",""sourceRecordId"":""shadow_docket_database_v3-0.csv:line 398511""}]",,,,,,,pending_external_implementation_evidence,"link external lower-court order or official implementation record to the specific order event; retain date, locator, actor, action and unavailable-source log"
2_denied_or_nonbinary_matter,OT2024,24-5993,1,shadow_docket_database_v3-0.csv:line 398383,https://www.supremecourt.gov/docket/docketfiles/html/public/24-5993.html,"[{""applicationClass"":""Stay"",""dispositionDate"":""2024-11-21"",""dispositionType"":""Denied"",""downstreamPolicyStatus"":""requested_emergency_relief_denied_no_scotus_policy_change"",""reliefGranted"":""0"",""sourceRecordId"":""shadow_docket_database_v3-0.csv:line 398383""}]",,,,,,,pending_external_implementation_evidence,"link external lower-court order or official implementation record to the specific order event; retain date, locator, actor, action and unavailable-source log"
2_denied_or_nonbinary_matter,OT2024,24-6159,1,shadow_docket_database_v3-0.csv:line 398858,https://www.supremecourt.gov/docket/docketfiles/html/public/24-6159.html,"[{""applicationClass"":""Stay"",""dispositionDate"":""2024-12-19"",""dispositionType"":""Denied"",""downstreamPolicyStatus"":""requested_emergency_relief_denied_no_scotus_policy_change"",""reliefGranted"":""0"",""sourceRecordId"":""shadow_docket_database_v3-0.csv:line 398858""}]",,,,,,,pending_external_implementation_evidence,"link external lower-court order or official implementation record to the specific order event; retain date, locator, actor, action and unavailable-source log"
2_denied_or_nonbinary_matter,OT2024,24-6164,1,shadow_docket_database_v3-0.csv:line 398840,https://www.supremecourt.gov/docket/docketfiles/html/public/24-6164.html,"[{""applicationClass"":""Stay"",""dispositionDate"":""2024-12-17"",""dispositionType"":""Denied"",""downstreamPolicyStatus"":""requested_emergency_relief_denied_no_scotus_policy_change"",""reliefGranted"":""0"",""sourceRecordId"":""shadow_docket_database_v3-0.csv:line 398840""}]",,,,,,,pending_external_implementation_evidence,"link external lower-court order or official implementation record to the specific order event; retain date, locator, actor, action and unavailable-source log"
2_denied_or_nonbinary_matter,OT2024,24-6376,1,shadow_docket_database_v3-0.csv:line 399551,https://www.supremecourt.gov/docket/docketfiles/html/public/24-6376.html,"[{""applicationClass"":""Stay"",""dispositionDate"":""2025-01-30"",""dispositionType"":""Denied"",""downstreamPolicyStatus"":""requested_emergency_relief_denied_no_scotus_policy_change"",""reliefGranted"":""0"",""sourceRecordId"":""shadow_docket_database_v3-0.csv:line 399551""}]",,,,,,,pending_external_implementation_evidence,"link external lower-court order or official implementation record to the specific order event; retain date, locator, actor, action and unavailable-source log"
2_denied_or_nonbinary_matter,OT2024,24-6442,1,shadow_docket_database_v3-0.csv:line 399566,https://www.supremecourt.gov/docket/docketfiles/html/public/24-6442.html,"[{""applicationClass"":""Stay"",""dispositionDate"":""2025-02-05"",""dispositionType"":""Denied"",""downstreamPolicyStatus"":""requested_emergency_relief_denied_no_scotus_policy_change"",""reliefGranted"":""0"",""sourceRecordId"":""shadow_docket_database_v3-0.csv:line 399566""}]",,,,,,,pending_external_implementation_evidence,"link external lower-court order or official implementation record to the specific order event; retain date, locator, actor, action and unavailable-source log"
2_denied_or_nonbinary_matter,OT2024,24-6510,1,shadow_docket_database_v3-0.csv:line 399600,https://www.supremecourt.gov/docket/docketfiles/html/public/24-6510.html,"[{""applicationClass"":""Stay"",""dispositionDate"":""2025-02-12"",""dispositionType"":""Denied"",""downstreamPolicyStatus"":""requested_emergency_relief_denied_no_scotus_policy_change"",""reliefGranted"":""0"",""sourceRecordId"":""shadow_docket_database_v3-0.csv:line 399600""}]",,,,,,,pending_external_implementation_evidence,"link external lower-court order or official implementation record to the specific order event; retain date, locator, actor, action and unavailable-source log"
2_denied_or_nonbinary_matter,OT2024,24-6709,1,shadow_docket_database_v3-0.csv:line 400103,https://www.supremecourt.gov/docket/docketfiles/html/public/24-6709.html,"[{""applicationClass"":""Stay"",""dispositionDate"":""2025-03-07"",""dispositionType"":""Denied"",""downstreamPolicyStatus"":""requested_emergency_relief_denied_no_scotus_policy_change"",""reliefGranted"":""0"",""sourceRecordId"":""shadow_docket_database_v3-0.csv:line 400103""}]",,,,,,,pending_external_implementation_evidence,"link external lower-court order or official implementation record to the specific order event; retain date, locator, actor, action and unavailable-source log"
2_denied_or_nonbinary_matter,OT2024,24-6775,1,shadow_docket_database_v3-0.csv:line 400251,https://www.supremecourt.gov/docket/docketfiles/html/public/24-6775.html,"[{""applicationClass"":""Stay"",""dispositionDate"":""2025-03-20"",""dispositionType"":""Denied"",""downstreamPolicyStatus"":""requested_emergency_relief_denied_no_scotus_policy_change"",""reliefGranted"":""0"",""sourceRecordId"":""shadow_docket_database_v3-0.csv:line 400251""}]",,,,,,,pending_external_implementation_evidence,"link external lower-court order or official implementation record to the specific order event; retain date, locator, actor, action and unavailable-source log"
2_denied_or_nonbinary_matter,OT2024,24-6776,1,shadow_docket_database_v3-0.csv:line 400253,https://www.supremecourt.gov/docket/docketfiles/html/public/24-6776.html,"[{""applicationClass"":""Stay"",""dispositionDate"":""2025-03-20"",""dispositionType"":""Denied"",""downstreamPolicyStatus"":""requested_emergency_relief_denied_no_scotus_policy_change"",""reliefGranted"":""0"",""sourceRecordId"":""shadow_docket_database_v3-0.csv:line 400253""}]",,,,,,,pending_external_implementation_evidence,"link external lower-court order or official implementation record to the specific order event; retain date, locator, actor, action and unavailable-source log"
2_denied_or_nonbinary_matter,OT2024,24-6777,1,shadow_docket_database_v3-0.csv:line 400255,https://www.supremecourt.gov/docket/docketfiles/html/public/24-6777.html,"[{""applicationClass"":""Stay"",""dispositionDate"":""2025-03-20"",""dispositionType"":""Denied"",""downstreamPolicyStatus"":""requested_emergency_relief_denied_no_scotus_policy_change"",""reliefGranted"":""0"",""sourceRecordId"":""shadow_docket_database_v3-0.csv:line 400255""}]",,,,,,,pending_external_implementation_evidence,"link external lower-court order or official implementation record to the specific order event; retain date, locator, actor, action and unavailable-source log"
2_denied_or_nonbinary_matter,OT2024,24-6932,1,shadow_docket_database_v3-0.csv:line 400691,https://www.supremecourt.gov/docket/docketfiles/html/public/24-6932.html,"[{""applicationClass"":""Stay"",""dispositionDate"":""2025-04-08"",""dispositionType"":""Denied"",""downstreamPolicyStatus"":""requested_emergency_relief_denied_no_scotus_policy_change"",""reliefGranted"":""0"",""sourceRecordId"":""shadow_docket_database_v3-0.csv:line 400691""}]",,,,,,,pending_external_implementation_evidence,"link external lower-court order or official implementation record to the specific order event; retain date, locator, actor, action and unavailable-source log"
2_denied_or_nonbinary_matter,OT2024,24-6933,1,shadow_docket_database_v3-0.csv:line 400709,https://www.supremecourt.gov/docket/docketfiles/html/public/24-6933.html,"[{""applicationClass"":""Stay"",""dispositionDate"":""2025-04-11"",""dispositionType"":""Denied"",""downstreamPolicyStatus"":""requested_emergency_relief_denied_no_scotus_policy_change"",""reliefGranted"":""0"",""sourceRecordId"":""shadow_docket_database_v3-0.csv:line 400709""}]",,,,,,,pending_external_implementation_evidence,"link external lower-court order or official implementation record to the specific order event; retain date, locator, actor, action and unavailable-source log"
2_denied_or_nonbinary_matter,OT2024,24-7030,1,shadow_docket_database_v3-0.csv:line 400957,https://www.supremecourt.gov/docket/docketfiles/html/public/24-7030.html,"[{""applicationClass"":""Stay"",""dispositionDate"":""2025-04-23"",""dispositionType"":""Denied"",""downstreamPolicyStatus"":""requested_emergency_relief_denied_no_scotus_policy_change"",""reliefGranted"":""0"",""sourceRecordId"":""shadow_docket_database_v3-0.csv:line 400957""}]",,,,,,,pending_external_implementation_evidence,"link external lower-court order or official implementation record to the specific order event; retain date, locator, actor, action and unavailable-source log"
2_denied_or_nonbinary_matter,OT2024,24-7079,1,shadow_docket_database_v3-0.csv:line 401084,https://www.supremecourt.gov/docket/docketfiles/html/public/24-7079.html,"[{""applicationClass"":""Stay"",""dispositionDate"":""2025-05-01"",""dispositionType"":""Denied"",""downstreamPolicyStatus"":""requested_emergency_relief_denied_no_scotus_policy_change"",""reliefGranted"":""0"",""sourceRecordId"":""shadow_docket_database_v3-0.csv:line 401084""}]",,,,,,,pending_external_implementation_evidence,"link external lower-court order or official implementation record to the specific order event; retain date, locator, actor, action and unavailable-source log"
2_denied_or_nonbinary_matter,OT2024,24-7084,1,shadow_docket_database_v3-0.csv:line 401086,https://www.supremecourt.gov/docket/docketfiles/html/public/24-7084.html,"[{""applicationClass"":""Stay"",""dispositionDate"":""2025-05-01"",""dispositionType"":""Denied"",""downstreamPolicyStatus"":""requested_emergency_relief_denied_no_scotus_policy_change"",""reliefGranted"":""0"",""sourceRecordId"":""shadow_docket_database_v3-0.csv:line 401086""}]",,,,,,,pending_external_implementation_evidence,"link external lower-court order or official implementation record to the specific order event; retain date, locator, actor, action and unavailable-source log"
2_denied_or_nonbinary_matter,OT2024,24-7087,1,shadow_docket_database_v3-0.csv:line 401088,https://www.supremecourt.gov/docket/docketfiles/html/public/24-7087.html,"[{""applicationClass"":""Stay"",""dispositionDate"":""2025-05-01"",""dispositionType"":""Denied"",""downstreamPolicyStatus"":""requested_emergency_relief_denied_no_scotus_policy_change"",""reliefGranted"":""0"",""sourceRecordId"":""shadow_docket_database_v3-0.csv:line 401088""}]",,,,,,,pending_external_implementation_evidence,"link external lower-court order or official implementation record to the specific order event; retain date, locator, actor, action and unavailable-source log"
2_denied_or_nonbinary_matter,OT2024,24-7111,1,shadow_docket_database_v3-0.csv:line 401090,https://www.supremecourt.gov/docket/docketfiles/html/public/24-7111.html,"[{""applicationClass"":""Stay"",""dispositionDate"":""2025-05-01"",""dispositionType"":""Denied"",""downstreamPolicyStatus"":""requested_emergency_relief_denied_no_scotus_policy_change"",""reliefGranted"":""0"",""sourceRecordId"":""shadow_docket_database_v3-0.csv:line 401090""}]",,,,,,,pending_external_implementation_evidence,"link external lower-court order or official implementation record to the specific order event; retain date, locator, actor, action and unavailable-source log"
2_denied_or_nonbinary_matter,OT2024,24-7117,1,shadow_docket_database_v3-0.csv:line 401092,https://www.supremecourt.gov/docket/docketfiles/html/public/24-7117.html,"[{""applicationClass"":""Stay"",""dispositionDate"":""2025-05-01"",""dispositionType"":""Denied"",""downstreamPolicyStatus"":""requested_emergency_relief_denied_no_scotus_policy_change"",""reliefGranted"":""0"",""sourceRecordId"":""shadow_docket_database_v3-0.csv:line 401092""}]",,,,,,,pending_external_implementation_evidence,"link external lower-court order or official implementation record to the specific order event; retain date, locator, actor, action and unavailable-source log"
2_denied_or_nonbinary_matter,OT2024,24-7157,1,shadow_docket_database_v3-0.csv:line 401366,https://www.supremecourt.gov/docket/docketfiles/html/public/24-7157.html,"[{""applicationClass"":""Stay"",""dispositionDate"":""2025-05-19"",""dispositionType"":""Denied"",""downstreamPolicyStatus"":""requested_emergency_relief_denied_no_scotus_policy_change"",""reliefGranted"":""0"",""sourceRecordId"":""shadow_docket_database_v3-0.csv:line 401366""}]",,,,,,,pending_external_implementation_evidence,"link external lower-court order or official implementation record to the specific order event; retain date, locator, actor, action and unavailable-source log"
2_denied_or_nonbinary_matter,OT2024,24-7169,1,shadow_docket_database_v3-0.csv:line 401215,https://www.supremecourt.gov/docket/docketfiles/html/public/24-7169.html,"[{""applicationClass"":""Stay"",""dispositionDate"":""2025-05-14"",""dispositionType"":""Denied"",""downstreamPolicyStatus"":""requested_emergency_relief_denied_no_scotus_policy_change"",""reliefGranted"":""0"",""sourceRecordId"":""shadow_docket_database_v3-0.csv:line 401215""}]",,,,,,,pending_external_implementation_evidence,"link external lower-court order or official implementation record to the specific order event; retain date, locator, actor, action and unavailable-source log"
2_denied_or_nonbinary_matter,OT2024,24-7236,2,shadow_docket_database_v3-0.csv:line 401368;shadow_docket_database_v3-0.csv:line 401369,https://www.supremecourt.gov/docket/docketfiles/html/public/24-7236.html,"[{""applicationClass"":""Stay"",""dispositionDate"":""2025-05-19"",""dispositionType"":""Denied"",""downstreamPolicyStatus"":""requested_emergency_relief_denied_no_scotus_policy_change"",""reliefGranted"":""0"",""sourceRecordId"":""shadow_docket_database_v3-0.csv:line 401368""},{""applicationClass"":""Stay"",""dispositionDate"":""2025-05-19"",""dispositionType"":""Denied"",""downstreamPolicyStatus"":""requested_emergency_relief_denied_no_scotus_policy_change"",""reliefGranted"":""0"",""sourceRecordId"":""shadow_docket_database_v3-0.csv:line 401369""}]",,,,,,,pending_external_implementation_evidence,"link external lower-court order or official implementation record to the specific order event; retain date, locator, actor, action and unavailable-source log"
2_denied_or_nonbinary_matter,OT2024,24-7365,1,shadow_docket_database_v3-0.csv:line 401775,https://www.supremecourt.gov/docket/docketfiles/html/public/24-7365.html,"[{""applicationClass"":""Stay"",""dispositionDate"":""2025-06-09"",""dispositionType"":""Denied"",""downstreamPolicyStatus"":""requested_emergency_relief_denied_no_scotus_policy_change"",""reliefGranted"":""0"",""sourceRecordId"":""shadow_docket_database_v3-0.csv:line 401775""}]",,,,,,,pending_external_implementation_evidence,"link external lower-court order or official implementation record to the specific order event; retain date, locator, actor, action and unavailable-source log"
2_denied_or_nonbinary_matter,OT2024,24-7368,1,shadow_docket_database_v3-0.csv:line 401777,https://www.supremecourt.gov/docket/docketfiles/html/public/24-7368.html,"[{""applicationClass"":""Stay"",""dispositionDate"":""2025-06-09"",""dispositionType"":""Denied"",""downstreamPolicyStatus"":""requested_emergency_relief_denied_no_scotus_policy_change"",""reliefGranted"":""0"",""sourceRecordId"":""shadow_docket_database_v3-0.csv:line 401777""}]",,,,,,,pending_external_implementation_evidence,"link external lower-court order or official implementation record to the specific order event; retain date, locator, actor, action and unavailable-source log"
2_denied_or_nonbinary_matter,OT2024,24-7387,1,shadow_docket_database_v3-0.csv:line 401785,https://www.supremecourt.gov/docket/docketfiles/html/public/24-7387.html,"[{""applicationClass"":""Stay"",""dispositionDate"":""2025-06-10"",""dispositionType"":""Denied"",""downstreamPolicyStatus"":""requested_emergency_relief_denied_no_scotus_policy_change"",""reliefGranted"":""0"",""sourceRecordId"":""shadow_docket_database_v3-0.csv:line 401785""}]",,,,,,,pending_external_implementation_evidence,"link external lower-court order or official implementation record to the specific order event; retain date, locator, actor, action and unavailable-source log"
2_denied_or_nonbinary_matter,OT2024,24-7397,1,shadow_docket_database_v3-0.csv:line 401790,https://www.supremecourt.gov/docket/docketfiles/html/public/24-7397.html,"[{""applicationClass"":""Stay"",""dispositionDate"":""2025-06-11"",""dispositionType"":""Denied"",""downstreamPolicyStatus"":""requested_emergency_relief_denied_no_scotus_policy_change"",""reliefGranted"":""0"",""sourceRecordId"":""shadow_docket_database_v3-0.csv:line 401790""}]",,,,,,,pending_external_implementation_evidence,"link external lower-court order or official implementation record to the specific order event; retain date, locator, actor, action and unavailable-source log"
2_denied_or_nonbinary_matter,OT2024,24-7457,1,shadow_docket_database_v3-0.csv:line 402039,https://www.supremecourt.gov/docket/docketfiles/html/public/24-7457.html,"[{""applicationClass"":""Stay"",""dispositionDate"":""2025-06-24"",""dispositionType"":""Denied"",""downstreamPolicyStatus"":""requested_emergency_relief_denied_no_scotus_policy_change"",""reliefGranted"":""0"",""sourceRecordId"":""shadow_docket_database_v3-0.csv:line 402039""}]",,,,,,,pending_external_implementation_evidence,"link external lower-court order or official implementation record to the specific order event; retain date, locator, actor, action and unavailable-source log"
2_denied_or_nonbinary_matter,OT2024,24-7474,1,shadow_docket_database_v3-0.csv:line 402049,https://www.supremecourt.gov/docket/docketfiles/html/public/24-7474.html,"[{""applicationClass"":""Stay"",""dispositionDate"":""2025-06-25"",""dispositionType"":""Denied"",""downstreamPolicyStatus"":""requested_emergency_relief_denied_no_scotus_policy_change"",""reliefGranted"":""0"",""sourceRecordId"":""shadow_docket_database_v3-0.csv:line 402049""}]",,,,,,,pending_external_implementation_evidence,"link external lower-court order or official implementation record to the specific order event; retain date, locator, actor, action and unavailable-source log"
2_denied_or_nonbinary_matter,OT2024,24-7491,1,shadow_docket_database_v3-0.csv:line 402051,https://www.supremecourt.gov/docket/docketfiles/html/public/24-7491.html,"[{""applicationClass"":""Stay"",""dispositionDate"":""2025-06-25"",""dispositionType"":""Denied"",""downstreamPolicyStatus"":""requested_emergency_relief_denied_no_scotus_policy_change"",""reliefGranted"":""0"",""sourceRecordId"":""shadow_docket_database_v3-0.csv:line 402051""}]",,,,,,,pending_external_implementation_evidence,"link external lower-court order or official implementation record to the specific order event; retain date, locator, actor, action and unavailable-source log"
2_denied_or_nonbinary_matter,OT2024,24A105,1,shadow_docket_database_v3-0.csv:line 397732,https://www.supremecourt.gov/docket/docketfiles/html/public/24A105.html,"[{""applicationClass"":""Stay"",""dispositionDate"":""2024-10-16"",""dispositionType"":""Denied"",""downstreamPolicyStatus"":""requested_emergency_relief_denied_no_scotus_policy_change"",""reliefGranted"":""0"",""sourceRecordId"":""shadow_docket_database_v3-0.csv:line 397732""}]",,,,,,,pending_external_implementation_evidence,"link external lower-court order or official implementation record to the specific order event; retain date, locator, actor, action and unavailable-source log"
2_denied_or_nonbinary_matter,OT2024,24A106,1,shadow_docket_database_v3-0.csv:line 397733,https://www.supremecourt.gov/docket/docketfiles/html/public/24A106.html,"[{""applicationClass"":""Stay"",""dispositionDate"":""2024-10-16"",""dispositionType"":""Denied"",""downstreamPolicyStatus"":""requested_emergency_relief_denied_no_scotus_policy_change"",""reliefGranted"":""0"",""sourceRecordId"":""shadow_docket_database_v3-0.csv:line 397733""}]",,,,,,,pending_external_implementation_evidence,"link external lower-court order or official implementation record to the specific order event; retain date, locator, actor, action and unavailable-source log"
2_denied_or_nonbinary_matter,OT2024,24A107,1,shadow_docket_database_v3-0.csv:line 396175,https://www.supremecourt.gov/docket/docketfiles/html/public/24A107.html,"[{""applicationClass"":""Stay"",""dispositionDate"":""2024-10-07"",""dispositionType"":""Denied"",""downstreamPolicyStatus"":""requested_emergency_relief_denied_no_scotus_policy_change"",""reliefGranted"":""0"",""sourceRecordId"":""shadow_docket_database_v3-0.csv:line 396175""}]",,,,,,,pending_external_implementation_evidence,"link external lower-court order or official implementation record to the specific order event; retain date, locator, actor, action and unavailable-source log"
2_denied_or_nonbinary_matter,OT2024,24A1099,1,shadow_docket_database_v3-0.csv:line 401416,https://www.supremecourt.gov/docket/docketfiles/html/public/24A1099.html,"[{""applicationClass"":""Stay"",""dispositionDate"":""2025-05-23"",""dispositionType"":""Denied"",""downstreamPolicyStatus"":""requested_emergency_relief_denied_no_scotus_policy_change"",""reliefGranted"":""0"",""sourceRecordId"":""shadow_docket_database_v3-0.csv:line 401416""}]",,,,,,,pending_external_implementation_evidence,"link external lower-court order or official implementation record to the specific order event; retain date, locator, actor, action and unavailable-source log"
2_denied_or_nonbinary_matter,OT2024,24A1107,1,shadow_docket_database_v3-0.csv:line 401682,https://www.supremecourt.gov/docket/docketfiles/html/public/24A1107.html,"[{""applicationClass"":""Stay"",""dispositionDate"":""2025-06-04"",""dispositionType"":""Denied"",""downstreamPolicyStatus"":""requested_emergency_relief_denied_no_scotus_policy_change"",""reliefGranted"":""0"",""sourceRecordId"":""shadow_docket_database_v3-0.csv:line 401682""}]",,,,,,,pending_external_implementation_evidence,"link external lower-court order or official implementation record to the specific order event; retain date, locator, actor, action and unavailable-source log"
2_denied_or_nonbinary_matter,OT2024,24A1143,1,shadow_docket_database_v3-0.csv:line 402048,https://www.supremecourt.gov/docket/docketfiles/html/public/24A1143.html,"[{""applicationClass"":""Stay"",""dispositionDate"":""2025-06-25"",""dispositionType"":""Denied"",""downstreamPolicyStatus"":""requested_emergency_relief_denied_no_scotus_policy_change"",""reliefGranted"":""0"",""sourceRecordId"":""shadow_docket_database_v3-0.csv:line 402048""}]",,,,,,,pending_external_implementation_evidence,"link external lower-court order or official implementation record to the specific order event; retain date, locator, actor, action and unavailable-source log"
2_denied_or_nonbinary_matter,OT2024,24A116,1,shadow_docket_database_v3-0.csv:line 397734,https://www.supremecourt.gov/docket/docketfiles/html/public/24A116.html,"[{""applicationClass"":""Stay"",""dispositionDate"":""2024-10-16"",""dispositionType"":""Denied"",""downstreamPolicyStatus"":""requested_emergency_relief_denied_no_scotus_policy_change"",""reliefGranted"":""0"",""sourceRecordId"":""shadow_docket_database_v3-0.csv:line 397734""}]",,,,,,,pending_external_implementation_evidence,"link external lower-court order or official implementation record to the specific order event; retain date, locator, actor, action and unavailable-source log"
2_denied_or_nonbinary_matter,OT2024,24A1166,1,shadow_docket_database_v3-0.csv:line 402607,https://www.supremecourt.gov/docket/docketfiles/html/public/24A1166.html,"[{""applicationClass"":""Stay"",""dispositionDate"":""2025-09-05"",""dispositionType"":""Denied"",""downstreamPolicyStatus"":""requested_emergency_relief_denied_no_scotus_policy_change"",""reliefGranted"":""0"",""sourceRecordId"":""shadow_docket_database_v3-0.csv:line 402607""}]",,,,,,,pending_external_implementation_evidence,"link external lower-court order or official implementation record to the specific order event; retain date, locator, actor, action and unavailable-source log"
2_denied_or_nonbinary_matter,OT2024,24A117,1,shadow_docket_database_v3-0.csv:line 397735,https://www.supremecourt.gov/docket/docketfiles/html/public/24A117.html,"[{""applicationClass"":""Stay"",""dispositionDate"":""2024-10-16"",""dispositionType"":""Denied"",""downstreamPolicyStatus"":""requested_emergency_relief_denied_no_scotus_policy_change"",""reliefGranted"":""0"",""sourceRecordId"":""shadow_docket_database_v3-0.csv:line 397735""}]",,,,,,,pending_external_implementation_evidence,"link external lower-court order or official implementation record to the specific order event; retain date, locator, actor, action and unavailable-source log"
2_denied_or_nonbinary_matter,OT2024,24A1192,1,shadow_docket_database_v3-0.csv:line 401784,https://www.supremecourt.gov/docket/docketfiles/html/public/24A1192.html,"[{""applicationClass"":""Stay"",""dispositionDate"":""2025-06-10"",""dispositionType"":""Denied"",""downstreamPolicyStatus"":""requested_emergency_relief_denied_no_scotus_policy_change"",""reliefGranted"":""0"",""sourceRecordId"":""shadow_docket_database_v3-0.csv:line 401784""}]",,,,,,,pending_external_implementation_evidence,"link external lower-court order or official implementation record to the specific order event; retain date, locator, actor, action and unavailable-source log"
2_denied_or_nonbinary_matter,OT2024,24A1231,1,shadow_docket_database_v3-0.csv:line 401804,https://www.supremecourt.gov/docket/docketfiles/html/public/24A1231.html,"[{""applicationClass"":""Stay"",""dispositionDate"":""2025-06-13"",""dispositionType"":""Denied"",""downstreamPolicyStatus"":""requested_emergency_relief_denied_no_scotus_policy_change"",""reliefGranted"":""0"",""sourceRecordId"":""shadow_docket_database_v3-0.csv:line 401804""}]",,,,,,,pending_external_implementation_evidence,"link external lower-court order or official implementation record to the specific order event; retain date, locator, actor, action and unavailable-source log"
2_denied_or_nonbinary_matter,OT2024,24A1269,1,shadow_docket_database_v3-0.csv:line 402285,https://www.supremecourt.gov/docket/docketfiles/html/public/24A1269.html,"[{""applicationClass"":""Stay"",""dispositionDate"":""2025-07-09"",""dispositionType"":""Denied"",""downstreamPolicyStatus"":""requested_emergency_relief_denied_no_scotus_policy_change"",""reliefGranted"":""0"",""sourceRecordId"":""shadow_docket_database_v3-0.csv:line 402285""}]",,,,,,,pending_external_implementation_evidence,"link external lower-court order or official implementation record to the specific order event; retain date, locator, actor, action and unavailable-source log"
2_denied_or_nonbinary_matter,OT2024,24A136,1,shadow_docket_database_v3-0.csv:line 396176,https://www.supremecourt.gov/docket/docketfiles/html/public/24A136.html,"[{""applicationClass"":""Stay"",""dispositionDate"":""2024-10-07"",""dispositionType"":""Denied"",""downstreamPolicyStatus"":""requested_emergency_relief_denied_no_scotus_policy_change"",""reliefGranted"":""0"",""sourceRecordId"":""shadow_docket_database_v3-0.csv:line 396176""}]",,,,,,,pending_external_implementation_evidence,"link external lower-court order or official implementation record to the specific order event; retain date, locator, actor, action and unavailable-source log"
2_denied_or_nonbinary_matter,OT2024,24A189,1,shadow_docket_database_v3-0.csv:line 396177,https://www.supremecourt.gov/docket/docketfiles/html/public/24A189.html,"[{""applicationClass"":""Stay"",""dispositionDate"":""2024-10-07"",""dispositionType"":""Denied"",""downstreamPolicyStatus"":""requested_emergency_relief_denied_no_scotus_policy_change"",""reliefGranted"":""0"",""sourceRecordId"":""shadow_docket_database_v3-0.csv:line 396177""}]",,,,,,,pending_external_implementation_evidence,"link external lower-court order or official implementation record to the specific order event; retain date, locator, actor, action and unavailable-source log"
2_denied_or_nonbinary_matter,OT2024,24A222,1,shadow_docket_database_v3-0.csv:line 397477,https://www.supremecourt.gov/docket/docketfiles/html/public/24A222.html,"[{""applicationClass"":""Stay"",""dispositionDate"":""2024-10-15"",""dispositionType"":""Denied"",""downstreamPolicyStatus"":""requested_emergency_relief_denied_no_scotus_policy_change"",""reliefGranted"":""0"",""sourceRecordId"":""shadow_docket_database_v3-0.csv:line 397477""}]",,,,,,,pending_external_implementation_evidence,"link external lower-court order or official implementation record to the specific order event; retain date, locator, actor, action and unavailable-source log"
2_denied_or_nonbinary_matter,OT2024,24A244,1,shadow_docket_database_v3-0.csv:line 397974,https://www.supremecourt.gov/docket/docketfiles/html/public/24A244.html,"[{""applicationClass"":""Vacate"",""dispositionDate"":""2024-11-04"",""dispositionType"":""Denied"",""downstreamPolicyStatus"":""requested_emergency_relief_denied_no_scotus_policy_change"",""reliefGranted"":""0"",""sourceRecordId"":""shadow_docket_database_v3-0.csv:line 397974""}]",,,,,,,pending_external_implementation_evidence,"link external lower-court order or official implementation record to the specific order event; retain date, locator, actor, action and unavailable-source log"
2_denied_or_nonbinary_matter,OT2024,24A245,1,shadow_docket_database_v3-0.csv:line 401243,https://www.supremecourt.gov/docket/docketfiles/html/public/24A245.html,"[{""applicationClass"":""Vacate"",""dispositionDate"":""2025-05-19"",""dispositionType"":""Denied"",""downstreamPolicyStatus"":""requested_emergency_relief_denied_no_scotus_policy_change"",""reliefGranted"":""0"",""sourceRecordId"":""shadow_docket_database_v3-0.csv:line 401243""}]",,,,,,,pending_external_implementation_evidence,"link external lower-court order or official implementation record to the specific order event; retain date, locator, actor, action and unavailable-source log"
2_denied_or_nonbinary_matter,OT2024,24A273,1,shadow_docket_database_v3-0.csv:line 397975,https://www.supremecourt.gov/docket/docketfiles/html/public/24A273.html,"[{""applicationClass"":""Injunction"",""dispositionDate"":""2024-11-04"",""dispositionType"":""Denied"",""downstreamPolicyStatus"":""requested_emergency_relief_denied_no_scotus_policy_change"",""reliefGranted"":""0"",""sourceRecordId"":""shadow_docket_database_v3-0.csv:line 397975""}]",,,,,,,pending_external_implementation_evidence,"link external lower-court order or official implementation record to the specific order event; retain date, locator, actor, action and unavailable-source log"
2_denied_or_nonbinary_matter,OT2024,24A328,1,shadow_docket_database_v3-0.csv:line 398557,https://www.supremecourt.gov/docket/docketfiles/html/public/24A328.html,"[{""applicationClass"":""Stay"",""dispositionDate"":""2024-12-09"",""dispositionType"":""Denied"",""downstreamPolicyStatus"":""requested_emergency_relief_denied_no_scotus_policy_change"",""reliefGranted"":""0"",""sourceRecordId"":""shadow_docket_database_v3-0.csv:line 398557""}]",,,,,,,pending_external_implementation_evidence,"link external lower-court order or official implementation record to the specific order event; retain date, locator, actor, action and unavailable-source log"
2_denied_or_nonbinary_matter,OT2024,24A332,1,shadow_docket_database_v3-0.csv:line 398153,https://www.supremecourt.gov/docket/docketfiles/html/public/24A332.html,"[{""applicationClass"":""Stay"",""dispositionDate"":""2024-11-12"",""dispositionType"":""Denied"",""downstreamPolicyStatus"":""requested_emergency_relief_denied_no_scotus_policy_change"",""reliefGranted"":""0"",""sourceRecordId"":""shadow_docket_database_v3-0.csv:line 398153""}]",,,,,,,pending_external_implementation_evidence,"link external lower-court order or official implementation record to the specific order event; retain date, locator, actor, action and unavailable-source log"
2_denied_or_nonbinary_matter,OT2024,24A369,1,shadow_docket_database_v3-0.csv:line 398738,https://www.supremecourt.gov/docket/docketfiles/html/public/24A369.html,"[{""applicationClass"":""Injunction"",""dispositionDate"":""2024-12-16"",""dispositionType"":""Denied"",""downstreamPolicyStatus"":""requested_emergency_relief_denied_no_scotus_policy_change"",""reliefGranted"":""0"",""sourceRecordId"":""shadow_docket_database_v3-0.csv:line 398738""}]",,,,,,,pending_external_implementation_evidence,"link external lower-court order or official implementation record to the specific order event; retain date, locator, actor, action and unavailable-source log"
2_denied_or_nonbinary_matter,OT2024,24A372,1,shadow_docket_database_v3-0.csv:line 398739,https://www.supremecourt.gov/docket/docketfiles/html/public/24A372.html,"[{""applicationClass"":""Stay"",""dispositionDate"":""2024-12-16"",""dispositionType"":""Denied"",""downstreamPolicyStatus"":""requested_emergency_relief_denied_no_scotus_policy_change"",""reliefGranted"":""0"",""sourceRecordId"":""shadow_docket_database_v3-0.csv:line 398739""}]",,,,,,,pending_external_implementation_evidence,"link external lower-court order or official implementation record to the specific order event; retain date, locator, actor, action and unavailable-source log"
2_denied_or_nonbinary_matter,OT2024,24A408,1,shadow_docket_database_v3-0.csv:line 397942,https://www.supremecourt.gov/docket/docketfiles/html/public/24A408.html,"[{""applicationClass"":""Stay"",""dispositionDate"":""2024-11-01"",""dispositionType"":""Denied"",""downstreamPolicyStatus"":""requested_emergency_relief_denied_no_scotus_policy_change"",""reliefGranted"":""0"",""sourceRecordId"":""shadow_docket_database_v3-0.csv:line 397942""}]",,,,,,,pending_external_implementation_evidence,"link external lower-court order or official implementation record to the specific order event; retain date, locator, actor, action and unavailable-source log"
2_denied_or_nonbinary_matter,OT2024,24A415,1,shadow_docket_database_v3-0.csv:line 398946,https://www.supremecourt.gov/docket/docketfiles/html/public/24A415.html,"[{""applicationClass"":""Vacate"",""dispositionDate"":""2025-01-13"",""dispositionType"":""Denied"",""downstreamPolicyStatus"":""requested_emergency_relief_denied_no_scotus_policy_change"",""reliefGranted"":""0"",""sourceRecordId"":""shadow_docket_database_v3-0.csv:line 398946""}]",,,,,,,pending_external_implementation_evidence,"link external lower-court order or official implementation record to the specific order event; retain date, locator, actor, action and unavailable-source log"
2_denied_or_nonbinary_matter,OT2024,24A419,1,shadow_docket_database_v3-0.csv:line 398391,https://www.supremecourt.gov/docket/docketfiles/html/public/24A419.html,"[{""applicationClass"":""Stay"",""dispositionDate"":""2024-11-22"",""dispositionType"":""Denied"",""downstreamPolicyStatus"":""requested_emergency_relief_denied_no_scotus_policy_change"",""reliefGranted"":""0"",""sourceRecordId"":""shadow_docket_database_v3-0.csv:line 398391""}]",,,,,,,pending_external_implementation_evidence,"link external lower-court order or official implementation record to the specific order event; retain date, locator, actor, action and unavailable-source log"
2_denied_or_nonbinary_matter,OT2024,24A440,1,shadow_docket_database_v3-0.csv:line 398947,https://www.supremecourt.gov/docket/docketfiles/html/public/24A440.html,"[{""applicationClass"":""Injunction"",""dispositionDate"":""2025-01-13"",""dispositionType"":""Denied"",""downstreamPolicyStatus"":""requested_emergency_relief_denied_no_scotus_policy_change"",""reliefGranted"":""0"",""sourceRecordId"":""shadow_docket_database_v3-0.csv:line 398947""}]",,,,,,,pending_external_implementation_evidence,"link external lower-court order or official implementation record to the specific order event; retain date, locator, actor, action and unavailable-source log"
2_denied_or_nonbinary_matter,OT2024,24A463,1,shadow_docket_database_v3-0.csv:line 398712,https://www.supremecourt.gov/docket/docketfiles/html/public/24A463.html,"[{""applicationClass"":""Stay"",""dispositionDate"":""2024-12-11"",""dispositionType"":""Denied"",""downstreamPolicyStatus"":""requested_emergency_relief_denied_no_scotus_policy_change"",""reliefGranted"":""0"",""sourceRecordId"":""shadow_docket_database_v3-0.csv:line 398712""}]",,,,,,,pending_external_implementation_evidence,"link external lower-court order or official implementation record to the specific order event; retain date, locator, actor, action and unavailable-source log"
2_denied_or_nonbinary_matter,OT2024,24A516,1,shadow_docket_database_v3-0.csv:line 399429,https://www.supremecourt.gov/docket/docketfiles/html/public/24A516.html,"[{""applicationClass"":""Stay"",""dispositionDate"":""2025-01-27"",""dispositionType"":""Denied"",""downstreamPolicyStatus"":""requested_emergency_relief_denied_no_scotus_policy_change"",""reliefGranted"":""0"",""sourceRecordId"":""shadow_docket_database_v3-0.csv:line 399429""}]",,,,,,,pending_external_implementation_evidence,"link external lower-court order or official implementation record to the specific order event; retain date, locator, actor, action and unavailable-source log"
2_denied_or_nonbinary_matter,OT2024,24A531,1,shadow_docket_database_v3-0.csv:line 399430,https://www.supremecourt.gov/docket/docketfiles/html/public/24A531.html,"[{""applicationClass"":""Stay"",""dispositionDate"":""2025-01-27"",""dispositionType"":""Denied"",""downstreamPolicyStatus"":""requested_emergency_relief_denied_no_scotus_policy_change"",""reliefGranted"":""0"",""sourceRecordId"":""shadow_docket_database_v3-0.csv:line 399430""}]",,,,,,,pending_external_implementation_evidence,"link external lower-court order or official implementation record to the specific order event; retain date, locator, actor, action and unavailable-source log"
2_denied_or_nonbinary_matter,OT2024,24A532,1,shadow_docket_database_v3-0.csv:line 399346,https://www.supremecourt.gov/docket/docketfiles/html/public/24A532.html,"[{""applicationClass"":""Injunction"",""dispositionDate"":""2025-01-21"",""dispositionType"":""Denied"",""downstreamPolicyStatus"":""requested_emergency_relief_denied_no_scotus_policy_change"",""reliefGranted"":""0"",""sourceRecordId"":""shadow_docket_database_v3-0.csv:line 399346""}]",,,,,,,pending_external_implementation_evidence,"link external lower-court order or official implementation record to the specific order event; retain date, locator, actor, action and unavailable-source log"
2_denied_or_nonbinary_matter,OT2024,24A553,1,shadow_docket_database_v3-0.csv:line 398839,https://www.supremecourt.gov/docket/docketfiles/html/public/24A553.html,"[{""applicationClass"":""Stay"",""dispositionDate"":""2024-12-17"",""dispositionType"":""Denied"",""downstreamPolicyStatus"":""requested_emergency_relief_denied_no_scotus_policy_change"",""reliefGranted"":""0"",""sourceRecordId"":""shadow_docket_database_v3-0.csv:line 398839""}]",,,,,,,pending_external_implementation_evidence,"link external lower-court order or official implementation record to the specific order event; retain date, locator, actor, action and unavailable-source log"
2_denied_or_nonbinary_matter,OT2024,24A61,1,shadow_docket_database_v3-0.csv:line 396174,https://www.supremecourt.gov/docket/docketfiles/html/public/24A61.html,"[{""applicationClass"":""Stay"",""dispositionDate"":""2024-10-07"",""dispositionType"":""Denied"",""downstreamPolicyStatus"":""requested_emergency_relief_denied_no_scotus_policy_change"",""reliefGranted"":""0"",""sourceRecordId"":""shadow_docket_database_v3-0.csv:line 396174""}]",,,,,,,pending_external_implementation_evidence,"link external lower-court order or official implementation record to the specific order event; retain date, locator, actor, action and unavailable-source log"
2_denied_or_nonbinary_matter,OT2024,24A658,1,shadow_docket_database_v3-0.csv:line 399989,https://www.supremecourt.gov/docket/docketfiles/html/public/24A658.html,"[{""applicationClass"":""Stay"",""dispositionDate"":""2025-03-03"",""dispositionType"":""Denied"",""downstreamPolicyStatus"":""requested_emergency_relief_denied_no_scotus_policy_change"",""reliefGranted"":""0"",""sourceRecordId"":""shadow_docket_database_v3-0.csv:line 399989""}]",,,,,,,pending_external_implementation_evidence,"link external lower-court order or official implementation record to the specific order event; retain date, locator, actor, action and unavailable-source log"
2_denied_or_nonbinary_matter,OT2024,24A666,1,shadow_docket_database_v3-0.csv:line 398932,https://www.supremecourt.gov/docket/docketfiles/html/public/24A666.html,"[{""applicationClass"":""Stay"",""dispositionDate"":""2025-01-09"",""dispositionType"":""Denied"",""downstreamPolicyStatus"":""requested_emergency_relief_denied_no_scotus_policy_change"",""reliefGranted"":""0"",""sourceRecordId"":""shadow_docket_database_v3-0.csv:line 398932""}]",,,,,,,pending_external_implementation_evidence,"link external lower-court order or official implementation record to the specific order event; retain date, locator, actor, action and unavailable-source log"
2_denied_or_nonbinary_matter,OT2024,24A730,1,shadow_docket_database_v3-0.csv:line 400265,https://www.supremecourt.gov/docket/docketfiles/html/public/24A730.html,"[{""applicationClass"":""Stay"",""dispositionDate"":""2025-03-24"",""dispositionType"":""Denied"",""downstreamPolicyStatus"":""requested_emergency_relief_denied_no_scotus_policy_change"",""reliefGranted"":""0"",""sourceRecordId"":""shadow_docket_database_v3-0.csv:line 400265""}]",,,,,,,pending_external_implementation_evidence,"link external lower-court order or official implementation record to the specific order event; retain date, locator, actor, action and unavailable-source log"
2_denied_or_nonbinary_matter,OT2024,24A731,1,shadow_docket_database_v3-0.csv:line 400266,https://www.supremecourt.gov/docket/docketfiles/html/public/24A731.html,"[{""applicationClass"":""Stay"",""dispositionDate"":""2025-03-24"",""dispositionType"":""Denied"",""downstreamPolicyStatus"":""requested_emergency_relief_denied_no_scotus_policy_change"",""reliefGranted"":""0"",""sourceRecordId"":""shadow_docket_database_v3-0.csv:line 400266""}]",,,,,,,pending_external_implementation_evidence,"link external lower-court order or official implementation record to the specific order event; retain date, locator, actor, action and unavailable-source log"
2_denied_or_nonbinary_matter,OT2024,24A790,1,shadow_docket_database_v3-0.csv:line 400099,https://www.supremecourt.gov/docket/docketfiles/html/public/24A790.html,"[{""applicationClass"":""Vacate"",""dispositionDate"":""2025-03-06"",""dispositionType"":""Denied"",""downstreamPolicyStatus"":""requested_emergency_relief_denied_no_scotus_policy_change"",""reliefGranted"":""0"",""sourceRecordId"":""shadow_docket_database_v3-0.csv:line 400099""}]",,,,,,,pending_external_implementation_evidence,"link external lower-court order or official implementation record to the specific order event; retain date, locator, actor, action and unavailable-source log"
2_denied_or_nonbinary_matter,OT2024,24A831,1,shadow_docket_database_v3-0.csv:line 400093,https://www.supremecourt.gov/docket/docketfiles/html/public/24A831.html,"[{""applicationClass"":""Vacate"",""dispositionDate"":""2025-03-05"",""dispositionType"":""Denied"",""downstreamPolicyStatus"":""requested_emergency_relief_denied_no_scotus_policy_change"",""reliefGranted"":""0"",""sourceRecordId"":""shadow_docket_database_v3-0.csv:line 400093""}]",,,,,,,pending_external_implementation_evidence,"link external lower-court order or official implementation record to the specific order event; retain date, locator, actor, action and unavailable-source log"
2_denied_or_nonbinary_matter,OT2024,24A852,1,shadow_docket_database_v3-0.csv:line 400608,https://www.supremecourt.gov/docket/docketfiles/html/public/24A852.html,"[{""applicationClass"":""Stay"",""dispositionDate"":""2025-04-07"",""dispositionType"":""Denied"",""downstreamPolicyStatus"":""requested_emergency_relief_denied_no_scotus_policy_change"",""reliefGranted"":""0"",""sourceRecordId"":""shadow_docket_database_v3-0.csv:line 400608""}]",,,,,,,pending_external_implementation_evidence,"link external lower-court order or official implementation record to the specific order event; retain date, locator, actor, action and unavailable-source log"
2_denied_or_nonbinary_matter,OT2024,24A864,1,shadow_docket_database_v3-0.csv:line 401108,https://www.supremecourt.gov/docket/docketfiles/html/public/24A864.html,"[{""applicationClass"":""Stay"",""dispositionDate"":""2025-05-05"",""dispositionType"":""Denied"",""downstreamPolicyStatus"":""requested_emergency_relief_denied_no_scotus_policy_change"",""reliefGranted"":""0"",""sourceRecordId"":""shadow_docket_database_v3-0.csv:line 401108""}]",,,,,,,pending_external_implementation_evidence,"link external lower-court order or official implementation record to the specific order event; retain date, locator, actor, action and unavailable-source log"
2_denied_or_nonbinary_matter,OT2024,24A893,1,shadow_docket_database_v3-0.csv:line 400244,https://www.supremecourt.gov/docket/docketfiles/html/public/24A893.html,"[{""applicationClass"":""Stay"",""dispositionDate"":""2025-03-18"",""dispositionType"":""Denied"",""downstreamPolicyStatus"":""requested_emergency_relief_denied_no_scotus_policy_change"",""reliefGranted"":""0"",""sourceRecordId"":""shadow_docket_database_v3-0.csv:line 400244""}]",,,,,,,pending_external_implementation_evidence,"link external lower-court order or official implementation record to the specific order event; retain date, locator, actor, action and unavailable-source log"
2_denied_or_nonbinary_matter,OT2024,24A902,1,shadow_docket_database_v3-0.csv:line 401112,https://www.supremecourt.gov/docket/docketfiles/html/public/24A902.html,"[{""applicationClass"":""Stay"",""dispositionDate"":""2025-05-05"",""dispositionType"":""Denied"",""downstreamPolicyStatus"":""requested_emergency_relief_denied_no_scotus_policy_change"",""reliefGranted"":""0"",""sourceRecordId"":""shadow_docket_database_v3-0.csv:line 401112""}]",,,,,,,pending_external_implementation_evidence,"link external lower-court order or official implementation record to the specific order event; retain date, locator, actor, action and unavailable-source log"
2_denied_or_nonbinary_matter,OT2024,24A949,1,shadow_docket_database_v3-0.csv:line 400702,https://www.supremecourt.gov/docket/docketfiles/html/public/24A949.html,"[{""applicationClass"":""Vacate"",""dispositionDate"":""2025-04-10"",""dispositionType"":""NA"",""downstreamPolicyStatus"":""nonbinary_or_na_docket_status_no_external_implementation_coding"",""reliefGranted"":""NA"",""sourceRecordId"":""shadow_docket_database_v3-0.csv:line 400702""}]",,,,,,,pending_external_implementation_evidence,"link external lower-court order or official implementation record to the specific order event; retain date, locator, actor, action and unavailable-source log"
2_denied_or_nonbinary_matter,OT2024,24A95,1,shadow_docket_database_v3-0.csv:line 397728,https://www.supremecourt.gov/docket/docketfiles/html/public/24A95.html,"[{""applicationClass"":""Stay"",""dispositionDate"":""2024-10-16"",""dispositionType"":""Denied"",""downstreamPolicyStatus"":""requested_emergency_relief_denied_no_scotus_policy_change"",""reliefGranted"":""0"",""sourceRecordId"":""shadow_docket_database_v3-0.csv:line 397728""}]",,,,,,,pending_external_implementation_evidence,"link external lower-court order or official implementation record to the specific order event; retain date, locator, actor, action and unavailable-source log"
2_denied_or_nonbinary_matter,OT2024,24A96,1,shadow_docket_database_v3-0.csv:line 397729,https://www.supremecourt.gov/docket/docketfiles/html/public/24A96.html,"[{""applicationClass"":""Stay"",""dispositionDate"":""2024-10-16"",""dispositionType"":""Denied"",""downstreamPolicyStatus"":""requested_emergency_relief_denied_no_scotus_policy_change"",""reliefGranted"":""0"",""sourceRecordId"":""shadow_docket_database_v3-0.csv:line 397729""}]",,,,,,,pending_external_implementation_evidence,"link external lower-court order or official implementation record to the specific order event; retain date, locator, actor, action and unavailable-source log"
2_denied_or_nonbinary_matter,OT2024,24A969,1,shadow_docket_database_v3-0.csv:line 401701,https://www.supremecourt.gov/docket/docketfiles/html/public/24A969.html,"[{""applicationClass"":""Stay"",""dispositionDate"":""2025-06-06"",""dispositionType"":""Denied"",""downstreamPolicyStatus"":""requested_emergency_relief_denied_no_scotus_policy_change"",""reliefGranted"":""0"",""sourceRecordId"":""shadow_docket_database_v3-0.csv:line 401701""}]",,,,,,,pending_external_implementation_evidence,"link external lower-court order or official implementation record to the specific order event; retain date, locator, actor, action and unavailable-source log"
2_denied_or_nonbinary_matter,OT2024,24A97,1,shadow_docket_database_v3-0.csv:line 397730,https://www.supremecourt.gov/docket/docketfiles/html/public/24A97.html,"[{""applicationClass"":""Stay"",""dispositionDate"":""2024-10-16"",""dispositionType"":""Denied"",""downstreamPolicyStatus"":""requested_emergency_relief_denied_no_scotus_policy_change"",""reliefGranted"":""0"",""sourceRecordId"":""shadow_docket_database_v3-0.csv:line 397730""}]",,,,,,,pending_external_implementation_evidence,"link external lower-court order or official implementation record to the specific order event; retain date, locator, actor, action and unavailable-source log"
2_denied_or_nonbinary_matter,OT2024,24A970,2,shadow_docket_database_v3-0.csv:line 400946;shadow_docket_database_v3-0.csv:line 400947,https://www.supremecourt.gov/docket/docketfiles/html/public/24A970.html,"[{""applicationClass"":""Stay"",""dispositionDate"":""2025-04-22"",""dispositionType"":""Denied"",""downstreamPolicyStatus"":""requested_emergency_relief_denied_no_scotus_policy_change"",""reliefGranted"":""0"",""sourceRecordId"":""shadow_docket_database_v3-0.csv:line 400946""},{""applicationClass"":""Vacate"",""dispositionDate"":""2025-04-22"",""dispositionType"":""NA"",""downstreamPolicyStatus"":""nonbinary_or_na_docket_status_no_external_implementation_coding"",""reliefGranted"":""NA"",""sourceRecordId"":""shadow_docket_database_v3-0.csv:line 400947""}]",,,,,,,pending_external_implementation_evidence,"link external lower-court order or official implementation record to the specific order event; retain date, locator, actor, action and unavailable-source log"
2_denied_or_nonbinary_matter,OT2024,24A98,1,shadow_docket_database_v3-0.csv:line 397731,https://www.supremecourt.gov/docket/docketfiles/html/public/24A98.html,"[{""applicationClass"":""Stay"",""dispositionDate"":""2024-10-16"",""dispositionType"":""Denied"",""downstreamPolicyStatus"":""requested_emergency_relief_denied_no_scotus_policy_change"",""reliefGranted"":""0"",""sourceRecordId"":""shadow_docket_database_v3-0.csv:line 397731""}]",,,,,,,pending_external_implementation_evidence,"link external lower-court order or official implementation record to the specific order event; retain date, locator, actor, action and unavailable-source log"
2_denied_or_nonbinary_matter,OT2024,24A982,1,shadow_docket_database_v3-0.csv:line 401681,https://www.supremecourt.gov/docket/docketfiles/html/public/24A982.html,"[{""applicationClass"":""Stay"",""dispositionDate"":""2025-06-04"",""dispositionType"":""Denied"",""downstreamPolicyStatus"":""requested_emergency_relief_denied_no_scotus_policy_change"",""reliefGranted"":""0"",""sourceRecordId"":""shadow_docket_database_v3-0.csv:line 401681""}]",,,,,,,pending_external_implementation_evidence,"link external lower-court order or official implementation record to the specific order event; retain date, locator, actor, action and unavailable-source log"
2_denied_or_nonbinary_matter,OT2024,25-5083,1,shadow_docket_database_v3-0.csv:line 402317,https://www.supremecourt.gov/docket/docketfiles/html/public/25-5083.html,"[{""applicationClass"":""Stay"",""dispositionDate"":""2025-07-15"",""dispositionType"":""Denied"",""downstreamPolicyStatus"":""requested_emergency_relief_denied_no_scotus_policy_change"",""reliefGranted"":""0"",""sourceRecordId"":""shadow_docket_database_v3-0.csv:line 402317""}]",,,,,,,pending_external_implementation_evidence,"link external lower-court order or official implementation record to the specific order event; retain date, locator, actor, action and unavailable-source log"
2_denied_or_nonbinary_matter,OT2024,25-5097,2,shadow_docket_database_v3-0.csv:line 402319;shadow_docket_database_v3-0.csv:line 402320,https://www.supremecourt.gov/docket/docketfiles/html/public/25-5097.html,"[{""applicationClass"":""Stay"",""dispositionDate"":""2025-07-15"",""dispositionType"":""Denied"",""downstreamPolicyStatus"":""requested_emergency_relief_denied_no_scotus_policy_change"",""reliefGranted"":""0"",""sourceRecordId"":""shadow_docket_database_v3-0.csv:line 402319""},{""applicationClass"":""Stay"",""dispositionDate"":""2025-07-15"",""dispositionType"":""Denied"",""downstreamPolicyStatus"":""requested_emergency_relief_denied_no_scotus_policy_change"",""reliefGranted"":""0"",""sourceRecordId"":""shadow_docket_database_v3-0.csv:line 402320""}]",,,,,,,pending_external_implementation_evidence,"link external lower-court order or official implementation record to the specific order event; retain date, locator, actor, action and unavailable-source log"
2_denied_or_nonbinary_matter,OT2024,25-5129,1,shadow_docket_database_v3-0.csv:line 402432,https://www.supremecourt.gov/docket/docketfiles/html/public/25-5129.html,"[{""applicationClass"":""Stay"",""dispositionDate"":""2025-08-04"",""dispositionType"":""Denied"",""downstreamPolicyStatus"":""requested_emergency_relief_denied_no_scotus_policy_change"",""reliefGranted"":""0"",""sourceRecordId"":""shadow_docket_database_v3-0.csv:line 402432""}]",,,,,,,pending_external_implementation_evidence,"link external lower-court order or official implementation record to the specific order event; retain date, locator, actor, action and unavailable-source log"
2_denied_or_nonbinary_matter,OT2024,25-5194,1,shadow_docket_database_v3-0.csv:line 402410,https://www.supremecourt.gov/docket/docketfiles/html/public/25-5194.html,"[{""applicationClass"":""Stay"",""dispositionDate"":""2025-07-30"",""dispositionType"":""Denied"",""downstreamPolicyStatus"":""requested_emergency_relief_denied_no_scotus_policy_change"",""reliefGranted"":""0"",""sourceRecordId"":""shadow_docket_database_v3-0.csv:line 402410""}]",,,,,,,pending_external_implementation_evidence,"link external lower-court order or official implementation record to the specific order event; retain date, locator, actor, action and unavailable-source log"
2_denied_or_nonbinary_matter,OT2024,25-5214,1,shadow_docket_database_v3-0.csv:line 402434,https://www.supremecourt.gov/docket/docketfiles/html/public/25-5214.html,"[{""applicationClass"":""Stay"",""dispositionDate"":""2025-08-04"",""dispositionType"":""Denied"",""downstreamPolicyStatus"":""requested_emergency_relief_denied_no_scotus_policy_change"",""reliefGranted"":""0"",""sourceRecordId"":""shadow_docket_database_v3-0.csv:line 402434""}]",,,,,,,pending_external_implementation_evidence,"link external lower-court order or official implementation record to the specific order event; retain date, locator, actor, action and unavailable-source log"
2_denied_or_nonbinary_matter,OT2024,25-5261,1,shadow_docket_database_v3-0.csv:line 402436,https://www.supremecourt.gov/docket/docketfiles/html/public/25-5261.html,"[{""applicationClass"":""Stay"",""dispositionDate"":""2025-08-04"",""dispositionType"":""Denied"",""downstreamPolicyStatus"":""requested_emergency_relief_denied_no_scotus_policy_change"",""reliefGranted"":""0"",""sourceRecordId"":""shadow_docket_database_v3-0.csv:line 402436""}]",,,,,,,pending_external_implementation_evidence,"link external lower-court order or official implementation record to the specific order event; retain date, locator, actor, action and unavailable-source log"
2_denied_or_nonbinary_matter,OT2024,25-5262,1,shadow_docket_database_v3-0.csv:line 402438,https://www.supremecourt.gov/docket/docketfiles/html/public/25-5262.html,"[{""applicationClass"":""Stay"",""dispositionDate"":""2025-08-04"",""dispositionType"":""Denied"",""downstreamPolicyStatus"":""requested_emergency_relief_denied_no_scotus_policy_change"",""reliefGranted"":""0"",""sourceRecordId"":""shadow_docket_database_v3-0.csv:line 402438""}]",,,,,,,pending_external_implementation_evidence,"link external lower-court order or official implementation record to the specific order event; retain date, locator, actor, action and unavailable-source log"
2_denied_or_nonbinary_matter,OT2024,25-5315,1,shadow_docket_database_v3-0.csv:line 402528,https://www.supremecourt.gov/docket/docketfiles/html/public/25-5315.html,"[{""applicationClass"":""Stay"",""dispositionDate"":""2025-08-19"",""dispositionType"":""Denied"",""downstreamPolicyStatus"":""requested_emergency_relief_denied_no_scotus_policy_change"",""reliefGranted"":""0"",""sourceRecordId"":""shadow_docket_database_v3-0.csv:line 402528""}]",,,,,,,pending_external_implementation_evidence,"link external lower-court order or official implementation record to the specific order event; retain date, locator, actor, action and unavailable-source log"
2_denied_or_nonbinary_matter,OT2024,25-5370,1,shadow_docket_database_v3-0.csv:line 402530,https://www.supremecourt.gov/docket/docketfiles/html/public/25-5370.html,"[{""applicationClass"":""Stay"",""dispositionDate"":""2025-08-19"",""dispositionType"":""Denied"",""downstreamPolicyStatus"":""requested_emergency_relief_denied_no_scotus_policy_change"",""reliefGranted"":""0"",""sourceRecordId"":""shadow_docket_database_v3-0.csv:line 402530""}]",,,,,,,pending_external_implementation_evidence,"link external lower-court order or official implementation record to the specific order event; retain date, locator, actor, action and unavailable-source log"
2_denied_or_nonbinary_matter,OT2024,25-5379,1,shadow_docket_database_v3-0.csv:line 402532,https://www.supremecourt.gov/docket/docketfiles/html/public/25-5379.html,"[{""applicationClass"":""Stay"",""dispositionDate"":""2025-08-19"",""dispositionType"":""Denied"",""downstreamPolicyStatus"":""requested_emergency_relief_denied_no_scotus_policy_change"",""reliefGranted"":""0"",""sourceRecordId"":""shadow_docket_database_v3-0.csv:line 402532""}]",,,,,,,pending_external_implementation_evidence,"link external lower-court order or official implementation record to the specific order event; retain date, locator, actor, action and unavailable-source log"
2_denied_or_nonbinary_matter,OT2024,25-5440,1,shadow_docket_database_v3-0.csv:line 402568,https://www.supremecourt.gov/docket/docketfiles/html/public/25-5440.html,"[{""applicationClass"":""Stay"",""dispositionDate"":""2025-08-27"",""dispositionType"":""Denied"",""downstreamPolicyStatus"":""requested_emergency_relief_denied_no_scotus_policy_change"",""reliefGranted"":""0"",""sourceRecordId"":""shadow_docket_database_v3-0.csv:line 402568""}]",,,,,,,pending_external_implementation_evidence,"link external lower-court order or official implementation record to the specific order event; retain date, locator, actor, action and unavailable-source log"
2_denied_or_nonbinary_matter,OT2024,25-5712,1,shadow_docket_database_v3-0.csv:line 402743,https://www.supremecourt.gov/docket/docketfiles/html/public/25-5712.html,"[{""applicationClass"":""Stay"",""dispositionDate"":""2025-09-25"",""dispositionType"":""Denied"",""downstreamPolicyStatus"":""requested_emergency_relief_denied_no_scotus_policy_change"",""reliefGranted"":""0"",""sourceRecordId"":""shadow_docket_database_v3-0.csv:line 402743""}]",,,,,,,pending_external_implementation_evidence,"link external lower-court order or official implementation record to the specific order event; retain date, locator, actor, action and unavailable-source log"
2_denied_or_nonbinary_matter,OT2024,25-5745,1,shadow_docket_database_v3-0.csv:line 402782,https://www.supremecourt.gov/docket/docketfiles/html/public/25-5745.html,"[{""applicationClass"":""Stay"",""dispositionDate"":""2025-09-30"",""dispositionType"":""Denied"",""downstreamPolicyStatus"":""requested_emergency_relief_denied_no_scotus_policy_change"",""reliefGranted"":""0"",""sourceRecordId"":""shadow_docket_database_v3-0.csv:line 402782""}]",,,,,,,pending_external_implementation_evidence,"link external lower-court order or official implementation record to the specific order event; retain date, locator, actor, action and unavailable-source log"
2_denied_or_nonbinary_matter,OT2024,25A103,1,shadow_docket_database_v3-0.csv:line 402544,https://www.supremecourt.gov/docket/docketfiles/html/public/25A103.html,"[{""applicationClass"":""Stay"",""dispositionDate"":""2025-08-21"",""dispositionType"":""Granted/Denied"",""downstreamPolicyStatus"":""mixed_or_partial_emergency_disposition_no_external_implementation_coding"",""reliefGranted"":""NA"",""sourceRecordId"":""shadow_docket_database_v3-0.csv:line 402544""}]",,,,,,,pending_external_implementation_evidence,"link external lower-court order or official implementation record to the specific order event; retain date, locator, actor, action and unavailable-source log"
2_denied_or_nonbinary_matter,OT2024,25A111,1,shadow_docket_database_v3-0.csv:line 402609,https://www.supremecourt.gov/docket/docketfiles/html/public/25A111.html,"[{""applicationClass"":""Stay"",""dispositionDate"":""2025-09-05"",""dispositionType"":""Denied"",""downstreamPolicyStatus"":""requested_emergency_relief_denied_no_scotus_policy_change"",""reliefGranted"":""0"",""sourceRecordId"":""shadow_docket_database_v3-0.csv:line 402609""}]",,,,,,,pending_external_implementation_evidence,"link external lower-court order or official implementation record to the specific order event; retain date, locator, actor, action and unavailable-source log"
2_denied_or_nonbinary_matter,OT2024,25A234,1,shadow_docket_database_v3-0.csv:line 402664,https://www.supremecourt.gov/docket/docketfiles/html/public/25A234.html,"[{""applicationClass"":""Stay"",""dispositionDate"":""2025-09-10"",""dispositionType"":""Denied"",""downstreamPolicyStatus"":""requested_emergency_relief_denied_no_scotus_policy_change"",""reliefGranted"":""0"",""sourceRecordId"":""shadow_docket_database_v3-0.csv:line 402664""}]",,,,,,,pending_external_implementation_evidence,"link external lower-court order or official implementation record to the specific order event; retain date, locator, actor, action and unavailable-source log"
2_denied_or_nonbinary_matter,OT2024,25A26,1,shadow_docket_database_v3-0.csv:line 402608,https://www.supremecourt.gov/docket/docketfiles/html/public/25A26.html,"[{""applicationClass"":""Stay"",""dispositionDate"":""2025-09-05"",""dispositionType"":""Denied"",""downstreamPolicyStatus"":""requested_emergency_relief_denied_no_scotus_policy_change"",""reliefGranted"":""0"",""sourceRecordId"":""shadow_docket_database_v3-0.csv:line 402608""}]",,,,,,,pending_external_implementation_evidence,"link external lower-court order or official implementation record to the specific order event; retain date, locator, actor, action and unavailable-source log"
2_denied_or_nonbinary_matter,OT2024,25A312,1,shadow_docket_database_v3-0.csv:line 402795,https://www.supremecourt.gov/docket/docketfiles/html/public/25A312.html,"[{""applicationClass"":""Stay"",""dispositionDate"":""2025-10-01"",""dispositionType"":""NA"",""downstreamPolicyStatus"":""nonbinary_or_na_docket_status_no_external_implementation_coding"",""reliefGranted"":""NA"",""sourceRecordId"":""shadow_docket_database_v3-0.csv:line 402795""}]",,,,,,,pending_external_implementation_evidence,"link external lower-court order or official implementation record to the specific order event; retain date, locator, actor, action and unavailable-source log"
2_denied_or_nonbinary_matter,OT2024,25A97,1,shadow_docket_database_v3-0.csv:line 402486,https://www.supremecourt.gov/docket/docketfiles/html/public/25A97.html,"[{""applicationClass"":""Stay"",""dispositionDate"":""2025-08-14"",""dispositionType"":""Denied"",""downstreamPolicyStatus"":""requested_emergency_relief_denied_no_scotus_policy_change"",""reliefGranted"":""0"",""sourceRecordId"":""shadow_docket_database_v3-0.csv:line 402486""}]",,,,,,,pending_external_implementation_evidence,"link external lower-court order or official implementation record to the specific order event; retain date, locator, actor, action and unavailable-source log"
