caseKey,caseName,caseDescription,caseWeight,legislativeSource,scenarioKey,scenario,totalCases,petitionFiledRate,admissionRate,screenOutRate,meritsTransferRate,certiorariPathRate,certiorariAdmissionRate,paidPetitionRate,ifpPetitionRate,courtRequestedResponseRate,cvsgRequestRate,paidCfrRequestRate,ifpCfrRequestRate,solicitorGeneralSignalRate,amicusIntensity,lowerCourtSplitDepth,genuineLowerCourtSplitRate,lowerCourtIdeologicalDrift,lowerCourtResistanceRisk,splitMaturity,relistRate,specialistCounselRate,barCapital,claimStrength,vehicleQuality,vehicleDefectRisk,forumShoppingPressure,preReviewSettlementPressure,settledBeforeReviewRate,strategicPlaintiffSelection,repeatPlayerAdvantage,governmentNoncomplianceRisk,governmentNoncomplianceRate,enforcementCapacity,emergencyOpportunism,recusalIncentivePressure,conditionalReversalProbability,directionalScore,stabilityRightsScore,legitimacyControlScore,legalStability,precedentStability,statutoryStability,interbranchCompliance,rightsProtection,partisanAlignment,shadowDocketAbuse,emergencyLegitimacyRisk,legitimacy,reversalRate,constitutionalConflict,democraticResponsiveness,independenceAccountabilityBalance,administrativeCost,invalidationRate,meritsReviewRate,emergencyOrderRate,emergencyGrantRate,shadowReliefRate,reasonedEmergencyOrderRate,temporaryStayRate,meritsAccelerationRate,expiredEmergencyOrderRate,recusalRate,quorumFailureRate,justiceReplacementRate,concurrenceRate,dissentRate,fragmentationIndex,panelRate,enBancRate,crossCheckDisagreementRate,councilWarningRate,constitutionalRemandRate,publicInterestFilteredRate,overrideAttemptRate,overrideRate,rightsCarveoutBlockRate,repeatedOverrideRate,strategicPressure,legislativeDefiance,executiveEmergencyStrategy,appointmentManipulationPressure,overrideAdaptation,repeatPlayerLearning,emergencyIncentiveLearning,complianceLearning,legislativeComplianceRate,legislativeEvasionRate,delayedReenactmentStrategyRate,executiveEmergencyFloodRate,overrideCampaignRate,appointmentPressureCampaignRate,formalRepealRate,formalReplacementRate,formalNarrowedReenactmentRate,formalWeakOverrideRate,formalAmendmentRate,formalCourtCurbingRate,formalOpenDefianceRate,practicalDelayRate,practicalAdministrativeSubstitutionRate,practicalSymbolicComplianceRate,practicalBureaucraticResistanceRate,practicalOpenNoncomplianceRate,individualOneShotClaimantRate,organizedRightsClaimantRate,businessRepeatPlayerClaimantRate,governmentClaimantRate,expertBarClinicClaimantRate,rightsClaimantCaseRate,rightsClaimantSuccess,rightsDomainClaimantSuccess,structuralDomainClaimantSuccess,electionDomainClaimantSuccess,executivePowerDomainClaimantSuccess,administrativeDomainClaimantSuccess,economicDomainClaimantSuccess,doctrinalDepth,remedialBreadth,precedentDurability,emergencyDownstreamEffect,lowerCourtCompliance,eliteAcceptance,publicConfidence,facialChallengeRate,asAppliedChallengeRate,electionDisputeRate,emergencyStayDocketRate,executivePowerDisputeRate,administrativeLawRate,rightsClaimRate
appointment-timing-manipulation,Appointment Timing Manipulation,Political actors time vacancies under high capture and public pressure.,1.000,adversarial/imported blend,current-us-like,Stylized current U.S.-like supreme court,5120,0.958,0.518,0.439,0.411,0.585,0.218,0.420,0.166,0.101,0.001,0.054,0.042,0.099,0.662,0.530,0.492,0.430,0.260,0.562,0.431,0.411,0.553,0.509,0.659,0.042,0.502,0.132,0.008,0.499,0.365,0.335,0.100,0.599,0.486,0.435,0.732,0.595,0.687,0.695,0.666,0.760,0.674,0.528,0.644,0.040,0.237,0.253,0.471,0.018,0.410,0.578,0.702,0.142,0.098,0.279,0.380,0.048,0.048,0.000,0.048,0.000,0.000,0.022,0.000,0.031,0.307,0.549,0.248,0.482,0.518,0.000,0.000,0.000,0.000,0.000,0.000,0.000,0.000,0.235,0.139,0.554,0.609,0.081,0.456,0.387,0.565,0.325,0.123,0.038,0.260,0.150,0.265,0.018,0.078,0.017,0.000,0.009,0.101,0.000,0.007,0.064,0.065,0.008,0.000,0.363,0.234,0.191,0.080,0.132,0.291,0.123,0.346,0.267,0.930,0.182,0.421,0.114,0.085,0.074,0.707,0.121,0.568,0.524,0.391,0.311,0.085,0.057,0.054,0.098,0.171,0.223
appointment-timing-manipulation,Appointment Timing Manipulation,Political actors time vacancies under high capture and public pressure.,1.000,adversarial/imported blend,term-limited-balanced,18-year staggered terms + regular appointments,5120,0.964,0.525,0.440,0.417,0.585,0.232,0.420,0.166,0.100,0.002,0.047,0.051,0.099,0.662,0.530,0.492,0.430,0.251,0.562,0.431,0.411,0.553,0.509,0.659,0.042,0.460,0.132,0.011,0.499,0.365,0.335,0.075,0.608,0.342,0.443,0.732,0.612,0.701,0.753,0.675,0.774,0.671,0.544,0.644,0.040,0.074,0.183,0.589,0.025,0.381,0.592,0.747,0.178,0.149,0.420,0.345,0.250,0.000,0.345,0.046,0.204,0.000,0.067,0.000,0.078,0.106,0.548,0.204,0.475,0.525,0.000,0.000,0.000,0.000,0.000,0.000,0.000,0.000,0.205,0.150,0.398,0.592,0.083,0.441,0.270,0.580,0.333,0.119,0.036,0.245,0.154,0.252,0.020,0.077,0.018,0.000,0.006,0.091,0.000,0.006,0.058,0.066,0.009,0.000,0.363,0.234,0.191,0.080,0.132,0.291,0.126,0.397,0.438,0.715,0.182,0.229,0.177,0.110,0.108,0.751,0.070,0.588,0.543,0.522,0.311,0.085,0.057,0.054,0.098,0.171,0.223
appointment-timing-manipulation,Appointment Timing Manipulation,Political actors time vacancies under high capture and public pressure.,1.000,adversarial/imported blend,nonpartisan-commission,Nonpartisan commission appointments,5120,0.963,0.518,0.445,0.409,0.585,0.214,0.420,0.166,0.098,0.000,0.054,0.033,0.099,0.662,0.530,0.492,0.430,0.252,0.562,0.431,0.411,0.553,0.509,0.659,0.042,0.460,0.132,0.012,0.499,0.365,0.335,0.078,0.608,0.342,0.445,0.732,0.609,0.700,0.754,0.673,0.768,0.670,0.544,0.645,0.032,0.073,0.183,0.592,0.024,0.380,0.590,0.748,0.198,0.152,0.417,0.349,0.257,0.000,0.349,0.044,0.213,0.000,0.084,0.000,0.071,0.114,0.544,0.199,0.482,0.518,0.000,0.000,0.000,0.000,0.000,0.000,0.000,0.000,0.200,0.160,0.398,0.552,0.086,0.441,0.270,0.580,0.332,0.120,0.037,0.248,0.153,0.183,0.019,0.076,0.018,0.000,0.005,0.097,0.000,0.007,0.061,0.063,0.009,0.000,0.363,0.234,0.191,0.080,0.132,0.291,0.128,0.412,0.326,0.723,0.136,0.316,0.169,0.111,0.110,0.746,0.069,0.588,0.541,0.531,0.311,0.085,0.057,0.054,0.098,0.171,0.223
appointment-timing-manipulation,Appointment Timing Manipulation,Political actors time vacancies under high capture and public pressure.,1.000,adversarial/imported blend,expanded-court-fifteen,Expanded 15-seat court,5120,0.962,0.523,0.439,0.413,0.585,0.226,0.420,0.166,0.112,0.001,0.064,0.033,0.099,0.662,0.530,0.492,0.430,0.251,0.562,0.431,0.411,0.553,0.509,0.659,0.042,0.460,0.132,0.012,0.499,0.365,0.335,0.071,0.608,0.342,0.450,0.732,0.606,0.701,0.755,0.677,0.778,0.673,0.546,0.642,0.030,0.073,0.186,0.599,0.025,0.378,0.589,0.749,0.213,0.143,0.421,0.348,0.256,0.000,0.348,0.043,0.213,0.000,0.066,0.000,0.066,0.414,0.590,0.288,0.477,0.523,0.000,0.000,0.000,0.000,0.000,0.000,0.000,0.000,0.203,0.142,0.398,0.589,0.081,0.441,0.269,0.581,0.340,0.112,0.033,0.248,0.146,0.251,0.014,0.070,0.018,0.000,0.005,0.095,0.000,0.005,0.056,0.061,0.006,0.000,0.363,0.234,0.191,0.080,0.132,0.291,0.119,0.378,0.363,0.678,0.136,0.263,0.139,0.109,0.103,0.746,0.068,0.590,0.545,0.533,0.311,0.085,0.057,0.054,0.098,0.171,0.223
appointment-timing-manipulation,Appointment Timing Manipulation,Political actors time vacancies under high capture and public pressure.,1.000,adversarial/imported blend,supermajority-review,60 percent invalidation threshold,5120,0.964,0.525,0.440,0.413,0.585,0.229,0.420,0.166,0.101,0.001,0.055,0.034,0.099,0.662,0.530,0.492,0.430,0.253,0.562,0.431,0.411,0.553,0.509,0.659,0.042,0.460,0.132,0.014,0.499,0.365,0.335,0.079,0.606,0.326,0.442,0.732,0.612,0.702,0.752,0.679,0.790,0.669,0.543,0.637,0.039,0.065,0.190,0.578,0.021,0.381,0.587,0.744,0.174,0.124,0.392,0.350,0.192,0.000,0.350,0.074,0.118,0.158,0.064,0.000,0.033,0.108,0.547,0.204,0.475,0.525,0.000,0.000,0.000,0.000,0.000,0.000,0.000,0.000,0.206,0.135,0.421,0.587,0.083,0.441,0.275,0.578,0.336,0.117,0.036,0.251,0.158,0.263,0.014,0.079,0.014,0.000,0.007,0.091,0.000,0.007,0.055,0.067,0.008,0.000,0.363,0.234,0.191,0.080,0.132,0.291,0.106,0.328,0.292,0.640,0.273,0.316,0.131,0.097,0.097,0.766,0.078,0.586,0.543,0.509,0.311,0.085,0.057,0.054,0.098,0.171,0.223
appointment-timing-manipulation,Appointment Timing Manipulation,Political actors time vacancies under high capture and public pressure.,1.000,adversarial/imported blend,recusal-and-emergency-reform,Peer recusal + reasoned emergency docket,5120,0.962,0.520,0.442,0.409,0.585,0.223,0.420,0.166,0.098,0.001,0.054,0.031,0.099,0.662,0.530,0.492,0.430,0.251,0.562,0.431,0.411,0.553,0.509,0.659,0.042,0.460,0.132,0.011,0.499,0.365,0.335,0.073,0.608,0.341,0.449,0.732,0.608,0.700,0.754,0.673,0.770,0.670,0.545,0.643,0.045,0.071,0.179,0.595,0.029,0.379,0.591,0.748,0.204,0.154,0.420,0.339,0.249,0.000,0.339,0.041,0.208,0.000,0.107,0.000,0.070,0.111,0.547,0.202,0.480,0.520,0.000,0.000,0.000,0.000,0.000,0.000,0.000,0.000,0.205,0.150,0.392,0.591,0.087,0.441,0.267,0.580,0.342,0.115,0.035,0.236,0.164,0.253,0.017,0.074,0.015,0.000,0.003,0.101,0.000,0.006,0.057,0.057,0.009,0.000,0.363,0.234,0.191,0.080,0.132,0.291,0.124,0.394,0.375,0.715,0.227,0.176,0.165,0.111,0.110,0.748,0.068,0.589,0.543,0.527,0.311,0.085,0.057,0.054,0.098,0.171,0.223
appointment-timing-manipulation,Appointment Timing Manipulation,Political actors time vacancies under high capture and public pressure.,1.000,adversarial/imported blend,panel-en-banc,Three-judge panels with en banc correction,5120,0.964,0.522,0.442,0.418,0.585,0.221,0.420,0.166,0.102,0.001,0.055,0.033,0.099,0.662,0.530,0.492,0.430,0.252,0.562,0.431,0.411,0.553,0.509,0.659,0.042,0.430,0.132,0.010,0.499,0.365,0.335,0.078,0.608,0.341,0.531,0.732,0.606,0.701,0.752,0.674,0.772,0.672,0.544,0.642,0.049,0.073,0.182,0.634,0.027,0.379,0.590,0.750,0.213,0.146,0.420,0.344,0.251,0.000,0.344,0.046,0.205,0.000,0.493,0.000,0.263,0.074,0.480,0.166,0.802,0.198,0.000,0.000,0.000,0.000,0.000,0.000,0.000,0.000,0.195,0.151,0.396,0.547,0.083,0.431,0.269,0.580,0.334,0.115,0.035,0.237,0.151,0.182,0.017,0.075,0.016,0.000,0.005,0.096,0.000,0.007,0.055,0.068,0.008,0.000,0.363,0.234,0.191,0.080,0.132,0.291,0.122,0.386,0.342,0.702,0.045,0.211,0.203,0.109,0.106,0.753,0.069,0.588,0.542,0.571,0.311,0.085,0.057,0.054,0.098,0.171,0.223
appointment-timing-manipulation,Appointment Timing Manipulation,Political actors time vacancies under high capture and public pressure.,1.000,adversarial/imported blend,cross-checking-courts,Supreme court with cross-checking constitutional court,5120,0.964,0.526,0.438,0.416,0.585,0.228,0.420,0.166,0.096,0.001,0.052,0.027,0.099,0.662,0.530,0.492,0.430,0.232,0.562,0.431,0.411,0.553,0.509,0.659,0.042,0.460,0.132,0.012,0.499,0.365,0.335,0.081,0.626,0.326,0.460,0.732,0.591,0.705,0.754,0.675,0.791,0.674,0.528,0.626,0.022,0.066,0.192,0.603,0.013,0.403,0.580,0.748,0.279,0.092,0.394,0.357,0.201,0.000,0.357,0.074,0.127,0.156,0.173,0.000,0.091,0.111,0.559,0.200,0.474,0.526,0.137,0.000,0.000,0.000,0.000,0.000,0.000,0.000,0.199,0.129,0.427,0.549,0.079,0.441,0.277,0.582,0.333,0.124,0.038,0.257,0.155,0.184,0.014,0.081,0.018,0.000,0.008,0.098,0.000,0.006,0.060,0.068,0.007,0.000,0.363,0.234,0.191,0.080,0.132,0.291,0.078,0.256,0.263,0.417,0.136,0.053,0.038,0.094,0.075,0.766,0.078,0.591,0.525,0.541,0.311,0.085,0.057,0.054,0.098,0.171,0.223
appointment-timing-manipulation,Appointment Timing Manipulation,Political actors time vacancies under high capture and public pressure.,1.000,adversarial/imported blend,dual-supreme-courts,Dual supreme courts with disagreement filter,5120,0.964,0.524,0.440,0.413,0.585,0.229,0.420,0.166,0.101,0.000,0.051,0.053,0.099,0.662,0.530,0.492,0.430,0.253,0.562,0.431,0.411,0.553,0.509,0.659,0.042,0.461,0.132,0.011,0.499,0.365,0.335,0.084,0.607,0.326,0.465,0.732,0.582,0.689,0.754,0.652,0.740,0.660,0.522,0.644,0.021,0.065,0.193,0.611,0.029,0.411,0.591,0.747,0.313,0.150,0.402,0.357,0.205,0.000,0.357,0.077,0.128,0.152,0.168,0.000,0.095,0.111,0.558,0.201,0.476,0.524,0.133,0.000,0.000,0.000,0.000,0.000,0.000,0.000,0.207,0.172,0.424,0.580,0.088,0.442,0.276,0.570,0.324,0.134,0.040,0.258,0.160,0.194,0.017,0.087,0.017,0.000,0.009,0.100,0.000,0.006,0.070,0.065,0.010,0.000,0.363,0.234,0.191,0.080,0.132,0.291,0.126,0.384,0.375,0.785,0.182,0.105,0.228,0.113,0.114,0.717,0.079,0.582,0.518,0.548,0.311,0.085,0.057,0.054,0.098,0.171,0.223
appointment-timing-manipulation,Appointment Timing Manipulation,Political actors time vacancies under high capture and public pressure.,1.000,adversarial/imported blend,comparative-constitutional-senates,Comparative 16-seat constitutional senates,5120,0.963,0.512,0.452,0.414,0.585,0.211,0.420,0.166,0.103,0.001,0.054,0.032,0.099,0.662,0.530,0.492,0.430,0.252,0.562,0.431,0.411,0.553,0.509,0.659,0.042,0.490,0.132,0.011,0.499,0.365,0.335,0.072,0.606,0.324,0.569,0.732,0.602,0.705,0.747,0.683,0.793,0.672,0.546,0.636,0.028,0.062,0.184,0.628,0.018,0.375,0.583,0.751,0.240,0.114,0.394,0.337,0.192,0.000,0.337,0.074,0.117,0.146,0.489,0.000,0.104,0.111,0.525,0.187,0.809,0.191,0.000,0.000,0.000,0.000,0.000,0.000,0.000,0.000,0.197,0.130,0.407,0.544,0.079,0.451,0.269,0.581,0.326,0.118,0.031,0.229,0.150,0.189,0.016,0.083,0.013,0.000,0.007,0.092,0.000,0.007,0.063,0.062,0.006,0.000,0.363,0.234,0.191,0.080,0.132,0.291,0.100,0.311,0.275,0.640,0.045,0.229,0.038,0.093,0.090,0.770,0.075,0.590,0.545,0.567,0.311,0.085,0.057,0.054,0.098,0.171,0.223
appointment-timing-manipulation,Appointment Timing Manipulation,Political actors time vacancies under high capture and public pressure.,1.000,adversarial/imported blend,constitutional-council,Pre-enactment constitutional council,5120,0.959,0.515,0.445,0.407,0.585,0.212,0.420,0.166,0.108,0.001,0.053,0.041,0.099,0.662,0.530,0.492,0.430,0.250,0.562,0.431,0.411,0.553,0.509,0.659,0.042,0.450,0.132,0.011,0.499,0.365,0.335,0.076,0.648,0.342,0.486,0.732,0.603,0.708,0.757,0.681,0.777,0.673,0.558,0.644,0.038,0.073,0.185,0.643,0.023,0.386,0.603,0.759,0.267,0.135,0.418,0.352,0.258,0.000,0.352,0.039,0.218,0.000,0.338,0.000,0.100,0.076,0.535,0.181,0.804,0.196,0.000,0.340,0.000,0.000,0.069,0.017,0.029,0.001,0.200,0.161,0.409,0.548,0.128,0.438,0.273,0.600,0.336,0.119,0.036,0.248,0.163,0.177,0.013,0.054,0.011,0.163,0.003,0.062,0.000,0.006,0.060,0.061,0.007,0.000,0.363,0.234,0.191,0.080,0.132,0.291,0.117,0.379,0.338,0.661,0.045,0.158,0.110,0.106,0.095,0.756,0.068,0.594,0.558,0.585,0.311,0.085,0.057,0.054,0.098,0.171,0.223
appointment-timing-manipulation,Appointment Timing Manipulation,Political actors time vacancies under high capture and public pressure.,1.000,adversarial/imported blend,legislative-override,Judicial review with legislative supermajority override,5120,0.963,0.518,0.445,0.409,0.585,0.221,0.420,0.166,0.098,0.001,0.056,0.037,0.099,0.662,0.530,0.492,0.430,0.252,0.562,0.431,0.411,0.553,0.509,0.659,0.042,0.460,0.132,0.010,0.499,0.365,0.335,0.078,0.608,0.341,0.442,0.732,0.606,0.700,0.755,0.672,0.772,0.670,0.538,0.645,0.021,0.073,0.186,0.592,0.023,0.390,0.593,0.749,0.206,0.146,0.421,0.355,0.264,0.000,0.355,0.043,0.221,0.000,0.064,0.000,0.073,0.110,0.563,0.200,0.482,0.518,0.000,0.000,0.000,0.000,0.082,0.018,0.031,0.002,0.204,0.179,0.401,0.560,0.147,0.441,0.271,0.578,0.329,0.129,0.047,0.246,0.162,0.183,0.014,0.058,0.015,0.162,0.004,0.061,0.000,0.007,0.067,0.060,0.010,0.001,0.363,0.234,0.191,0.080,0.132,0.291,0.122,0.384,0.304,0.764,0.091,0.176,0.089,0.110,0.103,0.750,0.069,0.588,0.536,0.535,0.311,0.085,0.057,0.054,0.098,0.171,0.223
appointment-timing-manipulation,Appointment Timing Manipulation,Political actors time vacancies under high capture and public pressure.,1.000,adversarial/imported blend,accountability-retention-court,Retention-election accountability court,5120,0.966,0.527,0.440,0.412,0.585,0.227,0.420,0.166,0.104,0.001,0.058,0.037,0.099,0.662,0.530,0.492,0.430,0.252,0.562,0.431,0.411,0.553,0.509,0.659,0.042,0.461,0.132,0.012,0.499,0.365,0.335,0.082,0.609,0.342,0.444,0.732,0.607,0.699,0.755,0.676,0.779,0.674,0.538,0.638,0.031,0.071,0.181,0.595,0.023,0.392,0.599,0.749,0.199,0.142,0.428,0.345,0.255,0.000,0.345,0.038,0.218,0.000,0.073,0.000,0.102,0.312,0.575,0.256,0.473,0.527,0.000,0.000,0.000,0.000,0.079,0.038,0.000,0.002,0.200,0.155,0.404,0.559,0.099,0.442,0.271,0.578,0.339,0.120,0.038,0.248,0.160,0.188,0.013,0.054,0.009,0.160,0.004,0.070,0.000,0.007,0.061,0.064,0.010,0.000,0.363,0.234,0.191,0.080,0.132,0.291,0.121,0.396,0.313,0.678,0.273,0.158,0.089,0.109,0.096,0.751,0.068,0.587,0.536,0.537,0.311,0.085,0.057,0.054,0.098,0.171,0.223
appointment-timing-manipulation,Appointment Timing Manipulation,Political actors time vacancies under high capture and public pressure.,1.000,adversarial/imported blend,emergency-restraint-court,No emergency relief without merits review,5120,0.961,0.516,0.445,0.408,0.585,0.217,0.420,0.166,0.099,0.001,0.053,0.034,0.099,0.662,0.530,0.492,0.430,0.249,0.562,0.431,0.411,0.553,0.509,0.659,0.042,0.460,0.132,0.011,0.499,0.365,0.335,0.072,0.611,0.276,0.455,0.732,0.614,0.705,0.772,0.675,0.772,0.669,0.548,0.648,0.035,0.009,0.171,0.637,0.026,0.373,0.592,0.762,0.213,0.158,0.471,0.340,0.340,0.000,0.340,0.000,0.340,0.000,0.144,0.000,0.074,0.112,0.541,0.194,0.484,0.516,0.000,0.000,0.000,0.000,0.000,0.000,0.000,0.000,0.190,0.154,0.351,0.548,0.087,0.441,0.227,0.585,0.331,0.114,0.037,0.240,0.153,0.182,0.021,0.074,0.020,0.000,0.004,0.094,0.000,0.006,0.056,0.063,0.010,0.000,0.363,0.234,0.191,0.080,0.132,0.291,0.135,0.403,0.375,0.893,0.182,0.316,0.139,0.121,0.107,0.760,0.055,0.596,0.546,0.579,0.311,0.085,0.057,0.054,0.098,0.171,0.223
appointment-timing-manipulation,Appointment Timing Manipulation,Political actors time vacancies under high capture and public pressure.,1.000,adversarial/imported blend,randomized-merits-panels,Randomized merits panels with en banc correction,5120,0.964,0.522,0.443,0.410,0.585,0.221,0.420,0.166,0.101,0.001,0.060,0.026,0.099,0.662,0.530,0.492,0.430,0.252,0.562,0.431,0.411,0.553,0.509,0.659,0.042,0.430,0.132,0.013,0.499,0.365,0.335,0.077,0.608,0.341,0.554,0.732,0.606,0.702,0.751,0.675,0.773,0.671,0.544,0.646,0.047,0.073,0.184,0.636,0.028,0.379,0.591,0.751,0.221,0.150,0.419,0.352,0.259,0.000,0.352,0.043,0.216,0.000,0.521,0.000,0.110,0.074,0.496,0.165,0.803,0.197,0.000,0.000,0.000,0.000,0.000,0.000,0.000,0.000,0.196,0.156,0.394,0.546,0.084,0.431,0.268,0.580,0.323,0.126,0.037,0.237,0.147,0.183,0.016,0.083,0.017,0.000,0.007,0.089,0.000,0.006,0.065,0.068,0.008,0.000,0.363,0.234,0.191,0.080,0.132,0.291,0.125,0.393,0.334,0.756,0.227,0.316,0.127,0.111,0.108,0.754,0.069,0.588,0.542,0.574,0.311,0.085,0.057,0.054,0.098,0.171,0.223
appointment-timing-manipulation,Appointment Timing Manipulation,Political actors time vacancies under high capture and public pressure.,1.000,adversarial/imported blend,mandatory-written-emergency-reasoning,Mandatory written emergency reasoning,5120,0.963,0.525,0.438,0.418,0.585,0.230,0.420,0.166,0.096,0.000,0.047,0.037,0.099,0.662,0.530,0.492,0.430,0.252,0.562,0.431,0.411,0.553,0.509,0.659,0.042,0.461,0.132,0.011,0.499,0.365,0.335,0.085,0.608,0.314,0.442,0.732,0.606,0.701,0.756,0.674,0.775,0.670,0.541,0.645,0.041,0.045,0.192,0.596,0.026,0.385,0.593,0.747,0.216,0.152,0.427,0.359,0.247,0.000,0.359,0.073,0.175,0.000,0.065,0.000,0.078,0.109,0.554,0.206,0.475,0.525,0.000,0.000,0.000,0.000,0.000,0.000,0.000,0.000,0.209,0.161,0.414,0.598,0.090,0.442,0.268,0.578,0.333,0.123,0.044,0.254,0.157,0.257,0.015,0.079,0.021,0.000,0.004,0.098,0.000,0.006,0.060,0.065,0.007,0.000,0.363,0.234,0.191,0.080,0.132,0.291,0.126,0.394,0.388,0.752,0.136,0.105,0.152,0.110,0.115,0.754,0.076,0.586,0.538,0.527,0.311,0.085,0.057,0.054,0.098,0.171,0.223
appointment-timing-manipulation,Appointment Timing Manipulation,Political actors time vacancies under high capture and public pressure.,1.000,adversarial/imported blend,automatic-merits-follow-up,Automatic merits follow-up for emergency relief,5120,0.963,0.523,0.440,0.402,0.585,0.228,0.420,0.166,0.103,0.001,0.053,0.033,0.099,0.662,0.530,0.492,0.430,0.249,0.562,0.431,0.411,0.553,0.509,0.659,0.042,0.460,0.132,0.009,0.499,0.365,0.335,0.072,0.611,0.296,0.442,0.732,0.610,0.703,0.767,0.672,0.769,0.667,0.546,0.646,0.042,0.016,0.174,0.624,0.030,0.378,0.596,0.758,0.231,0.170,0.476,0.345,0.345,0.000,0.345,0.077,0.345,0.000,0.064,0.000,0.073,0.111,0.551,0.205,0.477,0.523,0.000,0.000,0.000,0.000,0.000,0.000,0.000,0.000,0.202,0.164,0.355,0.605,0.086,0.442,0.238,0.584,0.329,0.121,0.035,0.238,0.150,0.267,0.019,0.079,0.015,0.000,0.006,0.102,0.000,0.006,0.064,0.068,0.008,0.000,0.363,0.234,0.191,0.080,0.132,0.291,0.138,0.409,0.388,0.917,0.227,0.421,0.177,0.125,0.127,0.754,0.065,0.594,0.542,0.556,0.311,0.085,0.057,0.054,0.098,0.171,0.223
appointment-timing-manipulation,Appointment Timing Manipulation,Political actors time vacancies under high capture and public pressure.,1.000,adversarial/imported blend,strong-recusal-enforcement,Independent recusal enforcement with substitutes,5120,0.966,0.530,0.436,0.417,0.585,0.236,0.420,0.166,0.099,0.001,0.054,0.047,0.099,0.662,0.530,0.492,0.430,0.251,0.562,0.431,0.411,0.553,0.509,0.659,0.042,0.460,0.132,0.013,0.499,0.365,0.335,0.076,0.608,0.342,0.461,0.732,0.606,0.701,0.755,0.675,0.775,0.671,0.543,0.646,0.029,0.074,0.186,0.614,0.026,0.382,0.594,0.751,0.222,0.152,0.426,0.354,0.258,0.000,0.354,0.042,0.216,0.000,0.144,0.000,0.068,0.112,0.568,0.207,0.470,0.530,0.000,0.000,0.000,0.000,0.000,0.000,0.000,0.000,0.199,0.150,0.398,0.549,0.085,0.441,0.270,0.580,0.340,0.114,0.036,0.249,0.156,0.183,0.019,0.072,0.018,0.000,0.008,0.098,0.000,0.007,0.058,0.068,0.007,0.000,0.363,0.234,0.191,0.080,0.132,0.291,0.125,0.383,0.463,0.748,0.227,0.229,0.148,0.112,0.109,0.752,0.069,0.588,0.542,0.553,0.311,0.085,0.057,0.054,0.098,0.171,0.223
appointment-timing-manipulation,Appointment Timing Manipulation,Political actors time vacancies under high capture and public pressure.,1.000,adversarial/imported blend,jurisdiction-stripping-constraints,Jurisdiction stripping constrained by rights carveouts,5120,0.961,0.527,0.433,0.422,0.585,0.232,0.420,0.166,0.096,0.001,0.052,0.044,0.099,0.662,0.530,0.492,0.430,0.250,0.562,0.431,0.411,0.553,0.509,0.659,0.042,0.410,0.132,0.009,0.499,0.365,0.335,0.081,0.638,0.340,0.442,0.732,0.611,0.704,0.760,0.673,0.776,0.671,0.540,0.644,0.021,0.076,0.189,0.597,0.025,0.388,0.596,0.753,0.201,0.149,0.427,0.361,0.262,0.000,0.361,0.044,0.218,0.000,0.066,0.000,0.076,0.112,0.562,0.204,0.473,0.527,0.000,0.000,0.000,0.000,0.085,0.000,0.000,0.000,0.197,0.191,0.394,0.558,0.141,0.425,0.268,0.590,0.326,0.133,0.045,0.233,0.163,0.193,0.019,0.119,0.025,0.000,0.005,0.000,0.000,0.006,0.065,0.067,0.008,0.000,0.363,0.234,0.191,0.080,0.132,0.291,0.125,0.402,0.263,0.740,0.273,0.368,0.101,0.111,0.108,0.753,0.070,0.590,0.548,0.545,0.311,0.085,0.057,0.054,0.098,0.171,0.223
appointment-timing-manipulation,Appointment Timing Manipulation,Political actors time vacancies under high capture and public pressure.,1.000,adversarial/imported blend,legislative-override-window,Time-limited legislative override window,5120,0.962,0.515,0.447,0.405,0.585,0.212,0.420,0.166,0.101,0.001,0.052,0.038,0.099,0.662,0.530,0.492,0.430,0.253,0.562,0.431,0.411,0.553,0.509,0.659,0.042,0.461,0.132,0.011,0.499,0.365,0.335,0.084,0.608,0.341,0.442,0.732,0.606,0.699,0.754,0.672,0.771,0.671,0.537,0.642,0.020,0.073,0.185,0.590,0.023,0.391,0.592,0.748,0.204,0.145,0.415,0.352,0.260,0.000,0.352,0.043,0.217,0.000,0.065,0.000,0.068,0.108,0.557,0.198,0.485,0.515,0.000,0.000,0.000,0.000,0.080,0.025,0.032,0.000,0.204,0.178,0.399,0.561,0.143,0.442,0.269,0.577,0.320,0.128,0.043,0.240,0.166,0.182,0.010,0.055,0.011,0.166,0.004,0.060,0.000,0.006,0.062,0.068,0.009,0.000,0.363,0.234,0.191,0.080,0.132,0.291,0.122,0.382,0.346,0.731,0.000,0.105,0.203,0.109,0.101,0.749,0.068,0.586,0.535,0.534,0.311,0.085,0.057,0.054,0.098,0.171,0.223
appointment-timing-manipulation,Appointment Timing Manipulation,Political actors time vacancies under high capture and public pressure.,1.000,adversarial/imported blend,constitutional-remand,Constitutional remand before invalidation,5120,0.965,0.534,0.430,0.426,0.585,0.234,0.420,0.166,0.103,0.000,0.058,0.029,0.099,0.662,0.530,0.492,0.430,0.218,0.562,0.431,0.411,0.553,0.509,0.659,0.042,0.419,0.132,0.011,0.499,0.365,0.335,0.078,0.624,0.342,0.446,0.732,0.607,0.716,0.762,0.695,0.804,0.685,0.562,0.641,0.033,0.073,0.187,0.625,0.018,0.379,0.606,0.758,0.283,0.105,0.433,0.358,0.265,0.000,0.358,0.040,0.225,0.000,0.089,0.000,0.096,0.074,0.566,0.199,0.466,0.534,0.000,0.394,0.043,0.000,0.060,0.016,0.024,0.001,0.195,0.134,0.400,0.537,0.119,0.428,0.270,0.596,0.339,0.122,0.040,0.255,0.164,0.192,0.014,0.055,0.013,0.164,0.002,0.065,0.000,0.006,0.058,0.067,0.006,0.000,0.363,0.234,0.191,0.080,0.132,0.291,0.110,0.351,0.283,0.654,0.045,0.105,0.118,0.099,0.087,0.780,0.069,0.601,0.562,0.565,0.311,0.085,0.057,0.054,0.098,0.171,0.223
appointment-timing-manipulation,Appointment Timing Manipulation,Political actors time vacancies under high capture and public pressure.,1.000,adversarial/imported blend,public-interest-litigation-filter,Public-interest litigation filter,5120,0.962,0.522,0.440,0.407,0.585,0.221,0.420,0.166,0.100,0.001,0.057,0.031,0.099,0.662,0.530,0.492,0.430,0.252,0.562,0.431,0.411,0.553,0.509,0.659,0.042,0.373,0.132,0.013,0.499,0.365,0.335,0.082,0.608,0.341,0.446,0.732,0.608,0.702,0.761,0.674,0.774,0.671,0.543,0.650,0.031,0.075,0.188,0.597,0.024,0.379,0.590,0.748,0.222,0.149,0.420,0.356,0.263,0.000,0.356,0.041,0.222,0.000,0.086,0.000,0.072,0.114,0.560,0.194,0.478,0.522,0.000,0.000,0.000,0.122,0.000,0.000,0.000,0.000,0.194,0.156,0.401,0.553,0.084,0.412,0.271,0.579,0.333,0.117,0.034,0.248,0.151,0.188,0.020,0.078,0.018,0.000,0.004,0.090,0.000,0.004,0.059,0.067,0.009,0.000,0.363,0.234,0.191,0.080,0.132,0.291,0.132,0.424,0.371,0.740,0.273,0.211,0.194,0.111,0.108,0.752,0.070,0.587,0.542,0.536,0.311,0.085,0.057,0.054,0.098,0.171,0.223
appointment-timing-manipulation,Appointment Timing Manipulation,Political actors time vacancies under high capture and public pressure.,1.000,adversarial/imported blend,emergency-integrity-package,Emergency integrity package,5120,0.957,0.521,0.436,0.416,0.585,0.219,0.420,0.166,0.099,0.000,0.053,0.038,0.099,0.662,0.530,0.492,0.430,0.248,0.562,0.431,0.411,0.553,0.509,0.659,0.042,0.460,0.132,0.009,0.499,0.365,0.335,0.072,0.611,0.295,0.460,0.732,0.609,0.705,0.770,0.675,0.774,0.668,0.547,0.648,0.030,0.016,0.176,0.645,0.027,0.376,0.594,0.762,0.251,0.162,0.479,0.348,0.348,0.000,0.348,0.083,0.348,0.000,0.143,0.000,0.073,0.114,0.560,0.199,0.479,0.521,0.000,0.000,0.000,0.000,0.000,0.000,0.000,0.000,0.192,0.155,0.353,0.553,0.088,0.441,0.238,0.585,0.340,0.113,0.037,0.236,0.156,0.183,0.016,0.077,0.016,0.000,0.006,0.091,0.000,0.007,0.058,0.062,0.008,0.000,0.363,0.234,0.191,0.080,0.132,0.291,0.138,0.414,0.313,0.921,0.273,0.316,0.139,0.123,0.124,0.760,0.065,0.596,0.547,0.586,0.311,0.085,0.057,0.054,0.098,0.171,0.223
appointment-timing-manipulation,Appointment Timing Manipulation,Political actors time vacancies under high capture and public pressure.,1.000,adversarial/imported blend,remand-override-window-package,Constitutional remand with override window,5120,0.959,0.534,0.425,0.421,0.585,0.233,0.420,0.166,0.103,0.001,0.052,0.035,0.099,0.662,0.530,0.492,0.430,0.217,0.562,0.431,0.411,0.553,0.509,0.659,0.042,0.419,0.132,0.011,0.499,0.365,0.335,0.071,0.623,0.313,0.446,0.732,0.604,0.718,0.767,0.698,0.810,0.687,0.563,0.639,0.033,0.047,0.189,0.627,0.014,0.379,0.604,0.761,0.311,0.097,0.429,0.353,0.232,0.000,0.353,0.072,0.161,0.000,0.088,0.000,0.093,0.074,0.562,0.196,0.466,0.534,0.000,0.389,0.046,0.000,0.056,0.014,0.024,0.000,0.190,0.131,0.404,0.525,0.117,0.428,0.265,0.596,0.344,0.125,0.035,0.242,0.160,0.179,0.018,0.061,0.010,0.160,0.003,0.061,0.000,0.007,0.064,0.064,0.007,0.000,0.363,0.234,0.191,0.080,0.132,0.291,0.103,0.327,0.296,0.598,0.091,0.245,0.106,0.092,0.088,0.787,0.077,0.603,0.564,0.568,0.311,0.085,0.057,0.054,0.098,0.171,0.223
appointment-timing-manipulation,Appointment Timing Manipulation,Political actors time vacancies under high capture and public pressure.,1.000,adversarial/imported blend,panel-jurisdiction-safeguards,Random panels with jurisdiction safeguards,5120,0.963,0.522,0.441,0.410,0.585,0.221,0.420,0.166,0.100,0.001,0.053,0.044,0.099,0.662,0.530,0.492,0.430,0.252,0.562,0.431,0.411,0.553,0.509,0.659,0.042,0.380,0.132,0.010,0.499,0.365,0.335,0.084,0.636,0.325,0.586,0.732,0.604,0.706,0.752,0.678,0.790,0.668,0.540,0.637,0.048,0.064,0.190,0.636,0.021,0.387,0.589,0.752,0.244,0.127,0.396,0.351,0.202,0.000,0.351,0.075,0.127,0.149,0.572,0.000,0.104,0.073,0.503,0.167,0.808,0.192,0.000,0.000,0.000,0.000,0.075,0.000,0.000,0.000,0.196,0.177,0.426,0.551,0.135,0.415,0.277,0.588,0.325,0.129,0.044,0.250,0.164,0.190,0.016,0.122,0.026,0.000,0.007,0.000,0.000,0.006,0.064,0.074,0.007,0.000,0.363,0.234,0.191,0.080,0.132,0.291,0.105,0.339,0.304,0.591,0.136,0.053,0.156,0.098,0.099,0.769,0.078,0.588,0.549,0.581,0.311,0.085,0.057,0.054,0.098,0.171,0.223
appointment-timing-manipulation,Appointment Timing Manipulation,Political actors time vacancies under high capture and public pressure.,1.000,adversarial/imported blend,council-concrete-hybrid,Constitutional council with concrete-review backstop,5120,0.958,0.524,0.434,0.413,0.585,0.226,0.420,0.166,0.094,0.001,0.054,0.031,0.099,0.662,0.530,0.492,0.430,0.250,0.562,0.431,0.411,0.553,0.509,0.659,0.042,0.450,0.132,0.013,0.499,0.365,0.335,0.079,0.649,0.342,0.527,0.732,0.602,0.710,0.755,0.685,0.787,0.675,0.558,0.644,0.028,0.074,0.187,0.652,0.021,0.386,0.604,0.760,0.283,0.125,0.422,0.357,0.259,0.000,0.357,0.038,0.221,0.000,0.436,0.000,0.103,0.108,0.548,0.194,0.809,0.191,0.000,0.345,0.000,0.000,0.068,0.014,0.030,0.001,0.200,0.155,0.400,0.544,0.139,0.438,0.270,0.600,0.335,0.119,0.042,0.251,0.164,0.177,0.013,0.052,0.013,0.164,0.003,0.059,0.000,0.007,0.064,0.063,0.007,0.000,0.363,0.234,0.191,0.080,0.132,0.291,0.113,0.366,0.254,0.669,0.091,0.211,0.089,0.104,0.089,0.765,0.068,0.594,0.558,0.595,0.311,0.085,0.057,0.054,0.098,0.171,0.223
emergency-application-flood,Emergency Application Flood,Executives and litigants route controversial policies through urgent stay requests.,1.000,emergency-flood synthetic legislature,current-us-like,Stylized current U.S.-like supreme court,5120,0.982,0.648,0.335,0.478,0.449,0.229,0.325,0.124,0.216,0.000,0.064,0.044,0.120,0.849,0.691,0.625,0.488,0.459,0.711,0.548,0.435,0.580,0.647,0.705,0.057,0.614,0.092,0.000,0.632,0.425,0.534,0.343,0.477,0.808,0.606,0.819,0.474,0.532,0.521,0.491,0.586,0.561,0.301,0.666,0.081,0.515,0.499,0.367,0.098,0.707,0.605,0.545,0.191,0.139,0.211,0.647,0.295,0.295,0.000,0.295,0.000,0.000,0.025,0.000,0.047,0.296,0.262,0.245,0.352,0.648,0.000,0.000,0.000,0.000,0.000,0.000,0.000,0.000,0.407,0.300,0.951,0.870,0.123,0.557,0.715,0.393,0.333,0.253,0.112,0.563,0.260,0.440,0.019,0.106,0.061,0.000,0.079,0.128,0.000,0.002,0.123,0.134,0.073,0.020,0.339,0.266,0.154,0.074,0.166,0.413,0.274,0.628,0.660,0.988,0.569,0.744,0.421,0.150,0.145,0.482,0.388,0.403,0.298,0.240,0.187,0.052,0.041,0.250,0.118,0.150,0.203
emergency-application-flood,Emergency Application Flood,Executives and litigants route controversial policies through urgent stay requests.,1.000,emergency-flood synthetic legislature,term-limited-balanced,18-year staggered terms + regular appointments,5120,0.980,0.652,0.329,0.484,0.449,0.241,0.325,0.124,0.212,0.001,0.064,0.060,0.120,0.849,0.691,0.625,0.488,0.442,0.711,0.548,0.435,0.580,0.647,0.705,0.057,0.571,0.092,0.000,0.632,0.425,0.534,0.287,0.491,0.636,0.615,0.819,0.483,0.538,0.616,0.504,0.594,0.565,0.329,0.621,0.083,0.211,0.411,0.579,0.192,0.655,0.636,0.620,0.248,0.276,0.439,0.650,0.523,0.000,0.650,0.241,0.282,0.000,0.065,0.000,0.100,0.105,0.261,0.191,0.348,0.652,0.000,0.000,0.000,0.000,0.000,0.000,0.000,0.000,0.370,0.358,0.755,0.852,0.137,0.543,0.551,0.418,0.316,0.268,0.113,0.530,0.264,0.410,0.015,0.120,0.066,0.000,0.076,0.123,0.000,0.001,0.126,0.145,0.061,0.022,0.339,0.266,0.154,0.074,0.166,0.413,0.177,0.393,0.429,0.727,0.345,0.427,0.276,0.192,0.226,0.546,0.263,0.435,0.319,0.450,0.187,0.052,0.041,0.250,0.118,0.150,0.203
emergency-application-flood,Emergency Application Flood,Executives and litigants route controversial policies through urgent stay requests.,1.000,emergency-flood synthetic legislature,nonpartisan-commission,Nonpartisan commission appointments,5120,0.983,0.668,0.315,0.490,0.449,0.269,0.325,0.124,0.207,0.001,0.076,0.044,0.120,0.849,0.691,0.625,0.488,0.442,0.711,0.548,0.435,0.580,0.647,0.705,0.057,0.571,0.092,0.000,0.632,0.425,0.534,0.287,0.491,0.636,0.620,0.819,0.477,0.534,0.618,0.496,0.582,0.560,0.323,0.626,0.065,0.217,0.417,0.592,0.197,0.664,0.644,0.622,0.277,0.292,0.446,0.667,0.535,0.000,0.667,0.245,0.291,0.000,0.088,0.000,0.101,0.106,0.250,0.186,0.332,0.668,0.000,0.000,0.000,0.000,0.000,0.000,0.000,0.000,0.364,0.351,0.752,0.826,0.132,0.543,0.552,0.415,0.341,0.258,0.108,0.544,0.259,0.344,0.020,0.117,0.061,0.000,0.072,0.129,0.000,0.002,0.127,0.136,0.064,0.021,0.339,0.266,0.154,0.074,0.166,0.413,0.187,0.435,0.456,0.692,0.371,0.496,0.241,0.200,0.237,0.534,0.269,0.430,0.314,0.469,0.187,0.052,0.041,0.250,0.118,0.150,0.203
emergency-application-flood,Emergency Application Flood,Executives and litigants route controversial policies through urgent stay requests.,1.000,emergency-flood synthetic legislature,expanded-court-fifteen,Expanded 15-seat court,5120,0.981,0.646,0.336,0.480,0.449,0.227,0.325,0.124,0.207,0.000,0.074,0.049,0.120,0.849,0.691,0.625,0.488,0.442,0.711,0.548,0.435,0.580,0.647,0.705,0.057,0.570,0.092,0.000,0.632,0.425,0.534,0.278,0.490,0.635,0.625,0.819,0.479,0.539,0.621,0.506,0.595,0.565,0.333,0.622,0.047,0.208,0.416,0.595,0.194,0.649,0.635,0.627,0.285,0.278,0.434,0.644,0.525,0.000,0.644,0.239,0.286,0.000,0.068,0.000,0.114,0.400,0.279,0.283,0.354,0.646,0.000,0.000,0.000,0.000,0.000,0.000,0.000,0.000,0.365,0.341,0.744,0.855,0.130,0.543,0.547,0.420,0.336,0.238,0.097,0.526,0.258,0.421,0.020,0.108,0.056,0.000,0.074,0.119,0.000,0.002,0.116,0.129,0.060,0.020,0.339,0.266,0.154,0.074,0.166,0.413,0.179,0.413,0.440,0.704,0.294,0.436,0.276,0.192,0.227,0.538,0.261,0.437,0.326,0.469,0.187,0.052,0.041,0.250,0.118,0.150,0.203
emergency-application-flood,Emergency Application Flood,Executives and litigants route controversial policies through urgent stay requests.,1.000,emergency-flood synthetic legislature,supermajority-review,60 percent invalidation threshold,5120,0.981,0.660,0.321,0.487,0.449,0.256,0.325,0.124,0.203,0.001,0.058,0.049,0.120,0.849,0.691,0.625,0.488,0.444,0.711,0.548,0.435,0.580,0.647,0.705,0.057,0.570,0.092,0.000,0.632,0.425,0.534,0.277,0.486,0.623,0.615,0.819,0.496,0.564,0.609,0.550,0.720,0.579,0.327,0.611,0.085,0.203,0.432,0.555,0.132,0.657,0.619,0.610,0.247,0.184,0.368,0.660,0.524,0.000,0.660,0.407,0.116,0.136,0.066,0.000,0.052,0.107,0.277,0.197,0.340,0.660,0.000,0.000,0.000,0.000,0.000,0.000,0.000,0.000,0.366,0.283,0.772,0.842,0.122,0.542,0.565,0.415,0.348,0.243,0.104,0.541,0.262,0.430,0.022,0.108,0.054,0.000,0.076,0.131,0.000,0.002,0.113,0.136,0.063,0.017,0.339,0.266,0.154,0.074,0.166,0.413,0.132,0.291,0.347,0.519,0.259,0.342,0.207,0.152,0.196,0.662,0.300,0.432,0.320,0.419,0.187,0.052,0.041,0.250,0.118,0.150,0.203
emergency-application-flood,Emergency Application Flood,Executives and litigants route controversial policies through urgent stay requests.,1.000,emergency-flood synthetic legislature,recusal-and-emergency-reform,Peer recusal + reasoned emergency docket,5120,0.980,0.660,0.320,0.487,0.449,0.259,0.325,0.124,0.213,0.001,0.062,0.054,0.120,0.849,0.691,0.625,0.488,0.444,0.711,0.548,0.435,0.580,0.647,0.705,0.057,0.571,0.092,0.000,0.632,0.425,0.534,0.297,0.491,0.637,0.623,0.819,0.476,0.537,0.612,0.502,0.596,0.564,0.324,0.622,0.098,0.215,0.415,0.586,0.194,0.660,0.639,0.617,0.282,0.278,0.438,0.659,0.528,0.000,0.659,0.249,0.279,0.000,0.105,0.000,0.103,0.105,0.262,0.190,0.340,0.660,0.000,0.000,0.000,0.000,0.000,0.000,0.000,0.000,0.371,0.352,0.759,0.854,0.131,0.543,0.555,0.415,0.326,0.267,0.116,0.541,0.250,0.424,0.021,0.121,0.062,0.000,0.075,0.121,0.000,0.001,0.122,0.145,0.061,0.023,0.339,0.266,0.154,0.074,0.166,0.413,0.175,0.408,0.425,0.708,0.289,0.393,0.228,0.193,0.228,0.546,0.268,0.430,0.314,0.453,0.187,0.052,0.041,0.250,0.118,0.150,0.203
emergency-application-flood,Emergency Application Flood,Executives and litigants route controversial policies through urgent stay requests.,1.000,emergency-flood synthetic legislature,panel-en-banc,Three-judge panels with en banc correction,5120,0.986,0.660,0.326,0.488,0.449,0.253,0.325,0.124,0.213,0.001,0.076,0.047,0.120,0.849,0.691,0.625,0.488,0.441,0.711,0.548,0.435,0.580,0.647,0.705,0.057,0.540,0.092,0.000,0.632,0.425,0.534,0.281,0.491,0.636,0.710,0.819,0.478,0.538,0.616,0.502,0.591,0.564,0.328,0.626,0.091,0.213,0.410,0.635,0.199,0.657,0.641,0.626,0.292,0.280,0.446,0.659,0.529,0.000,0.659,0.241,0.288,0.000,0.429,0.000,0.359,0.071,0.240,0.158,0.684,0.316,0.000,0.000,0.000,0.000,0.000,0.000,0.000,0.000,0.359,0.346,0.756,0.824,0.129,0.533,0.553,0.418,0.331,0.256,0.108,0.538,0.250,0.336,0.019,0.113,0.057,0.000,0.085,0.119,0.000,0.002,0.120,0.147,0.061,0.019,0.339,0.266,0.154,0.074,0.166,0.413,0.182,0.428,0.456,0.727,0.294,0.368,0.244,0.195,0.229,0.547,0.266,0.434,0.320,0.512,0.187,0.052,0.041,0.250,0.118,0.150,0.203
emergency-application-flood,Emergency Application Flood,Executives and litigants route controversial policies through urgent stay requests.,1.000,emergency-flood synthetic legislature,cross-checking-courts,Supreme court with cross-checking constitutional court,5120,0.986,0.667,0.319,0.492,0.449,0.271,0.325,0.124,0.204,0.001,0.068,0.047,0.120,0.849,0.691,0.625,0.488,0.424,0.711,0.548,0.435,0.580,0.647,0.705,0.057,0.570,0.092,0.000,0.632,0.425,0.534,0.284,0.507,0.624,0.637,0.819,0.472,0.569,0.614,0.547,0.728,0.586,0.306,0.594,0.038,0.205,0.432,0.591,0.092,0.685,0.608,0.618,0.374,0.136,0.371,0.666,0.519,0.000,0.666,0.394,0.124,0.147,0.170,0.000,0.136,0.105,0.288,0.199,0.333,0.667,0.227,0.000,0.000,0.000,0.000,0.000,0.000,0.000,0.359,0.265,0.783,0.817,0.117,0.542,0.569,0.417,0.348,0.246,0.103,0.552,0.260,0.354,0.019,0.108,0.061,0.000,0.068,0.138,0.000,0.001,0.118,0.136,0.063,0.015,0.339,0.266,0.154,0.074,0.166,0.413,0.086,0.195,0.212,0.315,0.147,0.214,0.172,0.147,0.160,0.669,0.300,0.437,0.302,0.466,0.187,0.052,0.041,0.250,0.118,0.150,0.203
emergency-application-flood,Emergency Application Flood,Executives and litigants route controversial policies through urgent stay requests.,1.000,emergency-flood synthetic legislature,dual-supreme-courts,Dual supreme courts with disagreement filter,5120,0.981,0.661,0.320,0.496,0.449,0.260,0.325,0.124,0.203,0.001,0.070,0.044,0.120,0.849,0.691,0.625,0.488,0.448,0.711,0.548,0.435,0.580,0.647,0.705,0.057,0.572,0.092,0.000,0.632,0.425,0.534,0.303,0.486,0.624,0.646,0.819,0.435,0.507,0.613,0.452,0.486,0.550,0.297,0.622,0.035,0.206,0.434,0.596,0.215,0.695,0.642,0.617,0.411,0.295,0.362,0.660,0.536,0.000,0.660,0.437,0.100,0.124,0.176,0.000,0.124,0.106,0.255,0.185,0.339,0.661,0.229,0.000,0.000,0.000,0.000,0.000,0.000,0.000,0.374,0.378,0.779,0.853,0.141,0.543,0.570,0.400,0.323,0.274,0.122,0.547,0.267,0.358,0.017,0.124,0.063,0.000,0.077,0.122,0.000,0.002,0.129,0.146,0.065,0.021,0.339,0.266,0.154,0.074,0.166,0.413,0.189,0.409,0.494,0.769,0.350,0.573,0.255,0.200,0.273,0.439,0.306,0.415,0.293,0.473,0.187,0.052,0.041,0.250,0.118,0.150,0.203
emergency-application-flood,Emergency Application Flood,Executives and litigants route controversial policies through urgent stay requests.,1.000,emergency-flood synthetic legislature,comparative-constitutional-senates,Comparative 16-seat constitutional senates,5120,0.982,0.663,0.319,0.490,0.449,0.261,0.325,0.124,0.211,0.001,0.077,0.043,0.120,0.849,0.691,0.625,0.488,0.445,0.711,0.548,0.435,0.580,0.647,0.705,0.057,0.600,0.092,0.000,0.632,0.425,0.534,0.285,0.486,0.624,0.747,0.819,0.486,0.567,0.605,0.555,0.735,0.581,0.325,0.615,0.046,0.205,0.433,0.621,0.124,0.658,0.620,0.620,0.328,0.172,0.367,0.662,0.515,0.000,0.662,0.405,0.109,0.147,0.422,0.000,0.146,0.104,0.286,0.192,0.680,0.320,0.000,0.000,0.000,0.000,0.000,0.000,0.000,0.000,0.360,0.280,0.782,0.801,0.119,0.553,0.569,0.414,0.343,0.250,0.105,0.543,0.257,0.334,0.020,0.119,0.055,0.000,0.074,0.125,0.000,0.001,0.121,0.136,0.064,0.016,0.339,0.266,0.154,0.074,0.166,0.413,0.130,0.296,0.328,0.565,0.218,0.248,0.186,0.149,0.189,0.677,0.301,0.432,0.317,0.498,0.187,0.052,0.041,0.250,0.118,0.150,0.203
emergency-application-flood,Emergency Application Flood,Executives and litigants route controversial policies through urgent stay requests.,1.000,emergency-flood synthetic legislature,constitutional-council,Pre-enactment constitutional council,5120,0.980,0.658,0.323,0.476,0.449,0.249,0.325,0.124,0.210,0.001,0.071,0.044,0.120,0.849,0.691,0.625,0.488,0.440,0.711,0.548,0.435,0.580,0.647,0.705,0.057,0.561,0.092,0.000,0.632,0.425,0.534,0.289,0.541,0.636,0.664,0.819,0.475,0.549,0.627,0.514,0.609,0.566,0.346,0.629,0.068,0.209,0.408,0.673,0.183,0.671,0.670,0.641,0.374,0.261,0.454,0.656,0.527,0.000,0.656,0.223,0.304,0.000,0.304,0.000,0.139,0.070,0.277,0.177,0.688,0.313,0.000,0.655,0.000,0.000,0.189,0.073,0.067,0.025,0.368,0.375,0.756,0.828,0.224,0.539,0.551,0.443,0.322,0.270,0.129,0.542,0.278,0.342,0.012,0.061,0.041,0.278,0.044,0.070,0.000,0.002,0.128,0.143,0.062,0.021,0.339,0.266,0.154,0.074,0.166,0.413,0.184,0.428,0.436,0.715,0.310,0.462,0.283,0.190,0.202,0.562,0.261,0.441,0.333,0.557,0.187,0.052,0.041,0.250,0.118,0.150,0.203
emergency-application-flood,Emergency Application Flood,Executives and litigants route controversial policies through urgent stay requests.,1.000,emergency-flood synthetic legislature,legislative-override,Judicial review with legislative supermajority override,5120,0.981,0.661,0.321,0.489,0.449,0.255,0.325,0.124,0.213,0.001,0.058,0.032,0.120,0.849,0.691,0.625,0.488,0.442,0.711,0.548,0.435,0.580,0.647,0.705,0.057,0.571,0.092,0.000,0.632,0.425,0.534,0.288,0.492,0.635,0.615,0.819,0.476,0.534,0.623,0.495,0.586,0.559,0.315,0.627,0.034,0.211,0.414,0.596,0.196,0.675,0.652,0.628,0.282,0.286,0.452,0.660,0.540,0.000,0.660,0.237,0.303,0.000,0.067,0.000,0.100,0.104,0.267,0.188,0.339,0.661,0.000,0.000,0.000,0.000,0.204,0.061,0.065,0.019,0.372,0.404,0.744,0.831,0.239,0.543,0.548,0.413,0.310,0.292,0.140,0.530,0.272,0.338,0.011,0.072,0.046,0.272,0.041,0.078,0.000,0.001,0.145,0.143,0.061,0.021,0.339,0.266,0.154,0.074,0.166,0.413,0.185,0.423,0.448,0.712,0.360,0.410,0.303,0.198,0.222,0.539,0.265,0.432,0.304,0.483,0.187,0.052,0.041,0.250,0.118,0.150,0.203
emergency-application-flood,Emergency Application Flood,Executives and litigants route controversial policies through urgent stay requests.,1.000,emergency-flood synthetic legislature,accountability-retention-court,Retention-election accountability court,5120,0.978,0.661,0.318,0.485,0.449,0.253,0.325,0.124,0.207,0.000,0.064,0.058,0.120,0.849,0.691,0.625,0.488,0.442,0.711,0.548,0.435,0.580,0.647,0.705,0.057,0.571,0.092,0.000,0.632,0.425,0.534,0.289,0.492,0.636,0.617,0.819,0.478,0.534,0.621,0.502,0.597,0.567,0.318,0.613,0.065,0.210,0.413,0.593,0.195,0.671,0.658,0.624,0.274,0.277,0.458,0.660,0.528,0.000,0.660,0.226,0.301,0.000,0.074,0.000,0.184,0.298,0.294,0.259,0.339,0.661,0.000,0.000,0.000,0.000,0.197,0.104,0.000,0.031,0.363,0.352,0.752,0.835,0.155,0.543,0.550,0.414,0.342,0.252,0.107,0.542,0.262,0.358,0.014,0.069,0.033,0.262,0.048,0.073,0.000,0.001,0.120,0.139,0.064,0.019,0.339,0.266,0.154,0.074,0.166,0.413,0.184,0.426,0.463,0.712,0.310,0.427,0.269,0.195,0.207,0.542,0.262,0.433,0.310,0.475,0.187,0.052,0.041,0.250,0.118,0.150,0.203
emergency-application-flood,Emergency Application Flood,Executives and litigants route controversial policies through urgent stay requests.,1.000,emergency-flood synthetic legislature,emergency-restraint-court,No emergency relief without merits review,5120,0.980,0.663,0.317,0.490,0.449,0.261,0.325,0.124,0.202,0.001,0.061,0.035,0.120,0.849,0.691,0.625,0.488,0.434,0.711,0.548,0.435,0.580,0.647,0.705,0.057,0.573,0.092,0.000,0.632,0.425,0.534,0.293,0.504,0.559,0.632,0.819,0.469,0.497,0.661,0.421,0.389,0.522,0.327,0.643,0.063,0.061,0.383,0.722,0.320,0.660,0.679,0.664,0.294,0.465,0.662,0.661,0.661,0.000,0.661,0.000,0.661,0.000,0.147,0.000,0.106,0.108,0.211,0.166,0.337,0.663,0.000,0.000,0.000,0.000,0.000,0.000,0.000,0.000,0.357,0.456,0.628,0.854,0.151,0.543,0.466,0.425,0.323,0.271,0.119,0.517,0.260,0.354,0.019,0.115,0.065,0.000,0.076,0.128,0.000,0.002,0.127,0.155,0.063,0.023,0.339,0.266,0.154,0.074,0.166,0.413,0.282,0.659,0.680,0.985,0.533,0.778,0.451,0.280,0.305,0.379,0.211,0.444,0.317,0.605,0.187,0.052,0.041,0.250,0.118,0.150,0.203
emergency-application-flood,Emergency Application Flood,Executives and litigants route controversial policies through urgent stay requests.,1.000,emergency-flood synthetic legislature,randomized-merits-panels,Randomized merits panels with en banc correction,5120,0.982,0.662,0.321,0.483,0.449,0.259,0.325,0.124,0.211,0.000,0.065,0.049,0.120,0.849,0.691,0.625,0.488,0.441,0.711,0.548,0.435,0.580,0.647,0.705,0.057,0.541,0.092,0.000,0.632,0.425,0.534,0.281,0.491,0.636,0.732,0.819,0.475,0.536,0.614,0.500,0.586,0.563,0.326,0.627,0.089,0.214,0.414,0.638,0.202,0.659,0.641,0.625,0.301,0.282,0.447,0.661,0.542,0.000,0.661,0.259,0.284,0.000,0.447,0.000,0.156,0.070,0.236,0.156,0.681,0.319,0.000,0.000,0.000,0.000,0.000,0.000,0.000,0.000,0.361,0.348,0.748,0.826,0.134,0.533,0.551,0.417,0.328,0.262,0.117,0.541,0.255,0.345,0.020,0.113,0.065,0.000,0.074,0.132,0.000,0.001,0.125,0.146,0.060,0.017,0.339,0.266,0.154,0.074,0.166,0.413,0.186,0.439,0.456,0.688,0.330,0.393,0.297,0.196,0.233,0.541,0.270,0.433,0.316,0.512,0.187,0.052,0.041,0.250,0.118,0.150,0.203
emergency-application-flood,Emergency Application Flood,Executives and litigants route controversial policies through urgent stay requests.,1.000,emergency-flood synthetic legislature,mandatory-written-emergency-reasoning,Mandatory written emergency reasoning,5120,0.982,0.670,0.312,0.492,0.449,0.282,0.325,0.124,0.205,0.001,0.057,0.044,0.120,0.849,0.691,0.625,0.488,0.443,0.711,0.548,0.435,0.580,0.647,0.705,0.057,0.571,0.092,0.000,0.632,0.425,0.534,0.285,0.489,0.613,0.615,0.819,0.482,0.550,0.614,0.529,0.668,0.573,0.322,0.615,0.082,0.176,0.436,0.578,0.168,0.666,0.632,0.615,0.298,0.236,0.411,0.669,0.551,0.000,0.669,0.412,0.139,0.000,0.066,0.000,0.102,0.106,0.272,0.201,0.330,0.670,0.000,0.000,0.000,0.000,0.000,0.000,0.000,0.000,0.372,0.323,0.760,0.860,0.133,0.543,0.559,0.414,0.337,0.265,0.122,0.544,0.264,0.447,0.018,0.117,0.070,0.000,0.069,0.125,0.000,0.002,0.125,0.142,0.064,0.017,0.339,0.266,0.154,0.074,0.166,0.413,0.151,0.333,0.398,0.588,0.254,0.427,0.262,0.172,0.230,0.615,0.303,0.430,0.313,0.441,0.187,0.052,0.041,0.250,0.118,0.150,0.203
emergency-application-flood,Emergency Application Flood,Executives and litigants route controversial policies through urgent stay requests.,1.000,emergency-flood synthetic legislature,automatic-merits-follow-up,Automatic merits follow-up for emergency relief,5120,0.983,0.660,0.323,0.487,0.449,0.257,0.325,0.124,0.205,0.001,0.056,0.057,0.120,0.849,0.691,0.625,0.488,0.435,0.711,0.548,0.435,0.580,0.647,0.705,0.057,0.573,0.092,0.000,0.632,0.425,0.534,0.307,0.504,0.580,0.615,0.819,0.460,0.487,0.653,0.408,0.364,0.513,0.323,0.637,0.081,0.074,0.384,0.695,0.343,0.665,0.681,0.655,0.313,0.500,0.660,0.659,0.659,0.000,0.659,0.486,0.659,0.000,0.066,0.000,0.106,0.106,0.208,0.172,0.340,0.660,0.000,0.000,0.000,0.000,0.000,0.000,0.000,0.000,0.371,0.493,0.636,0.887,0.156,0.544,0.475,0.422,0.305,0.287,0.121,0.518,0.257,0.438,0.015,0.134,0.062,0.000,0.082,0.128,0.000,0.001,0.142,0.151,0.060,0.027,0.339,0.266,0.154,0.074,0.166,0.413,0.285,0.660,0.676,0.988,0.584,0.786,0.469,0.290,0.414,0.356,0.210,0.439,0.310,0.569,0.187,0.052,0.041,0.250,0.118,0.150,0.203
emergency-application-flood,Emergency Application Flood,Executives and litigants route controversial policies through urgent stay requests.,1.000,emergency-flood synthetic legislature,strong-recusal-enforcement,Independent recusal enforcement with substitutes,5120,0.986,0.656,0.330,0.478,0.449,0.243,0.325,0.124,0.211,0.000,0.071,0.043,0.120,0.849,0.691,0.625,0.488,0.442,0.711,0.548,0.435,0.580,0.647,0.705,0.057,0.571,0.092,0.000,0.632,0.425,0.534,0.287,0.491,0.636,0.638,0.819,0.474,0.534,0.619,0.497,0.579,0.562,0.327,0.620,0.057,0.212,0.414,0.611,0.203,0.657,0.638,0.625,0.296,0.289,0.439,0.654,0.535,0.000,0.654,0.248,0.287,0.000,0.146,0.000,0.104,0.107,0.260,0.186,0.344,0.656,0.000,0.000,0.000,0.000,0.000,0.000,0.000,0.000,0.363,0.355,0.754,0.828,0.134,0.543,0.552,0.417,0.334,0.253,0.110,0.540,0.260,0.340,0.018,0.113,0.062,0.000,0.076,0.122,0.000,0.001,0.120,0.141,0.064,0.019,0.339,0.266,0.154,0.074,0.166,0.413,0.181,0.407,0.459,0.685,0.335,0.470,0.297,0.197,0.235,0.532,0.265,0.432,0.319,0.490,0.187,0.052,0.041,0.250,0.118,0.150,0.203
emergency-application-flood,Emergency Application Flood,Executives and litigants route controversial policies through urgent stay requests.,1.000,emergency-flood synthetic legislature,jurisdiction-stripping-constraints,Jurisdiction stripping constrained by rights carveouts,5120,0.985,0.661,0.324,0.482,0.449,0.257,0.325,0.124,0.210,0.000,0.056,0.068,0.120,0.849,0.691,0.625,0.488,0.443,0.711,0.548,0.435,0.580,0.647,0.705,0.057,0.521,0.092,0.000,0.632,0.425,0.534,0.309,0.521,0.636,0.615,0.819,0.481,0.541,0.624,0.502,0.606,0.564,0.314,0.623,0.033,0.213,0.415,0.593,0.192,0.672,0.646,0.628,0.275,0.274,0.445,0.660,0.541,0.000,0.660,0.247,0.293,0.000,0.066,0.000,0.096,0.107,0.275,0.193,0.339,0.661,0.000,0.000,0.000,0.000,0.199,0.000,0.000,0.000,0.369,0.426,0.751,0.830,0.243,0.526,0.551,0.422,0.311,0.288,0.136,0.535,0.284,0.349,0.019,0.192,0.089,0.000,0.074,0.000,0.000,0.001,0.136,0.148,0.058,0.025,0.339,0.266,0.154,0.074,0.166,0.413,0.177,0.432,0.405,0.658,0.254,0.504,0.200,0.193,0.225,0.557,0.267,0.432,0.311,0.487,0.187,0.052,0.041,0.250,0.118,0.150,0.203
emergency-application-flood,Emergency Application Flood,Executives and litigants route controversial policies through urgent stay requests.,1.000,emergency-flood synthetic legislature,legislative-override-window,Time-limited legislative override window,5120,0.982,0.670,0.313,0.484,0.449,0.273,0.325,0.124,0.201,0.002,0.062,0.028,0.120,0.849,0.691,0.625,0.488,0.444,0.711,0.548,0.435,0.580,0.647,0.705,0.057,0.571,0.092,0.000,0.632,0.425,0.534,0.301,0.493,0.637,0.615,0.819,0.474,0.532,0.620,0.496,0.589,0.564,0.312,0.624,0.035,0.217,0.419,0.594,0.202,0.680,0.654,0.624,0.285,0.281,0.449,0.668,0.540,0.000,0.668,0.244,0.296,0.000,0.064,0.000,0.105,0.102,0.270,0.193,0.330,0.670,0.000,0.000,0.000,0.000,0.195,0.073,0.058,0.000,0.372,0.379,0.760,0.831,0.216,0.543,0.556,0.411,0.334,0.273,0.127,0.552,0.277,0.345,0.013,0.064,0.039,0.277,0.048,0.075,0.000,0.002,0.128,0.142,0.057,0.027,0.339,0.266,0.154,0.074,0.166,0.413,0.182,0.414,0.448,0.708,0.350,0.453,0.269,0.197,0.218,0.540,0.270,0.427,0.303,0.480,0.187,0.052,0.041,0.250,0.118,0.150,0.203
emergency-application-flood,Emergency Application Flood,Executives and litigants route controversial policies through urgent stay requests.,1.000,emergency-flood synthetic legislature,constitutional-remand,Constitutional remand before invalidation,5120,0.985,0.662,0.323,0.500,0.449,0.254,0.325,0.124,0.203,0.000,0.063,0.036,0.120,0.849,0.691,0.625,0.488,0.404,0.711,0.548,0.435,0.580,0.647,0.705,0.057,0.529,0.092,0.000,0.632,0.425,0.534,0.276,0.516,0.636,0.620,0.819,0.491,0.576,0.631,0.556,0.701,0.588,0.356,0.625,0.058,0.212,0.414,0.636,0.141,0.651,0.662,0.640,0.386,0.201,0.451,0.661,0.532,0.000,0.661,0.233,0.299,0.000,0.090,0.000,0.130,0.070,0.281,0.181,0.338,0.662,0.000,0.662,0.077,0.000,0.135,0.054,0.043,0.017,0.353,0.310,0.751,0.804,0.183,0.529,0.550,0.443,0.337,0.255,0.123,0.543,0.271,0.336,0.014,0.062,0.037,0.271,0.042,0.071,0.000,0.001,0.128,0.131,0.060,0.020,0.339,0.266,0.154,0.074,0.166,0.413,0.164,0.387,0.381,0.617,0.314,0.410,0.197,0.169,0.187,0.650,0.265,0.458,0.345,0.521,0.187,0.052,0.041,0.250,0.118,0.150,0.203
emergency-application-flood,Emergency Application Flood,Executives and litigants route controversial policies through urgent stay requests.,1.000,emergency-flood synthetic legislature,public-interest-litigation-filter,Public-interest litigation filter,5120,0.982,0.663,0.319,0.487,0.449,0.260,0.325,0.124,0.208,0.001,0.062,0.038,0.120,0.849,0.691,0.625,0.488,0.441,0.711,0.548,0.435,0.580,0.647,0.705,0.057,0.488,0.092,0.000,0.632,0.425,0.534,0.283,0.492,0.636,0.620,0.819,0.483,0.547,0.629,0.515,0.625,0.570,0.328,0.627,0.054,0.211,0.412,0.601,0.179,0.654,0.636,0.626,0.303,0.252,0.458,0.663,0.533,0.000,0.663,0.221,0.313,0.000,0.089,0.000,0.103,0.107,0.322,0.199,0.337,0.663,0.000,0.000,0.000,0.037,0.000,0.000,0.000,0.000,0.355,0.328,0.750,0.819,0.128,0.515,0.549,0.419,0.343,0.257,0.113,0.544,0.249,0.343,0.018,0.110,0.064,0.000,0.079,0.127,0.000,0.001,0.124,0.135,0.063,0.017,0.339,0.266,0.154,0.074,0.166,0.413,0.179,0.416,0.456,0.665,0.330,0.444,0.255,0.188,0.208,0.575,0.263,0.437,0.320,0.480,0.187,0.052,0.041,0.250,0.118,0.150,0.203
emergency-application-flood,Emergency Application Flood,Executives and litigants route controversial policies through urgent stay requests.,1.000,emergency-flood synthetic legislature,emergency-integrity-package,Emergency integrity package,5120,0.983,0.669,0.314,0.496,0.449,0.270,0.325,0.124,0.210,0.001,0.068,0.044,0.120,0.849,0.691,0.625,0.488,0.434,0.711,0.548,0.435,0.580,0.647,0.705,0.057,0.573,0.092,0.000,0.632,0.425,0.534,0.300,0.504,0.579,0.638,0.819,0.459,0.493,0.658,0.414,0.379,0.518,0.322,0.642,0.056,0.075,0.389,0.730,0.328,0.665,0.683,0.663,0.340,0.475,0.668,0.666,0.666,0.000,0.666,0.487,0.666,0.000,0.143,0.000,0.103,0.106,0.219,0.172,0.331,0.669,0.000,0.000,0.000,0.000,0.000,0.000,0.000,0.000,0.361,0.464,0.632,0.859,0.151,0.544,0.475,0.423,0.326,0.280,0.117,0.520,0.266,0.350,0.018,0.122,0.063,0.000,0.088,0.124,0.000,0.002,0.132,0.144,0.071,0.025,0.339,0.266,0.154,0.074,0.166,0.413,0.282,0.655,0.664,0.992,0.574,0.744,0.483,0.284,0.399,0.368,0.213,0.441,0.312,0.612,0.187,0.052,0.041,0.250,0.118,0.150,0.203
emergency-application-flood,Emergency Application Flood,Executives and litigants route controversial policies through urgent stay requests.,1.000,emergency-flood synthetic legislature,remand-override-window-package,Constitutional remand with override window,5120,0.981,0.663,0.318,0.493,0.449,0.259,0.325,0.124,0.210,0.001,0.064,0.052,0.120,0.849,0.691,0.625,0.488,0.407,0.711,0.548,0.435,0.580,0.647,0.705,0.057,0.529,0.092,0.000,0.632,0.425,0.534,0.283,0.514,0.612,0.620,0.819,0.487,0.581,0.630,0.570,0.742,0.593,0.353,0.617,0.057,0.171,0.432,0.631,0.125,0.657,0.654,0.636,0.422,0.177,0.418,0.661,0.543,0.000,0.661,0.402,0.141,0.000,0.091,0.000,0.131,0.069,0.286,0.184,0.337,0.663,0.000,0.663,0.061,0.000,0.122,0.040,0.046,0.000,0.357,0.308,0.762,0.802,0.189,0.529,0.558,0.439,0.335,0.269,0.128,0.545,0.277,0.337,0.014,0.066,0.040,0.277,0.040,0.069,0.000,0.002,0.127,0.138,0.062,0.018,0.339,0.266,0.154,0.074,0.166,0.413,0.140,0.310,0.397,0.563,0.238,0.299,0.234,0.151,0.199,0.688,0.299,0.451,0.343,0.512,0.187,0.052,0.041,0.250,0.118,0.150,0.203
emergency-application-flood,Emergency Application Flood,Executives and litigants route controversial policies through urgent stay requests.,1.000,emergency-flood synthetic legislature,panel-jurisdiction-safeguards,Random panels with jurisdiction safeguards,5120,0.982,0.661,0.321,0.486,0.449,0.261,0.325,0.124,0.200,0.001,0.061,0.038,0.120,0.849,0.691,0.625,0.488,0.445,0.711,0.548,0.435,0.580,0.647,0.705,0.057,0.489,0.092,0.000,0.632,0.425,0.534,0.290,0.516,0.623,0.761,0.819,0.484,0.563,0.611,0.542,0.708,0.575,0.321,0.609,0.084,0.205,0.431,0.623,0.140,0.666,0.627,0.621,0.327,0.198,0.363,0.661,0.528,0.000,0.661,0.414,0.114,0.133,0.497,0.000,0.143,0.068,0.265,0.166,0.683,0.317,0.000,0.000,0.000,0.000,0.139,0.000,0.000,0.000,0.358,0.346,0.775,0.817,0.202,0.516,0.567,0.423,0.334,0.263,0.127,0.543,0.275,0.346,0.020,0.179,0.079,0.000,0.070,0.000,0.000,0.002,0.126,0.138,0.069,0.019,0.339,0.266,0.154,0.074,0.166,0.413,0.133,0.287,0.367,0.527,0.244,0.342,0.228,0.156,0.205,0.653,0.302,0.431,0.322,0.508,0.187,0.052,0.041,0.250,0.118,0.150,0.203
emergency-application-flood,Emergency Application Flood,Executives and litigants route controversial policies through urgent stay requests.,1.000,emergency-flood synthetic legislature,council-concrete-hybrid,Constitutional council with concrete-review backstop,5120,0.983,0.664,0.320,0.482,0.449,0.261,0.325,0.124,0.208,0.000,0.061,0.047,0.120,0.849,0.691,0.625,0.488,0.439,0.711,0.548,0.435,0.580,0.647,0.705,0.057,0.560,0.092,0.000,0.632,0.425,0.534,0.289,0.542,0.636,0.705,0.819,0.481,0.564,0.626,0.538,0.671,0.574,0.348,0.631,0.043,0.210,0.413,0.684,0.155,0.666,0.666,0.644,0.393,0.225,0.460,0.663,0.525,0.000,0.663,0.215,0.310,0.000,0.374,0.000,0.140,0.105,0.313,0.203,0.678,0.322,0.000,0.661,0.000,0.000,0.153,0.054,0.058,0.018,0.366,0.344,0.757,0.820,0.206,0.539,0.551,0.445,0.322,0.280,0.133,0.544,0.273,0.355,0.009,0.070,0.044,0.273,0.040,0.075,0.000,0.002,0.134,0.144,0.064,0.018,0.339,0.266,0.154,0.074,0.166,0.413,0.171,0.419,0.375,0.665,0.325,0.299,0.186,0.179,0.181,0.619,0.262,0.444,0.334,0.568,0.187,0.052,0.041,0.250,0.118,0.150,0.203
override-evasion-loop,Override Evasion Loop,Legislatures repeatedly revise invalidated laws to test rights carveouts and override thresholds.,1.000,override-evasion synthetic legislature,current-us-like,Stylized current U.S.-like supreme court,5120,0.976,0.588,0.388,0.466,0.536,0.253,0.384,0.152,0.123,0.001,0.058,0.044,0.114,0.842,0.640,0.579,0.468,0.414,0.660,0.497,0.458,0.598,0.679,0.715,0.055,0.606,0.108,0.002,0.600,0.397,0.493,0.264,0.525,0.619,0.536,0.805,0.509,0.549,0.600,0.496,0.525,0.567,0.366,0.616,0.067,0.372,0.383,0.424,0.109,0.639,0.598,0.608,0.167,0.235,0.286,0.523,0.173,0.173,0.000,0.173,0.000,0.000,0.021,0.000,0.046,0.311,0.144,0.175,0.412,0.588,0.000,0.000,0.000,0.000,0.000,0.000,0.000,0.000,0.352,0.362,0.764,0.849,0.152,0.535,0.538,0.448,0.308,0.231,0.114,0.389,0.251,0.387,0.028,0.104,0.053,0.000,0.073,0.107,0.000,0.001,0.116,0.111,0.049,0.013,0.297,0.281,0.171,0.084,0.167,0.596,0.305,0.483,0.519,0.993,0.440,0.525,0.299,0.156,0.188,0.466,0.230,0.454,0.359,0.316,0.216,0.055,0.055,0.088,0.095,0.178,0.312
override-evasion-loop,Override Evasion Loop,Legislatures repeatedly revise invalidated laws to test rights carveouts and override thresholds.,1.000,override-evasion synthetic legislature,term-limited-balanced,18-year staggered terms + regular appointments,5120,0.979,0.592,0.387,0.465,0.536,0.263,0.384,0.152,0.123,0.001,0.068,0.040,0.114,0.842,0.640,0.579,0.468,0.403,0.660,0.497,0.458,0.598,0.679,0.715,0.055,0.566,0.108,0.003,0.600,0.397,0.493,0.239,0.536,0.458,0.544,0.805,0.513,0.546,0.676,0.481,0.474,0.555,0.384,0.597,0.073,0.130,0.291,0.588,0.167,0.605,0.622,0.667,0.213,0.381,0.460,0.490,0.414,0.000,0.490,0.156,0.258,0.000,0.064,0.000,0.098,0.108,0.139,0.121,0.408,0.592,0.000,0.000,0.000,0.000,0.000,0.000,0.000,0.000,0.327,0.463,0.553,0.857,0.180,0.521,0.383,0.464,0.286,0.249,0.134,0.356,0.252,0.385,0.023,0.107,0.061,0.000,0.071,0.117,0.000,0.001,0.119,0.132,0.051,0.013,0.297,0.281,0.171,0.084,0.167,0.596,0.278,0.445,0.534,0.769,0.349,0.448,0.328,0.208,0.283,0.460,0.137,0.472,0.369,0.484,0.216,0.055,0.055,0.088,0.095,0.178,0.312
override-evasion-loop,Override Evasion Loop,Legislatures repeatedly revise invalidated laws to test rights carveouts and override thresholds.,1.000,override-evasion synthetic legislature,nonpartisan-commission,Nonpartisan commission appointments,5120,0.978,0.593,0.385,0.469,0.536,0.261,0.384,0.152,0.129,0.000,0.063,0.046,0.114,0.842,0.640,0.579,0.468,0.403,0.660,0.497,0.458,0.598,0.679,0.715,0.055,0.566,0.108,0.003,0.600,0.397,0.493,0.237,0.536,0.458,0.547,0.805,0.509,0.544,0.680,0.474,0.459,0.552,0.383,0.601,0.052,0.128,0.287,0.597,0.168,0.608,0.621,0.671,0.235,0.393,0.462,0.481,0.409,0.000,0.481,0.161,0.248,0.000,0.082,0.000,0.093,0.110,0.126,0.110,0.407,0.593,0.000,0.000,0.000,0.000,0.000,0.000,0.000,0.000,0.321,0.475,0.549,0.826,0.182,0.521,0.381,0.463,0.283,0.256,0.133,0.353,0.251,0.310,0.025,0.109,0.064,0.000,0.073,0.117,0.000,0.001,0.123,0.130,0.051,0.014,0.297,0.281,0.171,0.084,0.167,0.596,0.285,0.477,0.534,0.752,0.289,0.482,0.334,0.212,0.291,0.447,0.138,0.471,0.368,0.502,0.216,0.055,0.055,0.088,0.095,0.178,0.312
override-evasion-loop,Override Evasion Loop,Legislatures repeatedly revise invalidated laws to test rights carveouts and override thresholds.,1.000,override-evasion synthetic legislature,expanded-court-fifteen,Expanded 15-seat court,5120,0.980,0.582,0.398,0.459,0.536,0.242,0.384,0.152,0.119,0.001,0.057,0.026,0.114,0.842,0.640,0.579,0.468,0.403,0.660,0.497,0.458,0.598,0.679,0.715,0.055,0.565,0.108,0.004,0.600,0.397,0.493,0.229,0.535,0.457,0.551,0.805,0.510,0.548,0.682,0.486,0.481,0.558,0.389,0.595,0.042,0.125,0.283,0.598,0.164,0.598,0.618,0.674,0.246,0.373,0.453,0.469,0.395,0.000,0.469,0.149,0.245,0.000,0.063,0.000,0.087,0.417,0.154,0.205,0.418,0.582,0.000,0.000,0.000,0.000,0.000,0.000,0.000,0.000,0.321,0.457,0.539,0.851,0.176,0.521,0.376,0.467,0.288,0.241,0.125,0.338,0.246,0.375,0.028,0.109,0.059,0.000,0.070,0.106,0.000,0.002,0.112,0.122,0.050,0.015,0.297,0.281,0.171,0.084,0.167,0.596,0.272,0.444,0.540,0.746,0.280,0.423,0.323,0.204,0.276,0.461,0.133,0.475,0.377,0.502,0.216,0.055,0.055,0.088,0.095,0.178,0.312
override-evasion-loop,Override Evasion Loop,Legislatures repeatedly revise invalidated laws to test rights carveouts and override thresholds.,1.000,override-evasion synthetic legislature,supermajority-review,60 percent invalidation threshold,5120,0.979,0.581,0.398,0.458,0.536,0.241,0.384,0.152,0.125,0.001,0.050,0.033,0.114,0.842,0.640,0.579,0.468,0.403,0.660,0.497,0.458,0.598,0.679,0.715,0.055,0.563,0.108,0.004,0.600,0.397,0.493,0.212,0.532,0.444,0.542,0.805,0.523,0.562,0.676,0.513,0.549,0.566,0.393,0.584,0.069,0.120,0.296,0.563,0.141,0.594,0.610,0.664,0.204,0.314,0.400,0.475,0.353,0.000,0.475,0.266,0.087,0.122,0.058,0.000,0.041,0.109,0.131,0.115,0.419,0.581,0.000,0.000,0.000,0.000,0.000,0.000,0.000,0.000,0.317,0.400,0.553,0.832,0.171,0.520,0.385,0.467,0.294,0.231,0.124,0.345,0.263,0.363,0.024,0.093,0.062,0.000,0.071,0.120,0.000,0.001,0.117,0.118,0.048,0.012,0.297,0.281,0.171,0.084,0.167,0.596,0.239,0.379,0.469,0.668,0.267,0.373,0.310,0.175,0.259,0.528,0.160,0.477,0.380,0.460,0.216,0.055,0.055,0.088,0.095,0.178,0.312
override-evasion-loop,Override Evasion Loop,Legislatures repeatedly revise invalidated laws to test rights carveouts and override thresholds.,1.000,override-evasion synthetic legislature,recusal-and-emergency-reform,Peer recusal + reasoned emergency docket,5120,0.978,0.582,0.397,0.465,0.536,0.247,0.384,0.152,0.127,0.001,0.058,0.044,0.114,0.842,0.640,0.579,0.468,0.403,0.660,0.497,0.458,0.598,0.679,0.715,0.055,0.565,0.108,0.003,0.600,0.397,0.493,0.227,0.535,0.457,0.550,0.805,0.512,0.549,0.678,0.486,0.480,0.559,0.389,0.596,0.072,0.128,0.285,0.591,0.165,0.598,0.618,0.670,0.239,0.370,0.448,0.478,0.399,0.000,0.478,0.154,0.245,0.000,0.102,0.000,0.093,0.111,0.138,0.117,0.418,0.582,0.000,0.000,0.000,0.000,0.000,0.000,0.000,0.000,0.321,0.449,0.544,0.850,0.181,0.521,0.379,0.467,0.289,0.236,0.131,0.345,0.260,0.368,0.022,0.099,0.063,0.000,0.077,0.111,0.000,0.001,0.117,0.118,0.052,0.014,0.297,0.281,0.171,0.084,0.167,0.596,0.274,0.452,0.493,0.752,0.310,0.480,0.319,0.203,0.276,0.466,0.136,0.476,0.377,0.490,0.216,0.055,0.055,0.088,0.095,0.178,0.312
override-evasion-loop,Override Evasion Loop,Legislatures repeatedly revise invalidated laws to test rights carveouts and override thresholds.,1.000,override-evasion synthetic legislature,panel-en-banc,Three-judge panels with en banc correction,5120,0.979,0.585,0.394,0.460,0.536,0.249,0.384,0.152,0.126,0.001,0.054,0.060,0.114,0.842,0.640,0.579,0.468,0.402,0.660,0.497,0.458,0.598,0.679,0.715,0.055,0.535,0.108,0.003,0.600,0.397,0.493,0.229,0.535,0.458,0.630,0.805,0.511,0.550,0.679,0.486,0.482,0.558,0.389,0.597,0.072,0.127,0.283,0.634,0.166,0.598,0.619,0.674,0.250,0.371,0.454,0.480,0.415,0.000,0.480,0.157,0.258,0.000,0.438,0.000,0.317,0.076,0.116,0.093,0.730,0.270,0.000,0.000,0.000,0.000,0.000,0.000,0.000,0.000,0.314,0.450,0.546,0.809,0.177,0.511,0.380,0.467,0.281,0.241,0.121,0.364,0.264,0.288,0.025,0.102,0.062,0.000,0.071,0.108,0.000,0.002,0.113,0.129,0.050,0.011,0.297,0.281,0.171,0.084,0.167,0.596,0.276,0.449,0.551,0.775,0.272,0.461,0.308,0.205,0.276,0.471,0.136,0.476,0.376,0.540,0.216,0.055,0.055,0.088,0.095,0.178,0.312
override-evasion-loop,Override Evasion Loop,Legislatures repeatedly revise invalidated laws to test rights carveouts and override thresholds.,1.000,override-evasion synthetic legislature,cross-checking-courts,Supreme court with cross-checking constitutional court,5120,0.976,0.584,0.392,0.457,0.536,0.245,0.384,0.152,0.134,0.002,0.072,0.042,0.114,0.842,0.640,0.579,0.468,0.382,0.660,0.497,0.458,0.598,0.679,0.715,0.055,0.563,0.108,0.003,0.600,0.397,0.493,0.215,0.553,0.444,0.561,0.805,0.508,0.582,0.681,0.539,0.625,0.587,0.377,0.557,0.036,0.117,0.293,0.595,0.092,0.610,0.598,0.671,0.318,0.216,0.408,0.473,0.360,0.000,0.473,0.252,0.108,0.113,0.162,0.000,0.107,0.110,0.158,0.124,0.416,0.584,0.185,0.000,0.000,0.000,0.000,0.000,0.000,0.000,0.304,0.330,0.558,0.791,0.153,0.520,0.386,0.472,0.297,0.231,0.118,0.360,0.256,0.297,0.029,0.097,0.054,0.000,0.065,0.115,0.000,0.001,0.108,0.117,0.045,0.013,0.297,0.281,0.171,0.084,0.167,0.596,0.158,0.261,0.312,0.453,0.147,0.251,0.179,0.152,0.189,0.600,0.156,0.488,0.367,0.503,0.216,0.055,0.055,0.088,0.095,0.178,0.312
override-evasion-loop,Override Evasion Loop,Legislatures repeatedly revise invalidated laws to test rights carveouts and override thresholds.,1.000,override-evasion synthetic legislature,dual-supreme-courts,Dual supreme courts with disagreement filter,5120,0.976,0.593,0.383,0.462,0.536,0.260,0.384,0.152,0.128,0.000,0.063,0.050,0.114,0.842,0.640,0.579,0.468,0.407,0.660,0.497,0.458,0.598,0.679,0.715,0.055,0.566,0.108,0.003,0.600,0.397,0.493,0.251,0.533,0.445,0.568,0.805,0.477,0.529,0.676,0.450,0.419,0.545,0.358,0.598,0.032,0.123,0.305,0.602,0.170,0.636,0.623,0.666,0.361,0.384,0.406,0.491,0.372,0.000,0.491,0.274,0.098,0.119,0.159,0.000,0.109,0.107,0.136,0.115,0.407,0.593,0.195,0.000,0.000,0.000,0.000,0.000,0.000,0.000,0.328,0.481,0.566,0.842,0.184,0.521,0.391,0.450,0.285,0.263,0.137,0.366,0.269,0.311,0.028,0.108,0.065,0.000,0.078,0.119,0.000,0.002,0.131,0.121,0.052,0.016,0.297,0.281,0.171,0.084,0.167,0.596,0.284,0.466,0.557,0.788,0.332,0.489,0.284,0.210,0.306,0.407,0.164,0.459,0.347,0.506,0.216,0.055,0.055,0.088,0.095,0.178,0.312
override-evasion-loop,Override Evasion Loop,Legislatures repeatedly revise invalidated laws to test rights carveouts and override thresholds.,1.000,override-evasion synthetic legislature,comparative-constitutional-senates,Comparative 16-seat constitutional senates,5120,0.977,0.585,0.393,0.461,0.536,0.250,0.384,0.152,0.124,0.001,0.054,0.059,0.114,0.842,0.640,0.579,0.468,0.404,0.660,0.497,0.458,0.598,0.679,0.715,0.055,0.594,0.108,0.004,0.600,0.397,0.493,0.225,0.533,0.443,0.665,0.805,0.514,0.567,0.671,0.521,0.574,0.569,0.390,0.585,0.041,0.119,0.298,0.624,0.136,0.595,0.612,0.672,0.281,0.297,0.409,0.478,0.354,0.000,0.478,0.258,0.095,0.124,0.421,0.000,0.128,0.112,0.145,0.121,0.722,0.278,0.000,0.000,0.000,0.000,0.000,0.000,0.000,0.000,0.310,0.395,0.551,0.799,0.164,0.531,0.384,0.466,0.291,0.237,0.128,0.340,0.238,0.297,0.025,0.101,0.061,0.000,0.070,0.110,0.000,0.001,0.113,0.121,0.047,0.008,0.297,0.281,0.171,0.084,0.167,0.596,0.233,0.383,0.447,0.700,0.220,0.408,0.228,0.171,0.246,0.552,0.158,0.476,0.377,0.531,0.216,0.055,0.055,0.088,0.095,0.178,0.312
override-evasion-loop,Override Evasion Loop,Legislatures repeatedly revise invalidated laws to test rights carveouts and override thresholds.,1.000,override-evasion synthetic legislature,constitutional-council,Pre-enactment constitutional council,5120,0.971,0.593,0.378,0.471,0.536,0.254,0.384,0.152,0.125,0.001,0.061,0.039,0.114,0.842,0.640,0.579,0.468,0.402,0.660,0.497,0.458,0.598,0.679,0.715,0.055,0.556,0.108,0.003,0.600,0.397,0.493,0.253,0.584,0.457,0.588,0.805,0.498,0.549,0.685,0.480,0.473,0.551,0.387,0.606,0.058,0.126,0.286,0.667,0.168,0.639,0.666,0.685,0.329,0.372,0.464,0.484,0.410,0.000,0.484,0.146,0.264,0.000,0.303,0.000,0.126,0.073,0.150,0.113,0.724,0.276,0.000,0.592,0.000,0.000,0.311,0.126,0.140,0.045,0.335,0.514,0.548,0.839,0.355,0.518,0.380,0.482,0.283,0.271,0.156,0.356,0.281,0.308,0.014,0.058,0.036,0.281,0.040,0.063,0.000,0.001,0.128,0.128,0.051,0.018,0.297,0.281,0.171,0.084,0.167,0.596,0.283,0.486,0.518,0.746,0.297,0.483,0.310,0.207,0.256,0.461,0.134,0.474,0.365,0.577,0.216,0.055,0.055,0.088,0.095,0.178,0.312
override-evasion-loop,Override Evasion Loop,Legislatures repeatedly revise invalidated laws to test rights carveouts and override thresholds.,1.000,override-evasion synthetic legislature,legislative-override,Judicial review with legislative supermajority override,5120,0.977,0.595,0.382,0.463,0.536,0.264,0.384,0.152,0.133,0.001,0.068,0.027,0.114,0.842,0.640,0.579,0.468,0.406,0.660,0.497,0.458,0.598,0.679,0.715,0.055,0.566,0.108,0.002,0.600,0.397,0.493,0.264,0.537,0.457,0.543,0.805,0.502,0.538,0.680,0.466,0.464,0.548,0.358,0.601,0.032,0.127,0.290,0.599,0.166,0.642,0.645,0.671,0.243,0.385,0.469,0.491,0.416,0.000,0.491,0.147,0.269,0.000,0.059,0.000,0.090,0.114,0.143,0.121,0.405,0.595,0.000,0.000,0.000,0.000,0.323,0.118,0.130,0.039,0.340,0.548,0.547,0.838,0.374,0.521,0.380,0.453,0.257,0.296,0.183,0.348,0.283,0.311,0.012,0.058,0.046,0.283,0.040,0.055,0.000,0.001,0.143,0.130,0.052,0.017,0.297,0.281,0.171,0.084,0.167,0.596,0.283,0.466,0.555,0.795,0.276,0.469,0.318,0.211,0.265,0.451,0.136,0.464,0.338,0.513,0.216,0.055,0.055,0.088,0.095,0.178,0.312
override-evasion-loop,Override Evasion Loop,Legislatures repeatedly revise invalidated laws to test rights carveouts and override thresholds.,1.000,override-evasion synthetic legislature,accountability-retention-court,Retention-election accountability court,5120,0.977,0.585,0.392,0.453,0.536,0.248,0.384,0.152,0.123,0.000,0.067,0.055,0.114,0.842,0.640,0.579,0.468,0.403,0.660,0.497,0.458,0.598,0.679,0.715,0.055,0.565,0.108,0.002,0.600,0.397,0.493,0.239,0.537,0.457,0.545,0.805,0.509,0.543,0.685,0.484,0.487,0.564,0.371,0.572,0.046,0.125,0.283,0.594,0.161,0.627,0.657,0.673,0.232,0.365,0.459,0.478,0.402,0.000,0.478,0.137,0.265,0.000,0.070,0.000,0.162,0.308,0.164,0.181,0.415,0.585,0.000,0.000,0.000,0.000,0.294,0.199,0.000,0.064,0.316,0.458,0.547,0.835,0.187,0.521,0.378,0.460,0.278,0.249,0.135,0.351,0.256,0.307,0.013,0.058,0.035,0.256,0.044,0.061,0.000,0.001,0.125,0.119,0.052,0.012,0.297,0.281,0.171,0.084,0.167,0.596,0.275,0.455,0.535,0.762,0.323,0.443,0.293,0.203,0.238,0.467,0.132,0.472,0.353,0.507,0.216,0.055,0.055,0.088,0.095,0.178,0.312
override-evasion-loop,Override Evasion Loop,Legislatures repeatedly revise invalidated laws to test rights carveouts and override thresholds.,1.000,override-evasion synthetic legislature,emergency-restraint-court,No emergency relief without merits review,5120,0.977,0.584,0.393,0.461,0.536,0.248,0.384,0.152,0.129,0.001,0.060,0.047,0.114,0.842,0.640,0.579,0.468,0.398,0.660,0.497,0.458,0.598,0.679,0.715,0.055,0.566,0.108,0.004,0.600,0.397,0.493,0.235,0.542,0.387,0.557,0.805,0.517,0.539,0.708,0.454,0.411,0.535,0.387,0.619,0.053,0.029,0.259,0.667,0.202,0.603,0.633,0.698,0.248,0.471,0.560,0.466,0.466,0.000,0.466,0.000,0.466,0.000,0.135,0.000,0.086,0.109,0.109,0.102,0.416,0.584,0.000,0.000,0.000,0.000,0.000,0.000,0.000,0.000,0.312,0.534,0.484,0.836,0.196,0.521,0.323,0.470,0.276,0.256,0.140,0.333,0.252,0.298,0.024,0.101,0.068,0.000,0.081,0.105,0.000,0.001,0.131,0.124,0.051,0.014,0.297,0.281,0.171,0.084,0.167,0.596,0.349,0.577,0.636,0.997,0.440,0.561,0.381,0.251,0.316,0.417,0.099,0.480,0.374,0.580,0.216,0.055,0.055,0.088,0.095,0.178,0.312
override-evasion-loop,Override Evasion Loop,Legislatures repeatedly revise invalidated laws to test rights carveouts and override thresholds.,1.000,override-evasion synthetic legislature,randomized-merits-panels,Randomized merits panels with en banc correction,5120,0.974,0.593,0.381,0.462,0.536,0.262,0.384,0.152,0.121,0.001,0.058,0.049,0.114,0.842,0.640,0.579,0.468,0.403,0.660,0.497,0.458,0.598,0.679,0.715,0.055,0.535,0.108,0.004,0.600,0.397,0.493,0.233,0.536,0.457,0.650,0.805,0.509,0.549,0.678,0.484,0.481,0.557,0.386,0.600,0.069,0.127,0.284,0.638,0.166,0.602,0.621,0.675,0.259,0.375,0.458,0.479,0.408,0.000,0.479,0.160,0.247,0.000,0.447,0.000,0.124,0.074,0.121,0.096,0.715,0.285,0.000,0.000,0.000,0.000,0.000,0.000,0.000,0.000,0.311,0.446,0.531,0.809,0.173,0.511,0.375,0.465,0.298,0.239,0.122,0.341,0.254,0.293,0.029,0.104,0.059,0.000,0.070,0.112,0.000,0.002,0.114,0.122,0.051,0.014,0.297,0.281,0.171,0.084,0.167,0.596,0.283,0.461,0.547,0.772,0.284,0.484,0.332,0.207,0.280,0.469,0.137,0.473,0.373,0.544,0.216,0.055,0.055,0.088,0.095,0.178,0.312
override-evasion-loop,Override Evasion Loop,Legislatures repeatedly revise invalidated laws to test rights carveouts and override thresholds.,1.000,override-evasion synthetic legislature,mandatory-written-emergency-reasoning,Mandatory written emergency reasoning,5120,0.979,0.588,0.390,0.459,0.536,0.257,0.384,0.152,0.122,0.001,0.058,0.040,0.114,0.842,0.640,0.579,0.468,0.404,0.660,0.497,0.458,0.598,0.679,0.715,0.055,0.565,0.108,0.003,0.600,0.397,0.493,0.234,0.535,0.431,0.543,0.805,0.509,0.550,0.679,0.490,0.496,0.559,0.385,0.592,0.072,0.096,0.303,0.586,0.163,0.605,0.617,0.666,0.252,0.363,0.441,0.492,0.417,0.000,0.492,0.265,0.152,0.000,0.062,0.000,0.088,0.107,0.137,0.119,0.412,0.588,0.000,0.000,0.000,0.000,0.000,0.000,0.000,0.000,0.322,0.448,0.553,0.848,0.174,0.521,0.381,0.464,0.291,0.247,0.132,0.348,0.242,0.370,0.022,0.104,0.060,0.000,0.077,0.105,0.000,0.001,0.123,0.120,0.056,0.015,0.297,0.281,0.171,0.084,0.167,0.596,0.264,0.440,0.517,0.752,0.259,0.422,0.282,0.196,0.290,0.480,0.160,0.471,0.373,0.482,0.216,0.055,0.055,0.088,0.095,0.178,0.312
override-evasion-loop,Override Evasion Loop,Legislatures repeatedly revise invalidated laws to test rights carveouts and override thresholds.,1.000,override-evasion synthetic legislature,automatic-merits-follow-up,Automatic merits follow-up for emergency relief,5120,0.977,0.593,0.384,0.471,0.536,0.266,0.384,0.152,0.129,0.001,0.058,0.045,0.114,0.842,0.640,0.579,0.468,0.400,0.660,0.497,0.458,0.598,0.679,0.715,0.055,0.567,0.108,0.003,0.600,0.397,0.493,0.250,0.542,0.407,0.543,0.805,0.509,0.533,0.701,0.445,0.395,0.530,0.381,0.617,0.080,0.038,0.263,0.649,0.209,0.609,0.636,0.690,0.268,0.492,0.570,0.472,0.472,0.000,0.472,0.277,0.472,0.000,0.062,0.000,0.096,0.109,0.119,0.109,0.407,0.593,0.000,0.000,0.000,0.000,0.000,0.000,0.000,0.000,0.323,0.544,0.482,0.871,0.194,0.521,0.326,0.466,0.288,0.253,0.131,0.333,0.267,0.385,0.023,0.106,0.061,0.000,0.076,0.116,0.000,0.001,0.120,0.133,0.060,0.018,0.297,0.281,0.171,0.084,0.167,0.596,0.351,0.566,0.652,1.000,0.466,0.588,0.389,0.258,0.378,0.402,0.089,0.474,0.368,0.550,0.216,0.055,0.055,0.088,0.095,0.178,0.312
override-evasion-loop,Override Evasion Loop,Legislatures repeatedly revise invalidated laws to test rights carveouts and override thresholds.,1.000,override-evasion synthetic legislature,strong-recusal-enforcement,Independent recusal enforcement with substitutes,5120,0.973,0.589,0.384,0.463,0.536,0.250,0.384,0.152,0.125,0.002,0.060,0.040,0.114,0.842,0.640,0.579,0.468,0.403,0.660,0.497,0.458,0.598,0.679,0.715,0.055,0.566,0.108,0.004,0.600,0.397,0.493,0.237,0.536,0.458,0.562,0.805,0.508,0.546,0.680,0.478,0.466,0.554,0.385,0.599,0.046,0.128,0.288,0.612,0.167,0.604,0.621,0.674,0.256,0.386,0.458,0.483,0.401,0.000,0.483,0.155,0.246,0.000,0.135,0.000,0.090,0.110,0.138,0.116,0.411,0.589,0.000,0.000,0.000,0.000,0.000,0.000,0.000,0.000,0.320,0.469,0.547,0.825,0.182,0.521,0.380,0.464,0.286,0.249,0.135,0.352,0.257,0.310,0.027,0.106,0.064,0.000,0.070,0.104,0.000,0.001,0.118,0.121,0.051,0.018,0.297,0.281,0.171,0.084,0.167,0.596,0.284,0.479,0.512,0.779,0.306,0.472,0.325,0.209,0.286,0.454,0.136,0.472,0.373,0.520,0.216,0.055,0.055,0.088,0.095,0.178,0.312
override-evasion-loop,Override Evasion Loop,Legislatures repeatedly revise invalidated laws to test rights carveouts and override thresholds.,1.000,override-evasion synthetic legislature,jurisdiction-stripping-constraints,Jurisdiction stripping constrained by rights carveouts,5120,0.976,0.584,0.392,0.461,0.536,0.246,0.384,0.152,0.125,0.001,0.058,0.045,0.114,0.842,0.640,0.579,0.468,0.405,0.660,0.497,0.458,0.598,0.679,0.715,0.055,0.516,0.108,0.003,0.600,0.397,0.493,0.268,0.566,0.457,0.543,0.805,0.506,0.543,0.683,0.467,0.460,0.551,0.363,0.601,0.032,0.125,0.286,0.597,0.174,0.628,0.634,0.674,0.233,0.388,0.460,0.482,0.412,0.000,0.482,0.148,0.264,0.000,0.063,0.000,0.092,0.109,0.131,0.113,0.416,0.584,0.000,0.000,0.000,0.000,0.331,0.000,0.000,0.000,0.342,0.620,0.554,0.840,0.394,0.504,0.382,0.466,0.242,0.304,0.189,0.352,0.291,0.310,0.025,0.183,0.101,0.000,0.072,0.000,0.000,0.001,0.147,0.137,0.046,0.024,0.297,0.281,0.171,0.084,0.167,0.596,0.286,0.477,0.541,0.779,0.319,0.476,0.310,0.210,0.286,0.448,0.135,0.469,0.347,0.516,0.216,0.055,0.055,0.088,0.095,0.178,0.312
override-evasion-loop,Override Evasion Loop,Legislatures repeatedly revise invalidated laws to test rights carveouts and override thresholds.,1.000,override-evasion synthetic legislature,legislative-override-window,Time-limited legislative override window,5120,0.977,0.588,0.389,0.459,0.536,0.254,0.384,0.152,0.131,0.000,0.065,0.051,0.114,0.842,0.640,0.579,0.468,0.405,0.660,0.497,0.458,0.598,0.679,0.715,0.055,0.566,0.108,0.003,0.600,0.397,0.493,0.253,0.539,0.456,0.543,0.805,0.505,0.542,0.681,0.474,0.472,0.555,0.367,0.604,0.032,0.128,0.288,0.593,0.165,0.636,0.643,0.672,0.241,0.379,0.455,0.483,0.403,0.000,0.483,0.155,0.247,0.000,0.061,0.000,0.088,0.105,0.137,0.115,0.412,0.588,0.000,0.000,0.000,0.000,0.318,0.125,0.138,0.000,0.336,0.532,0.544,0.840,0.364,0.521,0.379,0.458,0.272,0.277,0.169,0.335,0.279,0.311,0.013,0.055,0.043,0.279,0.040,0.057,0.000,0.001,0.131,0.127,0.054,0.019,0.297,0.281,0.171,0.084,0.167,0.596,0.281,0.478,0.506,0.788,0.289,0.453,0.318,0.207,0.262,0.459,0.136,0.467,0.347,0.507,0.216,0.055,0.055,0.088,0.095,0.178,0.312
override-evasion-loop,Override Evasion Loop,Legislatures repeatedly revise invalidated laws to test rights carveouts and override thresholds.,1.000,override-evasion synthetic legislature,constitutional-remand,Constitutional remand before invalidation,5120,0.974,0.596,0.378,0.470,0.536,0.263,0.384,0.152,0.129,0.001,0.066,0.047,0.114,0.842,0.640,0.579,0.468,0.365,0.660,0.497,0.458,0.598,0.679,0.715,0.055,0.524,0.108,0.003,0.600,0.397,0.493,0.239,0.560,0.458,0.548,0.805,0.525,0.588,0.691,0.543,0.612,0.585,0.405,0.599,0.049,0.127,0.286,0.637,0.118,0.605,0.656,0.686,0.337,0.278,0.467,0.482,0.409,0.000,0.482,0.148,0.260,0.000,0.089,0.000,0.114,0.074,0.159,0.118,0.404,0.596,0.000,0.596,0.099,0.000,0.220,0.084,0.104,0.028,0.316,0.427,0.544,0.797,0.303,0.507,0.379,0.487,0.275,0.271,0.162,0.358,0.276,0.297,0.013,0.059,0.035,0.276,0.039,0.059,0.000,0.001,0.134,0.122,0.048,0.011,0.297,0.281,0.171,0.084,0.167,0.596,0.254,0.444,0.442,0.694,0.263,0.431,0.266,0.175,0.226,0.593,0.135,0.497,0.385,0.550,0.216,0.055,0.055,0.088,0.095,0.178,0.312
override-evasion-loop,Override Evasion Loop,Legislatures repeatedly revise invalidated laws to test rights carveouts and override thresholds.,1.000,override-evasion synthetic legislature,public-interest-litigation-filter,Public-interest litigation filter,5120,0.977,0.596,0.381,0.468,0.536,0.257,0.384,0.152,0.122,0.001,0.059,0.039,0.114,0.842,0.640,0.579,0.468,0.404,0.660,0.497,0.458,0.598,0.679,0.715,0.055,0.483,0.108,0.003,0.600,0.397,0.493,0.247,0.536,0.457,0.547,0.805,0.511,0.550,0.688,0.484,0.484,0.558,0.382,0.608,0.048,0.126,0.287,0.602,0.160,0.602,0.624,0.673,0.261,0.369,0.468,0.485,0.412,0.000,0.485,0.146,0.266,0.000,0.082,0.000,0.090,0.109,0.171,0.125,0.404,0.596,0.000,0.000,0.000,0.027,0.000,0.000,0.000,0.000,0.312,0.449,0.547,0.816,0.174,0.494,0.379,0.463,0.295,0.244,0.129,0.350,0.256,0.304,0.027,0.105,0.062,0.000,0.072,0.106,0.000,0.001,0.118,0.129,0.055,0.013,0.297,0.281,0.171,0.084,0.167,0.596,0.289,0.494,0.535,0.779,0.323,0.431,0.334,0.207,0.275,0.470,0.135,0.471,0.370,0.510,0.216,0.055,0.055,0.088,0.095,0.178,0.312
override-evasion-loop,Override Evasion Loop,Legislatures repeatedly revise invalidated laws to test rights carveouts and override thresholds.,1.000,override-evasion synthetic legislature,emergency-integrity-package,Emergency integrity package,5120,0.980,0.587,0.394,0.474,0.536,0.250,0.384,0.152,0.133,0.000,0.063,0.056,0.114,0.842,0.640,0.579,0.468,0.397,0.660,0.497,0.458,0.598,0.679,0.715,0.055,0.566,0.108,0.003,0.600,0.397,0.493,0.228,0.542,0.407,0.562,0.805,0.511,0.537,0.708,0.453,0.406,0.534,0.389,0.617,0.046,0.038,0.261,0.674,0.209,0.601,0.634,0.700,0.288,0.475,0.566,0.467,0.467,0.000,0.467,0.277,0.467,0.000,0.135,0.000,0.088,0.110,0.119,0.107,0.413,0.587,0.000,0.000,0.000,0.000,0.000,0.000,0.000,0.000,0.313,0.535,0.474,0.844,0.195,0.521,0.323,0.471,0.280,0.258,0.134,0.325,0.258,0.306,0.028,0.110,0.062,0.000,0.071,0.111,0.000,0.001,0.122,0.124,0.054,0.016,0.297,0.281,0.171,0.084,0.167,0.596,0.348,0.575,0.615,1.000,0.422,0.594,0.378,0.252,0.367,0.413,0.088,0.482,0.374,0.586,0.216,0.055,0.055,0.088,0.095,0.178,0.312
override-evasion-loop,Override Evasion Loop,Legislatures repeatedly revise invalidated laws to test rights carveouts and override thresholds.,1.000,override-evasion synthetic legislature,remand-override-window-package,Constitutional remand with override window,5120,0.975,0.596,0.379,0.468,0.536,0.256,0.384,0.152,0.121,0.001,0.055,0.044,0.114,0.842,0.640,0.579,0.468,0.366,0.660,0.497,0.458,0.598,0.679,0.715,0.055,0.524,0.108,0.003,0.600,0.397,0.493,0.234,0.561,0.432,0.548,0.805,0.518,0.588,0.693,0.547,0.619,0.589,0.406,0.590,0.051,0.095,0.298,0.634,0.117,0.608,0.651,0.685,0.369,0.270,0.450,0.482,0.408,0.000,0.482,0.260,0.148,0.000,0.086,0.000,0.113,0.074,0.157,0.117,0.404,0.596,0.000,0.596,0.087,0.000,0.215,0.082,0.095,0.000,0.314,0.414,0.546,0.799,0.292,0.507,0.378,0.487,0.290,0.257,0.145,0.352,0.270,0.306,0.017,0.054,0.040,0.270,0.037,0.060,0.000,0.001,0.125,0.123,0.047,0.011,0.297,0.281,0.171,0.084,0.167,0.596,0.236,0.407,0.462,0.641,0.205,0.380,0.243,0.165,0.237,0.599,0.158,0.495,0.387,0.544,0.216,0.055,0.055,0.088,0.095,0.178,0.312
override-evasion-loop,Override Evasion Loop,Legislatures repeatedly revise invalidated laws to test rights carveouts and override thresholds.,1.000,override-evasion synthetic legislature,panel-jurisdiction-safeguards,Random panels with jurisdiction safeguards,5120,0.979,0.588,0.391,0.452,0.536,0.251,0.384,0.152,0.126,0.000,0.066,0.035,0.114,0.842,0.640,0.579,0.468,0.407,0.660,0.497,0.458,0.598,0.679,0.715,0.055,0.485,0.108,0.003,0.600,0.397,0.493,0.262,0.563,0.444,0.678,0.805,0.505,0.558,0.673,0.499,0.540,0.561,0.367,0.583,0.066,0.121,0.300,0.630,0.140,0.621,0.622,0.668,0.283,0.323,0.405,0.486,0.363,0.000,0.486,0.265,0.099,0.122,0.491,0.000,0.127,0.072,0.136,0.100,0.715,0.285,0.000,0.000,0.000,0.000,0.270,0.000,0.000,0.000,0.328,0.535,0.565,0.823,0.338,0.494,0.390,0.466,0.273,0.275,0.162,0.352,0.285,0.303,0.024,0.178,0.086,0.000,0.072,0.000,0.000,0.001,0.130,0.129,0.052,0.017,0.297,0.281,0.171,0.084,0.167,0.596,0.240,0.384,0.466,0.678,0.237,0.424,0.282,0.179,0.263,0.521,0.161,0.467,0.357,0.543,0.216,0.055,0.055,0.088,0.095,0.178,0.312
override-evasion-loop,Override Evasion Loop,Legislatures repeatedly revise invalidated laws to test rights carveouts and override thresholds.,1.000,override-evasion synthetic legislature,council-concrete-hybrid,Constitutional council with concrete-review backstop,5120,0.979,0.586,0.393,0.460,0.536,0.249,0.384,0.152,0.127,0.001,0.057,0.037,0.114,0.842,0.640,0.579,0.468,0.402,0.660,0.497,0.458,0.598,0.679,0.715,0.055,0.555,0.108,0.002,0.600,0.397,0.493,0.246,0.584,0.457,0.624,0.805,0.504,0.561,0.685,0.499,0.517,0.559,0.394,0.606,0.041,0.123,0.283,0.671,0.151,0.628,0.659,0.689,0.340,0.341,0.464,0.479,0.406,0.000,0.479,0.138,0.268,0.000,0.375,0.000,0.124,0.111,0.179,0.130,0.725,0.275,0.000,0.583,0.000,0.000,0.288,0.103,0.140,0.037,0.333,0.504,0.548,0.831,0.366,0.517,0.379,0.486,0.270,0.275,0.163,0.349,0.286,0.307,0.011,0.050,0.037,0.286,0.038,0.061,0.000,0.001,0.136,0.120,0.054,0.018,0.297,0.281,0.171,0.084,0.167,0.596,0.274,0.458,0.512,0.779,0.289,0.419,0.315,0.196,0.238,0.501,0.132,0.479,0.371,0.584,0.216,0.055,0.055,0.088,0.095,0.178,0.312
recusal-pressure-campaign,Recusal Pressure Campaign,High-salience litigants try to force or avoid recusals around ideologically charged cases.,0.850,recusal-pressure synthetic legislature,current-us-like,Stylized current U.S.-like supreme court,5120,0.977,0.594,0.383,0.457,0.530,0.252,0.382,0.149,0.142,0.001,0.063,0.026,0.115,0.846,0.653,0.579,0.501,0.437,0.669,0.515,0.446,0.593,0.626,0.705,0.044,0.615,0.105,0.003,0.607,0.402,0.514,0.271,0.493,0.650,0.569,0.803,0.503,0.552,0.581,0.511,0.566,0.585,0.350,0.644,0.089,0.405,0.403,0.412,0.090,0.641,0.598,0.592,0.169,0.193,0.263,0.550,0.201,0.201,0.000,0.201,0.000,0.000,0.028,0.000,0.042,0.299,0.213,0.207,0.406,0.594,0.000,0.000,0.000,0.000,0.000,0.000,0.000,0.000,0.360,0.308,0.845,0.858,0.123,0.541,0.585,0.429,0.315,0.217,0.098,0.430,0.227,0.383,0.023,0.101,0.045,0.000,0.066,0.124,0.000,0.003,0.103,0.122,0.050,0.015,0.311,0.273,0.182,0.077,0.156,0.485,0.272,0.536,0.509,1.000,0.508,0.573,0.267,0.144,0.164,0.492,0.261,0.445,0.345,0.298,0.227,0.059,0.061,0.114,0.107,0.170,0.262
recusal-pressure-campaign,Recusal Pressure Campaign,High-salience litigants try to force or avoid recusals around ideologically charged cases.,0.850,recusal-pressure synthetic legislature,term-limited-balanced,18-year staggered terms + regular appointments,5120,0.976,0.599,0.377,0.462,0.530,0.264,0.382,0.149,0.138,0.001,0.055,0.042,0.115,0.846,0.653,0.579,0.501,0.426,0.669,0.515,0.446,0.593,0.626,0.705,0.044,0.573,0.105,0.003,0.607,0.402,0.514,0.242,0.504,0.487,0.578,0.803,0.509,0.556,0.662,0.508,0.543,0.580,0.370,0.619,0.096,0.150,0.317,0.589,0.146,0.599,0.631,0.654,0.219,0.327,0.452,0.535,0.443,0.000,0.535,0.171,0.272,0.000,0.077,0.000,0.086,0.107,0.216,0.158,0.401,0.599,0.000,0.000,0.000,0.000,0.000,0.000,0.000,0.000,0.328,0.375,0.626,0.850,0.133,0.527,0.425,0.447,0.309,0.226,0.089,0.407,0.231,0.376,0.022,0.116,0.041,0.000,0.061,0.119,0.000,0.003,0.108,0.125,0.056,0.017,0.311,0.273,0.182,0.077,0.156,0.485,0.224,0.435,0.517,0.756,0.370,0.421,0.259,0.190,0.248,0.516,0.164,0.466,0.360,0.478,0.227,0.059,0.061,0.114,0.107,0.170,0.262
recusal-pressure-campaign,Recusal Pressure Campaign,High-salience litigants try to force or avoid recusals around ideologically charged cases.,0.850,recusal-pressure synthetic legislature,nonpartisan-commission,Nonpartisan commission appointments,5120,0.972,0.597,0.375,0.472,0.530,0.259,0.382,0.149,0.139,0.000,0.057,0.029,0.115,0.846,0.653,0.579,0.501,0.425,0.669,0.515,0.446,0.593,0.626,0.705,0.044,0.573,0.105,0.004,0.607,0.402,0.514,0.235,0.504,0.486,0.583,0.803,0.508,0.555,0.668,0.507,0.537,0.579,0.373,0.619,0.064,0.146,0.307,0.599,0.146,0.597,0.632,0.662,0.239,0.333,0.450,0.517,0.424,0.000,0.517,0.166,0.259,0.000,0.101,0.000,0.092,0.108,0.202,0.144,0.403,0.597,0.000,0.000,0.000,0.000,0.000,0.000,0.000,0.000,0.319,0.380,0.617,0.816,0.138,0.527,0.420,0.448,0.307,0.231,0.099,0.393,0.232,0.292,0.020,0.112,0.047,0.000,0.069,0.111,0.000,0.002,0.111,0.126,0.056,0.015,0.311,0.273,0.182,0.077,0.156,0.485,0.228,0.451,0.501,0.781,0.323,0.423,0.286,0.191,0.251,0.514,0.159,0.468,0.364,0.502,0.227,0.059,0.061,0.114,0.107,0.170,0.262
recusal-pressure-campaign,Recusal Pressure Campaign,High-salience litigants try to force or avoid recusals around ideologically charged cases.,0.850,recusal-pressure synthetic legislature,expanded-court-fifteen,Expanded 15-seat court,5120,0.974,0.587,0.387,0.451,0.530,0.245,0.382,0.149,0.142,0.001,0.068,0.042,0.115,0.846,0.653,0.579,0.501,0.427,0.669,0.515,0.446,0.593,0.626,0.705,0.044,0.573,0.105,0.002,0.607,0.402,0.514,0.248,0.504,0.485,0.588,0.803,0.504,0.556,0.665,0.511,0.545,0.582,0.373,0.612,0.063,0.147,0.315,0.600,0.140,0.593,0.627,0.658,0.251,0.321,0.442,0.519,0.426,0.000,0.519,0.167,0.258,0.000,0.077,0.000,0.094,0.406,0.233,0.242,0.413,0.587,0.000,0.000,0.000,0.000,0.000,0.000,0.000,0.000,0.328,0.388,0.623,0.851,0.145,0.527,0.422,0.448,0.288,0.234,0.111,0.386,0.230,0.368,0.021,0.107,0.054,0.000,0.056,0.117,0.000,0.002,0.117,0.126,0.054,0.016,0.311,0.273,0.182,0.077,0.156,0.485,0.220,0.404,0.502,0.809,0.333,0.442,0.286,0.186,0.243,0.511,0.159,0.467,0.362,0.495,0.227,0.059,0.061,0.114,0.107,0.170,0.262
recusal-pressure-campaign,Recusal Pressure Campaign,High-salience litigants try to force or avoid recusals around ideologically charged cases.,0.850,recusal-pressure synthetic legislature,supermajority-review,60 percent invalidation threshold,5120,0.979,0.594,0.385,0.460,0.530,0.257,0.382,0.149,0.145,0.002,0.063,0.032,0.115,0.846,0.653,0.579,0.501,0.427,0.669,0.515,0.446,0.593,0.626,0.705,0.044,0.572,0.105,0.003,0.607,0.402,0.514,0.234,0.501,0.472,0.577,0.803,0.519,0.572,0.661,0.540,0.625,0.590,0.374,0.605,0.085,0.135,0.321,0.570,0.115,0.593,0.616,0.651,0.211,0.261,0.403,0.518,0.399,0.000,0.518,0.287,0.112,0.119,0.071,0.000,0.047,0.107,0.219,0.156,0.406,0.594,0.000,0.000,0.000,0.000,0.000,0.000,0.000,0.000,0.323,0.331,0.633,0.839,0.133,0.527,0.430,0.448,0.309,0.223,0.104,0.396,0.230,0.375,0.023,0.101,0.054,0.000,0.055,0.112,0.000,0.003,0.107,0.125,0.055,0.014,0.311,0.273,0.182,0.077,0.156,0.485,0.185,0.345,0.473,0.678,0.228,0.372,0.209,0.158,0.225,0.593,0.185,0.469,0.366,0.461,0.227,0.059,0.061,0.114,0.107,0.170,0.262
recusal-pressure-campaign,Recusal Pressure Campaign,High-salience litigants try to force or avoid recusals around ideologically charged cases.,0.850,recusal-pressure synthetic legislature,recusal-and-emergency-reform,Peer recusal + reasoned emergency docket,5120,0.979,0.591,0.388,0.455,0.530,0.253,0.382,0.149,0.145,0.001,0.062,0.039,0.115,0.846,0.653,0.579,0.501,0.425,0.669,0.515,0.446,0.593,0.626,0.705,0.044,0.573,0.105,0.002,0.607,0.402,0.514,0.237,0.504,0.486,0.587,0.803,0.504,0.553,0.665,0.503,0.524,0.578,0.373,0.615,0.086,0.145,0.305,0.597,0.147,0.595,0.629,0.659,0.244,0.335,0.448,0.513,0.421,0.000,0.513,0.168,0.253,0.000,0.123,0.000,0.087,0.104,0.201,0.149,0.409,0.591,0.000,0.000,0.000,0.000,0.000,0.000,0.000,0.000,0.327,0.390,0.620,0.851,0.140,0.527,0.421,0.448,0.297,0.233,0.099,0.391,0.227,0.372,0.021,0.109,0.050,0.000,0.066,0.110,0.000,0.002,0.115,0.123,0.056,0.018,0.311,0.273,0.182,0.077,0.156,0.485,0.227,0.432,0.533,0.775,0.312,0.489,0.291,0.190,0.252,0.500,0.159,0.468,0.363,0.491,0.227,0.059,0.061,0.114,0.107,0.170,0.262
recusal-pressure-campaign,Recusal Pressure Campaign,High-salience litigants try to force or avoid recusals around ideologically charged cases.,0.850,recusal-pressure synthetic legislature,panel-en-banc,Three-judge panels with en banc correction,5120,0.975,0.599,0.376,0.465,0.530,0.259,0.382,0.149,0.138,0.001,0.059,0.038,0.115,0.846,0.653,0.579,0.501,0.425,0.669,0.515,0.446,0.593,0.626,0.705,0.044,0.543,0.105,0.002,0.607,0.402,0.514,0.240,0.504,0.487,0.662,0.803,0.505,0.557,0.663,0.511,0.548,0.582,0.371,0.616,0.093,0.151,0.314,0.635,0.146,0.596,0.629,0.660,0.258,0.320,0.451,0.533,0.440,0.000,0.533,0.178,0.262,0.000,0.427,0.000,0.334,0.073,0.193,0.127,0.705,0.295,0.000,0.000,0.000,0.000,0.000,0.000,0.000,0.000,0.318,0.366,0.623,0.818,0.135,0.517,0.425,0.448,0.310,0.222,0.096,0.403,0.229,0.305,0.021,0.108,0.046,0.000,0.055,0.118,0.000,0.003,0.111,0.124,0.050,0.017,0.311,0.273,0.182,0.077,0.156,0.485,0.221,0.427,0.514,0.750,0.339,0.481,0.253,0.187,0.244,0.524,0.164,0.467,0.362,0.531,0.227,0.059,0.061,0.114,0.107,0.170,0.262
recusal-pressure-campaign,Recusal Pressure Campaign,High-salience litigants try to force or avoid recusals around ideologically charged cases.,0.850,recusal-pressure synthetic legislature,cross-checking-courts,Supreme court with cross-checking constitutional court,5120,0.979,0.591,0.388,0.462,0.530,0.251,0.382,0.149,0.142,0.001,0.069,0.043,0.115,0.846,0.653,0.579,0.501,0.407,0.669,0.515,0.446,0.593,0.626,0.705,0.044,0.571,0.105,0.002,0.607,0.402,0.514,0.242,0.521,0.473,0.600,0.803,0.501,0.582,0.663,0.553,0.667,0.604,0.356,0.582,0.044,0.139,0.324,0.601,0.083,0.614,0.594,0.655,0.327,0.181,0.397,0.524,0.386,0.000,0.524,0.286,0.100,0.139,0.192,0.000,0.112,0.105,0.227,0.152,0.409,0.591,0.193,0.000,0.000,0.000,0.000,0.000,0.000,0.000,0.314,0.287,0.656,0.806,0.118,0.526,0.438,0.451,0.317,0.209,0.086,0.406,0.220,0.301,0.024,0.099,0.041,0.000,0.059,0.120,0.000,0.003,0.096,0.119,0.053,0.014,0.311,0.273,0.182,0.077,0.156,0.485,0.125,0.237,0.297,0.413,0.206,0.295,0.135,0.140,0.172,0.632,0.186,0.476,0.352,0.501,0.227,0.059,0.061,0.114,0.107,0.170,0.262
recusal-pressure-campaign,Recusal Pressure Campaign,High-salience litigants try to force or avoid recusals around ideologically charged cases.,0.850,recusal-pressure synthetic legislature,dual-supreme-courts,Dual supreme courts with disagreement filter,5120,0.978,0.596,0.382,0.465,0.530,0.253,0.382,0.149,0.148,0.001,0.070,0.033,0.115,0.846,0.653,0.579,0.501,0.430,0.669,0.515,0.446,0.593,0.626,0.705,0.044,0.574,0.105,0.002,0.607,0.402,0.514,0.259,0.501,0.472,0.608,0.803,0.470,0.532,0.663,0.467,0.458,0.566,0.345,0.614,0.040,0.140,0.330,0.611,0.156,0.630,0.634,0.656,0.366,0.346,0.398,0.530,0.409,0.000,0.530,0.310,0.100,0.121,0.194,0.000,0.115,0.108,0.197,0.143,0.404,0.596,0.199,0.000,0.000,0.000,0.000,0.000,0.000,0.000,0.330,0.406,0.639,0.849,0.145,0.527,0.434,0.433,0.300,0.237,0.105,0.391,0.240,0.319,0.024,0.114,0.047,0.000,0.069,0.110,0.000,0.002,0.115,0.127,0.061,0.022,0.311,0.273,0.182,0.077,0.156,0.485,0.229,0.429,0.526,0.850,0.344,0.474,0.253,0.195,0.284,0.436,0.191,0.453,0.340,0.511,0.227,0.059,0.061,0.114,0.107,0.170,0.262
recusal-pressure-campaign,Recusal Pressure Campaign,High-salience litigants try to force or avoid recusals around ideologically charged cases.,0.850,recusal-pressure synthetic legislature,comparative-constitutional-senates,Comparative 16-seat constitutional senates,5120,0.977,0.596,0.381,0.466,0.530,0.262,0.382,0.149,0.147,0.001,0.071,0.045,0.115,0.846,0.653,0.579,0.501,0.428,0.669,0.515,0.446,0.593,0.626,0.705,0.044,0.602,0.105,0.002,0.607,0.402,0.514,0.242,0.501,0.473,0.707,0.803,0.509,0.575,0.655,0.545,0.641,0.592,0.371,0.607,0.057,0.139,0.326,0.630,0.110,0.594,0.615,0.658,0.288,0.246,0.401,0.524,0.392,0.000,0.524,0.292,0.100,0.132,0.451,0.000,0.122,0.106,0.209,0.146,0.732,0.268,0.000,0.000,0.000,0.000,0.000,0.000,0.000,0.000,0.318,0.320,0.636,0.798,0.126,0.537,0.432,0.447,0.319,0.222,0.094,0.398,0.221,0.297,0.023,0.108,0.046,0.000,0.057,0.118,0.000,0.003,0.108,0.114,0.053,0.016,0.311,0.273,0.182,0.077,0.156,0.485,0.182,0.356,0.403,0.675,0.228,0.378,0.178,0.154,0.217,0.609,0.186,0.467,0.363,0.529,0.227,0.059,0.061,0.114,0.107,0.170,0.262
recusal-pressure-campaign,Recusal Pressure Campaign,High-salience litigants try to force or avoid recusals around ideologically charged cases.,0.850,recusal-pressure synthetic legislature,constitutional-council,Pre-enactment constitutional council,5120,0.975,0.598,0.376,0.463,0.530,0.255,0.382,0.149,0.136,0.001,0.058,0.045,0.115,0.846,0.653,0.579,0.501,0.425,0.669,0.515,0.446,0.593,0.626,0.705,0.044,0.563,0.105,0.002,0.607,0.402,0.514,0.259,0.552,0.486,0.623,0.803,0.499,0.564,0.670,0.518,0.561,0.580,0.380,0.622,0.075,0.149,0.311,0.665,0.137,0.620,0.664,0.672,0.334,0.310,0.453,0.528,0.428,0.000,0.528,0.165,0.263,0.000,0.315,0.000,0.130,0.070,0.229,0.144,0.719,0.281,0.000,0.588,0.000,0.000,0.223,0.083,0.085,0.027,0.333,0.420,0.629,0.831,0.261,0.524,0.425,0.467,0.295,0.253,0.118,0.393,0.252,0.310,0.013,0.071,0.030,0.252,0.035,0.061,0.000,0.002,0.114,0.136,0.055,0.020,0.311,0.273,0.182,0.077,0.156,0.485,0.221,0.436,0.465,0.791,0.339,0.417,0.256,0.185,0.223,0.536,0.160,0.470,0.365,0.569,0.227,0.059,0.061,0.114,0.107,0.170,0.262
recusal-pressure-campaign,Recusal Pressure Campaign,High-salience litigants try to force or avoid recusals around ideologically charged cases.,0.850,recusal-pressure synthetic legislature,legislative-override,Judicial review with legislative supermajority override,5120,0.978,0.594,0.383,0.467,0.530,0.252,0.382,0.149,0.139,0.001,0.058,0.037,0.115,0.846,0.653,0.579,0.501,0.428,0.669,0.515,0.446,0.593,0.626,0.705,0.044,0.574,0.105,0.002,0.607,0.402,0.514,0.264,0.505,0.487,0.578,0.803,0.499,0.547,0.666,0.494,0.523,0.574,0.352,0.620,0.040,0.149,0.315,0.599,0.146,0.624,0.645,0.660,0.247,0.335,0.454,0.530,0.433,0.000,0.530,0.176,0.257,0.000,0.076,0.000,0.095,0.109,0.208,0.147,0.406,0.594,0.000,0.000,0.000,0.000,0.246,0.076,0.089,0.025,0.341,0.456,0.640,0.843,0.289,0.527,0.430,0.439,0.281,0.257,0.127,0.405,0.256,0.313,0.012,0.068,0.038,0.256,0.034,0.062,0.000,0.003,0.120,0.139,0.055,0.023,0.311,0.273,0.182,0.077,0.156,0.485,0.227,0.445,0.489,0.766,0.323,0.494,0.293,0.191,0.242,0.498,0.163,0.461,0.340,0.506,0.227,0.059,0.061,0.114,0.107,0.170,0.262
recusal-pressure-campaign,Recusal Pressure Campaign,High-salience litigants try to force or avoid recusals around ideologically charged cases.,0.850,recusal-pressure synthetic legislature,accountability-retention-court,Retention-election accountability court,5120,0.979,0.596,0.383,0.465,0.530,0.252,0.382,0.149,0.136,0.001,0.056,0.039,0.115,0.846,0.653,0.579,0.501,0.427,0.669,0.515,0.446,0.593,0.626,0.705,0.044,0.574,0.105,0.001,0.607,0.402,0.514,0.254,0.505,0.486,0.580,0.803,0.502,0.548,0.667,0.503,0.537,0.583,0.357,0.602,0.063,0.148,0.312,0.597,0.148,0.619,0.653,0.658,0.239,0.326,0.454,0.525,0.433,0.000,0.525,0.166,0.266,0.000,0.086,0.000,0.162,0.299,0.225,0.207,0.404,0.596,0.000,0.000,0.000,0.000,0.230,0.134,0.000,0.041,0.323,0.396,0.624,0.832,0.164,0.527,0.424,0.442,0.297,0.238,0.111,0.397,0.230,0.301,0.015,0.071,0.033,0.230,0.037,0.067,0.000,0.003,0.115,0.131,0.052,0.023,0.311,0.273,0.182,0.077,0.156,0.485,0.221,0.445,0.456,0.791,0.317,0.436,0.232,0.190,0.225,0.506,0.161,0.464,0.345,0.502,0.227,0.059,0.061,0.114,0.107,0.170,0.262
recusal-pressure-campaign,Recusal Pressure Campaign,High-salience litigants try to force or avoid recusals around ideologically charged cases.,0.850,recusal-pressure synthetic legislature,emergency-restraint-court,No emergency relief without merits review,5120,0.979,0.595,0.384,0.461,0.530,0.249,0.382,0.149,0.134,0.001,0.058,0.045,0.115,0.846,0.653,0.579,0.501,0.421,0.669,0.515,0.446,0.593,0.626,0.705,0.044,0.574,0.105,0.004,0.607,0.402,0.514,0.249,0.512,0.415,0.594,0.803,0.507,0.540,0.698,0.465,0.436,0.556,0.372,0.636,0.060,0.038,0.287,0.687,0.187,0.595,0.655,0.689,0.256,0.433,0.579,0.520,0.520,0.000,0.520,0.000,0.520,0.000,0.163,0.000,0.101,0.109,0.173,0.133,0.405,0.595,0.000,0.000,0.000,0.000,0.000,0.000,0.000,0.000,0.317,0.450,0.550,0.841,0.151,0.528,0.362,0.453,0.293,0.236,0.106,0.386,0.234,0.304,0.021,0.108,0.053,0.000,0.067,0.117,0.000,0.003,0.111,0.136,0.061,0.018,0.311,0.273,0.182,0.077,0.156,0.485,0.294,0.588,0.632,1.000,0.471,0.615,0.300,0.239,0.287,0.435,0.121,0.474,0.361,0.592,0.227,0.059,0.061,0.114,0.107,0.170,0.262
recusal-pressure-campaign,Recusal Pressure Campaign,High-salience litigants try to force or avoid recusals around ideologically charged cases.,0.850,recusal-pressure synthetic legislature,randomized-merits-panels,Randomized merits panels with en banc correction,5120,0.979,0.600,0.379,0.470,0.530,0.259,0.382,0.149,0.141,0.001,0.058,0.032,0.115,0.846,0.653,0.579,0.501,0.425,0.669,0.515,0.446,0.593,0.626,0.705,0.044,0.543,0.105,0.003,0.607,0.402,0.514,0.234,0.504,0.487,0.684,0.803,0.505,0.557,0.663,0.509,0.542,0.581,0.373,0.618,0.090,0.148,0.308,0.639,0.141,0.595,0.631,0.663,0.264,0.323,0.452,0.520,0.428,0.000,0.520,0.179,0.249,0.000,0.453,0.000,0.132,0.071,0.192,0.125,0.708,0.292,0.000,0.000,0.000,0.000,0.000,0.000,0.000,0.000,0.316,0.367,0.613,0.813,0.136,0.517,0.420,0.449,0.312,0.226,0.101,0.399,0.229,0.296,0.018,0.108,0.048,0.000,0.062,0.109,0.000,0.003,0.113,0.117,0.055,0.018,0.311,0.273,0.182,0.077,0.156,0.485,0.225,0.450,0.471,0.766,0.354,0.442,0.259,0.188,0.247,0.519,0.161,0.469,0.365,0.538,0.227,0.059,0.061,0.114,0.107,0.170,0.262
recusal-pressure-campaign,Recusal Pressure Campaign,High-salience litigants try to force or avoid recusals around ideologically charged cases.,0.850,recusal-pressure synthetic legislature,mandatory-written-emergency-reasoning,Mandatory written emergency reasoning,5120,0.977,0.583,0.393,0.451,0.530,0.238,0.382,0.149,0.143,0.000,0.053,0.041,0.115,0.846,0.653,0.579,0.501,0.426,0.669,0.515,0.446,0.593,0.626,0.705,0.044,0.572,0.105,0.003,0.607,0.402,0.514,0.232,0.503,0.461,0.578,0.803,0.508,0.562,0.666,0.522,0.572,0.586,0.376,0.607,0.087,0.112,0.321,0.581,0.134,0.593,0.622,0.655,0.253,0.304,0.423,0.518,0.423,0.000,0.518,0.289,0.133,0.000,0.076,0.000,0.086,0.107,0.213,0.152,0.417,0.583,0.000,0.000,0.000,0.000,0.000,0.000,0.000,0.000,0.324,0.360,0.634,0.848,0.137,0.527,0.426,0.449,0.305,0.213,0.099,0.391,0.228,0.364,0.024,0.100,0.049,0.000,0.062,0.113,0.000,0.003,0.108,0.113,0.053,0.016,0.311,0.273,0.182,0.077,0.156,0.485,0.202,0.372,0.480,0.759,0.249,0.455,0.236,0.172,0.253,0.545,0.184,0.470,0.368,0.472,0.227,0.059,0.061,0.114,0.107,0.170,0.262
recusal-pressure-campaign,Recusal Pressure Campaign,High-salience litigants try to force or avoid recusals around ideologically charged cases.,0.850,recusal-pressure synthetic legislature,automatic-merits-follow-up,Automatic merits follow-up for emergency relief,5120,0.979,0.593,0.386,0.459,0.530,0.251,0.382,0.149,0.149,0.001,0.064,0.039,0.115,0.846,0.653,0.579,0.501,0.420,0.669,0.515,0.446,0.593,0.626,0.705,0.044,0.574,0.105,0.003,0.607,0.402,0.514,0.238,0.512,0.434,0.577,0.803,0.501,0.535,0.693,0.458,0.417,0.550,0.375,0.631,0.085,0.048,0.286,0.661,0.200,0.595,0.657,0.684,0.273,0.459,0.580,0.516,0.516,0.000,0.516,0.316,0.516,0.000,0.073,0.000,0.092,0.111,0.179,0.142,0.407,0.593,0.000,0.000,0.000,0.000,0.000,0.000,0.000,0.000,0.323,0.462,0.535,0.870,0.157,0.527,0.361,0.454,0.288,0.237,0.109,0.374,0.235,0.379,0.017,0.111,0.052,0.000,0.061,0.121,0.000,0.002,0.113,0.133,0.053,0.020,0.311,0.273,0.182,0.077,0.156,0.485,0.297,0.574,0.668,0.997,0.529,0.626,0.324,0.247,0.360,0.417,0.115,0.475,0.363,0.556,0.227,0.059,0.061,0.114,0.107,0.170,0.262
recusal-pressure-campaign,Recusal Pressure Campaign,High-salience litigants try to force or avoid recusals around ideologically charged cases.,0.850,recusal-pressure synthetic legislature,strong-recusal-enforcement,Independent recusal enforcement with substitutes,5120,0.976,0.593,0.383,0.456,0.530,0.248,0.382,0.149,0.137,0.000,0.055,0.038,0.115,0.846,0.653,0.579,0.501,0.427,0.669,0.515,0.446,0.593,0.626,0.705,0.044,0.573,0.105,0.004,0.607,0.402,0.514,0.250,0.504,0.485,0.603,0.803,0.503,0.553,0.667,0.505,0.532,0.579,0.371,0.615,0.056,0.146,0.311,0.621,0.149,0.596,0.630,0.662,0.260,0.333,0.448,0.521,0.436,0.000,0.521,0.178,0.257,0.000,0.169,0.000,0.090,0.108,0.208,0.146,0.407,0.593,0.000,0.000,0.000,0.000,0.000,0.000,0.000,0.000,0.320,0.386,0.614,0.821,0.134,0.527,0.420,0.447,0.305,0.226,0.090,0.384,0.228,0.303,0.023,0.118,0.040,0.000,0.063,0.111,0.000,0.002,0.110,0.123,0.059,0.018,0.311,0.273,0.182,0.077,0.156,0.485,0.224,0.440,0.510,0.788,0.291,0.406,0.277,0.190,0.253,0.507,0.161,0.465,0.362,0.523,0.227,0.059,0.061,0.114,0.107,0.170,0.262
recusal-pressure-campaign,Recusal Pressure Campaign,High-salience litigants try to force or avoid recusals around ideologically charged cases.,0.850,recusal-pressure synthetic legislature,jurisdiction-stripping-constraints,Jurisdiction stripping constrained by rights carveouts,5120,0.980,0.591,0.389,0.462,0.530,0.244,0.382,0.149,0.134,0.001,0.056,0.058,0.115,0.846,0.653,0.579,0.501,0.428,0.669,0.515,0.446,0.593,0.626,0.705,0.044,0.523,0.105,0.002,0.607,0.402,0.514,0.272,0.534,0.486,0.578,0.803,0.504,0.553,0.671,0.495,0.522,0.576,0.356,0.619,0.039,0.146,0.309,0.599,0.147,0.615,0.641,0.664,0.238,0.335,0.453,0.520,0.424,0.000,0.520,0.166,0.258,0.000,0.074,0.000,0.088,0.107,0.208,0.149,0.409,0.591,0.000,0.000,0.000,0.000,0.247,0.000,0.000,0.000,0.334,0.497,0.632,0.833,0.289,0.511,0.426,0.451,0.276,0.262,0.130,0.391,0.248,0.300,0.023,0.188,0.070,0.000,0.064,0.000,0.000,0.003,0.121,0.135,0.053,0.024,0.311,0.273,0.182,0.077,0.156,0.485,0.229,0.455,0.517,0.834,0.307,0.464,0.209,0.191,0.252,0.498,0.159,0.464,0.348,0.515,0.227,0.059,0.061,0.114,0.107,0.170,0.262
recusal-pressure-campaign,Recusal Pressure Campaign,High-salience litigants try to force or avoid recusals around ideologically charged cases.,0.850,recusal-pressure synthetic legislature,legislative-override-window,Time-limited legislative override window,5120,0.976,0.603,0.373,0.477,0.530,0.266,0.382,0.149,0.136,0.001,0.061,0.037,0.115,0.846,0.653,0.579,0.501,0.427,0.669,0.515,0.446,0.593,0.626,0.705,0.044,0.574,0.105,0.003,0.607,0.402,0.514,0.258,0.507,0.486,0.578,0.803,0.500,0.549,0.667,0.497,0.528,0.576,0.354,0.622,0.040,0.150,0.318,0.602,0.145,0.626,0.648,0.661,0.249,0.337,0.460,0.536,0.439,0.000,0.536,0.170,0.270,0.000,0.073,0.000,0.092,0.108,0.210,0.152,0.397,0.603,0.000,0.000,0.000,0.000,0.246,0.084,0.091,0.000,0.338,0.444,0.629,0.838,0.274,0.527,0.425,0.441,0.290,0.261,0.128,0.401,0.249,0.313,0.014,0.069,0.034,0.249,0.040,0.069,0.000,0.002,0.126,0.131,0.057,0.020,0.311,0.273,0.182,0.077,0.156,0.485,0.229,0.464,0.502,0.784,0.302,0.410,0.269,0.194,0.241,0.504,0.162,0.462,0.339,0.508,0.227,0.059,0.061,0.114,0.107,0.170,0.262
recusal-pressure-campaign,Recusal Pressure Campaign,High-salience litigants try to force or avoid recusals around ideologically charged cases.,0.850,recusal-pressure synthetic legislature,constitutional-remand,Constitutional remand before invalidation,5120,0.976,0.597,0.378,0.472,0.530,0.252,0.382,0.149,0.143,0.001,0.073,0.039,0.115,0.846,0.653,0.579,0.501,0.388,0.669,0.515,0.446,0.593,0.626,0.705,0.044,0.531,0.105,0.002,0.607,0.402,0.514,0.241,0.528,0.486,0.583,0.803,0.518,0.592,0.678,0.562,0.653,0.607,0.395,0.617,0.059,0.146,0.309,0.639,0.103,0.593,0.649,0.675,0.340,0.236,0.457,0.522,0.426,0.000,0.522,0.158,0.268,0.000,0.102,0.000,0.117,0.071,0.233,0.145,0.403,0.597,0.000,0.593,0.087,0.000,0.166,0.058,0.068,0.017,0.315,0.347,0.620,0.795,0.222,0.513,0.421,0.471,0.302,0.234,0.108,0.397,0.234,0.298,0.018,0.066,0.029,0.234,0.036,0.071,0.000,0.003,0.106,0.133,0.051,0.015,0.311,0.273,0.182,0.077,0.156,0.485,0.199,0.403,0.431,0.709,0.223,0.345,0.249,0.160,0.199,0.624,0.158,0.491,0.381,0.545,0.227,0.059,0.061,0.114,0.107,0.170,0.262
recusal-pressure-campaign,Recusal Pressure Campaign,High-salience litigants try to force or avoid recusals around ideologically charged cases.,0.850,recusal-pressure synthetic legislature,public-interest-litigation-filter,Public-interest litigation filter,5120,0.975,0.596,0.379,0.456,0.530,0.250,0.382,0.149,0.138,0.001,0.055,0.053,0.115,0.846,0.653,0.579,0.501,0.426,0.669,0.515,0.446,0.593,0.626,0.705,0.044,0.490,0.105,0.002,0.607,0.402,0.514,0.242,0.504,0.485,0.582,0.803,0.511,0.564,0.675,0.518,0.564,0.585,0.373,0.624,0.061,0.148,0.311,0.601,0.129,0.591,0.628,0.662,0.264,0.306,0.453,0.527,0.424,0.000,0.527,0.156,0.268,0.000,0.098,0.000,0.091,0.111,0.253,0.156,0.404,0.596,0.000,0.000,0.000,0.040,0.000,0.000,0.000,0.000,0.311,0.358,0.623,0.809,0.133,0.499,0.422,0.449,0.312,0.218,0.098,0.391,0.221,0.293,0.022,0.105,0.048,0.000,0.063,0.113,0.000,0.002,0.114,0.114,0.061,0.016,0.311,0.273,0.182,0.077,0.156,0.485,0.229,0.473,0.511,0.741,0.317,0.468,0.232,0.184,0.233,0.538,0.158,0.469,0.365,0.503,0.227,0.059,0.061,0.114,0.107,0.170,0.262
recusal-pressure-campaign,Recusal Pressure Campaign,High-salience litigants try to force or avoid recusals around ideologically charged cases.,0.850,recusal-pressure synthetic legislature,emergency-integrity-package,Emergency integrity package,5120,0.977,0.598,0.379,0.463,0.530,0.255,0.382,0.149,0.138,0.001,0.056,0.038,0.115,0.846,0.653,0.579,0.501,0.422,0.669,0.515,0.446,0.593,0.626,0.705,0.044,0.575,0.105,0.001,0.607,0.402,0.514,0.257,0.512,0.435,0.601,0.803,0.498,0.537,0.696,0.462,0.431,0.554,0.369,0.634,0.053,0.047,0.285,0.693,0.192,0.598,0.657,0.689,0.296,0.440,0.583,0.513,0.513,0.000,0.513,0.318,0.513,0.000,0.163,0.000,0.095,0.112,0.181,0.136,0.402,0.598,0.000,0.000,0.000,0.000,0.000,0.000,0.000,0.000,0.320,0.460,0.546,0.841,0.152,0.528,0.365,0.451,0.287,0.250,0.108,0.386,0.234,0.303,0.019,0.120,0.046,0.000,0.066,0.121,0.000,0.002,0.112,0.141,0.052,0.019,0.311,0.273,0.182,0.077,0.156,0.485,0.292,0.571,0.640,1.000,0.508,0.564,0.337,0.242,0.349,0.430,0.115,0.471,0.357,0.599,0.227,0.059,0.061,0.114,0.107,0.170,0.262
recusal-pressure-campaign,Recusal Pressure Campaign,High-salience litigants try to force or avoid recusals around ideologically charged cases.,0.850,recusal-pressure synthetic legislature,remand-override-window-package,Constitutional remand with override window,5120,0.979,0.602,0.378,0.462,0.530,0.263,0.382,0.149,0.138,0.001,0.061,0.045,0.115,0.846,0.653,0.579,0.501,0.389,0.669,0.515,0.446,0.593,0.626,0.705,0.044,0.531,0.105,0.003,0.607,0.402,0.514,0.238,0.528,0.461,0.584,0.803,0.516,0.597,0.678,0.574,0.687,0.611,0.395,0.612,0.062,0.114,0.325,0.637,0.097,0.597,0.646,0.672,0.375,0.222,0.440,0.530,0.428,0.000,0.530,0.284,0.144,0.000,0.104,0.000,0.121,0.070,0.239,0.148,0.398,0.602,0.000,0.596,0.078,0.000,0.158,0.052,0.064,0.000,0.315,0.333,0.629,0.795,0.219,0.513,0.425,0.470,0.310,0.235,0.115,0.397,0.241,0.304,0.016,0.065,0.030,0.241,0.035,0.073,0.000,0.001,0.106,0.126,0.053,0.017,0.311,0.273,0.182,0.077,0.156,0.485,0.186,0.350,0.423,0.715,0.248,0.385,0.200,0.149,0.211,0.656,0.185,0.488,0.382,0.540,0.227,0.059,0.061,0.114,0.107,0.170,0.262
recusal-pressure-campaign,Recusal Pressure Campaign,High-salience litigants try to force or avoid recusals around ideologically charged cases.,0.850,recusal-pressure synthetic legislature,panel-jurisdiction-safeguards,Random panels with jurisdiction safeguards,5120,0.979,0.589,0.389,0.454,0.530,0.242,0.382,0.149,0.140,0.001,0.061,0.043,0.115,0.846,0.653,0.579,0.501,0.428,0.669,0.515,0.446,0.593,0.626,0.705,0.044,0.492,0.105,0.002,0.607,0.402,0.514,0.252,0.530,0.472,0.715,0.803,0.504,0.569,0.660,0.530,0.609,0.586,0.363,0.602,0.086,0.139,0.321,0.628,0.118,0.607,0.621,0.658,0.286,0.268,0.387,0.517,0.395,0.000,0.517,0.297,0.098,0.122,0.517,0.000,0.128,0.068,0.209,0.127,0.723,0.277,0.000,0.000,0.000,0.000,0.187,0.000,0.000,0.000,0.321,0.422,0.642,0.816,0.240,0.500,0.434,0.453,0.293,0.242,0.112,0.394,0.234,0.296,0.025,0.174,0.061,0.000,0.063,0.000,0.000,0.002,0.112,0.120,0.057,0.022,0.311,0.273,0.182,0.077,0.156,0.485,0.181,0.347,0.394,0.634,0.275,0.385,0.226,0.159,0.231,0.579,0.186,0.465,0.360,0.536,0.227,0.059,0.061,0.114,0.107,0.170,0.262
recusal-pressure-campaign,Recusal Pressure Campaign,High-salience litigants try to force or avoid recusals around ideologically charged cases.,0.850,recusal-pressure synthetic legislature,council-concrete-hybrid,Constitutional council with concrete-review backstop,5120,0.977,0.601,0.375,0.463,0.530,0.263,0.382,0.149,0.148,0.001,0.066,0.043,0.115,0.846,0.653,0.579,0.501,0.424,0.669,0.515,0.446,0.593,0.626,0.705,0.044,0.563,0.105,0.002,0.607,0.402,0.514,0.253,0.552,0.486,0.658,0.803,0.504,0.576,0.671,0.538,0.608,0.589,0.385,0.620,0.051,0.148,0.311,0.674,0.118,0.613,0.655,0.676,0.350,0.273,0.455,0.527,0.433,0.000,0.527,0.166,0.267,0.000,0.373,0.000,0.132,0.111,0.259,0.164,0.699,0.301,0.000,0.591,0.000,0.000,0.186,0.067,0.077,0.022,0.327,0.388,0.623,0.816,0.236,0.524,0.423,0.470,0.298,0.247,0.112,0.393,0.245,0.304,0.014,0.072,0.034,0.245,0.037,0.069,0.000,0.003,0.114,0.126,0.060,0.017,0.311,0.273,0.182,0.077,0.156,0.485,0.209,0.417,0.453,0.766,0.296,0.372,0.209,0.174,0.202,0.579,0.160,0.474,0.371,0.580,0.227,0.059,0.061,0.114,0.107,0.170,0.262
court-expansion-retaliation,Court Expansion Retaliation,A polarized political system reacts to judicial conflict with expansion threats and capture pressure.,0.850,expansion-retaliation synthetic legislature,current-us-like,Stylized current U.S.-like supreme court,5120,0.977,0.583,0.394,0.454,0.540,0.246,0.386,0.154,0.142,0.000,0.073,0.037,0.109,0.862,0.668,0.589,0.523,0.464,0.683,0.524,0.446,0.586,0.652,0.711,0.053,0.621,0.110,0.002,0.609,0.398,0.537,0.298,0.464,0.651,0.575,0.813,0.485,0.528,0.577,0.479,0.511,0.562,0.333,0.628,0.103,0.398,0.393,0.404,0.111,0.648,0.599,0.582,0.168,0.223,0.266,0.539,0.200,0.200,0.000,0.200,0.000,0.000,0.029,0.000,0.050,0.301,0.149,0.186,0.417,0.583,0.000,0.000,0.000,0.000,0.000,0.000,0.000,0.000,0.369,0.352,0.839,0.869,0.136,0.543,0.582,0.408,0.295,0.229,0.106,0.424,0.235,0.394,0.020,0.100,0.048,0.000,0.071,0.116,0.000,0.002,0.110,0.125,0.064,0.016,0.321,0.262,0.172,0.082,0.164,0.474,0.260,0.516,0.538,0.996,0.494,0.539,0.313,0.154,0.182,0.444,0.256,0.428,0.330,0.294,0.242,0.060,0.050,0.110,0.107,0.168,0.264
court-expansion-retaliation,Court Expansion Retaliation,A polarized political system reacts to judicial conflict with expansion threats and capture pressure.,0.850,expansion-retaliation synthetic legislature,term-limited-balanced,18-year staggered terms + regular appointments,5120,0.973,0.580,0.393,0.449,0.540,0.244,0.386,0.154,0.128,0.001,0.065,0.032,0.109,0.862,0.668,0.589,0.523,0.451,0.683,0.524,0.446,0.586,0.652,0.711,0.053,0.579,0.110,0.002,0.609,0.398,0.537,0.248,0.474,0.488,0.585,0.813,0.496,0.532,0.660,0.481,0.494,0.556,0.358,0.603,0.093,0.146,0.299,0.572,0.171,0.603,0.629,0.648,0.213,0.357,0.428,0.501,0.416,0.000,0.501,0.177,0.239,0.000,0.085,0.000,0.092,0.103,0.139,0.126,0.420,0.580,0.000,0.000,0.000,0.000,0.000,0.000,0.000,0.000,0.332,0.410,0.614,0.857,0.150,0.529,0.419,0.428,0.283,0.236,0.114,0.382,0.230,0.371,0.017,0.107,0.057,0.000,0.063,0.113,0.000,0.002,0.114,0.132,0.054,0.019,0.321,0.262,0.172,0.082,0.164,0.474,0.216,0.426,0.487,0.764,0.354,0.523,0.281,0.197,0.266,0.474,0.156,0.452,0.349,0.466,0.242,0.060,0.050,0.110,0.107,0.168,0.264
court-expansion-retaliation,Court Expansion Retaliation,A polarized political system reacts to judicial conflict with expansion threats and capture pressure.,0.850,expansion-retaliation synthetic legislature,nonpartisan-commission,Nonpartisan commission appointments,5120,0.976,0.587,0.389,0.461,0.540,0.253,0.386,0.154,0.140,0.001,0.069,0.029,0.109,0.862,0.668,0.589,0.523,0.452,0.683,0.524,0.446,0.586,0.652,0.711,0.053,0.579,0.110,0.003,0.609,0.398,0.537,0.263,0.474,0.488,0.590,0.813,0.490,0.528,0.661,0.473,0.482,0.553,0.353,0.605,0.081,0.147,0.302,0.584,0.179,0.609,0.634,0.649,0.237,0.369,0.439,0.508,0.423,0.000,0.508,0.185,0.238,0.000,0.111,0.000,0.088,0.109,0.129,0.116,0.413,0.587,0.000,0.000,0.000,0.000,0.000,0.000,0.000,0.000,0.328,0.424,0.620,0.829,0.149,0.529,0.423,0.425,0.280,0.242,0.114,0.387,0.232,0.292,0.020,0.109,0.058,0.000,0.061,0.117,0.000,0.001,0.114,0.139,0.058,0.020,0.321,0.262,0.172,0.082,0.164,0.474,0.222,0.432,0.544,0.804,0.354,0.437,0.302,0.202,0.275,0.464,0.159,0.448,0.343,0.485,0.242,0.060,0.050,0.110,0.107,0.168,0.264
court-expansion-retaliation,Court Expansion Retaliation,A polarized political system reacts to judicial conflict with expansion threats and capture pressure.,0.850,expansion-retaliation synthetic legislature,expanded-court-fifteen,Expanded 15-seat court,5120,0.978,0.584,0.394,0.449,0.540,0.246,0.386,0.154,0.138,0.000,0.068,0.030,0.109,0.862,0.668,0.589,0.523,0.453,0.683,0.524,0.446,0.586,0.652,0.711,0.053,0.579,0.110,0.003,0.609,0.398,0.537,0.263,0.474,0.489,0.596,0.813,0.490,0.533,0.661,0.485,0.509,0.558,0.354,0.601,0.067,0.147,0.305,0.591,0.170,0.605,0.630,0.650,0.251,0.350,0.432,0.505,0.418,0.000,0.505,0.175,0.243,0.000,0.087,0.000,0.086,0.412,0.169,0.221,0.416,0.584,0.000,0.000,0.000,0.000,0.000,0.000,0.000,0.000,0.333,0.401,0.620,0.856,0.142,0.529,0.421,0.426,0.292,0.227,0.096,0.392,0.237,0.377,0.019,0.110,0.045,0.000,0.061,0.113,0.000,0.001,0.108,0.131,0.055,0.018,0.321,0.262,0.172,0.082,0.164,0.474,0.212,0.418,0.544,0.753,0.326,0.453,0.243,0.195,0.260,0.480,0.156,0.449,0.347,0.487,0.242,0.060,0.050,0.110,0.107,0.168,0.264
court-expansion-retaliation,Court Expansion Retaliation,A polarized political system reacts to judicial conflict with expansion threats and capture pressure.,0.850,expansion-retaliation synthetic legislature,supermajority-review,60 percent invalidation threshold,5120,0.975,0.588,0.388,0.450,0.540,0.255,0.386,0.154,0.136,0.001,0.064,0.043,0.109,0.862,0.668,0.589,0.523,0.452,0.683,0.524,0.446,0.586,0.652,0.711,0.053,0.578,0.110,0.002,0.609,0.398,0.537,0.240,0.471,0.474,0.585,0.813,0.505,0.549,0.655,0.514,0.586,0.566,0.358,0.596,0.103,0.139,0.316,0.556,0.141,0.603,0.618,0.640,0.211,0.288,0.388,0.509,0.397,0.000,0.509,0.304,0.093,0.112,0.085,0.000,0.042,0.109,0.145,0.133,0.412,0.588,0.000,0.000,0.000,0.000,0.000,0.000,0.000,0.000,0.329,0.353,0.619,0.849,0.141,0.528,0.425,0.427,0.293,0.228,0.108,0.388,0.242,0.377,0.022,0.103,0.052,0.000,0.061,0.120,0.000,0.002,0.113,0.126,0.054,0.017,0.321,0.262,0.172,0.082,0.164,0.474,0.183,0.338,0.527,0.723,0.258,0.351,0.217,0.167,0.244,0.557,0.183,0.451,0.349,0.444,0.242,0.060,0.050,0.110,0.107,0.168,0.264
court-expansion-retaliation,Court Expansion Retaliation,A polarized political system reacts to judicial conflict with expansion threats and capture pressure.,0.850,expansion-retaliation synthetic legislature,recusal-and-emergency-reform,Peer recusal + reasoned emergency docket,5120,0.976,0.585,0.391,0.455,0.540,0.252,0.386,0.154,0.138,0.000,0.063,0.041,0.109,0.862,0.668,0.589,0.523,0.453,0.683,0.524,0.446,0.586,0.652,0.711,0.053,0.579,0.110,0.003,0.609,0.398,0.537,0.264,0.474,0.489,0.596,0.813,0.490,0.531,0.658,0.480,0.498,0.556,0.353,0.605,0.098,0.149,0.301,0.585,0.177,0.607,0.632,0.646,0.244,0.357,0.434,0.508,0.417,0.000,0.508,0.178,0.239,0.000,0.142,0.000,0.092,0.107,0.140,0.128,0.415,0.585,0.000,0.000,0.000,0.000,0.000,0.000,0.000,0.000,0.335,0.409,0.623,0.863,0.146,0.529,0.423,0.425,0.288,0.237,0.109,0.390,0.235,0.381,0.023,0.106,0.055,0.000,0.065,0.109,0.000,0.001,0.111,0.131,0.056,0.021,0.321,0.262,0.172,0.082,0.164,0.474,0.217,0.432,0.536,0.768,0.281,0.493,0.282,0.198,0.266,0.478,0.157,0.448,0.345,0.478,0.242,0.060,0.050,0.110,0.107,0.168,0.264
court-expansion-retaliation,Court Expansion Retaliation,A polarized political system reacts to judicial conflict with expansion threats and capture pressure.,0.850,expansion-retaliation synthetic legislature,panel-en-banc,Three-judge panels with en banc correction,5120,0.977,0.593,0.384,0.461,0.540,0.262,0.386,0.154,0.132,0.001,0.065,0.037,0.109,0.862,0.668,0.589,0.523,0.452,0.683,0.524,0.446,0.586,0.652,0.711,0.053,0.549,0.110,0.003,0.609,0.398,0.537,0.257,0.474,0.489,0.671,0.813,0.491,0.533,0.658,0.481,0.502,0.556,0.353,0.608,0.107,0.150,0.301,0.623,0.167,0.609,0.633,0.650,0.256,0.355,0.437,0.511,0.420,0.000,0.511,0.187,0.232,0.000,0.447,0.000,0.327,0.074,0.118,0.101,0.717,0.283,0.000,0.000,0.000,0.000,0.000,0.000,0.000,0.000,0.328,0.411,0.616,0.825,0.152,0.519,0.422,0.425,0.279,0.253,0.120,0.394,0.247,0.302,0.022,0.111,0.059,0.000,0.069,0.114,0.000,0.001,0.120,0.136,0.054,0.021,0.321,0.262,0.172,0.082,0.164,0.474,0.223,0.451,0.519,0.749,0.326,0.493,0.317,0.198,0.267,0.483,0.159,0.448,0.343,0.520,0.242,0.060,0.050,0.110,0.107,0.168,0.264
court-expansion-retaliation,Court Expansion Retaliation,A polarized political system reacts to judicial conflict with expansion threats and capture pressure.,0.850,expansion-retaliation synthetic legislature,cross-checking-courts,Supreme court with cross-checking constitutional court,5120,0.978,0.587,0.391,0.459,0.540,0.250,0.386,0.154,0.136,0.001,0.068,0.046,0.109,0.862,0.668,0.589,0.523,0.432,0.683,0.524,0.446,0.586,0.652,0.711,0.053,0.577,0.110,0.002,0.609,0.398,0.537,0.251,0.491,0.474,0.612,0.813,0.489,0.565,0.660,0.533,0.641,0.585,0.341,0.571,0.055,0.139,0.313,0.594,0.089,0.623,0.594,0.647,0.325,0.197,0.387,0.507,0.394,0.000,0.507,0.300,0.094,0.113,0.231,0.000,0.115,0.111,0.154,0.125,0.413,0.587,0.195,0.000,0.000,0.000,0.000,0.000,0.000,0.000,0.316,0.312,0.626,0.809,0.132,0.528,0.428,0.431,0.294,0.228,0.108,0.390,0.233,0.292,0.021,0.104,0.059,0.000,0.061,0.107,0.000,0.003,0.109,0.128,0.059,0.014,0.321,0.262,0.172,0.082,0.164,0.474,0.116,0.220,0.316,0.402,0.208,0.250,0.144,0.146,0.183,0.610,0.182,0.460,0.337,0.497,0.242,0.060,0.050,0.110,0.107,0.168,0.264
court-expansion-retaliation,Court Expansion Retaliation,A polarized political system reacts to judicial conflict with expansion threats and capture pressure.,0.850,expansion-retaliation synthetic legislature,dual-supreme-courts,Dual supreme courts with disagreement filter,5120,0.979,0.591,0.388,0.453,0.540,0.259,0.386,0.154,0.132,0.001,0.068,0.032,0.109,0.862,0.668,0.589,0.523,0.456,0.683,0.524,0.446,0.586,0.652,0.711,0.053,0.580,0.110,0.002,0.609,0.398,0.537,0.273,0.471,0.475,0.622,0.813,0.457,0.511,0.658,0.445,0.431,0.543,0.329,0.603,0.055,0.142,0.321,0.603,0.187,0.640,0.636,0.646,0.364,0.373,0.385,0.517,0.416,0.000,0.517,0.323,0.093,0.101,0.230,0.000,0.112,0.110,0.128,0.113,0.409,0.591,0.197,0.000,0.000,0.000,0.000,0.000,0.000,0.000,0.335,0.435,0.627,0.852,0.151,0.529,0.430,0.412,0.282,0.248,0.114,0.397,0.236,0.305,0.021,0.112,0.055,0.000,0.068,0.115,0.000,0.002,0.114,0.139,0.066,0.023,0.321,0.262,0.172,0.082,0.164,0.474,0.224,0.445,0.550,0.768,0.337,0.473,0.302,0.205,0.302,0.415,0.189,0.435,0.324,0.503,0.242,0.060,0.050,0.110,0.107,0.168,0.264
court-expansion-retaliation,Court Expansion Retaliation,A polarized political system reacts to judicial conflict with expansion threats and capture pressure.,0.850,expansion-retaliation synthetic legislature,comparative-constitutional-senates,Comparative 16-seat constitutional senates,5120,0.975,0.590,0.385,0.460,0.540,0.258,0.386,0.154,0.135,0.001,0.069,0.047,0.109,0.862,0.668,0.589,0.523,0.453,0.683,0.524,0.446,0.586,0.652,0.711,0.053,0.609,0.110,0.003,0.609,0.398,0.537,0.254,0.471,0.475,0.708,0.813,0.495,0.552,0.650,0.518,0.600,0.569,0.353,0.598,0.062,0.141,0.318,0.617,0.133,0.607,0.616,0.649,0.288,0.272,0.387,0.513,0.400,0.000,0.513,0.312,0.088,0.113,0.443,0.000,0.130,0.107,0.153,0.122,0.717,0.283,0.000,0.000,0.000,0.000,0.000,0.000,0.000,0.000,0.324,0.353,0.624,0.812,0.141,0.538,0.428,0.425,0.290,0.239,0.113,0.388,0.241,0.298,0.023,0.108,0.056,0.000,0.065,0.103,0.000,0.001,0.110,0.135,0.058,0.015,0.321,0.262,0.172,0.082,0.164,0.474,0.184,0.369,0.486,0.620,0.270,0.347,0.231,0.163,0.236,0.571,0.186,0.450,0.345,0.518,0.242,0.060,0.050,0.110,0.107,0.168,0.264
court-expansion-retaliation,Court Expansion Retaliation,A polarized political system reacts to judicial conflict with expansion threats and capture pressure.,0.850,expansion-retaliation synthetic legislature,constitutional-council,Pre-enactment constitutional council,5120,0.979,0.584,0.395,0.458,0.540,0.243,0.386,0.154,0.138,0.002,0.067,0.044,0.109,0.862,0.668,0.589,0.523,0.452,0.683,0.524,0.446,0.586,0.652,0.711,0.053,0.569,0.110,0.002,0.609,0.398,0.537,0.281,0.522,0.487,0.629,0.813,0.482,0.539,0.666,0.488,0.513,0.558,0.362,0.604,0.085,0.147,0.298,0.648,0.163,0.631,0.666,0.661,0.329,0.339,0.433,0.506,0.419,0.000,0.506,0.174,0.246,0.000,0.320,0.000,0.129,0.071,0.153,0.114,0.718,0.282,0.000,0.581,0.000,0.000,0.258,0.114,0.085,0.037,0.339,0.459,0.617,0.840,0.271,0.525,0.420,0.445,0.266,0.269,0.139,0.377,0.254,0.302,0.015,0.063,0.037,0.254,0.034,0.063,0.000,0.002,0.127,0.138,0.054,0.019,0.321,0.262,0.172,0.082,0.164,0.474,0.212,0.426,0.514,0.742,0.281,0.448,0.292,0.193,0.236,0.493,0.155,0.451,0.345,0.554,0.242,0.060,0.050,0.110,0.107,0.168,0.264
court-expansion-retaliation,Court Expansion Retaliation,A polarized political system reacts to judicial conflict with expansion threats and capture pressure.,0.850,expansion-retaliation synthetic legislature,legislative-override,Judicial review with legislative supermajority override,5120,0.977,0.588,0.390,0.464,0.540,0.254,0.386,0.154,0.135,0.001,0.063,0.047,0.109,0.862,0.668,0.589,0.523,0.453,0.683,0.524,0.446,0.586,0.652,0.711,0.053,0.580,0.110,0.003,0.609,0.398,0.537,0.268,0.475,0.489,0.586,0.813,0.484,0.524,0.663,0.465,0.477,0.551,0.336,0.609,0.050,0.149,0.304,0.587,0.173,0.637,0.651,0.652,0.245,0.363,0.442,0.513,0.430,0.000,0.513,0.187,0.243,0.000,0.086,0.000,0.094,0.106,0.137,0.118,0.413,0.588,0.000,0.000,0.000,0.000,0.279,0.103,0.085,0.036,0.344,0.483,0.623,0.844,0.294,0.529,0.424,0.419,0.259,0.271,0.144,0.393,0.261,0.303,0.013,0.060,0.035,0.261,0.036,0.065,0.000,0.001,0.125,0.147,0.052,0.024,0.321,0.262,0.172,0.082,0.164,0.474,0.221,0.436,0.541,0.768,0.371,0.448,0.293,0.201,0.256,0.458,0.160,0.445,0.322,0.495,0.242,0.060,0.050,0.110,0.107,0.168,0.264
court-expansion-retaliation,Court Expansion Retaliation,A polarized political system reacts to judicial conflict with expansion threats and capture pressure.,0.850,expansion-retaliation synthetic legislature,accountability-retention-court,Retention-election accountability court,5120,0.975,0.596,0.378,0.467,0.540,0.269,0.386,0.154,0.136,0.001,0.062,0.044,0.109,0.862,0.668,0.589,0.523,0.453,0.683,0.524,0.446,0.586,0.652,0.711,0.053,0.580,0.110,0.003,0.609,0.398,0.537,0.277,0.476,0.489,0.588,0.813,0.485,0.522,0.661,0.470,0.488,0.557,0.335,0.592,0.083,0.148,0.304,0.586,0.179,0.636,0.663,0.647,0.239,0.363,0.451,0.513,0.420,0.000,0.513,0.175,0.245,0.000,0.095,0.000,0.162,0.300,0.157,0.187,0.404,0.596,0.000,0.000,0.000,0.000,0.263,0.159,0.000,0.052,0.333,0.432,0.622,0.847,0.172,0.529,0.423,0.418,0.280,0.255,0.120,0.391,0.249,0.312,0.010,0.063,0.033,0.249,0.039,0.069,0.000,0.001,0.123,0.133,0.062,0.022,0.321,0.262,0.172,0.082,0.164,0.474,0.222,0.451,0.487,0.801,0.365,0.432,0.286,0.202,0.245,0.462,0.158,0.443,0.324,0.490,0.242,0.060,0.050,0.110,0.107,0.168,0.264
court-expansion-retaliation,Court Expansion Retaliation,A polarized political system reacts to judicial conflict with expansion threats and capture pressure.,0.850,expansion-retaliation synthetic legislature,emergency-restraint-court,No emergency relief without merits review,5120,0.980,0.590,0.390,0.458,0.540,0.252,0.386,0.154,0.138,0.001,0.067,0.032,0.109,0.862,0.668,0.589,0.523,0.446,0.683,0.524,0.446,0.586,0.652,0.711,0.053,0.580,0.110,0.004,0.609,0.398,0.537,0.260,0.482,0.417,0.604,0.813,0.492,0.514,0.694,0.438,0.401,0.527,0.354,0.621,0.076,0.039,0.276,0.676,0.234,0.609,0.661,0.679,0.255,0.483,0.572,0.505,0.505,0.000,0.505,0.000,0.505,0.000,0.183,0.000,0.094,0.109,0.107,0.102,0.410,0.590,0.000,0.000,0.000,0.000,0.000,0.000,0.000,0.000,0.325,0.489,0.544,0.849,0.170,0.529,0.359,0.430,0.276,0.251,0.125,0.376,0.255,0.302,0.019,0.106,0.061,0.000,0.072,0.118,0.000,0.002,0.114,0.140,0.054,0.025,0.321,0.262,0.172,0.082,0.164,0.474,0.287,0.580,0.616,1.000,0.511,0.622,0.371,0.256,0.316,0.405,0.117,0.455,0.343,0.582,0.242,0.060,0.050,0.110,0.107,0.168,0.264
court-expansion-retaliation,Court Expansion Retaliation,A polarized political system reacts to judicial conflict with expansion threats and capture pressure.,0.850,expansion-retaliation synthetic legislature,randomized-merits-panels,Randomized merits panels with en banc correction,5120,0.980,0.593,0.387,0.456,0.540,0.258,0.386,0.154,0.145,0.000,0.072,0.053,0.109,0.862,0.668,0.589,0.523,0.451,0.683,0.524,0.446,0.586,0.652,0.711,0.053,0.549,0.110,0.003,0.609,0.398,0.537,0.255,0.475,0.488,0.693,0.813,0.487,0.530,0.658,0.475,0.486,0.554,0.352,0.607,0.105,0.147,0.302,0.631,0.173,0.609,0.635,0.652,0.264,0.363,0.448,0.512,0.435,0.000,0.512,0.183,0.252,0.000,0.466,0.000,0.135,0.073,0.124,0.103,0.715,0.285,0.000,0.000,0.000,0.000,0.000,0.000,0.000,0.000,0.325,0.401,0.608,0.833,0.144,0.518,0.419,0.426,0.295,0.234,0.101,0.390,0.244,0.306,0.021,0.109,0.046,0.000,0.065,0.118,0.000,0.001,0.111,0.126,0.064,0.022,0.321,0.262,0.172,0.082,0.164,0.474,0.220,0.450,0.533,0.749,0.343,0.365,0.306,0.201,0.271,0.469,0.159,0.449,0.345,0.527,0.242,0.060,0.050,0.110,0.107,0.168,0.264
court-expansion-retaliation,Court Expansion Retaliation,A polarized political system reacts to judicial conflict with expansion threats and capture pressure.,0.850,expansion-retaliation synthetic legislature,mandatory-written-emergency-reasoning,Mandatory written emergency reasoning,5120,0.976,0.582,0.394,0.454,0.540,0.246,0.386,0.154,0.139,0.000,0.067,0.038,0.109,0.862,0.668,0.589,0.523,0.452,0.683,0.524,0.446,0.586,0.652,0.711,0.053,0.579,0.110,0.002,0.609,0.398,0.537,0.252,0.473,0.462,0.586,0.813,0.491,0.535,0.660,0.489,0.518,0.560,0.356,0.596,0.104,0.112,0.313,0.573,0.168,0.607,0.626,0.645,0.253,0.341,0.424,0.505,0.423,0.000,0.505,0.300,0.122,0.000,0.086,0.000,0.088,0.105,0.151,0.132,0.418,0.582,0.000,0.000,0.000,0.000,0.000,0.000,0.000,0.000,0.333,0.403,0.616,0.862,0.149,0.529,0.420,0.427,0.281,0.240,0.113,0.377,0.239,0.377,0.022,0.108,0.055,0.000,0.057,0.120,0.000,0.002,0.120,0.124,0.061,0.019,0.321,0.262,0.172,0.082,0.164,0.474,0.203,0.375,0.538,0.738,0.303,0.442,0.313,0.185,0.277,0.496,0.181,0.451,0.346,0.462,0.242,0.060,0.050,0.110,0.107,0.168,0.264
court-expansion-retaliation,Court Expansion Retaliation,A polarized political system reacts to judicial conflict with expansion threats and capture pressure.,0.850,expansion-retaliation synthetic legislature,automatic-merits-follow-up,Automatic merits follow-up for emergency relief,5120,0.977,0.589,0.388,0.460,0.540,0.258,0.386,0.154,0.131,0.001,0.057,0.043,0.109,0.862,0.668,0.589,0.523,0.447,0.683,0.524,0.446,0.586,0.652,0.711,0.053,0.581,0.110,0.004,0.609,0.398,0.537,0.265,0.482,0.437,0.586,0.813,0.487,0.512,0.687,0.436,0.396,0.525,0.353,0.616,0.107,0.049,0.277,0.648,0.238,0.609,0.661,0.672,0.272,0.494,0.571,0.502,0.502,0.000,0.502,0.321,0.502,0.000,0.090,0.000,0.088,0.106,0.120,0.119,0.411,0.589,0.000,0.000,0.000,0.000,0.000,0.000,0.000,0.000,0.334,0.508,0.539,0.880,0.172,0.529,0.360,0.430,0.265,0.264,0.129,0.372,0.248,0.379,0.017,0.115,0.065,0.000,0.067,0.117,0.000,0.001,0.121,0.142,0.057,0.023,0.321,0.262,0.172,0.082,0.164,0.474,0.286,0.567,0.649,1.000,0.466,0.669,0.384,0.259,0.381,0.400,0.106,0.454,0.341,0.544,0.242,0.060,0.050,0.110,0.107,0.168,0.264
court-expansion-retaliation,Court Expansion Retaliation,A polarized political system reacts to judicial conflict with expansion threats and capture pressure.,0.850,expansion-retaliation synthetic legislature,strong-recusal-enforcement,Independent recusal enforcement with substitutes,5120,0.978,0.586,0.392,0.450,0.540,0.247,0.386,0.154,0.137,0.001,0.064,0.037,0.109,0.862,0.668,0.589,0.523,0.453,0.683,0.524,0.446,0.586,0.652,0.711,0.053,0.579,0.110,0.002,0.609,0.398,0.537,0.266,0.474,0.488,0.612,0.813,0.485,0.527,0.661,0.473,0.482,0.553,0.352,0.602,0.076,0.147,0.302,0.609,0.180,0.609,0.633,0.651,0.259,0.369,0.440,0.509,0.429,0.000,0.509,0.185,0.244,0.000,0.188,0.000,0.093,0.108,0.132,0.115,0.414,0.586,0.000,0.000,0.000,0.000,0.000,0.000,0.000,0.000,0.330,0.421,0.617,0.834,0.156,0.529,0.421,0.424,0.285,0.241,0.122,0.383,0.242,0.305,0.021,0.107,0.056,0.000,0.063,0.113,0.000,0.002,0.119,0.126,0.057,0.020,0.321,0.262,0.172,0.082,0.164,0.474,0.213,0.425,0.536,0.782,0.326,0.446,0.228,0.202,0.274,0.464,0.158,0.447,0.343,0.510,0.242,0.060,0.050,0.110,0.107,0.168,0.264
court-expansion-retaliation,Court Expansion Retaliation,A polarized political system reacts to judicial conflict with expansion threats and capture pressure.,0.850,expansion-retaliation synthetic legislature,jurisdiction-stripping-constraints,Jurisdiction stripping constrained by rights carveouts,5120,0.975,0.600,0.375,0.467,0.540,0.273,0.386,0.154,0.136,0.001,0.069,0.039,0.109,0.862,0.668,0.589,0.523,0.454,0.683,0.524,0.446,0.586,0.652,0.711,0.053,0.530,0.110,0.003,0.609,0.398,0.537,0.288,0.505,0.489,0.585,0.813,0.486,0.527,0.665,0.465,0.483,0.551,0.331,0.606,0.051,0.151,0.308,0.590,0.176,0.636,0.648,0.652,0.241,0.364,0.446,0.520,0.435,0.000,0.520,0.188,0.247,0.000,0.083,0.000,0.092,0.112,0.136,0.121,0.400,0.600,0.000,0.000,0.000,0.000,0.280,0.000,0.000,0.000,0.345,0.530,0.626,0.844,0.316,0.512,0.425,0.426,0.275,0.275,0.148,0.396,0.270,0.312,0.027,0.176,0.085,0.000,0.068,0.000,0.000,0.002,0.127,0.140,0.057,0.031,0.321,0.262,0.172,0.082,0.164,0.474,0.220,0.444,0.519,0.749,0.331,0.403,0.338,0.202,0.272,0.463,0.161,0.443,0.324,0.503,0.242,0.060,0.050,0.110,0.107,0.168,0.264
court-expansion-retaliation,Court Expansion Retaliation,A polarized political system reacts to judicial conflict with expansion threats and capture pressure.,0.850,expansion-retaliation synthetic legislature,legislative-override-window,Time-limited legislative override window,5120,0.977,0.586,0.392,0.454,0.540,0.248,0.386,0.154,0.137,0.001,0.067,0.036,0.109,0.862,0.668,0.589,0.523,0.454,0.683,0.524,0.446,0.586,0.652,0.711,0.053,0.580,0.110,0.002,0.609,0.398,0.537,0.278,0.478,0.488,0.586,0.813,0.486,0.526,0.663,0.473,0.490,0.557,0.339,0.604,0.050,0.148,0.301,0.584,0.170,0.634,0.651,0.651,0.244,0.361,0.437,0.508,0.421,0.000,0.508,0.179,0.242,0.000,0.086,0.000,0.089,0.111,0.137,0.118,0.414,0.586,0.000,0.000,0.000,0.000,0.274,0.114,0.084,0.000,0.341,0.467,0.623,0.841,0.273,0.529,0.423,0.420,0.272,0.255,0.128,0.386,0.253,0.309,0.011,0.065,0.034,0.253,0.036,0.068,0.000,0.001,0.125,0.131,0.059,0.027,0.321,0.262,0.172,0.082,0.164,0.474,0.216,0.447,0.463,0.742,0.331,0.426,0.302,0.199,0.250,0.470,0.158,0.444,0.326,0.493,0.242,0.060,0.050,0.110,0.107,0.168,0.264
court-expansion-retaliation,Court Expansion Retaliation,A polarized political system reacts to judicial conflict with expansion threats and capture pressure.,0.850,expansion-retaliation synthetic legislature,constitutional-remand,Constitutional remand before invalidation,5120,0.977,0.599,0.378,0.471,0.540,0.269,0.386,0.154,0.135,0.001,0.069,0.036,0.109,0.862,0.668,0.589,0.523,0.413,0.683,0.524,0.446,0.586,0.652,0.711,0.053,0.538,0.110,0.003,0.609,0.398,0.537,0.257,0.499,0.488,0.592,0.813,0.506,0.573,0.672,0.540,0.632,0.585,0.373,0.610,0.072,0.150,0.307,0.630,0.123,0.610,0.655,0.664,0.342,0.259,0.450,0.519,0.426,0.000,0.519,0.178,0.249,0.000,0.119,0.000,0.114,0.073,0.161,0.120,0.401,0.599,0.000,0.597,0.095,0.000,0.188,0.074,0.066,0.023,0.320,0.368,0.612,0.802,0.226,0.515,0.420,0.448,0.292,0.246,0.120,0.385,0.249,0.286,0.013,0.063,0.032,0.249,0.037,0.071,0.000,0.002,0.117,0.131,0.056,0.020,0.321,0.262,0.172,0.082,0.164,0.474,0.198,0.414,0.413,0.682,0.277,0.391,0.290,0.168,0.216,0.606,0.160,0.473,0.358,0.536,0.242,0.060,0.050,0.110,0.107,0.168,0.264
court-expansion-retaliation,Court Expansion Retaliation,A polarized political system reacts to judicial conflict with expansion threats and capture pressure.,0.850,expansion-retaliation synthetic legislature,public-interest-litigation-filter,Public-interest litigation filter,5120,0.979,0.595,0.384,0.462,0.540,0.259,0.386,0.154,0.135,0.001,0.058,0.042,0.109,0.862,0.668,0.589,0.523,0.451,0.683,0.524,0.446,0.586,0.652,0.711,0.053,0.496,0.110,0.002,0.609,0.398,0.537,0.256,0.475,0.488,0.590,0.813,0.493,0.535,0.671,0.482,0.504,0.557,0.353,0.613,0.074,0.145,0.303,0.596,0.167,0.607,0.635,0.653,0.265,0.352,0.457,0.513,0.428,0.000,0.513,0.170,0.258,0.000,0.109,0.000,0.094,0.107,0.173,0.132,0.405,0.595,0.000,0.000,0.000,0.041,0.000,0.000,0.000,0.000,0.321,0.393,0.620,0.825,0.145,0.501,0.422,0.426,0.301,0.229,0.107,0.394,0.243,0.306,0.023,0.101,0.054,0.000,0.066,0.114,0.000,0.002,0.109,0.132,0.062,0.021,0.321,0.262,0.172,0.082,0.164,0.474,0.230,0.465,0.553,0.786,0.343,0.486,0.310,0.199,0.263,0.483,0.157,0.451,0.346,0.496,0.242,0.060,0.050,0.110,0.107,0.168,0.264
court-expansion-retaliation,Court Expansion Retaliation,A polarized political system reacts to judicial conflict with expansion threats and capture pressure.,0.850,expansion-retaliation synthetic legislature,emergency-integrity-package,Emergency integrity package,5120,0.980,0.587,0.393,0.460,0.540,0.250,0.386,0.154,0.133,0.001,0.065,0.044,0.109,0.862,0.668,0.589,0.523,0.447,0.683,0.524,0.446,0.586,0.652,0.711,0.053,0.580,0.110,0.003,0.609,0.398,0.537,0.263,0.482,0.437,0.611,0.813,0.486,0.514,0.692,0.440,0.403,0.528,0.356,0.617,0.071,0.048,0.274,0.681,0.235,0.605,0.659,0.680,0.293,0.479,0.568,0.498,0.498,0.000,0.498,0.323,0.498,0.000,0.184,0.000,0.094,0.107,0.115,0.106,0.413,0.587,0.000,0.000,0.000,0.000,0.000,0.000,0.000,0.000,0.324,0.494,0.539,0.847,0.166,0.529,0.360,0.431,0.272,0.251,0.120,0.374,0.247,0.299,0.019,0.119,0.057,0.000,0.065,0.109,0.000,0.002,0.121,0.139,0.056,0.026,0.321,0.262,0.172,0.082,0.164,0.474,0.283,0.558,0.651,1.000,0.472,0.656,0.371,0.254,0.372,0.408,0.105,0.456,0.345,0.588,0.242,0.060,0.050,0.110,0.107,0.168,0.264
court-expansion-retaliation,Court Expansion Retaliation,A polarized political system reacts to judicial conflict with expansion threats and capture pressure.,0.850,expansion-retaliation synthetic legislature,remand-override-window-package,Constitutional remand with override window,5120,0.974,0.594,0.380,0.457,0.540,0.261,0.386,0.154,0.131,0.001,0.063,0.037,0.109,0.862,0.668,0.589,0.523,0.414,0.683,0.524,0.446,0.586,0.652,0.711,0.053,0.537,0.110,0.002,0.609,0.398,0.537,0.250,0.498,0.464,0.591,0.813,0.502,0.575,0.673,0.550,0.650,0.590,0.377,0.599,0.072,0.116,0.318,0.623,0.119,0.607,0.648,0.662,0.373,0.244,0.425,0.517,0.435,0.000,0.517,0.305,0.130,0.000,0.114,0.000,0.123,0.073,0.162,0.119,0.406,0.594,0.000,0.593,0.086,0.000,0.170,0.061,0.057,0.000,0.320,0.362,0.621,0.805,0.221,0.515,0.423,0.449,0.287,0.246,0.120,0.399,0.243,0.298,0.014,0.066,0.036,0.243,0.040,0.060,0.000,0.001,0.115,0.133,0.056,0.019,0.321,0.262,0.172,0.082,0.164,0.474,0.176,0.342,0.446,0.637,0.308,0.326,0.234,0.155,0.227,0.623,0.184,0.472,0.364,0.528,0.242,0.060,0.050,0.110,0.107,0.168,0.264
court-expansion-retaliation,Court Expansion Retaliation,A polarized political system reacts to judicial conflict with expansion threats and capture pressure.,0.850,expansion-retaliation synthetic legislature,panel-jurisdiction-safeguards,Random panels with jurisdiction safeguards,5120,0.977,0.589,0.388,0.454,0.540,0.256,0.386,0.154,0.132,0.001,0.058,0.039,0.109,0.862,0.668,0.589,0.523,0.454,0.683,0.524,0.446,0.586,0.652,0.711,0.053,0.498,0.110,0.002,0.609,0.398,0.537,0.270,0.501,0.475,0.722,0.813,0.488,0.545,0.654,0.500,0.566,0.562,0.341,0.593,0.105,0.141,0.318,0.620,0.141,0.623,0.629,0.646,0.287,0.297,0.388,0.514,0.402,0.000,0.514,0.314,0.087,0.112,0.520,0.000,0.138,0.069,0.148,0.107,0.716,0.284,0.000,0.000,0.000,0.000,0.228,0.000,0.000,0.000,0.334,0.466,0.629,0.831,0.280,0.502,0.430,0.430,0.270,0.265,0.141,0.391,0.256,0.317,0.025,0.177,0.080,0.000,0.062,0.000,0.000,0.002,0.132,0.133,0.049,0.025,0.321,0.262,0.172,0.082,0.164,0.474,0.181,0.342,0.470,0.664,0.292,0.415,0.224,0.169,0.251,0.539,0.187,0.447,0.336,0.525,0.242,0.060,0.050,0.110,0.107,0.168,0.264
court-expansion-retaliation,Court Expansion Retaliation,A polarized political system reacts to judicial conflict with expansion threats and capture pressure.,0.850,expansion-retaliation synthetic legislature,council-concrete-hybrid,Constitutional council with concrete-review backstop,5120,0.975,0.585,0.390,0.448,0.540,0.242,0.386,0.154,0.136,0.001,0.064,0.042,0.109,0.862,0.668,0.589,0.523,0.451,0.683,0.524,0.446,0.586,0.652,0.711,0.053,0.569,0.110,0.003,0.609,0.398,0.537,0.271,0.522,0.488,0.668,0.813,0.486,0.545,0.667,0.497,0.534,0.561,0.365,0.612,0.061,0.145,0.297,0.661,0.156,0.627,0.662,0.667,0.344,0.321,0.441,0.504,0.412,0.000,0.504,0.163,0.248,0.000,0.402,0.000,0.131,0.106,0.167,0.131,0.724,0.276,0.000,0.582,0.000,0.000,0.238,0.098,0.084,0.033,0.339,0.444,0.627,0.843,0.269,0.525,0.423,0.447,0.267,0.264,0.140,0.388,0.255,0.313,0.011,0.060,0.039,0.255,0.037,0.065,0.000,0.001,0.121,0.140,0.058,0.018,0.321,0.262,0.172,0.082,0.164,0.474,0.217,0.445,0.485,0.760,0.354,0.412,0.286,0.188,0.226,0.511,0.154,0.455,0.348,0.569,0.242,0.060,0.050,0.110,0.107,0.168,0.264
