sourceKey,sourceRecordId,sourceUrl,term,docketNumber,applicationDate,applicationClass,applicantType,respondentType,reliefRequested,lowerCourt,responseRequested,briefingWindowDays,fullCourtReferral,dispositionDate,reliefGranted,dispositionType,reasoningPresent,publicDisagreement,statusQuoEffect,linkedMeritsDocket,linkedMeritsFiledDate,linkedMeritsDecisionDate,meritsFollowThroughCategory,linkedMeritsOutcome,downstreamPolicyStatus,repeatFilingFlag,coderNotes
shadow-docket-v3-0,shadow_docket_database_v3-0.csv:line 388343,https://www.shadowdocketdata.com/data,OT2023,23-5653,,Stay,private_or_individual,private_or_individual,Stay,Supreme Court of Florida,,,1,2023-10-02,0,Denied,,0,uncoded,,,,uncoded,,uncoded,,"Prefilled from compact Shadow Docket Database v3.0 extract. This denied/non-binary queue is not validation evidence. Application filing date, response request, reasoning, status-quo effect, merits follow-through category, downstream policy status, and repeat filing must be coded or explicitly scoped out before all-application emergency claims. Petitioner: Michael Duane Zack, III; respondent: Florida."
shadow-docket-v3-0,shadow_docket_database_v3-0.csv:line 388345,https://www.shadowdocketdata.com/data,OT2023,23-5667,,Stay,private_or_individual,private_or_individual,Stay,United States Court of Appeals for the Eleventh Circuit,,,1,2023-10-02,0,Denied,,0,uncoded,,,,uncoded,,uncoded,,"Prefilled from compact Shadow Docket Database v3.0 extract. This denied/non-binary queue is not validation evidence. Application filing date, response request, reasoning, status-quo effect, merits follow-through category, downstream policy status, and repeat filing must be coded or explicitly scoped out before all-application emergency claims. Petitioner: Michael Duane Zack; respondent: Ron Desantis, Governor of Florida, et al."
shadow-docket-v3-0,shadow_docket_database_v3-0.csv:line 387420,https://www.shadowdocketdata.com/data,OT2023,23A112,,Stay,private_or_individual,government,Stay,United States Court of Appeals for the Ninth Circuit,,,1,2023-10-02,0,Denied,,0,uncoded,,,,uncoded,,uncoded,,"Prefilled from compact Shadow Docket Database v3.0 extract. This denied/non-binary queue is not validation evidence. Application filing date, response request, reasoning, status-quo effect, merits follow-through category, downstream policy status, and repeat filing must be coded or explicitly scoped out before all-application emergency claims. Petitioner: Ronald Boyajian; respondent: United States."
shadow-docket-v3-0,shadow_docket_database_v3-0.csv:line 387421,https://www.shadowdocketdata.com/data,OT2023,23A128,,Injunction,private_or_individual,uncoded,Injunction,"District Court of Appeal of Florida, First District",,,1,2023-10-02,0,Denied,,0,uncoded,,,,uncoded,,uncoded,,"Prefilled from compact Shadow Docket Database v3.0 extract. This denied/non-binary queue is not validation evidence. Application filing date, response request, reasoning, status-quo effect, merits follow-through category, downstream policy status, and repeat filing must be coded or explicitly scoped out before all-application emergency claims. Petitioner: Donivon Tingle; respondent: Florida Department of Health."
shadow-docket-v3-0,shadow_docket_database_v3-0.csv:line 387422,https://www.shadowdocketdata.com/data,OT2023,23A196,,Stay,private_or_individual,uncoded,Stay,United States Court of Appeals for the Fifth Circuit,,,1,2023-10-02,0,Denied,,0,uncoded,,,,uncoded,,uncoded,,"Prefilled from compact Shadow Docket Database v3.0 extract. This denied/non-binary queue is not validation evidence. Application filing date, response request, reasoning, status-quo effect, merits follow-through category, downstream policy status, and repeat filing must be coded or explicitly scoped out before all-application emergency claims. Petitioner: J. Cory Cordova; respondent: Louisiana State University Agricultural and Mechanical College Board of Supervisors, et al."
shadow-docket-v3-0,shadow_docket_database_v3-0.csv:line 387418,https://www.shadowdocketdata.com/data,OT2023,23A96,,Stay,private_or_individual,uncoded,Stay,Supreme Court of Louisiana,,,1,2023-10-02,0,Denied,,0,uncoded,,,,uncoded,,uncoded,,"Prefilled from compact Shadow Docket Database v3.0 extract. This denied/non-binary queue is not validation evidence. Application filing date, response request, reasoning, status-quo effect, merits follow-through category, downstream policy status, and repeat filing must be coded or explicitly scoped out before all-application emergency claims. Petitioner: Henry Klein; respondent: Louisiana Offce of Disciplinary Counsel."
shadow-docket-v3-0,shadow_docket_database_v3-0.csv:line 387419,https://www.shadowdocketdata.com/data,OT2023,23A99,,Stay,private_or_individual,private_or_individual,Stay,Supreme Court of Texas,,,1,2023-10-02,0,Denied,,0,uncoded,,,,uncoded,,uncoded,,"Prefilled from compact Shadow Docket Database v3.0 extract. This denied/non-binary queue is not validation evidence. Application filing date, response request, reasoning, status-quo effect, merits follow-through category, downstream policy status, and repeat filing must be coded or explicitly scoped out before all-application emergency claims. Petitioner: Brigetta D'Olivio; respondent: Hilary Thompson Hutson."
shadow-docket-v3-0,shadow_docket_database_v3-0.csv:line 388806,https://www.shadowdocketdata.com/data,OT2023,23-5740,,Stay,private_or_individual,private_or_individual,Stay,Court of Criminal Appeals of Texas,,,1,2023-10-10,0,Denied,,0,uncoded,,,,uncoded,,uncoded,,"Prefilled from compact Shadow Docket Database v3.0 extract. This denied/non-binary queue is not validation evidence. Application filing date, response request, reasoning, status-quo effect, merits follow-through category, downstream policy status, and repeat filing must be coded or explicitly scoped out before all-application emergency claims. Petitioner: Jedidiah Isaac Murphy; respondent: Texas."
shadow-docket-v3-0,shadow_docket_database_v3-0.csv:line 388599,https://www.shadowdocketdata.com/data,OT2023,23A139,,Injunction,private_or_individual,uncoded,Injunction,United States Court of Appeals for the Fourth Circuit,,,1,2023-10-10,0,Denied,,0,uncoded,,,,uncoded,,uncoded,,"Prefilled from compact Shadow Docket Database v3.0 extract. This denied/non-binary queue is not validation evidence. Application filing date, response request, reasoning, status-quo effect, merits follow-through category, downstream policy status, and repeat filing must be coded or explicitly scoped out before all-application emergency claims. Petitioner: Siddhanth Sharma; respondent: Damon Circosta, Chair, North Carolina State Board of Elections, et al."
shadow-docket-v3-0,shadow_docket_database_v3-0.csv:line 388598,https://www.shadowdocketdata.com/data,OT2023,23A16,,Stay,private_or_individual,uncoded,Stay,United States Court of Appeals for the First Circuit,,,1,2023-10-10,0,Denied,,0,uncoded,,,,uncoded,,uncoded,,"Prefilled from compact Shadow Docket Database v3.0 extract. This denied/non-binary queue is not validation evidence. Application filing date, response request, reasoning, status-quo effect, merits follow-through category, downstream policy status, and repeat filing must be coded or explicitly scoped out before all-application emergency claims. Petitioner: Thomas Stalcup; respondent: Department of Defense."
shadow-docket-v3-0,shadow_docket_database_v3-0.csv:line 388602,https://www.shadowdocketdata.com/data,OT2023,23A210,,Injunction,private_or_individual,uncoded,Injunction,United States Court of Appeals for the Seventh Circuit,,,1,2023-10-10,0,Denied,,0,uncoded,,,,uncoded,,uncoded,,"Prefilled from compact Shadow Docket Database v3.0 extract. This denied/non-binary queue is not validation evidence. Application filing date, response request, reasoning, status-quo effect, merits follow-through category, downstream policy status, and repeat filing must be coded or explicitly scoped out before all-application emergency claims. Petitioner: Mark Bochra; respondent: Department of Education, et al."
shadow-docket-v3-0,shadow_docket_database_v3-0.csv:line 388603,https://www.shadowdocketdata.com/data,OT2023,23A230,,Stay,private_or_individual,uncoded,Stay,United States Court of Appeals for the Second Circuit,,,1,2023-10-10,0,Denied,,0,uncoded,,,,uncoded,,uncoded,,"Prefilled from compact Shadow Docket Database v3.0 extract. This denied/non-binary queue is not validation evidence. Application filing date, response request, reasoning, status-quo effect, merits follow-through category, downstream policy status, and repeat filing must be coded or explicitly scoped out before all-application emergency claims. Petitioner: Nadine Gazzola, et al.; respondent: Kathleen Hochul, Governor of New York, et al."
shadow-docket-v3-0,shadow_docket_database_v3-0.csv:line 389007,https://www.shadowdocketdata.com/data,OT2023,23A281,,Stay,private_or_individual,private_or_individual,Stay,United States Court of Appeals for the Fifth Circuit,,,1,2023-10-19,0,Denied,,0,uncoded,,,,uncoded,,uncoded,,"Prefilled from compact Shadow Docket Database v3.0 extract. This denied/non-binary queue is not validation evidence. Application filing date, response request, reasoning, status-quo effect, merits follow-through category, downstream policy status, and repeat filing must be coded or explicitly scoped out before all-application emergency claims. Petitioner: Press Robinson, et al.; respondent: Kyle Ardoin, Louisiana Secretary of State, et al."
shadow-docket-v3-0,shadow_docket_database_v3-0.csv:line 389008,https://www.shadowdocketdata.com/data,OT2023,23A282,,Stay,private_or_individual,private_or_individual,Stay,United States Court of Appeals for the Fifth Circuit,,,1,2023-10-19,0,Denied,,0,uncoded,,,,uncoded,,uncoded,,"Prefilled from compact Shadow Docket Database v3.0 extract. This denied/non-binary queue is not validation evidence. Application filing date, response request, reasoning, status-quo effect, merits follow-through category, downstream policy status, and repeat filing must be coded or explicitly scoped out before all-application emergency claims. Petitioner: Edward Galmon, et al.; respondent: Kyle Ardoin, Louisiana Secretary of State, et al."
shadow-docket-v3-0,shadow_docket_database_v3-0.csv:line 389012,https://www.shadowdocketdata.com/data,OT2023,23A296,,Stay,private_or_individual,government,Stay,United States Court of Appeals for the Eighth Circuit,,,1,2023-10-20,0,Denied,,1,uncoded,,,,uncoded,,uncoded,,"Prefilled from compact Shadow Docket Database v3.0 extract. This denied/non-binary queue is not validation evidence. Application filing date, response request, reasoning, status-quo effect, merits follow-through category, downstream policy status, and repeat filing must be coded or explicitly scoped out before all-application emergency claims. Petitioner: Missouri, et al.; respondent: United States."
shadow-docket-v3-0,shadow_docket_database_v3-0.csv:line 389027,https://www.shadowdocketdata.com/data,OT2023,23A315,,Stay,private_or_individual,government,Stay,United States Court of Appeals for the District of Columbia Circuit,,,1,2023-10-25,0,Denied,,0,uncoded,,,,uncoded,,uncoded,,"Prefilled from compact Shadow Docket Database v3.0 extract. This denied/non-binary queue is not validation evidence. Application filing date, response request, reasoning, status-quo effect, merits follow-through category, downstream policy status, and repeat filing must be coded or explicitly scoped out before all-application emergency claims. Petitioner: West Flagler Associates, Ltd., et al.; respondent: Debra Haaland, Secretary of the Interior, et al."
shadow-docket-v3-0,shadow_docket_database_v3-0.csv:line 389028,https://www.shadowdocketdata.com/data,OT2023,23A315,,Vacate,private_or_individual,government,Vacate,United States Court of Appeals for the District of Columbia Circuit,,,1,2023-10-25,NA,NA,,0,uncoded,,,,uncoded,,uncoded,,"Prefilled from compact Shadow Docket Database v3.0 extract. This denied/non-binary queue is not validation evidence. Application filing date, response request, reasoning, status-quo effect, merits follow-through category, downstream policy status, and repeat filing must be coded or explicitly scoped out before all-application emergency claims. Petitioner: West Flagler Associates, Ltd., et al.; respondent: Debra Haaland, Secretary of the Interior, et al."
shadow-docket-v3-0,shadow_docket_database_v3-0.csv:line 389044,https://www.shadowdocketdata.com/data,OT2023,23A161,,Injunction,private_or_individual,uncoded,Injunction,United States Court of Appeals for the Ninth Circuit,,,1,2023-10-30,0,Denied,,0,uncoded,,,,uncoded,,uncoded,,"Prefilled from compact Shadow Docket Database v3.0 extract. This denied/non-binary queue is not validation evidence. Application filing date, response request, reasoning, status-quo effect, merits follow-through category, downstream policy status, and repeat filing must be coded or explicitly scoped out before all-application emergency claims. Petitioner: Dorothy Elizabeth Lewis; respondent: Wells Fargo Bank, N."
shadow-docket-v3-0,shadow_docket_database_v3-0.csv:line 389045,https://www.shadowdocketdata.com/data,OT2023,23A185,,Stay,private_or_individual,government,Stay,United States Court of Appeals for the Fourth Circuit,,,1,2023-10-30,0,Denied,,0,uncoded,,,,uncoded,,uncoded,,"Prefilled from compact Shadow Docket Database v3.0 extract. This denied/non-binary queue is not validation evidence. Application filing date, response request, reasoning, status-quo effect, merits follow-through category, downstream policy status, and repeat filing must be coded or explicitly scoped out before all-application emergency claims. Petitioner: Anthony Andrews; respondent: United States."
shadow-docket-v3-0,shadow_docket_database_v3-0.csv:line 389046,https://www.shadowdocketdata.com/data,OT2023,23A242,,Stay,private_or_individual,uncoded,Stay,"Appellate Division, Supreme Court of New York, Second Judicial Department",,,1,2023-10-30,0,Denied,,0,uncoded,,,,uncoded,,uncoded,,"Prefilled from compact Shadow Docket Database v3.0 extract. This denied/non-binary queue is not validation evidence. Application filing date, response request, reasoning, status-quo effect, merits follow-through category, downstream policy status, and repeat filing must be coded or explicitly scoped out before all-application emergency claims. Petitioner: Michael Parietti; respondent: Ed Day, et al."
shadow-docket-v3-0,shadow_docket_database_v3-0.csv:line 389509,https://www.shadowdocketdata.com/data,OT2023,23A364,,Stay,private_or_individual,private_or_individual,Stay,"38th Judicial District Court of Louisiana, Cameron Parish",,,1,2023-11-07,0,Denied,,0,uncoded,,,,uncoded,,uncoded,,"Prefilled from compact Shadow Docket Database v3.0 extract. This denied/non-binary queue is not validation evidence. Application filing date, response request, reasoning, status-quo effect, merits follow-through category, downstream policy status, and repeat filing must be coded or explicitly scoped out before all-application emergency claims. Petitioner: BP America Production Company, et al.; respondent: Parish of Cameron, Louisiana, et al."
shadow-docket-v3-0,shadow_docket_database_v3-0.csv:line 389694,https://www.shadowdocketdata.com/data,OT2023,23-471,,Stay,private_or_individual,uncoded,Stay,Supreme Court of Alabama,,,1,2023-11-16,0,Denied,,0,uncoded,,,,uncoded,,uncoded,,"Prefilled from compact Shadow Docket Database v3.0 extract. This denied/non-binary queue is not validation evidence. Application filing date, response request, reasoning, status-quo effect, merits follow-through category, downstream policy status, and repeat filing must be coded or explicitly scoped out before all-application emergency claims. Petitioner: Casey A. McWhorter; respondent: Alabama."
shadow-docket-v3-0,shadow_docket_database_v3-0.csv:line 389696,https://www.shadowdocketdata.com/data,OT2023,23-503,,Stay,private_or_individual,uncoded,Stay,Supreme Court of Alabama,,,1,2023-11-16,0,Denied,,0,uncoded,,,,uncoded,,uncoded,,"Prefilled from compact Shadow Docket Database v3.0 extract. This denied/non-binary queue is not validation evidence. Application filing date, response request, reasoning, status-quo effect, merits follow-through category, downstream policy status, and repeat filing must be coded or explicitly scoped out before all-application emergency claims. Petitioner: Casey A. McWhorter; respondent: Alabama."
shadow-docket-v3-0,shadow_docket_database_v3-0.csv:line 389698,https://www.shadowdocketdata.com/data,OT2023,23-6003,,Stay,private_or_individual,private_or_individual,Stay,United States Court of Appeals for the Fifth Circuit,,,1,2023-11-16,0,Denied,,0,uncoded,,,,uncoded,,uncoded,,"Prefilled from compact Shadow Docket Database v3.0 extract. This denied/non-binary queue is not validation evidence. Application filing date, response request, reasoning, status-quo effect, merits follow-through category, downstream policy status, and repeat filing must be coded or explicitly scoped out before all-application emergency claims. Petitioner: David Santiago Renteria; respondent: Bobby Lumpkin, Director, Texas Department of Criminal Justice, Cor–rection Institutions Division, et al."
shadow-docket-v3-0,shadow_docket_database_v3-0.csv:line 389700,https://www.shadowdocketdata.com/data,OT2023,23-6036,,Stay,private_or_individual,private_or_individual,Stay,Court of Criminal Appeals of Texas,,,1,2023-11-16,0,Denied,,0,uncoded,,,,uncoded,,uncoded,,"Prefilled from compact Shadow Docket Database v3.0 extract. This denied/non-binary queue is not validation evidence. Application filing date, response request, reasoning, status-quo effect, merits follow-through category, downstream policy status, and repeat filing must be coded or explicitly scoped out before all-application emergency claims. Petitioner: David Santiago Renteria; respondent: Texas."
shadow-docket-v3-0,shadow_docket_database_v3-0.csv:line 389693,https://www.shadowdocketdata.com/data,OT2023,23A366,,Stay,private_or_individual,private_or_individual,Stay,United States Court of Appeals for the Eleventh Circuit,,,1,2023-11-16,0,Denied,,1,uncoded,,,,uncoded,,uncoded,,"Prefilled from compact Shadow Docket Database v3.0 extract. This denied/non-binary queue is not validation evidence. Application filing date, response request, reasoning, status-quo effect, merits follow-through category, downstream policy status, and repeat filing must be coded or explicitly scoped out before all-application emergency claims. Petitioner: Melanie Griffn, Secretary of the Florida Department of Business and Professional Regulation; respondent: HM FloridaORL, LLC."
shadow-docket-v3-0,shadow_docket_database_v3-0.csv:line 389930,https://www.shadowdocketdata.com/data,OT2023,23A452,,Stay,private_or_individual,government,Stay,United States Court of Appeals for the Ninth Circuit,,,1,2023-11-27,0,Denied,,0,uncoded,,,,uncoded,,uncoded,,"Prefilled from compact Shadow Docket Database v3.0 extract. This denied/non-binary queue is not validation evidence. Application filing date, response request, reasoning, status-quo effect, merits follow-through category, downstream policy status, and repeat filing must be coded or explicitly scoped out before all-application emergency claims. Petitioner: Ben Toma, et al.; respondent: United States District Court for the District of Arizona."
shadow-docket-v3-0,shadow_docket_database_v3-0.csv:line 390029,https://www.shadowdocketdata.com/data,OT2023,23A449,,Stay,private_or_individual,private_or_individual,Stay,United States Court of Appeals for the Fifth Circuit,,,1,2023-12-01,NA,Dismissed,,0,uncoded,,,,uncoded,,uncoded,,"Prefilled from compact Shadow Docket Database v3.0 extract. This denied/non-binary queue is not validation evidence. Application filing date, response request, reasoning, status-quo effect, merits follow-through category, downstream policy status, and repeat filing must be coded or explicitly scoped out before all-application emergency claims. Petitioner: Terry Petteway, et al.; respondent: Galveston County, Texas, et al."
shadow-docket-v3-0,shadow_docket_database_v3-0.csv:line 390484,https://www.shadowdocketdata.com/data,OT2023,23A521,,Stay,private_or_individual,private_or_individual,Stay,United States Court of Appeals for the Fifth Circuit,,,1,2023-12-12,0,Denied,,1,uncoded,,,,uncoded,,uncoded,,"Prefilled from compact Shadow Docket Database v3.0 extract. This denied/non-binary queue is not validation evidence. Application filing date, response request, reasoning, status-quo effect, merits follow-through category, downstream policy status, and repeat filing must be coded or explicitly scoped out before all-application emergency claims. Petitioner: Terry Petteway, et al.; respondent: Galveston County, Texas, et al."
shadow-docket-v3-0,shadow_docket_database_v3-0.csv:line 390485,https://www.shadowdocketdata.com/data,OT2023,23A523,,Stay,private_or_individual,private_or_individual,Stay,United States Court of Appeals for the Fifth Circuit,,,1,2023-12-12,0,Denied,,1,uncoded,,,,uncoded,,uncoded,,"Prefilled from compact Shadow Docket Database v3.0 extract. This denied/non-binary queue is not validation evidence. Application filing date, response request, reasoning, status-quo effect, merits follow-through category, downstream policy status, and repeat filing must be coded or explicitly scoped out before all-application emergency claims. Petitioner: Dickinson Bay Area Branch NAACP, et al.; respondent: Galveston County, Texas, et al."
shadow-docket-v3-0,shadow_docket_database_v3-0.csv:line 390510,https://www.shadowdocketdata.com/data,OT2023,23A486,,Injunction,private_or_individual,private_or_individual,Injunction,United States Court of Appeals for the Seventh Circuit,,,1,2023-12-14,0,Denied,,0,uncoded,,,,uncoded,,uncoded,,"Prefilled from compact Shadow Docket Database v3.0 extract. This denied/non-binary queue is not validation evidence. Application filing date, response request, reasoning, status-quo effect, merits follow-through category, downstream policy status, and repeat filing must be coded or explicitly scoped out before all-application emergency claims. Petitioner: National Association for Gun Rights, et al.; respondent: City of Naperville, Illinois, et al."
shadow-docket-v3-0,shadow_docket_database_v3-0.csv:line 390660,https://www.shadowdocketdata.com/data,OT2023,23A419,,Stay,private_or_individual,uncoded,Stay,Court of Appeals of Indiana,,,1,2024-01-08,0,Denied,,0,uncoded,,,,uncoded,,uncoded,,"Prefilled from compact Shadow Docket Database v3.0 extract. This denied/non-binary queue is not validation evidence. Application filing date, response request, reasoning, status-quo effect, merits follow-through category, downstream policy status, and repeat filing must be coded or explicitly scoped out before all-application emergency claims. Petitioner: Anita Bryant; respondent: Delaware County Treasurer, et al."
shadow-docket-v3-0,shadow_docket_database_v3-0.csv:line 390661,https://www.shadowdocketdata.com/data,OT2023,23A468,,Stay,private_or_individual,uncoded,Stay,United States Court of Appeals for the Eleventh Circuit,,,1,2024-01-08,0,Denied,,0,uncoded,,,,uncoded,,uncoded,,"Prefilled from compact Shadow Docket Database v3.0 extract. This denied/non-binary queue is not validation evidence. Application filing date, response request, reasoning, status-quo effect, merits follow-through category, downstream policy status, and repeat filing must be coded or explicitly scoped out before all-application emergency claims. Petitioner: Deirdre Baker; respondent: JEA."
shadow-docket-v3-0,shadow_docket_database_v3-0.csv:line 390662,https://www.shadowdocketdata.com/data,OT2023,23A489,,Stay,private_or_individual,government,Stay,United States Court of Appeals for the Fourth Circuit,,,1,2024-01-08,0,Denied,,0,uncoded,,,,uncoded,,uncoded,,"Prefilled from compact Shadow Docket Database v3.0 extract. This denied/non-binary queue is not validation evidence. Application filing date, response request, reasoning, status-quo effect, merits follow-through category, downstream policy status, and repeat filing must be coded or explicitly scoped out before all-application emergency claims. Petitioner: Martin Akerman; respondent: General Daniel Hokanson, Chief, National Guard Bureau, et al."
shadow-docket-v3-0,shadow_docket_database_v3-0.csv:line 391367,https://www.shadowdocketdata.com/data,OT2023,23A641,,Stay,private_or_individual,private_or_individual,Stay,United States District Court for the Western District of Michigan,,,1,2024-01-22,0,Denied,,0,uncoded,,,,uncoded,,uncoded,,"Prefilled from compact Shadow Docket Database v3.0 extract. This denied/non-binary queue is not validation evidence. Application filing date, response request, reasoning, status-quo effect, merits follow-through category, downstream policy status, and repeat filing must be coded or explicitly scoped out before all-application emergency claims. Petitioner: Michigan Independent Citizens Redistricting Commission, et al.; respondent: Donald Agee Jr."
shadow-docket-v3-0,shadow_docket_database_v3-0.csv:line 391527,https://www.shadowdocketdata.com/data,OT2023,23-6562,,Stay,private_or_individual,uncoded,Stay,United States Court of Appeals for the Eleventh Circuit,,,1,2024-01-25,0,Denied,,1,uncoded,,,,uncoded,,uncoded,,"Prefilled from compact Shadow Docket Database v3.0 extract. This denied/non-binary queue is not validation evidence. Application filing date, response request, reasoning, status-quo effect, merits follow-through category, downstream policy status, and repeat filing must be coded or explicitly scoped out before all-application emergency claims. Petitioner: Kenneth Eugene Smith; respondent: John Q. Hamm, Commissioner, Alabama Department of Corrections, et al."
shadow-docket-v3-0,shadow_docket_database_v3-0.csv:line 391528,https://www.shadowdocketdata.com/data,OT2023,23-6562,,Stay,private_or_individual,uncoded,Stay,United States Court of Appeals for the Eleventh Circuit,,,1,2024-01-25,0,Denied,,1,uncoded,,,,uncoded,,uncoded,,"Prefilled from compact Shadow Docket Database v3.0 extract. This denied/non-binary queue is not validation evidence. Application filing date, response request, reasoning, status-quo effect, merits follow-through category, downstream policy status, and repeat filing must be coded or explicitly scoped out before all-application emergency claims. Petitioner: Kenneth Eugene Smith; respondent: John Q. Hamm, Commissioner, Alabama Department of Corrections, et al."
shadow-docket-v3-0,shadow_docket_database_v3-0.csv:line 391556,https://www.shadowdocketdata.com/data,OT2023,23A696,,Injunction,private_or_individual,government,Injunction,United States District Court for the Southern District of New York,,,1,2024-02-02,0,Denied,,0,uncoded,,,,uncoded,,uncoded,,"Prefilled from compact Shadow Docket Database v3.0 extract. This denied/non-binary queue is not validation evidence. Application filing date, response request, reasoning, status-quo effect, merits follow-through category, downstream policy status, and repeat filing must be coded or explicitly scoped out before all-application emergency claims. Petitioner: Students for Fair Admissions, Inc. Applicant; respondent: United States Military Academy at West Point, et al."
shadow-docket-v3-0,shadow_docket_database_v3-0.csv:line 392212,https://www.shadowdocketdata.com/data,OT2023,23A741,,Stay,private_or_individual,private_or_individual,Stay,United States Court of Appeals for the Third Circuit,,,1,2024-02-22,0,Denied,,0,uncoded,,,,uncoded,,uncoded,,"Prefilled from compact Shadow Docket Database v3.0 extract. This denied/non-binary queue is not validation evidence. Application filing date, response request, reasoning, status-quo effect, merits follow-through category, downstream policy status, and repeat filing must be coded or explicitly scoped out before all-application emergency claims. Petitioner: Lujan Claimants, et al.; respondent: Boy Scouts of America, et al."
shadow-docket-v3-0,shadow_docket_database_v3-0.csv:line 392213,https://www.shadowdocketdata.com/data,OT2023,23A741,,Vacate,private_or_individual,private_or_individual,Vacate,United States Court of Appeals for the Third Circuit,,,1,2024-02-22,NA,NA,,0,uncoded,,,,uncoded,,uncoded,,"Prefilled from compact Shadow Docket Database v3.0 extract. This denied/non-binary queue is not validation evidence. Application filing date, response request, reasoning, status-quo effect, merits follow-through category, downstream policy status, and repeat filing must be coded or explicitly scoped out before all-application emergency claims. Petitioner: Lujan Claimants, et al.; respondent: Boy Scouts of America, et al."
shadow-docket-v3-0,shadow_docket_database_v3-0.csv:line 392426,https://www.shadowdocketdata.com/data,OT2023,23-6791,,Stay,private_or_individual,private_or_individual,Stay,Supreme Court of Idaho,,,1,2024-02-28,0,Denied,,0,uncoded,,,,uncoded,,uncoded,,"Prefilled from compact Shadow Docket Database v3.0 extract. This denied/non-binary queue is not validation evidence. Application filing date, response request, reasoning, status-quo effect, merits follow-through category, downstream policy status, and repeat filing must be coded or explicitly scoped out before all-application emergency claims. Petitioner: Thomas Eugene Creech; respondent: Idaho."
shadow-docket-v3-0,shadow_docket_database_v3-0.csv:line 392428,https://www.shadowdocketdata.com/data,OT2023,23-6830,,Stay,private_or_individual,private_or_individual,Stay,United States Court of Appeals for the Ninth Circuit,,,1,2024-02-28,0,Denied,,0,uncoded,,,,uncoded,,uncoded,,"Prefilled from compact Shadow Docket Database v3.0 extract. This denied/non-binary queue is not validation evidence. Application filing date, response request, reasoning, status-quo effect, merits follow-through category, downstream policy status, and repeat filing must be coded or explicitly scoped out before all-application emergency claims. Petitioner: Thomas E. Creech; respondent: Josh Tewalt, Director, Idaho Department of Correction, et al."
shadow-docket-v3-0,shadow_docket_database_v3-0.csv:line 392430,https://www.shadowdocketdata.com/data,OT2023,23-6831,,Stay,private_or_individual,private_or_individual,Stay,United States Court of Appeals for the Ninth Circuit,,,1,2024-02-28,0,Denied,,0,uncoded,,,,uncoded,,uncoded,,"Prefilled from compact Shadow Docket Database v3.0 extract. This denied/non-binary queue is not validation evidence. Application filing date, response request, reasoning, status-quo effect, merits follow-through category, downstream policy status, and repeat filing must be coded or explicitly scoped out before all-application emergency claims. Petitioner: Thomas E. Creech; respondent: Idaho Commission of Pardons and Parole, et al."
shadow-docket-v3-0,shadow_docket_database_v3-0.csv:line 392481,https://www.shadowdocketdata.com/data,OT2023,23A701,,Stay,private_or_individual,government,Stay,United States Court of Appeals for the Federal Circuit,,,1,2024-03-04,0,Denied,,0,uncoded,,,,uncoded,,uncoded,,"Prefilled from compact Shadow Docket Database v3.0 extract. This denied/non-binary queue is not validation evidence. Application filing date, response request, reasoning, status-quo effect, merits follow-through category, downstream policy status, and repeat filing must be coded or explicitly scoped out before all-application emergency claims. Petitioner: Martin Akerman; respondent: Merit Systems Protection Board."
shadow-docket-v3-0,shadow_docket_database_v3-0.csv:line 392673,https://www.shadowdocketdata.com/data,OT2023,23A820,,Injunction,private_or_individual,private_or_individual,Injunction,United States Court of Appeals for the Fifth Circuit,,,1,2024-03-15,0,Denied,,0,uncoded,,,,uncoded,,uncoded,,"Prefilled from compact Shadow Docket Database v3.0 extract. This denied/non-binary queue is not validation evidence. Application filing date, response request, reasoning, status-quo effect, merits follow-through category, downstream policy status, and repeat filing must be coded or explicitly scoped out before all-application emergency claims. Petitioner: Spectrum WT, et al.; respondent: Walter Wendler, et al."
shadow-docket-v3-0,shadow_docket_database_v3-0.csv:line 392703,https://www.shadowdocketdata.com/data,OT2023,23A718,,Injunction,private_or_individual,uncoded,Injunction,United States Court of Appeals for the Ninth Circuit,,,1,2024-03-18,0,Denied,,0,uncoded,,,,uncoded,,uncoded,,"Prefilled from compact Shadow Docket Database v3.0 extract. This denied/non-binary queue is not validation evidence. Application filing date, response request, reasoning, status-quo effect, merits follow-through category, downstream policy status, and repeat filing must be coded or explicitly scoped out before all-application emergency claims. Petitioner: Coronavirus Reporter, et al.; respondent: Apple, Inc."
shadow-docket-v3-0,shadow_docket_database_v3-0.csv:line 392935,https://www.shadowdocketdata.com/data,OT2023,23A814,,Stay,government,private_or_individual,Stay,United States Court of Appeals for the Fifth Circuit,,,1,2024-03-19,0,Denied,,1,uncoded,,,,uncoded,,uncoded,,"Prefilled from compact Shadow Docket Database v3.0 extract. This denied/non-binary queue is not validation evidence. Application filing date, response request, reasoning, status-quo effect, merits follow-through category, downstream policy status, and repeat filing must be coded or explicitly scoped out before all-application emergency claims. Petitioner: United States; respondent: Texas, et al."
shadow-docket-v3-0,shadow_docket_database_v3-0.csv:line 392960,https://www.shadowdocketdata.com/data,OT2023,23A814,,Vacate,government,private_or_individual,Vacate,United States Court of Appeals for the Fifth Circuit,,,1,2024-03-19,NA,NA,,1,uncoded,,,,uncoded,,uncoded,,"Prefilled from compact Shadow Docket Database v3.0 extract. This denied/non-binary queue is not validation evidence. Application filing date, response request, reasoning, status-quo effect, merits follow-through category, downstream policy status, and repeat filing must be coded or explicitly scoped out before all-application emergency claims. Petitioner: United States; respondent: Texas, et al."
shadow-docket-v3-0,shadow_docket_database_v3-0.csv:line 392936,https://www.shadowdocketdata.com/data,OT2023,23A815,,Stay,private_or_individual,private_or_individual,Stay,United States Court of Appeals for the Fifth Circuit,,,1,2024-03-19,0,Denied,,1,uncoded,,,,uncoded,,uncoded,,"Prefilled from compact Shadow Docket Database v3.0 extract. This denied/non-binary queue is not validation evidence. Application filing date, response request, reasoning, status-quo effect, merits follow-through category, downstream policy status, and repeat filing must be coded or explicitly scoped out before all-application emergency claims. Petitioner: Las Americas Immigrant Advocacy Center, et al.; respondent: Steven McCraw, Director, Texas Department of Public TUESD AY,  451 Safety, et al."
shadow-docket-v3-0,shadow_docket_database_v3-0.csv:line 392961,https://www.shadowdocketdata.com/data,OT2023,23A815,,Vacate,private_or_individual,private_or_individual,Vacate,United States Court of Appeals for the Fifth Circuit,,,1,2024-03-19,NA,NA,,1,uncoded,,,,uncoded,,uncoded,,"Prefilled from compact Shadow Docket Database v3.0 extract. This denied/non-binary queue is not validation evidence. Application filing date, response request, reasoning, status-quo effect, merits follow-through category, downstream policy status, and repeat filing must be coded or explicitly scoped out before all-application emergency claims. Petitioner: Las Americas Immigrant Advocacy Center, et al.; respondent: Steven McCraw, Director, Texas Department of Public TUESD AY,  451 Safety, et al."
shadow-docket-v3-0,shadow_docket_database_v3-0.csv:line 392964,https://www.shadowdocketdata.com/data,OT2023,23-7041,,Stay,private_or_individual,private_or_individual,Stay,United States Court of Appeals for the Eleventh Circuit,,,1,2024-03-20,0,Denied,,0,uncoded,,,,uncoded,,uncoded,,"Prefilled from compact Shadow Docket Database v3.0 extract. This denied/non-binary queue is not validation evidence. Application filing date, response request, reasoning, status-quo effect, merits follow-through category, downstream policy status, and repeat filing must be coded or explicitly scoped out before all-application emergency claims. Petitioner: Willie James Pye; respondent: Tyrone Oliver, Commissioner, Georgia Department of Corrections, et al."
shadow-docket-v3-0,shadow_docket_database_v3-0.csv:line 392966,https://www.shadowdocketdata.com/data,OT2023,23-7042,,Stay,private_or_individual,private_or_individual,Stay,Supreme Court of Georgia,,,1,2024-03-20,0,Denied,,0,uncoded,,,,uncoded,,uncoded,,"Prefilled from compact Shadow Docket Database v3.0 extract. This denied/non-binary queue is not validation evidence. Application filing date, response request, reasoning, status-quo effect, merits follow-through category, downstream policy status, and repeat filing must be coded or explicitly scoped out before all-application emergency claims. Petitioner: Willie James Pye; respondent: Shawn Emmons, Warden."
shadow-docket-v3-0,shadow_docket_database_v3-0.csv:line 393185,https://www.shadowdocketdata.com/data,OT2023,23A802,,Stay,private_or_individual,uncoded,Stay,Supreme Court of Illinois,,,1,2024-04-01,0,Denied,,0,uncoded,,,,uncoded,,uncoded,,"Prefilled from compact Shadow Docket Database v3.0 extract. This denied/non-binary queue is not validation evidence. Application filing date, response request, reasoning, status-quo effect, merits follow-through category, downstream policy status, and repeat filing must be coded or explicitly scoped out before all-application emergency claims. Petitioner: Raj G. Shekar; respondent: Illinois."
shadow-docket-v3-0,shadow_docket_database_v3-0.csv:line 393303,https://www.shadowdocketdata.com/data,OT2023,23-7136,,Stay,private_or_individual,private_or_individual,Stay,Court of Criminal Appeals of Oklahoma,,,1,2024-04-02,0,Denied,,0,uncoded,,,,uncoded,,uncoded,,"Prefilled from compact Shadow Docket Database v3.0 extract. This denied/non-binary queue is not validation evidence. Application filing date, response request, reasoning, status-quo effect, merits follow-through category, downstream policy status, and repeat filing must be coded or explicitly scoped out before all-application emergency claims. Petitioner: Michael Dewayne Smith; respondent: Oklahoma."
shadow-docket-v3-0,shadow_docket_database_v3-0.csv:line 393302,https://www.shadowdocketdata.com/data,OT2023,23A862,,Stay,private_or_individual,private_or_individual,Stay,United States Court of Appeals for the Ninth Circuit,,,1,2024-04-02,0,Denied,,0,uncoded,,,,uncoded,,uncoded,,"Prefilled from compact Shadow Docket Database v3.0 extract. This denied/non-binary queue is not validation evidence. Application filing date, response request, reasoning, status-quo effect, merits follow-through category, downstream policy status, and repeat filing must be coded or explicitly scoped out before all-application emergency claims. Petitioner: Jose A. Trevino, et al.; respondent: Susan Soto Palmer, et al."
shadow-docket-v3-0,shadow_docket_database_v3-0.csv:line 393322,https://www.shadowdocketdata.com/data,OT2023,23-7119,,Stay,private_or_individual,private_or_individual,Stay,Supreme Court of Missouri,,,1,2024-04-09,0,Denied,,0,uncoded,,,,uncoded,,uncoded,,"Prefilled from compact Shadow Docket Database v3.0 extract. This denied/non-binary queue is not validation evidence. Application filing date, response request, reasoning, status-quo effect, merits follow-through category, downstream policy status, and repeat filing must be coded or explicitly scoped out before all-application emergency claims. Petitioner: Brian J. Dorsey; respondent: David Vandergriff, Warden."
shadow-docket-v3-0,shadow_docket_database_v3-0.csv:line 393324,https://www.shadowdocketdata.com/data,OT2023,23-7153,,Stay,private_or_individual,private_or_individual,Stay,Supreme Court of Missouri,,,1,2024-04-09,0,Denied,,0,uncoded,,,,uncoded,,uncoded,,"Prefilled from compact Shadow Docket Database v3.0 extract. This denied/non-binary queue is not validation evidence. Application filing date, response request, reasoning, status-quo effect, merits follow-through category, downstream policy status, and repeat filing must be coded or explicitly scoped out before all-application emergency claims. Petitioner: Brian J. Dorsey; respondent: David Vandergriff, Warden."
shadow-docket-v3-0,shadow_docket_database_v3-0.csv:line 393419,https://www.shadowdocketdata.com/data,OT2023,23A829,,Injunction,private_or_individual,uncoded,Injunction,United States Court of Appeals for the Eighth Circuit,,,1,2024-04-15,0,Denied,,0,uncoded,,,,uncoded,,uncoded,,"Prefilled from compact Shadow Docket Database v3.0 extract. This denied/non-binary queue is not validation evidence. Application filing date, response request, reasoning, status-quo effect, merits follow-through category, downstream policy status, and repeat filing must be coded or explicitly scoped out before all-application emergency claims. Petitioner: Joseph Daryll Rued, et al.; respondent: Charlene W."
shadow-docket-v3-0,shadow_docket_database_v3-0.csv:line 394086,https://www.shadowdocketdata.com/data,OT2023,23A925,,Stay,private_or_individual,private_or_individual,Stay,United States Court of Appeals for the Fifth Circuit,,,1,2024-04-30,0,Denied,,0,uncoded,,,,uncoded,,uncoded,,"Prefilled from compact Shadow Docket Database v3.0 extract. This denied/non-binary queue is not validation evidence. Application filing date, response request, reasoning, status-quo effect, merits follow-through category, downstream policy status, and repeat filing must be coded or explicitly scoped out before all-application emergency claims. Petitioner: Free Speech Coalition, et al.; respondent: Ken Paxton, Attorney General of Texas."
shadow-docket-v3-0,shadow_docket_database_v3-0.csv:line 394440,https://www.shadowdocketdata.com/data,OT2023,23A781,,Injunction,private_or_individual,uncoded,Injunction,United States Court of Appeals for the Fourth Circuit,,,1,2024-05-20,0,Denied,,0,uncoded,,,,uncoded,,uncoded,,"Prefilled from compact Shadow Docket Database v3.0 extract. This denied/non-binary queue is not validation evidence. Application filing date, response request, reasoning, status-quo effect, merits follow-through category, downstream policy status, and repeat filing must be coded or explicitly scoped out before all-application emergency claims. Petitioner: Lawrence L. Crawford; respondent: Warden of Lieber Correctional Institution."
shadow-docket-v3-0,shadow_docket_database_v3-0.csv:line 394441,https://www.shadowdocketdata.com/data,OT2023,23A870,,Stay,private_or_individual,private_or_individual,Stay,United States Court of Appeals for the Second Circuit,,,1,2024-05-20,0,Denied,,0,uncoded,,,,uncoded,,uncoded,,"Prefilled from compact Shadow Docket Database v3.0 extract. This denied/non-binary queue is not validation evidence. Application filing date, response request, reasoning, status-quo effect, merits follow-through category, downstream policy status, and repeat filing must be coded or explicitly scoped out before all-application emergency claims. Petitioner: Joseph Srour; respondent: City of New York, New York, et al."
shadow-docket-v3-0,shadow_docket_database_v3-0.csv:line 394442,https://www.shadowdocketdata.com/data,OT2023,23A871,,Stay,private_or_individual,uncoded,Stay,Supreme Court of Illinois,,,1,2024-05-20,0,Denied,,0,uncoded,,,,uncoded,,uncoded,,"Prefilled from compact Shadow Docket Database v3.0 extract. This denied/non-binary queue is not validation evidence. Application filing date, response request, reasoning, status-quo effect, merits follow-through category, downstream policy status, and repeat filing must be coded or explicitly scoped out before all-application emergency claims. Petitioner: Pushpa Shekar; respondent: PHH Mortgage Group."
shadow-docket-v3-0,shadow_docket_database_v3-0.csv:line 394443,https://www.shadowdocketdata.com/data,OT2023,23A901,,Stay,private_or_individual,uncoded,Stay,United States Court of Appeals for the Ninth Circuit,,,1,2024-05-20,0,Denied,,0,uncoded,,,,uncoded,,uncoded,,"Prefilled from compact Shadow Docket Database v3.0 extract. This denied/non-binary queue is not validation evidence. Application filing date, response request, reasoning, status-quo effect, merits follow-through category, downstream policy status, and repeat filing must be coded or explicitly scoped out before all-application emergency claims. Petitioner: Carl Gordon; respondent: Gavin Newsom, Governor of California, et al."
shadow-docket-v3-0,shadow_docket_database_v3-0.csv:line 394618,https://www.shadowdocketdata.com/data,OT2023,23A933,,Injunction,private_or_individual,uncoded,Injunction,United States Court of Appeals for the Ninth Circuit,,,1,2024-05-28,0,Denied,,0,uncoded,,,,uncoded,,uncoded,,"Prefilled from compact Shadow Docket Database v3.0 extract. This denied/non-binary queue is not validation evidence. Application filing date, response request, reasoning, status-quo effect, merits follow-through category, downstream policy status, and repeat filing must be coded or explicitly scoped out before all-application emergency claims. Petitioner: Kurt Benshoof; respondent: Freya Brier, et al."
shadow-docket-v3-0,shadow_docket_database_v3-0.csv:line 394742,https://www.shadowdocketdata.com/data,OT2023,23-7590,,Stay,uncoded,private_or_individual,Stay,United States Court of Appeals for the Eleventh Circuit,,,1,2024-05-30,0,Denied,,0,uncoded,,,,uncoded,,uncoded,,"Prefilled from compact Shadow Docket Database v3.0 extract. This denied/non-binary queue is not validation evidence. Application filing date, response request, reasoning, status-quo effect, merits follow-through category, downstream policy status, and repeat filing must be coded or explicitly scoped out before all-application emergency claims. Petitioner: Jamie Mills; respondent: John Q. Hamm, Commissioner, Alabama Department of Corrections."
shadow-docket-v3-0,shadow_docket_database_v3-0.csv:line 394744,https://www.shadowdocketdata.com/data,OT2023,23-7591,,Stay,uncoded,private_or_individual,Stay,United States Court of Appeals for the Eleventh Circuit,,,1,2024-05-30,0,Denied,,0,uncoded,,,,uncoded,,uncoded,,"Prefilled from compact Shadow Docket Database v3.0 extract. This denied/non-binary queue is not validation evidence. Application filing date, response request, reasoning, status-quo effect, merits follow-through category, downstream policy status, and repeat filing must be coded or explicitly scoped out before all-application emergency claims. Petitioner: Jamie Mills; respondent: John Q. Hamm, Commissioner, Alabama Department of Corrections, et al."
shadow-docket-v3-0,shadow_docket_database_v3-0.csv:line 394796,https://www.shadowdocketdata.com/data,OT2023,23A851,,Stay,private_or_individual,private_or_individual,Stay,United States District Court for the District of South Carolina,,,1,2024-06-03,0,Denied,,0,uncoded,,,,uncoded,,uncoded,,"Prefilled from compact Shadow Docket Database v3.0 extract. This denied/non-binary queue is not validation evidence. Application filing date, response request, reasoning, status-quo effect, merits follow-through category, downstream policy status, and repeat filing must be coded or explicitly scoped out before all-application emergency claims. Petitioner: Thomas C. Alexander, in His Offcial Capacity as President of the South Carolina Senate, et al.; respondent: The South Carolina State Conference of the NAACP, et al."
shadow-docket-v3-0,shadow_docket_database_v3-0.csv:line 395228,https://www.shadowdocketdata.com/data,OT2023,23A1007,,Injunction,private_or_individual,uncoded,Injunction,Supreme Court of Colorado,,,1,2024-06-17,0,Denied,,0,uncoded,,,,uncoded,,uncoded,,"Prefilled from compact Shadow Docket Database v3.0 extract. This denied/non-binary queue is not validation evidence. Application filing date, response request, reasoning, status-quo effect, merits follow-through category, downstream policy status, and repeat filing must be coded or explicitly scoped out before all-application emergency claims. Petitioner: Judy Brannberg; respondent: Colorado Civil Rights Division, et al."
shadow-docket-v3-0,shadow_docket_database_v3-0.csv:line 395548,https://www.shadowdocketdata.com/data,OT2023,23-7791,,Stay,private_or_individual,private_or_individual,Stay,Court of Criminal Appeals of Texas,,,1,2024-06-26,0,Denied,,0,uncoded,,,,uncoded,,uncoded,,"Prefilled from compact Shadow Docket Database v3.0 extract. This denied/non-binary queue is not validation evidence. Application filing date, response request, reasoning, status-quo effect, merits follow-through category, downstream policy status, and repeat filing must be coded or explicitly scoped out before all-application emergency claims. Petitioner: Ramiro F. Gonzales; respondent: Texas."
shadow-docket-v3-0,shadow_docket_database_v3-0.csv:line 395550,https://www.shadowdocketdata.com/data,OT2023,23-7792,,Stay,private_or_individual,private_or_individual,Stay,NA,,,1,2024-06-26,0,Denied,,0,uncoded,,,,uncoded,,uncoded,,"Prefilled from compact Shadow Docket Database v3.0 extract. This denied/non-binary queue is not validation evidence. Application filing date, response request, reasoning, status-quo effect, merits follow-through category, downstream policy status, and repeat filing must be coded or explicitly scoped out before all-application emergency claims. Petitioner: In Re Ramiro Felix Gonzales; respondent: NA."
shadow-docket-v3-0,shadow_docket_database_v3-0.csv:line 395726,https://www.shadowdocketdata.com/data,OT2023,23A1169,,Stay,private_or_individual,private_or_individual,Stay,"Court of Appeals of Texas, Seventh District",,,1,2024-07-16,0,Denied,,0,uncoded,,,,uncoded,,uncoded,,"Prefilled from compact Shadow Docket Database v3.0 extract. This denied/non-binary queue is not validation evidence. Application filing date, response request, reasoning, status-quo effect, merits follow-through category, downstream policy status, and repeat filing must be coded or explicitly scoped out before all-application emergency claims. Petitioner: Torrey Lynne Henderson, Amara Jana Ridge, and Justin Royce Thompson; respondent: Texas."
shadow-docket-v3-0,shadow_docket_database_v3-0.csv:line 395742,https://www.shadowdocketdata.com/data,OT2023,24A60,,Stay,private_or_individual,private_or_individual,Stay,Supreme Court of Alabama,,,1,2024-07-18,0,Denied,,0,uncoded,,,,uncoded,,uncoded,,"Prefilled from compact Shadow Docket Database v3.0 extract. This denied/non-binary queue is not validation evidence. Application filing date, response request, reasoning, status-quo effect, merits follow-through category, downstream policy status, and repeat filing must be coded or explicitly scoped out before all-application emergency claims. Petitioner: Keith Edmund Gavin; respondent: Alabama."
shadow-docket-v3-0,shadow_docket_database_v3-0.csv:line 395851,https://www.shadowdocketdata.com/data,OT2023,24-5221,,Stay,private_or_individual,private_or_individual,Stay,Court of Criminal Appeals of Texas,,,1,2024-08-07,0,Denied,,0,uncoded,,,,uncoded,,uncoded,,"Prefilled from compact Shadow Docket Database v3.0 extract. This denied/non-binary queue is not validation evidence. Application filing date, response request, reasoning, status-quo effect, merits follow-through category, downstream policy status, and repeat filing must be coded or explicitly scoped out before all-application emergency claims. Petitioner: Arthur Lee Burton; respondent: Texas."
shadow-docket-v3-0,shadow_docket_database_v3-0.csv:line 395892,https://www.shadowdocketdata.com/data,OT2023,24A78,,Stay,government,private_or_individual,Stay,United States Court of Appeals for the Fifth Circuit,,,1,2024-08-16,0,Denied,,1,uncoded,,,,uncoded,,uncoded,,"Prefilled from compact Shadow Docket Database v3.0 extract. This denied/non-binary queue is not validation evidence. Application filing date, response request, reasoning, status-quo effect, merits follow-through category, downstream policy status, and repeat filing must be coded or explicitly scoped out before all-application emergency claims. Petitioner: Department of Education, et al.; respondent: Louisiana, et al."
shadow-docket-v3-0,shadow_docket_database_v3-0.csv:line 395893,https://www.shadowdocketdata.com/data,OT2023,24A78,,Stay,government,private_or_individual,Stay,United States Court of Appeals for the Fifth Circuit,,,1,2024-08-16,0,Denied,,1,uncoded,,,,uncoded,,uncoded,,"Prefilled from compact Shadow Docket Database v3.0 extract. This denied/non-binary queue is not validation evidence. Application filing date, response request, reasoning, status-quo effect, merits follow-through category, downstream policy status, and repeat filing must be coded or explicitly scoped out before all-application emergency claims. Petitioner: Department of Education, et al.; respondent: Louisiana, et al."
shadow-docket-v3-0,shadow_docket_database_v3-0.csv:line 395894,https://www.shadowdocketdata.com/data,OT2023,24A79,,Stay,government,private_or_individual,Stay,United States Court of Appeals for the Sixth Circuit,,,1,2024-08-16,0,Denied,,1,uncoded,,,,uncoded,,uncoded,,"Prefilled from compact Shadow Docket Database v3.0 extract. This denied/non-binary queue is not validation evidence. Application filing date, response request, reasoning, status-quo effect, merits follow-through category, downstream policy status, and repeat filing must be coded or explicitly scoped out before all-application emergency claims. Petitioner: Miguel Cardona, Secretary of Education, et al.; respondent: Tennessee, et al."
shadow-docket-v3-0,shadow_docket_database_v3-0.csv:line 395895,https://www.shadowdocketdata.com/data,OT2023,24A79,,Stay,government,private_or_individual,Stay,United States Court of Appeals for the Sixth Circuit,,,1,2024-08-16,0,Denied,,1,uncoded,,,,uncoded,,uncoded,,"Prefilled from compact Shadow Docket Database v3.0 extract. This denied/non-binary queue is not validation evidence. Application filing date, response request, reasoning, status-quo effect, merits follow-through category, downstream policy status, and repeat filing must be coded or explicitly scoped out before all-application emergency claims. Petitioner: Miguel Cardona, Secretary of Education, et al.; respondent: Tennessee, et al."
shadow-docket-v3-0,shadow_docket_database_v3-0.csv:line 395898,https://www.shadowdocketdata.com/data,OT2023,23A1163,,Stay,private_or_individual,uncoded,Stay,United States Court of Appeals for the Second Circuit,,,1,2024-08-19,0,Denied,,0,uncoded,,,,uncoded,,uncoded,,"Prefilled from compact Shadow Docket Database v3.0 extract. This denied/non-binary queue is not validation evidence. Application filing date, response request, reasoning, status-quo effect, merits follow-through category, downstream policy status, and repeat filing must be coded or explicitly scoped out before all-application emergency claims. Petitioner: J. David Golub; respondent: Berdon, LLP."
shadow-docket-v3-0,shadow_docket_database_v3-0.csv:line 395899,https://www.shadowdocketdata.com/data,OT2023,24A29,,Injunction,private_or_individual,uncoded,Injunction,United States District Court for the Southern District of Ohio,,,1,2024-08-19,0,Denied,,0,uncoded,,,,uncoded,,uncoded,,"Prefilled from compact Shadow Docket Database v3.0 extract. This denied/non-binary queue is not validation evidence. Application filing date, response request, reasoning, status-quo effect, merits follow-through category, downstream policy status, and repeat filing must be coded or explicitly scoped out before all-application emergency claims. Petitioner: Rosalind Holmes; respondent: United States, et al."
shadow-docket-v3-0,shadow_docket_database_v3-0.csv:line 395950,https://www.shadowdocketdata.com/data,OT2023,24A164,,Stay,private_or_individual,government,Stay,United States Court of Appeals for the Ninth Circuit,,,1,2024-08-22,NA,Granted/Denied,,1,uncoded,,,,uncoded,,uncoded,,"Prefilled from compact Shadow Docket Database v3.0 extract. This denied/non-binary queue is not validation evidence. Application filing date, response request, reasoning, status-quo effect, merits follow-through category, downstream policy status, and repeat filing must be coded or explicitly scoped out before all-application emergency claims. Petitioner: Republican National Committee, et al.; respondent: Mi Familia Vota, et al."
shadow-docket-v3-0,shadow_docket_database_v3-0.csv:line 395970,https://www.shadowdocketdata.com/data,OT2023,24A11,,Stay,private_or_individual,government,Stay,United States Court of Appeals for the Tenth Circuit,,,1,2024-08-28,0,Denied,,0,uncoded,,,,uncoded,,uncoded,,"Prefilled from compact Shadow Docket Database v3.0 extract. This denied/non-binary queue is not validation evidence. Application filing date, response request, reasoning, status-quo effect, merits follow-through category, downstream policy status, and repeat filing must be coded or explicitly scoped out before all-application emergency claims. Petitioner: Alaska, et al.; respondent: Department of Education, et al."
shadow-docket-v3-0,shadow_docket_database_v3-0.csv:line 395969,https://www.shadowdocketdata.com/data,OT2023,24A173,,Vacate,government,private_or_individual,Vacate,United States Court of Appeals for the Eighth Circuit,,,1,2024-08-28,0,Denied,,0,uncoded,,,,uncoded,,uncoded,,"Prefilled from compact Shadow Docket Database v3.0 extract. This denied/non-binary queue is not validation evidence. Application filing date, response request, reasoning, status-quo effect, merits follow-through category, downstream policy status, and repeat filing must be coded or explicitly scoped out before all-application emergency claims. Petitioner: Joseph R. Biden, Jr., President of the United States, et al.; respondent: Missouri, et al."
shadow-docket-v3-0,shadow_docket_database_v3-0.csv:line 395974,https://www.shadowdocketdata.com/data,OT2023,24-5389,,Stay,private_or_individual,private_or_individual,Stay,Supreme Court of Florida,,,1,2024-08-29,0,Denied,,0,uncoded,,,,uncoded,,uncoded,,"Prefilled from compact Shadow Docket Database v3.0 extract. This denied/non-binary queue is not validation evidence. Application filing date, response request, reasoning, status-quo effect, merits follow-through category, downstream policy status, and repeat filing must be coded or explicitly scoped out before all-application emergency claims. Petitioner: Loran Cole; respondent: Florida."
shadow-docket-v3-0,shadow_docket_database_v3-0.csv:line 395982,https://www.shadowdocketdata.com/data,OT2023,24A146,,Injunction,private_or_individual,government,Injunction,United States Court of Appeals for the Tenth Circuit,,,1,2024-09-03,0,Denied,,1,uncoded,,,,uncoded,,uncoded,,"Prefilled from compact Shadow Docket Database v3.0 extract. This denied/non-binary queue is not validation evidence. Application filing date, response request, reasoning, status-quo effect, merits follow-through category, downstream policy status, and repeat filing must be coded or explicitly scoped out before all-application emergency claims. Petitioner: Oklahoma; respondent: Department of Health and Human Services, et al."
shadow-docket-v3-0,shadow_docket_database_v3-0.csv:line 395981,https://www.shadowdocketdata.com/data,OT2023,24A181,,Stay,private_or_individual,government,Stay,United States Court of Appeals for the District of Columbia Circuit,,,1,2024-09-03,0,Denied,,0,uncoded,,,,uncoded,,uncoded,,"Prefilled from compact Shadow Docket Database v3.0 extract. This denied/non-binary queue is not validation evidence. Application filing date, response request, reasoning, status-quo effect, merits follow-through category, downstream policy status, and repeat filing must be coded or explicitly scoped out before all-application emergency claims. Petitioner: Eghbal Saffarinia; respondent: United States."
shadow-docket-v3-0,shadow_docket_database_v3-0.csv:line 396060,https://www.shadowdocketdata.com/data,OT2023,24-5603,,Stay,private_or_individual,private_or_individual,Stay,United States Court of Appeals for the Fourth Circuit,,,1,2024-09-20,0,Denied,,1,uncoded,,,,uncoded,,uncoded,,"Prefilled from compact Shadow Docket Database v3.0 extract. This denied/non-binary queue is not validation evidence. Application filing date, response request, reasoning, status-quo effect, merits follow-through category, downstream policy status, and repeat filing must be coded or explicitly scoped out before all-application emergency claims. Petitioner: Freddie Owens; respondent: Bryan Stirling, Director South Carolina Department of Corrections, et al."
shadow-docket-v3-0,shadow_docket_database_v3-0.csv:line 396061,https://www.shadowdocketdata.com/data,OT2023,24-5603,,Stay,private_or_individual,private_or_individual,Stay,United States Court of Appeals for the Fourth Circuit,,,1,2024-09-20,0,Denied,,1,uncoded,,,,uncoded,,uncoded,,"Prefilled from compact Shadow Docket Database v3.0 extract. This denied/non-binary queue is not validation evidence. Application filing date, response request, reasoning, status-quo effect, merits follow-through category, downstream policy status, and repeat filing must be coded or explicitly scoped out before all-application emergency claims. Petitioner: Freddie Owens; respondent: Bryan Stirling, Director South Carolina Department of Corrections, et al."
shadow-docket-v3-0,shadow_docket_database_v3-0.csv:line 396059,https://www.shadowdocketdata.com/data,OT2023,24A262,,Vacate,private_or_individual,private_or_individual,Vacate,Supreme Court of Nevada,,,1,2024-09-20,0,Denied,,0,uncoded,,,,uncoded,,uncoded,,"Prefilled from compact Shadow Docket Database v3.0 extract. This denied/non-binary queue is not validation evidence. Application filing date, response request, reasoning, status-quo effect, merits follow-through category, downstream policy status, and repeat filing must be coded or explicitly scoped out before all-application emergency claims. Petitioner: Nevada Green Party; respondent: Francisco Aguilar, Secretary of State of Nevada, et al."
shadow-docket-v3-0,shadow_docket_database_v3-0.csv:line 396068,https://www.shadowdocketdata.com/data,OT2023,24-5561,,Stay,uncoded,private_or_individual,Stay,Supreme Court of Missouri,,,1,2024-09-24,0,Denied,,0,uncoded,,,,uncoded,,uncoded,,"Prefilled from compact Shadow Docket Database v3.0 extract. This denied/non-binary queue is not validation evidence. Application filing date, response request, reasoning, status-quo effect, merits follow-through category, downstream policy status, and repeat filing must be coded or explicitly scoped out before all-application emergency claims. Petitioner: Marcellus Williams; respondent: Missouri, ex rel."
shadow-docket-v3-0,shadow_docket_database_v3-0.csv:line 396070,https://www.shadowdocketdata.com/data,OT2023,24-5606,,Stay,private_or_individual,private_or_individual,Stay,United States Court of Appeals for the Eighth Circuit,,,1,2024-09-24,0,Denied,,0,uncoded,,,,uncoded,,uncoded,,"Prefilled from compact Shadow Docket Database v3.0 extract. This denied/non-binary queue is not validation evidence. Application filing date, response request, reasoning, status-quo effect, merits follow-through category, downstream policy status, and repeat filing must be coded or explicitly scoped out before all-application emergency claims. Petitioner: Marcellus S. Williams; respondent: David Vandergriff, Warden."
shadow-docket-v3-0,shadow_docket_database_v3-0.csv:line 396072,https://www.shadowdocketdata.com/data,OT2023,24-5612,,Stay,private_or_individual,private_or_individual,Stay,Supreme Court of Missouri,,,1,2024-09-24,0,Denied,,1,uncoded,,,,uncoded,,uncoded,,"Prefilled from compact Shadow Docket Database v3.0 extract. This denied/non-binary queue is not validation evidence. Application filing date, response request, reasoning, status-quo effect, merits follow-through category, downstream policy status, and repeat filing must be coded or explicitly scoped out before all-application emergency claims. Petitioner: Prosecuting Attorney, 21st Judicial Circuit, ex rel. Marcellus Williams; respondent: Missouri."
shadow-docket-v3-0,shadow_docket_database_v3-0.csv:line 396073,https://www.shadowdocketdata.com/data,OT2023,24-5612,,Stay,private_or_individual,private_or_individual,Stay,Supreme Court of Missouri,,,1,2024-09-24,0,Denied,,1,uncoded,,,,uncoded,,uncoded,,"Prefilled from compact Shadow Docket Database v3.0 extract. This denied/non-binary queue is not validation evidence. Application filing date, response request, reasoning, status-quo effect, merits follow-through category, downstream policy status, and repeat filing must be coded or explicitly scoped out before all-application emergency claims. Petitioner: Prosecuting Attorney, 21st Judicial Circuit, ex rel. Marcellus Williams; respondent: Missouri."
shadow-docket-v3-0,shadow_docket_database_v3-0.csv:line 396081,https://www.shadowdocketdata.com/data,OT2023,24A285,,Injunction,private_or_individual,private_or_individual,Injunction,United States Court of Appeals for the Second Circuit,,,1,2024-09-27,0,Denied,,0,uncoded,,,,uncoded,,uncoded,,"Prefilled from compact Shadow Docket Database v3.0 extract. This denied/non-binary queue is not validation evidence. Application filing date, response request, reasoning, status-quo effect, merits follow-through category, downstream policy status, and repeat filing must be coded or explicitly scoped out before all-application emergency claims. Petitioner: Team Kennedy, et al.; respondent: Henry Berger, et al."
shadow-docket-v3-0,shadow_docket_database_v3-0.csv:line 396094,https://www.shadowdocketdata.com/data,OT2023,24-5658,,Stay,private_or_individual,private_or_individual,Stay,Court of Criminal Appeals of Texas,,,1,2024-10-01,0,Denied,,0,uncoded,,,,uncoded,,uncoded,,"Prefilled from compact Shadow Docket Database v3.0 extract. This denied/non-binary queue is not validation evidence. Application filing date, response request, reasoning, status-quo effect, merits follow-through category, downstream policy status, and repeat filing must be coded or explicitly scoped out before all-application emergency claims. Petitioner: Garcia Glen White; respondent: Texas."
shadow-docket-v3-0,shadow_docket_database_v3-0.csv:line 396096,https://www.shadowdocketdata.com/data,OT2023,24-5670,,Stay,private_or_individual,private_or_individual,Stay,United States Court of Appeals for the Fifth Circuit,,,1,2024-10-01,0,Denied,,0,uncoded,,,,uncoded,,uncoded,,"Prefilled from compact Shadow Docket Database v3.0 extract. This denied/non-binary queue is not validation evidence. Application filing date, response request, reasoning, status-quo effect, merits follow-through category, downstream policy status, and repeat filing must be coded or explicitly scoped out before all-application emergency claims. Petitioner: Garcia Glenn White; respondent: Bobby Lumpkin, Director, Texas Department of Criminal Justice, Correc–tional Institutions Division."
shadow-docket-v3-0,shadow_docket_database_v3-0.csv:line 396098,https://www.shadowdocketdata.com/data,OT2023,24-5671,,Stay,private_or_individual,private_or_individual,Stay,United States Court of Appeals for the Fifth Circuit,,,1,2024-10-01,0,Denied,,0,uncoded,,,,uncoded,,uncoded,,"Prefilled from compact Shadow Docket Database v3.0 extract. This denied/non-binary queue is not validation evidence. Application filing date, response request, reasoning, status-quo effect, merits follow-through category, downstream policy status, and repeat filing must be coded or explicitly scoped out before all-application emergency claims. Petitioner: Garcia Glenn White; respondent: Bobby Lumpkin, Director, Texas Department of Criminal Justice, Correc–tional Institutions Division."
shadow-docket-v3-0,shadow_docket_database_v3-0.csv:line 396115,https://www.shadowdocketdata.com/data,OT2023,24A178,,Stay,private_or_individual,government,Stay,United States Court of Appeals for the District of Columbia Circuit,,,1,2024-10-04,0,Denied,,0,uncoded,,,,uncoded,,uncoded,,"Prefilled from compact Shadow Docket Database v3.0 extract. This denied/non-binary queue is not validation evidence. Application filing date, response request, reasoning, status-quo effect, merits follow-through category, downstream policy status, and repeat filing must be coded or explicitly scoped out before all-application emergency claims. Petitioner: NACCO Natural Resources Corporation; respondent: Environmental Protection Agency, et al."
shadow-docket-v3-0,shadow_docket_database_v3-0.csv:line 396116,https://www.shadowdocketdata.com/data,OT2023,24A179,,Stay,private_or_individual,government,Stay,United States Court of Appeals for the District of Columbia Circuit,,,1,2024-10-04,0,Denied,,0,uncoded,,,,uncoded,,uncoded,,"Prefilled from compact Shadow Docket Database v3.0 extract. This denied/non-binary queue is not validation evidence. Application filing date, response request, reasoning, status-quo effect, merits follow-through category, downstream policy status, and repeat filing must be coded or explicitly scoped out before all-application emergency claims. Petitioner: Westmoreland Mining Holdings LLC, et al.; respondent: Environmental Protection Agency, et al."
shadow-docket-v3-0,shadow_docket_database_v3-0.csv:line 396117,https://www.shadowdocketdata.com/data,OT2023,24A180,,Stay,private_or_individual,government,Stay,United States Court of Appeals for the District of Columbia Circuit,,,1,2024-10-04,0,Denied,,0,uncoded,,,,uncoded,,uncoded,,"Prefilled from compact Shadow Docket Database v3.0 extract. This denied/non-binary queue is not validation evidence. Application filing date, response request, reasoning, status-quo effect, merits follow-through category, downstream policy status, and repeat filing must be coded or explicitly scoped out before all-application emergency claims. Petitioner: North Dakota, et al.; respondent: Environmental Protection Agency, et al."
shadow-docket-v3-0,shadow_docket_database_v3-0.csv:line 396118,https://www.shadowdocketdata.com/data,OT2023,24A186,,Stay,private_or_individual,government,Stay,United States Court of Appeals for the District of Columbia Circuit,,,1,2024-10-04,0,Denied,,0,uncoded,,,,uncoded,,uncoded,,"Prefilled from compact Shadow Docket Database v3.0 extract. This denied/non-binary queue is not validation evidence. Application filing date, response request, reasoning, status-quo effect, merits follow-through category, downstream policy status, and repeat filing must be coded or explicitly scoped out before all-application emergency claims. Petitioner: Midwest Ozone Group; respondent: Environmental Protection Agency, et al."
shadow-docket-v3-0,shadow_docket_database_v3-0.csv:line 396119,https://www.shadowdocketdata.com/data,OT2023,24A197,,Stay,private_or_individual,government,Stay,United States Court of Appeals for the District of Columbia Circuit,,,1,2024-10-04,0,Denied,,0,uncoded,,,,uncoded,,uncoded,,"Prefilled from compact Shadow Docket Database v3.0 extract. This denied/non-binary queue is not validation evidence. Application filing date, response request, reasoning, status-quo effect, merits follow-through category, downstream policy status, and repeat filing must be coded or explicitly scoped out before all-application emergency claims. Petitioner: Talen Montana, LLC, et al.; respondent: Environmental Protection Agency, et al."
shadow-docket-v3-0,shadow_docket_database_v3-0.csv:line 396120,https://www.shadowdocketdata.com/data,OT2023,24A199,,Stay,private_or_individual,government,Stay,United States Court of Appeals for the District of Columbia Circuit,,,1,2024-10-04,0,Denied,,0,uncoded,,,,uncoded,,uncoded,,"Prefilled from compact Shadow Docket Database v3.0 extract. This denied/non-binary queue is not validation evidence. Application filing date, response request, reasoning, status-quo effect, merits follow-through category, downstream policy status, and repeat filing must be coded or explicitly scoped out before all-application emergency claims. Petitioner: America's Power, et al.; respondent: Environmental Protection Agency, et al."
shadow-docket-v3-0,shadow_docket_database_v3-0.csv:line 396121,https://www.shadowdocketdata.com/data,OT2023,24A203,,Stay,private_or_individual,government,Stay,United States Court of Appeals for the District of Columbia Circuit,,,1,2024-10-04,0,Denied,,0,uncoded,,,,uncoded,,uncoded,,"Prefilled from compact Shadow Docket Database v3.0 extract. This denied/non-binary queue is not validation evidence. Application filing date, response request, reasoning, status-quo effect, merits follow-through category, downstream policy status, and repeat filing must be coded or explicitly scoped out before all-application emergency claims. Petitioner: National Rural Electric Cooperative Association, et al.; respondent: Environmental Protection Agency, et al."
shadow-docket-v3-0,shadow_docket_database_v3-0.csv:line 396122,https://www.shadowdocketdata.com/data,OT2023,24A213,,Stay,private_or_individual,government,Stay,United States Court of Appeals for the District of Columbia Circuit,,,1,2024-10-04,0,Denied,,0,uncoded,,,,uncoded,,uncoded,,"Prefilled from compact Shadow Docket Database v3.0 extract. This denied/non-binary queue is not validation evidence. Application filing date, response request, reasoning, status-quo effect, merits follow-through category, downstream policy status, and repeat filing must be coded or explicitly scoped out before all-application emergency claims. Petitioner: Oklahoma, et al.; respondent: Environmental Protection Agency, et al."
shadow-docket-v3-0,shadow_docket_database_v3-0.csv:line 396123,https://www.shadowdocketdata.com/data,OT2023,24A215,,Stay,private_or_individual,government,Stay,United States Court of Appeals for the District of Columbia Circuit,,,1,2024-10-04,0,Denied,,0,uncoded,,,,uncoded,,uncoded,,"Prefilled from compact Shadow Docket Database v3.0 extract. This denied/non-binary queue is not validation evidence. Application filing date, response request, reasoning, status-quo effect, merits follow-through category, downstream policy status, and repeat filing must be coded or explicitly scoped out before all-application emergency claims. Petitioner: Continental Resources, Inc., et al.; respondent: Environmental Protection Agency, et al."
shadow-docket-v3-0,shadow_docket_database_v3-0.csv:line 396175,https://www.shadowdocketdata.com/data,OT2024,24A107,,Stay,private_or_individual,uncoded,Stay,United States Court of Appeals for the District of Columbia Circuit,,,1,2024-10-07,0,Denied,,0,uncoded,,,,uncoded,,uncoded,,"Prefilled from compact Shadow Docket Database v3.0 extract. This denied/non-binary queue is not validation evidence. Application filing date, response request, reasoning, status-quo effect, merits follow-through category, downstream policy status, and repeat filing must be coded or explicitly scoped out before all-application emergency claims. Petitioner: Jordan Powell; respondent: JBG Smith Properties, et al."
shadow-docket-v3-0,shadow_docket_database_v3-0.csv:line 396176,https://www.shadowdocketdata.com/data,OT2024,24A136,,Stay,private_or_individual,private_or_individual,Stay,Supreme Court of Arizona,,,1,2024-10-07,0,Denied,,0,uncoded,,,,uncoded,,uncoded,,"Prefilled from compact Shadow Docket Database v3.0 extract. This denied/non-binary queue is not validation evidence. Application filing date, response request, reasoning, status-quo effect, merits follow-through category, downstream policy status, and repeat filing must be coded or explicitly scoped out before all-application emergency claims. Petitioner: In Re Dependency of M. R.; respondent: NA."
shadow-docket-v3-0,shadow_docket_database_v3-0.csv:line 396177,https://www.shadowdocketdata.com/data,OT2024,24A189,,Stay,private_or_individual,uncoded,Stay,United States Bankruptcy Appellate Panel for the 10th Circuit,,,1,2024-10-07,0,Denied,,0,uncoded,,,,uncoded,,uncoded,,"Prefilled from compact Shadow Docket Database v3.0 extract. This denied/non-binary queue is not validation evidence. Application filing date, response request, reasoning, status-quo effect, merits follow-through category, downstream policy status, and repeat filing must be coded or explicitly scoped out before all-application emergency claims. Petitioner: Sherry Ann McGann; respondent: Jeanne Y."
shadow-docket-v3-0,shadow_docket_database_v3-0.csv:line 396174,https://www.shadowdocketdata.com/data,OT2024,24A61,,Stay,private_or_individual,uncoded,Stay,Supreme Court of Colorado,,,1,2024-10-07,0,Denied,,0,uncoded,,,,uncoded,,uncoded,,"Prefilled from compact Shadow Docket Database v3.0 extract. This denied/non-binary queue is not validation evidence. Application filing date, response request, reasoning, status-quo effect, merits follow-through category, downstream policy status, and repeat filing must be coded or explicitly scoped out before all-application emergency claims. Petitioner: Judy A. Brannberg; respondent: Colorado Civil Rights Division, et al."
shadow-docket-v3-0,shadow_docket_database_v3-0.csv:line 397476,https://www.shadowdocketdata.com/data,OT2024,23A1101,,Vacate,private_or_individual,uncoded,Vacate,Supreme Court of Arizona,,,1,2024-10-15,0,Denied,,0,uncoded,,,,uncoded,,uncoded,,"Prefilled from compact Shadow Docket Database v3.0 extract. This denied/non-binary queue is not validation evidence. Application filing date, response request, reasoning, status-quo effect, merits follow-through category, downstream policy status, and repeat filing must be coded or explicitly scoped out before all-application emergency claims. Petitioner: Richard Rynn; respondent: Craig Jennings, Judge, Avondale City Court."
shadow-docket-v3-0,shadow_docket_database_v3-0.csv:line 397477,https://www.shadowdocketdata.com/data,OT2024,24A222,,Stay,private_or_individual,uncoded,Stay,Supreme Court of Arkansas,,,1,2024-10-15,0,Denied,,0,uncoded,,,,uncoded,,uncoded,,"Prefilled from compact Shadow Docket Database v3.0 extract. This denied/non-binary queue is not validation evidence. Application filing date, response request, reasoning, status-quo effect, merits follow-through category, downstream policy status, and repeat filing must be coded or explicitly scoped out before all-application emergency claims. Petitioner: Oscar Stilley; respondent: John Thurston, Secretary of State of Arkansas, et al."
shadow-docket-v3-0,shadow_docket_database_v3-0.csv:line 397732,https://www.shadowdocketdata.com/data,OT2024,24A105,,Stay,private_or_individual,government,Stay,United States Court of Appeals for the District of Columbia Circuit,,,1,2024-10-16,0,Denied,,1,uncoded,,,,uncoded,,uncoded,,"Prefilled from compact Shadow Docket Database v3.0 extract. This denied/non-binary queue is not validation evidence. Application filing date, response request, reasoning, status-quo effect, merits follow-through category, downstream policy status, and repeat filing must be coded or explicitly scoped out before all-application emergency claims. Petitioner: Midwest Ozone Group; respondent: Environmental Protection Agency, et al."
shadow-docket-v3-0,shadow_docket_database_v3-0.csv:line 397733,https://www.shadowdocketdata.com/data,OT2024,24A106,,Stay,private_or_individual,government,Stay,United States Court of Appeals for the District of Columbia Circuit,,,1,2024-10-16,0,Denied,,1,uncoded,,,,uncoded,,uncoded,,"Prefilled from compact Shadow Docket Database v3.0 extract. This denied/non-binary queue is not validation evidence. Application filing date, response request, reasoning, status-quo effect, merits follow-through category, downstream policy status, and repeat filing must be coded or explicitly scoped out before all-application emergency claims. Petitioner: Electric Generators for a Sensible Transition; respondent: Environmental Protection Agency, et al."
shadow-docket-v3-0,shadow_docket_database_v3-0.csv:line 397734,https://www.shadowdocketdata.com/data,OT2024,24A116,,Stay,private_or_individual,government,Stay,United States Court of Appeals for the District of Columbia Circuit,,,1,2024-10-16,0,Denied,,1,uncoded,,,,uncoded,,uncoded,,"Prefilled from compact Shadow Docket Database v3.0 extract. This denied/non-binary queue is not validation evidence. Application filing date, response request, reasoning, status-quo effect, merits follow-through category, downstream policy status, and repeat filing must be coded or explicitly scoped out before all-application emergency claims. Petitioner: Edison Electric Institute, et al.; respondent: Environmental Protection Agency, et al."
shadow-docket-v3-0,shadow_docket_database_v3-0.csv:line 397735,https://www.shadowdocketdata.com/data,OT2024,24A117,,Stay,private_or_individual,government,Stay,United States Court of Appeals for the District of Columbia Circuit,,,1,2024-10-16,0,Denied,,1,uncoded,,,,uncoded,,uncoded,,"Prefilled from compact Shadow Docket Database v3.0 extract. This denied/non-binary queue is not validation evidence. Application filing date, response request, reasoning, status-quo effect, merits follow-through category, downstream policy status, and repeat filing must be coded or explicitly scoped out before all-application emergency claims. Petitioner: Ohio, et al.; respondent: Environmental Protection Agency, et al."
shadow-docket-v3-0,shadow_docket_database_v3-0.csv:line 397728,https://www.shadowdocketdata.com/data,OT2024,24A95,,Stay,private_or_individual,government,Stay,United States Court of Appeals for the District of Columbia Circuit,,,1,2024-10-16,0,Denied,,1,uncoded,,,,uncoded,,uncoded,,"Prefilled from compact Shadow Docket Database v3.0 extract. This denied/non-binary queue is not validation evidence. Application filing date, response request, reasoning, status-quo effect, merits follow-through category, downstream policy status, and repeat filing must be coded or explicitly scoped out before all-application emergency claims. Petitioner: West Virginia, et al.; respondent: Environmental Protection Agency, et al."
shadow-docket-v3-0,shadow_docket_database_v3-0.csv:line 397729,https://www.shadowdocketdata.com/data,OT2024,24A96,,Stay,private_or_individual,government,Stay,United States Court of Appeals for the District of Columbia Circuit,,,1,2024-10-16,0,Denied,,1,uncoded,,,,uncoded,,uncoded,,"Prefilled from compact Shadow Docket Database v3.0 extract. This denied/non-binary queue is not validation evidence. Application filing date, response request, reasoning, status-quo effect, merits follow-through category, downstream policy status, and repeat filing must be coded or explicitly scoped out before all-application emergency claims. Petitioner: NA; respondent: Environmental Protection Agency, et al."
shadow-docket-v3-0,shadow_docket_database_v3-0.csv:line 397730,https://www.shadowdocketdata.com/data,OT2024,24A97,,Stay,private_or_individual,government,Stay,United States Court of Appeals for the District of Columbia Circuit,,,1,2024-10-16,0,Denied,,1,uncoded,,,,uncoded,,uncoded,,"Prefilled from compact Shadow Docket Database v3.0 extract. This denied/non-binary queue is not validation evidence. Application filing date, response request, reasoning, status-quo effect, merits follow-through category, downstream policy status, and repeat filing must be coded or explicitly scoped out before all-application emergency claims. Petitioner: National Mining Association and America's Power; respondent: Environmental Protection Agency, et al."
shadow-docket-v3-0,shadow_docket_database_v3-0.csv:line 397731,https://www.shadowdocketdata.com/data,OT2024,24A98,,Stay,private_or_individual,government,Stay,United States Court of Appeals for the District of Columbia Circuit,,,1,2024-10-16,0,Denied,,1,uncoded,,,,uncoded,,uncoded,,"Prefilled from compact Shadow Docket Database v3.0 extract. This denied/non-binary queue is not validation evidence. Application filing date, response request, reasoning, status-quo effect, merits follow-through category, downstream policy status, and repeat filing must be coded or explicitly scoped out before all-application emergency claims. Petitioner: Nacco Natural Resources Corporation; respondent: Environmental Protection Agency, et al."
shadow-docket-v3-0,shadow_docket_database_v3-0.csv:line 397756,https://www.shadowdocketdata.com/data,OT2024,24-5753,,Stay,private_or_individual,private_or_individual,Stay,Court of Criminal Appeals of Texas,,,1,2024-10-17,0,Denied,,0,uncoded,,,,uncoded,,uncoded,,"Prefilled from compact Shadow Docket Database v3.0 extract. This denied/non-binary queue is not validation evidence. Application filing date, response request, reasoning, status-quo effect, merits follow-through category, downstream policy status, and repeat filing must be coded or explicitly scoped out before all-application emergency claims. Petitioner: Robert Leslie Roberson III; respondent: Texas."
shadow-docket-v3-0,shadow_docket_database_v3-0.csv:line 397757,https://www.shadowdocketdata.com/data,OT2024,24-5753,,Stay,private_or_individual,private_or_individual,Stay,Court of Criminal Appeals of Texas,,,1,2024-10-17,0,Denied,,0,uncoded,,,,uncoded,,uncoded,,"Prefilled from compact Shadow Docket Database v3.0 extract. This denied/non-binary queue is not validation evidence. Application filing date, response request, reasoning, status-quo effect, merits follow-through category, downstream policy status, and repeat filing must be coded or explicitly scoped out before all-application emergency claims. Petitioner: Robert Leslie Roberson III; respondent: Texas."
shadow-docket-v3-0,shadow_docket_database_v3-0.csv:line 397925,https://www.shadowdocketdata.com/data,OT2024,24-5668,,Stay,private_or_individual,private_or_individual,Stay,Supreme Court of South Carolina,,,1,2024-10-31,0,Denied,,0,uncoded,,,,uncoded,,uncoded,,"Prefilled from compact Shadow Docket Database v3.0 extract. This denied/non-binary queue is not validation evidence. Application filing date, response request, reasoning, status-quo effect, merits follow-through category, downstream policy status, and repeat filing must be coded or explicitly scoped out before all-application emergency claims. Petitioner: Richard Bernard Moore; respondent: Bryan P."
shadow-docket-v3-0,shadow_docket_database_v3-0.csv:line 397942,https://www.shadowdocketdata.com/data,OT2024,24A408,,Stay,private_or_individual,private_or_individual,Stay,"Supreme Court of Pennsylvania, Western District",,,1,2024-11-01,0,Denied,,0,uncoded,,,,uncoded,,uncoded,,"Prefilled from compact Shadow Docket Database v3.0 extract. This denied/non-binary queue is not validation evidence. Application filing date, response request, reasoning, status-quo effect, merits follow-through category, downstream policy status, and repeat filing must be coded or explicitly scoped out before all-application emergency claims. Petitioner: Republican National Committee, et al.; respondent: Faith Genser, et al."
shadow-docket-v3-0,shadow_docket_database_v3-0.csv:line 397974,https://www.shadowdocketdata.com/data,OT2024,24A244,,Vacate,private_or_individual,uncoded,Vacate,United States Court of Appeals for the Ninth Circuit,,,1,2024-11-04,0,Denied,,0,uncoded,,,,uncoded,,uncoded,,"Prefilled from compact Shadow Docket Database v3.0 extract. This denied/non-binary queue is not validation evidence. Application filing date, response request, reasoning, status-quo effect, merits follow-through category, downstream policy status, and repeat filing must be coded or explicitly scoped out before all-application emergency claims. Petitioner: Richard Rynn; respondent: First Transit Incorporated, et al."
shadow-docket-v3-0,shadow_docket_database_v3-0.csv:line 397975,https://www.shadowdocketdata.com/data,OT2024,24A273,,Injunction,private_or_individual,uncoded,Injunction,United States Court of Appeals for the Seventh Circuit,,,1,2024-11-04,0,Denied,,0,uncoded,,,,uncoded,,uncoded,,"Prefilled from compact Shadow Docket Database v3.0 extract. This denied/non-binary queue is not validation evidence. Application filing date, response request, reasoning, status-quo effect, merits follow-through category, downstream policy status, and repeat filing must be coded or explicitly scoped out before all-application emergency claims. Petitioner: Martin Akerman; respondent: Northwestern Mutual Life Insurance Company."
shadow-docket-v3-0,shadow_docket_database_v3-0.csv:line 398153,https://www.shadowdocketdata.com/data,OT2024,24A332,,Stay,private_or_individual,uncoded,Stay,United States Court of Appeals for the Federal Circuit,,,1,2024-11-12,0,Denied,,0,uncoded,,,,uncoded,,uncoded,,"Prefilled from compact Shadow Docket Database v3.0 extract. This denied/non-binary queue is not validation evidence. Application filing date, response request, reasoning, status-quo effect, merits follow-through category, downstream policy status, and repeat filing must be coded or explicitly scoped out before all-application emergency claims. Petitioner: Martin Akerman; respondent: United States Court of Appeals for the Federal Circuit."
shadow-docket-v3-0,shadow_docket_database_v3-0.csv:line 398383,https://www.shadowdocketdata.com/data,OT2024,24-5993,,Stay,private_or_individual,private_or_individual,Stay,United States Court of Appeals for the Eleventh Circuit,,,1,2024-11-21,0,Denied,,0,uncoded,,,,uncoded,,uncoded,,"Prefilled from compact Shadow Docket Database v3.0 extract. This denied/non-binary queue is not validation evidence. Application filing date, response request, reasoning, status-quo effect, merits follow-through category, downstream policy status, and repeat filing must be coded or explicitly scoped out before all-application emergency claims. Petitioner: Carey Grayson; respondent: John Q. Hamm, Commissioner, Alabama Department of Corrections, et al."
shadow-docket-v3-0,shadow_docket_database_v3-0.csv:line 398391,https://www.shadowdocketdata.com/data,OT2024,24A419,,Stay,private_or_individual,private_or_individual,Stay,United States Court of Appeals for the Sixth Circuit,,,1,2024-11-22,0,Denied,,0,uncoded,,,,uncoded,,uncoded,,"Prefilled from compact Shadow Docket Database v3.0 extract. This denied/non-binary queue is not validation evidence. Application filing date, response request, reasoning, status-quo effect, merits follow-through category, downstream policy status, and repeat filing must be coded or explicitly scoped out before all-application emergency claims. Petitioner: Cynthia Davis, Warden; respondent: David M."
shadow-docket-v3-0,shadow_docket_database_v3-0.csv:line 398511,https://www.shadowdocketdata.com/data,OT2024,24-5807,,Stay,private_or_individual,private_or_individual,Stay,Supreme Court of Missouri,,,1,2024-12-02,0,Denied,,0,uncoded,,,,uncoded,,uncoded,,"Prefilled from compact Shadow Docket Database v3.0 extract. This denied/non-binary queue is not validation evidence. Application filing date, response request, reasoning, status-quo effect, merits follow-through category, downstream policy status, and repeat filing must be coded or explicitly scoped out before all-application emergency claims. Petitioner: Christopher Collings; respondent: David Vandergriff, Warden."
shadow-docket-v3-0,shadow_docket_database_v3-0.csv:line 398557,https://www.shadowdocketdata.com/data,OT2024,24A328,,Stay,private_or_individual,uncoded,Stay,Court of Appeals of New York,,,1,2024-12-09,0,Denied,,0,uncoded,,,,uncoded,,uncoded,,"Prefilled from compact Shadow Docket Database v3.0 extract. This denied/non-binary queue is not validation evidence. Application filing date, response request, reasoning, status-quo effect, merits follow-through category, downstream policy status, and repeat filing must be coded or explicitly scoped out before all-application emergency claims. Petitioner: Good Lawgic, LLC, et al.; respondent: Juan M."
shadow-docket-v3-0,shadow_docket_database_v3-0.csv:line 398712,https://www.shadowdocketdata.com/data,OT2024,24A463,,Stay,private_or_individual,government,Stay,United States Court of Appeals for the District of Columbia Circuit,,,1,2024-12-11,0,Denied,,0,uncoded,,,,uncoded,,uncoded,,"Prefilled from compact Shadow Docket Database v3.0 extract. This denied/non-binary queue is not validation evidence. Application filing date, response request, reasoning, status-quo effect, merits follow-through category, downstream policy status, and repeat filing must be coded or explicitly scoped out before all-application emergency claims. Petitioner: East Kentucky Power Cooperative, Inc.; respondent: Environmental Protection Agency, et al."
shadow-docket-v3-0,shadow_docket_database_v3-0.csv:line 398738,https://www.shadowdocketdata.com/data,OT2024,24A369,,Injunction,private_or_individual,government,Injunction,United States Court of Appeals for the Ninth Circuit,,,1,2024-12-16,0,Denied,,0,uncoded,,,,uncoded,,uncoded,,"Prefilled from compact Shadow Docket Database v3.0 extract. This denied/non-binary queue is not validation evidence. Application filing date, response request, reasoning, status-quo effect, merits follow-through category, downstream policy status, and repeat filing must be coded or explicitly scoped out before all-application emergency claims. Petitioner: Steven Walker; respondent: United States, et al."
shadow-docket-v3-0,shadow_docket_database_v3-0.csv:line 398739,https://www.shadowdocketdata.com/data,OT2024,24A372,,Stay,private_or_individual,uncoded,Stay,Court of Appeals of New York,,,1,2024-12-16,0,Denied,,0,uncoded,,,,uncoded,,uncoded,,"Prefilled from compact Shadow Docket Database v3.0 extract. This denied/non-binary queue is not validation evidence. Application filing date, response request, reasoning, status-quo effect, merits follow-through category, downstream policy status, and repeat filing must be coded or explicitly scoped out before all-application emergency claims. Petitioner: Joseph Nierman; respondent: Juan M."
shadow-docket-v3-0,shadow_docket_database_v3-0.csv:line 398840,https://www.shadowdocketdata.com/data,OT2024,24-6164,,Stay,private_or_individual,private_or_individual,Stay,United States Court of Appeals for the Seventh Circuit,,,1,2024-12-17,0,Denied,,0,uncoded,,,,uncoded,,uncoded,,"Prefilled from compact Shadow Docket Database v3.0 extract. This denied/non-binary queue is not validation evidence. Application filing date, response request, reasoning, status-quo effect, merits follow-through category, downstream policy status, and repeat filing must be coded or explicitly scoped out before all-application emergency claims. Petitioner: Tahina Corcoran, as next friend on behalf of Joseph E. Corcoran; respondent: Ron Neal, Warden."
shadow-docket-v3-0,shadow_docket_database_v3-0.csv:line 398839,https://www.shadowdocketdata.com/data,OT2024,24A553,,Stay,private_or_individual,private_or_individual,Stay,United States Court of Appeals for the Sixth Circuit,,,1,2024-12-17,0,Denied,,0,uncoded,,,,uncoded,,uncoded,,"Prefilled from compact Shadow Docket Database v3.0 extract. This denied/non-binary queue is not validation evidence. Application filing date, response request, reasoning, status-quo effect, merits follow-through category, downstream policy status, and repeat filing must be coded or explicitly scoped out before all-application emergency claims. Petitioner: Annette Chambers–Smith, Director, Ohio Department of Rehabilitation and Correction; respondent: Kayla Jean Ayers."
shadow-docket-v3-0,shadow_docket_database_v3-0.csv:line 398858,https://www.shadowdocketdata.com/data,OT2024,24-6159,,Stay,private_or_individual,private_or_individual,Stay,United States Court of Appeals for the Tenth Circuit,,,1,2024-12-19,0,Denied,,0,uncoded,,,,uncoded,,uncoded,,"Prefilled from compact Shadow Docket Database v3.0 extract. This denied/non-binary queue is not validation evidence. Application filing date, response request, reasoning, status-quo effect, merits follow-through category, downstream policy status, and repeat filing must be coded or explicitly scoped out before all-application emergency claims. Petitioner: Kevin Underwood; respondent: Oklahoma Pardon and Parole Board, et al."
shadow-docket-v3-0,shadow_docket_database_v3-0.csv:line 398932,https://www.shadowdocketdata.com/data,OT2024,24A666,,Stay,private_or_individual,private_or_individual,Stay,"Appellate Division, Supreme Court of New York, First Judicial Department",,,1,2025-01-09,0,Denied,,1,uncoded,,,,uncoded,,uncoded,,"Prefilled from compact Shadow Docket Database v3.0 extract. This denied/non-binary queue is not validation evidence. Application filing date, response request, reasoning, status-quo effect, merits follow-through category, downstream policy status, and repeat filing must be coded or explicitly scoped out before all-application emergency claims. Petitioner: Donald J. Trump; respondent: New York, et al."
shadow-docket-v3-0,shadow_docket_database_v3-0.csv:line 398946,https://www.shadowdocketdata.com/data,OT2024,24A415,,Vacate,private_or_individual,uncoded,Vacate,Supreme Court of Arizona,,,1,2025-01-13,0,Denied,,0,uncoded,,,,uncoded,,uncoded,,"Prefilled from compact Shadow Docket Database v3.0 extract. This denied/non-binary queue is not validation evidence. Application filing date, response request, reasoning, status-quo effect, merits follow-through category, downstream policy status, and repeat filing must be coded or explicitly scoped out before all-application emergency claims. Petitioner: Richard Rynn, et al.; respondent: Daniel Washburn, et al."
shadow-docket-v3-0,shadow_docket_database_v3-0.csv:line 398947,https://www.shadowdocketdata.com/data,OT2024,24A440,,Injunction,private_or_individual,uncoded,Injunction,United States Court of Appeals for the Ninth Circuit,,,1,2025-01-13,0,Denied,,0,uncoded,,,,uncoded,,uncoded,,"Prefilled from compact Shadow Docket Database v3.0 extract. This denied/non-binary queue is not validation evidence. Application filing date, response request, reasoning, status-quo effect, merits follow-through category, downstream policy status, and repeat filing must be coded or explicitly scoped out before all-application emergency claims. Petitioner: John Stockton, et al.; respondent: Robert Ferguson, Attorney General of Washington, et al."
shadow-docket-v3-0,shadow_docket_database_v3-0.csv:line 399346,https://www.shadowdocketdata.com/data,OT2024,24A532,,Injunction,private_or_individual,uncoded,Injunction,United States Court of Appeals for the Second Circuit,,,1,2025-01-21,0,Denied,,0,uncoded,,,,uncoded,,uncoded,,"Prefilled from compact Shadow Docket Database v3.0 extract. This denied/non-binary queue is not validation evidence. Application filing date, response request, reasoning, status-quo effect, merits follow-through category, downstream policy status, and repeat filing must be coded or explicitly scoped out before all-application emergency claims. Petitioner: Mahfooz Ahmad; respondent: Colin Day, et al."
shadow-docket-v3-0,shadow_docket_database_v3-0.csv:line 399429,https://www.shadowdocketdata.com/data,OT2024,24A516,,Stay,private_or_individual,uncoded,Stay,District of Columbia Court of Appeals,,,1,2025-01-27,0,Denied,,0,uncoded,,,,uncoded,,uncoded,,"Prefilled from compact Shadow Docket Database v3.0 extract. This denied/non-binary queue is not validation evidence. Application filing date, response request, reasoning, status-quo effect, merits follow-through category, downstream policy status, and repeat filing must be coded or explicitly scoped out before all-application emergency claims. Petitioner: In Re Martin Akerman; respondent: NA."
shadow-docket-v3-0,shadow_docket_database_v3-0.csv:line 399430,https://www.shadowdocketdata.com/data,OT2024,24A531,,Stay,private_or_individual,uncoded,Stay,Supreme Court of California,,,1,2025-01-27,0,Denied,,0,uncoded,,,,uncoded,,uncoded,,"Prefilled from compact Shadow Docket Database v3.0 extract. This denied/non-binary queue is not validation evidence. Application filing date, response request, reasoning, status-quo effect, merits follow-through category, downstream policy status, and repeat filing must be coded or explicitly scoped out before all-application emergency claims. Petitioner: Zachary Thomas Horton; respondent: Superior Court of California, Solano County, et al."
shadow-docket-v3-0,shadow_docket_database_v3-0.csv:line 399551,https://www.shadowdocketdata.com/data,OT2024,24-6376,,Stay,private_or_individual,private_or_individual,Stay,Supreme Court of South Carolina,,,1,2025-01-30,0,Denied,,0,uncoded,,,,uncoded,,uncoded,,"Prefilled from compact Shadow Docket Database v3.0 extract. This denied/non-binary queue is not validation evidence. Application filing date, response request, reasoning, status-quo effect, merits follow-through category, downstream policy status, and repeat filing must be coded or explicitly scoped out before all-application emergency claims. Petitioner: Marion Bowman, Jr.; respondent: Bryan P."
shadow-docket-v3-0,shadow_docket_database_v3-0.csv:line 399566,https://www.shadowdocketdata.com/data,OT2024,24-6442,,Stay,private_or_individual,private_or_individual,Stay,Court of Criminal Appeals of Texas,,,1,2025-02-05,0,Denied,,0,uncoded,,,,uncoded,,uncoded,,"Prefilled from compact Shadow Docket Database v3.0 extract. This denied/non-binary queue is not validation evidence. Application filing date, response request, reasoning, status-quo effect, merits follow-through category, downstream policy status, and repeat filing must be coded or explicitly scoped out before all-application emergency claims. Petitioner: Steven Lawayne Nelson; respondent: Texas."
shadow-docket-v3-0,shadow_docket_database_v3-0.csv:line 399600,https://www.shadowdocketdata.com/data,OT2024,24-6510,,Stay,private_or_individual,private_or_individual,Stay,Supreme Court of Florida,,,1,2025-02-12,0,Denied,,0,uncoded,,,,uncoded,,uncoded,,"Prefilled from compact Shadow Docket Database v3.0 extract. This denied/non-binary queue is not validation evidence. Application filing date, response request, reasoning, status-quo effect, merits follow-through category, downstream policy status, and repeat filing must be coded or explicitly scoped out before all-application emergency claims. Petitioner: James D. Ford; respondent: Florida."
shadow-docket-v3-0,shadow_docket_database_v3-0.csv:line 399989,https://www.shadowdocketdata.com/data,OT2024,24A658,,Stay,private_or_individual,uncoded,Stay,United States Court of Appeals for the Ninth Circuit,,,1,2025-03-03,0,Denied,,0,uncoded,,,,uncoded,,uncoded,,"Prefilled from compact Shadow Docket Database v3.0 extract. This denied/non-binary queue is not validation evidence. Application filing date, response request, reasoning, status-quo effect, merits follow-through category, downstream policy status, and repeat filing must be coded or explicitly scoped out before all-application emergency claims. Petitioner: Martin Akerman; respondent: Warden."
shadow-docket-v3-0,shadow_docket_database_v3-0.csv:line 400093,https://www.shadowdocketdata.com/data,OT2024,24A831,,Vacate,government,private_or_individual,Vacate,United States Court of Appeals for the District of Columbia Circuit,,,1,2025-03-05,0,Denied,,1,uncoded,,,,uncoded,,uncoded,,"Prefilled from compact Shadow Docket Database v3.0 extract. This denied/non-binary queue is not validation evidence. Application filing date, response request, reasoning, status-quo effect, merits follow-through category, downstream policy status, and repeat filing must be coded or explicitly scoped out before all-application emergency claims. Petitioner: Department of State, et al.; respondent: AIDS Vaccine Advocacy Coalition, et al."
shadow-docket-v3-0,shadow_docket_database_v3-0.csv:line 400099,https://www.shadowdocketdata.com/data,OT2024,24A790,,Vacate,government,private_or_individual,Vacate,United States Court of Appeals for the District of Columbia Circuit,,,1,2025-03-06,0,Denied,,0,uncoded,,,,uncoded,,uncoded,,"Prefilled from compact Shadow Docket Database v3.0 extract. This denied/non-binary queue is not validation evidence. Application filing date, response request, reasoning, status-quo effect, merits follow-through category, downstream policy status, and repeat filing must be coded or explicitly scoped out before all-application emergency claims. Petitioner: Scott Bessent, Secretary of the Treasury, et al.; respondent: Hampton Dellinger, Special Counsel of the Offce of Special Counsel."
shadow-docket-v3-0,shadow_docket_database_v3-0.csv:line 400103,https://www.shadowdocketdata.com/data,OT2024,24-6709,,Stay,private_or_individual,private_or_individual,Stay,Supreme Court of South Carolina,,,1,2025-03-07,0,Denied,,0,uncoded,,,,uncoded,,uncoded,,"Prefilled from compact Shadow Docket Database v3.0 extract. This denied/non-binary queue is not validation evidence. Application filing date, response request, reasoning, status-quo effect, merits follow-through category, downstream policy status, and repeat filing must be coded or explicitly scoped out before all-application emergency claims. Petitioner: Brad Keith Sigmon; respondent: South Carolina."
shadow-docket-v3-0,shadow_docket_database_v3-0.csv:line 400244,https://www.shadowdocketdata.com/data,OT2024,24A893,,Stay,private_or_individual,uncoded,Stay,United States Court of Appeals for the Fifth Circuit,,,1,2025-03-18,0,Denied,,1,uncoded,,,,uncoded,,uncoded,,"Prefilled from compact Shadow Docket Database v3.0 extract. This denied/non-binary queue is not validation evidence. Application filing date, response request, reasoning, status-quo effect, merits follow-through category, downstream policy status, and repeat filing must be coded or explicitly scoped out before all-application emergency claims. Petitioner: Jessie Hoffman; respondent: Gary Westcott, Secretary, Louisiana Department of Public Safety and Corrections, et al."
shadow-docket-v3-0,shadow_docket_database_v3-0.csv:line 400251,https://www.shadowdocketdata.com/data,OT2024,24-6775,,Stay,private_or_individual,private_or_individual,Stay,Supreme Court of Florida,,,1,2025-03-20,0,Denied,,0,uncoded,,,,uncoded,,uncoded,,"Prefilled from compact Shadow Docket Database v3.0 extract. This denied/non-binary queue is not validation evidence. Application filing date, response request, reasoning, status-quo effect, merits follow-through category, downstream policy status, and repeat filing must be coded or explicitly scoped out before all-application emergency claims. Petitioner: Edward Thomas James; respondent: Florida."
shadow-docket-v3-0,shadow_docket_database_v3-0.csv:line 400253,https://www.shadowdocketdata.com/data,OT2024,24-6776,,Stay,private_or_individual,private_or_individual,Stay,United States Court of Appeals for the Eleventh Circuit,,,1,2025-03-20,0,Denied,,0,uncoded,,,,uncoded,,uncoded,,"Prefilled from compact Shadow Docket Database v3.0 extract. This denied/non-binary queue is not validation evidence. Application filing date, response request, reasoning, status-quo effect, merits follow-through category, downstream policy status, and repeat filing must be coded or explicitly scoped out before all-application emergency claims. Petitioner: Edward Thomas James; respondent: Ricky D. Dixon, Secretary, Florida Department of Corrections, et al."
shadow-docket-v3-0,shadow_docket_database_v3-0.csv:line 400255,https://www.shadowdocketdata.com/data,OT2024,24-6777,,Stay,private_or_individual,private_or_individual,Stay,United States Court of Appeals for the Eleventh Circuit,,,1,2025-03-20,0,Denied,,0,uncoded,,,,uncoded,,uncoded,,"Prefilled from compact Shadow Docket Database v3.0 extract. This denied/non-binary queue is not validation evidence. Application filing date, response request, reasoning, status-quo effect, merits follow-through category, downstream policy status, and repeat filing must be coded or explicitly scoped out before all-application emergency claims. Petitioner: Edward Thomas James; respondent: Ricky D. Dixon, Secretary, Florida Department of Corrections, et al."
shadow-docket-v3-0,shadow_docket_database_v3-0.csv:line 400265,https://www.shadowdocketdata.com/data,OT2024,24A730,,Stay,private_or_individual,uncoded,Stay,United States Court of Appeals for the Federal Circuit,,,1,2025-03-24,0,Denied,,0,uncoded,,,,uncoded,,uncoded,,"Prefilled from compact Shadow Docket Database v3.0 extract. This denied/non-binary queue is not validation evidence. Application filing date, response request, reasoning, status-quo effect, merits follow-through category, downstream policy status, and repeat filing must be coded or explicitly scoped out before all-application emergency claims. Petitioner: Martin Akerman; respondent: Merit Systems Protection Board."
shadow-docket-v3-0,shadow_docket_database_v3-0.csv:line 400266,https://www.shadowdocketdata.com/data,OT2024,24A731,,Stay,private_or_individual,uncoded,Stay,United States Court of Appeals for the Federal Circuit,,,1,2025-03-24,0,Denied,,0,uncoded,,,,uncoded,,uncoded,,"Prefilled from compact Shadow Docket Database v3.0 extract. This denied/non-binary queue is not validation evidence. Application filing date, response request, reasoning, status-quo effect, merits follow-through category, downstream policy status, and repeat filing must be coded or explicitly scoped out before all-application emergency claims. Petitioner: Martin Akerman; respondent: Merit Systems Protection Board."
shadow-docket-v3-0,shadow_docket_database_v3-0.csv:line 400608,https://www.shadowdocketdata.com/data,OT2024,24A852,,Stay,private_or_individual,uncoded,Stay,United States Court of Appeals for the Ninth Circuit,,,1,2025-04-07,0,Denied,,0,uncoded,,,,uncoded,,uncoded,,"Prefilled from compact Shadow Docket Database v3.0 extract. This denied/non-binary queue is not validation evidence. Application filing date, response request, reasoning, status-quo effect, merits follow-through category, downstream policy status, and repeat filing must be coded or explicitly scoped out before all-application emergency claims. Petitioner: Tahawwur Rana; respondent: James Engleman, Interim Warden, Metropolitan Detention Center."
shadow-docket-v3-0,shadow_docket_database_v3-0.csv:line 400691,https://www.shadowdocketdata.com/data,OT2024,24-6932,,Stay,uncoded,private_or_individual,Stay,Supreme Court of Florida,,,1,2025-04-08,0,Denied,,0,uncoded,,,,uncoded,,uncoded,,"Prefilled from compact Shadow Docket Database v3.0 extract. This denied/non-binary queue is not validation evidence. Application filing date, response request, reasoning, status-quo effect, merits follow-through category, downstream policy status, and repeat filing must be coded or explicitly scoped out before all-application emergency claims. Petitioner: Michael Tanzi; respondent: Ricky D. Dixon, Secretary, Florida Department of Corrections."
shadow-docket-v3-0,shadow_docket_database_v3-0.csv:line 400702,https://www.shadowdocketdata.com/data,OT2024,24A949,,Vacate,government,private_or_individual,Vacate,United States Court of Appeals for the Fourth Circuit,,,1,2025-04-10,NA,NA,,0,uncoded,,,,uncoded,,uncoded,,"Prefilled from compact Shadow Docket Database v3.0 extract. This denied/non-binary queue is not validation evidence. Application filing date, response request, reasoning, status-quo effect, merits follow-through category, downstream policy status, and repeat filing must be coded or explicitly scoped out before all-application emergency claims. Petitioner: Kristi Noem, Secretary, Department of Homeland Security, et al.; respondent: Kilmar Armando Abrego Garcia, et al."
shadow-docket-v3-0,shadow_docket_database_v3-0.csv:line 400709,https://www.shadowdocketdata.com/data,OT2024,24-6933,,Stay,private_or_individual,private_or_individual,Stay,Supreme Court of South Carolina,,,1,2025-04-11,0,Denied,,0,uncoded,,,,uncoded,,uncoded,,"Prefilled from compact Shadow Docket Database v3.0 extract. This denied/non-binary queue is not validation evidence. Application filing date, response request, reasoning, status-quo effect, merits follow-through category, downstream policy status, and repeat filing must be coded or explicitly scoped out before all-application emergency claims. Petitioner: Mikal Mahdi; respondent: Bryan Stirling, Director, South Carolina Department of Corrections."
shadow-docket-v3-0,shadow_docket_database_v3-0.csv:line 400946,https://www.shadowdocketdata.com/data,OT2024,24A970,,Stay,private_or_individual,private_or_individual,Stay,United States Court of Appeals for the Sixth Circuit,,,1,2025-04-22,0,Denied,,1,uncoded,,,,uncoded,,uncoded,,"Prefilled from compact Shadow Docket Database v3.0 extract. This denied/non-binary queue is not validation evidence. Application filing date, response request, reasoning, status-quo effect, merits follow-through category, downstream policy status, and repeat filing must be coded or explicitly scoped out before all-application emergency claims. Petitioner: David Yost, Attorney General of Ohio; respondent: Cynthia Brown, et al."
shadow-docket-v3-0,shadow_docket_database_v3-0.csv:line 400947,https://www.shadowdocketdata.com/data,OT2024,24A970,,Vacate,private_or_individual,private_or_individual,Vacate,United States Court of Appeals for the Sixth Circuit,,,1,2025-04-22,NA,NA,,1,uncoded,,,,uncoded,,uncoded,,"Prefilled from compact Shadow Docket Database v3.0 extract. This denied/non-binary queue is not validation evidence. Application filing date, response request, reasoning, status-quo effect, merits follow-through category, downstream policy status, and repeat filing must be coded or explicitly scoped out before all-application emergency claims. Petitioner: David Yost, Attorney General of Ohio; respondent: Cynthia Brown, et al."
shadow-docket-v3-0,shadow_docket_database_v3-0.csv:line 400957,https://www.shadowdocketdata.com/data,OT2024,24-7030,,Stay,private_or_individual,private_or_individual,Stay,Court of Criminal Appeals of Texas,,,1,2025-04-23,0,Denied,,0,uncoded,,,,uncoded,,uncoded,,"Prefilled from compact Shadow Docket Database v3.0 extract. This denied/non-binary queue is not validation evidence. Application filing date, response request, reasoning, status-quo effect, merits follow-through category, downstream policy status, and repeat filing must be coded or explicitly scoped out before all-application emergency claims. Petitioner: Moises Sandoval Mendoza; respondent: Texas."
shadow-docket-v3-0,shadow_docket_database_v3-0.csv:line 401084,https://www.shadowdocketdata.com/data,OT2024,24-7079,,Stay,private_or_individual,private_or_individual,Stay,Supreme Court of Florida,,,1,2025-05-01,0,Denied,,0,uncoded,,,,uncoded,,uncoded,,"Prefilled from compact Shadow Docket Database v3.0 extract. This denied/non-binary queue is not validation evidence. Application filing date, response request, reasoning, status-quo effect, merits follow-through category, downstream policy status, and repeat filing must be coded or explicitly scoped out before all-application emergency claims. Petitioner: Jeffrey Glenn Hutchinson; respondent: Florida."
shadow-docket-v3-0,shadow_docket_database_v3-0.csv:line 401086,https://www.shadowdocketdata.com/data,OT2024,24-7084,,Stay,private_or_individual,private_or_individual,Stay,United States Court of Appeals for the Eleventh Circuit,,,1,2025-05-01,0,Denied,,0,uncoded,,,,uncoded,,uncoded,,"Prefilled from compact Shadow Docket Database v3.0 extract. This denied/non-binary queue is not validation evidence. Application filing date, response request, reasoning, status-quo effect, merits follow-through category, downstream policy status, and repeat filing must be coded or explicitly scoped out before all-application emergency claims. Petitioner: Jeffrey Glenn Hutchinson; respondent: Ricky D. Dixon, Secretary, Florida Department of Corrections."
shadow-docket-v3-0,shadow_docket_database_v3-0.csv:line 401088,https://www.shadowdocketdata.com/data,OT2024,24-7087,,Stay,private_or_individual,private_or_individual,Stay,Supreme Court of Florida,,,1,2025-05-01,0,Denied,,0,uncoded,,,,uncoded,,uncoded,,"Prefilled from compact Shadow Docket Database v3.0 extract. This denied/non-binary queue is not validation evidence. Application filing date, response request, reasoning, status-quo effect, merits follow-through category, downstream policy status, and repeat filing must be coded or explicitly scoped out before all-application emergency claims. Petitioner: Jeffrey G. Hutchinson; respondent: Florida, et al."
shadow-docket-v3-0,shadow_docket_database_v3-0.csv:line 401090,https://www.shadowdocketdata.com/data,OT2024,24-7111,,Stay,private_or_individual,private_or_individual,Stay,Supreme Court of Florida,,,1,2025-05-01,0,Denied,,0,uncoded,,,,uncoded,,uncoded,,"Prefilled from compact Shadow Docket Database v3.0 extract. This denied/non-binary queue is not validation evidence. Application filing date, response request, reasoning, status-quo effect, merits follow-through category, downstream policy status, and repeat filing must be coded or explicitly scoped out before all-application emergency claims. Petitioner: Jeffrey G. Hutchinson; respondent: Florida."
shadow-docket-v3-0,shadow_docket_database_v3-0.csv:line 401092,https://www.shadowdocketdata.com/data,OT2024,24-7117,,Stay,private_or_individual,private_or_individual,Stay,United States Court of Appeals for the Eleventh Circuit,,,1,2025-05-01,0,Denied,,0,uncoded,,,,uncoded,,uncoded,,"Prefilled from compact Shadow Docket Database v3.0 extract. This denied/non-binary queue is not validation evidence. Application filing date, response request, reasoning, status-quo effect, merits follow-through category, downstream policy status, and repeat filing must be coded or explicitly scoped out before all-application emergency claims. Petitioner: Jeffrey Hutchinson; respondent: Ricky D. Dixon, Secretary, Florida Department of Corrections."
shadow-docket-v3-0,shadow_docket_database_v3-0.csv:line 401108,https://www.shadowdocketdata.com/data,OT2024,24A864,,Stay,private_or_individual,uncoded,Stay,United States Court of Appeals for the Ninth Circuit,,,1,2025-05-05,0,Denied,,0,uncoded,,,,uncoded,,uncoded,,"Prefilled from compact Shadow Docket Database v3.0 extract. This denied/non-binary queue is not validation evidence. Application filing date, response request, reasoning, status-quo effect, merits follow-through category, downstream policy status, and repeat filing must be coded or explicitly scoped out before all-application emergency claims. Petitioner: Kelsey Schier, Administrator of the Estate of Guenter Werner Schier; respondent: Matthew Anderton."
shadow-docket-v3-0,shadow_docket_database_v3-0.csv:line 401112,https://www.shadowdocketdata.com/data,OT2024,24A902,,Stay,private_or_individual,uncoded,Stay,Supreme Court of Rhode Island,,,1,2025-05-05,0,Denied,,0,uncoded,,,,uncoded,,uncoded,,"Prefilled from compact Shadow Docket Database v3.0 extract. This denied/non-binary queue is not validation evidence. Application filing date, response request, reasoning, status-quo effect, merits follow-through category, downstream policy status, and repeat filing must be coded or explicitly scoped out before all-application emergency claims. Petitioner: Michael Prete; respondent: Rhode Island."
shadow-docket-v3-0,shadow_docket_database_v3-0.csv:line 401215,https://www.shadowdocketdata.com/data,OT2024,24-7169,,Stay,private_or_individual,private_or_individual,Stay,Supreme Court of Florida,,,1,2025-05-14,0,Denied,,0,uncoded,,,,uncoded,,uncoded,,"Prefilled from compact Shadow Docket Database v3.0 extract. This denied/non-binary queue is not validation evidence. Application filing date, response request, reasoning, status-quo effect, merits follow-through category, downstream policy status, and repeat filing must be coded or explicitly scoped out before all-application emergency claims. Petitioner: Glen Edward Rogers; respondent: Florida."
shadow-docket-v3-0,shadow_docket_database_v3-0.csv:line 401366,https://www.shadowdocketdata.com/data,OT2024,24-7157,,Stay,private_or_individual,private_or_individual,Stay,Supreme Court of Indiana,,,1,2025-05-19,0,Denied,,0,uncoded,,,,uncoded,,uncoded,,"Prefilled from compact Shadow Docket Database v3.0 extract. This denied/non-binary queue is not validation evidence. Application filing date, response request, reasoning, status-quo effect, merits follow-through category, downstream policy status, and repeat filing must be coded or explicitly scoped out before all-application emergency claims. Petitioner: Benjamin Ritchie; respondent: Indiana."
shadow-docket-v3-0,shadow_docket_database_v3-0.csv:line 401368,https://www.shadowdocketdata.com/data,OT2024,24-7236,,Stay,private_or_individual,private_or_individual,Stay,United States Court of Appeals for the Seventh Circuit,,,1,2025-05-19,0,Denied,,1,uncoded,,,,uncoded,,uncoded,,"Prefilled from compact Shadow Docket Database v3.0 extract. This denied/non-binary queue is not validation evidence. Application filing date, response request, reasoning, status-quo effect, merits follow-through category, downstream policy status, and repeat filing must be coded or explicitly scoped out before all-application emergency claims. Petitioner: Benjamin Ritchie; respondent: Ron Neal, Warden."
shadow-docket-v3-0,shadow_docket_database_v3-0.csv:line 401369,https://www.shadowdocketdata.com/data,OT2024,24-7236,,Stay,private_or_individual,private_or_individual,Stay,United States Court of Appeals for the Seventh Circuit,,,1,2025-05-19,0,Denied,,1,uncoded,,,,uncoded,,uncoded,,"Prefilled from compact Shadow Docket Database v3.0 extract. This denied/non-binary queue is not validation evidence. Application filing date, response request, reasoning, status-quo effect, merits follow-through category, downstream policy status, and repeat filing must be coded or explicitly scoped out before all-application emergency claims. Petitioner: Benjamin Ritchie; respondent: Ron Neal, Warden."
shadow-docket-v3-0,shadow_docket_database_v3-0.csv:line 401243,https://www.shadowdocketdata.com/data,OT2024,24A245,,Vacate,private_or_individual,uncoded,Vacate,United States Court of Appeals for the Ninth Circuit,,,1,2025-05-19,0,Denied,,0,uncoded,,,,uncoded,,uncoded,,"Prefilled from compact Shadow Docket Database v3.0 extract. This denied/non-binary queue is not validation evidence. Application filing date, response request, reasoning, status-quo effect, merits follow-through category, downstream policy status, and repeat filing must be coded or explicitly scoped out before all-application emergency claims. Petitioner: Richard Rynn, Next Friend and Parent of M. R., a Minor; respondent: Gregory A."
shadow-docket-v3-0,shadow_docket_database_v3-0.csv:line 401416,https://www.shadowdocketdata.com/data,OT2024,24A1099,,Stay,private_or_individual,private_or_individual,Stay,United States Court of Appeals for the Fourth Circuit,,,1,2025-05-23,0,Denied,,0,uncoded,,,,uncoded,,uncoded,,"Prefilled from compact Shadow Docket Database v3.0 extract. This denied/non-binary queue is not validation evidence. Application filing date, response request, reasoning, status-quo effect, merits follow-through category, downstream policy status, and repeat filing must be coded or explicitly scoped out before all-application emergency claims. Petitioner: Richard Graham, Warden, et al.; respondent: Jeremiah Antoine Sweeney."
shadow-docket-v3-0,shadow_docket_database_v3-0.csv:line 401682,https://www.shadowdocketdata.com/data,OT2024,24A1107,,Stay,private_or_individual,government,Stay,United States Court of Appeals for the Fifth Circuit,,,1,2025-06-04,0,Denied,,0,uncoded,,,,uncoded,,uncoded,,"Prefilled from compact Shadow Docket Database v3.0 extract. This denied/non-binary queue is not validation evidence. Application filing date, response request, reasoning, status-quo effect, merits follow-through category, downstream policy status, and repeat filing must be coded or explicitly scoped out before all-application emergency claims. Petitioner: Peter Mosoko Ikome; respondent: Pamela Bondi, Attorney General."
shadow-docket-v3-0,shadow_docket_database_v3-0.csv:line 401681,https://www.shadowdocketdata.com/data,OT2024,24A982,,Stay,private_or_individual,private_or_individual,Stay,Supreme Court of Washington,,,1,2025-06-04,0,Denied,,0,uncoded,,,,uncoded,,uncoded,,"Prefilled from compact Shadow Docket Database v3.0 extract. This denied/non-binary queue is not validation evidence. Application filing date, response request, reasoning, status-quo effect, merits follow-through category, downstream policy status, and repeat filing must be coded or explicitly scoped out before all-application emergency claims. Petitioner: John Doe, et al.; respondent: Seattle Police Department, et al."
shadow-docket-v3-0,shadow_docket_database_v3-0.csv:line 401701,https://www.shadowdocketdata.com/data,OT2024,24A969,,Stay,private_or_individual,uncoded,Stay,Supreme Court of Colorado,,,1,2025-06-06,0,Denied,,0,uncoded,,,,uncoded,,uncoded,,"Prefilled from compact Shadow Docket Database v3.0 extract. This denied/non-binary queue is not validation evidence. Application filing date, response request, reasoning, status-quo effect, merits follow-through category, downstream policy status, and repeat filing must be coded or explicitly scoped out before all-application emergency claims. Petitioner: Judy A. Brannberg, et al.; respondent: Jefferson County Public Schools, et al."
shadow-docket-v3-0,shadow_docket_database_v3-0.csv:line 401775,https://www.shadowdocketdata.com/data,OT2024,24-7365,,Stay,private_or_individual,private_or_individual,Stay,Supreme Court of Florida,,,1,2025-06-09,0,Denied,,0,uncoded,,,,uncoded,,uncoded,,"Prefilled from compact Shadow Docket Database v3.0 extract. This denied/non-binary queue is not validation evidence. Application filing date, response request, reasoning, status-quo effect, merits follow-through category, downstream policy status, and repeat filing must be coded or explicitly scoped out before all-application emergency claims. Petitioner: Anthony Floyd Wainwright; respondent: Florida."
shadow-docket-v3-0,shadow_docket_database_v3-0.csv:line 401777,https://www.shadowdocketdata.com/data,OT2024,24-7368,,Stay,private_or_individual,private_or_individual,Stay,NA,,,1,2025-06-09,0,Denied,,0,uncoded,,,,uncoded,,uncoded,,"Prefilled from compact Shadow Docket Database v3.0 extract. This denied/non-binary queue is not validation evidence. Application filing date, response request, reasoning, status-quo effect, merits follow-through category, downstream policy status, and repeat filing must be coded or explicitly scoped out before all-application emergency claims. Petitioner: In re Anthony Floyd Wainwright; respondent: NA."
shadow-docket-v3-0,shadow_docket_database_v3-0.csv:line 401785,https://www.shadowdocketdata.com/data,OT2024,24-7387,,Stay,private_or_individual,private_or_individual,Stay,United States Court of Appeals for the Eleventh Circuit,,,1,2025-06-10,0,Denied,,0,uncoded,,,,uncoded,,uncoded,,"Prefilled from compact Shadow Docket Database v3.0 extract. This denied/non-binary queue is not validation evidence. Application filing date, response request, reasoning, status-quo effect, merits follow-through category, downstream policy status, and repeat filing must be coded or explicitly scoped out before all-application emergency claims. Petitioner: Anthony Wainwright; respondent: Ron Desantis, Governor of Florida, et al."
shadow-docket-v3-0,shadow_docket_database_v3-0.csv:line 401784,https://www.shadowdocketdata.com/data,OT2024,24A1192,,Stay,private_or_individual,private_or_individual,Stay,Supreme Court of Alabama,,,1,2025-06-10,0,Denied,,0,uncoded,,,,uncoded,,uncoded,,"Prefilled from compact Shadow Docket Database v3.0 extract. This denied/non-binary queue is not validation evidence. Application filing date, response request, reasoning, status-quo effect, merits follow-through category, downstream policy status, and repeat filing must be coded or explicitly scoped out before all-application emergency claims. Petitioner: Gregory Hunt; respondent: Alabama."
shadow-docket-v3-0,shadow_docket_database_v3-0.csv:line 401790,https://www.shadowdocketdata.com/data,OT2024,24-7397,,Stay,private_or_individual,private_or_individual,Stay,Court of Criminal Appeals of Oklahoma,,,1,2025-06-11,0,Denied,,0,uncoded,,,,uncoded,,uncoded,,"Prefilled from compact Shadow Docket Database v3.0 extract. This denied/non-binary queue is not validation evidence. Application filing date, response request, reasoning, status-quo effect, merits follow-through category, downstream policy status, and repeat filing must be coded or explicitly scoped out before all-application emergency claims. Petitioner: John Fitzgerald Hanson; respondent: Oklahoma."
shadow-docket-v3-0,shadow_docket_database_v3-0.csv:line 401804,https://www.shadowdocketdata.com/data,OT2024,24A1231,,Stay,private_or_individual,private_or_individual,Stay,United States Court of Appeals for the Fourth Circuit,,,1,2025-06-13,0,Denied,,0,uncoded,,,,uncoded,,uncoded,,"Prefilled from compact Shadow Docket Database v3.0 extract. This denied/non-binary queue is not validation evidence. Application filing date, response request, reasoning, status-quo effect, merits follow-through category, downstream policy status, and repeat filing must be coded or explicitly scoped out before all-application emergency claims. Petitioner: Stephen C. Stanko; respondent: Joel E."
shadow-docket-v3-0,shadow_docket_database_v3-0.csv:line 402039,https://www.shadowdocketdata.com/data,OT2024,24-7457,,Stay,private_or_individual,private_or_individual,Stay,Supreme Court of Florida,,,1,2025-06-24,0,Denied,,0,uncoded,,,,uncoded,,uncoded,,"Prefilled from compact Shadow Docket Database v3.0 extract. This denied/non-binary queue is not validation evidence. Application filing date, response request, reasoning, status-quo effect, merits follow-through category, downstream policy status, and repeat filing must be coded or explicitly scoped out before all-application emergency claims. Petitioner: Thomas Lee Gudinas; respondent: Florida."
shadow-docket-v3-0,shadow_docket_database_v3-0.csv:line 402049,https://www.shadowdocketdata.com/data,OT2024,24-7474,,Stay,private_or_individual,private_or_individual,Stay,Supreme Court of Mississippi,,,1,2025-06-25,0,Denied,,0,uncoded,,,,uncoded,,uncoded,,"Prefilled from compact Shadow Docket Database v3.0 extract. This denied/non-binary queue is not validation evidence. Application filing date, response request, reasoning, status-quo effect, merits follow-through category, downstream policy status, and repeat filing must be coded or explicitly scoped out before all-application emergency claims. Petitioner: Richard Gerald Jordan; respondent: Mississippi."
shadow-docket-v3-0,shadow_docket_database_v3-0.csv:line 402051,https://www.shadowdocketdata.com/data,OT2024,24-7491,,Stay,private_or_individual,private_or_individual,Stay,United States Court of Appeals for the Fifth Circuit,,,1,2025-06-25,0,Denied,,0,uncoded,,,,uncoded,,uncoded,,"Prefilled from compact Shadow Docket Database v3.0 extract. This denied/non-binary queue is not validation evidence. Application filing date, response request, reasoning, status-quo effect, merits follow-through category, downstream policy status, and repeat filing must be coded or explicitly scoped out before all-application emergency claims. Petitioner: Richard Jordan; respondent: Mississippi State Executioner, et al."
shadow-docket-v3-0,shadow_docket_database_v3-0.csv:line 402048,https://www.shadowdocketdata.com/data,OT2024,24A1143,,Stay,private_or_individual,private_or_individual,Stay,Supreme Court of Mississippi,,,1,2025-06-25,0,Denied,,0,uncoded,,,,uncoded,,uncoded,,"Prefilled from compact Shadow Docket Database v3.0 extract. This denied/non-binary queue is not validation evidence. Application filing date, response request, reasoning, status-quo effect, merits follow-through category, downstream policy status, and repeat filing must be coded or explicitly scoped out before all-application emergency claims. Petitioner: Richard Gerald Jordan; respondent: Mississippi."
shadow-docket-v3-0,shadow_docket_database_v3-0.csv:line 402285,https://www.shadowdocketdata.com/data,OT2024,24A1269,,Stay,private_or_individual,private_or_individual,Stay,United States Court of Appeals for the Eleventh Circuit,,,1,2025-07-09,0,Denied,,0,uncoded,,,,uncoded,,uncoded,,"Prefilled from compact Shadow Docket Database v3.0 extract. This denied/non-binary queue is not validation evidence. Application filing date, response request, reasoning, status-quo effect, merits follow-through category, downstream policy status, and repeat filing must be coded or explicitly scoped out before all-application emergency claims. Petitioner: James Uthmeier, Attorney General of Florida, et al.; respondent: Florida Immigrant Coalition, et al."
shadow-docket-v3-0,shadow_docket_database_v3-0.csv:line 402317,https://www.shadowdocketdata.com/data,OT2024,25-5083,,Stay,private_or_individual,private_or_individual,Stay,Supreme Court of Florida,,,1,2025-07-15,0,Denied,,0,uncoded,,,,uncoded,,uncoded,,"Prefilled from compact Shadow Docket Database v3.0 extract. This denied/non-binary queue is not validation evidence. Application filing date, response request, reasoning, status-quo effect, merits follow-through category, downstream policy status, and repeat filing must be coded or explicitly scoped out before all-application emergency claims. Petitioner: Michael Bernard Bell; respondent: Florida."
shadow-docket-v3-0,shadow_docket_database_v3-0.csv:line 402319,https://www.shadowdocketdata.com/data,OT2024,25-5097,,Stay,private_or_individual,private_or_individual,Stay,United States Court of Appeals for the Eleventh Circuit,,,1,2025-07-15,0,Denied,,1,uncoded,,,,uncoded,,uncoded,,"Prefilled from compact Shadow Docket Database v3.0 extract. This denied/non-binary queue is not validation evidence. Application filing date, response request, reasoning, status-quo effect, merits follow-through category, downstream policy status, and repeat filing must be coded or explicitly scoped out before all-application emergency claims. Petitioner: Michael Bell; respondent: Ricky D. Dixon, Secretary, Florida Department of Corrections, et al."
shadow-docket-v3-0,shadow_docket_database_v3-0.csv:line 402320,https://www.shadowdocketdata.com/data,OT2024,25-5097,,Stay,private_or_individual,private_or_individual,Stay,United States Court of Appeals for the Eleventh Circuit,,,1,2025-07-15,0,Denied,,1,uncoded,,,,uncoded,,uncoded,,"Prefilled from compact Shadow Docket Database v3.0 extract. This denied/non-binary queue is not validation evidence. Application filing date, response request, reasoning, status-quo effect, merits follow-through category, downstream policy status, and repeat filing must be coded or explicitly scoped out before all-application emergency claims. Petitioner: Michael Bell; respondent: Ricky D. Dixon, Secretary, Florida Department of Corrections, et al."
shadow-docket-v3-0,shadow_docket_database_v3-0.csv:line 402410,https://www.shadowdocketdata.com/data,OT2024,25-5194,,Stay,private_or_individual,private_or_individual,Stay,Supreme Court of Florida,,,1,2025-07-30,0,Denied,,0,uncoded,,,,uncoded,,uncoded,,"Prefilled from compact Shadow Docket Database v3.0 extract. This denied/non-binary queue is not validation evidence. Application filing date, response request, reasoning, status-quo effect, merits follow-through category, downstream policy status, and repeat filing must be coded or explicitly scoped out before all-application emergency claims. Petitioner: Edward J. Zakrzewski, II; respondent: Florida."
shadow-docket-v3-0,shadow_docket_database_v3-0.csv:line 402432,https://www.shadowdocketdata.com/data,OT2024,25-5129,,Stay,private_or_individual,private_or_individual,Stay,"Supreme Court of Tennessee, Middle Division",,,1,2025-08-04,0,Denied,,0,uncoded,,,,uncoded,,uncoded,,"Prefilled from compact Shadow Docket Database v3.0 extract. This denied/non-binary queue is not validation evidence. Application filing date, response request, reasoning, status-quo effect, merits follow-through category, downstream policy status, and repeat filing must be coded or explicitly scoped out before all-application emergency claims. Petitioner: Byron Lewis Black; respondent: Tennessee."
shadow-docket-v3-0,shadow_docket_database_v3-0.csv:line 402434,https://www.shadowdocketdata.com/data,OT2024,25-5214,,Stay,private_or_individual,private_or_individual,Stay,"Supreme Court of Tennessee, Middle Division",,,1,2025-08-04,0,Denied,,0,uncoded,,,,uncoded,,uncoded,,"Prefilled from compact Shadow Docket Database v3.0 extract. This denied/non-binary queue is not validation evidence. Application filing date, response request, reasoning, status-quo effect, merits follow-through category, downstream policy status, and repeat filing must be coded or explicitly scoped out before all-application emergency claims. Petitioner: Byron Lewis Black; respondent: Tennessee."
shadow-docket-v3-0,shadow_docket_database_v3-0.csv:line 402436,https://www.shadowdocketdata.com/data,OT2024,25-5261,,Stay,private_or_individual,private_or_individual,Stay,"Supreme Court of Tennessee, Middle Division",,,1,2025-08-04,0,Denied,,0,uncoded,,,,uncoded,,uncoded,,"Prefilled from compact Shadow Docket Database v3.0 extract. This denied/non-binary queue is not validation evidence. Application filing date, response request, reasoning, status-quo effect, merits follow-through category, downstream policy status, and repeat filing must be coded or explicitly scoped out before all-application emergency claims. Petitioner: Byron Black; respondent: Frank Strada, Commissioner, Tennessee Department of Corrections, et al."
shadow-docket-v3-0,shadow_docket_database_v3-0.csv:line 402438,https://www.shadowdocketdata.com/data,OT2024,25-5262,,Stay,private_or_individual,private_or_individual,Stay,United States Court of Appeals for the Sixth Circuit,,,1,2025-08-04,0,Denied,,0,uncoded,,,,uncoded,,uncoded,,"Prefilled from compact Shadow Docket Database v3.0 extract. This denied/non-binary queue is not validation evidence. Application filing date, response request, reasoning, status-quo effect, merits follow-through category, downstream policy status, and repeat filing must be coded or explicitly scoped out before all-application emergency claims. Petitioner: In Re Byron Lewis Black; respondent: NA."
shadow-docket-v3-0,shadow_docket_database_v3-0.csv:line 402486,https://www.shadowdocketdata.com/data,OT2024,25A97,,Stay,private_or_individual,private_or_individual,Stay,United States Court of Appeals for the Fifth Circuit,,,1,2025-08-14,0,Denied,,0,uncoded,,,,uncoded,,uncoded,,"Prefilled from compact Shadow Docket Database v3.0 extract. This denied/non-binary queue is not validation evidence. Application filing date, response request, reasoning, status-quo effect, merits follow-through category, downstream policy status, and repeat filing must be coded or explicitly scoped out before all-application emergency claims. Petitioner: NetChoice, LLC; respondent: Lynn Fitch, Attorney General of Mississippi."
shadow-docket-v3-0,shadow_docket_database_v3-0.csv:line 402528,https://www.shadowdocketdata.com/data,OT2024,25-5315,,Stay,private_or_individual,private_or_individual,Stay,United States Court of Appeals for the Eleventh Circuit,,,1,2025-08-19,0,Denied,,0,uncoded,,,,uncoded,,uncoded,,"Prefilled from compact Shadow Docket Database v3.0 extract. This denied/non-binary queue is not validation evidence. Application filing date, response request, reasoning, status-quo effect, merits follow-through category, downstream policy status, and repeat filing must be coded or explicitly scoped out before all-application emergency claims. Petitioner: Kayle Barrington Bates; respondent: Ricky D. Dixon, Secretary, Florida Department of Corrections."
shadow-docket-v3-0,shadow_docket_database_v3-0.csv:line 402530,https://www.shadowdocketdata.com/data,OT2024,25-5370,,Stay,private_or_individual,private_or_individual,Stay,Supreme Court of Florida,,,1,2025-08-19,0,Denied,,0,uncoded,,,,uncoded,,uncoded,,"Prefilled from compact Shadow Docket Database v3.0 extract. This denied/non-binary queue is not validation evidence. Application filing date, response request, reasoning, status-quo effect, merits follow-through category, downstream policy status, and repeat filing must be coded or explicitly scoped out before all-application emergency claims. Petitioner: Kayle B. Bates; respondent: Florida, et al."
shadow-docket-v3-0,shadow_docket_database_v3-0.csv:line 402532,https://www.shadowdocketdata.com/data,OT2024,25-5379,,Stay,uncoded,private_or_individual,Stay,United States Court of Appeals for the Eleventh Circuit,,,1,2025-08-19,0,Denied,,0,uncoded,,,,uncoded,,uncoded,,"Prefilled from compact Shadow Docket Database v3.0 extract. This denied/non-binary queue is not validation evidence. Application filing date, response request, reasoning, status-quo effect, merits follow-through category, downstream policy status, and repeat filing must be coded or explicitly scoped out before all-application emergency claims. Petitioner: Kayle Barrington Bates; respondent: Ron DeSantis, Governor of Florida."
shadow-docket-v3-0,shadow_docket_database_v3-0.csv:line 402544,https://www.shadowdocketdata.com/data,OT2024,25A103,,Stay,government,private_or_individual,Stay,United States Court of Appeals for the First Circuit,,,1,2025-08-21,NA,Granted/Denied,,1,uncoded,,,,uncoded,,uncoded,,"Prefilled from compact Shadow Docket Database v3.0 extract. This denied/non-binary queue is not validation evidence. Application filing date, response request, reasoning, status-quo effect, merits follow-through category, downstream policy status, and repeat filing must be coded or explicitly scoped out before all-application emergency claims. Petitioner: National Institutes of Health, et al.; respondent: American Public Health Association, et al."
shadow-docket-v3-0,shadow_docket_database_v3-0.csv:line 402568,https://www.shadowdocketdata.com/data,OT2024,25-5440,,Stay,private_or_individual,private_or_individual,Stay,Supreme Court of Florida,,,1,2025-08-27,0,Denied,,0,uncoded,,,,uncoded,,uncoded,,"Prefilled from compact Shadow Docket Database v3.0 extract. This denied/non-binary queue is not validation evidence. Application filing date, response request, reasoning, status-quo effect, merits follow-through category, downstream policy status, and repeat filing must be coded or explicitly scoped out before all-application emergency claims. Petitioner: Curtis Windom; respondent: Florida, et al."
shadow-docket-v3-0,shadow_docket_database_v3-0.csv:line 402607,https://www.shadowdocketdata.com/data,OT2024,24A1166,,Stay,private_or_individual,uncoded,Stay,United States Court of Appeals for the First Circuit,,,1,2025-09-05,0,Denied,,0,uncoded,,,,uncoded,,uncoded,,"Prefilled from compact Shadow Docket Database v3.0 extract. This denied/non-binary queue is not validation evidence. Application filing date, response request, reasoning, status-quo effect, merits follow-through category, downstream policy status, and repeat filing must be coded or explicitly scoped out before all-application emergency claims. Petitioner: Ray Leonerdirt Diaz Santiago; respondent: Jose Ramon Carrion Morales, et al."
shadow-docket-v3-0,shadow_docket_database_v3-0.csv:line 402609,https://www.shadowdocketdata.com/data,OT2024,25A111,,Stay,private_or_individual,uncoded,Stay,Supreme Court of Colorado,,,1,2025-09-05,0,Denied,,0,uncoded,,,,uncoded,,uncoded,,"Prefilled from compact Shadow Docket Database v3.0 extract. This denied/non-binary queue is not validation evidence. Application filing date, response request, reasoning, status-quo effect, merits follow-through category, downstream policy status, and repeat filing must be coded or explicitly scoped out before all-application emergency claims. Petitioner: Judy A. Brannberg; respondent: Jefferson County Public Schools, et al."
shadow-docket-v3-0,shadow_docket_database_v3-0.csv:line 402608,https://www.shadowdocketdata.com/data,OT2024,25A26,,Stay,private_or_individual,government,Stay,United States Court of Appeals for the Federal Circuit,,,1,2025-09-05,0,Denied,,0,uncoded,,,,uncoded,,uncoded,,"Prefilled from compact Shadow Docket Database v3.0 extract. This denied/non-binary queue is not validation evidence. Application filing date, response request, reasoning, status-quo effect, merits follow-through category, downstream policy status, and repeat filing must be coded or explicitly scoped out before all-application emergency claims. Petitioner: Martin Akerman; respondent: Merit Systems Protection Board."
shadow-docket-v3-0,shadow_docket_database_v3-0.csv:line 402664,https://www.shadowdocketdata.com/data,OT2024,25A234,,Stay,private_or_individual,private_or_individual,Stay,United States Court of Appeals for the Fourth Circuit,,,1,2025-09-10,0,Denied,,1,uncoded,,,,uncoded,,uncoded,,"Prefilled from compact Shadow Docket Database v3.0 extract. This denied/non-binary queue is not validation evidence. Application filing date, response request, reasoning, status-quo effect, merits follow-through category, downstream policy status, and repeat filing must be coded or explicitly scoped out before all-application emergency claims. Petitioner: South Carolina, et al.; respondent: John Doe, By His Next Friends and Parents, Jim Doe and Jane Doe."
shadow-docket-v3-0,shadow_docket_database_v3-0.csv:line 402743,https://www.shadowdocketdata.com/data,OT2024,25-5712,,Stay,private_or_individual,private_or_individual,Stay,NA,,,1,2025-09-25,0,Denied,,0,uncoded,,,,uncoded,,uncoded,,"Prefilled from compact Shadow Docket Database v3.0 extract. This denied/non-binary queue is not validation evidence. Application filing date, response request, reasoning, status-quo effect, merits follow-through category, downstream policy status, and repeat filing must be coded or explicitly scoped out before all-application emergency claims. Petitioner: In Re Blaine Milam; respondent: NA."
shadow-docket-v3-0,shadow_docket_database_v3-0.csv:line 402782,https://www.shadowdocketdata.com/data,OT2024,25-5745,,Stay,private_or_individual,private_or_individual,Stay,Supreme Court of Florida,,,1,2025-09-30,0,Denied,,0,uncoded,,,,uncoded,,uncoded,,"Prefilled from compact Shadow Docket Database v3.0 extract. This denied/non-binary queue is not validation evidence. Application filing date, response request, reasoning, status-quo effect, merits follow-through category, downstream policy status, and repeat filing must be coded or explicitly scoped out before all-application emergency claims. Petitioner: Victor Tony Jones; respondent: Florida, et al."
shadow-docket-v3-0,shadow_docket_database_v3-0.csv:line 402795,https://www.shadowdocketdata.com/data,OT2024,25A312,,Stay,government,private_or_individual,Stay,United States Court of Appeals for the District of Columbia Circuit,,,1,2025-10-01,NA,NA,,0,uncoded,,,,uncoded,,uncoded,,"Prefilled from compact Shadow Docket Database v3.0 extract. This denied/non-binary queue is not validation evidence. Application filing date, response request, reasoning, status-quo effect, merits follow-through category, downstream policy status, and repeat filing must be coded or explicitly scoped out before all-application emergency claims. Petitioner: Donald J. Trump, President of the United States, et al.; respondent: Lisa D."
