sourceKey,sourceRecordId,sourceUrl,term,docketNumber,applicationDate,applicationClass,applicantType,respondentType,reliefRequested,lowerCourt,responseRequested,briefingWindowDays,fullCourtReferral,dispositionDate,reliefGranted,dispositionType,reasoningPresent,publicDisagreement,statusQuoEffect,linkedMeritsDocket,linkedMeritsFiledDate,linkedMeritsDecisionDate,meritsFollowThroughCategory,linkedMeritsOutcome,downstreamPolicyStatus,repeatFilingFlag,coderNotes
scotus-docket-plus-shadow-docket-v3-0,shadow_docket_database_v3-0.csv:line 388343,https://www.supremecourt.gov/docket/docketfiles/html/public/23-5653.html,OT2023,23-5653,2023-09-26,Stay,private_or_individual,private_or_individual,Stay,Supreme Court of Florida,0,,1,2023-10-02,0,Denied,0,0,requested_emergency_relief_denied_status_quo_preserved,,,,cert_or_merits_petition_denied_no_scotus_merits_followthrough,,requested_emergency_relief_denied_no_scotus_policy_change,0,Official docket page coded for denied/NA emergency slice: application filed 2023-09-26; no court-requested response found; final application entry: Application (23A262) for stay of execution of sentence of death presented to Justice Thomas any by him referred to the Court is denied. The petition for a writ of certiorari is denied.. This source row supports all-application docket-linkage fields but not external implementation validation. Shadow source row preserved in sourceRecordId; source disposition was Denied.
scotus-docket-plus-shadow-docket-v3-0,shadow_docket_database_v3-0.csv:line 388345,https://www.supremecourt.gov/docket/docketfiles/html/public/23-5667.html,OT2023,23-5667,2023-09-28,Stay,private_or_individual,private_or_individual,Stay,United States Court of Appeals for the Eleventh Circuit,0,,1,2023-10-02,0,Denied,0,0,requested_emergency_relief_denied_status_quo_preserved,,,,cert_or_merits_petition_denied_no_scotus_merits_followthrough,,requested_emergency_relief_denied_no_scotus_policy_change,0,Official docket page coded for denied/NA emergency slice: application filed 2023-09-28; no court-requested response found; final application entry: Application (23A276) for stay of execution of sentence of death presented to Justice Thomas and by him referred to the Court is denied. The petition for a writ of certiorari is denied.. This source row supports all-application docket-linkage fields but not external implementation validation. Shadow source row preserved in sourceRecordId; source disposition was Denied.
scotus-docket-plus-shadow-docket-v3-0,shadow_docket_database_v3-0.csv:line 387420,https://www.supremecourt.gov/docket/docketfiles/html/public/23A112.html,OT2023,23A112,2023-08-03,Stay,private_or_individual,government,Stay,United States Court of Appeals for the Ninth Circuit,0,,1,2023-10-02,0,Denied,0,0,requested_emergency_relief_denied_status_quo_preserved,,,,no_scotus_merits_link_on_application_docket,,requested_emergency_relief_denied_no_scotus_policy_change,1,Official docket page coded for denied/NA emergency slice: application filed 2023-08-03; no court-requested response found; final application entry: Application (23A112) denied by the Court.. This source row supports all-application docket-linkage fields but not external implementation validation. Shadow source row preserved in sourceRecordId; source disposition was Denied.
scotus-docket-plus-shadow-docket-v3-0,shadow_docket_database_v3-0.csv:line 387421,https://www.supremecourt.gov/docket/docketfiles/html/public/23A128.html,OT2023,23A128,2023-07-25,Injunction,private_or_individual,uncoded,Injunction,"District Court of Appeal of Florida, First District",0,,1,2023-10-02,0,Denied,0,0,requested_emergency_relief_denied_status_quo_preserved,,,,no_scotus_merits_link_on_application_docket,,requested_emergency_relief_denied_no_scotus_policy_change,1,Official docket page coded for denied/NA emergency slice: application filed 2023-07-25; no court-requested response found; final application entry: Application (23A128) denied by the Court.. This source row supports all-application docket-linkage fields but not external implementation validation. Shadow source row preserved in sourceRecordId; source disposition was Denied.
scotus-docket-plus-shadow-docket-v3-0,shadow_docket_database_v3-0.csv:line 387422,https://www.supremecourt.gov/docket/docketfiles/html/public/23A196.html,OT2023,23A196,2023-08-28,Stay,private_or_individual,uncoded,Stay,United States Court of Appeals for the Fifth Circuit,0,,1,2023-10-02,0,Denied,0,0,requested_emergency_relief_denied_status_quo_preserved,,,,no_scotus_merits_link_on_application_docket,,requested_emergency_relief_denied_no_scotus_policy_change,1,Official docket page coded for denied/NA emergency slice: application filed 2023-08-28; no court-requested response found; final application entry: Application (23A196) denied by the Court.. This source row supports all-application docket-linkage fields but not external implementation validation. Shadow source row preserved in sourceRecordId; source disposition was Denied.
scotus-docket-plus-shadow-docket-v3-0,shadow_docket_database_v3-0.csv:line 387418,https://www.supremecourt.gov/docket/docketfiles/html/public/23A96.html,OT2023,23A96,2023-07-17,Stay,private_or_individual,uncoded,Stay,Supreme Court of Louisiana,0,,1,2023-10-02,0,Denied,0,0,requested_emergency_relief_denied_status_quo_preserved,,,,no_scotus_merits_link_on_application_docket,,requested_emergency_relief_denied_no_scotus_policy_change,1,Official docket page coded for denied/NA emergency slice: application filed 2023-07-17; no court-requested response found; final application entry: Application (23A96) denied by the Court.. This source row supports all-application docket-linkage fields but not external implementation validation. Shadow source row preserved in sourceRecordId; source disposition was Denied.
scotus-docket-plus-shadow-docket-v3-0,shadow_docket_database_v3-0.csv:line 387419,https://www.supremecourt.gov/docket/docketfiles/html/public/23A99.html,OT2023,23A99,2023-07-20,Stay,private_or_individual,private_or_individual,Stay,Supreme Court of Texas,0,,1,2023-10-02,0,Denied,0,0,requested_emergency_relief_denied_status_quo_preserved,,,,no_scotus_merits_link_on_application_docket,,requested_emergency_relief_denied_no_scotus_policy_change,1,Official docket page coded for denied/NA emergency slice: application filed 2023-07-20; no court-requested response found; final application entry: Application (23A99) denied by the Court.. This source row supports all-application docket-linkage fields but not external implementation validation. Shadow source row preserved in sourceRecordId; source disposition was Denied.
scotus-docket-plus-shadow-docket-v3-0,shadow_docket_database_v3-0.csv:line 388806,https://www.supremecourt.gov/docket/docketfiles/html/public/23-5740.html,OT2023,23-5740,2023-10-10,Stay,private_or_individual,private_or_individual,Stay,Court of Criminal Appeals of Texas,0,,1,2023-10-10,0,Denied,0,0,requested_emergency_relief_denied_status_quo_preserved,,,,cert_or_merits_petition_denied_no_scotus_merits_followthrough,,requested_emergency_relief_denied_no_scotus_policy_change,0,Official docket page coded for denied/NA emergency slice: application filed 2023-10-10; no court-requested response found; final application entry: Application (23A316) for stay of execution of sentence of death presented to Justice Alito and by him referred to the Court is denied. The petition for a writ of certiorari is denied.. This source row supports all-application docket-linkage fields but not external implementation validation. Shadow source row preserved in sourceRecordId; source disposition was Denied.
scotus-docket-plus-shadow-docket-v3-0,shadow_docket_database_v3-0.csv:line 388599,https://www.supremecourt.gov/docket/docketfiles/html/public/23A139.html,OT2023,23A139,2023-08-08,Injunction,private_or_individual,uncoded,Injunction,United States Court of Appeals for the Fourth Circuit,0,,1,2023-10-10,0,Denied,0,0,requested_emergency_relief_denied_status_quo_preserved,,,,no_scotus_merits_link_on_application_docket,,requested_emergency_relief_denied_no_scotus_policy_change,1,Official docket page coded for denied/NA emergency slice: application filed 2023-08-08; no court-requested response found; final application entry: Application (23A139) denied by the Court.. This source row supports all-application docket-linkage fields but not external implementation validation. Shadow source row preserved in sourceRecordId; source disposition was Denied.
scotus-docket-plus-shadow-docket-v3-0,shadow_docket_database_v3-0.csv:line 388598,https://www.supremecourt.gov/docket/docketfiles/html/public/23A16.html,OT2023,23A16,2023-07-03,Stay,private_or_individual,uncoded,Stay,United States Court of Appeals for the First Circuit,0,,1,2023-10-10,0,Denied,0,0,requested_emergency_relief_denied_status_quo_preserved,,,,no_scotus_merits_link_on_application_docket,,requested_emergency_relief_denied_no_scotus_policy_change,1,Official docket page coded for denied/NA emergency slice: application filed 2023-07-03; no court-requested response found; final application entry: Application (23A16) denied by the Court.. This source row supports all-application docket-linkage fields but not external implementation validation. Shadow source row preserved in sourceRecordId; source disposition was Denied.
scotus-docket-plus-shadow-docket-v3-0,shadow_docket_database_v3-0.csv:line 388602,https://www.supremecourt.gov/docket/docketfiles/html/public/23A210.html,OT2023,23A210,2023-08-04,Injunction,private_or_individual,uncoded,Injunction,United States Court of Appeals for the Seventh Circuit,0,,1,2023-10-10,0,Denied,0,0,requested_emergency_relief_denied_status_quo_preserved,,,,no_scotus_merits_link_on_application_docket,,requested_emergency_relief_denied_no_scotus_policy_change,1,Official docket page coded for denied/NA emergency slice: application filed 2023-08-04; no court-requested response found; final application entry: Application (23A210) denied by the Court.. This source row supports all-application docket-linkage fields but not external implementation validation. Shadow source row preserved in sourceRecordId; source disposition was Denied.
scotus-docket-plus-shadow-docket-v3-0,shadow_docket_database_v3-0.csv:line 388603,https://www.supremecourt.gov/docket/docketfiles/html/public/23A230.html,OT2023,23A230,2023-09-11,Stay,private_or_individual,uncoded,Stay,United States Court of Appeals for the Second Circuit,0,,1,2023-10-10,0,Denied,0,0,requested_emergency_relief_denied_status_quo_preserved,,,,no_scotus_merits_link_on_application_docket,,requested_emergency_relief_denied_no_scotus_policy_change,1,Official docket page coded for denied/NA emergency slice: application filed 2023-09-11; no court-requested response found; final application entry: Application (23A230) denied by the Court.. This source row supports all-application docket-linkage fields but not external implementation validation. Shadow source row preserved in sourceRecordId; source disposition was Denied.
scotus-docket-plus-shadow-docket-v3-0,shadow_docket_database_v3-0.csv:line 389007,https://www.supremecourt.gov/docket/docketfiles/html/public/23A281.html,OT2023,23A281,2023-09-29,Stay,private_or_individual,private_or_individual,Stay,United States Court of Appeals for the Fifth Circuit,1,8,1,2023-10-19,0,Denied,1,0,requested_emergency_relief_denied_status_quo_preserved,,,,no_scotus_merits_link_on_application_docket,,requested_emergency_relief_denied_no_scotus_policy_change,0,Official docket page coded for denied/NA emergency slice: application filed 2023-09-29; response requested; final application entry: Application (23A281) for stay presented to Justice Alito and by him referred to the Court is denied. Justice Jackson concurring. (Detached Opinion ). This source row supports all-application docket-linkage fields but not external implementation validation. Shadow source row preserved in sourceRecordId; source disposition was Denied.
scotus-docket-plus-shadow-docket-v3-0,shadow_docket_database_v3-0.csv:line 389008,https://www.supremecourt.gov/docket/docketfiles/html/public/23A282.html,OT2023,23A282,2023-09-30,Stay,private_or_individual,private_or_individual,Stay,United States Court of Appeals for the Fifth Circuit,1,8,1,2023-10-19,0,Denied,1,0,requested_emergency_relief_denied_status_quo_preserved,,,,no_scotus_merits_link_on_application_docket,,requested_emergency_relief_denied_no_scotus_policy_change,0,Official docket page coded for denied/NA emergency slice: application filed 2023-09-30; response requested; final application entry: Application (23A282) for stay presented to Justice Alito and by him referred to the Court is denied. Justice Jackson concurring. (Detached Opinion). This source row supports all-application docket-linkage fields but not external implementation validation. Shadow source row preserved in sourceRecordId; source disposition was Denied.
scotus-docket-plus-shadow-docket-v3-0,shadow_docket_database_v3-0.csv:line 389012,https://www.supremecourt.gov/docket/docketfiles/html/public/23A296.html,OT2023,23A296,2023-10-03,Stay,private_or_individual,government,Stay,United States Court of Appeals for the Eighth Circuit,1,5,1,2023-10-20,0,Denied,1,1,requested_emergency_relief_denied_status_quo_preserved,,,,no_scotus_merits_link_on_application_docket,,requested_emergency_relief_denied_no_scotus_policy_change,0,"Official docket page coded for denied/NA emergency slice: application filed 2023-10-03; response requested; final application entry: Application (23A296) for stay presented to Justice Kavanaugh and by him referred to the Court is denied. Justice Thomas would grant the application for stay. Statement of Justice Gorsuch, with whom Justice Alito joins, respecting the denial of the application for stay. (Detached Opinion ). This source row supports all-application docket-linkage fields but not external implementation validation. Shadow source row preserved in sourceRecordId; source disposition was Denied."
scotus-docket-plus-shadow-docket-v3-0,shadow_docket_database_v3-0.csv:line 389027,https://www.supremecourt.gov/docket/docketfiles/html/public/23A315.html,OT2023,23A315,2023-10-06,Stay,private_or_individual,government,Stay,United States Court of Appeals for the District of Columbia Circuit,0,,1,2023-10-25,0,Denied,1,0,requested_emergency_relief_denied_status_quo_preserved,,,,no_scotus_merits_link_on_application_docket,,requested_emergency_relief_denied_no_scotus_policy_change,0,Official docket page coded for denied/NA emergency slice: application filed 2023-10-06; no court-requested response found; final application entry: Application (23A315) for stay presented to The Chief Justice and by him referred to the Court is denied. The order heretofore entered by The Chief Justice is vacated. (Detached Opinion). This source row supports all-application docket-linkage fields but not external implementation validation. Shadow source row preserved in sourceRecordId; source disposition was Denied.
scotus-docket-plus-shadow-docket-v3-0,shadow_docket_database_v3-0.csv:line 389028,https://www.supremecourt.gov/docket/docketfiles/html/public/23A315.html,OT2023,23A315,2023-10-06,Vacate,private_or_individual,government,Vacate,United States Court of Appeals for the District of Columbia Circuit,0,,1,2023-10-25,NA,NA,1,0,nonbinary_or_na_docket_status_no_emergency_relief_granted,,,,no_scotus_merits_link_on_application_docket,,nonbinary_or_na_docket_status_no_external_implementation_coding,0,Official docket page coded for denied/NA emergency slice: application filed 2023-10-06; no court-requested response found; final application entry: Application (23A315) for stay presented to The Chief Justice and by him referred to the Court is denied. The order heretofore entered by The Chief Justice is vacated. (Detached Opinion). This source row supports all-application docket-linkage fields but not external implementation validation. Shadow source row preserved in sourceRecordId; source disposition was NA.
scotus-docket-plus-shadow-docket-v3-0,shadow_docket_database_v3-0.csv:line 389044,https://www.supremecourt.gov/docket/docketfiles/html/public/23A161.html,OT2023,23A161,2023-08-17,Injunction,private_or_individual,uncoded,Injunction,United States Court of Appeals for the Ninth Circuit,0,,1,2023-10-30,0,Denied,0,0,requested_emergency_relief_denied_status_quo_preserved,,,,no_scotus_merits_link_on_application_docket,,requested_emergency_relief_denied_no_scotus_policy_change,1,Official docket page coded for denied/NA emergency slice: application filed 2023-08-17; no court-requested response found; final application entry: Application (23A161) denied by the Court.. This source row supports all-application docket-linkage fields but not external implementation validation. Shadow source row preserved in sourceRecordId; source disposition was Denied.
scotus-docket-plus-shadow-docket-v3-0,shadow_docket_database_v3-0.csv:line 389045,https://www.supremecourt.gov/docket/docketfiles/html/public/23A185.html,OT2023,23A185,2023-08-17,Stay,private_or_individual,government,Stay,United States Court of Appeals for the Fourth Circuit,0,,1,2023-10-30,0,Denied,0,0,requested_emergency_relief_denied_status_quo_preserved,,,,no_scotus_merits_link_on_application_docket,,requested_emergency_relief_denied_no_scotus_policy_change,1,Official docket page coded for denied/NA emergency slice: application filed 2023-08-17; no court-requested response found; final application entry: Application (23A185) denied by the Court.. This source row supports all-application docket-linkage fields but not external implementation validation. Shadow source row preserved in sourceRecordId; source disposition was Denied.
scotus-docket-plus-shadow-docket-v3-0,shadow_docket_database_v3-0.csv:line 389046,https://www.supremecourt.gov/docket/docketfiles/html/public/23A242.html,OT2023,23A242,2023-09-08,Stay,private_or_individual,uncoded,Stay,"Appellate Division, Supreme Court of New York, Second Judicial Department",0,,1,2023-10-30,0,Denied,0,0,requested_emergency_relief_denied_status_quo_preserved,,,,no_scotus_merits_link_on_application_docket,,requested_emergency_relief_denied_no_scotus_policy_change,1,Official docket page coded for denied/NA emergency slice: application filed 2023-09-08; no court-requested response found; final application entry: Application (23A242) denied by the Court.. This source row supports all-application docket-linkage fields but not external implementation validation. Shadow source row preserved in sourceRecordId; source disposition was Denied.
scotus-docket-plus-shadow-docket-v3-0,shadow_docket_database_v3-0.csv:line 389509,https://www.supremecourt.gov/docket/docketfiles/html/public/23A364.html,OT2023,23A364,2023-10-17,Stay,private_or_individual,private_or_individual,Stay,"38th Judicial District Court of Louisiana, Cameron Parish",1,7,1,2023-11-07,0,Denied,0,0,requested_emergency_relief_denied_status_quo_preserved,,,,no_scotus_merits_link_on_application_docket,,requested_emergency_relief_denied_no_scotus_policy_change,0,Official docket page coded for denied/NA emergency slice: application filed 2023-10-17; response requested; final application entry: Application (23A364) for stay presented to Justice Alito and by him referred to the Court is denied.. This source row supports all-application docket-linkage fields but not external implementation validation. Shadow source row preserved in sourceRecordId; source disposition was Denied.
scotus-docket-plus-shadow-docket-v3-0,shadow_docket_database_v3-0.csv:line 389694,https://www.supremecourt.gov/docket/docketfiles/html/public/23-471.html,OT2023,23-471,2023-11-01,Stay,private_or_individual,uncoded,Stay,Supreme Court of Alabama,0,,1,2023-11-16,0,Denied,0,0,requested_emergency_relief_denied_status_quo_preserved,,,,cert_or_merits_petition_denied_no_scotus_merits_followthrough,,requested_emergency_relief_denied_no_scotus_policy_change,0,Official docket page coded for denied/NA emergency slice: application filed 2023-11-01; no court-requested response found; final application entry: Application (23A402) for stay of execution of sentence of death presented to Justice Thomas and by him referred to the Court is denied. The petition for a writ of certiorari is denied.. This source row supports all-application docket-linkage fields but not external implementation validation. Shadow source row preserved in sourceRecordId; source disposition was Denied.
scotus-docket-plus-shadow-docket-v3-0,shadow_docket_database_v3-0.csv:line 389696,https://www.supremecourt.gov/docket/docketfiles/html/public/23-503.html,OT2023,23-503,2023-11-14,Stay,private_or_individual,uncoded,Stay,Supreme Court of Alabama,0,,1,2023-11-16,0,Denied,0,0,requested_emergency_relief_denied_status_quo_preserved,,,,cert_or_merits_petition_denied_no_scotus_merits_followthrough,,requested_emergency_relief_denied_no_scotus_policy_change,0,Official docket page coded for denied/NA emergency slice: application filed 2023-11-14; no court-requested response found; final application entry: Application (23A429) for stay of execution of sentence of death presented to Justice Thomas and by him referred to the Court is denied. The petition for a writ of certiorari is denied.. This source row supports all-application docket-linkage fields but not external implementation validation. Shadow source row preserved in sourceRecordId; source disposition was Denied.
scotus-docket-plus-shadow-docket-v3-0,shadow_docket_database_v3-0.csv:line 389698,https://www.supremecourt.gov/docket/docketfiles/html/public/23-6003.html,OT2023,23-6003,2023-11-15,Stay,private_or_individual,private_or_individual,Stay,United States Court of Appeals for the Fifth Circuit,0,,1,2023-11-16,0,Denied,0,0,requested_emergency_relief_denied_status_quo_preserved,,,,cert_or_merits_petition_denied_no_scotus_merits_followthrough,,requested_emergency_relief_denied_no_scotus_policy_change,0,Official docket page coded for denied/NA emergency slice: application filed 2023-11-15; no court-requested response found; final application entry: Application (23A440) for stay of execution of sentence of death presented to Justice Alito and by him referred to the Court is denied. The petition for a writ of certiorari is denied.. This source row supports all-application docket-linkage fields but not external implementation validation. Shadow source row preserved in sourceRecordId; source disposition was Denied.
scotus-docket-plus-shadow-docket-v3-0,shadow_docket_database_v3-0.csv:line 389700,https://www.supremecourt.gov/docket/docketfiles/html/public/23-6036.html,OT2023,23-6036,2023-11-16,Stay,private_or_individual,private_or_individual,Stay,Court of Criminal Appeals of Texas,0,,1,2023-11-16,0,Denied,0,0,requested_emergency_relief_denied_status_quo_preserved,,,,cert_or_merits_petition_denied_no_scotus_merits_followthrough,,requested_emergency_relief_denied_no_scotus_policy_change,0,Official docket page coded for denied/NA emergency slice: application filed 2023-11-16; no court-requested response found; final application entry: Application (23A444) for stay of execution of sentence of death presented to Justice Alito and by him referred to the Court is denied. The petition for a writ of certiorari is denied.. This source row supports all-application docket-linkage fields but not external implementation validation. Shadow source row preserved in sourceRecordId; source disposition was Denied.
scotus-docket-plus-shadow-docket-v3-0,shadow_docket_database_v3-0.csv:line 389693,https://www.supremecourt.gov/docket/docketfiles/html/public/23A366.html,OT2023,23A366,2023-10-19,Stay,private_or_individual,private_or_individual,Stay,United States Court of Appeals for the Eleventh Circuit,1,8,1,2023-11-16,0,Denied,1,1,requested_emergency_relief_denied_status_quo_preserved,,,,no_scotus_merits_link_on_application_docket,,requested_emergency_relief_denied_no_scotus_policy_change,0,"Official docket page coded for denied/NA emergency slice: application filed 2023-10-19; response requested; final application entry: Application (23A366) for stay presented to Justice Thomas and by him referred to the Court is denied. Justice Thomas, Justice Alito, and Justice Gorsuch would grant the application for stay. Statement of Justice Kavanaugh, with whom Justice Barrett joins except as to footnote 1, respecting the denial of the application for stay. (Detached Opinion ). This source row supports all-application docket-linkage fields but not external implementation validation. Shadow source row preserved in sourceRecordId; source disposition was Denied."
scotus-docket-plus-shadow-docket-v3-0,shadow_docket_database_v3-0.csv:line 389930,https://www.supremecourt.gov/docket/docketfiles/html/public/23A452.html,OT2023,23A452,2023-11-20,Stay,private_or_individual,government,Stay,United States Court of Appeals for the Ninth Circuit,1,1,1,2023-11-27,0,Denied,0,0,requested_emergency_relief_denied_status_quo_preserved,,,,no_scotus_merits_link_on_application_docket,,requested_emergency_relief_denied_no_scotus_policy_change,0,Official docket page coded for denied/NA emergency slice: application filed 2023-11-20; response requested; final application entry: Application (23A452) for stay presented to Justice Kagan and by her referred to the Court is denied.. This source row supports all-application docket-linkage fields but not external implementation validation. Shadow source row preserved in sourceRecordId; source disposition was Denied.
scotus-docket-plus-shadow-docket-v3-0,shadow_docket_database_v3-0.csv:line 390029,https://www.supremecourt.gov/docket/docketfiles/html/public/23A449.html,OT2023,23A449,2023-11-16,Stay,private_or_individual,private_or_individual,Stay,United States Court of Appeals for the Fifth Circuit,1,7,1,2023-12-01,NA,Dismissed,1,0,application_dismissed_no_emergency_relief,,,,no_scotus_merits_link_on_application_docket,,application_dismissed_no_scotus_policy_change,0,Official docket page coded for denied/NA emergency slice: application filed 2023-11-16; response requested; final application entry: Application (23A449) to vacate stay presented to Justice Alito and by him referred to the Court is dismissed as moot.. This source row supports all-application docket-linkage fields but not external implementation validation. Shadow source row preserved in sourceRecordId; source disposition was Dismissed.
scotus-docket-plus-shadow-docket-v3-0,shadow_docket_database_v3-0.csv:line 390484,https://www.supremecourt.gov/docket/docketfiles/html/public/23A521.html,OT2023,23A521,2023-12-08,Stay,private_or_individual,private_or_individual,Stay,United States Court of Appeals for the Fifth Circuit,1,3,1,2023-12-12,0,Denied,1,1,requested_emergency_relief_denied_status_quo_preserved,,,,no_scotus_merits_link_on_application_docket,,requested_emergency_relief_denied_no_scotus_policy_change,0,"Official docket page coded for denied/NA emergency slice: application filed 2023-12-08; response requested; final application entry: Application (23A521) to vacate stay presented to Justice Alito and by him referred to the Court is denied. Justice Sotomayor, Justice Kagan and Justice Jackson dissent. (Detached Opinion ). This source row supports all-application docket-linkage fields but not external implementation validation. Shadow source row preserved in sourceRecordId; source disposition was Denied."
scotus-docket-plus-shadow-docket-v3-0,shadow_docket_database_v3-0.csv:line 390485,https://www.supremecourt.gov/docket/docketfiles/html/public/23A523.html,OT2023,23A523,2023-12-08,Stay,private_or_individual,private_or_individual,Stay,United States Court of Appeals for the Fifth Circuit,1,3,1,2023-12-12,0,Denied,1,1,requested_emergency_relief_denied_status_quo_preserved,,,,no_scotus_merits_link_on_application_docket,,requested_emergency_relief_denied_no_scotus_policy_change,0,"Official docket page coded for denied/NA emergency slice: application filed 2023-12-08; response requested; final application entry: Application (23A523) to vacate stay presented to Justice Alito and by him referred to the Court is denied. Justice Sotomayor, Justice Kagan and Justice Jackson dissent. (Detached Opinion). This source row supports all-application docket-linkage fields but not external implementation validation. Shadow source row preserved in sourceRecordId; source disposition was Denied."
scotus-docket-plus-shadow-docket-v3-0,shadow_docket_database_v3-0.csv:line 390510,https://www.supremecourt.gov/docket/docketfiles/html/public/23A486.html,OT2023,23A486,2023-11-27,Injunction,private_or_individual,private_or_individual,Injunction,United States Court of Appeals for the Seventh Circuit,1,6,1,2023-12-14,0,Denied,0,0,requested_emergency_relief_denied_status_quo_preserved,,,,cert_or_merits_petition_denied_no_scotus_merits_followthrough,,requested_emergency_relief_denied_no_scotus_policy_change,0,Official docket page coded for denied/NA emergency slice: application filed 2023-11-27; response requested; final application entry: Application (23A486) for a writ of injunction pending certiorari presented to Justice Barrett and by her referred to the Court is denied.. This source row supports all-application docket-linkage fields but not external implementation validation. Shadow source row preserved in sourceRecordId; source disposition was Denied.
scotus-docket-plus-shadow-docket-v3-0,shadow_docket_database_v3-0.csv:line 390660,https://www.supremecourt.gov/docket/docketfiles/html/public/23A419.html,OT2023,23A419,2023-11-01,Stay,private_or_individual,uncoded,Stay,Court of Appeals of Indiana,0,,1,2024-01-08,0,Denied,0,0,requested_emergency_relief_denied_status_quo_preserved,,,,no_scotus_merits_link_on_application_docket,,requested_emergency_relief_denied_no_scotus_policy_change,1,Official docket page coded for denied/NA emergency slice: application filed 2023-11-01; no court-requested response found; final application entry: Application (23A419) denied by the Court.. This source row supports all-application docket-linkage fields but not external implementation validation. Shadow source row preserved in sourceRecordId; source disposition was Denied.
scotus-docket-plus-shadow-docket-v3-0,shadow_docket_database_v3-0.csv:line 390661,https://www.supremecourt.gov/docket/docketfiles/html/public/23A468.html,OT2023,23A468,2023-11-17,Stay,private_or_individual,uncoded,Stay,United States Court of Appeals for the Eleventh Circuit,0,,1,2024-01-08,0,Denied,0,0,requested_emergency_relief_denied_status_quo_preserved,,,,no_scotus_merits_link_on_application_docket,,requested_emergency_relief_denied_no_scotus_policy_change,1,Official docket page coded for denied/NA emergency slice: application filed 2023-11-17; no court-requested response found; final application entry: Application (23A468) denied by the Court.. This source row supports all-application docket-linkage fields but not external implementation validation. Shadow source row preserved in sourceRecordId; source disposition was Denied.
scotus-docket-plus-shadow-docket-v3-0,shadow_docket_database_v3-0.csv:line 390662,https://www.supremecourt.gov/docket/docketfiles/html/public/23A489.html,OT2023,23A489,2023-11-27,Stay,private_or_individual,government,Stay,United States Court of Appeals for the Fourth Circuit,0,,1,2024-01-08,0,Denied,0,0,requested_emergency_relief_denied_status_quo_preserved,,,,no_scotus_merits_link_on_application_docket,,requested_emergency_relief_denied_no_scotus_policy_change,1,Official docket page coded for denied/NA emergency slice: application filed 2023-11-27; no court-requested response found; final application entry: Application (23A489) denied by the Court.. This source row supports all-application docket-linkage fields but not external implementation validation. Shadow source row preserved in sourceRecordId; source disposition was Denied.
scotus-docket-plus-shadow-docket-v3-0,shadow_docket_database_v3-0.csv:line 391367,https://www.supremecourt.gov/docket/docketfiles/html/public/23A641.html,OT2023,23A641,2024-01-09,Stay,private_or_individual,private_or_individual,Stay,United States District Court for the Western District of Michigan,1,6,1,2024-01-22,0,Denied,0,0,requested_emergency_relief_denied_status_quo_preserved,,,,no_scotus_merits_link_on_application_docket,,requested_emergency_relief_denied_no_scotus_policy_change,0,Official docket page coded for denied/NA emergency slice: application filed 2024-01-09; response requested; final application entry: Application (23A641) for stay presented to Justice Kavanaugh and by him referred to the Court is denied.. This source row supports all-application docket-linkage fields but not external implementation validation. Shadow source row preserved in sourceRecordId; source disposition was Denied.
scotus-docket-plus-shadow-docket-v3-0,shadow_docket_database_v3-0.csv:line 391527,https://www.supremecourt.gov/docket/docketfiles/html/public/23-6562.html,OT2023,23-6562,2024-01-25,Stay,private_or_individual,uncoded,Stay,United States Court of Appeals for the Eleventh Circuit,0,,1,2024-01-25,0,Denied,1,1,requested_emergency_relief_denied_status_quo_preserved,,,,cert_or_merits_petition_denied_no_scotus_merits_followthrough,,requested_emergency_relief_denied_no_scotus_policy_change,0,"Official docket page coded for denied/NA emergency slice: application filed 2024-01-25; no court-requested response found; final application entry: Application (23A688) for stay of execution of sentence of death presented to Justice Thomas any by him referred to the Court is denied. The petition for a writ of certiorari is denied. Justice Sotomayor, dissenting from the denial of application for stay and denial of certiorari (detached opinion ). Justice Kagan, with whom Justice Jackson joins, d. This source row supports all-application docket-linkage fields but not external implementation validation. Shadow source row preserved in sourceRecordId; source disposition was Denied."
scotus-docket-plus-shadow-docket-v3-0,shadow_docket_database_v3-0.csv:line 391528,https://www.supremecourt.gov/docket/docketfiles/html/public/23-6562.html,OT2023,23-6562,2024-01-25,Stay,private_or_individual,uncoded,Stay,United States Court of Appeals for the Eleventh Circuit,0,,1,2024-01-25,0,Denied,1,1,requested_emergency_relief_denied_status_quo_preserved,,,,cert_or_merits_petition_denied_no_scotus_merits_followthrough,,requested_emergency_relief_denied_no_scotus_policy_change,0,"Official docket page coded for denied/NA emergency slice: application filed 2024-01-25; no court-requested response found; final application entry: Application (23A688) for stay of execution of sentence of death presented to Justice Thomas any by him referred to the Court is denied. The petition for a writ of certiorari is denied. Justice Sotomayor, dissenting from the denial of application for stay and denial of certiorari (detached opinion ). Justice Kagan, with whom Justice Jackson joins, d. This source row supports all-application docket-linkage fields but not external implementation validation. Shadow source row preserved in sourceRecordId; source disposition was Denied."
scotus-docket-plus-shadow-docket-v3-0,shadow_docket_database_v3-0.csv:line 391556,https://www.supremecourt.gov/docket/docketfiles/html/public/23A696.html,OT2023,23A696,2024-01-26,Injunction,private_or_individual,government,Injunction,United States District Court for the Southern District of New York,1,3,1,2024-02-02,0,Denied,0,0,requested_emergency_relief_denied_status_quo_preserved,,,,no_scotus_merits_link_on_application_docket,,requested_emergency_relief_denied_no_scotus_policy_change,0,"Official docket page coded for denied/NA emergency slice: application filed 2024-01-26; response requested; final application entry: Application (23A696) for writ of injunction pending appeal presented to Justice Sotomayor and by her referred to the Court is denied. The record before this Court is underdeveloped, and this order should not be construed as expressing any view on the merits of the constitutional question.. This source row supports all-application docket-linkage fields but not external implementation validation. Shadow source row preserved in sourceRecordId; source disposition was Denied."
scotus-docket-plus-shadow-docket-v3-0,shadow_docket_database_v3-0.csv:line 392212,https://www.supremecourt.gov/docket/docketfiles/html/public/23A741.html,OT2023,23A741,2024-02-05,Stay,private_or_individual,private_or_individual,Stay,United States Court of Appeals for the Third Circuit,1,3,1,2024-02-22,0,Denied,0,0,requested_emergency_relief_denied_status_quo_preserved,,,,no_scotus_merits_link_on_application_docket,,requested_emergency_relief_denied_no_scotus_policy_change,0,Official docket page coded for denied/NA emergency slice: application filed 2024-02-05; response requested; final application entry: Application (23A741) for stay presented to Justice Alito and by him referred to the Court is denied. The order heretofore entered by Justice Alito is vacated.. This source row supports all-application docket-linkage fields but not external implementation validation. Shadow source row preserved in sourceRecordId; source disposition was Denied.
scotus-docket-plus-shadow-docket-v3-0,shadow_docket_database_v3-0.csv:line 392213,https://www.supremecourt.gov/docket/docketfiles/html/public/23A741.html,OT2023,23A741,2024-02-05,Vacate,private_or_individual,private_or_individual,Vacate,United States Court of Appeals for the Third Circuit,1,3,1,2024-02-22,NA,NA,0,0,nonbinary_or_na_docket_status_no_emergency_relief_granted,,,,no_scotus_merits_link_on_application_docket,,nonbinary_or_na_docket_status_no_external_implementation_coding,0,Official docket page coded for denied/NA emergency slice: application filed 2024-02-05; response requested; final application entry: Application (23A741) for stay presented to Justice Alito and by him referred to the Court is denied. The order heretofore entered by Justice Alito is vacated.. This source row supports all-application docket-linkage fields but not external implementation validation. Shadow source row preserved in sourceRecordId; source disposition was NA.
scotus-docket-plus-shadow-docket-v3-0,shadow_docket_database_v3-0.csv:line 392426,https://www.supremecourt.gov/docket/docketfiles/html/public/23-6791.html,OT2023,23-6791,2024-02-21,Stay,private_or_individual,private_or_individual,Stay,Supreme Court of Idaho,0,,1,2024-02-28,0,Denied,0,0,requested_emergency_relief_denied_status_quo_preserved,,,,cert_or_merits_petition_denied_no_scotus_merits_followthrough,,requested_emergency_relief_denied_no_scotus_policy_change,0,Official docket page coded for denied/NA emergency slice: application filed 2024-02-21; no court-requested response found; final application entry: Application (23A761) for stay of execution of sentence of death presented to Justice Kagan and by her referred to the Court is denied. The petition for a writ of certiorari is denied.. This source row supports all-application docket-linkage fields but not external implementation validation. Shadow source row preserved in sourceRecordId; source disposition was Denied.
scotus-docket-plus-shadow-docket-v3-0,shadow_docket_database_v3-0.csv:line 392428,https://www.supremecourt.gov/docket/docketfiles/html/public/23-6830.html,OT2023,23-6830,2024-02-26,Stay,private_or_individual,private_or_individual,Stay,United States Court of Appeals for the Ninth Circuit,0,,1,2024-02-28,0,Denied,0,0,requested_emergency_relief_denied_status_quo_preserved,,,,cert_or_merits_petition_denied_no_scotus_merits_followthrough,,requested_emergency_relief_denied_no_scotus_policy_change,0,Official docket page coded for denied/NA emergency slice: application filed 2024-02-26; no court-requested response found; final application entry: Application (23A782) for stay of execution of sentence of death presented to Justice Kagan and by her referred to the Court is denied. The petition for a writ of certiorari is denied.. This source row supports all-application docket-linkage fields but not external implementation validation. Shadow source row preserved in sourceRecordId; source disposition was Denied.
scotus-docket-plus-shadow-docket-v3-0,shadow_docket_database_v3-0.csv:line 392430,https://www.supremecourt.gov/docket/docketfiles/html/public/23-6831.html,OT2023,23-6831,2024-02-26,Stay,private_or_individual,private_or_individual,Stay,United States Court of Appeals for the Ninth Circuit,0,,1,2024-02-28,0,Denied,0,0,requested_emergency_relief_denied_status_quo_preserved,,,,cert_or_merits_petition_denied_no_scotus_merits_followthrough,,requested_emergency_relief_denied_no_scotus_policy_change,0,Official docket page coded for denied/NA emergency slice: application filed 2024-02-26; no court-requested response found; final application entry: Application (23A783) for stay of execution of sentence of death presented to Justice Kagan and by her referred to the Court is denied. The petition for a writ of certiorari is denied.. This source row supports all-application docket-linkage fields but not external implementation validation. Shadow source row preserved in sourceRecordId; source disposition was Denied.
scotus-docket-plus-shadow-docket-v3-0,shadow_docket_database_v3-0.csv:line 392481,https://www.supremecourt.gov/docket/docketfiles/html/public/23A701.html,OT2023,23A701,2024-01-24,Stay,private_or_individual,government,Stay,United States Court of Appeals for the Federal Circuit,0,,1,2024-03-04,0,Denied,0,0,requested_emergency_relief_denied_status_quo_preserved,,,,no_scotus_merits_link_on_application_docket,,requested_emergency_relief_denied_no_scotus_policy_change,1,Official docket page coded for denied/NA emergency slice: application filed 2024-01-24; no court-requested response found; final application entry: Application (23A701) denied by the Court.. This source row supports all-application docket-linkage fields but not external implementation validation. Shadow source row preserved in sourceRecordId; source disposition was Denied.
scotus-docket-plus-shadow-docket-v3-0,shadow_docket_database_v3-0.csv:line 392673,https://www.supremecourt.gov/docket/docketfiles/html/public/23A820.html,OT2023,23A820,2023-03-04,Injunction,private_or_individual,private_or_individual,Injunction,United States Court of Appeals for the Fifth Circuit,1,7,1,2024-03-15,0,Denied,0,0,requested_emergency_relief_denied_status_quo_preserved,,,,no_scotus_merits_link_on_application_docket,,requested_emergency_relief_denied_no_scotus_policy_change,0,Official docket page coded for denied/NA emergency slice: application filed 2023-03-04; response requested; final application entry: Application (23A820) denied by the Court.. This source row supports all-application docket-linkage fields but not external implementation validation. Shadow source row preserved in sourceRecordId; source disposition was Denied.
scotus-docket-plus-shadow-docket-v3-0,shadow_docket_database_v3-0.csv:line 392703,https://www.supremecourt.gov/docket/docketfiles/html/public/23A718.html,OT2023,23A718,2024-01-15,Injunction,private_or_individual,uncoded,Injunction,United States Court of Appeals for the Ninth Circuit,0,,1,2024-03-18,0,Denied,0,0,requested_emergency_relief_denied_status_quo_preserved,,,,no_scotus_merits_link_on_application_docket,,requested_emergency_relief_denied_no_scotus_policy_change,1,Official docket page coded for denied/NA emergency slice: application filed 2024-01-15; no court-requested response found; final application entry: Application (23A718) denied by the Court.. This source row supports all-application docket-linkage fields but not external implementation validation. Shadow source row preserved in sourceRecordId; source disposition was Denied.
scotus-docket-plus-shadow-docket-v3-0,shadow_docket_database_v3-0.csv:line 392935,https://www.supremecourt.gov/docket/docketfiles/html/public/23A814.html,OT2023,23A814,2024-03-04,Stay,government,private_or_individual,Stay,United States Court of Appeals for the Fifth Circuit,0,,1,2024-03-19,0,Denied,1,1,requested_emergency_relief_denied_status_quo_preserved,,,,no_scotus_merits_link_on_application_docket,,requested_emergency_relief_denied_no_scotus_policy_change,0,"Official docket page coded for denied/NA emergency slice: application filed 2024-03-04; no court-requested response found; final application entry: Application (23A814) to vacate stay presented to Justice Alito and by him referred to the Court is denied. The order heretofore entered by Justice Alito is vacated. Justice Barrett, with whom Justice Kavanaugh joins, concurs in the denial of the application to vacate stay. Justice Sotomayor, with whom Justice Jackson joins, dissents from the denial. This source row supports all-application docket-linkage fields but not external implementation validation. Shadow source row preserved in sourceRecordId; source disposition was Denied."
scotus-docket-plus-shadow-docket-v3-0,shadow_docket_database_v3-0.csv:line 392960,https://www.supremecourt.gov/docket/docketfiles/html/public/23A814.html,OT2023,23A814,2024-03-04,Vacate,government,private_or_individual,Vacate,United States Court of Appeals for the Fifth Circuit,0,,1,2024-03-19,NA,NA,1,1,nonbinary_or_na_docket_status_no_emergency_relief_granted,,,,no_scotus_merits_link_on_application_docket,,nonbinary_or_na_docket_status_no_external_implementation_coding,0,"Official docket page coded for denied/NA emergency slice: application filed 2024-03-04; no court-requested response found; final application entry: Application (23A814) to vacate stay presented to Justice Alito and by him referred to the Court is denied. The order heretofore entered by Justice Alito is vacated. Justice Barrett, with whom Justice Kavanaugh joins, concurs in the denial of the application to vacate stay. Justice Sotomayor, with whom Justice Jackson joins, dissents from the denial. This source row supports all-application docket-linkage fields but not external implementation validation. Shadow source row preserved in sourceRecordId; source disposition was NA."
scotus-docket-plus-shadow-docket-v3-0,shadow_docket_database_v3-0.csv:line 392936,https://www.supremecourt.gov/docket/docketfiles/html/public/23A815.html,OT2023,23A815,2024-03-04,Stay,private_or_individual,private_or_individual,Stay,United States Court of Appeals for the Fifth Circuit,0,,1,2024-03-19,0,Denied,1,1,requested_emergency_relief_denied_status_quo_preserved,,,,no_scotus_merits_link_on_application_docket,,requested_emergency_relief_denied_no_scotus_policy_change,0,"Official docket page coded for denied/NA emergency slice: application filed 2024-03-04; no court-requested response found; final application entry: Application (23A815) to vacate stay presented to Justice Alito and by him referred to the Court is denied. The order heretofore entered by Justice Alito is vacated. Justice Barrett, with whom Justice Kavanaugh joins, concurs in the denial of the application to vacate stay. Justice Sotomayor, with whom Justice Jackson joins, dissents from the denial. This source row supports all-application docket-linkage fields but not external implementation validation. Shadow source row preserved in sourceRecordId; source disposition was Denied."
scotus-docket-plus-shadow-docket-v3-0,shadow_docket_database_v3-0.csv:line 392961,https://www.supremecourt.gov/docket/docketfiles/html/public/23A815.html,OT2023,23A815,2024-03-04,Vacate,private_or_individual,private_or_individual,Vacate,United States Court of Appeals for the Fifth Circuit,0,,1,2024-03-19,NA,NA,1,1,nonbinary_or_na_docket_status_no_emergency_relief_granted,,,,no_scotus_merits_link_on_application_docket,,nonbinary_or_na_docket_status_no_external_implementation_coding,0,"Official docket page coded for denied/NA emergency slice: application filed 2024-03-04; no court-requested response found; final application entry: Application (23A815) to vacate stay presented to Justice Alito and by him referred to the Court is denied. The order heretofore entered by Justice Alito is vacated. Justice Barrett, with whom Justice Kavanaugh joins, concurs in the denial of the application to vacate stay. Justice Sotomayor, with whom Justice Jackson joins, dissents from the denial. This source row supports all-application docket-linkage fields but not external implementation validation. Shadow source row preserved in sourceRecordId; source disposition was NA."
scotus-docket-plus-shadow-docket-v3-0,shadow_docket_database_v3-0.csv:line 392964,https://www.supremecourt.gov/docket/docketfiles/html/public/23-7041.html,OT2023,23-7041,2024-03-20,Stay,private_or_individual,private_or_individual,Stay,United States Court of Appeals for the Eleventh Circuit,0,,1,2024-03-20,0,Denied,0,0,requested_emergency_relief_denied_status_quo_preserved,,,,cert_or_merits_petition_denied_no_scotus_merits_followthrough,,requested_emergency_relief_denied_no_scotus_policy_change,0,Official docket page coded for denied/NA emergency slice: application filed 2024-03-20; no court-requested response found; final application entry: Application (23A855) for stay of execution of sentence of death presented to Justice Thomas and by him referred to the Court is denied. The petition for a writ of certiorari is denied.. This source row supports all-application docket-linkage fields but not external implementation validation. Shadow source row preserved in sourceRecordId; source disposition was Denied.
scotus-docket-plus-shadow-docket-v3-0,shadow_docket_database_v3-0.csv:line 392966,https://www.supremecourt.gov/docket/docketfiles/html/public/23-7042.html,OT2023,23-7042,2024-03-20,Stay,private_or_individual,private_or_individual,Stay,Supreme Court of Georgia,0,,1,2024-03-20,0,Denied,0,0,requested_emergency_relief_denied_status_quo_preserved,,,,cert_or_merits_petition_denied_no_scotus_merits_followthrough,,requested_emergency_relief_denied_no_scotus_policy_change,0,Official docket page coded for denied/NA emergency slice: application filed 2024-03-20; no court-requested response found; final application entry: Application (23A856) for stay of execution of sentence of death presented to Justice Thomas and by him referred to the Court is denied. The petition for a writ of certiorari is denied.. This source row supports all-application docket-linkage fields but not external implementation validation. Shadow source row preserved in sourceRecordId; source disposition was Denied.
scotus-docket-plus-shadow-docket-v3-0,shadow_docket_database_v3-0.csv:line 393185,https://www.supremecourt.gov/docket/docketfiles/html/public/23A802.html,OT2023,23A802,2024-02-24,Stay,private_or_individual,uncoded,Stay,Supreme Court of Illinois,0,,1,2024-04-01,0,Denied,0,0,requested_emergency_relief_denied_status_quo_preserved,,,,no_scotus_merits_link_on_application_docket,,requested_emergency_relief_denied_no_scotus_policy_change,1,Official docket page coded for denied/NA emergency slice: application filed 2024-02-24; no court-requested response found; final application entry: Application (23A802) denied by the Court.. This source row supports all-application docket-linkage fields but not external implementation validation. Shadow source row preserved in sourceRecordId; source disposition was Denied.
scotus-docket-plus-shadow-docket-v3-0,shadow_docket_database_v3-0.csv:line 393303,https://www.supremecourt.gov/docket/docketfiles/html/public/23-7136.html,OT2023,23-7136,2024-04-03,Stay,private_or_individual,private_or_individual,Stay,Court of Criminal Appeals of Oklahoma,0,,1,2024-04-02,0,Denied,0,0,requested_emergency_relief_denied_status_quo_preserved,,,,cert_or_merits_petition_denied_no_scotus_merits_followthrough,,requested_emergency_relief_denied_no_scotus_policy_change,0,Official docket page coded for denied/NA emergency slice: application filed 2024-04-03; no court-requested response found; final application entry: Application (23A878) for stay of execution of sentence of death presented to Justice Kavanaugh and by him referred to the Court is denied. The petition for a writ of certiorari is denied. Justice Gorsuch took no part in the consideration or decision of this application and this petition.. This source row supports all-application docket-linkage fields but not external implementation validation. Shadow source row preserved in sourceRecordId; source disposition was Denied.
scotus-docket-plus-shadow-docket-v3-0,shadow_docket_database_v3-0.csv:line 393302,https://www.supremecourt.gov/docket/docketfiles/html/public/23A862.html,OT2023,23A862,2024-03-25,Stay,private_or_individual,private_or_individual,Stay,United States Court of Appeals for the Ninth Circuit,1,3,1,2024-04-02,0,Denied,0,0,requested_emergency_relief_denied_status_quo_preserved,,,,no_scotus_merits_link_on_application_docket,,requested_emergency_relief_denied_no_scotus_policy_change,0,Official docket page coded for denied/NA emergency slice: application filed 2024-03-25; response requested; final application entry: Application (23A862) for stay presented to Justice Kagan and by her referred to the Court is denied.. This source row supports all-application docket-linkage fields but not external implementation validation. Shadow source row preserved in sourceRecordId; source disposition was Denied.
scotus-docket-plus-shadow-docket-v3-0,shadow_docket_database_v3-0.csv:line 393322,https://www.supremecourt.gov/docket/docketfiles/html/public/23-7119.html,OT2023,23-7119,2024-04-01,Stay,private_or_individual,private_or_individual,Stay,Supreme Court of Missouri,0,,1,2024-04-09,0,Denied,0,0,requested_emergency_relief_denied_status_quo_preserved,,,,cert_or_merits_petition_denied_no_scotus_merits_followthrough,,requested_emergency_relief_denied_no_scotus_policy_change,0,Official docket page coded for denied/NA emergency slice: application filed 2024-04-01; no court-requested response found; final application entry: Application (23A876) for stay of execution of sentence of death presented to Justice Kavanaugh and by him referred to the Court is denied. The petition for a writ of certiorari is denied.. This source row supports all-application docket-linkage fields but not external implementation validation. Shadow source row preserved in sourceRecordId; source disposition was Denied.
scotus-docket-plus-shadow-docket-v3-0,shadow_docket_database_v3-0.csv:line 393324,https://www.supremecourt.gov/docket/docketfiles/html/public/23-7153.html,OT2023,23-7153,2024-04-07,Stay,private_or_individual,private_or_individual,Stay,Supreme Court of Missouri,0,,1,2024-04-09,0,Denied,0,0,requested_emergency_relief_denied_status_quo_preserved,,,,cert_or_merits_petition_denied_no_scotus_merits_followthrough,,requested_emergency_relief_denied_no_scotus_policy_change,0,Official docket page coded for denied/NA emergency slice: application filed 2024-04-07; no court-requested response found; final application entry: Application (23A890) for stay of execution of sentence of death presented to Justice Kavanaugh and by him referred to the Court is denied. The petition for a writ of certiorari is denied.. This source row supports all-application docket-linkage fields but not external implementation validation. Shadow source row preserved in sourceRecordId; source disposition was Denied.
scotus-docket-plus-shadow-docket-v3-0,shadow_docket_database_v3-0.csv:line 393419,https://www.supremecourt.gov/docket/docketfiles/html/public/23A829.html,OT2023,23A829,2024-03-04,Injunction,private_or_individual,uncoded,Injunction,United States Court of Appeals for the Eighth Circuit,0,,1,2024-04-15,0,Denied,0,0,requested_emergency_relief_denied_status_quo_preserved,,,,no_scotus_merits_link_on_application_docket,,requested_emergency_relief_denied_no_scotus_policy_change,1,Official docket page coded for denied/NA emergency slice: application filed 2024-03-04; no court-requested response found; final application entry: Application (23A829) denied by the Court.. This source row supports all-application docket-linkage fields but not external implementation validation. Shadow source row preserved in sourceRecordId; source disposition was Denied.
scotus-docket-plus-shadow-docket-v3-0,shadow_docket_database_v3-0.csv:line 394086,https://www.supremecourt.gov/docket/docketfiles/html/public/23A925.html,OT2023,23A925,2024-04-12,Stay,private_or_individual,private_or_individual,Stay,United States Court of Appeals for the Fifth Circuit,1,9,1,2024-04-30,0,Denied,0,0,requested_emergency_relief_denied_status_quo_preserved,,,,no_scotus_merits_link_on_application_docket,,requested_emergency_relief_denied_no_scotus_policy_change,0,Official docket page coded for denied/NA emergency slice: application filed 2024-04-12; response requested; final application entry: Application (23A925) for stay presented to Justice Alito and by him referred to the Court is denied.. This source row supports all-application docket-linkage fields but not external implementation validation. Shadow source row preserved in sourceRecordId; source disposition was Denied.
scotus-docket-plus-shadow-docket-v3-0,shadow_docket_database_v3-0.csv:line 394440,https://www.supremecourt.gov/docket/docketfiles/html/public/23A781.html,OT2023,23A781,2024-01-18,Injunction,private_or_individual,uncoded,Injunction,United States Court of Appeals for the Fourth Circuit,0,,1,2024-05-20,0,Denied,0,0,requested_emergency_relief_denied_status_quo_preserved,,,,no_scotus_merits_link_on_application_docket,,requested_emergency_relief_denied_no_scotus_policy_change,1,Official docket page coded for denied/NA emergency slice: application filed 2024-01-18; no court-requested response found; final application entry: Application (23A781) denied by the Court.. This source row supports all-application docket-linkage fields but not external implementation validation. Shadow source row preserved in sourceRecordId; source disposition was Denied.
scotus-docket-plus-shadow-docket-v3-0,shadow_docket_database_v3-0.csv:line 394441,https://www.supremecourt.gov/docket/docketfiles/html/public/23A870.html,OT2023,23A870,2024-03-26,Stay,private_or_individual,private_or_individual,Stay,United States Court of Appeals for the Second Circuit,0,,1,2024-05-20,0,Denied,0,0,requested_emergency_relief_denied_status_quo_preserved,,,,no_scotus_merits_link_on_application_docket,,requested_emergency_relief_denied_no_scotus_policy_change,1,Official docket page coded for denied/NA emergency slice: application filed 2024-03-26; no court-requested response found; final application entry: Application (23A870) denied by the Court.. This source row supports all-application docket-linkage fields but not external implementation validation. Shadow source row preserved in sourceRecordId; source disposition was Denied.
scotus-docket-plus-shadow-docket-v3-0,shadow_docket_database_v3-0.csv:line 394442,https://www.supremecourt.gov/docket/docketfiles/html/public/23A871.html,OT2023,23A871,2024-03-14,Stay,private_or_individual,uncoded,Stay,Supreme Court of Illinois,0,,1,2024-05-20,0,Denied,0,0,requested_emergency_relief_denied_status_quo_preserved,,,,no_scotus_merits_link_on_application_docket,,requested_emergency_relief_denied_no_scotus_policy_change,1,Official docket page coded for denied/NA emergency slice: application filed 2024-03-14; no court-requested response found; final application entry: Application (23A871) denied by the Court.. This source row supports all-application docket-linkage fields but not external implementation validation. Shadow source row preserved in sourceRecordId; source disposition was Denied.
scotus-docket-plus-shadow-docket-v3-0,shadow_docket_database_v3-0.csv:line 394443,https://www.supremecourt.gov/docket/docketfiles/html/public/23A901.html,OT2023,23A901,2024-04-02,Stay,private_or_individual,uncoded,Stay,United States Court of Appeals for the Ninth Circuit,0,,1,2024-05-20,0,Denied,0,0,requested_emergency_relief_denied_status_quo_preserved,,,,no_scotus_merits_link_on_application_docket,,requested_emergency_relief_denied_no_scotus_policy_change,1,Official docket page coded for denied/NA emergency slice: application filed 2024-04-02; no court-requested response found; final application entry: Application (23A901) denied by the Court.. This source row supports all-application docket-linkage fields but not external implementation validation. Shadow source row preserved in sourceRecordId; source disposition was Denied.
scotus-docket-plus-shadow-docket-v3-0,shadow_docket_database_v3-0.csv:line 394618,https://www.supremecourt.gov/docket/docketfiles/html/public/23A933.html,OT2023,23A933,2024-04-08,Injunction,private_or_individual,uncoded,Injunction,United States Court of Appeals for the Ninth Circuit,0,,1,2024-05-28,0,Denied,0,0,requested_emergency_relief_denied_status_quo_preserved,,,,no_scotus_merits_link_on_application_docket,,requested_emergency_relief_denied_no_scotus_policy_change,1,Official docket page coded for denied/NA emergency slice: application filed 2024-04-08; no court-requested response found; final application entry: Application (23A933) denied by the Court.. This source row supports all-application docket-linkage fields but not external implementation validation. Shadow source row preserved in sourceRecordId; source disposition was Denied.
scotus-docket-plus-shadow-docket-v3-0,shadow_docket_database_v3-0.csv:line 394742,https://www.supremecourt.gov/docket/docketfiles/html/public/23-7590.html,OT2023,23-7590,2024-05-29,Stay,uncoded,private_or_individual,Stay,United States Court of Appeals for the Eleventh Circuit,0,,1,2024-05-30,0,Denied,0,0,requested_emergency_relief_denied_status_quo_preserved,,,,cert_or_merits_petition_denied_no_scotus_merits_followthrough,,requested_emergency_relief_denied_no_scotus_policy_change,0,Official docket page coded for denied/NA emergency slice: application filed 2024-05-29; no court-requested response found; final application entry: Application (23A1064) for stay of execution of sentence of death presented to Justice Thomas and by him referred to the Court is denied. The petition for a writ of certiorari is denied.. This source row supports all-application docket-linkage fields but not external implementation validation. Shadow source row preserved in sourceRecordId; source disposition was Denied.
scotus-docket-plus-shadow-docket-v3-0,shadow_docket_database_v3-0.csv:line 394744,https://www.supremecourt.gov/docket/docketfiles/html/public/23-7591.html,OT2023,23-7591,2024-05-29,Stay,uncoded,private_or_individual,Stay,United States Court of Appeals for the Eleventh Circuit,0,,1,2024-05-30,0,Denied,0,0,requested_emergency_relief_denied_status_quo_preserved,,,,cert_or_merits_petition_denied_no_scotus_merits_followthrough,,requested_emergency_relief_denied_no_scotus_policy_change,0,Official docket page coded for denied/NA emergency slice: application filed 2024-05-29; no court-requested response found; final application entry: Application (23A1065) for stay of execution of sentence of death presented to Justice Thomas and by him referred to the Court is denied. The petition for a writ of certiorari is denied.. This source row supports all-application docket-linkage fields but not external implementation validation. Shadow source row preserved in sourceRecordId; source disposition was Denied.
scotus-docket-plus-shadow-docket-v3-0,shadow_docket_database_v3-0.csv:line 394796,https://www.supremecourt.gov/docket/docketfiles/html/public/23A851.html,OT2023,23A851,2024-03-18,Stay,private_or_individual,private_or_individual,Stay,United States District Court for the District of South Carolina,1,4,1,2024-06-03,0,Denied,0,0,requested_emergency_relief_denied_status_quo_preserved,,,,no_scotus_merits_link_on_application_docket,,requested_emergency_relief_denied_no_scotus_policy_change,0,Official docket page coded for denied/NA emergency slice: application filed 2024-03-18; response requested; final application entry: Application (23A851) denied by the Court.. This source row supports all-application docket-linkage fields but not external implementation validation. Shadow source row preserved in sourceRecordId; source disposition was Denied.
scotus-docket-plus-shadow-docket-v3-0,shadow_docket_database_v3-0.csv:line 395228,https://www.supremecourt.gov/docket/docketfiles/html/public/23A1007.html,OT2023,23A1007,2024-05-09,Injunction,private_or_individual,uncoded,Injunction,Supreme Court of Colorado,0,,1,2024-06-17,0,Denied,0,0,requested_emergency_relief_denied_status_quo_preserved,,,,no_scotus_merits_link_on_application_docket,,requested_emergency_relief_denied_no_scotus_policy_change,1,Official docket page coded for denied/NA emergency slice: application filed 2024-05-09; no court-requested response found; final application entry: Application (23A1007) denied by the Court.. This source row supports all-application docket-linkage fields but not external implementation validation. Shadow source row preserved in sourceRecordId; source disposition was Denied.
scotus-docket-plus-shadow-docket-v3-0,shadow_docket_database_v3-0.csv:line 395548,https://www.supremecourt.gov/docket/docketfiles/html/public/23-7791.html,OT2023,23-7791,2024-06-24,Stay,private_or_individual,private_or_individual,Stay,Court of Criminal Appeals of Texas,0,,1,2024-06-26,0,Denied,0,0,requested_emergency_relief_denied_status_quo_preserved,,,,cert_or_merits_petition_denied_no_scotus_merits_followthrough,,requested_emergency_relief_denied_no_scotus_policy_change,0,Official docket page coded for denied/NA emergency slice: application filed 2024-06-24; no court-requested response found; final application entry: Application (23A1146) for stay of execution of sentence of death presented to Justice Alito and by him referred to the Court is denied. The petition for a writ of certiorari is denied.. This source row supports all-application docket-linkage fields but not external implementation validation. Shadow source row preserved in sourceRecordId; source disposition was Denied.
scotus-docket-plus-shadow-docket-v3-0,shadow_docket_database_v3-0.csv:line 395550,https://www.supremecourt.gov/docket/docketfiles/html/public/23-7792.html,OT2023,23-7792,2024-06-24,Stay,private_or_individual,private_or_individual,Stay,NA,0,,1,2024-06-26,0,Denied,0,0,requested_emergency_relief_denied_status_quo_preserved,,,,cert_or_merits_petition_denied_no_scotus_merits_followthrough,,requested_emergency_relief_denied_no_scotus_policy_change,0,Official docket page coded for denied/NA emergency slice: application filed 2024-06-24; no court-requested response found; final application entry: Application (23A1147) for stay of execution of sentence of death presented to Justice Alito and by him referred to the Court is denied. The petition for a writ of habeas corpus is denied.. This source row supports all-application docket-linkage fields but not external implementation validation. Shadow source row preserved in sourceRecordId; source disposition was Denied.
scotus-docket-plus-shadow-docket-v3-0,shadow_docket_database_v3-0.csv:line 395726,https://www.supremecourt.gov/docket/docketfiles/html/public/23A1169.html,OT2023,23A1169,2024-06-25,Stay,private_or_individual,private_or_individual,Stay,"Court of Appeals of Texas, Seventh District",1,7,1,2024-07-16,0,Denied,0,0,requested_emergency_relief_denied_status_quo_preserved,,,,no_scotus_merits_link_on_application_docket,,requested_emergency_relief_denied_no_scotus_policy_change,0,Official docket page coded for denied/NA emergency slice: application filed 2024-06-25; response requested; final application entry: Application (23A1169) for stay presented to Justice Alito and by him referred to the Court is denied.. This source row supports all-application docket-linkage fields but not external implementation validation. Shadow source row preserved in sourceRecordId; source disposition was Denied.
scotus-docket-plus-shadow-docket-v3-0,shadow_docket_database_v3-0.csv:line 395742,https://www.supremecourt.gov/docket/docketfiles/html/public/24A60.html,OT2023,24A60,2024-07-17,Stay,private_or_individual,private_or_individual,Stay,Supreme Court of Alabama,0,,1,2024-07-18,0,Denied,0,0,requested_emergency_relief_denied_status_quo_preserved,,,,no_scotus_merits_link_on_application_docket,,requested_emergency_relief_denied_no_scotus_policy_change,0,Official docket page coded for denied/NA emergency slice: application filed 2024-07-17; no court-requested response found; final application entry: Application (24A60) for stay of execution of sentence of death presented to Justice Thomas and by him referred to the Court is denied.. This source row supports all-application docket-linkage fields but not external implementation validation. Shadow source row preserved in sourceRecordId; source disposition was Denied.
scotus-docket-plus-shadow-docket-v3-0,shadow_docket_database_v3-0.csv:line 395851,https://www.supremecourt.gov/docket/docketfiles/html/public/24-5221.html,OT2023,24-5221,2024-08-03,Stay,private_or_individual,private_or_individual,Stay,Court of Criminal Appeals of Texas,0,,1,2024-08-07,0,Denied,0,0,requested_emergency_relief_denied_status_quo_preserved,,,,cert_or_merits_petition_denied_no_scotus_merits_followthrough,,requested_emergency_relief_denied_no_scotus_policy_change,0,Official docket page coded for denied/NA emergency slice: application filed 2024-08-03; no court-requested response found; final application entry: Application (24A124) for stay of execution of sentence of death presented to Justice Alito and by him referred to the Court is denied. The petition for a writ of certiorari is denied.. This source row supports all-application docket-linkage fields but not external implementation validation. Shadow source row preserved in sourceRecordId; source disposition was Denied.
scotus-docket-plus-shadow-docket-v3-0,shadow_docket_database_v3-0.csv:line 395892,https://www.supremecourt.gov/docket/docketfiles/html/public/24A78.html,OT2023,24A78,2024-07-22,Stay,government,private_or_individual,Stay,United States Court of Appeals for the Fifth Circuit,1,3,1,2024-08-16,0,Denied,1,1,requested_emergency_relief_denied_status_quo_preserved,,,,no_scotus_merits_link_on_application_docket,,requested_emergency_relief_denied_no_scotus_policy_change,0,"Official docket page coded for denied/NA emergency slice: application filed 2024-07-22; response requested; final application entry: Application (24A78) denied by the Court. Opinion per curiam. (Detached Opinion ). Justice Sotomayor, with whom Justice Kagan, Justice Gorsuch, and Justice Jackson join, dissenting in part from the denial of application for stay. (Detached Opinion ).. This source row supports all-application docket-linkage fields but not external implementation validation. Shadow source row preserved in sourceRecordId; source disposition was Denied."
scotus-docket-plus-shadow-docket-v3-0,shadow_docket_database_v3-0.csv:line 395893,https://www.supremecourt.gov/docket/docketfiles/html/public/24A78.html,OT2023,24A78,2024-07-22,Stay,government,private_or_individual,Stay,United States Court of Appeals for the Fifth Circuit,1,3,1,2024-08-16,0,Denied,1,1,requested_emergency_relief_denied_status_quo_preserved,,,,no_scotus_merits_link_on_application_docket,,requested_emergency_relief_denied_no_scotus_policy_change,0,"Official docket page coded for denied/NA emergency slice: application filed 2024-07-22; response requested; final application entry: Application (24A78) denied by the Court. Opinion per curiam. (Detached Opinion ). Justice Sotomayor, with whom Justice Kagan, Justice Gorsuch, and Justice Jackson join, dissenting in part from the denial of application for stay. (Detached Opinion ).. This source row supports all-application docket-linkage fields but not external implementation validation. Shadow source row preserved in sourceRecordId; source disposition was Denied."
scotus-docket-plus-shadow-docket-v3-0,shadow_docket_database_v3-0.csv:line 395894,https://www.supremecourt.gov/docket/docketfiles/html/public/24A79.html,OT2023,24A79,2024-07-22,Stay,government,private_or_individual,Stay,United States Court of Appeals for the Sixth Circuit,1,3,1,2024-08-16,0,Denied,1,1,requested_emergency_relief_denied_status_quo_preserved,,,,no_scotus_merits_link_on_application_docket,,requested_emergency_relief_denied_no_scotus_policy_change,0,"Official docket page coded for denied/NA emergency slice: application filed 2024-07-22; response requested; final application entry: Application (24A79) denied by the Court. Opinion per curiam. (Detached Opinion). Justice Sotomayor, with whom Justice Kagan, Justice Gorsuch, and Justice Jackson join, dissenting in part from the denial of application for stay. (Detached Opinion).. This source row supports all-application docket-linkage fields but not external implementation validation. Shadow source row preserved in sourceRecordId; source disposition was Denied."
scotus-docket-plus-shadow-docket-v3-0,shadow_docket_database_v3-0.csv:line 395895,https://www.supremecourt.gov/docket/docketfiles/html/public/24A79.html,OT2023,24A79,2024-07-22,Stay,government,private_or_individual,Stay,United States Court of Appeals for the Sixth Circuit,1,3,1,2024-08-16,0,Denied,1,1,requested_emergency_relief_denied_status_quo_preserved,,,,no_scotus_merits_link_on_application_docket,,requested_emergency_relief_denied_no_scotus_policy_change,0,"Official docket page coded for denied/NA emergency slice: application filed 2024-07-22; response requested; final application entry: Application (24A79) denied by the Court. Opinion per curiam. (Detached Opinion). Justice Sotomayor, with whom Justice Kagan, Justice Gorsuch, and Justice Jackson join, dissenting in part from the denial of application for stay. (Detached Opinion).. This source row supports all-application docket-linkage fields but not external implementation validation. Shadow source row preserved in sourceRecordId; source disposition was Denied."
scotus-docket-plus-shadow-docket-v3-0,shadow_docket_database_v3-0.csv:line 395898,https://www.supremecourt.gov/docket/docketfiles/html/public/23A1163.html,OT2023,23A1163,2024-04-26,Stay,private_or_individual,uncoded,Stay,United States Court of Appeals for the Second Circuit,0,,1,2024-08-19,0,Denied,0,0,requested_emergency_relief_denied_status_quo_preserved,,,,no_scotus_merits_link_on_application_docket,,requested_emergency_relief_denied_no_scotus_policy_change,1,Official docket page coded for denied/NA emergency slice: application filed 2024-04-26; no court-requested response found; final application entry: Application (23A1163) denied by the Court.. This source row supports all-application docket-linkage fields but not external implementation validation. Shadow source row preserved in sourceRecordId; source disposition was Denied.
scotus-docket-plus-shadow-docket-v3-0,shadow_docket_database_v3-0.csv:line 395899,https://www.supremecourt.gov/docket/docketfiles/html/public/24A29.html,OT2023,24A29,2024-06-24,Injunction,private_or_individual,uncoded,Injunction,United States District Court for the Southern District of Ohio,0,,1,2024-08-19,0,Denied,0,0,requested_emergency_relief_denied_status_quo_preserved,,,,no_scotus_merits_link_on_application_docket,,requested_emergency_relief_denied_no_scotus_policy_change,1,Official docket page coded for denied/NA emergency slice: application filed 2024-06-24; no court-requested response found; final application entry: Application (24A29) denied by the Court.. This source row supports all-application docket-linkage fields but not external implementation validation. Shadow source row preserved in sourceRecordId; source disposition was Denied.
scotus-docket-plus-shadow-docket-v3-0,shadow_docket_database_v3-0.csv:line 395950,https://www.supremecourt.gov/docket/docketfiles/html/public/24A164.html,OT2023,24A164,2024-08-08,Stay,private_or_individual,government,Stay,United States Court of Appeals for the Ninth Circuit,1,7,1,2024-08-22,NA,Granted/Denied,0,1,mixed_or_partial_emergency_disposition_status_quo_partly_changed,25-1017,2026-02-19,,cert_granted_merits_pending,pending,mixed_or_partial_emergency_disposition_no_external_implementation_coding,0,"Official docket page coded for denied/NA emergency slice: application filed 2024-08-08; response requested; application granted in part and denied in part on 2024-08-22. Linked official merits docket https://www.supremecourt.gov/docket/docketfiles/html/public/25-1017.html records the certiorari petition filed 2026-02-19 and granted 2026-06-29; merits briefing remained pending as of 2026-07-26. This source row supports all-application docket-linkage fields but not external implementation validation. Shadow source row preserved in sourceRecordId; source disposition was Granted/Denied."
scotus-docket-plus-shadow-docket-v3-0,shadow_docket_database_v3-0.csv:line 395970,https://www.supremecourt.gov/docket/docketfiles/html/public/24A11.html,OT2023,24A11,2024-07-05,Stay,private_or_individual,government,Stay,United States Court of Appeals for the Tenth Circuit,1,7,1,2024-08-28,0,Denied,0,0,requested_emergency_relief_denied_status_quo_preserved,,,,no_scotus_merits_link_on_application_docket,,requested_emergency_relief_denied_no_scotus_policy_change,0,"Official docket page coded for denied/NA emergency slice: application filed 2024-07-05; response requested; final application entry: Application (24A11) to vacate stay presented to Justice Gorsuch and by him referred to the Court is denied. Applicants represent that they do not require emergency relief from this Court as long as the Eighth Circuit’s injunction in Missouri, et al. v. Biden, et al. , case Nos. 24-2332 and 24-2351, is in place.. This source row supports all-application docket-linkage fields but not external implementation validation. Shadow source row preserved in sourceRecordId; source disposition was Denied."
scotus-docket-plus-shadow-docket-v3-0,shadow_docket_database_v3-0.csv:line 395969,https://www.supremecourt.gov/docket/docketfiles/html/public/24A173.html,OT2023,24A173,2024-08-13,Vacate,government,private_or_individual,Vacate,United States Court of Appeals for the Eighth Circuit,1,6,1,2024-08-28,0,Denied,0,0,requested_emergency_relief_denied_status_quo_preserved,,,,no_scotus_merits_link_on_application_docket,,requested_emergency_relief_denied_no_scotus_policy_change,0,Official docket page coded for denied/NA emergency slice: application filed 2024-08-13; response requested; final application entry: Application (24A173) to vacate injunction presented to Justice Kavanaugh and by him referred to the Court is denied. The Court expects that the Court of Appeals will render its decision with appropriate dispatch.. This source row supports all-application docket-linkage fields but not external implementation validation. Shadow source row preserved in sourceRecordId; source disposition was Denied.
scotus-docket-plus-shadow-docket-v3-0,shadow_docket_database_v3-0.csv:line 395974,https://www.supremecourt.gov/docket/docketfiles/html/public/24-5389.html,OT2023,24-5389,2024-08-25,Stay,private_or_individual,private_or_individual,Stay,Supreme Court of Florida,0,,1,2024-08-29,0,Denied,0,0,requested_emergency_relief_denied_status_quo_preserved,,,,cert_or_merits_petition_denied_no_scotus_merits_followthrough,,requested_emergency_relief_denied_no_scotus_policy_change,0,Official docket page coded for denied/NA emergency slice: application filed 2024-08-25; no court-requested response found; final application entry: Application (24A202) for stay of execution of sentence of death presented to Justice Thomas and by him referred to the Court is denied. The petition for a writ of certiorari is denied.. This source row supports all-application docket-linkage fields but not external implementation validation. Shadow source row preserved in sourceRecordId; source disposition was Denied.
scotus-docket-plus-shadow-docket-v3-0,shadow_docket_database_v3-0.csv:line 395982,https://www.supremecourt.gov/docket/docketfiles/html/public/24A146.html,OT2023,24A146,2024-08-05,Injunction,private_or_individual,government,Injunction,United States Court of Appeals for the Tenth Circuit,1,7,1,2024-09-03,0,Denied,0,1,requested_emergency_relief_denied_status_quo_preserved,,,,no_scotus_merits_link_on_application_docket,,requested_emergency_relief_denied_no_scotus_policy_change,0,"Official docket page coded for denied/NA emergency slice: application filed 2024-08-05; response requested; final application entry: Application (24A146) for writ of injunction presented to Justice Gorsuch and by him referred to the Court is denied. Justice Thomas, Justice Alito, and Justice Gorsuch would grant the application.. This source row supports all-application docket-linkage fields but not external implementation validation. Shadow source row preserved in sourceRecordId; source disposition was Denied."
scotus-docket-plus-shadow-docket-v3-0,shadow_docket_database_v3-0.csv:line 395981,https://www.supremecourt.gov/docket/docketfiles/html/public/24A181.html,OT2023,24A181,2024-08-16,Stay,private_or_individual,government,Stay,United States Court of Appeals for the District of Columbia Circuit,1,4,1,2024-09-03,0,Denied,0,0,requested_emergency_relief_denied_status_quo_preserved,,,,no_scotus_merits_link_on_application_docket,,requested_emergency_relief_denied_no_scotus_policy_change,0,Official docket page coded for denied/NA emergency slice: application filed 2024-08-16; response requested; final application entry: Application (24A181) for stay presented to The Chief Justice and by him referred to the Court is denied.. This source row supports all-application docket-linkage fields but not external implementation validation. Shadow source row preserved in sourceRecordId; source disposition was Denied.
scotus-docket-plus-shadow-docket-v3-0,shadow_docket_database_v3-0.csv:line 396060,https://www.supremecourt.gov/docket/docketfiles/html/public/24-5603.html,OT2023,24-5603,2024-09-20,Stay,private_or_individual,private_or_individual,Stay,United States Court of Appeals for the Fourth Circuit,0,,1,2024-09-20,0,Denied,0,1,requested_emergency_relief_denied_status_quo_preserved,,,,cert_or_merits_petition_denied_no_scotus_merits_followthrough,,requested_emergency_relief_denied_no_scotus_policy_change,0,Official docket page coded for denied/NA emergency slice: application filed 2024-09-20; no court-requested response found; final application entry: Application (24A284) for stay of execution of sentence of death presented to The Chief Justice and by him referred to the Court is denied. The petition for a writ of certiorari is denied. Justice Sotomayor would grant the application for stay of execution of sentence of death.. This source row supports all-application docket-linkage fields but not external implementation validation. Shadow source row preserved in sourceRecordId; source disposition was Denied.
scotus-docket-plus-shadow-docket-v3-0,shadow_docket_database_v3-0.csv:line 396061,https://www.supremecourt.gov/docket/docketfiles/html/public/24-5603.html,OT2023,24-5603,2024-09-20,Stay,private_or_individual,private_or_individual,Stay,United States Court of Appeals for the Fourth Circuit,0,,1,2024-09-20,0,Denied,0,1,requested_emergency_relief_denied_status_quo_preserved,,,,cert_or_merits_petition_denied_no_scotus_merits_followthrough,,requested_emergency_relief_denied_no_scotus_policy_change,0,Official docket page coded for denied/NA emergency slice: application filed 2024-09-20; no court-requested response found; final application entry: Application (24A284) for stay of execution of sentence of death presented to The Chief Justice and by him referred to the Court is denied. The petition for a writ of certiorari is denied. Justice Sotomayor would grant the application for stay of execution of sentence of death.. This source row supports all-application docket-linkage fields but not external implementation validation. Shadow source row preserved in sourceRecordId; source disposition was Denied.
scotus-docket-plus-shadow-docket-v3-0,shadow_docket_database_v3-0.csv:line 396059,https://www.supremecourt.gov/docket/docketfiles/html/public/24A262.html,OT2023,24A262,2024-09-13,Vacate,private_or_individual,private_or_individual,Vacate,Supreme Court of Nevada,1,4,1,2024-09-20,0,Denied,0,0,requested_emergency_relief_denied_status_quo_preserved,,,,no_scotus_merits_link_on_application_docket,,requested_emergency_relief_denied_no_scotus_policy_change,0,Official docket page coded for denied/NA emergency slice: application filed 2024-09-13; response requested; final application entry: Application (24A262) to vacate injunction presented to Justice Kagan and by her referred to the Court is denied.. This source row supports all-application docket-linkage fields but not external implementation validation. Shadow source row preserved in sourceRecordId; source disposition was Denied.
scotus-docket-plus-shadow-docket-v3-0,shadow_docket_database_v3-0.csv:line 396068,https://www.supremecourt.gov/docket/docketfiles/html/public/24-5561.html,OT2023,24-5561,2024-09-18,Stay,uncoded,private_or_individual,Stay,Supreme Court of Missouri,0,,1,2024-09-24,0,Denied,0,0,requested_emergency_relief_denied_status_quo_preserved,,,,cert_or_merits_petition_denied_no_scotus_merits_followthrough,,requested_emergency_relief_denied_no_scotus_policy_change,0,Official docket page coded for denied/NA emergency slice: application filed 2024-09-18; no court-requested response found; final application entry: Application (24A274) for stay of execution of sentence of death presented to Justice Kavanaugh and by him referred to the Court is denied. The petition for a writ of certiorari is denied.. This source row supports all-application docket-linkage fields but not external implementation validation. Shadow source row preserved in sourceRecordId; source disposition was Denied.
scotus-docket-plus-shadow-docket-v3-0,shadow_docket_database_v3-0.csv:line 396070,https://www.supremecourt.gov/docket/docketfiles/html/public/24-5606.html,OT2023,24-5606,2024-09-23,Stay,private_or_individual,private_or_individual,Stay,United States Court of Appeals for the Eighth Circuit,0,,1,2024-09-24,0,Denied,0,0,requested_emergency_relief_denied_status_quo_preserved,,,,cert_or_merits_petition_denied_no_scotus_merits_followthrough,,requested_emergency_relief_denied_no_scotus_policy_change,0,Official docket page coded for denied/NA emergency slice: application filed 2024-09-23; no court-requested response found; final application entry: Application (24A286) for stay of execution of sentence of death presented to Justice Kavanaugh and by him referred to the Court is denied. The petition for a writ of certiorari is denied.. This source row supports all-application docket-linkage fields but not external implementation validation. Shadow source row preserved in sourceRecordId; source disposition was Denied.
scotus-docket-plus-shadow-docket-v3-0,shadow_docket_database_v3-0.csv:line 396072,https://www.supremecourt.gov/docket/docketfiles/html/public/24-5612.html,OT2023,24-5612,2024-09-23,Stay,private_or_individual,private_or_individual,Stay,Supreme Court of Missouri,0,,1,2024-09-24,0,Denied,0,1,requested_emergency_relief_denied_status_quo_preserved,,,,cert_or_merits_petition_denied_no_scotus_merits_followthrough,,requested_emergency_relief_denied_no_scotus_policy_change,0,"Official docket page coded for denied/NA emergency slice: application filed 2024-09-23; no court-requested response found; final application entry: Application (24A290) for stay of execution of sentence of death presented to Justice Kavanaugh and by him referred to the Court is denied. The petition for a writ of certiorari is denied. Justice Sotomayor, Justice Kagan, and Justice Jackson would grant the application for stay of execution of sentence of death.. This source row supports all-application docket-linkage fields but not external implementation validation. Shadow source row preserved in sourceRecordId; source disposition was Denied."
scotus-docket-plus-shadow-docket-v3-0,shadow_docket_database_v3-0.csv:line 396073,https://www.supremecourt.gov/docket/docketfiles/html/public/24-5612.html,OT2023,24-5612,2024-09-23,Stay,private_or_individual,private_or_individual,Stay,Supreme Court of Missouri,0,,1,2024-09-24,0,Denied,0,1,requested_emergency_relief_denied_status_quo_preserved,,,,cert_or_merits_petition_denied_no_scotus_merits_followthrough,,requested_emergency_relief_denied_no_scotus_policy_change,0,"Official docket page coded for denied/NA emergency slice: application filed 2024-09-23; no court-requested response found; final application entry: Application (24A290) for stay of execution of sentence of death presented to Justice Kavanaugh and by him referred to the Court is denied. The petition for a writ of certiorari is denied. Justice Sotomayor, Justice Kagan, and Justice Jackson would grant the application for stay of execution of sentence of death.. This source row supports all-application docket-linkage fields but not external implementation validation. Shadow source row preserved in sourceRecordId; source disposition was Denied."
scotus-docket-plus-shadow-docket-v3-0,shadow_docket_database_v3-0.csv:line 396081,https://www.supremecourt.gov/docket/docketfiles/html/public/24A285.html,OT2023,24A285,2024-09-21,Injunction,private_or_individual,private_or_individual,Injunction,United States Court of Appeals for the Second Circuit,1,2,1,2024-09-27,0,Denied,0,0,requested_emergency_relief_denied_status_quo_preserved,,,,no_scotus_merits_link_on_application_docket,,requested_emergency_relief_denied_no_scotus_policy_change,0,Official docket page coded for denied/NA emergency slice: application filed 2024-09-21; response requested; final application entry: Application (24A285) for writ of injunction presented to Justice Sotomayor and by her referred to the Court is denied.. This source row supports all-application docket-linkage fields but not external implementation validation. Shadow source row preserved in sourceRecordId; source disposition was Denied.
scotus-docket-plus-shadow-docket-v3-0,shadow_docket_database_v3-0.csv:line 396094,https://www.supremecourt.gov/docket/docketfiles/html/public/24-5658.html,OT2023,24-5658,2024-09-27,Stay,private_or_individual,private_or_individual,Stay,Court of Criminal Appeals of Texas,0,,1,2024-10-01,0,Denied,0,0,requested_emergency_relief_denied_status_quo_preserved,,,,cert_or_merits_petition_denied_no_scotus_merits_followthrough,,requested_emergency_relief_denied_no_scotus_policy_change,0,Official docket page coded for denied/NA emergency slice: application filed 2024-09-27; no court-requested response found; final application entry: Application (24A302) for stay of execution of sentence of death presented to Justice Alito and by him referred to the Court is denied. The petition for a writ of certiorari is denied.. This source row supports all-application docket-linkage fields but not external implementation validation. Shadow source row preserved in sourceRecordId; source disposition was Denied.
scotus-docket-plus-shadow-docket-v3-0,shadow_docket_database_v3-0.csv:line 396096,https://www.supremecourt.gov/docket/docketfiles/html/public/24-5670.html,OT2023,24-5670,2024-09-30,Stay,private_or_individual,private_or_individual,Stay,United States Court of Appeals for the Fifth Circuit,0,,1,2024-10-01,0,Denied,0,0,requested_emergency_relief_denied_status_quo_preserved,,,,cert_or_merits_petition_denied_no_scotus_merits_followthrough,,requested_emergency_relief_denied_no_scotus_policy_change,0,Official docket page coded for denied/NA emergency slice: application filed 2024-09-30; no court-requested response found; final application entry: Application (24A307) for stay of execution of sentence of death presented to Justice Alito and by him referred to the Court is denied. The petition for a writ of certiorari is denied.. This source row supports all-application docket-linkage fields but not external implementation validation. Shadow source row preserved in sourceRecordId; source disposition was Denied.
scotus-docket-plus-shadow-docket-v3-0,shadow_docket_database_v3-0.csv:line 396098,https://www.supremecourt.gov/docket/docketfiles/html/public/24-5671.html,OT2023,24-5671,2024-09-30,Stay,private_or_individual,private_or_individual,Stay,United States Court of Appeals for the Fifth Circuit,0,,1,2024-10-01,0,Denied,0,0,requested_emergency_relief_denied_status_quo_preserved,,,,cert_or_merits_petition_denied_no_scotus_merits_followthrough,,requested_emergency_relief_denied_no_scotus_policy_change,0,Official docket page coded for denied/NA emergency slice: application filed 2024-09-30; no court-requested response found; final application entry: Application (24A308) for stay of execution of sentence of death presented to Justice Alito and by him referred to the Court is denied. The petition for a writ of certiorari is denied.. This source row supports all-application docket-linkage fields but not external implementation validation. Shadow source row preserved in sourceRecordId; source disposition was Denied.
scotus-docket-plus-shadow-docket-v3-0,shadow_docket_database_v3-0.csv:line 396115,https://www.supremecourt.gov/docket/docketfiles/html/public/24A178.html,OT2023,24A178,2024-08-14,Stay,private_or_individual,government,Stay,United States Court of Appeals for the District of Columbia Circuit,1,14,1,2024-10-04,0,Denied,0,0,requested_emergency_relief_denied_status_quo_preserved,,,,no_scotus_merits_link_on_application_docket,,requested_emergency_relief_denied_no_scotus_policy_change,0,Official docket page coded for denied/NA emergency slice: application filed 2024-08-14; response requested; final application entry: Application (24A178) for stay presented to The Chief Justice and by him referred to the Court is denied.. This source row supports all-application docket-linkage fields but not external implementation validation. Shadow source row preserved in sourceRecordId; source disposition was Denied.
scotus-docket-plus-shadow-docket-v3-0,shadow_docket_database_v3-0.csv:line 396116,https://www.supremecourt.gov/docket/docketfiles/html/public/24A179.html,OT2023,24A179,2024-08-16,Stay,private_or_individual,government,Stay,United States Court of Appeals for the District of Columbia Circuit,1,14,1,2024-10-04,0,Denied,0,0,requested_emergency_relief_denied_status_quo_preserved,,,,no_scotus_merits_link_on_application_docket,,requested_emergency_relief_denied_no_scotus_policy_change,0,Official docket page coded for denied/NA emergency slice: application filed 2024-08-16; response requested; final application entry: Application (24A179) for stay presented to The Chief Justice and by him referred to the Court is denied. This source row supports all-application docket-linkage fields but not external implementation validation. Shadow source row preserved in sourceRecordId; source disposition was Denied.
scotus-docket-plus-shadow-docket-v3-0,shadow_docket_database_v3-0.csv:line 396117,https://www.supremecourt.gov/docket/docketfiles/html/public/24A180.html,OT2023,24A180,2024-08-16,Stay,private_or_individual,government,Stay,United States Court of Appeals for the District of Columbia Circuit,1,14,1,2024-10-04,0,Denied,0,0,requested_emergency_relief_denied_status_quo_preserved,,,,no_scotus_merits_link_on_application_docket,,requested_emergency_relief_denied_no_scotus_policy_change,0,Official docket page coded for denied/NA emergency slice: application filed 2024-08-16; response requested; final application entry: Application (24A180) for stay presented to The Chief Justice and by him referred to the Court is denied. This source row supports all-application docket-linkage fields but not external implementation validation. Shadow source row preserved in sourceRecordId; source disposition was Denied.
scotus-docket-plus-shadow-docket-v3-0,shadow_docket_database_v3-0.csv:line 396118,https://www.supremecourt.gov/docket/docketfiles/html/public/24A186.html,OT2023,24A186,2024-08-19,Stay,private_or_individual,government,Stay,United States Court of Appeals for the District of Columbia Circuit,1,14,1,2024-10-04,0,Denied,0,0,requested_emergency_relief_denied_status_quo_preserved,,,,no_scotus_merits_link_on_application_docket,,requested_emergency_relief_denied_no_scotus_policy_change,0,Official docket page coded for denied/NA emergency slice: application filed 2024-08-19; response requested; final application entry: Application (24A186) for stay presented to The Chief Justice and by him referred to the Court is denied. This source row supports all-application docket-linkage fields but not external implementation validation. Shadow source row preserved in sourceRecordId; source disposition was Denied.
scotus-docket-plus-shadow-docket-v3-0,shadow_docket_database_v3-0.csv:line 396119,https://www.supremecourt.gov/docket/docketfiles/html/public/24A197.html,OT2023,24A197,2024-08-20,Stay,private_or_individual,government,Stay,United States Court of Appeals for the District of Columbia Circuit,1,14,1,2024-10-04,0,Denied,0,0,requested_emergency_relief_denied_status_quo_preserved,,,,no_scotus_merits_link_on_application_docket,,requested_emergency_relief_denied_no_scotus_policy_change,0,Official docket page coded for denied/NA emergency slice: application filed 2024-08-20; response requested; final application entry: Application (24A197) for stay presented to The Chief Justice and by him referred to the Court is denied. This source row supports all-application docket-linkage fields but not external implementation validation. Shadow source row preserved in sourceRecordId; source disposition was Denied.
scotus-docket-plus-shadow-docket-v3-0,shadow_docket_database_v3-0.csv:line 396120,https://www.supremecourt.gov/docket/docketfiles/html/public/24A199.html,OT2023,24A199,2024-08-21,Stay,private_or_individual,government,Stay,United States Court of Appeals for the District of Columbia Circuit,1,14,1,2024-10-04,0,Denied,0,0,requested_emergency_relief_denied_status_quo_preserved,,,,no_scotus_merits_link_on_application_docket,,requested_emergency_relief_denied_no_scotus_policy_change,0,Official docket page coded for denied/NA emergency slice: application filed 2024-08-21; response requested; final application entry: Application (24A199) for stay presented to The Chief Justice and by him referred to the Court is denied. This source row supports all-application docket-linkage fields but not external implementation validation. Shadow source row preserved in sourceRecordId; source disposition was Denied.
scotus-docket-plus-shadow-docket-v3-0,shadow_docket_database_v3-0.csv:line 396121,https://www.supremecourt.gov/docket/docketfiles/html/public/24A203.html,OT2023,24A203,2024-08-22,Stay,private_or_individual,government,Stay,United States Court of Appeals for the District of Columbia Circuit,1,14,1,2024-10-04,0,Denied,0,0,requested_emergency_relief_denied_status_quo_preserved,,,,no_scotus_merits_link_on_application_docket,,requested_emergency_relief_denied_no_scotus_policy_change,0,Official docket page coded for denied/NA emergency slice: application filed 2024-08-22; response requested; final application entry: Application (24A203) for stay presented to The Chief Justice and by him referred to the Court is denied. This source row supports all-application docket-linkage fields but not external implementation validation. Shadow source row preserved in sourceRecordId; source disposition was Denied.
scotus-docket-plus-shadow-docket-v3-0,shadow_docket_database_v3-0.csv:line 396122,https://www.supremecourt.gov/docket/docketfiles/html/public/24A213.html,OT2023,24A213,2024-08-23,Stay,private_or_individual,government,Stay,United States Court of Appeals for the District of Columbia Circuit,1,16,1,2024-10-04,0,Denied,0,0,requested_emergency_relief_denied_status_quo_preserved,,,,no_scotus_merits_link_on_application_docket,,requested_emergency_relief_denied_no_scotus_policy_change,0,Official docket page coded for denied/NA emergency slice: application filed 2024-08-23; response requested; final application entry: Application (24A213) for stay presented to The Chief Justice and by him referred to the Court is denied. This source row supports all-application docket-linkage fields but not external implementation validation. Shadow source row preserved in sourceRecordId; source disposition was Denied.
scotus-docket-plus-shadow-docket-v3-0,shadow_docket_database_v3-0.csv:line 396123,https://www.supremecourt.gov/docket/docketfiles/html/public/24A215.html,OT2023,24A215,2024-08-26,Stay,private_or_individual,government,Stay,United States Court of Appeals for the District of Columbia Circuit,1,16,1,2024-10-04,0,Denied,0,0,requested_emergency_relief_denied_status_quo_preserved,,,,no_scotus_merits_link_on_application_docket,,requested_emergency_relief_denied_no_scotus_policy_change,0,Official docket page coded for denied/NA emergency slice: application filed 2024-08-26; response requested; final application entry: Application (24A215) for stay presented to The Chief Justice and by him referred to the Court is denied. This source row supports all-application docket-linkage fields but not external implementation validation. Shadow source row preserved in sourceRecordId; source disposition was Denied.
scotus-docket-plus-shadow-docket-v3-0,shadow_docket_database_v3-0.csv:line 396175,https://www.supremecourt.gov/docket/docketfiles/html/public/24A107.html,OT2024,24A107,2024-07-26,Stay,private_or_individual,uncoded,Stay,United States Court of Appeals for the District of Columbia Circuit,0,,1,2024-10-07,0,Denied,0,0,requested_emergency_relief_denied_status_quo_preserved,,,,no_scotus_merits_link_on_application_docket,,requested_emergency_relief_denied_no_scotus_policy_change,1,Official docket page coded for denied/NA emergency slice: application filed 2024-07-26; no court-requested response found; final application entry: Application (24A107) denied by the Court.. This source row supports all-application docket-linkage fields but not external implementation validation. Shadow source row preserved in sourceRecordId; source disposition was Denied.
scotus-docket-plus-shadow-docket-v3-0,shadow_docket_database_v3-0.csv:line 396176,https://www.supremecourt.gov/docket/docketfiles/html/public/24A136.html,OT2024,24A136,2024-08-02,Stay,private_or_individual,private_or_individual,Stay,Supreme Court of Arizona,0,,1,2024-10-07,0,Denied,0,0,requested_emergency_relief_denied_status_quo_preserved,,,,no_scotus_merits_link_on_application_docket,,requested_emergency_relief_denied_no_scotus_policy_change,1,Official docket page coded for denied/NA emergency slice: application filed 2024-08-02; no court-requested response found; final application entry: Application (24A136) denied by the Court.. This source row supports all-application docket-linkage fields but not external implementation validation. Shadow source row preserved in sourceRecordId; source disposition was Denied.
scotus-docket-plus-shadow-docket-v3-0,shadow_docket_database_v3-0.csv:line 396177,https://www.supremecourt.gov/docket/docketfiles/html/public/24A189.html,OT2024,24A189,2024-08-15,Stay,private_or_individual,uncoded,Stay,United States Bankruptcy Appellate Panel for the 10th Circuit,0,,1,2024-10-07,0,Denied,0,0,requested_emergency_relief_denied_status_quo_preserved,,,,no_scotus_merits_link_on_application_docket,,requested_emergency_relief_denied_no_scotus_policy_change,1,Official docket page coded for denied/NA emergency slice: application filed 2024-08-15; no court-requested response found; final application entry: Application (24A189) denied by the Court.. This source row supports all-application docket-linkage fields but not external implementation validation. Shadow source row preserved in sourceRecordId; source disposition was Denied.
scotus-docket-plus-shadow-docket-v3-0,shadow_docket_database_v3-0.csv:line 396174,https://www.supremecourt.gov/docket/docketfiles/html/public/24A61.html,OT2024,24A61,2024-07-15,Stay,private_or_individual,uncoded,Stay,Supreme Court of Colorado,0,,1,2024-10-07,0,Denied,0,0,requested_emergency_relief_denied_status_quo_preserved,,,,no_scotus_merits_link_on_application_docket,,requested_emergency_relief_denied_no_scotus_policy_change,1,Official docket page coded for denied/NA emergency slice: application filed 2024-07-15; no court-requested response found; final application entry: Application (24A61) denied by the Court.. This source row supports all-application docket-linkage fields but not external implementation validation. Shadow source row preserved in sourceRecordId; source disposition was Denied.
scotus-docket-plus-shadow-docket-v3-0,shadow_docket_database_v3-0.csv:line 397476,https://www.supremecourt.gov/docket/docketfiles/html/public/23A1101.html,OT2024,23A1101,2024-06-07,Vacate,private_or_individual,uncoded,Vacate,Supreme Court of Arizona,0,,1,2024-10-15,0,Denied,0,0,requested_emergency_relief_denied_status_quo_preserved,,,,no_scotus_merits_link_on_application_docket,,requested_emergency_relief_denied_no_scotus_policy_change,1,Official docket page coded for denied/NA emergency slice: application filed 2024-06-07; no court-requested response found; final application entry: Application (23A1101) denied by the Court.. This source row supports all-application docket-linkage fields but not external implementation validation. Shadow source row preserved in sourceRecordId; source disposition was Denied.
scotus-docket-plus-shadow-docket-v3-0,shadow_docket_database_v3-0.csv:line 397477,https://www.supremecourt.gov/docket/docketfiles/html/public/24A222.html,OT2024,24A222,2024-08-26,Stay,private_or_individual,uncoded,Stay,Supreme Court of Arkansas,0,,1,2024-10-15,0,Denied,0,0,requested_emergency_relief_denied_status_quo_preserved,,,,no_scotus_merits_link_on_application_docket,,requested_emergency_relief_denied_no_scotus_policy_change,1,Official docket page coded for denied/NA emergency slice: application filed 2024-08-26; no court-requested response found; final application entry: Application (24A222) denied by the Court.. This source row supports all-application docket-linkage fields but not external implementation validation. Shadow source row preserved in sourceRecordId; source disposition was Denied.
scotus-docket-plus-shadow-docket-v3-0,shadow_docket_database_v3-0.csv:line 397732,https://www.supremecourt.gov/docket/docketfiles/html/public/24A105.html,OT2024,24A105,2024-07-26,Stay,private_or_individual,government,Stay,United States Court of Appeals for the District of Columbia Circuit,1,20,1,2024-10-16,0,Denied,1,1,requested_emergency_relief_denied_status_quo_preserved,,,,no_scotus_merits_link_on_application_docket,,requested_emergency_relief_denied_no_scotus_policy_change,0,"Official docket page coded for denied/NA emergency slice: application filed 2024-07-26; response requested; final application entry: Application (24A105) for stay presented to The Chief Justice and by him referred to the Court is denied. Justice Thomas would grant the application. Justice Alito took no part in the consideration or decision of this application. Statement of Justice Kavanaugh, with whom Justice Gorsuch joins, respecting the denial of application for stay. (Detache. This source row supports all-application docket-linkage fields but not external implementation validation. Shadow source row preserved in sourceRecordId; source disposition was Denied."
scotus-docket-plus-shadow-docket-v3-0,shadow_docket_database_v3-0.csv:line 397733,https://www.supremecourt.gov/docket/docketfiles/html/public/24A106.html,OT2024,24A106,2024-07-26,Stay,private_or_individual,government,Stay,United States Court of Appeals for the District of Columbia Circuit,1,20,1,2024-10-16,0,Denied,1,1,requested_emergency_relief_denied_status_quo_preserved,,,,no_scotus_merits_link_on_application_docket,,requested_emergency_relief_denied_no_scotus_policy_change,0,"Official docket page coded for denied/NA emergency slice: application filed 2024-07-26; response requested; final application entry: Application (24A106) for stay presented to The Chief Justice and by him referred to the Court is denied. Justice Thomas would grant the application. Justice Alito took no part in the consideration or decision of this application. Statement of Justice Kavanaugh, with whom Justice Gorsuch joins, respecting the denial of application for stay. (Detache. This source row supports all-application docket-linkage fields but not external implementation validation. Shadow source row preserved in sourceRecordId; source disposition was Denied."
scotus-docket-plus-shadow-docket-v3-0,shadow_docket_database_v3-0.csv:line 397734,https://www.supremecourt.gov/docket/docketfiles/html/public/24A116.html,OT2024,24A116,2024-07-29,Stay,private_or_individual,government,Stay,United States Court of Appeals for the District of Columbia Circuit,1,19,1,2024-10-16,0,Denied,1,1,requested_emergency_relief_denied_status_quo_preserved,,,,no_scotus_merits_link_on_application_docket,,requested_emergency_relief_denied_no_scotus_policy_change,0,"Official docket page coded for denied/NA emergency slice: application filed 2024-07-29; response requested; final application entry: Application (24A116) for stay presented to The Chief Justice and by him referred to the Court is denied. Justice Thomas would grant the application. Justice Alito took no part in the consideration or decision of this application. Statement of Justice Kavanaugh, with whom Justice Gorsuch joins, respecting the denial of application for stay. (Detache. This source row supports all-application docket-linkage fields but not external implementation validation. Shadow source row preserved in sourceRecordId; source disposition was Denied."
scotus-docket-plus-shadow-docket-v3-0,shadow_docket_database_v3-0.csv:line 397735,https://www.supremecourt.gov/docket/docketfiles/html/public/24A117.html,OT2024,24A117,2024-07-29,Stay,private_or_individual,government,Stay,United States Court of Appeals for the District of Columbia Circuit,1,19,1,2024-10-16,0,Denied,1,1,requested_emergency_relief_denied_status_quo_preserved,,,,no_scotus_merits_link_on_application_docket,,requested_emergency_relief_denied_no_scotus_policy_change,0,"Official docket page coded for denied/NA emergency slice: application filed 2024-07-29; response requested; final application entry: Application (24A117) for stay presented to The Chief Justice and by him referred to the Court is denied. Justice Thomas would grant the application. Justice Alito took no part in the consideration or decision of this application. Statement of Justice Kavanaugh, with whom Justice Gorsuch joins, respecting the denial of application for stay. (Detache. This source row supports all-application docket-linkage fields but not external implementation validation. Shadow source row preserved in sourceRecordId; source disposition was Denied."
scotus-docket-plus-shadow-docket-v3-0,shadow_docket_database_v3-0.csv:line 397728,https://www.supremecourt.gov/docket/docketfiles/html/public/24A95.html,OT2024,24A95,2024-07-23,Stay,private_or_individual,government,Stay,United States Court of Appeals for the District of Columbia Circuit,1,21,1,2024-10-16,0,Denied,1,1,requested_emergency_relief_denied_status_quo_preserved,,,,no_scotus_merits_link_on_application_docket,,requested_emergency_relief_denied_no_scotus_policy_change,0,"Official docket page coded for denied/NA emergency slice: application filed 2024-07-23; response requested; final application entry: Application (24A95) for stay presented to The Chief Justice and by him referred to the Court is denied. Justice Thomas would grant the application. Justice Alito took no part in the consideration or decision of this application. Statement of Justice Kavanaugh, with whom Justice Gorsuch joins, respecting the denial of application for stay. (Detached. This source row supports all-application docket-linkage fields but not external implementation validation. Shadow source row preserved in sourceRecordId; source disposition was Denied."
scotus-docket-plus-shadow-docket-v3-0,shadow_docket_database_v3-0.csv:line 397729,https://www.supremecourt.gov/docket/docketfiles/html/public/24A96.html,OT2024,24A96,2024-07-24,Stay,private_or_individual,government,Stay,United States Court of Appeals for the District of Columbia Circuit,1,21,1,2024-10-16,0,Denied,1,1,requested_emergency_relief_denied_status_quo_preserved,,,,no_scotus_merits_link_on_application_docket,,requested_emergency_relief_denied_no_scotus_policy_change,0,"Official docket page coded for denied/NA emergency slice: application filed 2024-07-24; response requested; final application entry: Application (24A96) for stay presented to The Chief Justice and by him referred to the Court is denied. Justice Thomas would grant the application. Justice Alito took no part in the consideration or decision of this application. Statement of Justice Kavanaugh, with whom Justice Gorsuch joins, respecting the denial of application for stay. (Detached. This source row supports all-application docket-linkage fields but not external implementation validation. Shadow source row preserved in sourceRecordId; source disposition was Denied."
scotus-docket-plus-shadow-docket-v3-0,shadow_docket_database_v3-0.csv:line 397730,https://www.supremecourt.gov/docket/docketfiles/html/public/24A97.html,OT2024,24A97,2024-07-24,Stay,private_or_individual,government,Stay,United States Court of Appeals for the District of Columbia Circuit,1,21,1,2024-10-16,0,Denied,1,1,requested_emergency_relief_denied_status_quo_preserved,,,,no_scotus_merits_link_on_application_docket,,requested_emergency_relief_denied_no_scotus_policy_change,0,"Official docket page coded for denied/NA emergency slice: application filed 2024-07-24; response requested; final application entry: Application (24A97) for stay presented to The Chief Justice and by him referred to the Court is denied. Justice Thomas would grant the application. Justice Alito took no part in the consideration or decision of this application. Statement of Justice Kavanaugh, with whom Justice Gorsuch joins, respecting the denial of application for stay. (Detached. This source row supports all-application docket-linkage fields but not external implementation validation. Shadow source row preserved in sourceRecordId; source disposition was Denied."
scotus-docket-plus-shadow-docket-v3-0,shadow_docket_database_v3-0.csv:line 397731,https://www.supremecourt.gov/docket/docketfiles/html/public/24A98.html,OT2024,24A98,2024-07-24,Stay,private_or_individual,government,Stay,United States Court of Appeals for the District of Columbia Circuit,1,21,1,2024-10-16,0,Denied,1,1,requested_emergency_relief_denied_status_quo_preserved,,,,no_scotus_merits_link_on_application_docket,,requested_emergency_relief_denied_no_scotus_policy_change,0,"Official docket page coded for denied/NA emergency slice: application filed 2024-07-24; response requested; final application entry: Application (24A98) for stay presented to The Chief Justice and by him referred to the Court is denied. Justice Thomas would grant the application. Justice Alito took no part in the consideration or decision of this application. Statement of Justice Kavanaugh, with whom Justice Gorsuch joins, respecting the denial of application for stay. (Detached. This source row supports all-application docket-linkage fields but not external implementation validation. Shadow source row preserved in sourceRecordId; source disposition was Denied."
scotus-docket-plus-shadow-docket-v3-0,shadow_docket_database_v3-0.csv:line 397756,https://www.supremecourt.gov/docket/docketfiles/html/public/24-5753.html,OT2024,24-5753,2024-10-15,Stay,private_or_individual,private_or_individual,Stay,Court of Criminal Appeals of Texas,0,,1,2024-10-17,0,Denied,1,0,requested_emergency_relief_denied_status_quo_preserved,,,,cert_or_merits_petition_denied_no_scotus_merits_followthrough,,requested_emergency_relief_denied_no_scotus_policy_change,0,Official docket page coded for denied/NA emergency slice: application filed 2024-10-15; no court-requested response found; final application entry: Application (24A349) for stay of execution of sentence of death presented to Justice Alito and by him referred to the Court is denied. The petition for a writ of certiorari is denied. Statement of Justice Sotomayor respecting the denial of the application for stay of execution and denial of certiorari. (Detached Opinion ). This source row supports all-application docket-linkage fields but not external implementation validation. Shadow source row preserved in sourceRecordId; source disposition was Denied.
scotus-docket-plus-shadow-docket-v3-0,shadow_docket_database_v3-0.csv:line 397757,https://www.supremecourt.gov/docket/docketfiles/html/public/24-5753.html,OT2024,24-5753,2024-10-15,Stay,private_or_individual,private_or_individual,Stay,Court of Criminal Appeals of Texas,0,,1,2024-10-17,0,Denied,1,0,requested_emergency_relief_denied_status_quo_preserved,,,,cert_or_merits_petition_denied_no_scotus_merits_followthrough,,requested_emergency_relief_denied_no_scotus_policy_change,0,Official docket page coded for denied/NA emergency slice: application filed 2024-10-15; no court-requested response found; final application entry: Application (24A349) for stay of execution of sentence of death presented to Justice Alito and by him referred to the Court is denied. The petition for a writ of certiorari is denied. Statement of Justice Sotomayor respecting the denial of the application for stay of execution and denial of certiorari. (Detached Opinion ). This source row supports all-application docket-linkage fields but not external implementation validation. Shadow source row preserved in sourceRecordId; source disposition was Denied.
scotus-docket-plus-shadow-docket-v3-0,shadow_docket_database_v3-0.csv:line 397925,https://www.supremecourt.gov/docket/docketfiles/html/public/24-5668.html,OT2024,24-5668,2024-10-28,Stay,private_or_individual,private_or_individual,Stay,Supreme Court of South Carolina,0,,1,2024-10-31,0,Denied,0,0,requested_emergency_relief_denied_status_quo_preserved,,,,cert_or_merits_petition_denied_no_scotus_merits_followthrough,,requested_emergency_relief_denied_no_scotus_policy_change,0,Official docket page coded for denied/NA emergency slice: application filed 2024-10-28; no court-requested response found; final application entry: Application (24A409) for stay of execution of sentence of death presented to The Chief Justice and by him referred to the Court is denied. The petition for a writ of certiorari is denied.. This source row supports all-application docket-linkage fields but not external implementation validation. Shadow source row preserved in sourceRecordId; source disposition was Denied.
scotus-docket-plus-shadow-docket-v3-0,shadow_docket_database_v3-0.csv:line 397942,https://www.supremecourt.gov/docket/docketfiles/html/public/24A408.html,OT2024,24A408,2024-10-28,Stay,private_or_individual,private_or_individual,Stay,"Supreme Court of Pennsylvania, Western District",1,2,1,2024-11-01,0,Denied,1,0,requested_emergency_relief_denied_status_quo_preserved,,,,no_scotus_merits_link_on_application_docket,,requested_emergency_relief_denied_no_scotus_policy_change,0,"Official docket page coded for denied/NA emergency slice: application filed 2024-10-28; response requested; final application entry: Application (24A408) for stay presented to Justice Alito and by him referred to the Court is denied. Statement of Justice Alito, with whom Justice Thomas and Justice Gorsuch join, respecting the denial of application for stay. (Detached Opinion ). This source row supports all-application docket-linkage fields but not external implementation validation. Shadow source row preserved in sourceRecordId; source disposition was Denied."
scotus-docket-plus-shadow-docket-v3-0,shadow_docket_database_v3-0.csv:line 397974,https://www.supremecourt.gov/docket/docketfiles/html/public/24A244.html,OT2024,24A244,2024-08-31,Vacate,private_or_individual,uncoded,Vacate,United States Court of Appeals for the Ninth Circuit,0,,1,2024-11-04,0,Denied,0,0,requested_emergency_relief_denied_status_quo_preserved,,,,no_scotus_merits_link_on_application_docket,,requested_emergency_relief_denied_no_scotus_policy_change,1,Official docket page coded for denied/NA emergency slice: application filed 2024-08-31; no court-requested response found; final application entry: Application (24A244) denied by the Court.. This source row supports all-application docket-linkage fields but not external implementation validation. Shadow source row preserved in sourceRecordId; source disposition was Denied.
scotus-docket-plus-shadow-docket-v3-0,shadow_docket_database_v3-0.csv:line 397975,https://www.supremecourt.gov/docket/docketfiles/html/public/24A273.html,OT2024,24A273,2024-09-14,Injunction,private_or_individual,uncoded,Injunction,United States Court of Appeals for the Seventh Circuit,0,,1,2024-11-04,0,Denied,0,0,requested_emergency_relief_denied_status_quo_preserved,,,,no_scotus_merits_link_on_application_docket,,requested_emergency_relief_denied_no_scotus_policy_change,1,Official docket page coded for denied/NA emergency slice: application filed 2024-09-14; no court-requested response found; final application entry: Application (24A273) denied by the Court.. This source row supports all-application docket-linkage fields but not external implementation validation. Shadow source row preserved in sourceRecordId; source disposition was Denied.
scotus-docket-plus-shadow-docket-v3-0,shadow_docket_database_v3-0.csv:line 398153,https://www.supremecourt.gov/docket/docketfiles/html/public/24A332.html,OT2024,24A332,2024-09-30,Stay,private_or_individual,uncoded,Stay,United States Court of Appeals for the Federal Circuit,0,,1,2024-11-12,0,Denied,0,0,requested_emergency_relief_denied_status_quo_preserved,,,,no_scotus_merits_link_on_application_docket,,requested_emergency_relief_denied_no_scotus_policy_change,1,Official docket page coded for denied/NA emergency slice: application filed 2024-09-30; no court-requested response found; final application entry: Application (24A332) denied by the Court.. This source row supports all-application docket-linkage fields but not external implementation validation. Shadow source row preserved in sourceRecordId; source disposition was Denied.
scotus-docket-plus-shadow-docket-v3-0,shadow_docket_database_v3-0.csv:line 398383,https://www.supremecourt.gov/docket/docketfiles/html/public/24-5993.html,OT2024,24-5993,2024-11-19,Stay,private_or_individual,private_or_individual,Stay,United States Court of Appeals for the Eleventh Circuit,0,,1,2024-11-21,0,Denied,0,0,requested_emergency_relief_denied_status_quo_preserved,,,,cert_or_merits_petition_denied_no_scotus_merits_followthrough,,requested_emergency_relief_denied_no_scotus_policy_change,0,Official docket page coded for denied/NA emergency slice: application filed 2024-11-19; no court-requested response found; final application entry: Application (24A498) for stay of execution of sentence of death presented to Justice Thomas and by him referred to the Court is denied. The petition for a writ of certiorari is denied.. This source row supports all-application docket-linkage fields but not external implementation validation. Shadow source row preserved in sourceRecordId; source disposition was Denied.
scotus-docket-plus-shadow-docket-v3-0,shadow_docket_database_v3-0.csv:line 398391,https://www.supremecourt.gov/docket/docketfiles/html/public/24A419.html,OT2024,24A419,2024-10-24,Stay,private_or_individual,private_or_individual,Stay,United States Court of Appeals for the Sixth Circuit,1,8,1,2024-11-22,0,Denied,0,0,requested_emergency_relief_denied_status_quo_preserved,,,,no_scotus_merits_link_on_application_docket,,requested_emergency_relief_denied_no_scotus_policy_change,0,Official docket page coded for denied/NA emergency slice: application filed 2024-10-24; response requested; final application entry: Application (24A419) for stay and recall of the mandate presented to Justice Kavanaugh and by him referred to the Court is denied.. This source row supports all-application docket-linkage fields but not external implementation validation. Shadow source row preserved in sourceRecordId; source disposition was Denied.
scotus-docket-plus-shadow-docket-v3-0,shadow_docket_database_v3-0.csv:line 398511,https://www.supremecourt.gov/docket/docketfiles/html/public/24-5807.html,OT2024,24-5807,2024-10-18,Stay,private_or_individual,private_or_individual,Stay,Supreme Court of Missouri,0,,1,2024-12-02,0,Denied,0,0,requested_emergency_relief_denied_status_quo_preserved,,,,cert_or_merits_petition_denied_no_scotus_merits_followthrough,,requested_emergency_relief_denied_no_scotus_policy_change,0,Official docket page coded for denied/NA emergency slice: application filed 2024-10-18; no court-requested response found; final application entry: Application (24A391) for stay of execution of sentence of death presented to Justice Kavanaugh and by him referred to the Court is denied. The petition for a writ of certiorari is denied.. This source row supports all-application docket-linkage fields but not external implementation validation. Shadow source row preserved in sourceRecordId; source disposition was Denied.
scotus-docket-plus-shadow-docket-v3-0,shadow_docket_database_v3-0.csv:line 398557,https://www.supremecourt.gov/docket/docketfiles/html/public/24A328.html,OT2024,24A328,2024-10-01,Stay,private_or_individual,uncoded,Stay,Court of Appeals of New York,0,,1,2024-12-09,0,Denied,0,0,requested_emergency_relief_denied_status_quo_preserved,,,,no_scotus_merits_link_on_application_docket,,requested_emergency_relief_denied_no_scotus_policy_change,1,Official docket page coded for denied/NA emergency slice: application filed 2024-10-01; no court-requested response found; final application entry: Application (24A328) denied by the Court.. This source row supports all-application docket-linkage fields but not external implementation validation. Shadow source row preserved in sourceRecordId; source disposition was Denied.
scotus-docket-plus-shadow-docket-v3-0,shadow_docket_database_v3-0.csv:line 398712,https://www.supremecourt.gov/docket/docketfiles/html/public/24A463.html,OT2024,24A463,2024-11-05,Stay,private_or_individual,government,Stay,United States Court of Appeals for the District of Columbia Circuit,1,14,1,2024-12-11,0,Denied,0,0,requested_emergency_relief_denied_status_quo_preserved,,,,no_scotus_merits_link_on_application_docket,,requested_emergency_relief_denied_no_scotus_policy_change,0,Official docket page coded for denied/NA emergency slice: application filed 2024-11-05; response requested; final application entry: Application (24A463) for stay presented to The Chief Justice and by him referred to the Court is denied.. This source row supports all-application docket-linkage fields but not external implementation validation. Shadow source row preserved in sourceRecordId; source disposition was Denied.
scotus-docket-plus-shadow-docket-v3-0,shadow_docket_database_v3-0.csv:line 398738,https://www.supremecourt.gov/docket/docketfiles/html/public/24A369.html,OT2024,24A369,2024-10-11,Injunction,private_or_individual,government,Injunction,United States Court of Appeals for the Ninth Circuit,0,,1,2024-12-16,0,Denied,0,0,requested_emergency_relief_denied_status_quo_preserved,,,,no_scotus_merits_link_on_application_docket,,requested_emergency_relief_denied_no_scotus_policy_change,1,Official docket page coded for denied/NA emergency slice: application filed 2024-10-11; no court-requested response found; final application entry: Application (24A369) denied by the Court.. This source row supports all-application docket-linkage fields but not external implementation validation. Shadow source row preserved in sourceRecordId; source disposition was Denied.
scotus-docket-plus-shadow-docket-v3-0,shadow_docket_database_v3-0.csv:line 398739,https://www.supremecourt.gov/docket/docketfiles/html/public/24A372.html,OT2024,24A372,2024-10-08,Stay,private_or_individual,uncoded,Stay,Court of Appeals of New York,0,,1,2024-12-16,0,Denied,0,0,requested_emergency_relief_denied_status_quo_preserved,,,,no_scotus_merits_link_on_application_docket,,requested_emergency_relief_denied_no_scotus_policy_change,1,Official docket page coded for denied/NA emergency slice: application filed 2024-10-08; no court-requested response found; final application entry: Application (24A372) denied by the Court.. This source row supports all-application docket-linkage fields but not external implementation validation. Shadow source row preserved in sourceRecordId; source disposition was Denied.
scotus-docket-plus-shadow-docket-v3-0,shadow_docket_database_v3-0.csv:line 398840,https://www.supremecourt.gov/docket/docketfiles/html/public/24-6164.html,OT2024,24-6164,2024-12-17,Stay,private_or_individual,private_or_individual,Stay,United States Court of Appeals for the Seventh Circuit,0,,1,2024-12-17,0,Denied,0,0,requested_emergency_relief_denied_status_quo_preserved,,,,cert_or_merits_petition_denied_no_scotus_merits_followthrough,,requested_emergency_relief_denied_no_scotus_policy_change,0,Official docket page coded for denied/NA emergency slice: application filed 2024-12-17; no court-requested response found; final application entry: Application (24A592) for stay of execution of sentence of death presented to Justice Barrett and by her referred to the Court is denied. The petition for a writ of certiorari is denied.. This source row supports all-application docket-linkage fields but not external implementation validation. Shadow source row preserved in sourceRecordId; source disposition was Denied.
scotus-docket-plus-shadow-docket-v3-0,shadow_docket_database_v3-0.csv:line 398839,https://www.supremecourt.gov/docket/docketfiles/html/public/24A553.html,OT2024,24A553,2024-12-02,Stay,private_or_individual,private_or_individual,Stay,United States Court of Appeals for the Sixth Circuit,1,7,1,2024-12-17,0,Denied,0,0,requested_emergency_relief_denied_status_quo_preserved,,,,no_scotus_merits_link_on_application_docket,,requested_emergency_relief_denied_no_scotus_policy_change,0,Official docket page coded for denied/NA emergency slice: application filed 2024-12-02; response requested; final application entry: Application (24A553) to recall and stay the mandate presented to Justice Kavanaugh and by him referred to the Court is denied.. This source row supports all-application docket-linkage fields but not external implementation validation. Shadow source row preserved in sourceRecordId; source disposition was Denied.
scotus-docket-plus-shadow-docket-v3-0,shadow_docket_database_v3-0.csv:line 398858,https://www.supremecourt.gov/docket/docketfiles/html/public/24-6159.html,OT2024,24-6159,2024-12-17,Stay,private_or_individual,private_or_individual,Stay,United States Court of Appeals for the Tenth Circuit,0,,1,2024-12-19,0,Denied,0,0,requested_emergency_relief_denied_status_quo_preserved,,,,cert_or_merits_petition_denied_no_scotus_merits_followthrough,,requested_emergency_relief_denied_no_scotus_policy_change,0,Official docket page coded for denied/NA emergency slice: application filed 2024-12-17; no court-requested response found; final application entry: Application (24A590) for stay of execution of sentence of death presented to Justice Kavanaugh and by him referred to the Court is denied. The petition for a writ of certiorari is denied. Justice Gorsuch took no part in the consideration or decision of this application and this petition.. This source row supports all-application docket-linkage fields but not external implementation validation. Shadow source row preserved in sourceRecordId; source disposition was Denied.
scotus-docket-plus-shadow-docket-v3-0,shadow_docket_database_v3-0.csv:line 398932,https://www.supremecourt.gov/docket/docketfiles/html/public/24A666.html,OT2024,24A666,2025-01-08,Stay,private_or_individual,private_or_individual,Stay,"Appellate Division, Supreme Court of New York, First Judicial Department",1,1,1,2025-01-09,0,Denied,0,1,requested_emergency_relief_denied_status_quo_preserved,,,,no_scotus_merits_link_on_application_docket,,requested_emergency_relief_denied_no_scotus_policy_change,0,"Official docket page coded for denied/NA emergency slice: application filed 2025-01-08; response requested; final application entry: Application (24A666) for stay presented to Justice Sotomayor and by her referred to the Court is denied for, inter alia , the following reasons. First, the alleged evidentiary violations at President-Elect Trump’s state-court trial can be addressed in the ordinary course on appeal. Second, the burden that sentencing will impose on the President-Ele. This source row supports all-application docket-linkage fields but not external implementation validation. Shadow source row preserved in sourceRecordId; source disposition was Denied."
scotus-docket-plus-shadow-docket-v3-0,shadow_docket_database_v3-0.csv:line 398946,https://www.supremecourt.gov/docket/docketfiles/html/public/24A415.html,OT2024,24A415,2024-10-21,Vacate,private_or_individual,uncoded,Vacate,Supreme Court of Arizona,0,,1,2025-01-13,0,Denied,0,0,requested_emergency_relief_denied_status_quo_preserved,,,,no_scotus_merits_link_on_application_docket,,requested_emergency_relief_denied_no_scotus_policy_change,1,Official docket page coded for denied/NA emergency slice: application filed 2024-10-21; no court-requested response found; final application entry: Application (24A415) denied by the Court.. This source row supports all-application docket-linkage fields but not external implementation validation. Shadow source row preserved in sourceRecordId; source disposition was Denied.
scotus-docket-plus-shadow-docket-v3-0,shadow_docket_database_v3-0.csv:line 398947,https://www.supremecourt.gov/docket/docketfiles/html/public/24A440.html,OT2024,24A440,2024-10-30,Injunction,private_or_individual,uncoded,Injunction,United States Court of Appeals for the Ninth Circuit,0,,1,2025-01-13,0,Denied,0,0,requested_emergency_relief_denied_status_quo_preserved,,,,no_scotus_merits_link_on_application_docket,,requested_emergency_relief_denied_no_scotus_policy_change,1,Official docket page coded for denied/NA emergency slice: application filed 2024-10-30; no court-requested response found; final application entry: Application (24A440) denied by the Court.. This source row supports all-application docket-linkage fields but not external implementation validation. Shadow source row preserved in sourceRecordId; source disposition was Denied.
scotus-docket-plus-shadow-docket-v3-0,shadow_docket_database_v3-0.csv:line 399346,https://www.supremecourt.gov/docket/docketfiles/html/public/24A532.html,OT2024,24A532,2024-11-18,Injunction,private_or_individual,uncoded,Injunction,United States Court of Appeals for the Second Circuit,0,,1,2025-01-21,0,Denied,0,0,requested_emergency_relief_denied_status_quo_preserved,,,,no_scotus_merits_link_on_application_docket,,requested_emergency_relief_denied_no_scotus_policy_change,1,Official docket page coded for denied/NA emergency slice: application filed 2024-11-18; no court-requested response found; final application entry: Application (24A532) denied by the Court.. This source row supports all-application docket-linkage fields but not external implementation validation. Shadow source row preserved in sourceRecordId; source disposition was Denied.
scotus-docket-plus-shadow-docket-v3-0,shadow_docket_database_v3-0.csv:line 399429,https://www.supremecourt.gov/docket/docketfiles/html/public/24A516.html,OT2024,24A516,2024-11-23,Stay,private_or_individual,uncoded,Stay,District of Columbia Court of Appeals,0,,1,2025-01-27,0,Denied,0,0,requested_emergency_relief_denied_status_quo_preserved,,,,no_scotus_merits_link_on_application_docket,,requested_emergency_relief_denied_no_scotus_policy_change,1,Official docket page coded for denied/NA emergency slice: application filed 2024-11-23; no court-requested response found; final application entry: Application (24A516) denied by the Court.. This source row supports all-application docket-linkage fields but not external implementation validation. Shadow source row preserved in sourceRecordId; source disposition was Denied.
scotus-docket-plus-shadow-docket-v3-0,shadow_docket_database_v3-0.csv:line 399430,https://www.supremecourt.gov/docket/docketfiles/html/public/24A531.html,OT2024,24A531,2024-11-18,Stay,private_or_individual,uncoded,Stay,Supreme Court of California,0,,1,2025-01-27,0,Denied,0,0,requested_emergency_relief_denied_status_quo_preserved,,,,cert_or_merits_petition_denied_no_scotus_merits_followthrough,,requested_emergency_relief_denied_no_scotus_policy_change,1,Official docket page coded for denied/NA emergency slice: application filed 2024-11-18; no court-requested response found; final application entry: Application (24A531) denied by the Court.. This source row supports all-application docket-linkage fields but not external implementation validation. Shadow source row preserved in sourceRecordId; source disposition was Denied.
scotus-docket-plus-shadow-docket-v3-0,shadow_docket_database_v3-0.csv:line 399551,https://www.supremecourt.gov/docket/docketfiles/html/public/24-6376.html,OT2024,24-6376,2025-01-23,Stay,private_or_individual,private_or_individual,Stay,Supreme Court of South Carolina,0,,1,2025-01-30,0,Denied,0,0,requested_emergency_relief_denied_status_quo_preserved,,,,cert_or_merits_petition_denied_no_scotus_merits_followthrough,,requested_emergency_relief_denied_no_scotus_policy_change,0,Official docket page coded for denied/NA emergency slice: application filed 2025-01-23; no court-requested response found; final application entry: Application (24A723) for stay of execution of sentence of death presented to The Chief Justice and by him referred to the Court is denied. The petition for a writ of certiorari is denied.. This source row supports all-application docket-linkage fields but not external implementation validation. Shadow source row preserved in sourceRecordId; source disposition was Denied.
scotus-docket-plus-shadow-docket-v3-0,shadow_docket_database_v3-0.csv:line 399566,https://www.supremecourt.gov/docket/docketfiles/html/public/24-6442.html,OT2024,24-6442,2025-02-03,Stay,private_or_individual,private_or_individual,Stay,Court of Criminal Appeals of Texas,0,,1,2025-02-05,0,Denied,0,0,requested_emergency_relief_denied_status_quo_preserved,,,,cert_or_merits_petition_denied_no_scotus_merits_followthrough,,requested_emergency_relief_denied_no_scotus_policy_change,0,Official docket page coded for denied/NA emergency slice: application filed 2025-02-03; no court-requested response found; final application entry: Application (24A753) for stay of execution of sentence of death presented to Justice Alito and by him referred to the Court is denied. The petition for a writ of certiorari is denied.. This source row supports all-application docket-linkage fields but not external implementation validation. Shadow source row preserved in sourceRecordId; source disposition was Denied.
scotus-docket-plus-shadow-docket-v3-0,shadow_docket_database_v3-0.csv:line 399600,https://www.supremecourt.gov/docket/docketfiles/html/public/24-6510.html,OT2024,24-6510,2025-02-08,Stay,private_or_individual,private_or_individual,Stay,Supreme Court of Florida,0,,1,2025-02-12,0,Denied,0,0,requested_emergency_relief_denied_status_quo_preserved,,,,cert_or_merits_petition_denied_no_scotus_merits_followthrough,,requested_emergency_relief_denied_no_scotus_policy_change,0,Official docket page coded for denied/NA emergency slice: application filed 2025-02-08; no court-requested response found; final application entry: Application (24A771) for stay of execution of sentence of death presented to Justice Thomas and by him referred to the Court is denied. The petition for a writ of certiorari is denied.. This source row supports all-application docket-linkage fields but not external implementation validation. Shadow source row preserved in sourceRecordId; source disposition was Denied.
scotus-docket-plus-shadow-docket-v3-0,shadow_docket_database_v3-0.csv:line 399989,https://www.supremecourt.gov/docket/docketfiles/html/public/24A658.html,OT2024,24A658,2024-12-23,Stay,private_or_individual,uncoded,Stay,United States Court of Appeals for the Ninth Circuit,0,,1,2025-03-03,0,Denied,0,0,requested_emergency_relief_denied_status_quo_preserved,,,,no_scotus_merits_link_on_application_docket,,requested_emergency_relief_denied_no_scotus_policy_change,1,Official docket page coded for denied/NA emergency slice: application filed 2024-12-23; no court-requested response found; final application entry: Application (24A658) denied by the Court.. This source row supports all-application docket-linkage fields but not external implementation validation. Shadow source row preserved in sourceRecordId; source disposition was Denied.
scotus-docket-plus-shadow-docket-v3-0,shadow_docket_database_v3-0.csv:line 400093,https://www.supremecourt.gov/docket/docketfiles/html/public/24A831.html,OT2024,24A831,2025-02-26,Vacate,government,private_or_individual,Vacate,United States Court of Appeals for the District of Columbia Circuit,0,,1,2025-03-05,0,Denied,1,1,requested_emergency_relief_denied_status_quo_preserved,,,,no_scotus_merits_link_on_application_docket,,requested_emergency_relief_denied_no_scotus_policy_change,0,"Official docket page coded for denied/NA emergency slice: application filed 2025-02-26; no court-requested response found; final application entry: On February 13, the United States District Court for the District of Columbia entered a temporary restraining order enjoining the Government from enforcing directives pausing disbursements of foreign development assistance funds. The present application does not challenge the Government’s obligation to follow that order. On February 25, the Distric. This source row supports all-application docket-linkage fields but not external implementation validation. Shadow source row preserved in sourceRecordId; source disposition was Denied."
scotus-docket-plus-shadow-docket-v3-0,shadow_docket_database_v3-0.csv:line 400099,https://www.supremecourt.gov/docket/docketfiles/html/public/24A790.html,OT2024,24A790,2025-02-16,Vacate,government,private_or_individual,Vacate,United States Court of Appeals for the District of Columbia Circuit,1,1,1,2025-03-06,0,Denied,1,0,requested_emergency_relief_denied_status_quo_preserved,,,,no_scotus_merits_link_on_application_docket,,requested_emergency_relief_denied_no_scotus_policy_change,0,Official docket page coded for denied/NA emergency slice: application filed 2025-02-16; response requested; final application entry: Application (24A790) to vacate the order of the United States District Court for the District of Columbia is denied as moot.. This source row supports all-application docket-linkage fields but not external implementation validation. Shadow source row preserved in sourceRecordId; source disposition was Denied.
scotus-docket-plus-shadow-docket-v3-0,shadow_docket_database_v3-0.csv:line 400103,https://www.supremecourt.gov/docket/docketfiles/html/public/24-6709.html,OT2024,24-6709,2025-03-05,Stay,private_or_individual,private_or_individual,Stay,Supreme Court of South Carolina,0,,1,2025-03-07,0,Denied,0,0,requested_emergency_relief_denied_status_quo_preserved,,,,cert_or_merits_petition_denied_no_scotus_merits_followthrough,,requested_emergency_relief_denied_no_scotus_policy_change,0,Official docket page coded for denied/NA emergency slice: application filed 2025-03-05; no court-requested response found; application (24A854) and the petition for a writ of certiorari were denied on 2025-03-07. This source row supports all-application docket-linkage fields but not external implementation validation. Shadow source row preserved in sourceRecordId; source disposition was Denied.
scotus-docket-plus-shadow-docket-v3-0,shadow_docket_database_v3-0.csv:line 400244,https://www.supremecourt.gov/docket/docketfiles/html/public/24A893.html,OT2024,24A893,2025-03-16,Stay,private_or_individual,uncoded,Stay,United States Court of Appeals for the Fifth Circuit,0,,1,2025-03-18,0,Denied,1,1,requested_emergency_relief_denied_status_quo_preserved,,,,no_scotus_merits_link_on_application_docket,,requested_emergency_relief_denied_no_scotus_policy_change,0,"Official docket page coded for denied/NA emergency slice: application filed 2025-03-16; no court-requested response found; final application entry: Application (24A893) for stay of execution of sentence of death presented to Justice Alito and by him referred to the Court is denied. Justice Sotomayor, Justice Kagan, and Justice Jackson would grant the application for stay of execution. Justice Gorsuch dissents. (Detached Opinion ). This source row supports all-application docket-linkage fields but not external implementation validation. Shadow source row preserved in sourceRecordId; source disposition was Denied."
scotus-docket-plus-shadow-docket-v3-0,shadow_docket_database_v3-0.csv:line 400251,https://www.supremecourt.gov/docket/docketfiles/html/public/24-6775.html,OT2024,24-6775,2025-03-17,Stay,private_or_individual,private_or_individual,Stay,Supreme Court of Florida,0,,1,2025-03-20,0,Denied,0,0,requested_emergency_relief_denied_status_quo_preserved,,,,cert_or_merits_petition_denied_no_scotus_merits_followthrough,,requested_emergency_relief_denied_no_scotus_policy_change,0,Official docket page coded for denied/NA emergency slice: application filed 2025-03-17; no court-requested response found; final application entry: Application (24A890) for a stay of execution of sentence of death presented to Justice Thomas and by him referred to the Court is denied. The petition for a writ of certiorari is denied.. This source row supports all-application docket-linkage fields but not external implementation validation. Shadow source row preserved in sourceRecordId; source disposition was Denied.
scotus-docket-plus-shadow-docket-v3-0,shadow_docket_database_v3-0.csv:line 400253,https://www.supremecourt.gov/docket/docketfiles/html/public/24-6776.html,OT2024,24-6776,2025-03-17,Stay,private_or_individual,private_or_individual,Stay,United States Court of Appeals for the Eleventh Circuit,0,,1,2025-03-20,0,Denied,0,0,requested_emergency_relief_denied_status_quo_preserved,,,,cert_or_merits_petition_denied_no_scotus_merits_followthrough,,requested_emergency_relief_denied_no_scotus_policy_change,0,Official docket page coded for denied/NA emergency slice: application filed 2025-03-17; no court-requested response found; final application entry: Application (24A891) for a stay of execution of sentence of death presented to Justice Thomas and by him referred to the Court is denied. The petition for a writ of certiorari is denied.. This source row supports all-application docket-linkage fields but not external implementation validation. Shadow source row preserved in sourceRecordId; source disposition was Denied.
scotus-docket-plus-shadow-docket-v3-0,shadow_docket_database_v3-0.csv:line 400255,https://www.supremecourt.gov/docket/docketfiles/html/public/24-6777.html,OT2024,24-6777,2025-03-18,Stay,private_or_individual,private_or_individual,Stay,United States Court of Appeals for the Eleventh Circuit,0,,1,2025-03-20,0,Denied,0,0,requested_emergency_relief_denied_status_quo_preserved,,,,cert_or_merits_petition_denied_no_scotus_merits_followthrough,,requested_emergency_relief_denied_no_scotus_policy_change,0,Official docket page coded for denied/NA emergency slice: application filed 2025-03-18; no court-requested response found; final application entry: Application (24A892) for a stay of execution of sentence of death presented to Justice Thomas and by him referred to the Court is denied. The petition for a writ of certiorari is denied.. This source row supports all-application docket-linkage fields but not external implementation validation. Shadow source row preserved in sourceRecordId; source disposition was Denied.
scotus-docket-plus-shadow-docket-v3-0,shadow_docket_database_v3-0.csv:line 400265,https://www.supremecourt.gov/docket/docketfiles/html/public/24A730.html,OT2024,24A730,2024-12-27,Stay,private_or_individual,uncoded,Stay,United States Court of Appeals for the Federal Circuit,0,,1,2025-03-24,0,Denied,0,0,requested_emergency_relief_denied_status_quo_preserved,,,,no_scotus_merits_link_on_application_docket,,requested_emergency_relief_denied_no_scotus_policy_change,1,Official docket page coded for denied/NA emergency slice: application filed 2024-12-27; no court-requested response found; final application entry: Application (24A730) denied by the Court.. This source row supports all-application docket-linkage fields but not external implementation validation. Shadow source row preserved in sourceRecordId; source disposition was Denied.
scotus-docket-plus-shadow-docket-v3-0,shadow_docket_database_v3-0.csv:line 400266,https://www.supremecourt.gov/docket/docketfiles/html/public/24A731.html,OT2024,24A731,2025-01-04,Stay,private_or_individual,uncoded,Stay,United States Court of Appeals for the Federal Circuit,0,,1,2025-03-24,0,Denied,0,0,requested_emergency_relief_denied_status_quo_preserved,,,,no_scotus_merits_link_on_application_docket,,requested_emergency_relief_denied_no_scotus_policy_change,1,Official docket page coded for denied/NA emergency slice: application filed 2025-01-04; no court-requested response found; final application entry: Application (24A731) denied by the Court.. This source row supports all-application docket-linkage fields but not external implementation validation. Shadow source row preserved in sourceRecordId; source disposition was Denied.
scotus-docket-plus-shadow-docket-v3-0,shadow_docket_database_v3-0.csv:line 400608,https://www.supremecourt.gov/docket/docketfiles/html/public/24A852.html,OT2024,24A852,2025-02-28,Stay,private_or_individual,uncoded,Stay,United States Court of Appeals for the Ninth Circuit,0,,1,2025-04-07,0,Denied,0,0,requested_emergency_relief_denied_status_quo_preserved,,,,no_scotus_merits_link_on_application_docket,,requested_emergency_relief_denied_no_scotus_policy_change,1,Official docket page coded for denied/NA emergency slice: application filed 2025-02-28; no court-requested response found; final application entry: Application (24A852) denied by the Court.. This source row supports all-application docket-linkage fields but not external implementation validation. Shadow source row preserved in sourceRecordId; source disposition was Denied.
scotus-docket-plus-shadow-docket-v3-0,shadow_docket_database_v3-0.csv:line 400691,https://www.supremecourt.gov/docket/docketfiles/html/public/24-6932.html,OT2024,24-6932,2025-04-04,Stay,uncoded,private_or_individual,Stay,Supreme Court of Florida,0,,1,2025-04-08,0,Denied,0,0,requested_emergency_relief_denied_status_quo_preserved,,,,cert_or_merits_petition_denied_no_scotus_merits_followthrough,,requested_emergency_relief_denied_no_scotus_policy_change,0,Official docket page coded for denied/NA emergency slice: application filed 2025-04-04; no court-requested response found; final application entry: Application (24A948) for stay of execution of sentence of death presented to Justice Thomas and by him referred to the Court is denied. The petition for a writ of certiorari is denied.. This source row supports all-application docket-linkage fields but not external implementation validation. Shadow source row preserved in sourceRecordId; source disposition was Denied.
scotus-docket-plus-shadow-docket-v3-0,shadow_docket_database_v3-0.csv:line 400702,https://www.supremecourt.gov/docket/docketfiles/html/public/24A949.html,OT2024,24A949,2025-04-07,Vacate,government,private_or_individual,Vacate,United States Court of Appeals for the Fourth Circuit,0,,1,2025-04-10,NA,NA,1,0,nonbinary_or_na_docket_status_no_emergency_relief_granted,,,,no_scotus_merits_link_on_application_docket,,nonbinary_or_na_docket_status_no_external_implementation_coding,0,"Official docket page coded for denied/NA emergency slice: application filed 2025-04-07; no court-requested response found; final application entry: The application is granted in part and denied in part, subject to the direction of this order. Due to the administrative stay issued by The Chief Justice, the deadline imposed by the District Court has now passed. To that extent, the Government’s emergency application is effectively granted in part and the deadline in the challenged order is no lon. This source row supports all-application docket-linkage fields but not external implementation validation. Shadow source row preserved in sourceRecordId; source disposition was NA."
scotus-docket-plus-shadow-docket-v3-0,shadow_docket_database_v3-0.csv:line 400709,https://www.supremecourt.gov/docket/docketfiles/html/public/24-6933.html,OT2024,24-6933,2025-04-07,Stay,private_or_individual,private_or_individual,Stay,Supreme Court of South Carolina,0,,1,2025-04-11,0,Denied,0,0,requested_emergency_relief_denied_status_quo_preserved,,,,cert_or_merits_petition_denied_no_scotus_merits_followthrough,,requested_emergency_relief_denied_no_scotus_policy_change,0,Official docket page coded for denied/NA emergency slice: application filed 2025-04-07; no court-requested response found; final application entry: Application (24A956) for stay of execution of sentence of death presented to The Chief Justice and by him referred to the Court is denied. The petition for a writ of certiorari is denied.. This source row supports all-application docket-linkage fields but not external implementation validation. Shadow source row preserved in sourceRecordId; source disposition was Denied.
scotus-docket-plus-shadow-docket-v3-0,shadow_docket_database_v3-0.csv:line 400946,https://www.supremecourt.gov/docket/docketfiles/html/public/24A970.html,OT2024,24A970,2025-04-10,Stay,private_or_individual,private_or_individual,Stay,United States Court of Appeals for the Sixth Circuit,0,,1,2025-04-22,0,Denied,0,1,requested_emergency_relief_denied_status_quo_preserved,,,,no_scotus_merits_link_on_application_docket,,requested_emergency_relief_denied_no_scotus_policy_change,0,"Official docket page coded for denied/NA emergency slice: application filed 2025-04-10; no court-requested response found; final application entry: Application (24A970) for stay presented to Justice Kavanaugh and by him referred to the Court is denied. The order heretofore entered by Justice Kavanaugh is vacated. Justice Thomas, Justice Alito, and Justice Kavanaugh would grant the application.. This source row supports all-application docket-linkage fields but not external implementation validation. Shadow source row preserved in sourceRecordId; source disposition was Denied."
scotus-docket-plus-shadow-docket-v3-0,shadow_docket_database_v3-0.csv:line 400947,https://www.supremecourt.gov/docket/docketfiles/html/public/24A970.html,OT2024,24A970,2025-04-10,Vacate,private_or_individual,private_or_individual,Vacate,United States Court of Appeals for the Sixth Circuit,0,,1,2025-04-22,NA,NA,0,1,nonbinary_or_na_docket_status_no_emergency_relief_granted,,,,no_scotus_merits_link_on_application_docket,,nonbinary_or_na_docket_status_no_external_implementation_coding,0,"Official docket page coded for denied/NA emergency slice: application filed 2025-04-10; no court-requested response found; final application entry: Application (24A970) for stay presented to Justice Kavanaugh and by him referred to the Court is denied. The order heretofore entered by Justice Kavanaugh is vacated. Justice Thomas, Justice Alito, and Justice Kavanaugh would grant the application.. This source row supports all-application docket-linkage fields but not external implementation validation. Shadow source row preserved in sourceRecordId; source disposition was NA."
scotus-docket-plus-shadow-docket-v3-0,shadow_docket_database_v3-0.csv:line 400957,https://www.supremecourt.gov/docket/docketfiles/html/public/24-7030.html,OT2024,24-7030,2025-04-18,Stay,private_or_individual,private_or_individual,Stay,Court of Criminal Appeals of Texas,0,,1,2025-04-23,0,Denied,0,0,requested_emergency_relief_denied_status_quo_preserved,,,,cert_or_merits_petition_denied_no_scotus_merits_followthrough,,requested_emergency_relief_denied_no_scotus_policy_change,0,Official docket page coded for denied/NA emergency slice: application filed 2025-04-18; no court-requested response found; final application entry: Application (24A1005) for stay of execution of sentence of death presented to Justice Alito and by him referred to the Court is denied. The petition for a writ of certiorari is denied.. This source row supports all-application docket-linkage fields but not external implementation validation. Shadow source row preserved in sourceRecordId; source disposition was Denied.
scotus-docket-plus-shadow-docket-v3-0,shadow_docket_database_v3-0.csv:line 401084,https://www.supremecourt.gov/docket/docketfiles/html/public/24-7079.html,OT2024,24-7079,2025-04-27,Stay,private_or_individual,private_or_individual,Stay,Supreme Court of Florida,0,,1,2025-05-01,0,Denied,0,0,requested_emergency_relief_denied_status_quo_preserved,,,,cert_or_merits_petition_denied_no_scotus_merits_followthrough,,requested_emergency_relief_denied_no_scotus_policy_change,0,Official docket page coded for denied/NA emergency slice: application filed 2025-04-27; no court-requested response found; final application entry: Application (24A1037) for stay of execution of sentence of death presented to Justice Thomas and by him referred to the Court is denied. The petition for a writ of certiorari is denied.. This source row supports all-application docket-linkage fields but not external implementation validation. Shadow source row preserved in sourceRecordId; source disposition was Denied.
scotus-docket-plus-shadow-docket-v3-0,shadow_docket_database_v3-0.csv:line 401086,https://www.supremecourt.gov/docket/docketfiles/html/public/24-7084.html,OT2024,24-7084,2025-04-28,Stay,private_or_individual,private_or_individual,Stay,United States Court of Appeals for the Eleventh Circuit,0,,1,2025-05-01,0,Denied,0,0,requested_emergency_relief_denied_status_quo_preserved,,,,cert_or_merits_petition_denied_no_scotus_merits_followthrough,,requested_emergency_relief_denied_no_scotus_policy_change,0,Official docket page coded for denied/NA emergency slice: application filed 2025-04-28; no court-requested response found; final application entry: Application (24A1043) for stay of execution of sentence of death presented to Justice Thomas and by him referred to the Court is denied. The petition for a writ of certiorari is denied.. This source row supports all-application docket-linkage fields but not external implementation validation. Shadow source row preserved in sourceRecordId; source disposition was Denied.
scotus-docket-plus-shadow-docket-v3-0,shadow_docket_database_v3-0.csv:line 401088,https://www.supremecourt.gov/docket/docketfiles/html/public/24-7087.html,OT2024,24-7087,2025-04-29,Stay,private_or_individual,private_or_individual,Stay,Supreme Court of Florida,0,,1,2025-05-01,0,Denied,0,0,requested_emergency_relief_denied_status_quo_preserved,,,,cert_or_merits_petition_denied_no_scotus_merits_followthrough,,requested_emergency_relief_denied_no_scotus_policy_change,0,Official docket page coded for denied/NA emergency slice: application filed 2025-04-29; no court-requested response found; final application entry: Application (24A1044) for stay of execution of sentence of death presented to Justice Thomas and by him referred to the Court is denied. The petition for a writ of certiorari is denied.. This source row supports all-application docket-linkage fields but not external implementation validation. Shadow source row preserved in sourceRecordId; source disposition was Denied.
scotus-docket-plus-shadow-docket-v3-0,shadow_docket_database_v3-0.csv:line 401090,https://www.supremecourt.gov/docket/docketfiles/html/public/24-7111.html,OT2024,24-7111,2025-05-01,Stay,private_or_individual,private_or_individual,Stay,Supreme Court of Florida,0,,1,2025-05-01,0,Denied,0,0,requested_emergency_relief_denied_status_quo_preserved,,,,cert_or_merits_petition_denied_no_scotus_merits_followthrough,,requested_emergency_relief_denied_no_scotus_policy_change,0,Official docket page coded for denied/NA emergency slice: application filed 2025-05-01; no court-requested response found; final application entry: Application (24A1054) for stay of execution of sentence of death presented to Justice Thomas and by him referred to the Court is denied. The petition for a writ of certiorari is denied.. This source row supports all-application docket-linkage fields but not external implementation validation. Shadow source row preserved in sourceRecordId; source disposition was Denied.
scotus-docket-plus-shadow-docket-v3-0,shadow_docket_database_v3-0.csv:line 401092,https://www.supremecourt.gov/docket/docketfiles/html/public/24-7117.html,OT2024,24-7117,2025-05-01,Stay,private_or_individual,private_or_individual,Stay,United States Court of Appeals for the Eleventh Circuit,0,,1,2025-05-01,0,Denied,0,0,requested_emergency_relief_denied_status_quo_preserved,,,,cert_or_merits_petition_denied_no_scotus_merits_followthrough,,requested_emergency_relief_denied_no_scotus_policy_change,0,Official docket page coded for denied/NA emergency slice: application filed 2025-05-01; no court-requested response found; final application entry: Application (24A1057) for stay of execution of sentence of death presented to Justice Thomas and by him referred to the Court is denied. The petition for a writ of certiorari is denied.. This source row supports all-application docket-linkage fields but not external implementation validation. Shadow source row preserved in sourceRecordId; source disposition was Denied.
scotus-docket-plus-shadow-docket-v3-0,shadow_docket_database_v3-0.csv:line 401108,https://www.supremecourt.gov/docket/docketfiles/html/public/24A864.html,OT2024,24A864,2025-03-06,Stay,private_or_individual,uncoded,Stay,United States Court of Appeals for the Ninth Circuit,0,,1,2025-05-05,0,Denied,0,0,requested_emergency_relief_denied_status_quo_preserved,,,,no_scotus_merits_link_on_application_docket,,requested_emergency_relief_denied_no_scotus_policy_change,1,Official docket page coded for denied/NA emergency slice: application filed 2025-03-06; no court-requested response found; final application entry: Application (24A864) denied by the Court.. This source row supports all-application docket-linkage fields but not external implementation validation. Shadow source row preserved in sourceRecordId; source disposition was Denied.
scotus-docket-plus-shadow-docket-v3-0,shadow_docket_database_v3-0.csv:line 401112,https://www.supremecourt.gov/docket/docketfiles/html/public/24A902.html,OT2024,24A902,2025-03-18,Stay,private_or_individual,uncoded,Stay,Supreme Court of Rhode Island,0,,1,2025-05-05,0,Denied,0,0,requested_emergency_relief_denied_status_quo_preserved,,,,no_scotus_merits_link_on_application_docket,,requested_emergency_relief_denied_no_scotus_policy_change,1,Official docket page coded for denied/NA emergency slice: application filed 2025-03-18; no court-requested response found; final application entry: Application (24A902) denied by the Court.. This source row supports all-application docket-linkage fields but not external implementation validation. Shadow source row preserved in sourceRecordId; source disposition was Denied.
scotus-docket-plus-shadow-docket-v3-0,shadow_docket_database_v3-0.csv:line 401215,https://www.supremecourt.gov/docket/docketfiles/html/public/24-7169.html,OT2024,24-7169,2025-05-09,Stay,private_or_individual,private_or_individual,Stay,Supreme Court of Florida,0,,1,2025-05-14,0,Denied,0,0,requested_emergency_relief_denied_status_quo_preserved,,,,cert_or_merits_petition_denied_no_scotus_merits_followthrough,,requested_emergency_relief_denied_no_scotus_policy_change,0,Official docket page coded for denied/NA emergency slice: application filed 2025-05-09; no court-requested response found; final application entry: Application (24A1087) for stay of execution of sentence of death presented to Justice Thomas and by him referred to the Court is denied. The petition for a writ of certiorari is denied.. This source row supports all-application docket-linkage fields but not external implementation validation. Shadow source row preserved in sourceRecordId; source disposition was Denied.
scotus-docket-plus-shadow-docket-v3-0,shadow_docket_database_v3-0.csv:line 401366,https://www.supremecourt.gov/docket/docketfiles/html/public/24-7157.html,OT2024,24-7157,2025-05-07,Stay,private_or_individual,private_or_individual,Stay,Supreme Court of Indiana,0,,1,2025-05-19,0,Denied,0,0,requested_emergency_relief_denied_status_quo_preserved,,,,cert_or_merits_petition_denied_no_scotus_merits_followthrough,,requested_emergency_relief_denied_no_scotus_policy_change,0,Official docket page coded for denied/NA emergency slice: application filed 2025-05-07; no court-requested response found; final application entry: Application (24A1077) for stay of execution of sentence of death presented to Justice Barret and by her referred to the Court is denied. The petition for a writ of certiorari is denied.. This source row supports all-application docket-linkage fields but not external implementation validation. Shadow source row preserved in sourceRecordId; source disposition was Denied.
scotus-docket-plus-shadow-docket-v3-0,shadow_docket_database_v3-0.csv:line 401368,https://www.supremecourt.gov/docket/docketfiles/html/public/24-7236.html,OT2024,24-7236,2025-05-19,Stay,private_or_individual,private_or_individual,Stay,United States Court of Appeals for the Seventh Circuit,0,,1,2025-05-19,0,Denied,0,1,requested_emergency_relief_denied_status_quo_preserved,,,,cert_or_merits_petition_denied_no_scotus_merits_followthrough,,requested_emergency_relief_denied_no_scotus_policy_change,0,Official docket page coded for denied/NA emergency slice: application filed 2025-05-19; no court-requested response found; final application entry: Application (24A1109) for stay of execution of sentence of death presented to Justice Barrett and by her referred to the Court is denied. The petition for a writ of certiorari is denied. Justice Sotomayor and Justice Jackson would grant the application for stay of execution of sentence of death and the petition for a writ of certiorari.. This source row supports all-application docket-linkage fields but not external implementation validation. Shadow source row preserved in sourceRecordId; source disposition was Denied.
scotus-docket-plus-shadow-docket-v3-0,shadow_docket_database_v3-0.csv:line 401369,https://www.supremecourt.gov/docket/docketfiles/html/public/24-7236.html,OT2024,24-7236,2025-05-19,Stay,private_or_individual,private_or_individual,Stay,United States Court of Appeals for the Seventh Circuit,0,,1,2025-05-19,0,Denied,0,1,requested_emergency_relief_denied_status_quo_preserved,,,,cert_or_merits_petition_denied_no_scotus_merits_followthrough,,requested_emergency_relief_denied_no_scotus_policy_change,0,Official docket page coded for denied/NA emergency slice: application filed 2025-05-19; no court-requested response found; final application entry: Application (24A1109) for stay of execution of sentence of death presented to Justice Barrett and by her referred to the Court is denied. The petition for a writ of certiorari is denied. Justice Sotomayor and Justice Jackson would grant the application for stay of execution of sentence of death and the petition for a writ of certiorari.. This source row supports all-application docket-linkage fields but not external implementation validation. Shadow source row preserved in sourceRecordId; source disposition was Denied.
scotus-docket-plus-shadow-docket-v3-0,shadow_docket_database_v3-0.csv:line 401243,https://www.supremecourt.gov/docket/docketfiles/html/public/24A245.html,OT2024,24A245,2024-08-31,Vacate,private_or_individual,uncoded,Vacate,United States Court of Appeals for the Ninth Circuit,0,,1,2025-05-19,0,Denied,0,0,requested_emergency_relief_denied_status_quo_preserved,,,,no_scotus_merits_link_on_application_docket,,requested_emergency_relief_denied_no_scotus_policy_change,1,Official docket page coded for denied/NA emergency slice: application filed 2024-08-31; no court-requested response found; final application entry: Application (24A245) denied by the Court.. This source row supports all-application docket-linkage fields but not external implementation validation. Shadow source row preserved in sourceRecordId; source disposition was Denied.
scotus-docket-plus-shadow-docket-v3-0,shadow_docket_database_v3-0.csv:line 401416,https://www.supremecourt.gov/docket/docketfiles/html/public/24A1099.html,OT2024,24A1099,2025-05-14,Stay,private_or_individual,private_or_individual,Stay,United States Court of Appeals for the Fourth Circuit,0,,1,2025-05-23,0,Denied,0,0,requested_emergency_relief_denied_status_quo_preserved,,,,no_scotus_merits_link_on_application_docket,,requested_emergency_relief_denied_no_scotus_policy_change,0,Official docket page coded for denied/NA emergency slice: application filed 2025-05-14; no court-requested response found; final application entry: Application (24A1099) for stay presented to The Chief Justice and by him referred to the Court is denied.. This source row supports all-application docket-linkage fields but not external implementation validation. Shadow source row preserved in sourceRecordId; source disposition was Denied.
scotus-docket-plus-shadow-docket-v3-0,shadow_docket_database_v3-0.csv:line 401682,https://www.supremecourt.gov/docket/docketfiles/html/public/24A1107.html,OT2024,24A1107,2025-05-14,Stay,private_or_individual,government,Stay,United States Court of Appeals for the Fifth Circuit,1,8,1,2025-06-04,0,Denied,1,0,requested_emergency_relief_denied_status_quo_preserved,,,,no_scotus_merits_link_on_application_docket,,requested_emergency_relief_denied_no_scotus_policy_change,0,Official docket page coded for denied/NA emergency slice: application filed 2025-05-14; response requested; final application entry: Application (24A1107) for stay presented to Justice Alito and by him referred to the Court is denied as moot.. This source row supports all-application docket-linkage fields but not external implementation validation. Shadow source row preserved in sourceRecordId; source disposition was Denied.
scotus-docket-plus-shadow-docket-v3-0,shadow_docket_database_v3-0.csv:line 401681,https://www.supremecourt.gov/docket/docketfiles/html/public/24A982.html,OT2024,24A982,2025-04-10,Stay,private_or_individual,private_or_individual,Stay,Supreme Court of Washington,1,7,1,2025-06-04,0,Denied,1,0,requested_emergency_relief_denied_status_quo_preserved,,,,no_scotus_merits_link_on_application_docket,,requested_emergency_relief_denied_no_scotus_policy_change,0,"Official docket page coded for denied/NA emergency slice: application filed 2025-04-10; response requested; final application entry: Application (24A982) for stay presented to Justice Kagan and by her referred to the Court is denied. Statement of Justice Alito, with whom Justice Thomas joins, respecting the denial of the application for a stay. (Detached Opinion ). This source row supports all-application docket-linkage fields but not external implementation validation. Shadow source row preserved in sourceRecordId; source disposition was Denied."
scotus-docket-plus-shadow-docket-v3-0,shadow_docket_database_v3-0.csv:line 401701,https://www.supremecourt.gov/docket/docketfiles/html/public/24A969.html,OT2024,24A969,2025-03-13,Stay,private_or_individual,uncoded,Stay,Supreme Court of Colorado,0,,1,2025-06-06,0,Denied,0,0,requested_emergency_relief_denied_status_quo_preserved,,,,no_scotus_merits_link_on_application_docket,,requested_emergency_relief_denied_no_scotus_policy_change,1,Official docket page coded for denied/NA emergency slice: application filed 2025-03-13; no court-requested response found; final application entry: Application (24A969) denied by the Court.. This source row supports all-application docket-linkage fields but not external implementation validation. Shadow source row preserved in sourceRecordId; source disposition was Denied.
scotus-docket-plus-shadow-docket-v3-0,shadow_docket_database_v3-0.csv:line 401775,https://www.supremecourt.gov/docket/docketfiles/html/public/24-7365.html,OT2024,24-7365,2025-06-05,Stay,private_or_individual,private_or_individual,Stay,Supreme Court of Florida,0,,1,2025-06-09,0,Denied,0,0,requested_emergency_relief_denied_status_quo_preserved,,,,cert_or_merits_petition_denied_no_scotus_merits_followthrough,,requested_emergency_relief_denied_no_scotus_policy_change,0,Official docket page coded for denied/NA emergency slice: application filed 2025-06-05; no court-requested response found; final application entry: Application (24A1202) for stay of execution of sentence of death presented to Justice Thomas and by him referred to the Court is denied. The petition for a writ of certiorari is denied.. This source row supports all-application docket-linkage fields but not external implementation validation. Shadow source row preserved in sourceRecordId; source disposition was Denied.
scotus-docket-plus-shadow-docket-v3-0,shadow_docket_database_v3-0.csv:line 401777,https://www.supremecourt.gov/docket/docketfiles/html/public/24-7368.html,OT2024,24-7368,2025-06-06,Stay,private_or_individual,private_or_individual,Stay,NA,0,,1,2025-06-09,0,Denied,0,0,requested_emergency_relief_denied_status_quo_preserved,,,,cert_or_merits_petition_denied_no_scotus_merits_followthrough,,requested_emergency_relief_denied_no_scotus_policy_change,0,Official docket page coded for denied/NA emergency slice: application filed 2025-06-06; no court-requested response found; final application entry: Application (24A1204) for stay of execution of sentence of death presented to Justice Thomas and by him referred to the Court is denied. The petition for a writ of habeas corpus is denied.. This source row supports all-application docket-linkage fields but not external implementation validation. Shadow source row preserved in sourceRecordId; source disposition was Denied.
scotus-docket-plus-shadow-docket-v3-0,shadow_docket_database_v3-0.csv:line 401785,https://www.supremecourt.gov/docket/docketfiles/html/public/24-7387.html,OT2024,24-7387,2025-06-10,Stay,private_or_individual,private_or_individual,Stay,United States Court of Appeals for the Eleventh Circuit,0,,1,2025-06-10,0,Denied,0,0,requested_emergency_relief_denied_status_quo_preserved,,,,cert_or_merits_petition_denied_no_scotus_merits_followthrough,,requested_emergency_relief_denied_no_scotus_policy_change,0,Official docket page coded for denied/NA emergency slice: application filed 2025-06-10; no court-requested response found; final application entry: Application (24A1211) for stay of execution of sentence of death presented to Justice Thomas and by him referred to the Court is denied. The petition for a writ of certiorari is denied.. This source row supports all-application docket-linkage fields but not external implementation validation. Shadow source row preserved in sourceRecordId; source disposition was Denied.
scotus-docket-plus-shadow-docket-v3-0,shadow_docket_database_v3-0.csv:line 401784,https://www.supremecourt.gov/docket/docketfiles/html/public/24A1192.html,OT2024,24A1192,2025-06-03,Stay,private_or_individual,private_or_individual,Stay,Supreme Court of Alabama,0,,1,2025-06-10,0,Denied,0,0,requested_emergency_relief_denied_status_quo_preserved,,,,no_scotus_merits_link_on_application_docket,,requested_emergency_relief_denied_no_scotus_policy_change,0,Official docket page coded for denied/NA emergency slice: application filed 2025-06-03; no court-requested response found; final application entry: Application (24A1192) for stay of execution of sentence of death presented to Justice Thomas and by him referred to the Court is denied.. This source row supports all-application docket-linkage fields but not external implementation validation. Shadow source row preserved in sourceRecordId; source disposition was Denied.
scotus-docket-plus-shadow-docket-v3-0,shadow_docket_database_v3-0.csv:line 401790,https://www.supremecourt.gov/docket/docketfiles/html/public/24-7397.html,OT2024,24-7397,2025-06-11,Stay,private_or_individual,private_or_individual,Stay,Court of Criminal Appeals of Oklahoma,0,,1,2025-06-11,0,Denied,0,0,requested_emergency_relief_denied_status_quo_preserved,,,,cert_or_merits_petition_denied_no_scotus_merits_followthrough,,requested_emergency_relief_denied_no_scotus_policy_change,0,Official docket page coded for denied/NA emergency slice: application filed 2025-06-11; no court-requested response found; final application entry: Application (24A1219) for stay of execution of sentence of death presented to Justice Gorsuch and by him referred to the Court is denied. The petition for a writ of certiorari is denied.. This source row supports all-application docket-linkage fields but not external implementation validation. Shadow source row preserved in sourceRecordId; source disposition was Denied.
scotus-docket-plus-shadow-docket-v3-0,shadow_docket_database_v3-0.csv:line 401804,https://www.supremecourt.gov/docket/docketfiles/html/public/24A1231.html,OT2024,24A1231,2025-06-12,Stay,private_or_individual,private_or_individual,Stay,United States Court of Appeals for the Fourth Circuit,0,,1,2025-06-13,0,Denied,0,0,requested_emergency_relief_denied_status_quo_preserved,,,,no_scotus_merits_link_on_application_docket,,requested_emergency_relief_denied_no_scotus_policy_change,0,Official docket page coded for denied/NA emergency slice: application filed 2025-06-12; no court-requested response found; final application entry: Application (24A1231) for stay of execution of sentence of death presented to The Chief Justice and by him referred to the Court is denied.. This source row supports all-application docket-linkage fields but not external implementation validation. Shadow source row preserved in sourceRecordId; source disposition was Denied.
scotus-docket-plus-shadow-docket-v3-0,shadow_docket_database_v3-0.csv:line 402039,https://www.supremecourt.gov/docket/docketfiles/html/public/24-7457.html,OT2024,24-7457,2025-06-18,Stay,private_or_individual,private_or_individual,Stay,Supreme Court of Florida,0,,1,2025-06-24,0,Denied,0,0,requested_emergency_relief_denied_status_quo_preserved,,,,cert_or_merits_petition_denied_no_scotus_merits_followthrough,,requested_emergency_relief_denied_no_scotus_policy_change,0,Official docket page coded for denied/NA emergency slice: application filed 2025-06-18; no court-requested response found; final application entry: Application (24A1251) for stay of execution of sentence of death presented to Justice Thomas and by him referred to the Court is denied. The petition for a writ of certiorari is denied.. This source row supports all-application docket-linkage fields but not external implementation validation. Shadow source row preserved in sourceRecordId; source disposition was Denied.
scotus-docket-plus-shadow-docket-v3-0,shadow_docket_database_v3-0.csv:line 402049,https://www.supremecourt.gov/docket/docketfiles/html/public/24-7474.html,OT2024,24-7474,2025-06-20,Stay,private_or_individual,private_or_individual,Stay,Supreme Court of Mississippi,0,,1,2025-06-25,0,Denied,0,0,requested_emergency_relief_denied_status_quo_preserved,,,,cert_or_merits_petition_denied_no_scotus_merits_followthrough,,requested_emergency_relief_denied_no_scotus_policy_change,0,Official docket page coded for denied/NA emergency slice: application filed 2025-06-20; no court-requested response found; final application entry: Application (24A1261) for stay of execution of sentence of death presented to Justice Alito and by him referred to the Court is denied. The petition for a writ of certiorari is denied.. This source row supports all-application docket-linkage fields but not external implementation validation. Shadow source row preserved in sourceRecordId; source disposition was Denied.
scotus-docket-plus-shadow-docket-v3-0,shadow_docket_database_v3-0.csv:line 402051,https://www.supremecourt.gov/docket/docketfiles/html/public/24-7491.html,OT2024,24-7491,2025-06-24,Stay,private_or_individual,private_or_individual,Stay,United States Court of Appeals for the Fifth Circuit,0,,1,2025-06-25,0,Denied,0,0,requested_emergency_relief_denied_status_quo_preserved,,,,cert_or_merits_petition_denied_no_scotus_merits_followthrough,,requested_emergency_relief_denied_no_scotus_policy_change,0,Official docket page coded for denied/NA emergency slice: application filed 2025-06-24; no court-requested response found; final application entry: Application (24A1279) for stay of execution of sentence of death presented to Justice Alito and by him referred to the Court is denied. The petition for a writ of certiorari is denied.. This source row supports all-application docket-linkage fields but not external implementation validation. Shadow source row preserved in sourceRecordId; source disposition was Denied.
scotus-docket-plus-shadow-docket-v3-0,shadow_docket_database_v3-0.csv:line 402048,https://www.supremecourt.gov/docket/docketfiles/html/public/24A1143.html,OT2024,24A1143,2025-05-21,Stay,private_or_individual,private_or_individual,Stay,Supreme Court of Mississippi,0,,1,2025-06-25,0,Denied,1,0,requested_emergency_relief_denied_status_quo_preserved,,,,no_scotus_merits_link_on_application_docket,,requested_emergency_relief_denied_no_scotus_policy_change,0,Official docket page coded for denied/NA emergency slice: application filed 2025-05-21; no court-requested response found; final application entry: Application (24A1143) for stay of execution of sentence of death presented to Justice Alito and by him referred to the Court is denied as moot.. This source row supports all-application docket-linkage fields but not external implementation validation. Shadow source row preserved in sourceRecordId; source disposition was Denied.
scotus-docket-plus-shadow-docket-v3-0,shadow_docket_database_v3-0.csv:line 402285,https://www.supremecourt.gov/docket/docketfiles/html/public/24A1269.html,OT2024,24A1269,2025-06-17,Stay,private_or_individual,private_or_individual,Stay,United States Court of Appeals for the Eleventh Circuit,1,8,1,2025-07-09,0,Denied,0,0,requested_emergency_relief_denied_status_quo_preserved,,,,no_scotus_merits_link_on_application_docket,,requested_emergency_relief_denied_no_scotus_policy_change,0,Official docket page coded for denied/NA emergency slice: application filed 2025-06-17; response requested; final application entry: Application (24A1269) for stay presented to Justice Thomas and by him referred to the Court is denied.. This source row supports all-application docket-linkage fields but not external implementation validation. Shadow source row preserved in sourceRecordId; source disposition was Denied.
scotus-docket-plus-shadow-docket-v3-0,shadow_docket_database_v3-0.csv:line 402317,https://www.supremecourt.gov/docket/docketfiles/html/public/25-5083.html,OT2024,25-5083,2025-07-10,Stay,private_or_individual,private_or_individual,Stay,Supreme Court of Florida,0,,1,2025-07-15,0,Denied,0,0,requested_emergency_relief_denied_status_quo_preserved,,,,cert_or_merits_petition_denied_no_scotus_merits_followthrough,,requested_emergency_relief_denied_no_scotus_policy_change,0,Official docket page coded for denied/NA emergency slice: application filed 2025-07-10; no court-requested response found; final application entry: Application (25A45) for stay of execution of sentence of death presented to Justice Thomas and by him referred to the Court is denied. The petition for a writ of certiorari is denied.. This source row supports all-application docket-linkage fields but not external implementation validation. Shadow source row preserved in sourceRecordId; source disposition was Denied.
scotus-docket-plus-shadow-docket-v3-0,shadow_docket_database_v3-0.csv:line 402319,https://www.supremecourt.gov/docket/docketfiles/html/public/25-5097.html,OT2024,25-5097,2025-07-14,Stay,private_or_individual,private_or_individual,Stay,United States Court of Appeals for the Eleventh Circuit,0,,1,2025-07-15,0,Denied,0,1,requested_emergency_relief_denied_status_quo_preserved,,,,cert_or_merits_petition_denied_no_scotus_merits_followthrough,,requested_emergency_relief_denied_no_scotus_policy_change,0,Official docket page coded for denied/NA emergency slice: application filed 2025-07-14; no court-requested response found; final application entry: Application (25A57) for stay of execution of sentence of death presented to Justice Thomas and by him referred to the Court is denied. The petition for a writ of certiorari is denied. Justice Sotomayor and Justice Kagan would grant the application and the petition for a writ of certorari.. This source row supports all-application docket-linkage fields but not external implementation validation. Shadow source row preserved in sourceRecordId; source disposition was Denied.
scotus-docket-plus-shadow-docket-v3-0,shadow_docket_database_v3-0.csv:line 402320,https://www.supremecourt.gov/docket/docketfiles/html/public/25-5097.html,OT2024,25-5097,2025-07-14,Stay,private_or_individual,private_or_individual,Stay,United States Court of Appeals for the Eleventh Circuit,0,,1,2025-07-15,0,Denied,0,1,requested_emergency_relief_denied_status_quo_preserved,,,,cert_or_merits_petition_denied_no_scotus_merits_followthrough,,requested_emergency_relief_denied_no_scotus_policy_change,0,Official docket page coded for denied/NA emergency slice: application filed 2025-07-14; no court-requested response found; final application entry: Application (25A57) for stay of execution of sentence of death presented to Justice Thomas and by him referred to the Court is denied. The petition for a writ of certiorari is denied. Justice Sotomayor and Justice Kagan would grant the application and the petition for a writ of certorari.. This source row supports all-application docket-linkage fields but not external implementation validation. Shadow source row preserved in sourceRecordId; source disposition was Denied.
scotus-docket-plus-shadow-docket-v3-0,shadow_docket_database_v3-0.csv:line 402410,https://www.supremecourt.gov/docket/docketfiles/html/public/25-5194.html,OT2024,25-5194,2025-07-24,Stay,private_or_individual,private_or_individual,Stay,Supreme Court of Florida,0,,1,2025-07-30,0,Denied,0,0,requested_emergency_relief_denied_status_quo_preserved,,,,cert_or_merits_petition_denied_no_scotus_merits_followthrough,,requested_emergency_relief_denied_no_scotus_policy_change,0,Official docket page coded for denied/NA emergency slice: application filed 2025-07-24; no court-requested response found; final application entry: Application (25A104) for stay of execution of sentence of death presented to Justice Thomas and by him referred to the Court is denied. The petition for a writ of certiorari is denied.. This source row supports all-application docket-linkage fields but not external implementation validation. Shadow source row preserved in sourceRecordId; source disposition was Denied.
scotus-docket-plus-shadow-docket-v3-0,shadow_docket_database_v3-0.csv:line 402432,https://www.supremecourt.gov/docket/docketfiles/html/public/25-5129.html,OT2024,25-5129,2025-07-15,Stay,private_or_individual,private_or_individual,Stay,"Supreme Court of Tennessee, Middle Division",0,,1,2025-08-04,0,Denied,0,0,requested_emergency_relief_denied_status_quo_preserved,,,,cert_or_merits_petition_denied_no_scotus_merits_followthrough,,requested_emergency_relief_denied_no_scotus_policy_change,0,Official docket page coded for denied/NA emergency slice: application filed 2025-07-15; no court-requested response found; final application entry: Application (25A65) for stay of execution of sentence of death presented to Justice Kavanaugh and by him referred to the Court is denied. The petition for a writ of certiorari is denied.. This source row supports all-application docket-linkage fields but not external implementation validation. Shadow source row preserved in sourceRecordId; source disposition was Denied.
scotus-docket-plus-shadow-docket-v3-0,shadow_docket_database_v3-0.csv:line 402434,https://www.supremecourt.gov/docket/docketfiles/html/public/25-5214.html,OT2024,25-5214,2025-07-28,Stay,private_or_individual,private_or_individual,Stay,"Supreme Court of Tennessee, Middle Division",0,,1,2025-08-04,0,Denied,0,0,requested_emergency_relief_denied_status_quo_preserved,,,,cert_or_merits_petition_denied_no_scotus_merits_followthrough,,requested_emergency_relief_denied_no_scotus_policy_change,0,Official docket page coded for denied/NA emergency slice: application filed 2025-07-28; no court-requested response found; final application entry: Application (25A118) for stay of execution of sentence of death presented to Justice Kavanaugh and by him referred to the Court is denied. The petition for a writ of certiorari is denied.. This source row supports all-application docket-linkage fields but not external implementation validation. Shadow source row preserved in sourceRecordId; source disposition was Denied.
scotus-docket-plus-shadow-docket-v3-0,shadow_docket_database_v3-0.csv:line 402436,https://www.supremecourt.gov/docket/docketfiles/html/public/25-5261.html,OT2024,25-5261,2025-08-01,Stay,private_or_individual,private_or_individual,Stay,"Supreme Court of Tennessee, Middle Division",0,,1,2025-08-04,0,Denied,0,0,requested_emergency_relief_denied_status_quo_preserved,,,,cert_or_merits_petition_denied_no_scotus_merits_followthrough,,requested_emergency_relief_denied_no_scotus_policy_change,0,Official docket page coded for denied/NA emergency slice: application filed 2025-08-01; no court-requested response found; final application entry: Application (25A136) for stay of execution of sentence of death presented to Justice Kavanaugh and by him referred to the Court is denied. The petition for a writ of certiorari is denied.. This source row supports all-application docket-linkage fields but not external implementation validation. Shadow source row preserved in sourceRecordId; source disposition was Denied.
scotus-docket-plus-shadow-docket-v3-0,shadow_docket_database_v3-0.csv:line 402438,https://www.supremecourt.gov/docket/docketfiles/html/public/25-5262.html,OT2024,25-5262,2025-08-01,Stay,private_or_individual,private_or_individual,Stay,United States Court of Appeals for the Sixth Circuit,0,,1,2025-08-04,0,Denied,0,0,requested_emergency_relief_denied_status_quo_preserved,,,,cert_or_merits_petition_denied_no_scotus_merits_followthrough,,requested_emergency_relief_denied_no_scotus_policy_change,0,Official docket page coded for denied/NA emergency slice: application filed 2025-08-01; no court-requested response found; final application entry: Application (25A137) for stay of execution of sentence of death presented to Justice Kavanaugh and by him referred to the Court is denied. The petition for a writ of certiorari is denied.. This source row supports all-application docket-linkage fields but not external implementation validation. Shadow source row preserved in sourceRecordId; source disposition was Denied.
scotus-docket-plus-shadow-docket-v3-0,shadow_docket_database_v3-0.csv:line 402486,https://www.supremecourt.gov/docket/docketfiles/html/public/25A97.html,OT2024,25A97,2025-07-21,Stay,private_or_individual,private_or_individual,Stay,United States Court of Appeals for the Fifth Circuit,1,7,1,2025-08-14,0,Denied,1,0,requested_emergency_relief_denied_status_quo_preserved,,,,no_scotus_merits_link_on_application_docket,,requested_emergency_relief_denied_no_scotus_policy_change,0,"Official docket page coded for denied/NA emergency slice: application filed 2025-07-21; response requested; final application entry: Application (25A97) to vacate stay presented to Justice Alito and by him referred to the Court is denied. Justice Kavanaugh, concurring in the denial of the application to vacate stay. (Detached Opinion ). This source row supports all-application docket-linkage fields but not external implementation validation. Shadow source row preserved in sourceRecordId; source disposition was Denied."
scotus-docket-plus-shadow-docket-v3-0,shadow_docket_database_v3-0.csv:line 402528,https://www.supremecourt.gov/docket/docketfiles/html/public/25-5315.html,OT2024,25-5315,2025-08-08,Stay,private_or_individual,private_or_individual,Stay,United States Court of Appeals for the Eleventh Circuit,0,,1,2025-08-19,0,Denied,0,0,requested_emergency_relief_denied_status_quo_preserved,,,,cert_or_merits_petition_denied_no_scotus_merits_followthrough,,requested_emergency_relief_denied_no_scotus_policy_change,0,Official docket page coded for denied/NA emergency slice: application filed 2025-08-08; no court-requested response found; final application entry: Application (25A174) for stay of execution of sentence of death presented to Justice Thomas and by him referred to the Court is denied. The petition for a writ of certiorari is denied.. This source row supports all-application docket-linkage fields but not external implementation validation. Shadow source row preserved in sourceRecordId; source disposition was Denied.
scotus-docket-plus-shadow-docket-v3-0,shadow_docket_database_v3-0.csv:line 402530,https://www.supremecourt.gov/docket/docketfiles/html/public/25-5370.html,OT2024,25-5370,2025-08-14,Stay,private_or_individual,private_or_individual,Stay,Supreme Court of Florida,0,,1,2025-08-19,0,Denied,0,0,requested_emergency_relief_denied_status_quo_preserved,,,,cert_or_merits_petition_denied_no_scotus_merits_followthrough,,requested_emergency_relief_denied_no_scotus_policy_change,0,Official docket page coded for denied/NA emergency slice: application filed 2025-08-14; no court-requested response found; final application entry: Application (25A185) for stay of execution of sentence of death presented to Justice Thomas and by him referred to the Court is denied. The petition for a writ of certiorari is denied.. This source row supports all-application docket-linkage fields but not external implementation validation. Shadow source row preserved in sourceRecordId; source disposition was Denied.
scotus-docket-plus-shadow-docket-v3-0,shadow_docket_database_v3-0.csv:line 402532,https://www.supremecourt.gov/docket/docketfiles/html/public/25-5379.html,OT2024,25-5379,2025-08-17,Stay,uncoded,private_or_individual,Stay,United States Court of Appeals for the Eleventh Circuit,0,,1,2025-08-19,0,Denied,0,0,requested_emergency_relief_denied_status_quo_preserved,,,,cert_or_merits_petition_denied_no_scotus_merits_followthrough,,requested_emergency_relief_denied_no_scotus_policy_change,0,Official docket page coded for denied/NA emergency slice: application filed 2025-08-17; no court-requested response found; final application entry: Application (25A191) for stay of execution of sentence of death presented to Justice Thomas and by him referred to the Court is denied. The petition for a writ of certiorari is denied.. This source row supports all-application docket-linkage fields but not external implementation validation. Shadow source row preserved in sourceRecordId; source disposition was Denied.
scotus-docket-plus-shadow-docket-v3-0,shadow_docket_database_v3-0.csv:line 402544,https://www.supremecourt.gov/docket/docketfiles/html/public/25A103.html,OT2024,25A103,2025-07-24,Stay,government,private_or_individual,Stay,United States Court of Appeals for the First Circuit,1,7,1,2025-08-21,NA,Granted/Denied,1,1,mixed_or_partial_emergency_disposition_status_quo_partly_changed,,,,no_scotus_merits_link_on_application_docket,,mixed_or_partial_emergency_disposition_no_external_implementation_coding,0,"Official docket page coded for denied/NA emergency slice: application filed 2025-07-24; response requested; final application entry: Application (25A103) for stay presented to Justice Jackson and by her referred to the Court is granted in part and denied in part. The application is granted as to the District Court’s judgments vacating the Government’s termination of various research-related grants. See Department of Ed. v. California , 604 U. S. ___ (2025) ( per curiam ). [See D. This source row supports all-application docket-linkage fields but not external implementation validation. Shadow source row preserved in sourceRecordId; source disposition was Granted/Denied."
scotus-docket-plus-shadow-docket-v3-0,shadow_docket_database_v3-0.csv:line 402568,https://www.supremecourt.gov/docket/docketfiles/html/public/25-5440.html,OT2024,25-5440,2025-08-22,Stay,private_or_individual,private_or_individual,Stay,Supreme Court of Florida,0,,1,2025-08-27,0,Denied,0,0,requested_emergency_relief_denied_status_quo_preserved,,,,cert_or_merits_petition_denied_no_scotus_merits_followthrough,,requested_emergency_relief_denied_no_scotus_policy_change,0,Official docket page coded for denied/NA emergency slice: application filed 2025-08-22; no court-requested response found; final application entry: Application (25A216) for stay of execution of sentence of death presented to Justice Thomas and by him referred to the Court is denied. The petition for a writ of certiorari is denied.. This source row supports all-application docket-linkage fields but not external implementation validation. Shadow source row preserved in sourceRecordId; source disposition was Denied.
scotus-docket-plus-shadow-docket-v3-0,shadow_docket_database_v3-0.csv:line 402607,https://www.supremecourt.gov/docket/docketfiles/html/public/24A1166.html,OT2024,24A1166,2025-05-27,Stay,private_or_individual,uncoded,Stay,United States Court of Appeals for the First Circuit,0,,1,2025-09-05,0,Denied,0,0,requested_emergency_relief_denied_status_quo_preserved,,,,no_scotus_merits_link_on_application_docket,,requested_emergency_relief_denied_no_scotus_policy_change,1,Official docket page coded for denied/NA emergency slice: application filed 2025-05-27; no court-requested response found; final application entry: Application (24A1166) denied by the Court.. This source row supports all-application docket-linkage fields but not external implementation validation. Shadow source row preserved in sourceRecordId; source disposition was Denied.
scotus-docket-plus-shadow-docket-v3-0,shadow_docket_database_v3-0.csv:line 402609,https://www.supremecourt.gov/docket/docketfiles/html/public/25A111.html,OT2024,25A111,2025-07-23,Stay,private_or_individual,uncoded,Stay,Supreme Court of Colorado,0,,1,2025-09-05,0,Denied,0,0,requested_emergency_relief_denied_status_quo_preserved,,,,no_scotus_merits_link_on_application_docket,,requested_emergency_relief_denied_no_scotus_policy_change,1,Official docket page coded for denied/NA emergency slice: application filed 2025-07-23; no court-requested response found; final application entry: Application (25A111) denied by the Court.. This source row supports all-application docket-linkage fields but not external implementation validation. Shadow source row preserved in sourceRecordId; source disposition was Denied.
scotus-docket-plus-shadow-docket-v3-0,shadow_docket_database_v3-0.csv:line 402608,https://www.supremecourt.gov/docket/docketfiles/html/public/25A26.html,OT2024,25A26,2025-06-16,Stay,private_or_individual,government,Stay,United States Court of Appeals for the Federal Circuit,0,,1,2025-09-05,0,Denied,0,0,requested_emergency_relief_denied_status_quo_preserved,,,,no_scotus_merits_link_on_application_docket,,requested_emergency_relief_denied_no_scotus_policy_change,1,Official docket page coded for denied/NA emergency slice: application filed 2025-06-16; no court-requested response found; final application entry: Application (25A26) denied by the Court.. This source row supports all-application docket-linkage fields but not external implementation validation. Shadow source row preserved in sourceRecordId; source disposition was Denied.
scotus-docket-plus-shadow-docket-v3-0,shadow_docket_database_v3-0.csv:line 402664,https://www.supremecourt.gov/docket/docketfiles/html/public/25A234.html,OT2024,25A234,2025-08-26,Stay,private_or_individual,private_or_individual,Stay,United States Court of Appeals for the Fourth Circuit,1,7,1,2025-09-10,0,Denied,0,1,requested_emergency_relief_denied_status_quo_preserved,,,,no_scotus_merits_link_on_application_docket,,requested_emergency_relief_denied_no_scotus_policy_change,0,"Official docket page coded for denied/NA emergency slice: application filed 2025-08-26; response requested; final application entry: Application (25A234) for a stay of injunction pending appeal presented to The Chief Justice and by him referred to the Court is denied. The denial of the application is not a ruling on the merits of the legal issues presented in the litigation. Rather, it is based on the standards applicable for obtaining emergency relief from this Court. The motio. This source row supports all-application docket-linkage fields but not external implementation validation. Shadow source row preserved in sourceRecordId; source disposition was Denied."
scotus-docket-plus-shadow-docket-v3-0,shadow_docket_database_v3-0.csv:line 402743,https://www.supremecourt.gov/docket/docketfiles/html/public/25-5712.html,OT2024,25-5712,2025-09-23,Stay,private_or_individual,private_or_individual,Stay,NA,0,,1,2025-09-25,0,Denied,0,0,requested_emergency_relief_denied_status_quo_preserved,,,,cert_or_merits_petition_denied_no_scotus_merits_followthrough,,requested_emergency_relief_denied_no_scotus_policy_change,0,Official docket page coded for denied/NA emergency slice: application filed 2025-09-23; no court-requested response found; final application entry: Application (25A335) for stay of execution of sentence of death presented to Justice Alito and by him referred to the Court is denied. The petition for a writ of habeas corpus is denied.. This source row supports all-application docket-linkage fields but not external implementation validation. Shadow source row preserved in sourceRecordId; source disposition was Denied.
scotus-docket-plus-shadow-docket-v3-0,shadow_docket_database_v3-0.csv:line 402782,https://www.supremecourt.gov/docket/docketfiles/html/public/25-5745.html,OT2024,25-5745,2025-09-27,Stay,private_or_individual,private_or_individual,Stay,Supreme Court of Florida,0,,1,2025-09-30,0,Denied,0,0,requested_emergency_relief_denied_status_quo_preserved,,,,cert_or_merits_petition_denied_no_scotus_merits_followthrough,,requested_emergency_relief_denied_no_scotus_policy_change,0,Official docket page coded for denied/NA emergency slice: application filed 2025-09-27; no court-requested response found; final application entry: Application (25A356) for stay of execution of sentence of death presented to Justice Thomas and by him referred to the Court is denied. The petition for a writ of certiorari is denied.. This source row supports all-application docket-linkage fields but not external implementation validation. Shadow source row preserved in sourceRecordId; source disposition was Denied.
scotus-docket-plus-shadow-docket-v3-0,shadow_docket_database_v3-0.csv:line 402795,https://www.supremecourt.gov/docket/docketfiles/html/public/25A312.html,OT2024,25A312,2025-09-18,Stay,government,private_or_individual,Stay,United States Court of Appeals for the District of Columbia Circuit,1,6,1,2025-10-01,NA,NA,1,0,nonbinary_or_na_docket_status_no_emergency_relief_granted,,,,no_scotus_merits_link_on_application_docket,,nonbinary_or_na_docket_status_no_external_implementation_coding,0,"Official docket page coded for denied/NA emergency slice: application filed 2025-09-18; response requested; final application entry: Application (25A312) denied by the Court. Roberts, C. J., delivered the opinion of the Court, in which Sotomayor, Kagan, Kavanaugh, and Jackson, JJ., joined. Kavanaugh and Jackson, JJ., filed concurring opinions. Thomas, J., filed a dissenting opinion. Alito, J., filed a dissenting opinion, in which Gorsuch, J., joined. Barrett, J., filed a dissent. This source row supports all-application docket-linkage fields but not external implementation validation. Shadow source row preserved in sourceRecordId; source disposition was NA."
