sourceKey,sourceRecordId,sourceUrl,sourceSlice,jurisdiction,decisionId,decisionDate,decidingCourt,caseName,sourceDecisionType,sourceRecordDate,lowerCourt,treatmentType,treatmentDate,followedOrDistinguished,remedyFidelity,actorType,implementationAction,delayDays,resistanceCategory,enforcementCapacity,practicalResponse,monitoringBody,reportingInterval,complianceStatus,unresolvedDurationDays,enforcementStep,docketNumber,linkedMeritsDocket,policyStatus,implementationDate,repeatFilingFlag,externalSourceUrl,measurementDenominator,denominatorReconciled,coderNotes,sourceDecisionKey,decisionCitation,postDecisionWindowStart,postDecisionWindowEnd,courtlistenerClusterId,courtlistenerMergedClusterIds,courtlistenerOpinionId,courtlistenerOpinionType,courtId,courtCitationString,citingCaseName,citingCaseNameFull,courtlistenerDocketId,opinionStatus,opinionCitations,federalCircuit,fullTextStatus,fullTextSourceUrl,fullTextUnavailableReason,fullTextRetrievalNotes,searchSnippetAvailable,searchSnippet,citationContext,codingRule,codingConfidence,citationLinkVerified,providerDedupeKey
courtlistener-environmental-scotus-citation-events,massachusetts-v-epa-2007:2444934,https://www.courtlistener.com/opinion/2444934/defenders-of-wildlife-v-gutierrez/,lower-court-doctrinal-uptake,United States federal courts,549 U.S. 497 (2007),2007-04-02,Supreme Court of the United States,Massachusetts v. EPA,merits statutory judicial-review decision,2007-04-05,"District Court, District of Columbia",unclear,2007-04-05,unclear,unclear,,,,,,,,,,,,Civil Action 05-2191 (PLF),,,,,,"published CourtListener citation-linked U.S. federal circuit and district opinion documents filed in the fixed 730-day post-decision window, after documented provider-cluster deduplication",1,"Citation-linked doctrinal-treatment event. A zero-citation circuit is no observed event, not ignored precedent or noncompliance. The treatment value is an automated candidate flag pending expert legal review. CourtListener's published-opinion coverage is not an all-case opportunity denominator.",massachusetts-v-epa-2007,549 U.S. 497 (2007),2007-04-03,2009-04-01,2444934,2444934,2444934,combined-opinion,dcd,D.D.C.,Defenders of Wildlife v. Gutierrez,"DEFENDERS OF WILDLIFE, Et Al., Plaintiffs, v. Carlos GUTIERREZ, Secretary of the Department of Commerce, Et Al., Defendants",22735,Published,484 F. Supp. 2d 44; 65 ERC (BNA) 1333; 2007 U.S. Dist. LEXIS 25161; 2007 WL 1004242,cadc,unavailable,,no_document_url_in_search_result,,1,"484 F.Supp.2d 44 (2007) DEFENDERS OF WILDLIFE, et al., Plaintiffs, v. Carlos GUTIERREZ, Secretary of the Department of Commerce, et al., Defendants. Civil Action No. 05-2191 (PLF). United States District Court, District of Columbia. April 5, 2007. *45 *46 Howard M. Crystal, Eric Robert Glitzen",,public-full-text-unavailable,low,1,dcd|2007-04-05|docket:civilaction052191plf
courtlistener-environmental-scotus-citation-events,massachusetts-v-epa-2007:3000502,https://www.courtlistener.com/opinion/3000502/united-states-v-genendo-pharmaceutic/,lower-court-doctrinal-uptake,United States federal courts,549 U.S. 497 (2007),2007-04-02,Supreme Court of the United States,Massachusetts v. EPA,merits statutory judicial-review decision,2007-05-10,Court of Appeals for the Seventh Circuit,distinguished,2007-05-10,distinguished,unclear,,,,,,,,,,,,05-4608,,,,,,"published CourtListener citation-linked U.S. federal circuit and district opinion documents filed in the fixed 730-day post-decision window, after documented provider-cluster deduplication",1,"Citation-linked doctrinal-treatment event. A zero-citation circuit is no observed event, not ignored precedent or noncompliance. The treatment value is an automated candidate flag pending expert legal review. CourtListener's published-opinion coverage is not an all-case opportunity denominator.",massachusetts-v-epa-2007,549 U.S. 497 (2007),2007-04-03,2009-04-01,3000502,3000502;797690,3000502,combined-opinion,ca7,7th Cir.,United States v. Genendo Pharmaceutic,,2857732,Published,,ca7,available,https://storage.courtlistener.com/pdf/2007/05/10/united_states_v._genendo_pharmaceutic.pdf,,,1,"In the United States Court of Appeals For the Seventh Circuit ____________ No. 05-4608 UNITED STATES OF AMERICA, Plaintiff-Appellee, v. GENENDO PHARMACEUTICAL, N.V., Defendant-Appellant. ____________ Appeal from the United States District Court for the Northern District","all (the fourth possible definition given for the word “any”), it could also be read to give effect to the aforementioned definition of “any”—as directing the Secretary to promul- gate regulations exempting drugs in transit to a repackager from some labeling and packaging require- ments contained in the FDCA. See First Bank & Trust v. Firstar Info. Servs., Corp., 276 F.3d 317, 325-26 (7th Cir. 2001) (rejecting argument that phrase “any services” in contract necessarily meant “all services” and concluding that phrase was ambiguous). Given that § 201.150 ex- empts drugs in transit only from specified labeling and packaging requirements, the Secretary apparently under- stood it to mean the latter.3 3 After argument, Genendo filed a letter of supplemental authority pursuant to Federal Rule of Appellate Procedure 28(j), calling the panel’s attention to the recently decided Supreme Court case Massachusetts v. E.P.A., 127 S. Ct. 1438 (2007). In Massachusetts, the Court interpreted the phrase “any air pol- lutant” in the Clean Air Act to include carbon dioxide, reasoning in part that the use of the word “any” suggested that the statute was intended to require regulation of all air pollutants. Genendo argues that Massachusetts stands for the proposition generally that the use of the word “any” in a statute necessarily means “all.” Massachusetts, however, is not so broad. First, the Court’s interpretation of the phrase “any air pollutant” was guided by the Clean Air Act’s “sweeping definition of ‘air pollutant,’ ” a definition that embraced “all airborne compounds of whatever stripe . . . through the repeated use of the word ‘any.’ ” Id. at 1460 (emphasis added). The exemption in § 353(a) has no such “sweeping” language, nor does it contain anything else to convince us that the word “any” necessarily m […] definition given for the word “any”), it could also be read to give effect to the aforementioned definition of “any”—as directing the Secretary to promul- gate regulations exempting drugs in transit to a repackager from some labeling and packaging require- ments contained in the FDCA. See First Bank & Trust v. Firstar Info. Servs., Corp., 276 F.3d 317, 325-26 (7th Cir. 2001) (rejecting argument that phrase “any services” in contract necessarily meant “all services” and concluding that phrase was ambiguous). Given that § 201.150 ex- empts drugs in transit only from specified labeling and packaging requirements, the Secretary apparently under- stood it to mean the latter.3 3 After argument, Genendo filed a letter of supplemental authority pursuant to Federal Rule of Appellate Procedure 28(j), calling the panel’s attention to the recently decided Supreme Court case Massachusetts v. E.P.A., 127 S. Ct. 1438 (2007). In Massachusetts, the Court interpreted the phrase “any air pol- lutant” in the Clean Air Act to include carbon dioxide, reasoning in part that the use of the word “any” suggested that the statute was intended to require regulation of all air pollutants. Genendo argues that Massachusetts stands for the proposition generally that the use of the word “any” in a statute necessarily means “all.” Massachusetts, however, is not so broad. First, the Court’s interpretation of the phrase “any air pollutant” was guided by the Clean Air Act’s “sweeping definition of ‘air pollutant,’ ” a definition that embraced “all airborne compounds of whatever stripe . . . through the repeated use of the word ‘any.’ ” Id. at 1460 (emphasis added). The exemption in § 353(a) has no such “sweeping” language, nor does it contain anything else to convince us that the word “any” necessarily means “all.” Nor d",target-linked-limiting-distinction,medium,1,ca7|2007-05-10|docket:054608
courtlistener-environmental-scotus-citation-events,massachusetts-v-epa-2007:186912,https://www.courtlistener.com/opinion/186912/pub-ctzn-v-usdc-dist-col/,lower-court-doctrinal-uptake,United States federal courts,549 U.S. 497 (2007),2007-04-02,Supreme Court of the United States,Massachusetts v. EPA,merits statutory judicial-review decision,2007-05-29,Court of Appeals for the D.C. Circuit,cited_context_only,2007-05-29,unclear,unclear,,,,,,,,,,,,19-1019,,,,,,"published CourtListener citation-linked U.S. federal circuit and district opinion documents filed in the fixed 730-day post-decision window, after documented provider-cluster deduplication",1,"Citation-linked doctrinal-treatment event. A zero-citation circuit is no observed event, not ignored precedent or noncompliance. The treatment value is an automated candidate flag pending expert legal review. CourtListener's published-opinion coverage is not an all-case opportunity denominator.",massachusetts-v-epa-2007,549 U.S. 497 (2007),2007-04-03,2009-04-01,186912,186912,186912,combined-opinion,cadc,D.C. Cir.,Pub Ctzn v. USDC Dist Col,,21841,Published,486 F.3d 1342,cadc,available,https://storage.courtlistener.com/pdf/2007/05/29/Pub_Ctzn_vs._USDC_Dist_Col.pdf,,,1,"486 F.3d 1342 PUBLIC CITIZEN, Appellantv.UNITED STATES DISTRICT COURT FOR THE DISTRICT OF COLUMBIA, Appellee. No. 06-5232. United States Court of Appeals, District of Columbia Circuit. Argued February 9, 2007. Decided May 29, 2007. Appeal from the United States District Court for the Distri","orum non conveniens constitutes a jurisdictional ground for dismissal. Indeed, the Sinochem decision refers to a district court’s “discretion to” dismiss pursuant to the doctrine. Id. at 1188. Sinochem thus firmly establishes that certain non-merits, nonjurisdictional issues may be addressed preliminarily, because “‘[j]urisdiction is vital only if the court proposes to issue a judgment on the merits.’” Id. at 1191-92 (quoting Intec USA, LLC v. Engle, 467 F.3d 1038, 1041 (7th Cir. 2006)). There are two lines of analysis pursuant to which it might be argued that Marshall Field’s enrolled bill rule creates a “jurisdictional” bar. First, because the Court based its holding in part upon separation of powers concerns, see Marshall Field, 143 U.S. at 673, the rule could be viewed as an application of the political question doctrine which is derived from Article III’s “controversy” requirement, Massachusetts v. EPA, 127 S. Ct. 1438, 1452 (2007). See Baker v. Carr, 369 U.S. 186, 214-15 (1962) (describing Marshall Field as involving considerations similar to those in Coleman v. Miller, 307 U.S. 433 (1939), which were “committed to congressional resolution” and based on “criteria of decision that necessarily escape[] the judicial grasp”); Metzenbaum v. FERC, 675 F.2d 1282, 1287 (D.C. Cir. 1982) (per curiam) (citing Marshall Field as an application of the political question doctrine); see also United States v. Sitka, 845 F.2d 43, 46 (2d Cir. 1988) (“Another doctrine closely related to – if not inherent in – the political question doctrine is the so-called ‘enrolled bill rule.’”); United States v. Stahl, 792 F.2d 1438, 1440-41 (9th Cir. 1986) (characterizing extension of the enrolled bill rule as an application of the political question 12 doctrine). But see INS v. Chadha, 462 U.S. 919, 943 (1983) (des […] nstitutes a jurisdictional ground for dismissal. Indeed, the Sinochem decision refers to a district court’s “discretion to” dismiss pursuant to the doctrine. Id. at 1188. Sinochem thus firmly establishes that certain non-merits, nonjurisdictional issues may be addressed preliminarily, because “‘[j]urisdiction is vital only if the court proposes to issue a judgment on the merits.’” Id. at 1191-92 (quoting Intec USA, LLC v. Engle, 467 F.3d 1038, 1041 (7th Cir. 2006)). There are two lines of analysis pursuant to which it might be argued that Marshall Field’s enrolled bill rule creates a “jurisdictional” bar. First, because the Court based its holding in part upon separation of powers concerns, see Marshall Field, 143 U.S. at 673, the rule could be viewed as an application of the political question doctrine which is derived from Article III’s “controversy” requirement, Massachusetts v. EPA, 127 S. Ct. 1438, 1452 (2007). See Baker v. Carr, 369 U.S. 186, 214-15 (1962) (describing Marshall Field as involving considerations similar to those in Coleman v. Miller, 307 U.S. 433 (1939), which were “committed to congressional resolution” and based on “criteria of decision that necessarily escape[] the judicial grasp”); Metzenbaum v. FERC, 675 F.2d 1282, 1287 (D.C. Cir. 1982) (per curiam) (citing Marshall Field as an application of the political question doctrine); see also United States v. Sitka, 845 F.2d 43, 46 (2d Cir. 1988) (“Another doctrine closely related to – if not inherent in – the political question doctrine is the so-called ‘enrolled bill rule.’”); United States v. Stahl, 792 F.2d 1438, 1440-41 (9th Cir. 1986) (characterizing extension of the enrolled bill rule as an application of the political question 12 doctrine). But see INS v. Chadha, 462 U.S. 919, 943 (1983) (describing Marshall ",citation-anchor-without-directional-language,high,1,cadc|2007-05-29|docket:191019
courtlistener-environmental-scotus-citation-events,massachusetts-v-epa-2007:3048891,https://www.courtlistener.com/opinion/3048891/flint-v-dennison/,lower-court-doctrinal-uptake,United States federal courts,549 U.S. 497 (2007),2007-04-02,Supreme Court of the United States,Massachusetts v. EPA,merits statutory judicial-review decision,2007-05-31,Court of Appeals for the Ninth Circuit,cited_context_only,2007-05-31,unclear,unclear,,,,,,,,,,,,05-35441,,,,,,"published CourtListener citation-linked U.S. federal circuit and district opinion documents filed in the fixed 730-day post-decision window, after documented provider-cluster deduplication",1,"Citation-linked doctrinal-treatment event. A zero-citation circuit is no observed event, not ignored precedent or noncompliance. The treatment value is an automated candidate flag pending expert legal review. CourtListener's published-opinion coverage is not an all-case opportunity denominator.",massachusetts-v-epa-2007,549 U.S. 497 (2007),2007-04-03,2009-04-01,3048891,3048891,3048891,combined-opinion,ca9,9th Cir.,Flint v. Dennison,"Aaron FLINT, Plaintiff-Appellant, v. George DENNISON, in His Official Capacity as President of the University of Montana-Missoula (UMT); Associated Students of the University of Montana (ASUM); Kyle Engelson, in His Official Capacity as the ASUM Elections Committee Chair; Justin Baker; Averiel Wolff; Sophia Alvarez; Anna Green; Kris Monson; Derek Duncan; Katie Boeckx, in Their Official Capacities as Elections Commissioners for the Associated Students of UMT; Jessica Adam, Defendants-Appellees, and Gale Price, President; Vinnie Pavlish, ASUM Vice President; Cassie Morton, ASUM Business Manager, and Ex-Officio Member of ASUM Senate; Bryce Bennett; Andrew Bissell; Brad Cederberg; Tyler Clairmont; Nezha Haddouch; Shawana Hagen; Chris Healow; Andrea Helling; Derf Johnson; Britta Padgham; Kimberly Pappas; Josh Peters; Rebecca Pettit; Jake Pipinich; Ross Properi; Jon Snodgrass; Leslie Venetz; Nathan Ziegler; Casey Hogue, in Their Official Capacities as ASUM Senators, Defendant",2906317,Published,488 F.3d 816; 2007 WL 1574942,ca9,available,https://storage.courtlistener.com/pdf/2007/05/31/flint_v._dennison.pdf,,,1,"Opinion by Judge BEA. BEA, Circuit Judge. We are called upon to decide whether the University of Montana may impose a dollar limit on what a student may spend on his campaign for student office. The University’s limit did not affect how the money could be spent; rather, it directly told a student how much he could spe","ment based on the record developed in connection with the motion for preliminary injunction. The district court accepted defendants’ suggestion and, applying a rational relationship standard to the spending cap, issued an order and opinion granting summary judgment to defendants on March 28, 2005. Flint timely appealed that order. He claims that the district court applied the wrong legal standard in determining the con- stitutionality of ASUM’s regulations. We have jurisdiction pursuant to 28 U.S.C. § 1291, and we affirm. II. Before turning to the merits of Flint’s appeal, we first con- sider two threshold issues: whether Flint’s claims are moot as a result of Flint’s graduation from the University of Montana and whether the Eleventh Amendment immunizes defendants from Flint’s suit. A. “Article III of the Constitution limits federal-court jurisdic- tion to ‘Cases’ and ‘Controversies.’ ” Massachusetts v. EPA, 127 S. Ct. 1438, 1452 (2007); see also DaimlerChrysler Corp. v. Cuno, 126 S. Ct. 1854, 1860-61 (2006) (“If a dispute is not a proper case or controversy, the courts have no busi- ness deciding it, or expounding the law in the course of doing 2 Under a rational relationship analysis, government may regulate speech “as long as the regulation on speech is reasonable and not an effort to sup- press expression merely because public officials oppose the speaker’s view.” Id. at 46. 6634 FLINT v. DENNISON so.”). A case that “has lost its character as a present, live con- troversy” is moot and no longer presents a case or controversy amenable to federal court adjudication. Am. Rivers v. Nat’l Marine Fisheries Serv., 126 F.3d 1118, 1123 (9th Cir. 1997); see also Friends of the Earth, Inc. v. Laidlaw Envtl. Servs. (TOC), Inc., 528 U.S. 167, 180 (2000) (explaining that the mootness doctrine derive […] rd developed in connection with the motion for preliminary injunction. The district court accepted defendants’ suggestion and, applying a rational relationship standard to the spending cap, issued an order and opinion granting summary judgment to defendants on March 28, 2005. Flint timely appealed that order. He claims that the district court applied the wrong legal standard in determining the con- stitutionality of ASUM’s regulations. We have jurisdiction pursuant to 28 U.S.C. § 1291, and we affirm. II. Before turning to the merits of Flint’s appeal, we first con- sider two threshold issues: whether Flint’s claims are moot as a result of Flint’s graduation from the University of Montana and whether the Eleventh Amendment immunizes defendants from Flint’s suit. A. “Article III of the Constitution limits federal-court jurisdic- tion to ‘Cases’ and ‘Controversies.’ ” Massachusetts v. EPA, 127 S. Ct. 1438, 1452 (2007); see also DaimlerChrysler Corp. v. Cuno, 126 S. Ct. 1854, 1860-61 (2006) (“If a dispute is not a proper case or controversy, the courts have no busi- ness deciding it, or expounding the law in the course of doing 2 Under a rational relationship analysis, government may regulate speech “as long as the regulation on speech is reasonable and not an effort to sup- press expression merely because public officials oppose the speaker’s view.” Id. at 46. 6634 FLINT v. DENNISON so.”). A case that “has lost its character as a present, live con- troversy” is moot and no longer presents a case or controversy amenable to federal court adjudication. Am. Rivers v. Nat’l Marine Fisheries Serv., 126 F.3d 1118, 1123 (9th Cir. 1997); see also Friends of the Earth, Inc. v. Laidlaw Envtl. Servs. (TOC), Inc., 528 U.S. 167, 180 (2000) (explaining that the mootness doctrine derives from the requir",citation-anchor-without-directional-language,high,1,ca9|2007-05-31|docket:0535441
courtlistener-environmental-scotus-citation-events,massachusetts-v-epa-2007:797960,https://www.courtlistener.com/opinion/797960/flint-v-dennison/,lower-court-doctrinal-uptake,United States federal courts,549 U.S. 497 (2007),2007-04-02,Supreme Court of the United States,Massachusetts v. EPA,merits statutory judicial-review decision,2007-06-01,Court of Appeals for the Ninth Circuit,unclear,2007-06-01,unclear,unclear,,,,,,,,,,,,05-35441,,,,,,"published CourtListener citation-linked U.S. federal circuit and district opinion documents filed in the fixed 730-day post-decision window, after documented provider-cluster deduplication",1,"Citation-linked doctrinal-treatment event. A zero-citation circuit is no observed event, not ignored precedent or noncompliance. The treatment value is an automated candidate flag pending expert legal review. CourtListener's published-opinion coverage is not an all-case opportunity denominator.",massachusetts-v-epa-2007,549 U.S. 497 (2007),2007-04-03,2009-04-01,797960,797960,797960,combined-opinion,ca9,9th Cir.,Flint v. Dennison,"Aaron Flint v. George Dennison, in His Official Capacity as President of the University of Montana-Missoula (Umt) Associated Students of the University of Montana (Asum) Kyle Engelson, in His Official Capacity as the Asum Elections Committee Chair Justin Baker Averiel Wolff Sophia Alvarez Anna Green Kris Monson Derek Duncan Katie Boeckx, in Their Official Capacities as Elections Commissioners for the Associated Students of Umt Jessica Adam, and Gale Price, President Vinnie Pavlish, Asum Vice President Cassie Morton, Asum Business Manager, and Ex-Officio Member of Asum Senate Bryce Bennett Andrew Bissell Brad Cederberg Tyler Clairmont Nezha Haddouch Shawana Hagen Chris Healow Andrea Helling Derf Johnson Britta Padgham Kimberly Pappas Josh Peters Rebecca Pettit Jake Pipinich Ross Properi Jon Snodgrass Leslie Venetz Nathan Ziegler Casey Hogue, in Their Official Capacities as Asum Senators",780174,Published,488 F.3d 816; 2007 U.S. App. LEXIS 12628; 2007 WL 1574942,ca9,unavailable,,download_failed_or_unextractable,"https://bulk.resource.org/courts.gov/c/F3/488/488.F3d.816.05-35441.html: RuntimeError: Failed to retrieve https://bulk.resource.org/courts.gov/c/F3/488/488.F3d.816.05-35441.html: <urlopen error [Errno 8] nodename nor servname provided, or not known> | http://bulk.resource.org/courts.gov/c/F3/488/488.F3d.816.05-35441.html: RuntimeError: Failed to retrieve http://bulk.resource.org/courts.gov/c/F3/488/488.F3d.816.05-35441.html: <urlopen error [Errno 8] nodename nor servname provided, or not known>",1,"488 F.3d 816 Aaron FLINT, Plaintiff-Appellant,v.George DENNISON, in his official capacity as President of the University of Montana-Missoula (UMT); Associated Students of the University of Montana (ASUM); Kyle Engelson, in his official capacity as the ASUM Elections Committee Chair; Justin Baker; Averiel Wolff; Sophia Alvarez; Anna Green; Kris Monson; Derek Duncan; Katie Boeckx, in their official capacities as Elections Commissioners for th",,public-full-text-unavailable,low,1,ca9|2007-06-01|docket:0535441
courtlistener-environmental-scotus-citation-events,massachusetts-v-epa-2007:186968,https://www.courtlistener.com/opinion/186968/national-assn-of-clean-air-agencies-v-environmental-protection-agency/,lower-court-doctrinal-uptake,United States federal courts,549 U.S. 497 (2007),2007-04-02,Supreme Court of the United States,Massachusetts v. EPA,merits statutory judicial-review decision,2007-06-01,Court of Appeals for the D.C. Circuit,cited_context_only,2007-06-01,unclear,unclear,,,,,,,,,,,,06-1023,,,,,,"published CourtListener citation-linked U.S. federal circuit and district opinion documents filed in the fixed 730-day post-decision window, after documented provider-cluster deduplication",1,"Citation-linked doctrinal-treatment event. A zero-citation circuit is no observed event, not ignored precedent or noncompliance. The treatment value is an automated candidate flag pending expert legal review. CourtListener's published-opinion coverage is not an all-case opportunity denominator.",massachusetts-v-epa-2007,549 U.S. 497 (2007),2007-04-03,2009-04-01,186968,186968,186968,combined-opinion,cadc,D.C. Cir.,National Ass'n of Clean Air Agencies v. Environmental Protection Agency,"NATIONAL ASSOCIATION OF CLEAN AIR AGENCIES, Petitioner v. ENVIRONMENTAL PROTECTION AGENCY, Respondent",817843,Published,489 F.3d 1221; 376 U.S. App. D.C. 385; 37 Envtl. L. Rep. (Envtl. Law Inst.) 20126; 64 ERC (BNA) 1609; 2007 U.S. App. LEXIS 12635,cadc,available,https://storage.courtlistener.com/pdf/2007/06/01/Natl_Assn_Clean_Air_vs._EPA.pdf,,,1,"Opinion for the Court filed by Senior Circuit Judge EDWARDS. EDWARDS, Senior Circuit Judge. The Environmental Protection Agency (“EPA”) issued a final rule increasing the stringency of the oxides of nitrogen (“NOx”) emission standards applicable to newly certified commercial aircraft gas","task of devising an adequate SIP.” Id. at 868. We therefore held that the state petitioners in that case had demonstrated injury where EPA lowered states’ total NOx emissions budgets, requiring states to revise their SIPs to impose additional controls. Id. The standing issue in this case is controlled by our rationale and judgment in West Virginia. Here, by allegedly raising (or failing to lower) the emissions allocated to one source, the Final Rule requires states to impose stricter controls on emissions from other individual sources. In other words, the Final Rule makes it “more difficult and onerous” for the states to “devis[e] an adequate SIP.” Id. Because there is a substantial probability that EPA’s action will harm the interests of NACAA’s state agency members, NACAA has standing to challenge the Final Rule and we have jurisdiction to consider the merits of the petition. See also Massachusetts v. EPA, 127 S. Ct. 1438, 1454- 55 (2007) (stating that states are “entitled to special solicitude in . . . standing analysis”). 10 B. Standard of Review Since EPA acted pursuant to delegated authority, we review its interpretation of § 231 according to the principles enunciated in Chevron U.S.A. Inc. v. Natural Resources Defense Council, Inc., 467 U.S. 837 (1984). Chevron instructs us to accord agency interpretations of statutes they administer varying degrees of deference. Under Chevron Step One, we always first examine the statute de novo, “employing traditional tools of statutory construction.” Id. at 843 n.9. “If the intent of Congress is clear,” we accord the agency’s interpretation no deference, “for the court, as well as the agency, must give effect to the unambiguously expressed intent of Congress.” Id. at 842- 43. But if Congress “has [not] directly spoken to the precise question at i […] equate SIP.” Id. at 868. We therefore held that the state petitioners in that case had demonstrated injury where EPA lowered states’ total NOx emissions budgets, requiring states to revise their SIPs to impose additional controls. Id. The standing issue in this case is controlled by our rationale and judgment in West Virginia. Here, by allegedly raising (or failing to lower) the emissions allocated to one source, the Final Rule requires states to impose stricter controls on emissions from other individual sources. In other words, the Final Rule makes it “more difficult and onerous” for the states to “devis[e] an adequate SIP.” Id. Because there is a substantial probability that EPA’s action will harm the interests of NACAA’s state agency members, NACAA has standing to challenge the Final Rule and we have jurisdiction to consider the merits of the petition. See also Massachusetts v. EPA, 127 S. Ct. 1438, 1454- 55 (2007) (stating that states are “entitled to special solicitude in . . . standing analysis”). 10 B. Standard of Review Since EPA acted pursuant to delegated authority, we review its interpretation of § 231 according to the principles enunciated in Chevron U.S.A. Inc. v. Natural Resources Defense Council, Inc., 467 U.S. 837 (1984). Chevron instructs us to accord agency interpretations of statutes they administer varying degrees of deference. Under Chevron Step One, we always first examine the statute de novo, “employing traditional tools of statutory construction.” Id. at 843 n.9. “If the intent of Congress is clear,” we accord the agency’s interpretation no deference, “for the court, as well as the agency, must give effect to the unambiguously expressed intent of Congress.” Id. at 842- 43. But if Congress “has [not] directly spoken to the precise question at issue,” id. at 842",citation-anchor-without-directional-language,high,1,cadc|2007-06-01|docket:061023
courtlistener-environmental-scotus-citation-events,massachusetts-v-epa-2007:798015,https://www.courtlistener.com/opinion/798015/fox-television-stations-inc-v-federal-communications-commission/,lower-court-doctrinal-uptake,United States federal courts,549 U.S. 497 (2007),2007-04-02,Supreme Court of the United States,Massachusetts v. EPA,merits statutory judicial-review decision,2007-06-04,Court of Appeals for the Second Circuit,unclear,2007-06-04,unclear,unclear,,,,,,,,,,,,06-1760-,,,,,,"published CourtListener citation-linked U.S. federal circuit and district opinion documents filed in the fixed 730-day post-decision window, after documented provider-cluster deduplication",1,"Citation-linked doctrinal-treatment event. A zero-citation circuit is no observed event, not ignored precedent or noncompliance. The treatment value is an automated candidate flag pending expert legal review. CourtListener's published-opinion coverage is not an all-case opportunity denominator.",massachusetts-v-epa-2007,549 U.S. 497 (2007),2007-04-03,2009-04-01,798015,798015,798015,combined-opinion,ca2,2d Cir.,"Fox Television Stations, Inc. v. Federal Communications Commission","Fox Television Stations, Inc., CBS Broadcasting, Inc., Wls Television, Inc., Ktrk Television, Inc., Kmbc Hearstargyle Television, Inc., Abc, Inc. v. Federal Communications Commission, United States of America, Nbc Universal, Inc., Nbc Telemundo License Co., Nbc Television Affiliates, Fbc Television Affiliates Association, CBS Television Network Affiliates, Center for the Creative Community, Inc., Doing Business as Center for Creative Voices in Media, Inc., Abc Television Affiliates Association, Intervenors",590606,Published,489 F.3d 444; 35 Media L. Rep. (BNA) 2324; 41 Communications Reg. (P&F) 791; 2007 U.S. App. LEXIS 12868,ca2,unavailable,,download_failed_or_unextractable,"https://bulk.resource.org/courts.gov/c/F3/489/489.F3d.444.06-5358-.06-2750-.06-1760-.html: RuntimeError: Failed to retrieve https://bulk.resource.org/courts.gov/c/F3/489/489.F3d.444.06-5358-.06-2750-.06-1760-.html: <urlopen error [Errno 8] nodename nor servname provided, or not known> | http://bulk.resource.org/courts.gov/c/F3/489/489.F3d.444.06-5358-.06-2750-.06-1760-.html: RuntimeError: Failed to retrieve http://bulk.resource.org/courts.gov/c/F3/489/489.F3d.444.06-5358-.06-2750-.06-1760-.html: <urlopen error [Errno 8] nodename nor servname provided, or not known>",1,"489 F.3d 444 FOX TELEVISION STATIONS, INC., CBS Broadcasting, Inc., WLS Television, Inc., KTRK Television, Inc., KMBC Hearstargyle Television, Inc., ABC, Inc., Petitioners,v.FEDERAL COMMUNICATIONS COMMISSION, United States of America, Respondents,NBC Universal, Inc., NBC Telemundo License Co., NBC Television Affiliates, FBC Television Affiliates Association, CBS Television Network Affiliates, Center for the Creative Community, Inc., doi",,public-full-text-unavailable,low,1,ca2|2007-06-04|docket:061760
courtlistener-environmental-scotus-citation-events,massachusetts-v-epa-2007:2959839,https://www.courtlistener.com/opinion/2959839/fox-television-stations-inc-v-federal-communications-commission/,lower-court-doctrinal-uptake,United States federal courts,549 U.S. 497 (2007),2007-04-02,Supreme Court of the United States,Massachusetts v. EPA,merits statutory judicial-review decision,2007-06-04,Court of Appeals for the Second Circuit,cited_context_only,2007-06-04,unclear,unclear,,,,,,,,,,,,"Docket 06-1760-ag (L), 06-2750-ag (CON), 06-5358-ag (CON)",,,,,,"published CourtListener citation-linked U.S. federal circuit and district opinion documents filed in the fixed 730-day post-decision window, after documented provider-cluster deduplication",1,"Citation-linked doctrinal-treatment event. A zero-citation circuit is no observed event, not ignored precedent or noncompliance. The treatment value is an automated candidate flag pending expert legal review. CourtListener's published-opinion coverage is not an all-case opportunity denominator.",massachusetts-v-epa-2007,549 U.S. 497 (2007),2007-04-03,2009-04-01,2959839,2959839,2959839,combined-opinion,ca2,2d Cir.,"Fox Television Stations, Inc. v. Federal Communications Commission","FOX TELEVISION STATIONS, INC., CBS Broadcasting, Inc., WLS Television, Inc., KTRK Television, Inc., KMBC Hearstargyle Television, Inc., ABC, Inc., Petitioners, v. FEDERAL COMMUNICATIONS COMMISSION, United States of America, Respondents, NBC Universal, Inc., NBC Telemundo License Co., NBC Television Affiliates, FBC Television Affiliates Association, CBS Television Network Affiliates, Center for the Creative Community, Inc., Doing Business as Center for Creative Voices in Media, Inc., ABC Television Affiliates Association, Intervenors",2816993,Published,489 F.3d 444,ca2,available,https://storage.courtlistener.com/pdf/2007/06/04/fox_v._fcc.pdf,,,1,"06-1760 Fox v. FCC UNITED STATES COURT OF APPEALS FOR THE SECOND CIRCUIT _______________________________ August Term, 2006 (Argued: December 20, 2006 Decided: June 4, 2007) Docket Nos. 06-1760-ag (L), 06-2750-ag (CON), 06-5358-ag (CON) _______________________________ FOX TELEVISI","19 F.3d 74, 79 (2d Cir. 2002) (“While an agency is not locked into the first interpretation of a statute it embraces, it cannot simply adopt inconsistent positions without presenting ‘some reasoned analysis.’”); Mr. Sprout, Inc. v. United States, 8 F.3d 118, 129 (2d Cir. 1993) (“When the Commission departs from its own settled precedent, as here, it must present a ‘reasoned analysis’ that justifies its change of interpretation so as to permit judicial review of its new policies.”). An agency’s “failure to come to grips with conflicting precedent constitutes an inexcusable departure from the essential requirement of reasoned decision making.” Ramaprakash v. FAA., 346 F.3d 1121, 1125 (D.C. Cir. 2003) (internal quotation marks omitted). Accordingly, agency action will be set aside as arbitrary and capricious if the agency fails to provide a reasoned explanation for its decision. See, e.g., Massachusetts v. EPA, 127 S. Ct. 1438, 1463 (2007) (“EPA has offered no reasoned explanation for its refusal to decide whether greenhouse gases cause or contribute to climate change. Its action was therefore arbitrary, capricious, ... or otherwise not in accordance with law.”) (ellipses in original; internal quotation marks omitted); State Farm, 463 U.S. at 34 (agency’s rescinding of rule requiring passive restraints in automobiles was arbitrary and 22 capricious for failure to provide a reasoned explanation justifying revocation); see also Yale-New Haven Hosp. v. Leavitt, 470 F.3d 71, 72 (2d Cir. 2006) (agency action based on new rule governing Medicare reimbursement was arbitrary and capricious “because the Secretary did not satisfactorily explain his reasons” for changing historical practice); ANR Pipeline Co. v. Fed. Energy Regulatory Comm’n, 71 F.3d 897, 901 (D.C. Cir. 1995) (“[W]here an agency departs […] . 2002) (“While an agency is not locked into the first interpretation of a statute it embraces, it cannot simply adopt inconsistent positions without presenting ‘some reasoned analysis.’”); Mr. Sprout, Inc. v. United States, 8 F.3d 118, 129 (2d Cir. 1993) (“When the Commission departs from its own settled precedent, as here, it must present a ‘reasoned analysis’ that justifies its change of interpretation so as to permit judicial review of its new policies.”). An agency’s “failure to come to grips with conflicting precedent constitutes an inexcusable departure from the essential requirement of reasoned decision making.” Ramaprakash v. FAA., 346 F.3d 1121, 1125 (D.C. Cir. 2003) (internal quotation marks omitted). Accordingly, agency action will be set aside as arbitrary and capricious if the agency fails to provide a reasoned explanation for its decision. See, e.g., Massachusetts v. EPA, 127 S. Ct. 1438, 1463 (2007) (“EPA has offered no reasoned explanation for its refusal to decide whether greenhouse gases cause or contribute to climate change. Its action was therefore arbitrary, capricious, ... or otherwise not in accordance with law.”) (ellipses in original; internal quotation marks omitted); State Farm, 463 U.S. at 34 (agency’s rescinding of rule requiring passive restraints in automobiles was arbitrary and 22 capricious for failure to provide a reasoned explanation justifying revocation); see also Yale-New Haven Hosp. v. Leavitt, 470 F.3d 71, 72 (2d Cir. 2006) (agency action based on new rule governing Medicare reimbursement was arbitrary and capricious “because the Secretary did not satisfactorily explain his reasons” for changing historical practice); ANR Pipeline Co. v. Fed. Energy Regulatory Comm’n, 71 F.3d 897, 901 (D.C. Cir. 1995) (“[W]here an agency departs from established",citation-anchor-without-directional-language,high,1,ca2|2007-06-04|docket:docket061760agl062750agcon065358agcon
courtlistener-environmental-scotus-citation-events,massachusetts-v-epa-2007:9812724,https://www.courtlistener.com/opinion/2959839/fox-television-stations-inc-v-federal-communications-commission/,lower-court-doctrinal-uptake,United States federal courts,549 U.S. 497 (2007),2007-04-02,Supreme Court of the United States,Massachusetts v. EPA,merits statutory judicial-review decision,2007-06-04,Court of Appeals for the Second Circuit,unclear,2007-06-04,unclear,unclear,,,,,,,,,,,,"Docket 06-1760-ag (L), 06-2750-ag (CON), 06-5358-ag (CON)",,,,,,"published CourtListener citation-linked U.S. federal circuit and district opinion documents filed in the fixed 730-day post-decision window, after documented provider-cluster deduplication",1,"Citation-linked doctrinal-treatment event. A zero-citation circuit is no observed event, not ignored precedent or noncompliance. The treatment value is an automated candidate flag pending expert legal review. CourtListener's published-opinion coverage is not an all-case opportunity denominator.",massachusetts-v-epa-2007,549 U.S. 497 (2007),2007-04-03,2009-04-01,2959839,2959839,9812724,lead-opinion,ca2,2d Cir.,"Fox Television Stations, Inc. v. Federal Communications Commission","FOX TELEVISION STATIONS, INC., CBS Broadcasting, Inc., WLS Television, Inc., KTRK Television, Inc., KMBC Hearstargyle Television, Inc., ABC, Inc., Petitioners, v. FEDERAL COMMUNICATIONS COMMISSION, United States of America, Respondents, NBC Universal, Inc., NBC Telemundo License Co., NBC Television Affiliates, FBC Television Affiliates Association, CBS Television Network Affiliates, Center for the Creative Community, Inc., Doing Business as Center for Creative Voices in Media, Inc., ABC Television Affiliates Association, Intervenors",2816993,Published,489 F.3d 444,ca2,unavailable,,no_document_url_in_search_result,,1,"POOLER, Circuit Judge. Fox Television Stations, Inc., along with its affiliates FBC Television Affiliates Association (collectively “Fox”), petition for review of the November 6, 2006, order of the Federal Communications Commission (“FCC”) issuing notices of apparent liability against two Fox broadcasts for violating the FCC’s indecency and profanity prohibitions.2 Fox, along with other broadcast",,public-full-text-unavailable,low,1,ca2|2007-06-04|docket:docket061760agl062750agcon065358agcon
courtlistener-environmental-scotus-citation-events,massachusetts-v-epa-2007:797825,https://www.courtlistener.com/opinion/797825/al-marri-v-wright-usn/,lower-court-doctrinal-uptake,United States federal courts,549 U.S. 497 (2007),2007-04-02,Supreme Court of the United States,Massachusetts v. EPA,merits statutory judicial-review decision,2007-06-11,Court of Appeals for the First Circuit,unclear,2007-06-11,unclear,unclear,,,,,,,,,,,,06-7427,,,,,,"published CourtListener citation-linked U.S. federal circuit and district opinion documents filed in the fixed 730-day post-decision window, after documented provider-cluster deduplication",1,"Citation-linked doctrinal-treatment event. A zero-citation circuit is no observed event, not ignored precedent or noncompliance. The treatment value is an automated candidate flag pending expert legal review. CourtListener's published-opinion coverage is not an all-case opportunity denominator.",massachusetts-v-epa-2007,549 U.S. 497 (2007),2007-04-03,2009-04-01,797825,797825,797825,combined-opinion,ca1,1st Cir.,"Al-Marri v. Wright, Usn","Ali Saleh Kahlah Al-Marri, and Mark A. Berman, as Next Friend v. Commander S.L. Wright, Usn Commander, Consolidated Naval Brig., Specialists in the Law of War Professors of Evidence and Procedure United States Criminal Scholars and Historians Former Senior Justice Department Officials Center for National Security Studies American-Arab Anti-Discrimination Committee Asian-American Justice Center National Immigrant Justice Center Human Rights First Human Rights Watch Professors of Constitutional Law and Federal Jurisdiction Hate Free Zone Muslim Advocates World Organization for Human Rights Usa, Amici Supporting",779858,Published,487 F.3d 160; 2007 U.S. App. LEXIS 13642,ca1,unavailable,,download_failed_or_unextractable,"https://bulk.resource.org/courts.gov/c/F3/487/487.F3d.160.06-7427.html: RuntimeError: Failed to retrieve https://bulk.resource.org/courts.gov/c/F3/487/487.F3d.160.06-7427.html: <urlopen error [Errno 8] nodename nor servname provided, or not known> | http://bulk.resource.org/courts.gov/c/F3/487/487.F3d.160.06-7427.html: RuntimeError: Failed to retrieve http://bulk.resource.org/courts.gov/c/F3/487/487.F3d.160.06-7427.html: <urlopen error [Errno 8] nodename nor servname provided, or not known>",1,"487 F.3d 160 Ali Saleh Kahlah AL-MARRI, Petitioner-Appellant, andMark A. Berman, as next friend, Petitioner,v.Commander S.L. WRIGHT, USN Commander, Consolidated Naval Brig., Respondent-Appellee.Specialists in the Law of War; Professors of Evidence and Procedure; United States Criminal Scholars and Historians; Former Senior Justice Department Officials; Center for National Security Studies; American-Arab Anti-Discrimination Committee",,public-full-text-unavailable,low,1,ca1|2007-06-11|docket:067427
courtlistener-environmental-scotus-citation-events,massachusetts-v-epa-2007:186951,https://www.courtlistener.com/opinion/186951/public-citizen-inc-v-national-highway-traffic-safety-administration/,lower-court-doctrinal-uptake,United States federal courts,549 U.S. 497 (2007),2007-04-02,Supreme Court of the United States,Massachusetts v. EPA,merits statutory judicial-review decision,2007-06-15,Court of Appeals for the D.C. Circuit,cited_context_only,2007-06-15,unclear,unclear,,,,,,,,,,,,"05-1188, 05-1265, 05-1294, 05-1309, 05-1391",,,,,,"published CourtListener citation-linked U.S. federal circuit and district opinion documents filed in the fixed 730-day post-decision window, after documented provider-cluster deduplication",1,"Citation-linked doctrinal-treatment event. A zero-citation circuit is no observed event, not ignored precedent or noncompliance. The treatment value is an automated candidate flag pending expert legal review. CourtListener's published-opinion coverage is not an all-case opportunity denominator.",massachusetts-v-epa-2007,549 U.S. 497 (2007),2007-04-03,2009-04-01,186951,186951,186951,combined-opinion,cadc,D.C. Cir.,"Public Citizen, Inc. v. National Highway Traffic Safety Administration","PUBLIC CITIZEN, INC., Et Al., Petitioners v. NATIONAL HIGHWAY TRAFFIC SAFETY ADMINISTRATION, Et Al., Respondents Alliance of Automobile Manufacturers, Intervenor",929761,Published,513 F.3d 234; 376 U.S. App. D.C. 443; 489 F.3d 1279; 2007 U.S. App. LEXIS 14016,cadc,available,https://storage.courtlistener.com/pdf/2007/06/15/Pub_Ctzn_Inc_vs._Natl_Hwy_Traf_Sfty.pdf,,,1,"489 F.3d 1279 PUBLIC CITIZEN, INC., et al., Petitionersv.NATIONAL HIGHWAY TRAFFIC SAFETY ADMINISTRATION, et al., RespondentsAlliance of Automobile Manufacturers, Intervenor. No. 05-1188. No. 05-1265. No. 05-1294. No. 05-1309. No. 05-1391. United States Court of Appeals, District of Co","r threatened injury”); Richardson, 418 U.S. at 177 (not “undifferentiated”); (internal quotation marks, citations, and 20 alterations omitted in above quotations). Injuries from car accidents are particularized – each person who is in an accident is harmed personally and distinctly. The Supreme Court has made clear, moreover, that the fact that a number of people could be similarly injured does not render the claim an impermissible generalized grievance: “where a harm is concrete, though widely shared, the Court has found injury in fact.” FEC v. Akins, 524 U.S. 11, 24 (1998) (internal quotation marks omitted); see Lujan, 504 U.S. at 581 (Kennedy, J., concurring in part and concurring in judgment) (“While it does not matter how many persons have been injured by the challenged action, the party bringing suit must show that the action injures him in a concrete and personal way.”); see also Massachusetts v. EPA, 127 S. Ct. 1438, 1459 n.24 (2007) (“[S]tanding is not to be denied simply because many people suffer the same injury.”) (internal quotation marks omitted). Even those Justices who have embraced a more robust view of constitutional standing requirements have not equated an injury suffered by a number of people to an impermissible generalized grievance. For example, a mass tort inflicts “widely shared” injury, and each victim “suffers a particularized and differentiated harm. One tort victim suffers a burnt leg, another a burnt arm – or even if both suffer burnt arms they are different arms. . . . With the generalized grievance, on the other hand, the injury or deprivation is not only widely shared but it is undifferentiated.” Akins, 524 U.S. at 35 (Scalia, J., dissenting); see also Lujan, 504 U.S. at 572 (Scalia, J., opinion for the Court) (no generalized grievance when “concrete injury […]  Richardson, 418 U.S. at 177 (not “undifferentiated”); (internal quotation marks, citations, and 20 alterations omitted in above quotations). Injuries from car accidents are particularized – each person who is in an accident is harmed personally and distinctly. The Supreme Court has made clear, moreover, that the fact that a number of people could be similarly injured does not render the claim an impermissible generalized grievance: “where a harm is concrete, though widely shared, the Court has found injury in fact.” FEC v. Akins, 524 U.S. 11, 24 (1998) (internal quotation marks omitted); see Lujan, 504 U.S. at 581 (Kennedy, J., concurring in part and concurring in judgment) (“While it does not matter how many persons have been injured by the challenged action, the party bringing suit must show that the action injures him in a concrete and personal way.”); see also Massachusetts v. EPA, 127 S. Ct. 1438, 1459 n.24 (2007) (“[S]tanding is not to be denied simply because many people suffer the same injury.”) (internal quotation marks omitted). Even those Justices who have embraced a more robust view of constitutional standing requirements have not equated an injury suffered by a number of people to an impermissible generalized grievance. For example, a mass tort inflicts “widely shared” injury, and each victim “suffers a particularized and differentiated harm. One tort victim suffers a burnt leg, another a burnt arm – or even if both suffer burnt arms they are different arms. . . . With the generalized grievance, on the other hand, the injury or deprivation is not only widely shared but it is undifferentiated.” Akins, 524 U.S. at 35 (Scalia, J., dissenting); see also Lujan, 504 U.S. at 572 (Scalia, J., opinion for the Court) (no generalized grievance when “concrete injury has been suffere […] – such as Public Citizen’s claim here – fail to meet the constitutional requirement that a plaintiff demonstrate harm that is “actual or imminent, not conjectural or hypothetical.” Lujan, 504 U.S. at 560 (internal quotation marks omitted). “Although imminence is concededly a somewhat elastic concept, it cannot be stretched beyond its purpose, which is to ensure that the alleged injury is not too speculative for Article III purposes – that the injury is certainly impending.” Id. at 565 n.2 (internal quotation marks omitted). In Whitmore, the Supreme Court summarized its case law and flatly stated: “[W]e have said many times before and reiterate today: Allegations of possible future injury do not satisfy the requirements of Art[icle] III. A threatened injury must be certainly impending to constitute injury in fact.” 495 U.S. at 158 (internal quotation marks omitted; emphasis added).2 2 In Massachusetts v. EPA, the Supreme Court held that states receive “special solicitude” in standing analysis, including analysis of imminence. See 127 S. Ct. at 1454-55. No state is involved in this case, however. 23 Public Citizen’s injury-in-fact theory flouts these settled principles. Public Citizen is attempting to assert remote and speculative claims of possible future harm to its members. Allowing a party to assert such remote and speculative claims to obtain federal court jurisdiction threatens, however, to eviscerate the Supreme Court’s standing doctrine. As we have previously stated: “Were all purely speculative increased risks deemed injurious, the entire requirement of actual or imminent injury would be rendered moot, because all hypothesized, nonimminent injuries could be dressed up as increased risk of future injury.” NRDC v. EPA, 464 F.3d 1, 6 (D.C. Cir. 2006) (quoting Ctr. for Law & Educ. v. De",citation-anchor-without-directional-language,high,1,cadc|2007-06-15|docket:051188051265051294051309051391
courtlistener-environmental-scotus-citation-events,massachusetts-v-epa-2007:2373559,https://www.courtlistener.com/opinion/2373559/katter-v-ohio-employment-relations-board/,lower-court-doctrinal-uptake,United States federal courts,549 U.S. 497 (2007),2007-04-02,Supreme Court of the United States,Massachusetts v. EPA,merits statutory judicial-review decision,2007-06-21,"District Court, S.D. Ohio",unclear,2007-06-21,unclear,unclear,,,,,,,,,,,,3:07-cv-00043,,,,,,"published CourtListener citation-linked U.S. federal circuit and district opinion documents filed in the fixed 730-day post-decision window, after documented provider-cluster deduplication",1,"Citation-linked doctrinal-treatment event. A zero-citation circuit is no observed event, not ignored precedent or noncompliance. The treatment value is an automated candidate flag pending expert legal review. CourtListener's published-opinion coverage is not an all-case opportunity denominator.",massachusetts-v-epa-2007,549 U.S. 497 (2007),2007-04-03,2009-04-01,2373559,2373559,2373559,combined-opinion,ohsd,S.D. Ohio,Katter v. Ohio Employment Relations Board,"Carol A. KATTER, Plaintiff, v. OHIO EMPLOYMENT RELATIONS BOARD, Craig R. Mayton, Karen L. Gillmor, and Michael G. Verich, Defendants",2217754,Published,492 F. Supp. 2d 851; 182 L.R.R.M. (BNA) 2183; 2007 U.S. Dist. LEXIS 45134; 2007 WL 1796083,ca6,unavailable,,no_document_url_in_search_result,,1,"492 F.Supp.2d 851 (2007) Carol A. KATTER, Plaintiff, v. OHIO EMPLOYMENT RELATIONS BOARD, Craig R. Mayton, Karen L. Gillmor, and Michael G. Verich, Defendants. No. 2:07-CV-43. United States District Court, S.D. Ohio, Eastern Division. June 21, 2007. *852 *853 Donald Carl Brey, Chester Willcox &",,public-full-text-unavailable,low,1,ohsd|2007-06-21|docket:307cv00043
courtlistener-environmental-scotus-citation-events,massachusetts-v-epa-2007:1249043,https://www.courtlistener.com/opinion/1249043/american-civil-liberties-union-v-national-security-agency/,lower-court-doctrinal-uptake,United States federal courts,549 U.S. 497 (2007),2007-04-02,Supreme Court of the United States,Massachusetts v. EPA,merits statutory judicial-review decision,2007-07-06,Court of Appeals for the Sixth Circuit,unclear,2007-07-06,unclear,unclear,,,,,,,,,,,,"06-2095, 06-2140",,,,,,"published CourtListener citation-linked U.S. federal circuit and district opinion documents filed in the fixed 730-day post-decision window, after documented provider-cluster deduplication",1,"Citation-linked doctrinal-treatment event. A zero-citation circuit is no observed event, not ignored precedent or noncompliance. The treatment value is an automated candidate flag pending expert legal review. CourtListener's published-opinion coverage is not an all-case opportunity denominator.",massachusetts-v-epa-2007,549 U.S. 497 (2007),2007-04-03,2009-04-01,1249043,1249043,1249043,combined-opinion,ca6,6th Cir.,American Civil Liberties Union v. National Security Agency,"AMERICAN CIVIL LIBERTIES UNION, Et Al., Plaintifs-Appellees/Cross-Appellants, v. NATIONAL SECURITY AGENCY, Et Al., Defendants-Appellants/Cross-Appellees",1555679,Published,493 F.3d 644; 2007 U.S. App. LEXIS 16149; 2007 WL 1952370,ca6,unavailable,,no_document_url_in_search_result,,1,"493 F.3d 644 (2007) AMERICAN CIVIL LIBERTIES UNION, et al., Plaintifs-Appellees/Cross-Appellants, v. NATIONAL SECURITY AGENCY, et al., Defendants-Appellants/Cross-Appellees. Nos. 06-2095, 06-2140. United States Court of Appeals, Sixth Circuit. Argued: January 31, 2007. Decided and Filed: July 6, 2007. *645",,public-full-text-unavailable,low,1,ca6|2007-07-06|docket:062095062140
courtlistener-environmental-scotus-citation-events,massachusetts-v-epa-2007:2975414,https://www.courtlistener.com/opinion/2975414/amer-civil-liberties-v-natl-security-agcy/,lower-court-doctrinal-uptake,United States federal courts,549 U.S. 497 (2007),2007-04-02,Supreme Court of the United States,Massachusetts v. EPA,merits statutory judicial-review decision,2007-07-06,Court of Appeals for the Sixth Circuit,cited_context_only,2007-07-06,unclear,unclear,,,,,,,,,,,,06-2140,,,,,,"published CourtListener citation-linked U.S. federal circuit and district opinion documents filed in the fixed 730-day post-decision window, after documented provider-cluster deduplication",1,"Citation-linked doctrinal-treatment event. A zero-citation circuit is no observed event, not ignored precedent or noncompliance. The treatment value is an automated candidate flag pending expert legal review. CourtListener's published-opinion coverage is not an all-case opportunity denominator.",massachusetts-v-epa-2007,549 U.S. 497 (2007),2007-04-03,2009-04-01,2975414,2975414,2975414,combined-opinion,ca6,6th Cir.,Amer Civil Liberties v. Natl Security Agcy,,2832633,Published,,ca6,available,https://storage.courtlistener.com/pdf/2007/07/06/amer_civil_liberties_v._natl_security_agcy.pdf,,,1,"RECOMMENDED FOR FULL-TEXT PUBLICATION Pursuant to Sixth Circuit Rule 206 File Name: 07a0253p.06 UNITED STATES COURT OF APPEALS FOR THE SIXTH CIRCUIT _________________ X Plaintiffs-Appellees/ - AMERICAN CIVIL LIBERTIES UNION, et al.,","ed federal statute — the APA, FISA, or Title III? If the NSA has violated a federal statute, is that statute constitutional when applied to the NSA in this manner? If the NSA has violated either the Constitution or a valid federal statute, is an injunction justified? And, if an injunction is justified, what is its proper scope? The district court answered all of the questions in the affirmative and imposed an injunction of the broadest possible scope. 6 “[A] plaintiff must demonstrate standing separately for each form of relief sought.” Laidlaw, 528 U.S. at 185 (citing City of Los Angeles v. Lyons, 461 U.S. 95, 109 (1983) (notwithstanding that the plaintiff had standing to pursue damages, he lacked standing to pursue injunctive relief)). 7 After argument on this appeal, the plaintiffs filed a citation to supplemental authority, urging us to rely on the Supreme Court’s recent decision in Massachusetts v. EPA, 549 U.S. -- , 127 S. Ct. 1438, 1453 (2007) (“Only one of the petitioners needs to have standing to permit us to consider the petition for review.”). That case, however, offers no direct legal support for the plaintiffs’ claim of standing because it involves a “petition for review,” a particular cause of action under 42 U.S.C. § 7607(b)(1), see id. at 1451 n.16, which has no applicability in the present case. 8 The plaintiffs, in the plain language of their complaint, actually assert only one statutory cause of action, predicated on the APA, 5 U.S.C. § 702 (2000). They claim that the NSA violated the “substantive provisions” of FISA and Title III, and contend that this establishes standing for an APA cause of action even if they cannot establish standing to litigate a cause of action under either FISA’s or Title III’s civil suit provisions (i.e., under the relevant statutes). Because th […] or Title III? If the NSA has violated a federal statute, is that statute constitutional when applied to the NSA in this manner? If the NSA has violated either the Constitution or a valid federal statute, is an injunction justified? And, if an injunction is justified, what is its proper scope? The district court answered all of the questions in the affirmative and imposed an injunction of the broadest possible scope. 6 “[A] plaintiff must demonstrate standing separately for each form of relief sought.” Laidlaw, 528 U.S. at 185 (citing City of Los Angeles v. Lyons, 461 U.S. 95, 109 (1983) (notwithstanding that the plaintiff had standing to pursue damages, he lacked standing to pursue injunctive relief)). 7 After argument on this appeal, the plaintiffs filed a citation to supplemental authority, urging us to rely on the Supreme Court’s recent decision in Massachusetts v. EPA, 549 U.S. -- , 127 S. Ct. 1438, 1453 (2007) (“Only one of the petitioners needs to have standing to permit us to consider the petition for review.”). That case, however, offers no direct legal support for the plaintiffs’ claim of standing because it involves a “petition for review,” a particular cause of action under 42 U.S.C. § 7607(b)(1), see id. at 1451 n.16, which has no applicability in the present case. 8 The plaintiffs, in the plain language of their complaint, actually assert only one statutory cause of action, predicated on the APA, 5 U.S.C. § 702 (2000). They claim that the NSA violated the “substantive provisions” of FISA and Title III, and contend that this establishes standing for an APA cause of action even if they cannot establish standing to litigate a cause of action under either FISA’s or Title III’s civil suit provisions (i.e., under the relevant statutes). Because the APA itself has no applicabili […] upreme Court has defined “injury in fact” as “an invasion of a legally protected interest which is (a) concrete and particularized and (b) actual and imminent, not conjectural or hypothetical.” Lujan v. Defenders of Wildlife, 504 U.S. 555, 560 (1992) (citations and quotation marks omitted). An association has standing to sue on behalf of its members when “its members would otherwise have standing to sue in their own right, the interests at stake are germane to the organization’s purpose, and neither the claim asserted nor the relief requested requires the participation of individual members in the lawsuit.” Friends of the Earth, Inc. v. Laidlaw Envtl. Servs. (TOC), Inc., 528 U.S. 167, 181 (2000) (citation omitted). Moreover, as the lead opinion acknowledges, only one plaintiff need establish standing to satisfy Article III’s case-or-controversy requirement. Mass. v. Envtl. Prot. Agency, 127 S. Ct. 1438, 1453 (2007) (“Only one of the petitioners needs to have standing to permit us to consider the petition for review.”); see also Bowsher v. Synar, 478 U.S. 714, 721 (1986) (finding the Article III requirement satisfied where at least one plaintiff could establish standing). The position of the attorney-plaintiffs, in my opinion, is the strongest for the purpose of the standing analysis. This is not to say that the journalists and the scholars do not have standing. They might. But because only one plaintiff need establish standing, I will focus my discussion on the attorney-plaintiffs. The lead opinion criticizes the attorney-plaintiffs for asserting multiple causes of action despite “hav[ing] one claim,” but this is hardly a “ruse,” whether “perfectly acceptable” or not as the lead opinion would have it. Lead Op. at 9. The Supreme Court’s recent decision in DaimlerChrysler Corp. v. Cuno,",citation-anchor-without-directional-language,high,1,ca6|2007-07-06|docket:062140
courtlistener-environmental-scotus-citation-events,massachusetts-v-epa-2007:202854,https://www.courtlistener.com/opinion/202854/carcieri-v-kempthorne/,lower-court-doctrinal-uptake,United States federal courts,549 U.S. 497 (2007),2007-04-02,Supreme Court of the United States,Massachusetts v. EPA,merits statutory judicial-review decision,2007-07-20,Court of Appeals for the First Circuit,cited_context_only,2007-07-20,unclear,unclear,,,,,,,,,,,,03-2647,,,,,,"published CourtListener citation-linked U.S. federal circuit and district opinion documents filed in the fixed 730-day post-decision window, after documented provider-cluster deduplication",1,"Citation-linked doctrinal-treatment event. A zero-citation circuit is no observed event, not ignored precedent or noncompliance. The treatment value is an automated candidate flag pending expert legal review. CourtListener's published-opinion coverage is not an all-case opportunity denominator.",massachusetts-v-epa-2007,549 U.S. 497 (2007),2007-04-03,2009-04-01,202854,202854,202854,combined-opinion,ca1,1st Cir.,Carcieri v. Kempthorne,,1564130,Published,497 F.3d 15,ca1,available,https://storage.courtlistener.com/pdf/2007/07/20/Carcieri_v._Norton.pdf,,,1,"497 F.3d 15 (2007) Donald L. CARCIERI, in his capacity as Governor of the State of Rhode Island; State of Rhode Island and Providence Plantations, a sovereign State of the United States; Town of Charlestown, Rhode Island, Plaintiffs, Appellants, v. Dirk KEMPTHORNE,[*] in his capacity as Secretary of the Department of the Interior, United States; Franklin Keel, in his capacity as Eastern Area Director of the Bureau of Indian Affairs, wi","1987). The Secretary's construction meets this test. As discussed above, it is reasonable and is consistent with the language and legislative history of the IRA. It also is consistent with the policy of the IRA, which, as we have indicated, may permissibly be viewed not only as intending to reverse the government's allotment policy, but also as affirmatively conferring benefits on Indians, including Indian employment preferences and a statutory right to organize and adopt governing documents. We therefore reject the State's argument that the text and purposes of the IRA prohibit the Secretary's interpretation of section 479. Rather, we find that the Secretary's construction of section 479 as allowing trust acquisitions for tribes that are cautioned again, the views of later Congresses carry little weight in determining the intent of the Congress that enacted the statute in question. See Massachusetts v. EPA, 127 S. Ct. 1438, 1460 & n.27 (2007). For the same reason, we do not take later enactments such as the 1994 amendments to section 476 to establish that Congress intended to make no distinctions among tribes in 1934. The parties have not pointed us to contemporaneous legislation that sheds further light on the issue. -28- recognized and under federal jurisdiction at the time of the trust application is entitled to deference. 2. Alleged Inconsistency of the Secretary's Interpretation The State makes a separate argument on which it heavily relies. It argues that the Secretary's interpretation of section 479 to allow trust acquisitions for tribes not federally recognized in 1934 represents a change in position as to the eligibility of tribes for IRA benefits, and that this interpretation therefore is not entitled to deference. The State relies particularly on historical practice, and says t […]  construction meets this test. As discussed above, it is reasonable and is consistent with the language and legislative history of the IRA. It also is consistent with the policy of the IRA, which, as we have indicated, may permissibly be viewed not only as intending to reverse the government's allotment policy, but also as affirmatively conferring benefits on Indians, including Indian employment preferences and a statutory right to organize and adopt governing documents. We therefore reject the State's argument that the text and purposes of the IRA prohibit the Secretary's interpretation of section 479. Rather, we find that the Secretary's construction of section 479 as allowing trust acquisitions for tribes that are cautioned again, the views of later Congresses carry little weight in determining the intent of the Congress that enacted the statute in question. See Massachusetts v. EPA, 127 S. Ct. 1438, 1460 & n.27 (2007). For the same reason, we do not take later enactments such as the 1994 amendments to section 476 to establish that Congress intended to make no distinctions among tribes in 1934. The parties have not pointed us to contemporaneous legislation that sheds further light on the issue. -28- recognized and under federal jurisdiction at the time of the trust application is entitled to deference. 2. Alleged Inconsistency of the Secretary's Interpretation The State makes a separate argument on which it heavily relies. It argues that the Secretary's interpretation of section 479 to allow trust acquisitions for tribes not federally recognized in 1934 represents a change in position as to the eligibility of tribes for IRA benefits, and that this interpretation therefore is not entitled to deference. The State relies particularly on historical practice, and says that the Secretary",citation-anchor-without-directional-language,high,1,ca1|2007-07-20|docket:032647
courtlistener-environmental-scotus-citation-events,massachusetts-v-epa-2007:186983,https://www.courtlistener.com/opinion/186983/wisconsin-public-power-inc-v-federal-energy-regulatory-commission/,lower-court-doctrinal-uptake,United States federal courts,549 U.S. 497 (2007),2007-04-02,Supreme Court of the United States,Massachusetts v. EPA,merits statutory judicial-review decision,2007-07-20,Court of Appeals for the D.C. Circuit,cited_context_only,2007-07-20,unclear,unclear,,,,,,,,,,,,"04-1414, 05-1006, 05-1007, 05-1198, 05-1203, 05-1358, 05-1427, 05-1428, 05-1429",,,,,,"published CourtListener citation-linked U.S. federal circuit and district opinion documents filed in the fixed 730-day post-decision window, after documented provider-cluster deduplication",1,"Citation-linked doctrinal-treatment event. A zero-citation circuit is no observed event, not ignored precedent or noncompliance. The treatment value is an automated candidate flag pending expert legal review. CourtListener's published-opinion coverage is not an all-case opportunity denominator.",massachusetts-v-epa-2007,549 U.S. 497 (2007),2007-04-03,2009-04-01,186983,186983,186983,combined-opinion,cadc,D.C. Cir.,Wisconsin Public Power Inc. v. Federal Energy Regulatory Commission,"WISCONSIN PUBLIC POWER INC., Petitioner v. FEDERAL ENERGY REGULATORY COMMISSION, Respondent WPS Resources Corporation, Et Al., Intervenors",2103336,Published,493 F.3d 239; 377 U.S. App. D.C. 266; 2007 U.S. App. LEXIS 17257,cadc,available,https://storage.courtlistener.com/pdf/2007/07/20/WI_Pub_Power_Inc_vs._FERC.pdf,,,1,"493 F.3d 239 (2007) WISCONSIN PUBLIC POWER INC., Petitioner v. FEDERAL ENERGY REGULATORY COMMISSION, Respondent WPS Resources Corporation, et al., Intervenors. Nos. 04-1414, 05-1006, 05-1007, 05-1198, 05-1203, 05-1358, 05-1427, 05-1428, 05-1429. United States Court of Appeals, District of Columbia Circuit. Argued April 26, 2007. Decided July 20, 2007.","s-through was in the petition to review the orders that permitted it. Finally, the Cooperatives argue that, even if they are barred from raising their substantive claims in this proceeding, they 49 have standing to raise their procedural challenges here. Cooperatives’ Reply Br. 21-22. It is true that we apply a modified standing analysis to procedural claims: “[a] person who has been accorded a procedural right to protect his concrete interests can assert that right without meeting all the normal standards for redressability and immediacy.” Defenders of Wildlife, 504 U.S. at 572 n.7. That is, “‘[a petitioner] who alleges a deprivation of a procedural protection to which he is entitled never has to prove that if he had received the procedure the substantive result would have been altered. All that is necessary is to show that the procedural step was connected to the substantive result.’” Massachusetts v. EPA, 127 S. Ct. 1438, 1453 (2007) (quoting Sugar Cane Growers Coop. of Fla. v. Veneman, 289 F.3d 89, 94-95 (D.C. Cir. 2002)). But a petitioner asserting a procedural right “must nonetheless show [that] it has itself ‘suffered personal and particularized injury’” because of the challenged substantive result. Int’l Bhd. of Teamsters v. TSA, 429 F.3d 1130, 1135 (D.C. Cir. 2005) (quoting Fla. Audubon Soc’y v. Bentsen, 94 F.3d 658, 664 (D.C. Cir. 1996) (en banc)); see Defenders of Wildlife, 504 U.S. at 572 n.7; Ctr. for Law & Educ. v. Dep’t of Educ., 396 F.3d 1152, 1157 (D.C. Cir. 2005). And that is what is lacking here. As explained above, the Cooperatives have not shown that they have suffered a concrete and particularized injury caused by the orders under review. Consequently, they cannot satisfy either Article III’s standing requirements, or 16 U.S.C. § 825l’s requirement that a party seekin […] etition to review the orders that permitted it. Finally, the Cooperatives argue that, even if they are barred from raising their substantive claims in this proceeding, they 49 have standing to raise their procedural challenges here. Cooperatives’ Reply Br. 21-22. It is true that we apply a modified standing analysis to procedural claims: “[a] person who has been accorded a procedural right to protect his concrete interests can assert that right without meeting all the normal standards for redressability and immediacy.” Defenders of Wildlife, 504 U.S. at 572 n.7. That is, “‘[a petitioner] who alleges a deprivation of a procedural protection to which he is entitled never has to prove that if he had received the procedure the substantive result would have been altered. All that is necessary is to show that the procedural step was connected to the substantive result.’” Massachusetts v. EPA, 127 S. Ct. 1438, 1453 (2007) (quoting Sugar Cane Growers Coop. of Fla. v. Veneman, 289 F.3d 89, 94-95 (D.C. Cir. 2002)). But a petitioner asserting a procedural right “must nonetheless show [that] it has itself ‘suffered personal and particularized injury’” because of the challenged substantive result. Int’l Bhd. of Teamsters v. TSA, 429 F.3d 1130, 1135 (D.C. Cir. 2005) (quoting Fla. Audubon Soc’y v. Bentsen, 94 F.3d 658, 664 (D.C. Cir. 1996) (en banc)); see Defenders of Wildlife, 504 U.S. at 572 n.7; Ctr. for Law & Educ. v. Dep’t of Educ., 396 F.3d 1152, 1157 (D.C. Cir. 2005). And that is what is lacking here. As explained above, the Cooperatives have not shown that they have suffered a concrete and particularized injury caused by the orders under review. Consequently, they cannot satisfy either Article III’s standing requirements, or 16 U.S.C. § 825l’s requirement that a party seeking review of a FER",citation-anchor-without-directional-language,high,1,cadc|2007-07-20|docket:041414051006051007051198051203051358051427051428051429
courtlistener-environmental-scotus-citation-events,massachusetts-v-epa-2007:2702,https://www.courtlistener.com/opinion/2702/cohen-v-jp-morgan-chase-co/,lower-court-doctrinal-uptake,United States federal courts,549 U.S. 497 (2007),2007-04-02,Supreme Court of the United States,Massachusetts v. EPA,merits statutory judicial-review decision,2007-08-06,Court of Appeals for the Second Circuit,cited_context_only,2007-08-06,unclear,unclear,,,,,,,,,,,,Docket 06-0409-cv,,,,,,"published CourtListener citation-linked U.S. federal circuit and district opinion documents filed in the fixed 730-day post-decision window, after documented provider-cluster deduplication",1,"Citation-linked doctrinal-treatment event. A zero-citation circuit is no observed event, not ignored precedent or noncompliance. The treatment value is an automated candidate flag pending expert legal review. CourtListener's published-opinion coverage is not an all-case opportunity denominator.",massachusetts-v-epa-2007,549 U.S. 497 (2007),2007-04-03,2009-04-01,2702,2702,2702,combined-opinion,ca2,2d Cir.,Cohen v. JP Morgan Chase & Co.,"Sylvia C. COHEN, on Behalf of Herself and All Other Persons Similarly Situated, Plaintiff-Appellant, v. JP MORGAN CHASE & CO. and JP Morgan Chase Bank, Defendants-Appellees",297219,Published,498 F.3d 111; 2007 U.S. App. LEXIS 18620; 2007 WL 2231106,ca2,available,https://storage.courtlistener.com/pdf/2007/08/06/Cohen_v._JP_Morgan_Chase__Co..pdf,,,1,"498 F.3d 111 (2007) Sylvia C. COHEN, on behalf of herself and all other persons similarly situated, Plaintiff-Appellant, v. JP MORGAN CHASE & CO. and JP Morgan Chase Bank, Defendants-Appellees. Docket No. 06-0409-cv. United States Court of Appeals, Second Circuit. Argued: September 27, 2006. Decided: August 6, 2007.","Congress’s intent to sweep broadly to reach all varieties of the item referenced. See, e.g., United States v. Gonzales, 520 U.S. 1, 5 (1997) (quoting Webster’s Third New International Dictionary 97 (1976) in concluding that, “[r]ead naturally, the word ‘any’ has an expansive meaning, that is, ‘one or some indiscriminately of whatever kind’”); accord HUD v. Rucker, 535 U.S. 125, 131 (2002) (same); Ruggiero v. County of Orange, 467 F.3d 170, 175 (2d Cir. 2006) (noting that “Congress made [the phrase at issue] even broader when it chose the expansive word ‘any’ to precede the list” (internal quotation marks omitted)). The Court most recently applied this principle in interpreting the phrase “‘any air pollution agent or combination of such agents, including any physical, chemical . . . -11- substance or matter which is emitted into or otherwise enters the ambient air’” in the Clean Air Act. Massachusetts v. EPA, 127 S. Ct. 1438, 1460 (2007) (quoting 42 U.S.C. § 7602(g)) (ellipsis and emphases in original). It concluded that “[o]n its face,” the quoted language “embraces all airborne compounds of whatever stripe, and underscores that intent through the repeated use of the word ‘any.’” Id. The Court has cautioned that, in some circumstances, the word “any” may warrant a narrower interpretation. See, e.g., Small v. United States, 544 U.S. 385, 388 (2005) (“[E]ven though the word ‘any’ demands a broad interpretation, we must look beyond that word itself.” (internal quotation marks omitted)); Nixon v. Missouri Mun. League, 541 U.S. 125, 132 (2004) (“‘[A]ny’ can and does mean different things depending upon the setting.”); Lewis v. United States, 523 U.S. 155, 160 (1998) (avoiding “literal reading of the words ‘any enactment’” that “would dramatically separate the statute from its intended purpose”) […] weep broadly to reach all varieties of the item referenced. See, e.g., United States v. Gonzales, 520 U.S. 1, 5 (1997) (quoting Webster’s Third New International Dictionary 97 (1976) in concluding that, “[r]ead naturally, the word ‘any’ has an expansive meaning, that is, ‘one or some indiscriminately of whatever kind’”); accord HUD v. Rucker, 535 U.S. 125, 131 (2002) (same); Ruggiero v. County of Orange, 467 F.3d 170, 175 (2d Cir. 2006) (noting that “Congress made [the phrase at issue] even broader when it chose the expansive word ‘any’ to precede the list” (internal quotation marks omitted)). The Court most recently applied this principle in interpreting the phrase “‘any air pollution agent or combination of such agents, including any physical, chemical . . . -11- substance or matter which is emitted into or otherwise enters the ambient air’” in the Clean Air Act. Massachusetts v. EPA, 127 S. Ct. 1438, 1460 (2007) (quoting 42 U.S.C. § 7602(g)) (ellipsis and emphases in original). It concluded that “[o]n its face,” the quoted language “embraces all airborne compounds of whatever stripe, and underscores that intent through the repeated use of the word ‘any.’” Id. The Court has cautioned that, in some circumstances, the word “any” may warrant a narrower interpretation. See, e.g., Small v. United States, 544 U.S. 385, 388 (2005) (“[E]ven though the word ‘any’ demands a broad interpretation, we must look beyond that word itself.” (internal quotation marks omitted)); Nixon v. Missouri Mun. League, 541 U.S. 125, 132 (2004) (“‘[A]ny’ can and does mean different things depending upon the setting.”); Lewis v. United States, 523 U.S. 155, 160 (1998) (avoiding “literal reading of the words ‘any enactment’” that “would dramatically separate the statute from its intended purpose”). This precedent ",citation-anchor-without-directional-language,high,1,ca2|2007-08-06|docket:docket060409cv
courtlistener-environmental-scotus-citation-events,massachusetts-v-epa-2007:1273593,https://www.courtlistener.com/opinion/1273593/texas-v-united-states/,lower-court-doctrinal-uptake,United States federal courts,549 U.S. 497 (2007),2007-04-02,Supreme Court of the United States,Massachusetts v. EPA,merits statutory judicial-review decision,2007-08-17,Court of Appeals for the Fifth Circuit,unclear,2007-08-17,unclear,unclear,,,,,,,,,,,,05-50754,,,,,,"published CourtListener citation-linked U.S. federal circuit and district opinion documents filed in the fixed 730-day post-decision window, after documented provider-cluster deduplication",1,"Citation-linked doctrinal-treatment event. A zero-citation circuit is no observed event, not ignored precedent or noncompliance. The treatment value is an automated candidate flag pending expert legal review. CourtListener's published-opinion coverage is not an all-case opportunity denominator.",massachusetts-v-epa-2007,549 U.S. 497 (2007),2007-04-03,2009-04-01,1273593,1273593,1273593,combined-opinion,ca5,5th Cir.,Texas v. United States,"State of TEXAS, Plaintiff-Appellant, v. UNITED STATES of America; United States Department of the Interior; Dirk Kempthorne, in His Official Capacity as Secretary of the Department of the Interior, Defendants-Appellees, Kickapoo Traditional Tribe of Texas, Intervenor-Defendant-Appellee",732234,Published,497 F.3d 491; 2007 U.S. App. LEXIS 19688; 2007 WL 2340781,ca5,unavailable,,no_document_url_in_search_result,,1,"497 F.3d 491 (2007) State of TEXAS, Plaintiff-Appellant, v. UNITED STATES of America; United States Department of the Interior; Dirk Kempthorne, in his Official Capacity as Secretary of the Department of the Interior, Defendants-Appellees, Kickapoo Traditional Tribe of Texas, Intervenor-Defendant-Appellee. No. 05-50754. United States Court of Appeals, Fifth Circuit. August",,public-full-text-unavailable,low,1,ca5|2007-08-17|docket:0550754
courtlistener-environmental-scotus-citation-events,massachusetts-v-epa-2007:9848679,https://www.courtlistener.com/opinion/1273593/texas-v-united-states/,lower-court-doctrinal-uptake,United States federal courts,549 U.S. 497 (2007),2007-04-02,Supreme Court of the United States,Massachusetts v. EPA,merits statutory judicial-review decision,2007-08-17,Court of Appeals for the Fifth Circuit,unclear,2007-08-17,unclear,unclear,,,,,,,,,,,,05-50754,,,,,,"published CourtListener citation-linked U.S. federal circuit and district opinion documents filed in the fixed 730-day post-decision window, after documented provider-cluster deduplication",1,"Citation-linked doctrinal-treatment event. A zero-citation circuit is no observed event, not ignored precedent or noncompliance. The treatment value is an automated candidate flag pending expert legal review. CourtListener's published-opinion coverage is not an all-case opportunity denominator.",massachusetts-v-epa-2007,549 U.S. 497 (2007),2007-04-03,2009-04-01,1273593,1273593,9848679,lead-opinion,ca5,5th Cir.,Texas v. United States,"State of TEXAS, Plaintiff-Appellant, v. UNITED STATES of America; United States Department of the Interior; Dirk Kempthorne, in His Official Capacity as Secretary of the Department of the Interior, Defendants-Appellees, Kickapoo Traditional Tribe of Texas, Intervenor-Defendant-Appellee",732234,Published,497 F.3d 491; 2007 U.S. App. LEXIS 19688; 2007 WL 2340781,ca5,unavailable,,no_document_url_in_search_result,,1,"EDITH H. JONES, Chief Judge: This is high-stakes litigation involving a challenge to procedures adopted by the Secretary of the Interior Department (“Secretary”) to circumvent the consequences of the Supreme Court’s Eleventh Amendment decision in Seminole Tribe of Florida v. Florida, 517 U.S. 44, 116 S.Ct. 1114, 134 L.Ed.2d 252 (1996). An initial question is whether Texas’s challenge to the existence of the Secretar",,public-full-text-unavailable,low,1,ca5|2007-08-17|docket:0550754
courtlistener-environmental-scotus-citation-events,massachusetts-v-epa-2007:1494433,https://www.courtlistener.com/opinion/1494433/center-for-biological-diversity-v-brennan/,lower-court-doctrinal-uptake,United States federal courts,549 U.S. 497 (2007),2007-04-02,Supreme Court of the United States,Massachusetts v. EPA,merits statutory judicial-review decision,2007-08-21,"District Court, N.D. California",unclear,2007-08-21,unclear,unclear,,,,,,,,,,,,C 06-7062 SBA,,,,,,"published CourtListener citation-linked U.S. federal circuit and district opinion documents filed in the fixed 730-day post-decision window, after documented provider-cluster deduplication",1,"Citation-linked doctrinal-treatment event. A zero-citation circuit is no observed event, not ignored precedent or noncompliance. The treatment value is an automated candidate flag pending expert legal review. CourtListener's published-opinion coverage is not an all-case opportunity denominator.",massachusetts-v-epa-2007,549 U.S. 497 (2007),2007-04-03,2009-04-01,1494433,1494433,1494433,combined-opinion,cand,N.D. Cal.,Center for Biological Diversity v. Brennan,"CENTER FOR BIOLOGICAL DIVERSITY, Et Al., Plaintiffs, v. Dr. William BRENNAN, Et Al., Defendants",981702,Published,571 F. Supp. 2d 1105; 37 Envtl. L. Rep. (Envtl. Law Inst.) 20217; 2007 U.S. Dist. LEXIS 65456; 2007 WL 2408901,ca9,unavailable,,no_document_url_in_search_result,,1,"(2007) CENTER FOR BIOLOGICAL DIVERSITY, et al., Plaintiffs, v. Dr. William BRENNAN, et al., Defendants. No. C 06-7062 SBA. United States District Court, N.D. California, Oakland Division. August 21, 2007. ORDER SAUNDRA BROWN ARMSTRONG, District Judge. Before the Court is the plaintiffs' motion for summary judgment [Docket No. 7]; the defendan",,public-full-text-unavailable,low,1,cand|2007-08-21|docket:c067062sba
courtlistener-environmental-scotus-citation-events,massachusetts-v-epa-2007:8749034,https://www.courtlistener.com/opinion/8765579/cooper-v-united-states-postal-service/,lower-court-doctrinal-uptake,United States federal courts,549 U.S. 497 (2007),2007-04-02,Supreme Court of the United States,Massachusetts v. EPA,merits statutory judicial-review decision,2007-08-28,"District Court, D. Connecticut",unclear,2007-08-28,unclear,unclear,,,,,,,,,,,,No. 3:03CV01694(DJS),,,,,,"published CourtListener citation-linked U.S. federal circuit and district opinion documents filed in the fixed 730-day post-decision window, after documented provider-cluster deduplication",1,"Citation-linked doctrinal-treatment event. A zero-citation circuit is no observed event, not ignored precedent or noncompliance. The treatment value is an automated candidate flag pending expert legal review. CourtListener's published-opinion coverage is not an all-case opportunity denominator.",massachusetts-v-epa-2007,549 U.S. 497 (2007),2007-04-03,2009-04-01,8765579,8765579,8749034,lead-opinion,ctd,D. Conn.,Cooper v. United States Postal Service,Bertram COOPER v. UNITED STATES POSTAL SERVICE,66031694,Published,245 F.R.D. 60; 68 Fed. R. Serv. 3d 1483; 2007 U.S. Dist. LEXIS 65507; 2007 WL 2428613,ca2,unavailable,,no_document_url_in_search_result,,1,"MEMORANDUM OF DECISION AND ORDER SQUATRITO, District Judge. Plaintiff, Bertram Cooper (“the Plaintiff’) brought this action for declaratory and injunctive relief against Defendants United States Postal Service (“the Postal Service”), John E. Potter, and Ronald G. Boyne (collectively, “the Defendants”), and against Intervenor Defendants Full Gospel Interdenominational Church, Inc., Dr. Philip Saund",,public-full-text-unavailable,low,1,ctd|2007-08-28|docket:no303cv01694djs
courtlistener-environmental-scotus-citation-events,massachusetts-v-epa-2007:1429805,https://www.courtlistener.com/opinion/1429805/shays-v-federal-election-commission/,lower-court-doctrinal-uptake,United States federal courts,549 U.S. 497 (2007),2007-04-02,Supreme Court of the United States,Massachusetts v. EPA,merits statutory judicial-review decision,2007-08-30,"District Court, District of Columbia",unclear,2007-08-30,unclear,unclear,,,,,,,,,,,,Civil Action 04-1597 (EGS),,,,,,"published CourtListener citation-linked U.S. federal circuit and district opinion documents filed in the fixed 730-day post-decision window, after documented provider-cluster deduplication",1,"Citation-linked doctrinal-treatment event. A zero-citation circuit is no observed event, not ignored precedent or noncompliance. The treatment value is an automated candidate flag pending expert legal review. CourtListener's published-opinion coverage is not an all-case opportunity denominator.",massachusetts-v-epa-2007,549 U.S. 497 (2007),2007-04-03,2009-04-01,1429805,1429805,1429805,combined-opinion,dcd,D.D.C.,Shays v. Federal Election Commission,"Representative Christopher SHAYS, Et Al., Plaintiffs, v. FEDERAL ELECTION COMMISSION, Defendant",1612166,Published,511 F. Supp. 2d 19; 2007 U.S. Dist. LEXIS 63688; 2007 WL 2446159,cadc,unavailable,,no_document_url_in_search_result,,1,"511 F.Supp.2d 19 (2007) Representative Christopher SHAYS, et al., Plaintiffs, v. FEDERAL ELECTION COMMISSION, Defendant. Civil Action No. 04-1597 (EGS). United States District Court, District of Columbia. August 30, 2007. *20 *21 *22 Roger Michael Witten, W",,public-full-text-unavailable,low,1,dcd|2007-08-30|docket:civilaction041597egs
courtlistener-environmental-scotus-citation-events,massachusetts-v-epa-2007:1483620,https://www.courtlistener.com/opinion/1483620/green-mountain-chrysler-plymouth-dodge-jeep-v-crombie/,lower-court-doctrinal-uptake,United States federal courts,549 U.S. 497 (2007),2007-04-02,Supreme Court of the United States,Massachusetts v. EPA,merits statutory judicial-review decision,2007-09-12,"District Court, D. Vermont",unclear,2007-09-12,unclear,unclear,,,,,,,,,,,,2:05-cv-302,,,,,,"published CourtListener citation-linked U.S. federal circuit and district opinion documents filed in the fixed 730-day post-decision window, after documented provider-cluster deduplication",1,"Citation-linked doctrinal-treatment event. A zero-citation circuit is no observed event, not ignored precedent or noncompliance. The treatment value is an automated candidate flag pending expert legal review. CourtListener's published-opinion coverage is not an all-case opportunity denominator.",massachusetts-v-epa-2007,549 U.S. 497 (2007),2007-04-03,2009-04-01,1483620,1483620,1483620,combined-opinion,vtd,D. Vt.,Green Mountain Chrysler Plymouth Dodge Jeep v. Crombie,"GREEN MOUNTAIN CHRYSLER PLYMOUTH DODGE JEEP; Green Mountain Ford Mercury; Joe Tornabene’s GMC; Alliance of Automobile Manufacturers; DaimlerChiysler Corporation; And General Motors Corporation, Plaintiffs, v. George CROMBIE, Secretary of the Vermont Agency of Natural Resources; Jeffrey Wennberg, Commissioner of the Vermont Department of Environmental Conservation; And Richard Valentinetti, Director of the Air Pollution Control Division of the Vermont Department of Environmental Conservation, Defendants, Conservation Law Foundation; Sierra Club; Natural Resources Defense Council; Environmental Defense, Vermont Public Interest Research Group; State of New York; And Denise M. Sheehan, in Her Official Capacity as Commissioner of Environmental Conservation of the State of New York, Defendants-Intervenors; The Association of International Automobile Manufacturers, Plaintiff, v. George Crombie, in His Official Capacity as Secretary of the Vermont Agency of Natural Resources; Jeffrey Wenn-Berg, in His Official Capacity as Commissioner of the Vermont Department of Environmental Conservation; Richard A. Valentinetti, in His Official Capacity as Director of the Vermont Air Pollution Control Division, Defendants, Conservation Law Foundation; Sierra Club; Natural Resources Defense Council; Environmental Defense; Vermont Public Interest Research Group; State of New York; And Denise M. Sheehan, in Her Official Capacity as Commissioner of Environmental Conservation of the State of New York, Defendants-Intervenors",967767,Published,508 F. Supp. 2d 295; 74 Fed. R. Serv. 551; 37 Envtl. L. Rep. (Envtl. Law Inst.) 20232; 66 ERC (BNA) 1157; 2007 U.S. Dist. LEXIS 67617; 2007 WL 2669444,ca2,unavailable,,no_document_url_in_search_result,,1,"508 F.Supp.2d 295 (2007) GREEN MOUNTAIN CHRYSLER PLYMOUTH DODGE JEEP; Green Mountain Ford Mercury; Joe Tornabene's GMC; Alliance of Automobile Manufacturers; DaimlerChrysler Corporation; and General Motors Corporation, Plaintiffs, v. George CROMBIE, Secretary of the Vermont Agency of Natural Resources; Jeffrey Wennberg, Commissioner of the Vermont Department of Environmental Conservation; and Richard Valentinetti, Director of the Air Pollution Co",,public-full-text-unavailable,low,1,vtd|2007-09-12|docket:205cv302
courtlistener-environmental-scotus-citation-events,massachusetts-v-epa-2007:52276,https://www.courtlistener.com/opinion/52276/state-of-texas-v-usa/,lower-court-doctrinal-uptake,United States federal courts,549 U.S. 497 (2007),2007-04-02,Supreme Court of the United States,Massachusetts v. EPA,merits statutory judicial-review decision,2007-09-13,Court of Appeals for the Fifth Circuit,cited_context_only,2007-09-13,unclear,unclear,,,,,,,,,,,,05-50754,,,,,,"published CourtListener citation-linked U.S. federal circuit and district opinion documents filed in the fixed 730-day post-decision window, after documented provider-cluster deduplication",1,"Citation-linked doctrinal-treatment event. A zero-citation circuit is no observed event, not ignored precedent or noncompliance. The treatment value is an automated candidate flag pending expert legal review. CourtListener's published-opinion coverage is not an all-case opportunity denominator.",massachusetts-v-epa-2007,549 U.S. 497 (2007),2007-04-03,2009-04-01,52276,52276,52276,combined-opinion,ca5,5th Cir.,State of Texas v. USA,,184561,Published,,ca5,available,https://storage.courtlistener.com/pdf/2007/09/13/State_of_Texas_v._USA_et_al.pdf,,,1,"United States Court of Appeals Fifth Circuit F I L E D REVISED SEPTEMBER 13, 2007 August 17, 2007 UNITED STATES COURT OF APPEALS FOR THE FIFTH CIRCUIT Charles","ary could have promulgated his alternative Procedures under IGRA before Seminole Tribe was decided. Nonetheless, the Appellees insist that IGRA implicitly conferred on the Secretary the power to substitute the Secretarial Procedures for the judicial remedy 18 foreclosed by Seminole Tribe. This court must therefore move into the realm of the Chevron doctrine to determine whether the Secretarial Procedures faithfully interpret IGRA or, as the Appellees also assert, the general Indian trust statutes. See Class III Gaming Procedures, 64 Fed. Reg. 17,535-02, 17,536 (Apr. 12, 1999) (Secretary asserts authority to prescribe the Procedures based on the statutory delegation of powers contained in 25 U.S.C. § 2710(d)(7)(B)(vii) of IGRA and 25 U.S.C. §§ 2 and 9). 2. Chevron Step-One Analysis The authority of administrative agencies is constrained by the language of the statute they administer. See Massachusetts v. EPA, __U.S.__, 127 S. Ct. 1438, 1462 (2007). Under the Chevron doctrine, courts assess the validity of challenged administrative regulations by determining whether (1) a statute is ambiguous or silent concerning the scope of secretarial authority and (2) the regulations reasonably flow from the statute when viewed in context of the overall legislative framework and the policies that animated Congress’s design. See Chevron, U.S.A., Inc. v. Natural Res. Def. Council, Inc., 467 U.S. 837, 842-43, 104 S. Ct. 2778, 2781-82 (1984). a. Under Chevron step one, the inquiry is “whether Congress has directly spoken to the precise question at issue.” Id. at 842, 104 S. Ct. at 2781. Judicial deference is due only “if the agency 19 interpretation is not in conflict with the plain language of the statute.” Nat’l R.R. Passenger Corp. v. Boston & Maine Corp., 503 U.S. 407, 417, 112 S. Ct. 1394, 1401 (1992) ( […] lternative Procedures under IGRA before Seminole Tribe was decided. Nonetheless, the Appellees insist that IGRA implicitly conferred on the Secretary the power to substitute the Secretarial Procedures for the judicial remedy 18 foreclosed by Seminole Tribe. This court must therefore move into the realm of the Chevron doctrine to determine whether the Secretarial Procedures faithfully interpret IGRA or, as the Appellees also assert, the general Indian trust statutes. See Class III Gaming Procedures, 64 Fed. Reg. 17,535-02, 17,536 (Apr. 12, 1999) (Secretary asserts authority to prescribe the Procedures based on the statutory delegation of powers contained in 25 U.S.C. § 2710(d)(7)(B)(vii) of IGRA and 25 U.S.C. §§ 2 and 9). 2. Chevron Step-One Analysis The authority of administrative agencies is constrained by the language of the statute they administer. See Massachusetts v. EPA, __U.S.__, 127 S. Ct. 1438, 1462 (2007). Under the Chevron doctrine, courts assess the validity of challenged administrative regulations by determining whether (1) a statute is ambiguous or silent concerning the scope of secretarial authority and (2) the regulations reasonably flow from the statute when viewed in context of the overall legislative framework and the policies that animated Congress’s design. See Chevron, U.S.A., Inc. v. Natural Res. Def. Council, Inc., 467 U.S. 837, 842-43, 104 S. Ct. 2778, 2781-82 (1984). a. Under Chevron step one, the inquiry is “whether Congress has directly spoken to the precise question at issue.” Id. at 842, 104 S. Ct. at 2781. Judicial deference is due only “if the agency 19 interpretation is not in conflict with the plain language of the statute.” Nat’l R.R. Passenger Corp. v. Boston & Maine Corp., 503 U.S. 407, 417, 112 S. Ct. 1394, 1401 (1992) (citing K Mart Corp. v. Cart",citation-anchor-without-directional-language,high,1,ca5|2007-09-13|docket:0550754
courtlistener-environmental-scotus-citation-events,massachusetts-v-epa-2007:202936,https://www.courtlistener.com/opinion/202936/nulankeyutmonen-nkihtaqmikon-v-impson/,lower-court-doctrinal-uptake,United States federal courts,549 U.S. 497 (2007),2007-04-02,Supreme Court of the United States,Massachusetts v. EPA,merits statutory judicial-review decision,2007-09-14,Court of Appeals for the First Circuit,cited_context_only,2007-09-14,unclear,unclear,,,,,,,,,,,,06-2733,,,,,,"published CourtListener citation-linked U.S. federal circuit and district opinion documents filed in the fixed 730-day post-decision window, after documented provider-cluster deduplication",1,"Citation-linked doctrinal-treatment event. A zero-citation circuit is no observed event, not ignored precedent or noncompliance. The treatment value is an automated candidate flag pending expert legal review. CourtListener's published-opinion coverage is not an all-case opportunity denominator.",massachusetts-v-epa-2007,549 U.S. 497 (2007),2007-04-03,2009-04-01,202936,202936,202936,combined-opinion,ca1,1st Cir.,Nulankeyutmonen Nkihtaqmikon v. Impson,"NULANKEYUTMONEN NKIHTAQMIKON, David Moses Bridges, Vera J. Francis, Hilda Lewis, Deanna Francis, Reginald Joseph Stanley, Mary Bassett, Plaintiffs, Appellants, v. Robert K. IMPSON, Acting Regional Director, Eastern Region, Bureau of Indian Affairs; Gale Norton, Secretary of the Interior, United States Department of the Interior, Defendants, Appellees",1545677,Published,503 F.3d 18; 37 Envtl. L. Rep. (Envtl. Law Inst.) 20241; 2007 U.S. App. LEXIS 22053; 2007 WL 2685200,ca1,available,https://storage.courtlistener.com/pdf/2007/09/14/Nkihtahkomikumon_v._Impson.pdf,,,1,"503 F.3d 18 (2007) NULANKEYUTMONEN NKIHTAQMIKON, David Moses Bridges, Vera J. Francis, Hilda Lewis, Deanna Francis, Reginald Joseph Stanley, Mary Bassett, Plaintiffs, Appellants, v. Robert K. IMPSON, Acting Regional Director, Eastern Region, Bureau of Indian Affairs; Gale Norton, Secretary of the Interior, United States Department of the Interior, Defendants, Appellees. No. 06-2733. United States Court","red to consider under NEPA, NHPA, and ESA. As discussed above, Plaintiffs have clearly established a demonstrable risk to their interests in Split Rock as a result of the BIA's alleged failure to adequately assess the dangers associated with the lease as required by federal law. Cf. Sierra Club v. Marsh, 872 F.2d 497, 500 (1st Cir. 1989) (""[T]he [irreparable] harm consists of the added risk to the environment that takes place when governmental decisionmakers make up their minds without having before them an analysis (with prior public comment) of the likely effects of their decision upon the environment.""). Finally, Plaintiffs meet the redressability requirement of Article III standing. All that is required in cases of -13- procedural injury is ""some possibility that the requested relief will prompt the injury-causing party to reconsider the decision that allegedly harmed the litigant."" Massachusetts v. EPA, 127 S. Ct. 1438, 1453 (2007). Here, although Plaintiffs cannot establish with any certainty that the requested procedures will change the BIA's collective mind, there is at least a chance that proper consideration would convince the BIA to withhold approval of the lease. Although the BIA does not challenge Plaintiffs' prudential standing to pursue the NEPA, NHPA, and ESA claims on appeal, it is clear from our discussion above that ""the violations and injuries alleged in the complaint are the sort that [these statutes] were specifically designed to protect,"" and that Plaintiffs are asserting their own interests, rather than those of third parties.12 Dubois, 102 F.3d at 1283 (internal quotation marks omitted). We accordingly find that Plaintiffs have established standing to pursue their procedural claims under these statutes. 12 NN's organizational standing is clear: the interests assert […] NEPA, NHPA, and ESA. As discussed above, Plaintiffs have clearly established a demonstrable risk to their interests in Split Rock as a result of the BIA's alleged failure to adequately assess the dangers associated with the lease as required by federal law. Cf. Sierra Club v. Marsh, 872 F.2d 497, 500 (1st Cir. 1989) (""[T]he [irreparable] harm consists of the added risk to the environment that takes place when governmental decisionmakers make up their minds without having before them an analysis (with prior public comment) of the likely effects of their decision upon the environment.""). Finally, Plaintiffs meet the redressability requirement of Article III standing. All that is required in cases of -13- procedural injury is ""some possibility that the requested relief will prompt the injury-causing party to reconsider the decision that allegedly harmed the litigant."" Massachusetts v. EPA, 127 S. Ct. 1438, 1453 (2007). Here, although Plaintiffs cannot establish with any certainty that the requested procedures will change the BIA's collective mind, there is at least a chance that proper consideration would convince the BIA to withhold approval of the lease. Although the BIA does not challenge Plaintiffs' prudential standing to pursue the NEPA, NHPA, and ESA claims on appeal, it is clear from our discussion above that ""the violations and injuries alleged in the complaint are the sort that [these statutes] were specifically designed to protect,"" and that Plaintiffs are asserting their own interests, rather than those of third parties.12 Dubois, 102 F.3d at 1283 (internal quotation marks omitted). We accordingly find that Plaintiffs have established standing to pursue their procedural claims under these statutes. 12 NN's organizational standing is clear: the interests asserted and evaluated ",citation-anchor-without-directional-language,high,1,ca1|2007-09-14|docket:062733
courtlistener-environmental-scotus-citation-events,massachusetts-v-epa-2007:1810811,https://www.courtlistener.com/opinion/1810811/people-of-colo-ex-rel-suthers-v-gonzales/,lower-court-doctrinal-uptake,United States federal courts,549 U.S. 497 (2007),2007-04-02,Supreme Court of the United States,Massachusetts v. EPA,merits statutory judicial-review decision,2007-09-21,"District Court, D. Colorado",unclear,2007-09-21,unclear,unclear,,,,,,,,,,,,1:07-cr-00478,,,,,,"published CourtListener citation-linked U.S. federal circuit and district opinion documents filed in the fixed 730-day post-decision window, after documented provider-cluster deduplication",1,"Citation-linked doctrinal-treatment event. A zero-citation circuit is no observed event, not ignored precedent or noncompliance. The treatment value is an automated candidate flag pending expert legal review. CourtListener's published-opinion coverage is not an all-case opportunity denominator.",massachusetts-v-epa-2007,549 U.S. 497 (2007),2007-04-03,2009-04-01,1810811,1810811,1810811,combined-opinion,cod,D. Colo.,People of Colo. Ex Rel. Suthers v. Gonzales,"The PEOPLE OF the State of COLORADO, Ex Rel. John SUTHERS, Colorado Attorney General, Plaintiff, v. Alberto GONZALES, in His Official Capacity as the Attorney General of the United States; Michael Chertoff, in His Official Capacity as Secretary of the United States, Department of Homeland Security; And United States of America, Defendants",1386966,Published,558 F. Supp. 2d 1158; 2007 U.S. Dist. LEXIS 70173; 2007 WL 2788603,ca10,unavailable,,no_document_url_in_search_result,,1,"(2007) The PEOPLE OF the State of COLORADO, ex rel. John SLITHERS, Colorado Attorney General, Plaintiff, v. Alberto GONZALES, in his official capacity as the Attorney General of the United States; Michael Chertoff, in his official capacity as Secretary of the United States, Department of Homeland Security; and United States of America, Defendants. Civil Action No. 07-cv-00478-LTB-MJW. United States Dis",,public-full-text-unavailable,low,1,cod|2007-09-21|docket:107cr00478
courtlistener-environmental-scotus-citation-events,massachusetts-v-epa-2007:2299604,https://www.courtlistener.com/opinion/2299604/the-fund-for-animals-v-norton/,lower-court-doctrinal-uptake,United States federal courts,549 U.S. 497 (2007),2007-04-02,Supreme Court of the United States,Massachusetts v. EPA,merits statutory judicial-review decision,2007-09-24,"District Court, District of Columbia",unclear,2007-09-24,unclear,unclear,,,,,,,,,,,,Civ. 04-1913 (EGS),,,,,,"published CourtListener citation-linked U.S. federal circuit and district opinion documents filed in the fixed 730-day post-decision window, after documented provider-cluster deduplication",1,"Citation-linked doctrinal-treatment event. A zero-citation circuit is no observed event, not ignored precedent or noncompliance. The treatment value is an automated candidate flag pending expert legal review. CourtListener's published-opinion coverage is not an all-case opportunity denominator.",massachusetts-v-epa-2007,549 U.S. 497 (2007),2007-04-03,2009-04-01,2299604,2299604,2299604,combined-opinion,dcd,D.D.C.,The Fund for Animals v. Norton,"The FUND FOR ANIMALS, Et Al., Plaintiffs, v. Gale NORTON, Et Al., Defendants",2145276,Published,512 F. Supp. 2d 49; 2007 U.S. Dist. LEXIS 70060; 2007 WL 2775082,cadc,unavailable,,no_document_url_in_search_result,,1,"512 F.Supp.2d 49 (2007) THE FUND FOR ANIMALS, et al., Plaintiffs, v. Gale NORTON, et al., Defendants. Civ. No. 04-1913 (EGS). United States District Court, District of Columbia. September 24, 2007. *50 Eric Robert Glitzenstein, Howard M. Crystal, Meyer Glitzenstein & Crystal, Washington, DC, for Plaintiffs. Luther L. H",,public-full-text-unavailable,low,1,dcd|2007-09-24|docket:civ041913egs
courtlistener-environmental-scotus-citation-events,massachusetts-v-epa-2007:8624037,https://www.courtlistener.com/opinion/8644329/digiovanni-v-federal-aviation-administration/,lower-court-doctrinal-uptake,United States federal courts,549 U.S. 497 (2007),2007-04-02,Supreme Court of the United States,Massachusetts v. EPA,merits statutory judicial-review decision,2007-10-02,Court of Appeals for the Second Circuit,unclear,2007-10-02,unclear,unclear,,,,,,,,,,,,No. 05-2747-ag,,,,,,"published CourtListener citation-linked U.S. federal circuit and district opinion documents filed in the fixed 730-day post-decision window, after documented provider-cluster deduplication",1,"Citation-linked doctrinal-treatment event. A zero-citation circuit is no observed event, not ignored precedent or noncompliance. The treatment value is an automated candidate flag pending expert legal review. CourtListener's published-opinion coverage is not an all-case opportunity denominator.",massachusetts-v-epa-2007,549 U.S. 497 (2007),2007-04-03,2009-04-01,8644329,8644329,8624037,lead-opinion,ca2,2d Cir.,DiGiovanni v. Federal Aviation Administration,"Ronald T. DiGIOVANNI v. The FEDERAL AVIATION ADMINISTRATION, Marion C. Blakely, Administrator",65909752,Published,249 F. App'x 842,ca2,unavailable,,no_document_url_in_search_result,,1,"SUMMARY ORDER Ronald DiGiovanni, proceeding pursuant to 49 U.S.C. § 46110(a), petitions pro se for review of a final order of the FAA denying his request to revise agency regulations allowing Class D controlled airspace to revert to Class G uncontrolled airspace during times when the airport traffic control tower is closed. DiGiovanni submits that the requested revision is necessary to promote safety and noise abatement. We a",,public-full-text-unavailable,low,1,ca2|2007-10-02|docket:no052747ag
courtlistener-environmental-scotus-citation-events,massachusetts-v-epa-2007:2975947,https://www.courtlistener.com/opinion/2975947/connection-distr-v-gonzales/,lower-court-doctrinal-uptake,United States federal courts,549 U.S. 497 (2007),2007-04-02,Supreme Court of the United States,Massachusetts v. EPA,merits statutory judicial-review decision,2007-10-23,Court of Appeals for the Sixth Circuit,cited_context_only,2007-10-23,unclear,unclear,,,,,,,,,,,,06-3822,,,,,,"published CourtListener citation-linked U.S. federal circuit and district opinion documents filed in the fixed 730-day post-decision window, after documented provider-cluster deduplication",1,"Citation-linked doctrinal-treatment event. A zero-citation circuit is no observed event, not ignored precedent or noncompliance. The treatment value is an automated candidate flag pending expert legal review. CourtListener's published-opinion coverage is not an all-case opportunity denominator.",massachusetts-v-epa-2007,549 U.S. 497 (2007),2007-04-03,2009-04-01,2975947,1385013;2975947,2975947,combined-opinion,ca6,6th Cir.,Connection Distr v. Gonzales,,2833166,Published,,ca6,available,https://storage.courtlistener.com/pdf/2007/10/23/connection_distr_v._gonzales.pdf,,,1,RECOMMENDED FOR FULL-TEXT PUBLICATION Pursuant to Sixth Circuit Rule 206 File Name: 07a0430p.06 UNITED STATES COURT OF APPEALS FOR THE SIXTH CIRCUIT _________________ X - CONNEC," of Brentwood, 485 F.3d 343, 349 (6th Cir. 2007) (quoting Lujan v. Defenders of Wildlife, 504 U.S. 555, 560 (1992)). Prudential standing requires a party to assert only its own rights rather than a “generalized grievance” or the rights of third parties. Id. (quoting Warth v. Seldin, 422 U.S. 490, 500 (1975), and Valley Forge Christian Coll. v. Americans United for Separation of Church and State, 454 U.S. 464, 475 (1982)). Connection and the publisher of its magazines have definitely asserted a “concrete and particularized” injury caused by § 2257: diminished advertising revenue and circulation. Lujan, 504 U.S. at 560. This injury, which relates to the specific rights of the plaintiffs, also meets the requirements for prudential standing. Lastly, Article III’s case-or-controversy requirement is met when only one plaintiff establishes standing. Mass. v. Envtl. Prot. Agency, --- U.S. --- , 127 S.Ct. 1438, 1453 (2007). I therefore do not reach the question of whether the Doe plaintiffs, alone, would have standing. II. ANALYSIS OF CONNECTION’S FIRST AMENDMENT CHALLENGES A. Identifying the Applicable Level of Scrutiny To determine which level of scrutiny applies, we begin by asking whether the speech restriction in question is content-based or content-neutral. The Supreme Court faced a similar speech restriction in United States v. Playboy Entertainment Group, Inc., 529 U.S. 803 (2000). There, the plaintiffs challenged a provision of the Telecommunications Act of 1996 requiring cable operators providing “channels ‘primarily dedicated to sexually-oriented programming’ either to ‘fully scramble or otherwise fully block’ those channels or to limit their transmission to” the hours between 10 p.m. and 6 a.m. Id. at 806 (quoting 47 U.S.C. § 561(a) (1994 ed., Supp. III)). Because the statute “app",citation-anchor-without-directional-language,high,1,ca6|2007-10-23|docket:063822
courtlistener-environmental-scotus-citation-events,massachusetts-v-epa-2007:3050470,https://www.courtlistener.com/opinion/3050470/doran-v-7-eleven-inc/,lower-court-doctrinal-uptake,United States federal courts,549 U.S. 497 (2007),2007-04-02,Supreme Court of the United States,Massachusetts v. EPA,merits statutory judicial-review decision,2007-11-09,Court of Appeals for the Ninth Circuit,cited_context_only,2007-11-09,unclear,unclear,,,,,,,,,,,,05-56439,,,,,,"published CourtListener citation-linked U.S. federal circuit and district opinion documents filed in the fixed 730-day post-decision window, after documented provider-cluster deduplication",1,"Citation-linked doctrinal-treatment event. A zero-citation circuit is no observed event, not ignored precedent or noncompliance. The treatment value is an automated candidate flag pending expert legal review. CourtListener's published-opinion coverage is not an all-case opportunity denominator.",massachusetts-v-epa-2007,549 U.S. 497 (2007),2007-04-03,2009-04-01,3050470,1290443;3050470,3050470,combined-opinion,ca9,9th Cir.,"Doran v. 7-Eleven, Inc.",,2907896,Published,,ca9,available,https://storage.courtlistener.com/pdf/2007/11/09/doran_v._7-eleven_inc..pdf,,,1,"FOR PUBLICATION UNITED STATES COURT OF APPEALS FOR THE NINTH CIRCUIT JERRY DORAN,  Plaintiff-Appellant, No. 05-56439 v.  D.C. No. CV-04-01125-JVS 7-ELEVEN, INC., d/b/a 7-ELEVEN; SOUTHLAND CORP., OPINION Defendants-Appellees."," has repeatedly 5 Of course, Doran is not among the class of persons injured by ADA violations in the 7-Eleven store that do not relate to Doran’s particular disability—that he must use a wheelchair for mobility. For that reason, Doran cannot challenge all of the ADA violations in the 7-Eleven store. For example, Doran does not have standing to challenge those barriers that would burden or restrict access for a person who is blind. Doran may chal- lenge only those barriers that might reasonably affect a wheelchair user’s full enjoyment of the store. Steger, 228 F.3d at 893. 14780 DORAN v. 7-ELEVEN, INC. instructed that “ ‘the gist of the question of standing’ is whether [the plaintiff has] ‘such a personal stake in the out- come of the controversy as to assure that concrete adverseness which sharpens the presentation of issues upon which the court so largely depends for illumination.’ ” Massachusetts v. EPA, 127 S. Ct. 1438, 1453 (2007) (quoting Baker v. Carr, 369 U.S. 186, 204 (1962)). Even if a disabled plaintiff did not know about certain barriers when the plaintiff first filed suit, that plaintiff will have a “personal stake in the outcome of the controversy” so long as his or her suit is limited to barriers related to that person’s particular disability. See id. [8] We hold that Doran has standing to sue for injunctive relief for all barriers in the North Harbor 7-Eleven store related to his specific disability, including those identified in his expert’s site inspection. The district court’s conclusion to the contrary was erroneous. III Doran also argues that the district court erred in granting summary judgment to 7-Eleven on the issues of whether the store’s aisle width and the store’s refusal to allow him to access the employees-only restroom were ADA violations. We review a grant  […] ourse, Doran is not among the class of persons injured by ADA violations in the 7-Eleven store that do not relate to Doran’s particular disability—that he must use a wheelchair for mobility. For that reason, Doran cannot challenge all of the ADA violations in the 7-Eleven store. For example, Doran does not have standing to challenge those barriers that would burden or restrict access for a person who is blind. Doran may chal- lenge only those barriers that might reasonably affect a wheelchair user’s full enjoyment of the store. Steger, 228 F.3d at 893. 14780 DORAN v. 7-ELEVEN, INC. instructed that “ ‘the gist of the question of standing’ is whether [the plaintiff has] ‘such a personal stake in the out- come of the controversy as to assure that concrete adverseness which sharpens the presentation of issues upon which the court so largely depends for illumination.’ ” Massachusetts v. EPA, 127 S. Ct. 1438, 1453 (2007) (quoting Baker v. Carr, 369 U.S. 186, 204 (1962)). Even if a disabled plaintiff did not know about certain barriers when the plaintiff first filed suit, that plaintiff will have a “personal stake in the outcome of the controversy” so long as his or her suit is limited to barriers related to that person’s particular disability. See id. [8] We hold that Doran has standing to sue for injunctive relief for all barriers in the North Harbor 7-Eleven store related to his specific disability, including those identified in his expert’s site inspection. The district court’s conclusion to the contrary was erroneous. III Doran also argues that the district court erred in granting summary judgment to 7-Eleven on the issues of whether the store’s aisle width and the store’s refusal to allow him to access the employees-only restroom were ADA violations. We review a grant of summary judgme",citation-anchor-without-directional-language,high,1,ca9|2007-11-09|docket:0556439
courtlistener-environmental-scotus-citation-events,massachusetts-v-epa-2007:3050497,https://www.courtlistener.com/opinion/3050497/center-for-biological-diversity-v-national-highway-traffic-safety/,lower-court-doctrinal-uptake,United States federal courts,549 U.S. 497 (2007),2007-04-02,Supreme Court of the United States,Massachusetts v. EPA,merits statutory judicial-review decision,2007-11-14,Court of Appeals for the Ninth Circuit,cited_context_only,2007-11-14,unclear,unclear,,,,,,,,,,,,"06-71891, 06-72317, 06-72641, 06-72694, 06-73807, 06-73826",,,,,,"published CourtListener citation-linked U.S. federal circuit and district opinion documents filed in the fixed 730-day post-decision window, after documented provider-cluster deduplication",1,"Citation-linked doctrinal-treatment event. A zero-citation circuit is no observed event, not ignored precedent or noncompliance. The treatment value is an automated candidate flag pending expert legal review. CourtListener's published-opinion coverage is not an all-case opportunity denominator.",massachusetts-v-epa-2007,549 U.S. 497 (2007),2007-04-03,2009-04-01,3050497,3050497,3050497,combined-opinion,ca9,9th Cir.,Center for Biological Diversity v. National Highway Traffic Safety Administration,"CENTER FOR BIOLOGICAL DIVERSITY, Petitioner, v. NATIONAL HIGHWAY TRAFFIC SAFETY ADMINISTRATION, Respondent; People of the State of California Ex Rel. Bill Lockyer, Attorney General; State of Connecticut; State of Maine; Commonwealth of Massachusetts; State of New Jersey; State of New Mexico; State of New York; State of Oregon; State of Rhode Island; State of Vermont; District of Columbia; City of New York, Petitioners, v. National Highway Traffic Safety Administration, an Agency Within the United States Department of Transportation, Respondents; State of Minnesota, Petitioner, v. National Highway Traffic Safety Administration, an Agency Within the United States Department of Transportation, Respondent; Sierra Club; Public Citizen, Inc., Petitioners, v. Department of Transportation, Respondent; Environmental Defense, Petitioner, v. Department of Transportation, Respondent; Natural Resources Defense Council, Inc., Petitioner, v. Department of Transportation, Respondent",2907923,Published,508 F.3d 508; 2007 WL 3378240,ca9,available,https://storage.courtlistener.com/pdf/2007/11/14/center_for_biological_diversity_v._national_highway_traffic_safety.pdf,,,1,"Volume 1 of 2 FOR PUBLICATION UNITED STATES COURT OF APPEALS FOR THE NINTH CIRCUIT CENTER FOR BIOLOGICAL DIVERSITY,  Petitioner, v.  No. 06-71891 NATIONAL HIGHWAY TRAFFIC SAFETY ADMINISTRATION, Respondent.  PEOPLE OF THE STATE OF  CALIFORNIA EX REL. BILL LOCKYER, ATTOR","ners’ contention that EPCA prohibits NHTSA’s use of marginal cost-benefit analy- sis to set CAFE standards. Whatever method it uses, NHTSA cannot set fuel economy standards that are contrary to Con- gress’s purpose in enacting the EPCA—energy conservation. We must still review whether NHTSA’s balancing of the stat- utory factors is arbitrary and capricious. Additionally, the per- suasiveness of the analysis in Public Citizen and Center for Auto Safety is limited by the fact that they were decided two decades ago, when scientific knowledge of climate change and its causes were not as advanced as they are today.41 The 40 One of the Petitioners noted that “[w]hile previous standards have uti- lized cost-benefit analysis as part of the regulatory impact analysis after the standard was set, the proposed reforms put the cost-benefit analysis front and center.” App. G to NRDC Cmt. at 3. 41 See Massachusetts v. EPA, 127 S. Ct. 1438, 1447-49, 1455 (2007) (describing how “the scientific understanding of climate change [has] progressed” since the 1970s and discussing the evidence showing that “[t]he harms associated with climate change are serious and well recog- nized.”); see generally Attachment A to CBD Cmt. (Global Warming and 14870 CENTER FOR BIOLOGICAL DIVERSITY v. NHTSA need of the nation to conserve energy is even more pressing today than it was at the time of EPCA’s enactment. See, e.g., NRDC Cmt. at 4, 11 (“When fuel economy legislation was first enacted, America consumed 16.3 million barrels of oil per day and 35.8 percent of U.S. oil came from imports. In the nearly 30 years since then, oil consumption has risen to over 20 million barrels per day and 56 percent of U.S. oil is imported. If fuel economy standards are not strengthened, these trends are only expected to get worse, with transp […] EPCA prohibits NHTSA’s use of marginal cost-benefit analy- sis to set CAFE standards. Whatever method it uses, NHTSA cannot set fuel economy standards that are contrary to Con- gress’s purpose in enacting the EPCA—energy conservation. We must still review whether NHTSA’s balancing of the stat- utory factors is arbitrary and capricious. Additionally, the per- suasiveness of the analysis in Public Citizen and Center for Auto Safety is limited by the fact that they were decided two decades ago, when scientific knowledge of climate change and its causes were not as advanced as they are today.41 The 40 One of the Petitioners noted that “[w]hile previous standards have uti- lized cost-benefit analysis as part of the regulatory impact analysis after the standard was set, the proposed reforms put the cost-benefit analysis front and center.” App. G to NRDC Cmt. at 3. 41 See Massachusetts v. EPA, 127 S. Ct. 1438, 1447-49, 1455 (2007) (describing how “the scientific understanding of climate change [has] progressed” since the 1970s and discussing the evidence showing that “[t]he harms associated with climate change are serious and well recog- nized.”); see generally Attachment A to CBD Cmt. (Global Warming and 14870 CENTER FOR BIOLOGICAL DIVERSITY v. NHTSA need of the nation to conserve energy is even more pressing today than it was at the time of EPCA’s enactment. See, e.g., NRDC Cmt. at 4, 11 (“When fuel economy legislation was first enacted, America consumed 16.3 million barrels of oil per day and 35.8 percent of U.S. oil came from imports. In the nearly 30 years since then, oil consumption has risen to over 20 million barrels per day and 56 percent of U.S. oil is imported. If fuel economy standards are not strengthened, these trends are only expected to get worse, with transporta- tion oil us",citation-anchor-without-directional-language,high,1,ca9|2007-11-14|docket:067189106723170672641067269406738070673826
courtlistener-environmental-scotus-citation-events,massachusetts-v-epa-2007:9864151,https://www.courtlistener.com/opinion/3050497/center-for-biological-diversity-v-national-highway-traffic-safety/,lower-court-doctrinal-uptake,United States federal courts,549 U.S. 497 (2007),2007-04-02,Supreme Court of the United States,Massachusetts v. EPA,merits statutory judicial-review decision,2007-11-14,Court of Appeals for the Ninth Circuit,unclear,2007-11-14,unclear,unclear,,,,,,,,,,,,"06-71891, 06-72317, 06-72641, 06-72694, 06-73807, 06-73826",,,,,,"published CourtListener citation-linked U.S. federal circuit and district opinion documents filed in the fixed 730-day post-decision window, after documented provider-cluster deduplication",1,"Citation-linked doctrinal-treatment event. A zero-citation circuit is no observed event, not ignored precedent or noncompliance. The treatment value is an automated candidate flag pending expert legal review. CourtListener's published-opinion coverage is not an all-case opportunity denominator.",massachusetts-v-epa-2007,549 U.S. 497 (2007),2007-04-03,2009-04-01,3050497,3050497,9864151,lead-opinion,ca9,9th Cir.,Center for Biological Diversity v. National Highway Traffic Safety Administration,"CENTER FOR BIOLOGICAL DIVERSITY, Petitioner, v. NATIONAL HIGHWAY TRAFFIC SAFETY ADMINISTRATION, Respondent; People of the State of California Ex Rel. Bill Lockyer, Attorney General; State of Connecticut; State of Maine; Commonwealth of Massachusetts; State of New Jersey; State of New Mexico; State of New York; State of Oregon; State of Rhode Island; State of Vermont; District of Columbia; City of New York, Petitioners, v. National Highway Traffic Safety Administration, an Agency Within the United States Department of Transportation, Respondents; State of Minnesota, Petitioner, v. National Highway Traffic Safety Administration, an Agency Within the United States Department of Transportation, Respondent; Sierra Club; Public Citizen, Inc., Petitioners, v. Department of Transportation, Respondent; Environmental Defense, Petitioner, v. Department of Transportation, Respondent; Natural Resources Defense Council, Inc., Petitioner, v. Department of Transportation, Respondent",2907923,Published,508 F.3d 508; 2007 WL 3378240,ca9,unavailable,,no_document_url_in_search_result,,1,"BETTY B. FLETCHER, Circuit Judge: Eleven states, the District of Columbia, the City of New York, and four public interest organizations petition for review of a rule issued by the National Highway Traffic Safety Administration (NHTSA) entitled “Average Fuel Economy Standards for Light Trucks, Model Years 2008-2011,” 71 Fed.Reg. 17,566 (Apr. 6, 2006) (“Final Rule”) (codified at 49 C.F.R. pt. 533). Pursuant to the Energy Policy",,public-full-text-unavailable,low,1,ca9|2007-11-14|docket:067189106723170672641067269406738070673826
courtlistener-environmental-scotus-citation-events,massachusetts-v-epa-2007:2355006,https://www.courtlistener.com/opinion/2355006/central-valley-chrysler-jeep-inc-v-goldstene/,lower-court-doctrinal-uptake,United States federal courts,549 U.S. 497 (2007),2007-04-02,Supreme Court of the United States,Massachusetts v. EPA,merits statutory judicial-review decision,2007-12-11,"District Court, E.D. California",unclear,2007-12-11,unclear,unclear,,,,,,,,,,,,CV F 04-6663 AWI LJO,,,,,,"published CourtListener citation-linked U.S. federal circuit and district opinion documents filed in the fixed 730-day post-decision window, after documented provider-cluster deduplication",1,"Citation-linked doctrinal-treatment event. A zero-citation circuit is no observed event, not ignored precedent or noncompliance. The treatment value is an automated candidate flag pending expert legal review. CourtListener's published-opinion coverage is not an all-case opportunity denominator.",massachusetts-v-epa-2007,549 U.S. 497 (2007),2007-04-03,2009-04-01,2355006,2355006,2355006,combined-opinion,caed,E.D. Cal.,"Central Valley Chrysler-Jeep, Inc. v. Goldstene","CENTRAL VALLEY CHRYSLER-JEEP, INC. Et Al., Plaintiffs, v. James GOLDSTENE, in His Official Capacity as Executive Officer of the California Air Resources Board, Defendant, the Association of International Automobile Manufacturers, Plaintiff-Intervenor, Sierra Club, Natural Resources Defense Council, Environmental Defense, Blue Water Network, Global Exchange, and Rainforest Action Network, Defendant-Intervenors",2255179,Published,529 F. Supp. 2d 1151; 66 ERC (BNA) 1826; 2007 U.S. Dist. LEXIS 91309; 2007 WL 4372878,ca9,unavailable,,no_document_url_in_search_result,,1,"529 F.Supp.2d 1151 (2007) CENTRAL VALLEY CHRYSLER-JEEP, INC. et al., Plaintiffs, v. James GOLDSTENE, in his official capacity as Executive Officer of the California Air Resources Board, Defendant, The Association of International Automobile Manufacturers, Plaintiff-Intervenor, Sierra Club, Natural Resources Defense Council, Environmental Defense, Blue Water Network, Global Exchange, and Rainforest Action Network, Defendant-Intervenors.",,public-full-text-unavailable,low,1,caed|2007-12-11|docket:cvf046663awiljo
courtlistener-environmental-scotus-citation-events,massachusetts-v-epa-2007:2305865,https://www.courtlistener.com/opinion/2305865/walker-v-wisconsin-state-legislative-council/,lower-court-doctrinal-uptake,United States federal courts,549 U.S. 497 (2007),2007-04-02,Supreme Court of the United States,Massachusetts v. EPA,merits statutory judicial-review decision,2007-12-12,"District Court, W.D. Wisconsin",unclear,2007-12-12,unclear,unclear,,,,,,,,,,,,3:07-cv-00675,,,,,,"published CourtListener citation-linked U.S. federal circuit and district opinion documents filed in the fixed 730-day post-decision window, after documented provider-cluster deduplication",1,"Citation-linked doctrinal-treatment event. A zero-citation circuit is no observed event, not ignored precedent or noncompliance. The treatment value is an automated candidate flag pending expert legal review. CourtListener's published-opinion coverage is not an all-case opportunity denominator.",massachusetts-v-epa-2007,549 U.S. 497 (2007),2007-04-03,2009-04-01,2305865,2305865,2305865,combined-opinion,wiwd,W.D. Wis.,Walker v. Wisconsin State Legislative Council,"Marcellous L. WALKER, Alvester Gross, Hung Nam Tran, Eric Fankhauser, Joshua Rogers, Branden Sustman, Eric Hendrickson, Fredick Lee Pharm, Thomas Miller, Carolos Amble, Brian Kuruzovich, Danie Jorgenson, Ervin Burris, Sr, Johnathan Miller, Peter Yogerst, Daniel Arends, Their Families, Friends and All Other Persons Similarly Situated, Plaintiffs, v. WISCONSIN STATE LEGISLATIVE COUNCIL; James Doyle, Governor; Kevin R. Hayden, DHFS Secretary; John Voelker, Director of State Courts; Steve Watters, SRSTC Director; Bryan Bartow, WRC Director; Wendy Norberg, SRSTC Deputy Director; Lloyd Sinclair, SRSTC Treatment Director; WRC and SRSTC Inst. Review Boards, John and Jane Doe, Their Successors, Predecessors, and All Other Persons, Officers, Agents, Servants, Contractors, Employees or Agencies Who Have and/or Are Aiding, Abetting, Assisting, Acting in Concert, Cooperating or Conspiring With Them, Defendants",2152853,Published,536 F. Supp. 2d 992; 2007 U.S. Dist. LEXIS 91810; 2007 WL 4969422,ca7,unavailable,,no_document_url_in_search_result,,1,"536 F.Supp.2d 992 (2007) Marcellous L. WALKER, Alvester Gross, Hung Nam Tran, Eric Fankhauser, Joshua Rogers, Branden Sustman, Eric Hendrickson, Fredick Lee Pharm, Thomas Miller, Carolos Amble, Brian Kuruzovich, Danie Jorgenson, Ervin Burris, Sr, Johnathan Miller, Peter Yogerst, Daniel Trends, their families, friends and all other persons similarly situated, Plaintiffs, v. WISCONSIN STATE LEGISLATIVE COUNCIL; James Doyle, Governor; Kevin R. Hayde",,public-full-text-unavailable,low,1,wiwd|2007-12-12|docket:307cv00675
courtlistener-environmental-scotus-citation-events,massachusetts-v-epa-2007:187102,https://www.courtlistener.com/opinion/187102/southeastern-federal-power-customers-inc-v-geren/,lower-court-doctrinal-uptake,United States federal courts,549 U.S. 497 (2007),2007-04-02,Supreme Court of the United States,Massachusetts v. EPA,merits statutory judicial-review decision,2008-02-05,Court of Appeals for the D.C. Circuit,cited_context_only,2008-02-05,unclear,unclear,,,,,,,,,,,,"06-5080, 06-5081",,,,,,"published CourtListener citation-linked U.S. federal circuit and district opinion documents filed in the fixed 730-day post-decision window, after documented provider-cluster deduplication",1,"Citation-linked doctrinal-treatment event. A zero-citation circuit is no observed event, not ignored precedent or noncompliance. The treatment value is an automated candidate flag pending expert legal review. CourtListener's published-opinion coverage is not an all-case opportunity denominator.",massachusetts-v-epa-2007,549 U.S. 497 (2007),2007-04-03,2009-04-01,187102,187102,187102,combined-opinion,cadc,D.C. Cir.,"Southeastern Federal Power Customers, Inc. v. Geren","SOUTHEASTERN FEDERAL POWER CUSTOMERS, INC., Appellee v. Peter GEREN, Secretary of the United States Department of the Army, Et Al., Appellees. State of Florida, Appellant",1600578,Published,514 F.3d 1316; 379 U.S. App. D.C. 407; 48 A.L.R. Fed. 2d 715; 38 Envtl. L. Rep. (Envtl. Law Inst.) 20042; 2008 U.S. App. LEXIS 2501; 2008 WL 299020,cadc,available,https://storage.courtlistener.com/pdf/2008/02/05/SE_Fed_Power_Cust_vs._Harvey_Francis_J..pdf,,,1,"514 F.3d 1316 (2008) SOUTHEASTERN FEDERAL POWER CUSTOMERS, INC., Appellee v. Peter GEREN, Secretary of the United States Department of the Army, et al., Appellees. State of Florida, Appellant. Nos. 06-5080, 06-5081. United States Court of Appeals, District of Columbia Circuit. Argued November 16, 2007. Decided February 5, 2008.","reservoir.2 They credibly claim to fear that the proposed reallocation of water storage will result in “diminish[ed] [] flow of water reaching the downstream states.” Appellants’ Br. at 2. The Agreement does potentially reduce the amount of water flowing downstream, Agreement at 5; Alabama, 424 F.3d at 1122, and the ACF basin would thereby be affected by changes to the quantity of water in the Chattahoochee River for as long as twenty years, see, e.g., Agreement at 10; cf. Georgia v. USACE, 302 F.3d 1242, 1252 (11th Cir. 2002). As the ACF basin includes parts of both Alabama and Florida, they would be directly impacted by the Agreement’s proposed changes to water storage uses; in its complaint, Florida alleged various negative environmental impacts from reduced water flow. In addition, the states’ quasi-sovereign interests” entitles them to “special solicitude” in standing analysis. See Massachusetts v. EPA, 127 S. Ct. 1438, 1455 (2007). To the extent the Agreement provides that “entering into the storage contracts described in this Agreement . . . potentially gives rise to certain obligations under NEPA,” Agreement at 14, any attendant delay due to the Corps’ compliance with NEPA does not affect the imminence of the claimed injury. The Agreement commits the Corps to use its “best efforts to complete any applicable requirements of NEPA 2 The court, therefore, has no occasion to consider whether Alabama and Florida would have standing to challenge the Agreement as “seriously affect[ing]” the original Congressionally authorized purposes of Lake Lanier. Cf. Opinion Concurring in the Judgment (hereinafter, Concurring Op.) at 3. 12 as expeditiously as practicable.” Id.; cf. Massachusetts, 127 S.Ct. at 1456. In addition, the Agreement states that its NEPA compliance provision “does not apply to  […] bly claim to fear that the proposed reallocation of water storage will result in “diminish[ed] [] flow of water reaching the downstream states.” Appellants’ Br. at 2. The Agreement does potentially reduce the amount of water flowing downstream, Agreement at 5; Alabama, 424 F.3d at 1122, and the ACF basin would thereby be affected by changes to the quantity of water in the Chattahoochee River for as long as twenty years, see, e.g., Agreement at 10; cf. Georgia v. USACE, 302 F.3d 1242, 1252 (11th Cir. 2002). As the ACF basin includes parts of both Alabama and Florida, they would be directly impacted by the Agreement’s proposed changes to water storage uses; in its complaint, Florida alleged various negative environmental impacts from reduced water flow. In addition, the states’ quasi-sovereign interests” entitles them to “special solicitude” in standing analysis. See Massachusetts v. EPA, 127 S. Ct. 1438, 1455 (2007). To the extent the Agreement provides that “entering into the storage contracts described in this Agreement . . . potentially gives rise to certain obligations under NEPA,” Agreement at 14, any attendant delay due to the Corps’ compliance with NEPA does not affect the imminence of the claimed injury. The Agreement commits the Corps to use its “best efforts to complete any applicable requirements of NEPA 2 The court, therefore, has no occasion to consider whether Alabama and Florida would have standing to challenge the Agreement as “seriously affect[ing]” the original Congressionally authorized purposes of Lake Lanier. Cf. Opinion Concurring in the Judgment (hereinafter, Concurring Op.) at 3. 12 as expeditiously as practicable.” Id.; cf. Massachusetts, 127 S.Ct. at 1456. In addition, the Agreement states that its NEPA compliance provision “does not apply to the Supplement to",citation-anchor-without-directional-language,high,1,cadc|2008-02-05|docket:065080065081
courtlistener-environmental-scotus-citation-events,massachusetts-v-epa-2007:1462913,https://www.courtlistener.com/opinion/1462913/canadian-lumber-trade-alliance-v-united-states/,lower-court-doctrinal-uptake,United States federal courts,549 U.S. 497 (2007),2007-04-02,Supreme Court of the United States,Massachusetts v. EPA,merits statutory judicial-review decision,2008-02-25,Court of Appeals for the Federal Circuit,unclear,2008-02-25,unclear,unclear,,,,,,,,,,,,"2006-1622, 2006-1625, 2006-1626, 2006-1627, 2006-1636, 2006-1648",,,,,,"published CourtListener citation-linked U.S. federal circuit and district opinion documents filed in the fixed 730-day post-decision window, after documented provider-cluster deduplication",1,"Citation-linked doctrinal-treatment event. A zero-citation circuit is no observed event, not ignored precedent or noncompliance. The treatment value is an automated candidate flag pending expert legal review. CourtListener's published-opinion coverage is not an all-case opportunity denominator.",massachusetts-v-epa-2007,549 U.S. 497 (2007),2007-04-03,2009-04-01,1462913,1462913,1462913,combined-opinion,cafc,Fed. Cir.,Canadian Lumber Trade Alliance v. United States,,1027248,Published,517 F.3d 1319; 2008 WL 482605,cafc,unavailable,,no_document_url_in_search_result,,1,"517 F.3d 1319 (2008) CANADIAN LUMBER TRADE ALLIANCE, Plaintiff-Appellee, and Norsk Hydro Canada, Inc., Plaintiff-Appellee, and Canadian Wheat Board, Plaintiff-Appellee, and Government of Canada, Plaintiff-Cross Appellant, and Ontario Forest Industries Association, Ontario Lumber Manufacturers Association, and The Free Trade Lumber Council, Plaintiffs-Appellees, v. UNITED STATES, Defendant-Appellant, and Coalition for Fair Lumb",,public-full-text-unavailable,low,1,cafc|2008-02-25|docket:200616222006162520061626200616272006163620061648
courtlistener-environmental-scotus-citation-events,massachusetts-v-epa-2007:1479061,https://www.courtlistener.com/opinion/1479061/cg-v-pennsylvania-department-of-education/,lower-court-doctrinal-uptake,United States federal courts,549 U.S. 497 (2007),2007-04-02,Supreme Court of the United States,Massachusetts v. EPA,merits statutory judicial-review decision,2008-02-25,"District Court, M.D. Pennsylvania",unclear,2008-02-25,unclear,unclear,,,,,,,,,,,,Civil Action 1:06-CV-1523,,,,,,"published CourtListener citation-linked U.S. federal circuit and district opinion documents filed in the fixed 730-day post-decision window, after documented provider-cluster deduplication",1,"Citation-linked doctrinal-treatment event. A zero-citation circuit is no observed event, not ignored precedent or noncompliance. The treatment value is an automated candidate flag pending expert legal review. CourtListener's published-opinion coverage is not an all-case opportunity denominator.",massachusetts-v-epa-2007,549 U.S. 497 (2007),2007-04-03,2009-04-01,1479061,1479061,1479061,combined-opinion,pamd,M.D. Penn.,CG v. Pennsylvania Department of Education,"CG, Et Al., Plaintiffs v. the Commonwealth of PENNSYLVANIA DEPARTMENT OF EDUCATION and Gerald Zahorchak, Defendants",1623116,Published,547 F. Supp. 2d 422; 2008 U.S. Dist. LEXIS 14172,ca3,unavailable,,no_document_url_in_search_result,,1,"547 F.Supp.2d 422 (2008) CG, et al., Plaintiffs v. The Commonwealth of PENNSYLVANIA DEPARTMENT OF EDUCATION and Gerald Zahorchak, Defendants. Civil Action No. 1:06-CV-1523. United States District Court, M.D. Pennsylvania. February 25, 2008. *425 Evalynn B. Welling, Margaret W. Schuetz, Community Justice Project, Pittsburgh, PA, S",,public-full-text-unavailable,low,1,pamd|2008-02-25|docket:civilaction106cv1523
courtlistener-environmental-scotus-citation-events,massachusetts-v-epa-2007:187115,https://www.courtlistener.com/opinion/187115/st-johns-united-church-of-christ-v-federal-aviation-administration/,lower-court-doctrinal-uptake,United States federal courts,549 U.S. 497 (2007),2007-04-02,Supreme Court of the United States,Massachusetts v. EPA,merits statutory judicial-review decision,2008-03-21,Court of Appeals for the D.C. Circuit,cited_context_only,2008-03-21,unclear,unclear,,,,,,,,,,,,06-1386,,,,,,"published CourtListener citation-linked U.S. federal circuit and district opinion documents filed in the fixed 730-day post-decision window, after documented provider-cluster deduplication",1,"Citation-linked doctrinal-treatment event. A zero-citation circuit is no observed event, not ignored precedent or noncompliance. The treatment value is an automated candidate flag pending expert legal review. CourtListener's published-opinion coverage is not an all-case opportunity denominator.",massachusetts-v-epa-2007,549 U.S. 497 (2007),2007-04-03,2009-04-01,187115,187115,187115,combined-opinion,cadc,D.C. Cir.,St. John's United Church of Christ v. Federal Aviation Administration,"ST. JOHN’S UNITED CHURCH OF CHRIST, Et Al., Petitioners v. FEDERAL AVIATION ADMINISTRATION and Marion C. Blakely, Administrator, Respondents City of Chicago, Intervenor for Respondent",547012,Published,520 F.3d 460; 380 U.S. App. D.C. 253; 2008 U.S. App. LEXIS 5891; 2008 WL 746526,cadc,available,https://storage.courtlistener.com/pdf/2008/03/21/St_Johns_United_Chch_v._FAA.pdf,,,1,"520 F.3d 460 (2008) ST. JOHN'S UNITED CHURCH OF CHRIST, et al., Petitioners v. FEDERAL AVIATION ADMINISTRATION and Marion C. Blakely, Administrator, Respondents City of Chicago, Intervenor for Respondent. No. 06-1386. United States Court of Appeals, District of Columbia Circuit. Argued February 11, 2008. Decided March 21, 2008.","lion grant. However, petitioners argue that re- dressability conditions have changed because of a $400 mil- lion cost overrun and the majority-in-interest airlines refusing Chicago’s request to issue more bonds. Thus, according to petitioners, if the court overturns AIP and PFC funding, Chi- cago can no longer replace that funding. Petitioners again err by adding the PFC authorization and the LOI to the single AIP grant they challenge here. Moreover, they have not shown a “substantial probability” that Chicago would scrap the O’Hare project if the court vacated the $29.3 million grant. Petitioners claim they need not demonstrate such “high probability” of redressability because 49 U.S.C. § 46110(a) and RFRA gives them a “procedural right” to protect their interests, which they may assert “without meeting all the normal standards for redressability and immediacy,” Massa- chusetts v. EPA, 127 S. Ct. 1438, 1453 (2007) (quoting Lujan v. Defenders of Wildlife, 504 U.S. 555, 573 n.7 (1992)). However, that rule applies only when a party challenging an agency’s procedural failure cannot “establish with any cer- tainty” that the agency would reach a different decision. Lujan, 504 U.S. at 573 n.7; see also Fla. Audubon Soc’y v. Bentsen, 94 F.3d 658, 664 (D.C. Cir. 1996). But the redress- ability obstacle the petitioners face is uncertainty over what Chicago would do—not the FAA. Thus, the petitioners must 7 satisfy the normal standard for redressability. They have not. “[I]t is entirely conjectural whether the nonagency activity that affects [petitioners] will be altered or affected by the agency activity they seek to” overturn. Lujan, 504 U.S. at 571 (plurality opinion). III Petitioners have not shown that the single $29.3 million grant has caused their injuries, or that the court can redress ",citation-anchor-without-directional-language,high,1,cadc|2008-03-21|docket:061386
courtlistener-environmental-scotus-citation-events,massachusetts-v-epa-2007:1460897,https://www.courtlistener.com/opinion/1460897/nyunt-v-tomlinson/,lower-court-doctrinal-uptake,United States federal courts,549 U.S. 497 (2007),2007-04-02,Supreme Court of the United States,Massachusetts v. EPA,merits statutory judicial-review decision,2008-03-21,"District Court, District of Columbia",unclear,2008-03-21,unclear,unclear,,,,,,,,,,,,Civil Action 06-1152 (JDB),,,,,,"published CourtListener citation-linked U.S. federal circuit and district opinion documents filed in the fixed 730-day post-decision window, after documented provider-cluster deduplication",1,"Citation-linked doctrinal-treatment event. A zero-citation circuit is no observed event, not ignored precedent or noncompliance. The treatment value is an automated candidate flag pending expert legal review. CourtListener's published-opinion coverage is not an all-case opportunity denominator.",massachusetts-v-epa-2007,549 U.S. 497 (2007),2007-04-03,2009-04-01,1460897,1460897,1460897,combined-opinion,dcd,D.D.C.,Nyunt v. Tomlinson,"Kyaw Zaw NYUNT, Plaintiff, v. Kenneth Y. TOMLINSON, Chairman, Broadcasting Board of Governors, Defendant",1618910,Published,543 F. Supp. 2d 25; 2008 U.S. Dist. LEXIS 22036; 2008 WL 754860,cadc,unavailable,,no_document_url_in_search_result,,1,"(2008) Kyaw Zaw NYUNT, Plaintiff, v. Kenneth Y. TOMLINSON, Chairman, Broadcasting Board of Governors, Defendant. Civil Action No. 06-1152 (JDB). United States District Court, District of Columbia. March 21, 2008. MEMORANDUM OPINION JOHN D. BATES, District Judge. Plaintiff Kyaw Zaw Nyunt brings this action against defendant Kenneth Y. T",,public-full-text-unavailable,low,1,dcd|2008-03-21|docket:civilaction061152jdb
courtlistener-environmental-scotus-citation-events,massachusetts-v-epa-2007:3051866,https://www.courtlistener.com/opinion/3051866/doran-v-7-eleven-inc/,lower-court-doctrinal-uptake,United States federal courts,549 U.S. 497 (2007),2007-04-02,Supreme Court of the United States,Massachusetts v. EPA,merits statutory judicial-review decision,2008-05-02,Court of Appeals for the Ninth Circuit,cited_context_only,2008-05-02,unclear,unclear,,,,,,,,,,,,05-56439,,,,,,"published CourtListener citation-linked U.S. federal circuit and district opinion documents filed in the fixed 730-day post-decision window, after documented provider-cluster deduplication",1,"Citation-linked doctrinal-treatment event. A zero-citation circuit is no observed event, not ignored precedent or noncompliance. The treatment value is an automated candidate flag pending expert legal review. CourtListener's published-opinion coverage is not an all-case opportunity denominator.",massachusetts-v-epa-2007,549 U.S. 497 (2007),2007-04-03,2009-04-01,3051866,1195457;3051866,3051866,combined-opinion,ca9,9th Cir.,Doran v. 7-Eleven Inc,,2909292,Published,,ca9,available,https://storage.courtlistener.com/pdf/2008/05/02/doran_v._7-eleven_inc.pdf,,,1,"FOR PUBLICATION UNITED STATES COURT OF APPEALS FOR THE NINTH CIRCUIT JERRY DORAN,  No. 05-56439 Plaintiff-Appellant, D.C. No. v.  CV-04-01125-JVS 7-ELEVEN, INC., d/b/a 7-ELEVEN; ORDER AND SOUTHLAND CORP., OPINION","her note that our holding today is fully consistent with the Supreme Court’s Article III standing discourse. In Sierra Club v. Morton, the Supreme Court emphasized that “the ‘injury in fact’ test . . . requires that the party seeking review be himself among the injured.” 405 U.S. 727, 734-35 (1972), quoted in Lujan, 504 U.S. at 563. In this case, there is no doubt that Doran is one of those injured by all of the bar- DORAN v. 7-ELEVEN, INC. 4821 riers that impede a wheelchair user’s access to and full enjoy- ment of the North Harbor 7-Eleven store.7 The Supreme Court has repeatedly instructed that “ ‘the gist of the question of standing’ is whether [the plaintiff has] ‘such a personal stake in the outcome of the controversy as to assure that concrete adverseness which sharpens the presentation of issues upon which the court so largely depends for illumination.’ ” Massa- chusetts v. EPA, 127 S. Ct. 1438, 1453 (2007) (quoting Baker v. Carr, 369 U.S. 186, 204 (1962)). Even if a disabled plain- tiff did not know about certain barriers when the plaintiff first filed suit, that plaintiff will have a “personal stake in the out- come of the controversy” so long as his or her suit is limited to barriers related to that person’s particular disability. See id. 2 [6] This question regarding the breadth of Doran’s right to sue also implicates the prudential aspects of the standing doc- trine. See Bennett, 520 U.S. at 164; Warth, 422 U.S. at 499; Wilson v. Pier 1 Imports (US), Inc., 413 F. Supp. 2d 1130, 1135 (E.D. Cal. 2006). “[P]rudential standing . . . embodies judicially self-imposed limits on the exercise of federal juris- diction.” Elk Grove Unified Sch. Dist. v. Newdow, 542 U.S. 1, 11 (2004). These limits include “the general prohibition on a litigant’s raising another person’s legal rights,",citation-anchor-without-directional-language,high,1,ca9|2008-05-02|docket:0556439
courtlistener-environmental-scotus-citation-events,massachusetts-v-epa-2007:3051996,https://www.courtlistener.com/opinion/3051996/sierra-forest-legacy-v-rey/,lower-court-doctrinal-uptake,United States federal courts,549 U.S. 497 (2007),2007-04-02,Supreme Court of the United States,Massachusetts v. EPA,merits statutory judicial-review decision,2008-05-14,Court of Appeals for the Ninth Circuit,cited_context_only,2008-05-14,unclear,unclear,,,,,,,,,,,,07-16892,,,,,,"published CourtListener citation-linked U.S. federal circuit and district opinion documents filed in the fixed 730-day post-decision window, after documented provider-cluster deduplication",1,"Citation-linked doctrinal-treatment event. A zero-citation circuit is no observed event, not ignored precedent or noncompliance. The treatment value is an automated candidate flag pending expert legal review. CourtListener's published-opinion coverage is not an all-case opportunity denominator.",massachusetts-v-epa-2007,549 U.S. 497 (2007),2007-04-03,2009-04-01,3051996,3051996,3051996,combined-opinion,ca9,9th Cir.,Sierra Forest Legacy v. Rey,,2909422,Published,,ca9,available,https://storage.courtlistener.com/pdf/2008/05/14/sierra_forest_legacy_v._rey.pdf,,,1,"FOR PUBLICATION UNITED STATES COURT OF APPEALS FILED FOR THE NINTH CIRCUIT MAY 14 2008 MOLLY C. DWYER, CLERK U .S. C O U R T OF APPE ALS CENTER FOR BIOLOGICAL No. 07-16892 DIVERSITY; NATURAL RESOURCES DEFENSE COUNCIL, INC.; SIERRA","he species as a whole has been classified as “sensitive” by the Forest Service. The proposed logging will not destroy the species. What it will do is reduce its established habitat. The possibility that this reduction in its range will irreparably damage the sensitive species cannot be dismissed. Postponement of the Forest Service plans may increase the danger posed by fires; but the Forest Service and Congress do not appear helpless to find the funds to decrease the dangers. The question we address here is whether USFS’s choice of funding for fire reduction – rather than fire reduction itself – outweighs California’s preservation interests. We conclude that it does not, given that 11 “special solicitude” should be afforded California’s stake in its natural resources and that the Forest Service did not consider alternatives to its choice of funding. Massachusetts v. Envtl. Prot. Agency, 127 S. Ct. 1438, 1454-55 (2007). Public interests are further implicated: the importance of preserving the environment and of enforcing the law intended to preserve it. See Amoco Prod. Co. v. Vill. of Gambell, 480 U.S. 531, 545 (1987). For the reasons stated, the judgment of the district court is REVERSED and the three proposed projects are preliminarily enjoined to the extent that they are inconsistent with the 2001 FEIS. The case is REMANDED for further proceedings in accordance with this opinion. 12 FILED MAY 14 2008 MOLLY C. DWYER, CLERK U .S. C O U R T OF APPE ALS NOONAN, Circuit Judge, concurring: Impaired Impartiality. That judges cannot supplement their salaries, however inadequate they may be, by imposing fines provided by law on those convicted of lawbreaking seems to be a pretty elementary principle of justice. Yet the civilized state of Ohio and the Supreme Court of that state saw nothing t",citation-anchor-without-directional-language,high,1,ca9|2008-05-14|docket:0716892
courtlistener-environmental-scotus-citation-events,massachusetts-v-epa-2007:3052016,https://www.courtlistener.com/opinion/3052016/sierra-forest-v-ray-et/,lower-court-doctrinal-uptake,United States federal courts,549 U.S. 497 (2007),2007-04-02,Supreme Court of the United States,Massachusetts v. EPA,merits statutory judicial-review decision,2008-05-15,Court of Appeals for the Ninth Circuit,cited_context_only,2008-05-15,unclear,unclear,,,,,,,,,,,,07-16892,,,,,,"published CourtListener citation-linked U.S. federal circuit and district opinion documents filed in the fixed 730-day post-decision window, after documented provider-cluster deduplication",1,"Citation-linked doctrinal-treatment event. A zero-citation circuit is no observed event, not ignored precedent or noncompliance. The treatment value is an automated candidate flag pending expert legal review. CourtListener's published-opinion coverage is not an all-case opportunity denominator.",massachusetts-v-epa-2007,549 U.S. 497 (2007),2007-04-03,2009-04-01,3052016,1190109;3052016,3052016,combined-opinion,ca9,9th Cir.,Sierra Forest v. Ray Et,,2909442,Published,,ca9,available,https://storage.courtlistener.com/pdf/2008/05/15/sierra_forest_v._ray_et.pdf,,,1,"FOR PUBLICATION UNITED STATES COURT OF APPEALS FOR THE NINTH CIRCUIT CENTER FOR BIOLOGICAL DIVERSITY;  NATURAL RESOURCES DEFENSE COUNCIL, INC.; SIERRA CLUB; THE WILDERNESS SOCIETY, Plaintiffs-Appellants, SIERRA FOREST LEGACY, Intervenor-Appellant, v. MARK REY, in his official capacity as Under Secretary of Agriculture; ABIGAIL KIMBELL, in her official No. 07-16892 capacity as Chief of the United States","ied as “sensi- tive” by the Forest Service. The proposed logging will not destroy the species. What it will do is reduce its established habitat. The possibility that this reduction in its range will irreparably damage the sensitive species cannot be dismissed. [6] Postponement of the Forest Service plans may increase the danger posed by fires; but the Forest Service and Congress do not appear helpless to find the funds to decrease the dan- gers. The question we address here is whether USFS’s choice of funding for fire reduction — rather than fire reduction itself — outweighs California’s preservation interests. We conclude that it does not, given that “special solicitude” should be afforded California’s stake in its natural resources and that the Forest Service did not consider alternatives to its choice of SIERRA FOREST LEGACY v. REY 5779 funding. Massachusetts v. Envtl. Prot. Agency, 127 S. Ct. 1438, 1454-55 (2007). Public interests are further implicated: the importance of preserving the environment and of enforcing the law intended to preserve it. See Amoco Prod. Co. v. Vill. of Gambell, 480 U.S. 531, 545 (1987). [7] For the reasons stated, we REVERSE the district court’s denial of a preliminary injunction and REMAND with instructions to grant immediately a preliminary injunction on the three proposed projects to the extent that they are incon- sistent with the 2001 FEIS. NOONAN, Circuit Judge, concurring: Impaired Impartiality. That judges cannot supplement their salaries, however inadequate they may be, by imposing fines provided by law on those convicted of lawbreaking seems to be a pretty elementary principle of justice. Yet the civilized state of Ohio and the Supreme Court of that state saw nothing to object to in the practice until the Supreme Court of the United States una",citation-anchor-without-directional-language,high,1,ca9|2008-05-15|docket:0716892
courtlistener-environmental-scotus-citation-events,massachusetts-v-epa-2007:170799,https://www.courtlistener.com/opinion/170799/utah-ex-rel-div-of-foresty-fire-state-v-united-states/,lower-court-doctrinal-uptake,United States federal courts,549 U.S. 497 (2007),2007-04-02,Supreme Court of the United States,Massachusetts v. EPA,merits statutory judicial-review decision,2008-06-04,Court of Appeals for the Tenth Circuit,cited_context_only,2008-06-04,unclear,unclear,,,,,,,,,,,,06-4062,,,,,,"published CourtListener citation-linked U.S. federal circuit and district opinion documents filed in the fixed 730-day post-decision window, after documented provider-cluster deduplication",1,"Citation-linked doctrinal-treatment event. A zero-citation circuit is no observed event, not ignored precedent or noncompliance. The treatment value is an automated candidate flag pending expert legal review. CourtListener's published-opinion coverage is not an all-case opportunity denominator.",massachusetts-v-epa-2007,549 U.S. 497 (2007),2007-04-03,2009-04-01,170799,170799,170799,combined-opinion,ca10,10th Cir.,"Utah Ex Rel. Div. of Foresty, Fire & State v. United States","State of UTAH, by and Through Its DIVISION OF FORESTRY, FIRE & STATE LANDS, Plaintiff-Appellee, Utah Lake Users; National Audubon Society; Great Salt Lake Audubon, Utah Council of Trout Unlimited; Sam Rushforth; Glenn Foreman, Plaintiffs-Intervenors-Appellees, v. UNITED STATES of America; Department of the Interior, BLM; United States Department of the Interior Bureau of Reclamation; Eluid Martinez, in His Official Capacity as Commissioner; U.S. Army Corp of Engineers; Brooks Carter, in His Official Capacity as Chief, Utah Regulatory Office; Richard W. Davis; Col. Dorothy F. Klasse, in Her Official Capacity as District Engineer; Carol M. Lee; Carol J. Lee; Alton M. Lee; A. Maughn Lee; Don F. Ensign; John M. Hailes, Pauline P. Hailes; Susan L. Bastian, Dick E. Bastian, Havergal Green, a Limited Partnership; Phyllis Ensign; Donna C. Jacobson; Phillip R. Green; Rodger D. Grange; Rhonda L. Grange; Charles Garner; Alma L. Earl; Robert C. Beverly; Carol Beverly; Nathan B. Johnson; Donna S. Johnson; Joann G. Jones; Reva Smith; A. Doyle Smith; Colleen P. Ohran; Venice C. Gammon, Trustee of the Venice C. Gammon Revocable Trust; J. Rulon Gammon, Trustee of the J. Rulon Gammon Revocable Trust; Pauline G. Pugh; Fowers Fruit Ranch; Mary B. Herbert; James S. Evans; Floyd H. Evans; Peggy F. Bishop; Lisa Dombrosky; Daniel R. Bishop; Carolyn Everett; Roy B. Monk, Trustee of the Monk Family Trust; Williamson Farms; Kingsbury Wildlife Farms; The Great Stock Company of Vast International Import; Jerald L. Cross; Laurie Cross; Beth W. Clegg; Robert H. Herbert; Gray Lowery; Mac Carter; Nancy Carter; Gaylen W. Brown; Norma S. Smith; Waldo Company; White Eagle Farms; Valum and Vataval; Harbour Links Association; Keith Y. Barney; Isabelle J. Barney; Geneva Steel; Steve Bunker; Allen C. Christensen; Wayne A. Christensen; Darrel L. Clegg; Darrel Lewis Clegg; Allen C. Cox; Crandall Properties; Durrant, Winnifred H. Family Limited Partnership; Donald P. Ensign; Susan S. Evans; Merlene S. Evans, Don Green; Howard F. Hatch; George M. Hinckley; Nita J. Hinckley; Daniel Milton Holdaway; Keith R. Holdway; Joni v. Holdaway; J L.C., a Utah Limited Liability Company; Robert G. Jacobson; Edward D. Johnson; Wanda L. Johnson; Evan Johnson; Dorthy H. Scott; Verlon Terry Scott; Leonard C. Simpson; Swanny L. Simpson; Ersel O. Steele; E. Leon Stubbs; Bonnie J. Stubbs; Peter S. Uluave; Sheryl D. Uluave; Dan R. Williams; Karen W. Williams; Dean S. Willies; Leatrice M. Willies; Claudia Wright; David Wright; Janet B. Youd, Dixie B. Fenn; Beverly D. Davis; B. Niel Christensen, Landowner; Beth Holdway, Landowner; Federal DFTS., Federal Dfts. Consists of USA, DOI/BLM, RECLAM, Eluid Martinez, U.S. Army Corp of Eng(T), Dorothy F. Klasse(T), Brooks Carter(T), and Sally Wisely; Landowner DFTS; Sally E. Wisely, Utah State Director of the Bureau of Land Management, DOI, Defendants, and Clinger Family Partnership, Defendant-Appellant",1590648,Published,528 F.3d 712; 70 Fed. R. Serv. 3d 1222; 2008 U.S. App. LEXIS 11936; 2008 WL 2265249,ca10,available,https://storage.courtlistener.com/pdf/2008/06/04/State_of_Utah_vs._United_States.pdf,,,1,"528 F.3d 712 (2008) State Of UTAH, by and through its DIVISION OF FORESTRY, FIRE & STATE LANDS, Plaintiff-Appellee, Utah Lake Users; National Audubon Society; Great Salt Lake Audubon, Utah Council of Trout Unlimited; Sam Rushforth; Glenn Foreman, Plaintiffs-Intervenors-Appellees, v. UNITED STATES of America; Department of the Interior, BLM; United States Department of the Interior Bureau of Reclamation; Eluid Martinez, in his official cap","nt. Habecker v. Town of Estes Park, Colo., 518 F.3d 1217, 1223 (10th Cir. 2008). The requirement that a party have standing “serves to ensure that the plaintiff is a proper party to invoke judicial resolution of the dispute.” Id. (quoting Warth v. Seldin, 422 U.S. 490, 518 (1975)). To demonstrate Article III standing, a plaintiff must establish (1) an injury in fact; (2) a causal connection between the injury and the conduct complained of; and (3) a likelihood that the injury will be redressed by a favorable decision. Lujan v. Defenders of Wildlife, 504 U.S. 555, 561 (1992). The injury must involve a legally protected interest that is “(a) concrete and particularized, and (b) actual or imminent, not conjectural or hypothetical.” Id. Importantly, “[s]tates are not normal litigants for the purposes of federal jurisdiction” and are “entitled to special solicitude in our standing analysis.” Massachusetts v. E.P.A., 127 S. Ct. 1438, 1454-55 (2007). Although Article III standing is a question of federal law, state law may create the asserted legal interest. Swanson v. Bixler, 750 F.2d 810, 813-14 (10th Cir. 1984) (analyzing state law in a diversity case to determine whether the plaintiff had standing); see also Cantrell v. City of Long Beach, 241 F.3d 674, 684 (9th Cir. 2001) (“[S]tate law can create interests that support standing in federal courts.”). Here, Utah’s quiet title claim against the Clingers arises under -18- Utah law. “[A] quiet title action, as its name connotes, is one to quiet an existing title against an adverse or hostile claim of another. . . . One seeking such equitable relief must allege title, entitlement to possession, and that the estate or interest claimed by others is adverse or hostile to the alleged claims of title or interest.” Utah Dep’t of Soc. Servs. v. Santiago, 59 […] stes Park, Colo., 518 F.3d 1217, 1223 (10th Cir. 2008). The requirement that a party have standing “serves to ensure that the plaintiff is a proper party to invoke judicial resolution of the dispute.” Id. (quoting Warth v. Seldin, 422 U.S. 490, 518 (1975)). To demonstrate Article III standing, a plaintiff must establish (1) an injury in fact; (2) a causal connection between the injury and the conduct complained of; and (3) a likelihood that the injury will be redressed by a favorable decision. Lujan v. Defenders of Wildlife, 504 U.S. 555, 561 (1992). The injury must involve a legally protected interest that is “(a) concrete and particularized, and (b) actual or imminent, not conjectural or hypothetical.” Id. Importantly, “[s]tates are not normal litigants for the purposes of federal jurisdiction” and are “entitled to special solicitude in our standing analysis.” Massachusetts v. E.P.A., 127 S. Ct. 1438, 1454-55 (2007). Although Article III standing is a question of federal law, state law may create the asserted legal interest. Swanson v. Bixler, 750 F.2d 810, 813-14 (10th Cir. 1984) (analyzing state law in a diversity case to determine whether the plaintiff had standing); see also Cantrell v. City of Long Beach, 241 F.3d 674, 684 (9th Cir. 2001) (“[S]tate law can create interests that support standing in federal courts.”). Here, Utah’s quiet title claim against the Clingers arises under -18- Utah law. “[A] quiet title action, as its name connotes, is one to quiet an existing title against an adverse or hostile claim of another. . . . One seeking such equitable relief must allege title, entitlement to possession, and that the estate or interest claimed by others is adverse or hostile to the alleged claims of title or interest.” Utah Dep’t of Soc. Servs. v. Santiago, 590 P.2d 335, 337-3",citation-anchor-without-directional-language,high,1,ca10|2008-06-04|docket:064062
courtlistener-environmental-scotus-citation-events,massachusetts-v-epa-2007:78056,https://www.courtlistener.com/opinion/78056/miami-dade-county-v-united-states-environmental-protection-agency/,lower-court-doctrinal-uptake,United States federal courts,549 U.S. 497 (2007),2007-04-02,Supreme Court of the United States,Massachusetts v. EPA,merits statutory judicial-review decision,2008-06-06,Court of Appeals for the Eleventh Circuit,cited_context_only,2008-06-06,unclear,unclear,,,,,,,,,,,,"06-10551, 06-10574, 06-10575, 06-10576, 06-10579 and 06-10583",,,,,,"published CourtListener citation-linked U.S. federal circuit and district opinion documents filed in the fixed 730-day post-decision window, after documented provider-cluster deduplication",1,"Citation-linked doctrinal-treatment event. A zero-citation circuit is no observed event, not ignored precedent or noncompliance. The treatment value is an automated candidate flag pending expert legal review. CourtListener's published-opinion coverage is not an all-case opportunity denominator.",massachusetts-v-epa-2007,549 U.S. 497 (2007),2007-04-03,2009-04-01,78056,78056,78056,combined-opinion,ca11,11th Cir.,Miami-Dade County v. United States Environmental Protection Agency,"MIAMI-DADE COUNTY, a Political Subdivision of the State of Florida, Petitioner, v. THE UNITED STATES ENVIRONMENTAL PROTECTION AGENCY, Stephen L. Johnson, Administrator, U.S. Environmental Protection Agency, Respondents; City of Cooper City, Florida, a Municipal Corporation, Petitioner, v. the United States Environmental Protection Agency, Stephen L. Johnson, Administrator, U.S. Environmental Protection Agency, Respondents; City of Miramar, Florida, a Municipal Corporation, Petitioner, v. the United States Environmental Protection Agency, Stephen L. Johnson, Administrator, U.S. Environmental Protection Agency, Respondents; City of Sunrise, a Municipal Corporation, E. Central Regional Wastewater Treatment Facilities Operation Board, an Interlocal Entity Created Pursuant to Section 163.01, Et. Seq., Fla. Stat., Petitioners, v. the United States Environmental Protection Agency, Stephen L. Johnson, Administrator, U.S. Environmental Protection Agency, Respondents; Sierra Club, Petitioner, v. the United States Environmental Protection Agency, Stephen L. Johnson, Administrator, U.S. Environmental Protection Agency, Respondents; City of Margate, FL, Petitioner, v. the United States Environmental Protection Agency, Stephen L. Johnson, Administrator, U.S. Environmental Protection Agency, Respondents",666104,Published,529 F.3d 1049,ca11,available,https://storage.courtlistener.com/pdf/2008/06/06/Miami-Dade_County_v._U.S._EPA.pdf,,,1,"529 F.3d 1049 (2008) MIAMI-DADE COUNTY, a political subdivision of the State of Florida, Petitioner, v. THE UNITED STATES ENVIRONMENTAL PROTECTION AGENCY, Stephen L. Johnson, Administrator, U.S. Environmental Protection Agency, Respondents. City of Cooper City, Florida, a municipal corporation, Petitioner, v. The United States Environmental Protection Agency, Stephen L. Johnson, Administrator, U.S. Environmental Protection Agency, Res","courts must be “extremely deferential” when an agency’s decision rests on the evaluation of complex scientific data within the agency’s technical expertise. New York v. Reilly, 969 F.2d 1147, 1152 (D.C. Cir. 1992). In such a situation, although a reviewing court may not “rubber stamp” an agency decision, it “‘must look at the [agency’s] decision not as the chemist, biologist, or statistician that [it is] qualified neither by training nor experience to be, but as a reviewing court exercising . . . certain minimal standards of rationality.’” Chemical Mfrs. Ass’n v. EPA, 870 F.2d 177, 199-200 (5th Cir. 1989) (quoting Am. Paper Inst. v. EPA, 660 F.2d 954, 963 (4th Cir. 1981) (quoting Ethyl Corp., 541 F.2d at 36-37)). Further, the EPA is compelled to exercise its judgment in the face of scientific uncertainty unless that uncertainty is so profound that it precludes any reasoned judgment. See Massachusetts v. EPA, __ U.S. __, __,127 S. Ct. 1438, 1463 (2007) (recognizing this obligation in the context of the uncertainty concerning global climate change). Even “probative preliminary data not yet certifiable as ‘fact’” may provide an appropriate basis for promulgation of 35 regulations. Ethyl, 541 F.2d at 28. Generally, “it is only when a model bears no rational relationship to the characteristics of the data to which it is applied that we will hold that the use of the model was arbitrary and capricious.” Appalachian Power Co. v. EPA, 135 F.3d 791, 802 (D.C. Cir. 1998) (per curiam). Just decades – less than an instant in geologic time – after the EPA first promulgated its regulations under the SDWA, it became apparent that the no-fluid- movement standard was not viable after all for many parts of southern Florida. Fluid movement resulting from the operation of certain Class I wells was violating ap […] ” when an agency’s decision rests on the evaluation of complex scientific data within the agency’s technical expertise. New York v. Reilly, 969 F.2d 1147, 1152 (D.C. Cir. 1992). In such a situation, although a reviewing court may not “rubber stamp” an agency decision, it “‘must look at the [agency’s] decision not as the chemist, biologist, or statistician that [it is] qualified neither by training nor experience to be, but as a reviewing court exercising . . . certain minimal standards of rationality.’” Chemical Mfrs. Ass’n v. EPA, 870 F.2d 177, 199-200 (5th Cir. 1989) (quoting Am. Paper Inst. v. EPA, 660 F.2d 954, 963 (4th Cir. 1981) (quoting Ethyl Corp., 541 F.2d at 36-37)). Further, the EPA is compelled to exercise its judgment in the face of scientific uncertainty unless that uncertainty is so profound that it precludes any reasoned judgment. See Massachusetts v. EPA, __ U.S. __, __,127 S. Ct. 1438, 1463 (2007) (recognizing this obligation in the context of the uncertainty concerning global climate change). Even “probative preliminary data not yet certifiable as ‘fact’” may provide an appropriate basis for promulgation of 35 regulations. Ethyl, 541 F.2d at 28. Generally, “it is only when a model bears no rational relationship to the characteristics of the data to which it is applied that we will hold that the use of the model was arbitrary and capricious.” Appalachian Power Co. v. EPA, 135 F.3d 791, 802 (D.C. Cir. 1998) (per curiam). Just decades – less than an instant in geologic time – after the EPA first promulgated its regulations under the SDWA, it became apparent that the no-fluid- movement standard was not viable after all for many parts of southern Florida. Fluid movement resulting from the operation of certain Class I wells was violating applicable UIC regulations. Since ",citation-anchor-without-directional-language,high,1,ca11|2008-06-06|docket:06105510610574061057506105760610579and0610583
courtlistener-environmental-scotus-citation-events,massachusetts-v-epa-2007:1454609,https://www.courtlistener.com/opinion/1454609/el-paso-independent-school-district-v-richard-r-ex-rel-rr/,lower-court-doctrinal-uptake,United States federal courts,549 U.S. 497 (2007),2007-04-02,Supreme Court of the United States,Massachusetts v. EPA,merits statutory judicial-review decision,2008-07-14,"District Court, W.D. Texas",unclear,2008-07-14,unclear,unclear,,,,,,,,,,,,2:07-mj-00125,,,,,,"published CourtListener citation-linked U.S. federal circuit and district opinion documents filed in the fixed 730-day post-decision window, after documented provider-cluster deduplication",1,"Citation-linked doctrinal-treatment event. A zero-citation circuit is no observed event, not ignored precedent or noncompliance. The treatment value is an automated candidate flag pending expert legal review. CourtListener's published-opinion coverage is not an all-case opportunity denominator.",massachusetts-v-epa-2007,549 U.S. 497 (2007),2007-04-03,2009-04-01,1454609,1454609,1454609,combined-opinion,txwd,W.D. Tex.,El Paso Independent School District v. Richard R. Ex Rel R.R.,"EL PASO INDEPENDENT SCHOOL DISTRICT, Plaintiff, v. RICHARD R., as Next Friend of R.R., Et Al., Defendants; R.R., by His Next Friend of E.R., Plaintiffs, v. El Paso Independent School District, Defendant",1015100,Published,567 F. Supp. 2d 918; 2008 U.S. Dist. LEXIS 62912; 2008 WL 2908828,ca5,unavailable,,no_document_url_in_search_result,,1,"(2008) EL PASO INDEPENDENT SCHOOL DISTRICT, Plaintiff, v. RICHARD R., as next friend of R.R., et al., Defendants. R.R., by his next friend of E.R., Plaintiffs, v. El Paso Independent School District, Defendant. No. EP-07-CV-00125-KC. United States District Court, W.D. Texas, El Paso Division. July 14, 2008. ORDER KATHLEEN",,public-full-text-unavailable,low,1,txwd|2008-07-14|docket:207mj00125
courtlistener-environmental-scotus-citation-events,massachusetts-v-epa-2007:3036763,https://www.courtlistener.com/opinion/3036763/cbs-corp-v-federal-communications-commission/,lower-court-doctrinal-uptake,United States federal courts,549 U.S. 497 (2007),2007-04-02,Supreme Court of the United States,Massachusetts v. EPA,merits statutory judicial-review decision,2008-07-21,Court of Appeals for the Third Circuit,cited_context_only,2008-07-21,unclear,unclear,,,,,,,,,,,,06-3575,,,,,,"published CourtListener citation-linked U.S. federal circuit and district opinion documents filed in the fixed 730-day post-decision window, after documented provider-cluster deduplication",1,"Citation-linked doctrinal-treatment event. A zero-citation circuit is no observed event, not ignored precedent or noncompliance. The treatment value is an automated candidate flag pending expert legal review. CourtListener's published-opinion coverage is not an all-case opportunity denominator.",massachusetts-v-epa-2007,549 U.S. 497 (2007),2007-04-03,2009-04-01,3036763,3036763,3036763,combined-opinion,ca3,3rd Cir.,CBS Corp. v. Federal Communications Commission,"CBS CORPORATION; CBS Broadcasting Inc.; CBS Televisionstations Inc.; CBS Stations Group of Texas L.P.; And KUTV Holdings, Inc., Petitioners v. FEDERAL COMMUNICATIONS COMMISSION; United States of America, Respondents",2894189,Published,663 F.3d 122,ca3,available,https://storage.courtlistener.com/pdf/2008/07/21/cbs_corporation_v._fcc.pdf,,,1,Opinions of the United 2008 Decisions States Court of Appeals for the Third Circuit 7-21-2008 CBS Corporation v. FCC Precedential or Non-Pre,"ly a reasoned analysis for the change beyond that which may be required when an agency does not act in the first instance.” 31 463 U.S. at 42-43 (citations omitted). The agency’s obligation to supply a reasoned analysis for a policy departure requires an affirmative showing on record. It “must examine the relevant data and articulate a satisfactory explanation for its action including a ‘rational connection between the facts found and the choice made.’” Id. at 43 (quoting Burlington Truck Lines v. United States, 371 U.S. 156, 168 (1962)). A reviewing court “must ‘consider whether the decision was based on a consideration of the relevant factors and whether there has been a clear error of judgment.’” Id. (citations omitted). The agency’s actions will then be set aside as “arbitrary and capricious” if the agency failed to provide a “reasoned explanation” for its decision to change course. Massachusetts v. EPA, — U.S. —, 127 S.Ct. 1438, 1463 (2007); see State Farm, 463 U.S. at 42-43; Nat’l Cable & Telecomms. Ass’n v. Brand X Internet Servs., 545 U.S. 967, 981 (2005) (“unexplained inconsistency” in agency practice is a reason for holding a policy reversal “arbitrary and capricious” under the APA, unless “the agency adequately explains the reasons for a reversal of policy”). In Fox, the Second Circuit analyzed the FCC’s changed policy on fleeting expletives under State Farm,12 but the panel 12 It was undisputed that the FCC changed its policy on fleeting expletives in Golden Globes, which was decided prior to Fox. But as the Fox court explained, the actual moment the agency changed its course was not pertinent in determining 32 split on the outcome of its analysis. Judge Pooler, writing for the majority, found the policy change arbitrary and capricious because the FCC failed to provide a reason […] hange beyond that which may be required when an agency does not act in the first instance.” 31 463 U.S. at 42-43 (citations omitted). The agency’s obligation to supply a reasoned analysis for a policy departure requires an affirmative showing on record. It “must examine the relevant data and articulate a satisfactory explanation for its action including a ‘rational connection between the facts found and the choice made.’” Id. at 43 (quoting Burlington Truck Lines v. United States, 371 U.S. 156, 168 (1962)). A reviewing court “must ‘consider whether the decision was based on a consideration of the relevant factors and whether there has been a clear error of judgment.’” Id. (citations omitted). The agency’s actions will then be set aside as “arbitrary and capricious” if the agency failed to provide a “reasoned explanation” for its decision to change course. Massachusetts v. EPA, — U.S. —, 127 S.Ct. 1438, 1463 (2007); see State Farm, 463 U.S. at 42-43; Nat’l Cable & Telecomms. Ass’n v. Brand X Internet Servs., 545 U.S. 967, 981 (2005) (“unexplained inconsistency” in agency practice is a reason for holding a policy reversal “arbitrary and capricious” under the APA, unless “the agency adequately explains the reasons for a reversal of policy”). In Fox, the Second Circuit analyzed the FCC’s changed policy on fleeting expletives under State Farm,12 but the panel 12 It was undisputed that the FCC changed its policy on fleeting expletives in Golden Globes, which was decided prior to Fox. But as the Fox court explained, the actual moment the agency changed its course was not pertinent in determining 32 split on the outcome of its analysis. Judge Pooler, writing for the majority, found the policy change arbitrary and capricious because the FCC failed to provide a reasoned explanation for the cha",citation-anchor-without-directional-language,high,1,ca3|2008-07-21|docket:063575
courtlistener-environmental-scotus-citation-events,massachusetts-v-epa-2007:1450991,https://www.courtlistener.com/opinion/1450991/northwest-environmental-advocates-v-united-states-environmental-protection/,lower-court-doctrinal-uptake,United States federal courts,549 U.S. 497 (2007),2007-04-02,Supreme Court of the United States,Massachusetts v. EPA,merits statutory judicial-review decision,2008-07-23,Court of Appeals for the Ninth Circuit,unclear,2008-07-23,unclear,unclear,,,,,,,,,,,,"03-74795, 06-17187, 06-17188",,,,,,"published CourtListener citation-linked U.S. federal circuit and district opinion documents filed in the fixed 730-day post-decision window, after documented provider-cluster deduplication",1,"Citation-linked doctrinal-treatment event. A zero-citation circuit is no observed event, not ignored precedent or noncompliance. The treatment value is an automated candidate flag pending expert legal review. CourtListener's published-opinion coverage is not an all-case opportunity denominator.",massachusetts-v-epa-2007,549 U.S. 497 (2007),2007-04-03,2009-04-01,1450991,1450991,1450991,combined-opinion,ca9,9th Cir.,Northwest Environmental Advocates v. United States Environmental Protection Agency,"NORTHWEST ENVIRONMENTAL ADVOCATES; The Ocean Conservancy, Inc.; Waterkeepers Northern California, Petitioners, and the States of New York, Illinois, Michigan, Minnesota, Wisconsin, and the Commonwealth of Pennsylvania, Petitioners-Intervenors, v. UNITED STATES ENVIRONMENTAL PROTECTION AGENCY, Respondent; Northwest Environmental Advocates; The Ocean Conservancy; Santa Monica Baykeeper, Dba San Francisco Baykeeper; Dba DeltaBaykeeper, Plaintiffs-Appellees, and the States of New York, Illinois, Michigan, Minnesota, Wisconsin, and the Commonwealth of Pennsylvania, Plaintiffs-Intervenors-Appellees, v. United States Environmental Protection Agency, Defendant-Appellant, and the Shipping Industry Ballast Water Coalition, Defendant-Intervenor-Appellant; Northwest Environmental Advocates; The Ocean Conservancy; Santa Monica Baykeeper, Dba San Francisco Baykeeper; Dba DeltaBaykeeper, Plaintiffs-Appellees, and the States of New York, Illinois, Michigan, Minnesota, Wisconsin, and the Commonwealth of Pennsylvania, Plaintiffs-Intervenors-Appellees, v. United States Environmental Protection Agency, Defendant-Appellant, and the Shipping Industry Ballast Water Coalition, Defendant-Intervenor-Appellant",1010429,Published,537 F.3d 1006; 38 Envtl. L. Rep. (Envtl. Law Inst.) 20183; 2008 A.M.C. 2459; 67 ERC (BNA) 1748; 2008 U.S. App. LEXIS 15576; 2008 WL 2813103,ca9,unavailable,,no_document_url_in_search_result,,1,"537 F.3d 1006 (2008) NORTHWEST ENVIRONMENTAL ADVOCATES; The Ocean Conservancy, Inc.; Waterkeepers Northern California, Petitioners, and The States Of New York, Illinois, Michigan, Minnesota, Wisconsin, and the Commonwealth of Pennsylvania, Petitioners-Intervenors, v. UNITED STATES ENVIRONMENTAL PROTECTION AGENCY, Respondent. Northwest Environmental Advocates; The Ocean Conservancy; Santa Monica Baykeeper, dba San Francisco Baykeeper; dba",,public-full-text-unavailable,low,1,ca9|2008-07-23|docket:037479506171870617188
courtlistener-environmental-scotus-citation-events,massachusetts-v-epa-2007:3052381,https://www.courtlistener.com/opinion/3052381/northwest-env-v-epa/,lower-court-doctrinal-uptake,United States federal courts,549 U.S. 497 (2007),2007-04-02,Supreme Court of the United States,Massachusetts v. EPA,merits statutory judicial-review decision,2008-07-23,Court of Appeals for the Ninth Circuit,cited_context_only,2008-07-23,unclear,unclear,,,,,,,,,,,,03-74795,,,,,,"published CourtListener citation-linked U.S. federal circuit and district opinion documents filed in the fixed 730-day post-decision window, after documented provider-cluster deduplication",1,"Citation-linked doctrinal-treatment event. A zero-citation circuit is no observed event, not ignored precedent or noncompliance. The treatment value is an automated candidate flag pending expert legal review. CourtListener's published-opinion coverage is not an all-case opportunity denominator.",massachusetts-v-epa-2007,549 U.S. 497 (2007),2007-04-03,2009-04-01,3052381,3052381,3052381,combined-opinion,ca9,9th Cir.,Northwest Env v. Epa,,2909807,Published,,ca9,available,https://storage.courtlistener.com/pdf/2008/07/23/northwest_env_v._epa.pdf,,,1,"FOR PUBLICATION UNITED STATES COURT OF APPEALS FOR THE NINTH CIRCUIT NORTHWEST ENVIRONMENTAL  ADVOCATES; THE OCEAN CONSERVANCY, INC.; WATERKEEPERS NORTHERN CALIFORNIA, Petitioners, and No. 03-74795 THE STATES OF NEW YORK, ILLINOIS, MICHIGAN, MINNESOTA, WISCONSIN,  EPA No. 03-5760 AND THE COMMONWEALTH OF PENNSYLVANIA","ngs clauses pro- vide that the Great Lakes regulations “shall . . . . not affect or supersede any requirements or prohibitions pertaining to the discharge of ballast water” under the CWA, and that the national guidelines “shall . . . . not affect or supercede any requirements or prohibitions pertaining to the discharge of NORTHWEST ENVIRONMENTAL ADVOCATES v. EPA 9057 ballast water” under the CWA. Id. §§ 4711(b)(2)(C) and (c)(2)(J). These statutes do not demonstrate SWANCC’s “overwhelming evidence of [congressional] acquiescence” in the exemptions contained in § 122.3(a). They merely demon- strate a congressional intent to address the serious national problem of ballast water discharges of invasive species, and to do so on multiple, nonexclusive fronts. The Supreme Court recently came to similar conclusions regarding Congress’s overlapping mandates to combat greenhouse gas emissions. See Massachusetts v. EPA, 127 S. Ct. 1438, 1448-49, 1460- 62, 1461 n.27 (2007). The APPS implemented the International Convention for the Prevention of Pollution from Ships of 1973 and the Proto- col of 1978 (known collectively as “MARPOL 73/78”). The APPS applies to all U.S.-flagged ships worldwide and foreign-flagged ships in the navigable waters of the United States. 33 U.S.C. § 1902(a). The six annexes to MARPOL 73/ 78 address vessel discharges of oil, noxious bulk liquid sub- stances, harmful packaged substances, sewage, garbage, and air pollution. The APPS’s savings clause provides that “re- quirements of this [Act] supplement and neither amend nor repeal any other provisions of law, except as expressly pro- vided in this [Act].” 33 U.S.C. § 1907(f). The APPS contains no indication of congressional intent to acquiesce in § 122.3(a). Finally, the Alaska cruise ship legislation authorizes the EPA to regulat […] that the Great Lakes regulations “shall . . . . not affect or supersede any requirements or prohibitions pertaining to the discharge of ballast water” under the CWA, and that the national guidelines “shall . . . . not affect or supercede any requirements or prohibitions pertaining to the discharge of NORTHWEST ENVIRONMENTAL ADVOCATES v. EPA 9057 ballast water” under the CWA. Id. §§ 4711(b)(2)(C) and (c)(2)(J). These statutes do not demonstrate SWANCC’s “overwhelming evidence of [congressional] acquiescence” in the exemptions contained in § 122.3(a). They merely demon- strate a congressional intent to address the serious national problem of ballast water discharges of invasive species, and to do so on multiple, nonexclusive fronts. The Supreme Court recently came to similar conclusions regarding Congress’s overlapping mandates to combat greenhouse gas emissions. See Massachusetts v. EPA, 127 S. Ct. 1438, 1448-49, 1460- 62, 1461 n.27 (2007). The APPS implemented the International Convention for the Prevention of Pollution from Ships of 1973 and the Proto- col of 1978 (known collectively as “MARPOL 73/78”). The APPS applies to all U.S.-flagged ships worldwide and foreign-flagged ships in the navigable waters of the United States. 33 U.S.C. § 1902(a). The six annexes to MARPOL 73/ 78 address vessel discharges of oil, noxious bulk liquid sub- stances, harmful packaged substances, sewage, garbage, and air pollution. The APPS’s savings clause provides that “re- quirements of this [Act] supplement and neither amend nor repeal any other provisions of law, except as expressly pro- vided in this [Act].” 33 U.S.C. § 1907(f). The APPS contains no indication of congressional intent to acquiesce in § 122.3(a). Finally, the Alaska cruise ship legislation authorizes the EPA to regulate sewage and gray",citation-anchor-without-directional-language,high,1,ca9|2008-07-23|docket:0374795
courtlistener-environmental-scotus-citation-events,massachusetts-v-epa-2007:1323463,https://www.courtlistener.com/opinion/1323463/citizens-against-ruining-the-environment-v-environmental-protection-agency/,lower-court-doctrinal-uptake,United States federal courts,549 U.S. 497 (2007),2007-04-02,Supreme Court of the United States,Massachusetts v. EPA,merits statutory judicial-review decision,2008-07-28,Court of Appeals for the Seventh Circuit,unclear,2008-07-28,unclear,unclear,,,,,,,,,,,,"07-3197, 07-3198, 07-3199",,,,,,"published CourtListener citation-linked U.S. federal circuit and district opinion documents filed in the fixed 730-day post-decision window, after documented provider-cluster deduplication",1,"Citation-linked doctrinal-treatment event. A zero-citation circuit is no observed event, not ignored precedent or noncompliance. The treatment value is an automated candidate flag pending expert legal review. CourtListener's published-opinion coverage is not an all-case opportunity denominator.",massachusetts-v-epa-2007,549 U.S. 497 (2007),2007-04-03,2009-04-01,1323463,1323463,1323463,combined-opinion,ca7,7th Cir.,Citizens Against Ruining the Environment v. Environmental Protection Agency,"CITIZENS AGAINST RUINING THE ENVIRONMENT, Environment Illinois, People of the State of Illinois, Et Al., Petitioners, v. ENVIRONMENTAL PROTECTION AGENCY, Respondent, and Midwest Generation, LLC, Intervening-Respondent",824042,Published,535 F.3d 670; 38 Envtl. L. Rep. (Envtl. Law Inst.) 20189; 67 ERC (BNA) 1216; 2008 U.S. App. LEXIS 15975,ca7,unavailable,,no_document_url_in_search_result,,1,"535 F.3d 670 (2008) CITIZENS AGAINST RUINING THE ENVIRONMENT, Environment Illinois, People of The State of Illinois, et al., Petitioners, v. ENVIRONMENTAL PROTECTION AGENCY, Respondent, and Midwest Generation, LLC, Intervening-Respondent. Nos. 07-3197, 07-3198, 07-3199. United States Court of Appeals, Seventh Circuit. Argued May 29, 2008. Decided July 28, 2",,public-full-text-unavailable,low,1,ca7|2008-07-28|docket:073197073198073199
courtlistener-environmental-scotus-citation-events,massachusetts-v-epa-2007:3001997,https://www.courtlistener.com/opinion/3001997/epa-v-citizens-against-rui/,lower-court-doctrinal-uptake,United States federal courts,549 U.S. 497 (2007),2007-04-02,Supreme Court of the United States,Massachusetts v. EPA,merits statutory judicial-review decision,2008-07-28,Court of Appeals for the Seventh Circuit,cited_context_only,2008-07-28,unclear,unclear,,,,,,,,,,,,07-3197,,,,,,"published CourtListener citation-linked U.S. federal circuit and district opinion documents filed in the fixed 730-day post-decision window, after documented provider-cluster deduplication",1,"Citation-linked doctrinal-treatment event. A zero-citation circuit is no observed event, not ignored precedent or noncompliance. The treatment value is an automated candidate flag pending expert legal review. CourtListener's published-opinion coverage is not an all-case opportunity denominator.",massachusetts-v-epa-2007,549 U.S. 497 (2007),2007-04-03,2009-04-01,3001997,3001997,3001997,combined-opinion,ca7,7th Cir.,EPA v. Citizens Against Rui,,2859227,Published,,ca7,available,https://storage.courtlistener.com/pdf/2008/07/28/epa_v._citizens_against_rui.pdf,,,1,"In the United States Court of Appeals For the Seventh Circuit ____________ Nos. 07-3197, 07-3198 & 07-3199 CITIZENS AGAINST RUINING THE ENVIRONMENT, ENVIRONMENT ILLINOIS, PEOPLE OF THE STATE OF ILLINOIS, et al., Petitioners, v. ENVIRONMENTAL PROTECTION AGENCY, Respondent,","g because it “faces remedial and proprietary consequences that depend upon the outcome of this litigation.” Id. at 778. In other words, California had an interest in the litigation because it was the direct recipient of the EPA’s denial. Here, by contrast, the IEPA issued permits to Midwest, which were reviewed (but not objected 10 Nos. 07-3197, 07-3198 & 07-3199 to) by the EPA. Thus, the EPA’s actions were entirely consistent with Illinois’ position, as advanced by the IEPA. The petitioners also argue that Illinois has standing in a parens patriae capacity. A state may not bring a parens patriae suit against the federal government, however, because there the United States, and not the state, represents the people’s interests. Massachusetts v. Mellon, 262 U.S. 447, 485-86 (1923); Illinois Dep’t of Transp. v. Hinson, 122 F.3d 370, 373 (7th Cir. 1997). The petitioners respond by citing to Massachusetts v. E.P.A., 127 S. Ct. 1438 (2007), a decision in which the Supreme Court allowed a challenge by Massa- chusetts to the EPA’s decision not to regulate greenhouse gas emissions from motor vehicles. There, the Court drew a distinction “between allowing a State to protect her citizens from the operation of federal statutes (which is what Mellon prohibits) and allowing a State to assert its rights under federal law (which it has standing to do).” Id. at 1455 n.17 (internal quotation marks omitted). But the Court also found that, according to the petitioner’s uncon- tested affidavits, the rise in sea levels associated with global warming already harmed and would continue to harm Massachusetts “as a landowner.” Id. at 1456. In other words, the alleged “injury” was to the state itself. Here, the alleged injury is unclear, as there are no supporting declarations in the record. And any general interests of […] ial and proprietary consequences that depend upon the outcome of this litigation.” Id. at 778. In other words, California had an interest in the litigation because it was the direct recipient of the EPA’s denial. Here, by contrast, the IEPA issued permits to Midwest, which were reviewed (but not objected 10 Nos. 07-3197, 07-3198 & 07-3199 to) by the EPA. Thus, the EPA’s actions were entirely consistent with Illinois’ position, as advanced by the IEPA. The petitioners also argue that Illinois has standing in a parens patriae capacity. A state may not bring a parens patriae suit against the federal government, however, because there the United States, and not the state, represents the people’s interests. Massachusetts v. Mellon, 262 U.S. 447, 485-86 (1923); Illinois Dep’t of Transp. v. Hinson, 122 F.3d 370, 373 (7th Cir. 1997). The petitioners respond by citing to Massachusetts v. E.P.A., 127 S. Ct. 1438 (2007), a decision in which the Supreme Court allowed a challenge by Massa- chusetts to the EPA’s decision not to regulate greenhouse gas emissions from motor vehicles. There, the Court drew a distinction “between allowing a State to protect her citizens from the operation of federal statutes (which is what Mellon prohibits) and allowing a State to assert its rights under federal law (which it has standing to do).” Id. at 1455 n.17 (internal quotation marks omitted). But the Court also found that, according to the petitioner’s uncon- tested affidavits, the rise in sea levels associated with global warming already harmed and would continue to harm Massachusetts “as a landowner.” Id. at 1456. In other words, the alleged “injury” was to the state itself. Here, the alleged injury is unclear, as there are no supporting declarations in the record. And any general interests of the people of th",citation-anchor-without-directional-language,high,1,ca7|2008-07-28|docket:073197
courtlistener-environmental-scotus-citation-events,massachusetts-v-epa-2007:1323995,https://www.courtlistener.com/opinion/1323995/cbs-corp-v-federal-communication-commission/,lower-court-doctrinal-uptake,United States federal courts,549 U.S. 497 (2007),2007-04-02,Supreme Court of the United States,Massachusetts v. EPA,merits statutory judicial-review decision,2008-08-06,Court of Appeals for the Third Circuit,unclear,2008-08-06,unclear,unclear,,,,,,,,,,,,06-3575,,,,,,"published CourtListener citation-linked U.S. federal circuit and district opinion documents filed in the fixed 730-day post-decision window, after documented provider-cluster deduplication",1,"Citation-linked doctrinal-treatment event. A zero-citation circuit is no observed event, not ignored precedent or noncompliance. The treatment value is an automated candidate flag pending expert legal review. CourtListener's published-opinion coverage is not an all-case opportunity denominator.",massachusetts-v-epa-2007,549 U.S. 497 (2007),2007-04-03,2009-04-01,1323995,1323995,1323995,combined-opinion,ca3,3rd Cir.,CBS Corp. v. Federal Communication Commission,"CBS CORPORATION; CBS Broadcasting Inc.; CBS Television Stations, Inc.; CBS Stations Group of Texas L.P.; And KUTV Holdings, Inc., Petitioners v. FEDERAL COMMUNICATION COMMISSION; United States of America, Respondents",824632,Published,535 F.3d 167,ca3,unavailable,,no_document_url_in_search_result,,1,"535 F.3d 167 (2008) CBS CORPORATION; CBS Broadcasting Inc.; CBS Television Stations, Inc.; CBS Stations Group of Texas L.P.; and KUTV Holdings, Inc., Petitioners v. FEDERAL COMMUNICATION COMMISSION; United States of America, Respondents. No. 06-3575. United States Court of Appeals, Third Circuit. Argued September 11, 2007. Filed July 21, 2008.",,public-full-text-unavailable,low,1,ca3|2008-08-06|docket:063575
courtlistener-environmental-scotus-citation-events,massachusetts-v-epa-2007:2406565,https://www.courtlistener.com/opinion/2406565/thompson-v-horsham-township/,lower-court-doctrinal-uptake,United States federal courts,549 U.S. 497 (2007),2007-04-02,Supreme Court of the United States,Massachusetts v. EPA,merits statutory judicial-review decision,2008-08-11,"District Court, E.D. Pennsylvania",unclear,2008-08-11,unclear,unclear,,,,,,,,,,,,Civil Action 07-5255,,,,,,"published CourtListener citation-linked U.S. federal circuit and district opinion documents filed in the fixed 730-day post-decision window, after documented provider-cluster deduplication",1,"Citation-linked doctrinal-treatment event. A zero-citation circuit is no observed event, not ignored precedent or noncompliance. The treatment value is an automated candidate flag pending expert legal review. CourtListener's published-opinion coverage is not an all-case opportunity denominator.",massachusetts-v-epa-2007,549 U.S. 497 (2007),2007-04-03,2009-04-01,2406565,2406565,2406565,combined-opinion,paed,E.D. Pa.,Thompson v. Horsham Township,Edwin R. THOMPSON and Karen J. Thompson v. HORSHAM TOWNSHIP,2254540,Published,576 F. Supp. 2d 681; 2008 U.S. Dist. LEXIS 61571; 2008 WL 3539942,ca3,unavailable,,no_document_url_in_search_result,,1,"(2008) Edwin R. THOMPSON and Karen J. Thompson v. HORSHAM TOWNSHIP. Civil Action No. 07-5255. United States District Court, E.D. Pennsylvania. August 11, 2008. MEMORANDUM AND ORDER McLAUGHLIN, District Judge. The plaintiffs live on a farm adjacent to a 40-acre parcel of land in Horsham Township. A developer has filed an application to",,public-full-text-unavailable,low,1,paed|2008-08-11|docket:civilaction075255
courtlistener-environmental-scotus-citation-events,massachusetts-v-epa-2007:1442474,https://www.courtlistener.com/opinion/1442474/center-for-biological-diversity-v-national-highway-traffic-safety/,lower-court-doctrinal-uptake,United States federal courts,549 U.S. 497 (2007),2007-04-02,Supreme Court of the United States,Massachusetts v. EPA,merits statutory judicial-review decision,2008-08-18,Court of Appeals for the Ninth Circuit,unclear,2008-08-18,unclear,unclear,,,,,,,,,,,,"06-71891, 06-72317, 06-72641, 06-72694, 06-73807, 06-73826",,,,,,"published CourtListener citation-linked U.S. federal circuit and district opinion documents filed in the fixed 730-day post-decision window, after documented provider-cluster deduplication",1,"Citation-linked doctrinal-treatment event. A zero-citation circuit is no observed event, not ignored precedent or noncompliance. The treatment value is an automated candidate flag pending expert legal review. CourtListener's published-opinion coverage is not an all-case opportunity denominator.",massachusetts-v-epa-2007,549 U.S. 497 (2007),2007-04-03,2009-04-01,1442474,1442474,1442474,combined-opinion,ca9,9th Cir.,Center for Biological Diversity v. National Highway Traffic Safety Administration,"CENTER FOR BIOLOGICAL DIVERSITY, Petitioner, v. NATIONAL HIGHWAY TRAFFIC SAFETY ADMINISTRATION, Respondent; People of the State of California Ex Rel. Bill Lockyer, Attorney General; State of Connecticut; State of Maine; Commonwealth of Massachusetts; State of New Jersey; State of New Mexico; State of New York; State of Oregon; State of Rhode Island; State of Vermont; District of Columbia; City of New York, Petitioners, v. National Highway Traffic Safety Administration, an Agency Within the United States Department of Transportation, Respondents; State of Minnesota, Petitioner, v. National Highway Traffic Safety Administration, an Agency Within the United States Department of Transportation, Respondent; Sierra Club; Public Citizen, Inc., Petitioners, v. Department of Transportation, Respondent; Environmental Defense, Petitioner, v. Department of Transportation, Respondent; Natural Resources Defense Council, Inc., Petitioner, v. Department of Transportation, Respondent",999717,Published,538 F.3d 1172; 67 ERC (BNA) 1393; 2008 U.S. App. LEXIS 17629; 38 Envtl. L. Rep. (Envtl. Law Inst.) 20214,ca9,unavailable,,no_document_url_in_search_result,,1,"538 F.3d 1172 (2008) CENTER FOR BIOLOGICAL DIVERSITY, Petitioner, v. NATIONAL HIGHWAY TRAFFIC SAFETY ADMINISTRATION, Respondent. People of the State of California ex rel. Bill Lockyer, Attorney General; State of Connecticut; State of Maine; Commonwealth of Massachusetts; State of New Jersey; State of New Mexico; State of New York; State of Oregon; State of Rhode Island; State of Vermont; District of Columbia; City of New York, Petitioners,",,public-full-text-unavailable,low,1,ca9|2008-08-18|docket:067189106723170672641067269406738070673826
courtlistener-environmental-scotus-citation-events,massachusetts-v-epa-2007:3052672,https://www.courtlistener.com/opinion/3052672/center-for-biological-v-nhtsa/,lower-court-doctrinal-uptake,United States federal courts,549 U.S. 497 (2007),2007-04-02,Supreme Court of the United States,Massachusetts v. EPA,merits statutory judicial-review decision,2008-08-18,Court of Appeals for the Ninth Circuit,cited_context_only,2008-08-18,unclear,unclear,,,,,,,,,,,,06-71891,,,,,,"published CourtListener citation-linked U.S. federal circuit and district opinion documents filed in the fixed 730-day post-decision window, after documented provider-cluster deduplication",1,"Citation-linked doctrinal-treatment event. A zero-citation circuit is no observed event, not ignored precedent or noncompliance. The treatment value is an automated candidate flag pending expert legal review. CourtListener's published-opinion coverage is not an all-case opportunity denominator.",massachusetts-v-epa-2007,549 U.S. 497 (2007),2007-04-03,2009-04-01,3052672,3052672,3052672,combined-opinion,ca9,9th Cir.,Center for Biological v. Nhtsa,,2910098,Published,,ca9,available,https://storage.courtlistener.com/pdf/2008/08/18/center_for_biological_v._nhtsa.pdf,,,1,"Volume 1 of 2 FOR PUBLICATION UNITED STATES COURT OF APPEALS FOR THE NINTH CIRCUIT CENTER FOR BIOLOGICAL DIVERSITY,  Petitioner, v.  No. 06-71891 NATIONAL HIGHWAY TRAFFIC SAFETY ADMINISTRATION, Respondent.  PEOPLE OF THE STATE OF  CALIFORNIA EX REL. BILL LOCKYER, ATTOR","ners’ contention that EPCA prohibits NHTSA’s use of marginal cost-benefit analy- sis to set CAFE standards. Whatever method it uses, NHTSA cannot set fuel economy standards that are contrary to Con- gress’s purpose in enacting the EPCA—energy conservation. We must still review whether NHTSA’s balancing of the stat- utory factors is arbitrary and capricious. Additionally, the per- suasiveness of the analysis in Public Citizen and Center for Auto Safety is limited by the fact that they were decided two decades ago, when scientific knowledge of climate change and its causes were not as advanced as they are today.41 The 40 One of the Petitioners noted that “[w]hile previous standards have uti- lized cost-benefit analysis as part of the regulatory impact analysis after the standard was set, the proposed reforms put the cost-benefit analysis front and center.” App. G to NRDC Cmt. at 3. 41 See Massachusetts v. EPA, 127 S. Ct. 1438, 1447-49, 1455 (2007) (describing how “the scientific understanding of climate change [has] progressed” since the 1970s and discussing the evidence showing that “[t]he harms associated with climate change are serious and well recog- nized.”); see generally Attachment A to CBD Cmt. (Global Warming and 10818 CENTER FOR BIOLOGICAL DIVERSITY v. NHTSA need of the nation to conserve energy is even more pressing today than it was at the time of EPCA’s enactment. See, e.g., NRDC Cmt. at 4, 11 (“When fuel economy legislation was first enacted, America consumed 16.3 million barrels of oil per day and 35.8 percent of U.S. oil came from imports. In the nearly 30 years since then, oil consumption has risen to over 20 million barrels per day and 56 percent of U.S. oil is imported. If fuel economy standards are not strengthened, these trends are only expected to get worse, with transp […] EPCA prohibits NHTSA’s use of marginal cost-benefit analy- sis to set CAFE standards. Whatever method it uses, NHTSA cannot set fuel economy standards that are contrary to Con- gress’s purpose in enacting the EPCA—energy conservation. We must still review whether NHTSA’s balancing of the stat- utory factors is arbitrary and capricious. Additionally, the per- suasiveness of the analysis in Public Citizen and Center for Auto Safety is limited by the fact that they were decided two decades ago, when scientific knowledge of climate change and its causes were not as advanced as they are today.41 The 40 One of the Petitioners noted that “[w]hile previous standards have uti- lized cost-benefit analysis as part of the regulatory impact analysis after the standard was set, the proposed reforms put the cost-benefit analysis front and center.” App. G to NRDC Cmt. at 3. 41 See Massachusetts v. EPA, 127 S. Ct. 1438, 1447-49, 1455 (2007) (describing how “the scientific understanding of climate change [has] progressed” since the 1970s and discussing the evidence showing that “[t]he harms associated with climate change are serious and well recog- nized.”); see generally Attachment A to CBD Cmt. (Global Warming and 10818 CENTER FOR BIOLOGICAL DIVERSITY v. NHTSA need of the nation to conserve energy is even more pressing today than it was at the time of EPCA’s enactment. See, e.g., NRDC Cmt. at 4, 11 (“When fuel economy legislation was first enacted, America consumed 16.3 million barrels of oil per day and 35.8 percent of U.S. oil came from imports. In the nearly 30 years since then, oil consumption has risen to over 20 million barrels per day and 56 percent of U.S. oil is imported. If fuel economy standards are not strengthened, these trends are only expected to get worse, with transporta- tion oil us",citation-anchor-without-directional-language,high,1,ca9|2008-08-18|docket:0671891
courtlistener-environmental-scotus-citation-events,massachusetts-v-epa-2007:9631089,https://www.courtlistener.com/opinion/1442474/center-for-biological-diversity-v-national-highway-traffic-safety/,lower-court-doctrinal-uptake,United States federal courts,549 U.S. 497 (2007),2007-04-02,Supreme Court of the United States,Massachusetts v. EPA,merits statutory judicial-review decision,2008-08-18,Court of Appeals for the Ninth Circuit,unclear,2008-08-18,unclear,unclear,,,,,,,,,,,,"06-71891, 06-72317, 06-72641, 06-72694, 06-73807, 06-73826",,,,,,"published CourtListener citation-linked U.S. federal circuit and district opinion documents filed in the fixed 730-day post-decision window, after documented provider-cluster deduplication",1,"Citation-linked doctrinal-treatment event. A zero-citation circuit is no observed event, not ignored precedent or noncompliance. The treatment value is an automated candidate flag pending expert legal review. CourtListener's published-opinion coverage is not an all-case opportunity denominator.",massachusetts-v-epa-2007,549 U.S. 497 (2007),2007-04-03,2009-04-01,1442474,1442474,9631089,lead-opinion,ca9,9th Cir.,Center for Biological Diversity v. National Highway Traffic Safety Administration,"CENTER FOR BIOLOGICAL DIVERSITY, Petitioner, v. NATIONAL HIGHWAY TRAFFIC SAFETY ADMINISTRATION, Respondent; People of the State of California Ex Rel. Bill Lockyer, Attorney General; State of Connecticut; State of Maine; Commonwealth of Massachusetts; State of New Jersey; State of New Mexico; State of New York; State of Oregon; State of Rhode Island; State of Vermont; District of Columbia; City of New York, Petitioners, v. National Highway Traffic Safety Administration, an Agency Within the United States Department of Transportation, Respondents; State of Minnesota, Petitioner, v. National Highway Traffic Safety Administration, an Agency Within the United States Department of Transportation, Respondent; Sierra Club; Public Citizen, Inc., Petitioners, v. Department of Transportation, Respondent; Environmental Defense, Petitioner, v. Department of Transportation, Respondent; Natural Resources Defense Council, Inc., Petitioner, v. Department of Transportation, Respondent",999717,Published,538 F.3d 1172; 67 ERC (BNA) 1393; 2008 U.S. App. LEXIS 17629; 38 Envtl. L. Rep. (Envtl. Law Inst.) 20214,ca9,unavailable,,no_document_url_in_search_result,,1,"Opinion by Judge BETTY B. FLETCHER; Partial Concurrence and Partial Dissent by Judge SILER. ORDER WITHDRAWING OPINION AND OPINION ORDER The opinion filed on November 15, 2007 and published at 508 F.3d 508 (9th Cir.2007), is hereby vacated and withdrawn. Respondents’ petition for rehearing with suggestion for rehearing en banc is denied *1178",,public-full-text-unavailable,low,1,ca9|2008-08-18|docket:067189106723170672641067269406738070673826
courtlistener-environmental-scotus-citation-events,massachusetts-v-epa-2007:171156,https://www.courtlistener.com/opinion/171156/wyoming-ex-rel-crank-v-united-states/,lower-court-doctrinal-uptake,United States federal courts,549 U.S. 497 (2007),2007-04-02,Supreme Court of the United States,Massachusetts v. EPA,merits statutory judicial-review decision,2008-08-26,Court of Appeals for the Tenth Circuit,cited_context_only,2008-08-26,unclear,unclear,,,,,,,,,,,,07-8046,,,,,,"published CourtListener citation-linked U.S. federal circuit and district opinion documents filed in the fixed 730-day post-decision window, after documented provider-cluster deduplication",1,"Citation-linked doctrinal-treatment event. A zero-citation circuit is no observed event, not ignored precedent or noncompliance. The treatment value is an automated candidate flag pending expert legal review. CourtListener's published-opinion coverage is not an all-case opportunity denominator.",massachusetts-v-epa-2007,549 U.S. 497 (2007),2007-04-03,2009-04-01,171156,171156,171156,combined-opinion,ca10,10th Cir.,Wyoming Ex Rel. Crank v. United States,"State of WYOMING, Ex Rel. Patrick J. CRANK, Wyoming Attorney General, Plaintiff-Appellant, v. UNITED STATES of America; Bureau of Alcohol, Tobacco, Firearms, and Explosives; Carl J. Truscott, in His Official Capacity as Director of Bureau of Alcohol, Tobacco, Firearms, and Explosives; David H. Chipman, in His Official Capacity as Chief, Firearms Division, Bureau of Alcohol, Tobacco, Firearms, and Explosives, Defendants-Appellees, Gun Owners Foundation; The Brady Center to Prevent Gun Violence and the National Center for Victims of Crime, Amici Curiae",1611676,Published,539 F.3d 1236; 2008 U.S. App. LEXIS 18224; 2008 WL 3906587,ca10,available,https://storage.courtlistener.com/pdf/2008/08/26/State_of_Wyoming_vs._United_States.pdf,,,1,"539 F.3d 1236 (2008) State of WYOMING, ex rel. Patrick J. CRANK, Wyoming Attorney General, Plaintiff-Appellant, v. UNITED STATES of America; Bureau of Alcohol, Tobacco, Firearms, and Explosives; Carl J. Truscott, in his official capacity as Director of Bureau of Alcohol, Tobacco, Firearms, and Explosives; David H. Chipman, in his official capacity as Chief, Firearms Division, Bureau of Alcohol, Tobacco, Firearms, and Explosives, Defendants-Appell","ough Wyoming unsuccessfully presented an argument regarding the Tenth Amendment to the district court, it does not reassert that argument on appeal. Accordingly, Wyoming has waived that argument. State Farm Fire & Cas. Co. v. Mhoon, 31 F.3d 979, 984 n.7 (10th Cir. 1994). -7- we must address Article III standing before conducting our prudential standing analysis, Mount Evans Co. v. Madigan, 14 F.3d 1444, 1451 (10th Cir. 1994). A. In its simplest terms, our Article III standing inquiry ensures that we limit our jurisdiction to “Cases” and “Controversies.” Kan. Judicial Review v. Stout, 519 F.3d 1107, 1115 (10th Cir. 2008). In general, this inquiry seeks to determine “whether [the plaintiff has] ‘such a personal stake in the outcome of the controversy as to assure that concrete adverseness which sharpens the presentation of issues upon which the court so largely depends for illumination.’” Massachusetts v. EPA, 127 S. Ct. 1438, 1453 (2007) (quoting Baker v. Carr, 369 U.S. 186, 204 (1962)). We determine whether the plaintiff has satisfied this general inquiry using three familiar requirements. Pursuant to Article III, to have standing, a plaintiff must demonstrate: (i) an injury in fact that is both concrete and particularized as well as actual or imminent; (ii) an injury that is traceable to the conduct complained of; and (iii) an injury that is redressable by a decision of the court. Lujan v. Defenders of Wildlife, 504 U.S. 555, 560–61 (1992); State ex rel. Sullivan v. Lujan, 969 F.2d 877, 880 (10th Cir. 1992). In the context of the instant case, we must also keep in mind the Supreme Court’s recent guidance that the States constitute a special class of plaintiffs for federal jurisdiction purposes. The Massachusetts Court stated that “[i]t is of -8- considerable relevance that the party seeki […] fully presented an argument regarding the Tenth Amendment to the district court, it does not reassert that argument on appeal. Accordingly, Wyoming has waived that argument. State Farm Fire & Cas. Co. v. Mhoon, 31 F.3d 979, 984 n.7 (10th Cir. 1994). -7- we must address Article III standing before conducting our prudential standing analysis, Mount Evans Co. v. Madigan, 14 F.3d 1444, 1451 (10th Cir. 1994). A. In its simplest terms, our Article III standing inquiry ensures that we limit our jurisdiction to “Cases” and “Controversies.” Kan. Judicial Review v. Stout, 519 F.3d 1107, 1115 (10th Cir. 2008). In general, this inquiry seeks to determine “whether [the plaintiff has] ‘such a personal stake in the outcome of the controversy as to assure that concrete adverseness which sharpens the presentation of issues upon which the court so largely depends for illumination.’” Massachusetts v. EPA, 127 S. Ct. 1438, 1453 (2007) (quoting Baker v. Carr, 369 U.S. 186, 204 (1962)). We determine whether the plaintiff has satisfied this general inquiry using three familiar requirements. Pursuant to Article III, to have standing, a plaintiff must demonstrate: (i) an injury in fact that is both concrete and particularized as well as actual or imminent; (ii) an injury that is traceable to the conduct complained of; and (iii) an injury that is redressable by a decision of the court. Lujan v. Defenders of Wildlife, 504 U.S. 555, 560–61 (1992); State ex rel. Sullivan v. Lujan, 969 F.2d 877, 880 (10th Cir. 1992). In the context of the instant case, we must also keep in mind the Supreme Court’s recent guidance that the States constitute a special class of plaintiffs for federal jurisdiction purposes. The Massachusetts Court stated that “[i]t is of -8- considerable relevance that the party seeking review here is",citation-anchor-without-directional-language,high,1,ca10|2008-08-26|docket:078046
courtlistener-environmental-scotus-citation-events,massachusetts-v-epa-2007:1441397,https://www.courtlistener.com/opinion/1441397/in-re-apa-transport-corp-consolidated-litigation/,lower-court-doctrinal-uptake,United States federal courts,549 U.S. 497 (2007),2007-04-02,Supreme Court of the United States,Massachusetts v. EPA,merits statutory judicial-review decision,2008-08-29,Court of Appeals for the Third Circuit,unclear,2008-08-29,unclear,unclear,,,,,,,,,,,,18-3784,,,,,,"published CourtListener citation-linked U.S. federal circuit and district opinion documents filed in the fixed 730-day post-decision window, after documented provider-cluster deduplication",1,"Citation-linked doctrinal-treatment event. A zero-citation circuit is no observed event, not ignored precedent or noncompliance. The treatment value is an automated candidate flag pending expert legal review. CourtListener's published-opinion coverage is not an all-case opportunity denominator.",massachusetts-v-epa-2007,549 U.S. 497 (2007),2007-04-03,2009-04-01,1441397,1441397,1441397,combined-opinion,ca3,3rd Cir.,In Re APA Transport Corp. Consolidated Litigation,"In Re APA TRANSPORT CORP. CONSOLIDATED LITIGATION Teamsters Local Union No. 560, Appellant No. 07-1050 in Re APA Transport Corp. Consolidated Litigation Brian Campbell; John Cronin Jr.; Andrew Imperatore; Omer Masse; Gary Pegoraro; Deborah Tetro; And Richard Yurcisin, Appellants No. 07-1051 in Re APA Transport Corp. Consolidated Litigation. Teamsters Pension Trust Fund of Philadelphia and Vicinity; Teamsters Health and Welfare Fund of Philadelphia and Vicinity; And Teamsters Local No. 470, Appellants No. 07-1052",1845,Published,541 F.3d 233; 28 I.E.R. Cas. (BNA) 97; 45 Employee Benefits Cas. (BNA) 2100; 2008 U.S. App. LEXIS 18547; 2008 WL 3982469,ca3,unavailable,,no_document_url_in_search_result,,1,"541 F.3d 233 (2008) In re APA TRANSPORT CORP. CONSOLIDATED LITIGATION Teamsters Local Union No. 560, Appellant No. 07-1050 In re APA Transport Corp. Consolidated Litigation Brian Campbell; John Cronin Jr.; Andrew Imperatore; Omer Masse; Gary Pegoraro; Deborah Tetro; and Richard Yurcisin, Appellants No. 07-1051 In re APA Transport Corp. Consolidated Litigation. Teamsters Pension Trust Fund Of Philadelphia And Vicinity; Teamsters Health",,public-full-text-unavailable,low,1,ca3|2008-08-29|docket:183784
courtlistener-environmental-scotus-citation-events,massachusetts-v-epa-2007:3035648,https://www.courtlistener.com/opinion/3035648/omer-masse-v-apa-transp-corp/,lower-court-doctrinal-uptake,United States federal courts,549 U.S. 497 (2007),2007-04-02,Supreme Court of the United States,Massachusetts v. EPA,merits statutory judicial-review decision,2008-08-29,Court of Appeals for the Third Circuit,cited_context_only,2008-08-29,unclear,unclear,,,,,,,,,,,,07-1050,,,,,,"published CourtListener citation-linked U.S. federal circuit and district opinion documents filed in the fixed 730-day post-decision window, after documented provider-cluster deduplication",1,"Citation-linked doctrinal-treatment event. A zero-citation circuit is no observed event, not ignored precedent or noncompliance. The treatment value is an automated candidate flag pending expert legal review. CourtListener's published-opinion coverage is not an all-case opportunity denominator.",massachusetts-v-epa-2007,549 U.S. 497 (2007),2007-04-03,2009-04-01,3035648,3035648,3035648,combined-opinion,ca3,3rd Cir.,Omer Masse v. APA Transp Corp,,2893073,Published,,ca3,available,https://storage.courtlistener.com/pdf/2008/08/29/omer_masse_v._apa_transp_corp.pdf,,,1,Opinions of the United 2008 Decisions States Court of Appeals for the Third Circuit 8-29-2008 Omer Masse v. APA Transp Corp Precedential or,"ral statutes broadly define “person” as “includ[ing] corporations, companies, associations, firms, partnerships, societies, and joint stock companies, as well as individuals” unless the “context [of the statute] indicates otherwise.” 1 U.S.C. § 1. Here, there is nothing in the context of the statute that indicates to us whether Congress intended to more narrowly proscribe those “person[s]” who can enforce the WARN Act. Nor does the language of the pertinent provision provide a clear answer. Rather, it states that the category “includ[es] representative[s] of employees or [] unit[s] of local government aggrieved under paragraph (1) or (3).” 29 U.S.C. § 2104(a)(5) (emphasis added). It is a well-established canon of statutory construction that when the word “including” is followed by a list of examples, those examples are generally considered illustrative rather than exhaustive. See, e.g., Massachusetts v. E.P.A., 127 S. Ct. 1438, 1476 (2007) (Scalia, J., dissenting) (“The word ‘including’ . . . indicate[s] that what follows will be an ‘illustrative’ sampling of the general category that precedes the word.”); United States v. Grassie, 237 F.3d 1199, 1215 (10th Cir. 2001) (“[W]e regard the statutory use of the word ‘including’ . . . as the preface for a representative or illustrative example, and not as a term of restriction or exclusion for anything not expressly specified.”). But “canons [of construction] are not mandatory rules. They are guides that ‘need not be conclusive.’” Chickasaw Nation v. United States, 534 U.S. 84, 85 (2001) (quoting Circuit City Stores, Inc. v. Adams, 532 U.S. 105, 115 (2001)). However, we need not decide whether the statute should be interpreted in a manner consistent with the canon based on the statute alone because authoritative regulations address the very questio […] ne “person” as “includ[ing] corporations, companies, associations, firms, partnerships, societies, and joint stock companies, as well as individuals” unless the “context [of the statute] indicates otherwise.” 1 U.S.C. § 1. Here, there is nothing in the context of the statute that indicates to us whether Congress intended to more narrowly proscribe those “person[s]” who can enforce the WARN Act. Nor does the language of the pertinent provision provide a clear answer. Rather, it states that the category “includ[es] representative[s] of employees or [] unit[s] of local government aggrieved under paragraph (1) or (3).” 29 U.S.C. § 2104(a)(5) (emphasis added). It is a well-established canon of statutory construction that when the word “including” is followed by a list of examples, those examples are generally considered illustrative rather than exhaustive. See, e.g., Massachusetts v. E.P.A., 127 S. Ct. 1438, 1476 (2007) (Scalia, J., dissenting) (“The word ‘including’ . . . indicate[s] that what follows will be an ‘illustrative’ sampling of the general category that precedes the word.”); United States v. Grassie, 237 F.3d 1199, 1215 (10th Cir. 2001) (“[W]e regard the statutory use of the word ‘including’ . . . as the preface for a representative or illustrative example, and not as a term of restriction or exclusion for anything not expressly specified.”). But “canons [of construction] are not mandatory rules. They are guides that ‘need not be conclusive.’” Chickasaw Nation v. United States, 534 U.S. 84, 85 (2001) (quoting Circuit City Stores, Inc. v. Adams, 532 U.S. 105, 115 (2001)). However, we need not decide whether the statute should be interpreted in a manner consistent with the canon based on the statute alone because authoritative regulations address the very question at issue. We ha",citation-anchor-without-directional-language,high,1,ca3|2008-08-29|docket:071050
courtlistener-environmental-scotus-citation-events,massachusetts-v-epa-2007:1462493,https://www.courtlistener.com/opinion/1462493/scheel-baggs-v-bank-of-america/,lower-court-doctrinal-uptake,United States federal courts,549 U.S. 497 (2007),2007-04-02,Supreme Court of the United States,Massachusetts v. EPA,merits statutory judicial-review decision,2008-09-15,"District Court, W.D. Wisconsin",unclear,2008-09-15,unclear,unclear,,,,,,,,,,,,07-cv-671-bbc,,,,,,"published CourtListener citation-linked U.S. federal circuit and district opinion documents filed in the fixed 730-day post-decision window, after documented provider-cluster deduplication",1,"Citation-linked doctrinal-treatment event. A zero-citation circuit is no observed event, not ignored precedent or noncompliance. The treatment value is an automated candidate flag pending expert legal review. CourtListener's published-opinion coverage is not an all-case opportunity denominator.",massachusetts-v-epa-2007,549 U.S. 497 (2007),2007-04-03,2009-04-01,1462493,1462493,1462493,combined-opinion,wiwd,W.D. Wis.,Scheel-Baggs v. Bank of America,"Bobbie A. SCHEEL-BAGGS, Plaintiff, v. BANK OF AMERICA, D/B/A FIA Card Services, NA, Successor-In-Interest to MBNA America, NA; Trans Union, LLC, Defendants",1026850,Published,575 F. Supp. 2d 1031; 2008 U.S. Dist. LEXIS 70585; 2008 WL 4194294,ca7,unavailable,,no_document_url_in_search_result,,1,"(2008) Bobbie A. SCHEEL-BAGGS, Plaintiff, v. BANK OF AMERICA, d/b/a FIA Card Services, NA, successor-in-interest to MBNA America, NA; Trans Union, *1032 LLC[1], Defendants. No. 07-cv-671-bbc. United States District Court, W.D. Wisconsin. September 15, 2008. OPINION AND ORDER BARBARA B. CRABB, District",,public-full-text-unavailable,low,1,wiwd|2008-09-15|docket:07cv671bbc
courtlistener-environmental-scotus-citation-events,massachusetts-v-epa-2007:3053274,https://www.courtlistener.com/opinion/3053274/natural-resources-defense-council-vunited-states-e/,lower-court-doctrinal-uptake,United States federal courts,549 U.S. 497 (2007),2007-04-02,Supreme Court of the United States,Massachusetts v. EPA,merits statutory judicial-review decision,2008-09-17,Court of Appeals for the Ninth Circuit,cited_context_only,2008-09-17,unclear,unclear,,,,,,,,,,,,07-55183,,,,,,"published CourtListener citation-linked U.S. federal circuit and district opinion documents filed in the fixed 730-day post-decision window, after documented provider-cluster deduplication",1,"Citation-linked doctrinal-treatment event. A zero-citation circuit is no observed event, not ignored precedent or noncompliance. The treatment value is an automated candidate flag pending expert legal review. CourtListener's published-opinion coverage is not an all-case opportunity denominator.",massachusetts-v-epa-2007,549 U.S. 497 (2007),2007-04-03,2009-04-01,3053274,3053274,3053274,combined-opinion,ca9,9th Cir.,Natural Resources Defense Council V.united States Environmental Protection Agency,,2910700,Published,,ca9,available,https://storage.courtlistener.com/pdf/2008/09/17/natural_resources_defense_council_v.united_states_environmental_protection.pdf,,,1,"FOR PUBLICATION UNITED STATES COURT OF APPEALS FOR THE NINTH CIRCUIT NATURAL RESOURCES DEFENSE  COUNCIL; WATERKEEPER ALLIANCE, Plaintiffs-Appellees, and STATE OF CONNECTICUT; NEW YORK STATE DEPARTMENT OF ENVIRONMENTAL CONSERVATION; STATE OF NEW YORK, Nos. 07-55183 Plaintiffs-intervenors-Appellees, 07-55261 v.  D.C. No. UNITED STATES ENV","y. See Ecological Rights Found., 230 F.3d at 1152 n.12 (acknowledging that the CWA’s rules are “designed to reduce the risk of pollution”). Plaintiffs have made this showing. [9] First, the members’ declarations support that the pollu- tion they complain of is that which ELGs and NSPSs aim to address. The members’ declarations support that storm water discharge flows from active construction sites into the bodies of water they use and enjoy, and that the storm water runoff they complain of is polluting and diminishing the quality of the bodies of water they use. See, e.g., Anna E. Slawsky Decl. ¶ 8 (“I have personally seen sediment run off from a 2-acre where the plaintiff claims such a procedural injury. The Supreme Court has noted that suits to force an agency to engage in a procedure do not require the same certainty that the result of that procedure will have the desired effect. See Massachusetts v. EPA, 127 S. Ct. 1438, 1453 (2007) (citing Lujan, 504 U.S. at 572 n.7). A party can therefore enforce a proce- dural right “so long as the procedures in question are designed to protect some threatened concrete interest of [theirs] that is the ultimate basis of [their] standing.” Lujan, 504 U.S. at 573 n.8; see also Massachusetts v. EPA, 127 S. Ct. at 1453 (stating that a litigant vested with a procedural right “has standing if there is some possibility that the requested relief will prompt the injury-causing party to reconsider the decision” alleged to have harmed the litigant); see also Nat’l Wildlife Fed’n v. Hodel, 839 F.2d 694, 705-06 (D.C. Cir. 1988) (“We note, however, that a party seeking judicial relief need not show to a certainty that a favorable decision will redress his injury. A mere likelihood will do.”) (citations omitted). The Plaintiffs here meet this standard: the relief t […] ts Found., 230 F.3d at 1152 n.12 (acknowledging that the CWA’s rules are “designed to reduce the risk of pollution”). Plaintiffs have made this showing. [9] First, the members’ declarations support that the pollu- tion they complain of is that which ELGs and NSPSs aim to address. The members’ declarations support that storm water discharge flows from active construction sites into the bodies of water they use and enjoy, and that the storm water runoff they complain of is polluting and diminishing the quality of the bodies of water they use. See, e.g., Anna E. Slawsky Decl. ¶ 8 (“I have personally seen sediment run off from a 2-acre where the plaintiff claims such a procedural injury. The Supreme Court has noted that suits to force an agency to engage in a procedure do not require the same certainty that the result of that procedure will have the desired effect. See Massachusetts v. EPA, 127 S. Ct. 1438, 1453 (2007) (citing Lujan, 504 U.S. at 572 n.7). A party can therefore enforce a proce- dural right “so long as the procedures in question are designed to protect some threatened concrete interest of [theirs] that is the ultimate basis of [their] standing.” Lujan, 504 U.S. at 573 n.8; see also Massachusetts v. EPA, 127 S. Ct. at 1453 (stating that a litigant vested with a procedural right “has standing if there is some possibility that the requested relief will prompt the injury-causing party to reconsider the decision” alleged to have harmed the litigant); see also Nat’l Wildlife Fed’n v. Hodel, 839 F.2d 694, 705-06 (D.C. Cir. 1988) (“We note, however, that a party seeking judicial relief need not show to a certainty that a favorable decision will redress his injury. A mere likelihood will do.”) (citations omitted). The Plaintiffs here meet this standard: the relief they call for is d […] rt that storm water discharge flows from active construction sites into the bodies of water they use and enjoy, and that the storm water runoff they complain of is polluting and diminishing the quality of the bodies of water they use. See, e.g., Anna E. Slawsky Decl. ¶ 8 (“I have personally seen sediment run off from a 2-acre where the plaintiff claims such a procedural injury. The Supreme Court has noted that suits to force an agency to engage in a procedure do not require the same certainty that the result of that procedure will have the desired effect. See Massachusetts v. EPA, 127 S. Ct. 1438, 1453 (2007) (citing Lujan, 504 U.S. at 572 n.7). A party can therefore enforce a proce- dural right “so long as the procedures in question are designed to protect some threatened concrete interest of [theirs] that is the ultimate basis of [their] standing.” Lujan, 504 U.S. at 573 n.8; see also Massachusetts v. EPA, 127 S. Ct. at 1453 (stating that a litigant vested with a procedural right “has standing if there is some possibility that the requested relief will prompt the injury-causing party to reconsider the decision” alleged to have harmed the litigant); see also Nat’l Wildlife Fed’n v. Hodel, 839 F.2d 694, 705-06 (D.C. Cir. 1988) (“We note, however, that a party seeking judicial relief need not show to a certainty that a favorable decision will redress his injury. A mere likelihood will do.”) (citations omitted). The Plaintiffs here meet this standard: the relief they call for is designed to protect the Nation’s waterways, and it is their diminishing ability to use and enjoy these waterways that is the ultimate basis of their standing. NRDC v. USEPA 13165 construction site and a 33-acre construction site (Puppy Creek runs brown from this site) in Lowell during rains and the ero- sion along Ro",citation-anchor-without-directional-language,high,1,ca9|2008-09-17|docket:0755183
courtlistener-environmental-scotus-citation-events,massachusetts-v-epa-2007:3053284,https://www.courtlistener.com/opinion/3053284/independent-living-center-of-southern-california-i/,lower-court-doctrinal-uptake,United States federal courts,549 U.S. 497 (2007),2007-04-02,Supreme Court of the United States,Massachusetts v. EPA,merits statutory judicial-review decision,2008-09-17,Court of Appeals for the Ninth Circuit,cited_context_only,2008-09-17,unclear,unclear,,,,,,,,,,,,08-56061,,,,,,"published CourtListener citation-linked U.S. federal circuit and district opinion documents filed in the fixed 730-day post-decision window, after documented provider-cluster deduplication",1,"Citation-linked doctrinal-treatment event. A zero-citation circuit is no observed event, not ignored precedent or noncompliance. The treatment value is an automated candidate flag pending expert legal review. CourtListener's published-opinion coverage is not an all-case opportunity denominator.",massachusetts-v-epa-2007,549 U.S. 497 (2007),2007-04-03,2009-04-01,3053284,1212155;3053284,3053284,combined-opinion,ca9,9th Cir.,"Independent Living Center of Southern California, Inc. v. Sandra Shewry",,2910710,Published,,ca9,available,https://storage.courtlistener.com/pdf/2008/09/17/independent_living_center_of_southern_california_inc._v._sandra_shewry.pdf,,,1,"FOR PUBLICATION UNITED STATES COURT OF APPEALS FOR THE NINTH CIRCUIT INDEPENDENT LIVING CENTER OF  SOUTHERN CALIFORNIA, INC., a nonprofit corporation; GRAY PANTHERS OF SACRAMENTO, a nonprofit corporation; GRAY PANTHERS OF SAN FRANCISCO, a nonprofit corporation; GERALD SHAPIRO, PHARM. D. doing business as UPTOWN PHARMACY AND GIFT No. 08-56061 SHOPPE; SHARON STEEN doing D.C. No. business as CENTRAL PHARMACY; MARK BECKWI"," eral Constitution, may be enjoined by a Federal court of equity from such action.” 209 U.S. at 155-56. 13040 INDEPENDENT LIVING CENTER v. SHEWRY injunctive relief on the basis of federal preemption under 28 U.S.C. § 1331 and the Supremacy Clause. See Verizon Md. Inc. v. Pub. Serv. Comm’n, 535 U.S. 635, 642-43 (2002). Nor are we certain on what grounds the district court con- cluded that ILC lacked a valid cause of action in this case. The first two of the district court’s three “circumstances” — whether the challenged statute “restricts” or “compels” peti- tioners’ own conduct — appear to reflect traditional standing doctrine, which requires a litigant to “demonstrate that it has suffered a concrete and particularized injury that is either actual or imminent, that the injury is fairly traceable to the defendant, and that it is likely that a favorable decision will redress that injury.” Massachusetts v. E.P.A., 127 S. Ct. 1438, 1453 (2007). We address ILC’s standing to bring suit sepa- rately below, as that inquiry raises questions apart from whether the Supremacy Clause provides a valid cause of action to seek injunctive relief on the basis of federal preemp- tion. The parties have proceeded on the assumption that the dis- trict court denied relief because ILC lacked any judicially enforceable “rights” under the federal statute.10 The Director 10 As noted above, the district court also concluded that the Supremacy Clause itself does not give rise to any federal “right” to legal relief. In reaching this conclusion, however, the district court relied on a series of cases holding that the Supremacy Clause does not give rise to rights enforceable under § 1983, an altogether separate remedial scheme. See Golden State Transit Corp., 493 U.S. at 107-08 (“Given the variety of sit- uations in which p […] e enjoined by a Federal court of equity from such action.” 209 U.S. at 155-56. 13040 INDEPENDENT LIVING CENTER v. SHEWRY injunctive relief on the basis of federal preemption under 28 U.S.C. § 1331 and the Supremacy Clause. See Verizon Md. Inc. v. Pub. Serv. Comm’n, 535 U.S. 635, 642-43 (2002). Nor are we certain on what grounds the district court con- cluded that ILC lacked a valid cause of action in this case. The first two of the district court’s three “circumstances” — whether the challenged statute “restricts” or “compels” peti- tioners’ own conduct — appear to reflect traditional standing doctrine, which requires a litigant to “demonstrate that it has suffered a concrete and particularized injury that is either actual or imminent, that the injury is fairly traceable to the defendant, and that it is likely that a favorable decision will redress that injury.” Massachusetts v. E.P.A., 127 S. Ct. 1438, 1453 (2007). We address ILC’s standing to bring suit sepa- rately below, as that inquiry raises questions apart from whether the Supremacy Clause provides a valid cause of action to seek injunctive relief on the basis of federal preemp- tion. The parties have proceeded on the assumption that the dis- trict court denied relief because ILC lacked any judicially enforceable “rights” under the federal statute.10 The Director 10 As noted above, the district court also concluded that the Supremacy Clause itself does not give rise to any federal “right” to legal relief. In reaching this conclusion, however, the district court relied on a series of cases holding that the Supremacy Clause does not give rise to rights enforceable under § 1983, an altogether separate remedial scheme. See Golden State Transit Corp., 493 U.S. at 107-08 (“Given the variety of sit- uations in which preemption claims ",citation-anchor-without-directional-language,high,1,ca9|2008-09-17|docket:0856061
courtlistener-environmental-scotus-citation-events,massachusetts-v-epa-2007:1437544,https://www.courtlistener.com/opinion/1437544/natural-resources-defense-council-v-united-states-environmental-protection/,lower-court-doctrinal-uptake,United States federal courts,549 U.S. 497 (2007),2007-04-02,Supreme Court of the United States,Massachusetts v. EPA,merits statutory judicial-review decision,2008-09-18,Court of Appeals for the Ninth Circuit,unclear,2008-09-18,unclear,unclear,,,,,,,,,,,,"07-55183, 07-55261",,,,,,"published CourtListener citation-linked U.S. federal circuit and district opinion documents filed in the fixed 730-day post-decision window, after documented provider-cluster deduplication",1,"Citation-linked doctrinal-treatment event. A zero-citation circuit is no observed event, not ignored precedent or noncompliance. The treatment value is an automated candidate flag pending expert legal review. CourtListener's published-opinion coverage is not an all-case opportunity denominator.",massachusetts-v-epa-2007,549 U.S. 497 (2007),2007-04-03,2009-04-01,1437544,1437544,1437544,combined-opinion,ca9,9th Cir.,Natural Resources Defense Council v. United States Environmental Protection Agency,"NATURAL RESOURCES DEFENSE COUNCIL; Waterkeeper Alliance, Plaintiffs-Appellees, and State of Connecticut; New York State Department of Environmental Conservation; State of New York, Plaintiffs-Intervenors-Appellees, v. UNITED STATES ENVIRONMENTAL PROTECTION AGENCY; Stephen L. Johnson, Defendants-Appellants, and National Association of Home Builders; Associated General Contractors of America, Defendants-Intervenors-Appellants",274894,Published,542 F.3d 1235; 38 Envtl. L. Rep. (Envtl. Law Inst.) 20240; 67 ERC (BNA) 1662; 2008 U.S. App. LEXIS 19755; 2008 WL 4253944,ca9,unavailable,,no_document_url_in_search_result,,1,"542 F.3d 1235 (2008) NATURAL RESOURCES DEFENSE COUNCIL; Waterkeeper Alliance, Plaintiffs-Appellees, and State of Connecticut; New York State Department of Environmental Conservation; State of New York, Plaintiffs-intervenors-Appellees, v. UNITED STATES ENVIRONMENTAL PROTECTION AGENCY; Stephen L. Johnson, Defendants-Appellants, and National Association of Home Builders; Associated General Contractors of America, Defendants-intervenors-Appe",,public-full-text-unavailable,low,1,ca9|2008-09-18|docket:07551830755261
courtlistener-environmental-scotus-citation-events,massachusetts-v-epa-2007:3002339,https://www.courtlistener.com/opinion/3002339/sierra-club-v-franklin-county-powe/,lower-court-doctrinal-uptake,United States federal courts,549 U.S. 497 (2007),2007-04-02,Supreme Court of the United States,Massachusetts v. EPA,merits statutory judicial-review decision,2008-10-27,Court of Appeals for the Seventh Circuit,cited_context_only,2008-10-27,unclear,unclear,,,,,,,,,,,,06-4045,,,,,,"published CourtListener citation-linked U.S. federal circuit and district opinion documents filed in the fixed 730-day post-decision window, after documented provider-cluster deduplication",1,"Citation-linked doctrinal-treatment event. A zero-citation circuit is no observed event, not ignored precedent or noncompliance. The treatment value is an automated candidate flag pending expert legal review. CourtListener's published-opinion coverage is not an all-case opportunity denominator.",massachusetts-v-epa-2007,549 U.S. 497 (2007),2007-04-03,2009-04-01,3002339,1360935;3002339,3002339,combined-opinion,ca7,7th Cir.,Sierra Club v. Franklin County Powe,,2859569,Published,,ca7,available,https://storage.courtlistener.com/pdf/2008/10/27/sierra_club_v._franklin_county_powe.pdf,,,1,"In the United States Court of Appeals For the Seventh Circuit No. 06-4045 S IERRA C LUB, Plaintiff-Appellee, v. F RANKLIN C OUNTY P OWER OF ILLINOIS, LLC, formerly known as E NVIROP OWER OF ILLINOIS, LLC, E NVIROP OWER, LLC, and K HANJEE H OLDING (US), INC., Defendants-Appellants. Appeal from the United States D","te and particularized” because they affect her in a “personal and individual way.” See Lujan, 504 U.S. at 560 & n.1; Coalition for the Env’t v. Volpe, 504 F.2d 156, 167 (8th Cir. 1974) (holding that a proposed development that would increase pollution and traffic and limit plaintiffs’ views was a cognizable injury that deprived plaintiffs of aesthetic and psychological benefit). The defendants also argue that because the plant will take years to build, McKasson’s injury is not “actual or imminent” and does not meet the second requirement for injury in fact. But the defendants forget that threatened injury can satisfy Article III standing require- ments. See Babbitt v. United Farm Workers Nat’l Union, 442 U.S. 289, 298 (1979) (“[O]ne does not have to await the consummation of threatened injury to obtain preven- tive relief. If the injury is certainly impending that is enough.”); see also Massachusetts v. EPA, 127 S. Ct. 1438, 1455 (2007) (EPA’s refusal to regulate greenhouse gas emissions presented an imminent risk of harm); Mainstreet Org. of Realtors v. Calumet City, 505 F.3d 742, 744 (7th Cir. 2007) (“[S]tanding in the Article III sense does not require a certainty or even a very high probability that the plaintiff is complaining about a real injury, suffered or threatened.”). The Company claims that the PSD permit that it received is still valid, and it (strenuously) argues that it has actually begun construction of the plant. As a practical matter, it makes sense for Sierra Club to chal- lenge the validity of the Company’s permit now, rather than waiting until the plant is operational. See Lafleur, 300 No. 06-4045 11 F.3d at 270 (likely exposure to emissions from a proposed but not yet built facility was “certainly an injury-in-fact”). Moreover, while this suit has been pending, the Co […]  because they affect her in a “personal and individual way.” See Lujan, 504 U.S. at 560 & n.1; Coalition for the Env’t v. Volpe, 504 F.2d 156, 167 (8th Cir. 1974) (holding that a proposed development that would increase pollution and traffic and limit plaintiffs’ views was a cognizable injury that deprived plaintiffs of aesthetic and psychological benefit). The defendants also argue that because the plant will take years to build, McKasson’s injury is not “actual or imminent” and does not meet the second requirement for injury in fact. But the defendants forget that threatened injury can satisfy Article III standing require- ments. See Babbitt v. United Farm Workers Nat’l Union, 442 U.S. 289, 298 (1979) (“[O]ne does not have to await the consummation of threatened injury to obtain preven- tive relief. If the injury is certainly impending that is enough.”); see also Massachusetts v. EPA, 127 S. Ct. 1438, 1455 (2007) (EPA’s refusal to regulate greenhouse gas emissions presented an imminent risk of harm); Mainstreet Org. of Realtors v. Calumet City, 505 F.3d 742, 744 (7th Cir. 2007) (“[S]tanding in the Article III sense does not require a certainty or even a very high probability that the plaintiff is complaining about a real injury, suffered or threatened.”). The Company claims that the PSD permit that it received is still valid, and it (strenuously) argues that it has actually begun construction of the plant. As a practical matter, it makes sense for Sierra Club to chal- lenge the validity of the Company’s permit now, rather than waiting until the plant is operational. See Lafleur, 300 No. 06-4045 11 F.3d at 270 (likely exposure to emissions from a proposed but not yet built facility was “certainly an injury-in-fact”). Moreover, while this suit has been pending, the Company has again p",citation-anchor-without-directional-language,high,1,ca7|2008-10-27|docket:064045
courtlistener-environmental-scotus-citation-events,massachusetts-v-epa-2007:64043,https://www.courtlistener.com/opinion/64043/menard-v-federal-aviation-administration/,lower-court-doctrinal-uptake,United States federal courts,549 U.S. 497 (2007),2007-04-02,Supreme Court of the United States,Massachusetts v. EPA,merits statutory judicial-review decision,2008-11-10,Court of Appeals for the Fifth Circuit,cited_context_only,2008-11-10,unclear,unclear,,,,,,,,,,,,07-60592,,,,,,"published CourtListener citation-linked U.S. federal circuit and district opinion documents filed in the fixed 730-day post-decision window, after documented provider-cluster deduplication",1,"Citation-linked doctrinal-treatment event. A zero-citation circuit is no observed event, not ignored precedent or noncompliance. The treatment value is an automated candidate flag pending expert legal review. CourtListener's published-opinion coverage is not an all-case opportunity denominator.",massachusetts-v-epa-2007,549 U.S. 497 (2007),2007-04-03,2009-04-01,64043,64043,64043,combined-opinion,ca5,5th Cir.,Menard v. Federal Aviation Administration,"Lonny J. MENARD; Roxann Menard, Petitioners, v. FEDERAL AVIATION ADMINISTRATION, Respondent",1118320,Published,548 F.3d 353; 2008 U.S. App. LEXIS 23309; 2008 WL 4837684,ca5,available,https://storage.courtlistener.com/pdf/2008/11/10/Menard_et_al_v._FAA.pdf,,,1,"DeMOSS, Circuit Judge: In this case, we ask whether petitioners Lonny and Roxann Menard (“the Me-nards”) may compel respondent, the Federal Aviation Administration (“FAA”) to reverse course on two administrative decisions. The Menards contend that two airspace orders made by the FAA in 2007 were arbitrary and capricious, or alternatively, that the orders were subverted by prejudi","ome owners at Aero Estates refuse to heed the safety determinations by FAA;” the outcome of this petition will directly impact that ongoing case. In sum, we are 6 No. 07-60592 convinced that the FAA’s determinations may be reviewed by this court. See Sandell, 923 F.2d at 663-64 (holding that order issued pursuant to Part 157 was reviewable). Additionally, we note for purposes of completeness that the Menards have Article III and statutory standing to challenge the FAA orders. See BFI Waste Sys. of N. Am., Inc. v. FAA, 293 F.3d 527, 531 (D.C. Cir. 2002) (hereinafter “BFI”). The Menards have alleged that they will suffer a concrete and particularized “injury in fact,” to-wit, an imminent risk of collision, injury, or property damage; such harm is traceable to the FAA’s June 2007 airspace orders; and the harm would be “redressable by a favorable decision” from this court. See id.; see also Massachusetts v. EPA, 549 U.S. 497, 127 S. Ct. 1438, 1453 (2007). The Menards have a “substantial interest” in both of the June 2007 orders, and therefore have statutory standing to pursue this petition. See 49 U.S.C. § 46110(a). III. We now turn to the merits of the petition. We must apply the standard of review of the Administrative Procedure Act (APA), under which we review the administrative record and ask whether the FAA’s orders are “arbitrary, capricious, an abuse of discretion, or otherwise not in accordance with law.” 5 U.S.C. § 706(2)(A); see BFI, 293 F.3d at 532; Clark County v. FAA, 522 F.3d 437, 441 (D.C. Cir. 2008) (applying § 706(2)(A) because “[i]n [APA] parlance, the FAA did not conduct formal, on-the-record hearings; rather, its . . . determinations were the product of informal adjudication”) (emphasis in original). While our inquiry must be thorough, the standard is “highly deferential .  […] ates refuse to heed the safety determinations by FAA;” the outcome of this petition will directly impact that ongoing case. In sum, we are 6 No. 07-60592 convinced that the FAA’s determinations may be reviewed by this court. See Sandell, 923 F.2d at 663-64 (holding that order issued pursuant to Part 157 was reviewable). Additionally, we note for purposes of completeness that the Menards have Article III and statutory standing to challenge the FAA orders. See BFI Waste Sys. of N. Am., Inc. v. FAA, 293 F.3d 527, 531 (D.C. Cir. 2002) (hereinafter “BFI”). The Menards have alleged that they will suffer a concrete and particularized “injury in fact,” to-wit, an imminent risk of collision, injury, or property damage; such harm is traceable to the FAA’s June 2007 airspace orders; and the harm would be “redressable by a favorable decision” from this court. See id.; see also Massachusetts v. EPA, 549 U.S. 497, 127 S. Ct. 1438, 1453 (2007). The Menards have a “substantial interest” in both of the June 2007 orders, and therefore have statutory standing to pursue this petition. See 49 U.S.C. § 46110(a). III. We now turn to the merits of the petition. We must apply the standard of review of the Administrative Procedure Act (APA), under which we review the administrative record and ask whether the FAA’s orders are “arbitrary, capricious, an abuse of discretion, or otherwise not in accordance with law.” 5 U.S.C. § 706(2)(A); see BFI, 293 F.3d at 532; Clark County v. FAA, 522 F.3d 437, 441 (D.C. Cir. 2008) (applying § 706(2)(A) because “[i]n [APA] parlance, the FAA did not conduct formal, on-the-record hearings; rather, its . . . determinations were the product of informal adjudication”) (emphasis in original). While our inquiry must be thorough, the standard is “highly deferential . . . and we sho […]  heed the safety determinations by FAA;” the outcome of this petition will directly impact that ongoing case. In sum, we are 6 No. 07-60592 convinced that the FAA’s determinations may be reviewed by this court. See Sandell, 923 F.2d at 663-64 (holding that order issued pursuant to Part 157 was reviewable). Additionally, we note for purposes of completeness that the Menards have Article III and statutory standing to challenge the FAA orders. See BFI Waste Sys. of N. Am., Inc. v. FAA, 293 F.3d 527, 531 (D.C. Cir. 2002) (hereinafter “BFI”). The Menards have alleged that they will suffer a concrete and particularized “injury in fact,” to-wit, an imminent risk of collision, injury, or property damage; such harm is traceable to the FAA’s June 2007 airspace orders; and the harm would be “redressable by a favorable decision” from this court. See id.; see also Massachusetts v. EPA, 549 U.S. 497, 127 S. Ct. 1438, 1453 (2007). The Menards have a “substantial interest” in both of the June 2007 orders, and therefore have statutory standing to pursue this petition. See 49 U.S.C. § 46110(a). III. We now turn to the merits of the petition. We must apply the standard of review of the Administrative Procedure Act (APA), under which we review the administrative record and ask whether the FAA’s orders are “arbitrary, capricious, an abuse of discretion, or otherwise not in accordance with law.” 5 U.S.C. § 706(2)(A); see BFI, 293 F.3d at 532; Clark County v. FAA, 522 F.3d 437, 441 (D.C. Cir. 2008) (applying § 706(2)(A) because “[i]n [APA] parlance, the FAA did not conduct formal, on-the-record hearings; rather, its . . . determinations were the product of informal adjudication”) (emphasis in original). While our inquiry must be thorough, the standard is “highly deferential . . . and we should not substitut",citation-anchor-without-directional-language,high,1,ca5|2008-11-10|docket:0760592
courtlistener-environmental-scotus-citation-events,massachusetts-v-epa-2007:1027273,https://www.courtlistener.com/opinion/1027273/south-carolina-wildlife-federation-v-limehouse/,lower-court-doctrinal-uptake,United States federal courts,549 U.S. 497 (2007),2007-04-02,Supreme Court of the United States,Massachusetts v. EPA,merits statutory judicial-review decision,2008-12-05,Court of Appeals for the Fourth Circuit,cited_context_only,2008-12-05,unclear,unclear,,,,,,,,,,,,07-1431,,,,,,"published CourtListener citation-linked U.S. federal circuit and district opinion documents filed in the fixed 730-day post-decision window, after documented provider-cluster deduplication",1,"Citation-linked doctrinal-treatment event. A zero-citation circuit is no observed event, not ignored precedent or noncompliance. The treatment value is an automated candidate flag pending expert legal review. CourtListener's published-opinion coverage is not an all-case opportunity denominator.",massachusetts-v-epa-2007,549 U.S. 497 (2007),2007-04-03,2009-04-01,1027273,1027273,1027273,combined-opinion,ca4,4th Cir.,South Carolina Wildlife Federation v. Limehouse,"SOUTH CAROLINA WILDLIFE FEDERATION; South Carolina Coastal Conservation League; Audubon South Carolina, Plaintiffs-Appellees, v. H.B. LIMEHOUSE, Jr., Executive Director, South Carolina Department of Transportation, Defendant-Appellant, and Federal Highway Administration; Robert L. Lee, Division Administrator, Federal Highway Administration, Defendants",701072,Published,549 F.3d 324; 39 Envtl. L. Rep. (Envtl. Law Inst.) 20294; 2008 U.S. App. LEXIS 24722; 2008 WL 5103093,ca4,available,https://storage.courtlistener.com/pdf/2008/12/05/sc_wildlife_federation_v._limehouse.pdf,,,1,"549 F.3d 324 (2008) SOUTH CAROLINA WILDLIFE FEDERATION; South Carolina Coastal Conservation League; Audubon South Carolina, Plaintiffs-Appellees, v. H.B. LIMEHOUSE, Jr., Executive Director, South Carolina Department of Transportation, Defendant-Appellant, and Federal Highway Administration; Robert L. Lee, Division Administrator, Federal Highway Administration, Defendants. No. 07-1431. United States"," behalf of its members); id. at 738 (holding that harms to ""‘aesthetic, conservational, and recre- ational’ as well as economic values"" are cognizable injuries for the purposes of demonstrating standing (quoting Ass’n of Data Processing Serv. Orgs., Inc. v. Camp, 397 U.S. 150, 154 (1970))); see also Lujan, 504 U.S. at 562-63. In addition, SCWF traces the injury to the Connector that the Director and federal Defendants planned and developed and that they intend to finance and construct. Lastly, SCWF has shown that enjoining the Director from proceeding with the construction of the Connector, and requiring the reexamination of the proposal in accordance SO. CAROLINA WILDLIFE v. LIMEHOUSE 7 with NEPA, would redress its procedural and substantive con- cerns. The redressability of an injury to a procedural right turns on the potential impact of the court’s action on the injury-causing party. Massachusetts v. EPA, 127 S.Ct. 1438, 1453 (2007) (requiring that a litigant seeking to vindicate a procedural right show ""some possibility that the requested relief will prompt the injury-causing party to reconsider"" the decision). Circuit precedent establishes that there is standing to assert procedural allegations under NEPA against state defendants in order to preserve the environmental status quo pending federal review. See Ely v. Velde (""Ely II""), 497 F.2d 252, 257 (4th Cir. 1974) (finding that if a state were to under- take construction on a project subject to NEPA requirements absent procedural compliance with the Act, the federal court should enjoin such action); see also Sierra Club v. Hodel, 544 F.2d 1036, 1037 (9th Cir. 1976) (analyzing a NEPA claim that an actor failed to prepare a required EIS as presenting a federal question for the purposes of subject matter jurisdic- tion). The party seekin […] ); id. at 738 (holding that harms to ""‘aesthetic, conservational, and recre- ational’ as well as economic values"" are cognizable injuries for the purposes of demonstrating standing (quoting Ass’n of Data Processing Serv. Orgs., Inc. v. Camp, 397 U.S. 150, 154 (1970))); see also Lujan, 504 U.S. at 562-63. In addition, SCWF traces the injury to the Connector that the Director and federal Defendants planned and developed and that they intend to finance and construct. Lastly, SCWF has shown that enjoining the Director from proceeding with the construction of the Connector, and requiring the reexamination of the proposal in accordance SO. CAROLINA WILDLIFE v. LIMEHOUSE 7 with NEPA, would redress its procedural and substantive con- cerns. The redressability of an injury to a procedural right turns on the potential impact of the court’s action on the injury-causing party. Massachusetts v. EPA, 127 S.Ct. 1438, 1453 (2007) (requiring that a litigant seeking to vindicate a procedural right show ""some possibility that the requested relief will prompt the injury-causing party to reconsider"" the decision). Circuit precedent establishes that there is standing to assert procedural allegations under NEPA against state defendants in order to preserve the environmental status quo pending federal review. See Ely v. Velde (""Ely II""), 497 F.2d 252, 257 (4th Cir. 1974) (finding that if a state were to under- take construction on a project subject to NEPA requirements absent procedural compliance with the Act, the federal court should enjoin such action); see also Sierra Club v. Hodel, 544 F.2d 1036, 1037 (9th Cir. 1976) (analyzing a NEPA claim that an actor failed to prepare a required EIS as presenting a federal question for the purposes of subject matter jurisdic- tion). The party seeking an injunction ",citation-anchor-without-directional-language,high,1,ca4|2008-12-05|docket:071431
courtlistener-environmental-scotus-citation-events,massachusetts-v-epa-2007:171496,https://www.courtlistener.com/opinion/171496/protocols-llc-v-leavitt/,lower-court-doctrinal-uptake,United States federal courts,549 U.S. 497 (2007),2007-04-02,Supreme Court of the United States,Massachusetts v. EPA,merits statutory judicial-review decision,2008-12-11,Court of Appeals for the Tenth Circuit,cited_context_only,2008-12-11,unclear,unclear,,,,,,,,,,,,07-1175,,,,,,"published CourtListener citation-linked U.S. federal circuit and district opinion documents filed in the fixed 730-day post-decision window, after documented provider-cluster deduplication",1,"Citation-linked doctrinal-treatment event. A zero-citation circuit is no observed event, not ignored precedent or noncompliance. The treatment value is an automated candidate flag pending expert legal review. CourtListener's published-opinion coverage is not an all-case opportunity denominator.",massachusetts-v-epa-2007,549 U.S. 497 (2007),2007-04-03,2009-04-01,171496,171496,171496,combined-opinion,ca10,10th Cir.,"PROTOCOLS, LLC v. Leavitt","PROTOCOLS, LLC, Also Known as Medical Settlement Protocols, LLC; Sagrillo Hammond Dineen & Kastetter, LLC, Plaintiffs-Appellants, v. Michael O. LEAVITT, in His Capacity as the Secretary of the Department of Health and Human Services; Kerry N. Weems, in His Capacity as Acting Administrator of the Centers for Medicare and Medicaid Services, Defendants-Appellees",1590770,Published,549 F.3d 1294; 2008 WL 5188854,ca10,available,https://storage.courtlistener.com/pdf/2008/12/11/Protocols_LLC_vs._Leavitt.pdf,,,1,"549 F.3d 1294 (2008) PROTOCOLS, LLC, also known as Medical Settlement Protocols, LLC; Sagrillo Hammond Dineen & Kastetter, LLC, Plaintiffs-Appellants, v. Michael O. LEAVITT, in his capacity as the Secretary of the Department of Health and Human Services; Kerry N. Weems,[*] in his capacity as Acting Administrator of the Centers for Medicare and Medicaid Services, Defendants-Appellees. No. 07-1175.","Preminger v. Peake, 536 F.3d 1000, 1005 n.3 (9th Cir. 2008); Houston Chronicle Publ’g Co. v. City of League City, 488 F.3d 613, 617 (5th Cir. 2007); Gen. Instrument Corp. -9- v. Nu-Tek Elec. & Mfg., Inc., 197 F.3d 83, 86 (3d Cir. 1999). But because this appeal is from a summary judgment, there is no fact finding to review. B. Standing Article III of the United States Constitution restricts the judicial authority to deciding “Cases” and “Controversies.” U.S. Const. art. III § 2. The case-or- controversy requirement “is satisfied only where a plaintiff has standing.” Sprint Commc’ns Co. v. APCC Servs., Inc., 128 S. Ct. 2531, 2535 (2008). To satisfy the standing requirement, a plaintiff must have “such a personal stake in the outcome of the controversy as to assure that concrete adverseness which sharpens the presentation of issues upon which the court so largely depends for illumination.” Massachusetts v. EPA, 127 S. Ct. 1438, 1453 (2007) (internal quotation marks omitted). Accordingly, standing depends on the plaintiff’s showing (1) “an injury in fact that is both concrete and particularized as well as actual or imminent”; (2) a causal relationship between the injury and the challenged conduct; and (3) a likelihood that the injury would be redressed by a favorable decision. Wyoming ex rel. Crank, 539 F.3d at 1241. This showing “must be supported in the same way as any other matter on which the plaintiff bears the burden of proof, i.e., with the manner and degree of evidence required at the successive stages of the litigation.” Lujan v. Defenders of Wildlife, 504 U.S. 555, 561 (1992). In particular, to avoid a summary judgment, the plaintiff “must set forth by affidavit -10- or other evidence specific facts” supporting standing. Id. (internal quotation marks omitted). We address each element […] 6 F.3d 1000, 1005 n.3 (9th Cir. 2008); Houston Chronicle Publ’g Co. v. City of League City, 488 F.3d 613, 617 (5th Cir. 2007); Gen. Instrument Corp. -9- v. Nu-Tek Elec. & Mfg., Inc., 197 F.3d 83, 86 (3d Cir. 1999). But because this appeal is from a summary judgment, there is no fact finding to review. B. Standing Article III of the United States Constitution restricts the judicial authority to deciding “Cases” and “Controversies.” U.S. Const. art. III § 2. The case-or- controversy requirement “is satisfied only where a plaintiff has standing.” Sprint Commc’ns Co. v. APCC Servs., Inc., 128 S. Ct. 2531, 2535 (2008). To satisfy the standing requirement, a plaintiff must have “such a personal stake in the outcome of the controversy as to assure that concrete adverseness which sharpens the presentation of issues upon which the court so largely depends for illumination.” Massachusetts v. EPA, 127 S. Ct. 1438, 1453 (2007) (internal quotation marks omitted). Accordingly, standing depends on the plaintiff’s showing (1) “an injury in fact that is both concrete and particularized as well as actual or imminent”; (2) a causal relationship between the injury and the challenged conduct; and (3) a likelihood that the injury would be redressed by a favorable decision. Wyoming ex rel. Crank, 539 F.3d at 1241. This showing “must be supported in the same way as any other matter on which the plaintiff bears the burden of proof, i.e., with the manner and degree of evidence required at the successive stages of the litigation.” Lujan v. Defenders of Wildlife, 504 U.S. 555, 561 (1992). In particular, to avoid a summary judgment, the plaintiff “must set forth by affidavit -10- or other evidence specific facts” supporting standing. Id. (internal quotation marks omitted). We address each element in turn. As we u",citation-anchor-without-directional-language,high,1,ca10|2008-12-11|docket:071175
courtlistener-environmental-scotus-citation-events,massachusetts-v-epa-2007:2344832,https://www.courtlistener.com/opinion/2344832/sevin-v-parish-of-jefferson/,lower-court-doctrinal-uptake,United States federal courts,549 U.S. 497 (2007),2007-04-02,Supreme Court of the United States,Massachusetts v. EPA,merits statutory judicial-review decision,2008-12-16,"District Court, E.D. Louisiana",unclear,2008-12-16,unclear,unclear,,,,,,,,,,,,Civil Action 08-802,,,,,,"published CourtListener citation-linked U.S. federal circuit and district opinion documents filed in the fixed 730-day post-decision window, after documented provider-cluster deduplication",1,"Citation-linked doctrinal-treatment event. A zero-citation circuit is no observed event, not ignored precedent or noncompliance. The treatment value is an automated candidate flag pending expert legal review. CourtListener's published-opinion coverage is not an all-case opportunity denominator.",massachusetts-v-epa-2007,549 U.S. 497 (2007),2007-04-03,2009-04-01,2344832,2344832,2344832,combined-opinion,laed,E.D. La.,Sevin v. Parish of Jefferson,"Barry SEVIN, Et Al. v. PARISH OF JEFFERSON, Et Al.",2215370,Published,632 F. Supp. 2d 586; 2008 U.S. Dist. LEXIS 109621; 2008 WL 5273718,ca5,unavailable,,no_document_url_in_search_result,,1,"632 F.Supp.2d 586 (2008) Barry SEVIN, et al. v. PARISH OF JEFFERSON, et al. Civil Action No. 08-802. United States District Court, E.D. Louisiana. December 16, 2008. *588 Joseph R. McMahon, III, Anthony Scott Maska, Joseph R. McMahon, III, PLC, Metairie, LA, for Barry Sevin. Guice Anthony Giambrone, III, Craig R. Watson, B",,public-full-text-unavailable,low,1,laed|2008-12-16|docket:civilaction08802
courtlistener-environmental-scotus-citation-events,massachusetts-v-epa-2007:3054267,https://www.courtlistener.com/opinion/3054267/state-of-oregon-v-legal-services-corp/,lower-court-doctrinal-uptake,United States federal courts,549 U.S. 497 (2007),2007-04-02,Supreme Court of the United States,Massachusetts v. EPA,merits statutory judicial-review decision,2009-01-08,Court of Appeals for the Ninth Circuit,cited_context_only,2009-01-08,unclear,unclear,,,,,,,,,,,,06-36012,,,,,,"published CourtListener citation-linked U.S. federal circuit and district opinion documents filed in the fixed 730-day post-decision window, after documented provider-cluster deduplication",1,"Citation-linked doctrinal-treatment event. A zero-citation circuit is no observed event, not ignored precedent or noncompliance. The treatment value is an automated candidate flag pending expert legal review. CourtListener's published-opinion coverage is not an all-case opportunity denominator.",massachusetts-v-epa-2007,549 U.S. 497 (2007),2007-04-03,2009-04-01,3054267,1241425;3054267,3054267,combined-opinion,ca9,9th Cir.,State of Oregon v. Legal Services Corp.,,2911693,Published,,ca9,available,https://storage.courtlistener.com/pdf/2009/01/08/state_of_oregon_v._legal_services_corp..pdf,,,1,"FOR PUBLICATION UNITED STATES COURT OF APPEALS FOR THE NINTH CIRCUIT STATE OF OREGON,  Plaintiff-Appellant, No. 06-36012 v. D.C. No. LEGAL SERVICES CORPORATION,  CV-05-01443- Defendant-Appellee, REJ/PP UNITED STATES OF AMERICA, OPINION Intervenor-Appellee.","le] to the challenged action of the defendant, and not . . . the result [of] the independent action of some third party not before the court.” Simon v. Eastern Ky. Welfare Rights Organization, 426 U.S. 26, 41-42 (1976). Third, it must be “likely,” as opposed to merely “speculative,” that the injury will be “redressed by a favorable decision.” Id. at 38, 43. 504 U.S. at 560-61 (footnote and some internal citations omit- ted). Before applying these requirements to the facts of this case, however, we must first consider what impact, if any, Oregon’s status as a state as opposed to a private party has on the standing inquiry. A. State Standing: Quasi-Sovereign Interests The Supreme Court has recognized that “States are not nor- mal litigants for the purposes of invoking federal jurisdic- tion,” and have interests and capabilities beyond those of an individual by virtue of their sovereignty. Massachusetts v. EPA, 549 U.S. 497, 127 S. Ct. 1438, 1454 (2007). The Court in Massachusetts focused principally on the state’s sovereign interest in its territory and its ability to preserve clean air for its citizens. Id. The Court has elsewhere characterized a state’s unique prerogatives as a parens patriae action stem- ming from “a ‘quasi-sovereign’ interest” defined rather vaguely as “a set of interests that the State has in the well- being of its populace.” Alfred L. Snapp & Son, Inc. v. Puerto Rico, 458 U.S. 592, 601-02 (1982). OREGON v. LEGAL SERVICES CORP. 125 However, the Supreme Court has also recognized that “the concept [of special State standing due to the quasi-sovereign interest] risks being too vague to survive the standing require- ments . . . . [Therefore, a] quasi-sovereign interest must be sufficiently concrete to create an actual controversy between the State and the defendant.” Id. at […] action of the defendant, and not . . . the result [of] the independent action of some third party not before the court.” Simon v. Eastern Ky. Welfare Rights Organization, 426 U.S. 26, 41-42 (1976). Third, it must be “likely,” as opposed to merely “speculative,” that the injury will be “redressed by a favorable decision.” Id. at 38, 43. 504 U.S. at 560-61 (footnote and some internal citations omit- ted). Before applying these requirements to the facts of this case, however, we must first consider what impact, if any, Oregon’s status as a state as opposed to a private party has on the standing inquiry. A. State Standing: Quasi-Sovereign Interests The Supreme Court has recognized that “States are not nor- mal litigants for the purposes of invoking federal jurisdic- tion,” and have interests and capabilities beyond those of an individual by virtue of their sovereignty. Massachusetts v. EPA, 549 U.S. 497, 127 S. Ct. 1438, 1454 (2007). The Court in Massachusetts focused principally on the state’s sovereign interest in its territory and its ability to preserve clean air for its citizens. Id. The Court has elsewhere characterized a state’s unique prerogatives as a parens patriae action stem- ming from “a ‘quasi-sovereign’ interest” defined rather vaguely as “a set of interests that the State has in the well- being of its populace.” Alfred L. Snapp & Son, Inc. v. Puerto Rico, 458 U.S. 592, 601-02 (1982). OREGON v. LEGAL SERVICES CORP. 125 However, the Supreme Court has also recognized that “the concept [of special State standing due to the quasi-sovereign interest] risks being too vague to survive the standing require- ments . . . . [Therefore, a] quasi-sovereign interest must be sufficiently concrete to create an actual controversy between the State and the defendant.” Id. at 602. Furtherm […] defendant, and not . . . the result [of] the independent action of some third party not before the court.” Simon v. Eastern Ky. Welfare Rights Organization, 426 U.S. 26, 41-42 (1976). Third, it must be “likely,” as opposed to merely “speculative,” that the injury will be “redressed by a favorable decision.” Id. at 38, 43. 504 U.S. at 560-61 (footnote and some internal citations omit- ted). Before applying these requirements to the facts of this case, however, we must first consider what impact, if any, Oregon’s status as a state as opposed to a private party has on the standing inquiry. A. State Standing: Quasi-Sovereign Interests The Supreme Court has recognized that “States are not nor- mal litigants for the purposes of invoking federal jurisdic- tion,” and have interests and capabilities beyond those of an individual by virtue of their sovereignty. Massachusetts v. EPA, 549 U.S. 497, 127 S. Ct. 1438, 1454 (2007). The Court in Massachusetts focused principally on the state’s sovereign interest in its territory and its ability to preserve clean air for its citizens. Id. The Court has elsewhere characterized a state’s unique prerogatives as a parens patriae action stem- ming from “a ‘quasi-sovereign’ interest” defined rather vaguely as “a set of interests that the State has in the well- being of its populace.” Alfred L. Snapp & Son, Inc. v. Puerto Rico, 458 U.S. 592, 601-02 (1982). OREGON v. LEGAL SERVICES CORP. 125 However, the Supreme Court has also recognized that “the concept [of special State standing due to the quasi-sovereign interest] risks being too vague to survive the standing require- ments . . . . [Therefore, a] quasi-sovereign interest must be sufficiently concrete to create an actual controversy between the State and the defendant.” Id. at 602. Furthermore, “[i]nterests",citation-anchor-without-directional-language,high,1,ca9|2009-01-08|docket:0636012
courtlistener-environmental-scotus-citation-events,massachusetts-v-epa-2007:2562300,https://www.courtlistener.com/opinion/2562300/freedom-holdings-inc-v-cuomo/,lower-court-doctrinal-uptake,United States federal courts,549 U.S. 497 (2007),2007-04-02,Supreme Court of the United States,Massachusetts v. EPA,merits statutory judicial-review decision,2009-01-12,"District Court, S.D. New York",unclear,2009-01-12,unclear,unclear,,,,,,,,,,,,02 Civ. 2939 (AKH),,,,,,"published CourtListener citation-linked U.S. federal circuit and district opinion documents filed in the fixed 730-day post-decision window, after documented provider-cluster deduplication",1,"Citation-linked doctrinal-treatment event. A zero-citation circuit is no observed event, not ignored precedent or noncompliance. The treatment value is an automated candidate flag pending expert legal review. CourtListener's published-opinion coverage is not an all-case opportunity denominator.",massachusetts-v-epa-2007,549 U.S. 497 (2007),2007-04-03,2009-04-01,2562300,2562300,2562300,combined-opinion,nysd,S.D.N.Y.,"Freedom Holdings, Inc. v. Cuomo","FREEDOM HOLDINGS, INC. D/B/A North American Trading Company, and International Tobacco Partners, Ltd., Plaintiffs, v. Andrew M. CUOMO, in His Official Capacity as Attorney General of the State of New York, and Robert L. Megna, in His Official Capacity as Commissioner of Taxation and Finance of the State of New York, Defendants",2427670,Published,592 F. Supp. 2d 684; 2009 U.S. Dist. LEXIS 1788; 2009 WL 59066,ca2,unavailable,,no_document_url_in_search_result,,1,"592 F.Supp.2d 684 (2009) FREEDOM HOLDINGS, INC. d/b/a North American Trading Company, and International Tobacco Partners, Ltd., Plaintiffs, v. Andrew M. CUOMO, in his official capacity as Attorney General of the State of New York, and Robert L. Megna, in his official capacity as Commissioner of Taxation and Finance of the State of New York, Defendants. No. 02 Civ. 2939 (AKH). United States District Cou",,public-full-text-unavailable,low,1,nysd|2009-01-12|docket:02civ2939akh
courtlistener-environmental-scotus-citation-events,massachusetts-v-epa-2007:2372309,https://www.courtlistener.com/opinion/2372309/amidax-trading-group-v-swift-scrl/,lower-court-doctrinal-uptake,United States federal courts,549 U.S. 497 (2007),2007-04-02,Supreme Court of the United States,Massachusetts v. EPA,merits statutory judicial-review decision,2009-02-13,"District Court, S.D. New York",unclear,2009-02-13,unclear,unclear,,,,,,,,,,,,08 Civ. 5689(PKC),,,,,,"published CourtListener citation-linked U.S. federal circuit and district opinion documents filed in the fixed 730-day post-decision window, after documented provider-cluster deduplication",1,"Citation-linked doctrinal-treatment event. A zero-citation circuit is no observed event, not ignored precedent or noncompliance. The treatment value is an automated candidate flag pending expert legal review. CourtListener's published-opinion coverage is not an all-case opportunity denominator.",massachusetts-v-epa-2007,549 U.S. 497 (2007),2007-04-03,2009-04-01,2372309,2372309,2372309,combined-opinion,nysd,S.D.N.Y.,Amidax Trading Group v. S.W.I.F.T. SCRL,"AMIDAX TRADING GROUP, on Behalf of Itself and All Others Similarly Situated, Plaintiff, v. S.W.I.F.T. SCRL, S.W.I.F.T. Pan-Americas, Inc., S.W.I.F.T., Inc., John Snow, in His Personal and Professional Capacities, Stuart Levey, in His Personal and Professional Capacities, United States Department of the Treasury, George W. Bush, in His Personal and Professional Capacities, Central Intelligence Agency, Richard Cheney, in His Personal and Professional Capacities, George Tenet, in His Personal and Professional Capacities, Michael Hayden, in His Personal and Professional Capacities, and Henry M. Paulson, Jr., in His Personal and Professional Capacities, Defendants",2273380,Published,607 F. Supp. 2d 500; 2009 U.S. Dist. LEXIS 11548; 2009 WL 361949,ca2,unavailable,,no_document_url_in_search_result,,1,"607 F.Supp.2d 500 (2009) AMIDAX TRADING GROUP, on behalf of itself and all others similarly situated, Plaintiff, v. S.W.I.F.T. SCRL, S.W.I.F.T. Pan-Americas, Inc., S.W.I.F.T., Inc., John Snow, in his personal and professional capacities, Stuart Levey, in his personal and professional capacities, United States Department of the Treasury, George W. Bush, in his personal and professional capacities, Central Intelligence Agency, Richard Cheney, in hi",,public-full-text-unavailable,low,1,nysd|2009-02-13|docket:08civ5689pkc
courtlistener-environmental-scotus-citation-events,massachusetts-v-epa-2007:3046880,https://www.courtlistener.com/opinion/3046880/common-cause-pa-v-comm-pa/,lower-court-doctrinal-uptake,United States federal courts,549 U.S. 497 (2007),2007-04-02,Supreme Court of the United States,Massachusetts v. EPA,merits statutory judicial-review decision,2009-02-26,Court of Appeals for the Third Circuit,cited_context_only,2009-02-26,unclear,unclear,,,,,,,,,,,,06-3391,,,,,,"published CourtListener citation-linked U.S. federal circuit and district opinion documents filed in the fixed 730-day post-decision window, after documented provider-cluster deduplication",1,"Citation-linked doctrinal-treatment event. A zero-citation circuit is no observed event, not ignored precedent or noncompliance. The treatment value is an automated candidate flag pending expert legal review. CourtListener's published-opinion coverage is not an all-case opportunity denominator.",massachusetts-v-epa-2007,549 U.S. 497 (2007),2007-04-03,2009-04-01,3046880,1354990;3046880,3046880,combined-opinion,ca3,3rd Cir.,Common Cause PA v. Comm PA,,2904306,Published,,ca3,available,https://storage.courtlistener.com/pdf/2009/02/26/common_cause_pa_v._comm_pa.pdf,,,1,Opinions of the United 2009 Decisions States Court of Appeals for the Third Circuit 2-26-2009 Common Cause PA v. Comm PA Precedential or Non,"t appropriately addressed in the representative branches.” V alley Forge Christian Coll., 454 U .S. at 474-75 (quoting W arth v. Seldin, 422 U.S. 490, 499-500 (1975)). 3. G eneralized grievances “W hether styled as a constitutional or prudential limit on standing, the [Supreme] Court has sometimes determined that where large numbers of Americans suffer alike, the political process, rather than the judicial process, may provide the more appropriate remedy for a widely shared grievance.” Fed. Election Comm’n v. Akins, 524 U.S. 11, 23 (1998) (citing cases). Based upon this reasoning, the Supreme “Court repeatedly has rejected claims of standing predicated on the right, possessed by every citizen, to require that the Government be administered according to law.” Valley Forge Christian Coll., 454 U.S. at 482-83 (quotation, alteration omitted; citing cases); see also M assachusetts v. E.P.A., 549 U.S. 497, 516-17 (2007) (“W e will not . . . entertain citizen suits to vindicate the public’s nonconcrete interest in the proper administration of the laws.”); Lance v. Coffman, 549 U.S. 437, 442 (2007) (per curiam) (noting that the “[t]he only injury plaintiffs allege is that the law . . . has not been followed. This injury is precisely the kind of undifferentiated, generalized grievance about the conduct of government that we have refused to countenance in the past.”); Lujan, 504 U.S. at 573-74 (“W e have consistently held that a plaintiff raising only a generally available grievance about government–claiming only harm to his and every citizen’s interest in proper application of the 21 Constitution and law s, and seeking relief that no more directly and tangibly benefits him than it does the public at large–does not state an Article III case or controversy.”); id. at 573-77 (citing cases); Go",citation-anchor-without-directional-language,high,1,ca3|2009-02-26|docket:063391
courtlistener-environmental-scotus-citation-events,massachusetts-v-epa-2007:65030,https://www.courtlistener.com/opinion/65030/arthur-w-tifford-pa-v-tandem-energy-corp/,lower-court-doctrinal-uptake,United States federal courts,549 U.S. 497 (2007),2007-04-02,Supreme Court of the United States,Massachusetts v. EPA,merits statutory judicial-review decision,2009-03-11,Court of Appeals for the Fifth Circuit,cited_context_only,2009-03-11,unclear,unclear,,,,,,,,,,,,08-50413,,,,,,"published CourtListener citation-linked U.S. federal circuit and district opinion documents filed in the fixed 730-day post-decision window, after documented provider-cluster deduplication",1,"Citation-linked doctrinal-treatment event. A zero-citation circuit is no observed event, not ignored precedent or noncompliance. The treatment value is an automated candidate flag pending expert legal review. CourtListener's published-opinion coverage is not an all-case opportunity denominator.",massachusetts-v-epa-2007,549 U.S. 497 (2007),2007-04-03,2009-04-01,65030,65030,65030,combined-opinion,ca5,5th Cir.,"ARTHUR W. TIFFORD, PA v. Tandem Energy Corp.","ARTHUR W. TIFFORD, PA, Plaintiff-Appellant, v. TANDEM ENERGY CORPORATION, a Colorado Corporation; Tandem Energy Holdings, Inc., a Nevada Corporation; Todd M. Yocham; Tim G. Culp; Jack Chambers; Michael Cunningham, Defendants-Appellees",47378,Published,562 F.3d 699; 2009 U.S. App. LEXIS 10089; 2009 WL 607344,ca5,available,https://storage.courtlistener.com/pdf/2009/03/11/Tifford_v._Tandem_Energy_Corp_et_al.pdf,,,1,"562 F.3d 699 (2009) ARTHUR W. TIFFORD, PA, Plaintiff-Appellant, v. TANDEM ENERGY CORPORATION, a Colorado corporation; Tandem Energy Holdings, Inc., a Nevada corporation; Todd M. Yocham; Tim G. Culp; Jack Chambers; Michael Cunningham, Defendants-Appellees. No. 08-50413. United States Court of Appeals, Fifth Circuit. March 11, 2009. *702<","standing because it is not the real party in interest under F ED. R. C IV. P. 17 and has a 40% interest in the shares, not an undivided interest. Mortensen transferred Certificate 1069 to Tifford, not 8 No. 08-50413 Universal Express (the judgment creditor), because Tifford had a contractual interest in the Florida litigation. This contractual interest gave Tifford a stake in the shares, endowing it with the status of a “real and substantial party to the controversy,” as opposed a mere agent or interested bystander. See Corfield v. Dallas Glen Hills LP, 355 F.3d 853, 863 (5th Cir. 2003); see also Ensley v. Cody Res., Inc., 171 F.3d 315, 319-21 (5th Cir. 1999) (distinguishing between jurisdictional Article III standing and prudential “real party in interest” requirement). Moreover, forty percent of the damages sought, over $12 million, is still a “concrete and particularized” injury. See Massachusetts v. E.P.A., 549 U.S. 497, 517 (2007); cf. id. at 522 (reasoning that even when an injury is “widely shared” a litigant’s individual interest is not diminished for standing purposes). The absence of other potential litigants, even a real party in interest, can be excused or cured. See F ED. R. C IV. P. 17(a)(3). Additionally, if an indispensable party cannot be joined (because there is no personal jurisdiction or because joinder would destroy diversity of citizenship), dismissal may be appropriate. See F ED. R. C IV. P. 19(b). As Defendants have yet to file answers in this case, such matters are better left to the discretion of the district court upon remand. Lastly, Defendants assert that, in transferring Certificate 1069 to Tifford, Universal Express violated an injunction issued by the United States District Court for the Southern District of New York. If such is the case, the proper remedy is a […] t the real party in interest under F ED. R. C IV. P. 17 and has a 40% interest in the shares, not an undivided interest. Mortensen transferred Certificate 1069 to Tifford, not 8 No. 08-50413 Universal Express (the judgment creditor), because Tifford had a contractual interest in the Florida litigation. This contractual interest gave Tifford a stake in the shares, endowing it with the status of a “real and substantial party to the controversy,” as opposed a mere agent or interested bystander. See Corfield v. Dallas Glen Hills LP, 355 F.3d 853, 863 (5th Cir. 2003); see also Ensley v. Cody Res., Inc., 171 F.3d 315, 319-21 (5th Cir. 1999) (distinguishing between jurisdictional Article III standing and prudential “real party in interest” requirement). Moreover, forty percent of the damages sought, over $12 million, is still a “concrete and particularized” injury. See Massachusetts v. E.P.A., 549 U.S. 497, 517 (2007); cf. id. at 522 (reasoning that even when an injury is “widely shared” a litigant’s individual interest is not diminished for standing purposes). The absence of other potential litigants, even a real party in interest, can be excused or cured. See F ED. R. C IV. P. 17(a)(3). Additionally, if an indispensable party cannot be joined (because there is no personal jurisdiction or because joinder would destroy diversity of citizenship), dismissal may be appropriate. See F ED. R. C IV. P. 19(b). As Defendants have yet to file answers in this case, such matters are better left to the discretion of the district court upon remand. Lastly, Defendants assert that, in transferring Certificate 1069 to Tifford, Universal Express violated an injunction issued by the United States District Court for the Southern District of New York. If such is the case, the proper remedy is a contempt proc",citation-anchor-without-directional-language,high,1,ca5|2009-03-11|docket:0850413
courtlistener-environmental-scotus-citation-events,massachusetts-v-epa-2007:187324,https://www.courtlistener.com/opinion/187324/delaware-department-of-natural-resources-environmental-control-v-federal/,lower-court-doctrinal-uptake,United States federal courts,549 U.S. 497 (2007),2007-04-02,Supreme Court of the United States,Massachusetts v. EPA,merits statutory judicial-review decision,2009-03-13,Court of Appeals for the D.C. Circuit,cited_context_only,2009-03-13,unclear,unclear,,,,,,,,,,,,07-1007,,,,,,"published CourtListener citation-linked U.S. federal circuit and district opinion documents filed in the fixed 730-day post-decision window, after documented provider-cluster deduplication",1,"Citation-linked doctrinal-treatment event. A zero-citation circuit is no observed event, not ignored precedent or noncompliance. The treatment value is an automated candidate flag pending expert legal review. CourtListener's published-opinion coverage is not an all-case opportunity denominator.",massachusetts-v-epa-2007,549 U.S. 497 (2007),2007-04-03,2009-04-01,187324,187324,187324,combined-opinion,cadc,D.C. Cir.,Delaware Department of Natural Resources & Environmental Control v. Federal Energy Regulatory Commission,"DELAWARE DEPARTMENT OF NATURAL RESOURCES AND ENVIRONMENTAL CONTROL, Petitioner v. FEDERAL ENERGY REGULATORY COMMISSION, Respondent Crown Landing LLC and Statoil Natural Gas, LLC, Intervenors",547107,Published,558 F.3d 575; 385 U.S. App. D.C. 59; 39 Envtl. L. Rep. (Envtl. Law Inst.) 20063; 2009 U.S. App. LEXIS 5284; 2009 WL 635118,cadc,available,https://storage.courtlistener.com/pdf/2009/03/13/DE_Dept_Nat_Resrc_v._FERC.pdf,,,1,"558 F.3d 575 (2009) DELAWARE DEPARTMENT OF NATURAL RESOURCES AND ENVIRONMENTAL CONTROL, Petitioner v. FEDERAL ENERGY REGULATORY COMMISSION, Respondent Crown Landing LLC and Statoil Natural Gas, LLC, Intervenors. No. 07-1007. United States Court of Appeals, District of Columbia Circuit. Argued February 19, 2009. Decided March 13, 2009. Scott H. Angst","tive of Delaware. Texas argued that it had been subjected to an “invalid administrative process” devised by the Secretary of the Interior to deal with approval of Indian gaming activities. But the key to the court’s conclusion that Texas had suffered an injury-in-fact was that Texas had been deprived of an alleged statutory procedural protection–a court finding on whether Texas had negotiated in bad faith–that bore on the likelihood of an ultimate concrete injury, i.e., the Secretary’s approval of an Indian gaming proposal. In that regard, the case is no different from a failure to issue an environmental impact statement that can affect whether or not a project injurious to the plaintiff will be built. Lujan, 504 U.S. at 573 n.7. See also Summers v. Earth Island Inst., 555 U.S. __, No. 07-463, slip op. at 8-9 (Mar. 3, 2009).6 6 Delaware heavily relies on the Supreme Court’s statement in Massachusetts v. EPA that state petitioners are “entitled to special solicitude in [courts’] standing analysis.” 127 S. Ct. 1438, 1454-55 (2007) (quotation marks omitted). This special solicitude does not eliminate the state petitioner’s obligation to establish a concrete injury, as Justice Stevens’ opinion amply indicates. Indeed, the opinion devotes a full section to the “harms associated with climate change,” id. at 1455, on its way to holding in the state’s favor. 10 In sum, because FERC’s order–as it stands now–cannot possibly authorize Crown Landing’s project absent the approval of Delaware, the state has suffered no injury-in-fact, and thus lacks standing. For the foregoing reasons, the petition for review is dismissed. So ordered. […] ecretary of the Interior to deal with approval of Indian gaming activities. But the key to the court’s conclusion that Texas had suffered an injury-in-fact was that Texas had been deprived of an alleged statutory procedural protection–a court finding on whether Texas had negotiated in bad faith–that bore on the likelihood of an ultimate concrete injury, i.e., the Secretary’s approval of an Indian gaming proposal. In that regard, the case is no different from a failure to issue an environmental impact statement that can affect whether or not a project injurious to the plaintiff will be built. Lujan, 504 U.S. at 573 n.7. See also Summers v. Earth Island Inst., 555 U.S. __, No. 07-463, slip op. at 8-9 (Mar. 3, 2009).6 6 Delaware heavily relies on the Supreme Court’s statement in Massachusetts v. EPA that state petitioners are “entitled to special solicitude in [courts’] standing analysis.” 127 S. Ct. 1438, 1454-55 (2007) (quotation marks omitted). This special solicitude does not eliminate the state petitioner’s obligation to establish a concrete injury, as Justice Stevens’ opinion amply indicates. Indeed, the opinion devotes a full section to the “harms associated with climate change,” id. at 1455, on its way to holding in the state’s favor. 10 In sum, because FERC’s order–as it stands now–cannot possibly authorize Crown Landing’s project absent the approval of Delaware, the state has suffered no injury-in-fact, and thus lacks standing. For the foregoing reasons, the petition for review is dismissed. So ordered.",citation-anchor-without-directional-language,high,1,cadc|2009-03-13|docket:071007
courtlistener-environmental-scotus-citation-events,massachusetts-v-epa-2007:2157433,https://www.courtlistener.com/opinion/2157433/cleveland-housing-renewal-project-v-deutsche-bank-trust-co/,lower-court-doctrinal-uptake,United States federal courts,549 U.S. 497 (2007),2007-04-02,Supreme Court of the United States,Massachusetts v. EPA,merits statutory judicial-review decision,2009-03-26,"District Court, N.D. Ohio",unclear,2009-03-26,unclear,unclear,,,,,,,,,,,,Case 1:08-CV-3003,,,,,,"published CourtListener citation-linked U.S. federal circuit and district opinion documents filed in the fixed 730-day post-decision window, after documented provider-cluster deduplication",1,"Citation-linked doctrinal-treatment event. A zero-citation circuit is no observed event, not ignored precedent or noncompliance. The treatment value is an automated candidate flag pending expert legal review. CourtListener's published-opinion coverage is not an all-case opportunity denominator.",massachusetts-v-epa-2007,549 U.S. 497 (2007),2007-04-03,2009-04-01,2157433,2157433,2157433,combined-opinion,ohnd,N.D. Ohio,Cleveland Housing Renewal Project v. Deutsche Bank Trust Co.,"CLEVELAND HOUSING RENEWAL PROJECT, Plaintiff, v. DEUTSCHE BANK TRUST COMPANY, Et Al., Defendants",2027860,Published,606 F. Supp. 2d 698; 2009 U.S. Dist. LEXIS 29413; 2009 WL 794487,ca6,unavailable,,no_document_url_in_search_result,,1,"606 F.Supp.2d 698 (2009) CLEVELAND HOUSING RENEWAL PROJECT, Plaintiff, v. DEUTSCHE BANK TRUST COMPANY, et al., Defendants. Case No. 1:08-CV-3003. United States District Court, N.D. Ohio, Eastern Division. March 26, 2009. *701 Thomas C. Wagner, Roger W. Van Deusen, Van Deusen & Wagner, Kermit J. Lind, Cleveland, OH, for Plaint",,public-full-text-unavailable,low,1,ohnd|2009-03-26|docket:case108cv3003
courtlistener-environmental-scotus-citation-events,massachusetts-v-epa-2007:2157037,https://www.courtlistener.com/opinion/2157037/alliance-to-save-the-mattaponi-v-united-states-army-corps-of-engineers/,lower-court-doctrinal-uptake,United States federal courts,549 U.S. 497 (2007),2007-04-02,Supreme Court of the United States,Massachusetts v. EPA,merits statutory judicial-review decision,2009-03-31,"District Court, District of Columbia",unclear,2009-03-31,unclear,unclear,,,,,,,,,,,,Civil Action 06-01268 (HHK),,,,,,"published CourtListener citation-linked U.S. federal circuit and district opinion documents filed in the fixed 730-day post-decision window, after documented provider-cluster deduplication",1,"Citation-linked doctrinal-treatment event. A zero-citation circuit is no observed event, not ignored precedent or noncompliance. The treatment value is an automated candidate flag pending expert legal review. CourtListener's published-opinion coverage is not an all-case opportunity denominator.",massachusetts-v-epa-2007,549 U.S. 497 (2007),2007-04-03,2009-04-01,2157037,2157037,2157037,combined-opinion,dcd,D.D.C.,Alliance to Save the Mattaponi v. United States Army Corps of Engineers,"ALLIANCE TO SAVE THE MATTAPONI, Et Al., Plaintiffs, v. UNITED STATES ARMY CORPS OF ENGINEERS, Et Al., Defendants",2027468,Published,606 F. Supp. 2d 121; 39 Envtl. L. Rep. (Envtl. Law Inst.) 20079; 69 ERC (BNA) 1968; 2009 U.S. Dist. LEXIS 57217; 2009 WL 890111,cadc,unavailable,,no_document_url_in_search_result,,1,"606 F.Supp.2d 121 (2009) ALLIANCE TO SAVE THE MATTAPONI, et al., Plaintiffs, v. UNITED STATES ARMY CORPS OF ENGINEERS, et al., Defendants. Civil Action No. 06-01268 (HHK). United States District Court, District of Columbia. March 31, 2009. *123 Deborah M. Murray, Southern Environmental Law Center, Charlottesville, VA, Jon A. Muel",,public-full-text-unavailable,low,1,dcd|2009-03-31|docket:civilaction0601268hhk
courtlistener-environmental-scotus-citation-events,massachusetts-v-epa-2007:2668309,https://www.courtlistener.com/opinion/2668309/alliance-to-save-the-mattaponi-v-united-states-arm/,lower-court-doctrinal-uptake,United States federal courts,549 U.S. 497 (2007),2007-04-02,Supreme Court of the United States,Massachusetts v. EPA,merits statutory judicial-review decision,2009-03-31,"District Court, District of Columbia",cited_context_only,2009-03-31,unclear,unclear,,,,,,,,,,,,Civil Action No. 2006-1268,,,,,,"published CourtListener citation-linked U.S. federal circuit and district opinion documents filed in the fixed 730-day post-decision window, after documented provider-cluster deduplication",1,"Citation-linked doctrinal-treatment event. A zero-citation circuit is no observed event, not ignored precedent or noncompliance. The treatment value is an automated candidate flag pending expert legal review. CourtListener's published-opinion coverage is not an all-case opportunity denominator.",massachusetts-v-epa-2007,549 U.S. 497 (2007),2007-04-03,2009-04-01,2668309,2668309,2668309,combined-opinion,dcd,D.D.C.,Alliance to Save the Mattaponi v. United States Army Corps of Engineers,,231351,Published,,cadc,available,https://storage.courtlistener.com/pdf/2009/03/31/alliance_to_save_the_mattaponi_v._united_states_army_corps_of_engineers.pdf,,,1,"UNITED STATES DISTRICT COURT FOR THE DISTRICT OF COLUMBIA ALLIANCE TO SAVE THE MATTAPONI, et al., Plaintiffs, v. Civil Action 06-01268 (HHK) UNITED STATES ARMY CORPS OF ENGINEERS, et al., Defendants. MEMORANDUM OPINION Plaintiffs Alliance to Save the Mattaponi (“Alliance”","er review are equally unavailing. While the Clean Water Act requires the Administrator to provide for notice and comment in the course of determining whether or not to veto a permit, this does not constitute an entirely separate decision to “initiate the Section 404(c) process,” see Corps’ Mot. Summ. J. at 52, but is simply part of the process through which the Administrator may make the determination of unacceptable adverse effects that will allow him to veto the permit. The statute authorizes the Administrator to veto a permit “whenever he determines . . . that [it] will have an unacceptable adverse effect . . . .” 33 U.S.C. § 1344(c) (emphasis added). To be sure, this grants the Administrator “a degree of discretion.” Her Majesty the Queen in Right of Ontario v. U.S. EPA, 912 F.2d 1525, 1533 (D.C. Cir. 1990). But this discretion “is not a roving license to ignore the statutory text.” Massachusetts v. EPA, 549 U.S. 497, 533 (2007). Instead, the Administrator’s exercise of discretion must relate to whether the permit will “have an unacceptable adverse effect on municipal water supplies, shellfish beds and fishery areas . . . , wildlife, or recreational areas.” See 33 U.S.C. § 1344(c). 31 Here, it is clear that the Administrator’s decision not to veto the permit was not based on his determination that the permit would not likely have unacceptable adverse effects, but on a whole range of other reasons completely divorced from the statutory text. The Regional Administrator (who, by regulation, must first recommend that the Administrator deny a permit, see 40 C.F.R. § 231.1) based his decision on his determination that engaging in the required notice and comment proceedings would divert resources; that given the extensive public process provided by the Corps, another such process would be unl […] unavailing. While the Clean Water Act requires the Administrator to provide for notice and comment in the course of determining whether or not to veto a permit, this does not constitute an entirely separate decision to “initiate the Section 404(c) process,” see Corps’ Mot. Summ. J. at 52, but is simply part of the process through which the Administrator may make the determination of unacceptable adverse effects that will allow him to veto the permit. The statute authorizes the Administrator to veto a permit “whenever he determines . . . that [it] will have an unacceptable adverse effect . . . .” 33 U.S.C. § 1344(c) (emphasis added). To be sure, this grants the Administrator “a degree of discretion.” Her Majesty the Queen in Right of Ontario v. U.S. EPA, 912 F.2d 1525, 1533 (D.C. Cir. 1990). But this discretion “is not a roving license to ignore the statutory text.” Massachusetts v. EPA, 549 U.S. 497, 533 (2007). Instead, the Administrator’s exercise of discretion must relate to whether the permit will “have an unacceptable adverse effect on municipal water supplies, shellfish beds and fishery areas . . . , wildlife, or recreational areas.” See 33 U.S.C. § 1344(c). 31 Here, it is clear that the Administrator’s decision not to veto the permit was not based on his determination that the permit would not likely have unacceptable adverse effects, but on a whole range of other reasons completely divorced from the statutory text. The Regional Administrator (who, by regulation, must first recommend that the Administrator deny a permit, see 40 C.F.R. § 231.1) based his decision on his determination that engaging in the required notice and comment proceedings would divert resources; that given the extensive public process provided by the Corps, another such process would be unlikely to add a",citation-anchor-without-directional-language,high,1,dcd|2009-03-31|docket:civilactionno20061268
courtlistener-environmental-scotus-citation-events,michigan-v-epa-2015:2828218,https://www.courtlistener.com/opinion/2828218/bryana-bible-v-united-student-aid-funds-inc/,lower-court-doctrinal-uptake,United States federal courts,576 U.S. 743 (2015),2015-06-29,Supreme Court of the United States,Michigan v. EPA,merits statutory judicial-review decision,2015-08-18,Court of Appeals for the Seventh Circuit,cited_context_only,2015-08-18,unclear,unclear,,,,,,,,,,,,14-1806,,,,,,"published CourtListener citation-linked U.S. federal circuit and district opinion documents filed in the fixed 730-day post-decision window, after documented provider-cluster deduplication",1,"Citation-linked doctrinal-treatment event. A zero-citation circuit is no observed event, not ignored precedent or noncompliance. The treatment value is an automated candidate flag pending expert legal review. CourtListener's published-opinion coverage is not an all-case opportunity denominator.",michigan-v-epa-2015,576 U.S. 743 (2015),2015-06-30,2017-06-28,2828218,2828218,2828218,combined-opinion,ca7,7th Cir.,"Bryana Bible v. United Student Aid Funds, Inc.","Bryana BIBLE, Individually and on Behalf of the Proposed Class, Plaintiff-Appellant, v. UNITED STUDENT AID FUNDS, INC., Defendant-Appellee",2685148,Published,799 F.3d 633; 2015 U.S. App. LEXIS 14503; 2015 WL 4911412,ca7,available,https://storage.courtlistener.com/pdf/2015/08/18/bryana_bible_v._united_student_aid_funds_inc..pdf,,,1,"In the United States Court of Appeals For the Seventh Circuit ____________________ No. 14-1806 BRYANA BIBLE, Individually and on Behalf of the Proposed Class, Plaintiff-Appellant, v. UNITED STUDENT AID FUNDS, INC., Defendant-Appellee. ____________________ Appeal from the Un","d). The Secretary’s interpretation of “reasonable collection costs” in 20 U.S.C. § 1091a(b)(1) is reasonable. The Secretary interprets “reasonable” to mean that similar costs must be assessed against borrowers who are at similar stages of de- linquency. Under the Secretary’s view, a borrower who promptly enters into a voluntary repayment agreement and complies with that agreement, thereby obviating the need for the guarantor to initiate costly debt collection proce- dures, is not similarly situated to someone who does not, thereby forcing the guarantor to undertake costly debt col- lection procedures. Even if we thought the interpretation urged by USA Funds were better in the abstract, “a court may not substi- tute its own construction of a statutory provision for a rea- sonable interpretation made by the administrator of an agency.” Chevron, 467 U.S. at 844 (footnote omitted); see also Michigan v. EPA, 576 U.S. —, 135 S. Ct. 2699, 2707 (2015) (“Chevron directs courts to accept an agency’s reasonable resolution of an ambiguity in a statute that the agency ad- ministers.”); Chemical Mfrs. Ass’n v. Natural Resources Defense Council, Inc., 470 U.S. 116, 125 (1985) (“This view of the agen- 28 No. 14-1806 cy charged with administering the statute is entitled to con- siderable deference; and to sustain it, we need not find that it is the only permissible construction that EPA might have adopted but only that EPA’s understanding of this very ‘complex statute’ is a sufficiently rational one to preclude a court from substituting its judgment for that of EPA.”). USA Funds has not shown that the Secretary’s interpreta- tion is unworthy of deference. The Secretary’s decision to in- terpret 34 C.F.R. § 682.410(b)(5)(ii) as creating a safe harbor for borrowers in Bible’s position is not plainly err […] ation of “reasonable collection costs” in 20 U.S.C. § 1091a(b)(1) is reasonable. The Secretary interprets “reasonable” to mean that similar costs must be assessed against borrowers who are at similar stages of de- linquency. Under the Secretary’s view, a borrower who promptly enters into a voluntary repayment agreement and complies with that agreement, thereby obviating the need for the guarantor to initiate costly debt collection proce- dures, is not similarly situated to someone who does not, thereby forcing the guarantor to undertake costly debt col- lection procedures. Even if we thought the interpretation urged by USA Funds were better in the abstract, “a court may not substi- tute its own construction of a statutory provision for a rea- sonable interpretation made by the administrator of an agency.” Chevron, 467 U.S. at 844 (footnote omitted); see also Michigan v. EPA, 576 U.S. —, 135 S. Ct. 2699, 2707 (2015) (“Chevron directs courts to accept an agency’s reasonable resolution of an ambiguity in a statute that the agency ad- ministers.”); Chemical Mfrs. Ass’n v. Natural Resources Defense Council, Inc., 470 U.S. 116, 125 (1985) (“This view of the agen- 28 No. 14-1806 cy charged with administering the statute is entitled to con- siderable deference; and to sustain it, we need not find that it is the only permissible construction that EPA might have adopted but only that EPA’s understanding of this very ‘complex statute’ is a sufficiently rational one to preclude a court from substituting its judgment for that of EPA.”). USA Funds has not shown that the Secretary’s interpreta- tion is unworthy of deference. The Secretary’s decision to in- terpret 34 C.F.R. § 682.410(b)(5)(ii) as creating a safe harbor for borrowers in Bible’s position is not plainly erroneous or inconsistent with t […] to impose potentially massive liability on [USA Funds] for conduct that occurred well before that interpretation was announced.” Christopher v. SmithKline Beecham Corp., 132 S. Ct. 2156, 2167 (2012) (quotation marks omitted). 82 No. 14-1806 The Department’s recent July 10, 2015, letter purporting to “restate and clarify the rules” (provided to the court by the Department as a “citation of additional authority”) is nothing short of an admission that the Department’s rule is entirely new. Ultimately, the Department is not interpreting the regulations. Instead, What [the Department] claims for itself here is not the power to make political judgments in implementing Congress’ policies, nor even the power to make tradeoffs between competing policy goals set by Congress. It is the power to decide—without any particular fidelity to the text—which policy goals [the Department] wishes to pursue. Michigan v. E.P.A., 135 S. Ct. 2699, 2713 (2015) (Thomas, J., concurring) (citation omitted). This raises serious constitu- tional questions. The Department’s interpretation is not entitled to defer- ence. Furthermore, even if the Department truly interpreted the statutes and regulations prior to the events of this case as it claims, we cannot apply the interpretation to USA Funds. To subject USA Funds—indeed, an entire industry—to RICO liability based on a rule that was never enforced—and only recently announced—is manifestly unjust. For all of these reasons, I respectfully dissent.",citation-anchor-without-directional-language,high,1,ca7|2015-08-18|docket:141806
courtlistener-environmental-scotus-citation-events,michigan-v-epa-2015:3006745,https://www.courtlistener.com/opinion/3006745/john-barks-v-silver-bait-llc/,lower-court-doctrinal-uptake,United States federal courts,576 U.S. 743 (2015),2015-06-29,Supreme Court of the United States,Michigan v. EPA,merits statutory judicial-review decision,2015-10-02,Court of Appeals for the Sixth Circuit,cited_context_only,2015-10-02,unclear,unclear,,,,,,,,,,,,15-5175,,,,,,"published CourtListener citation-linked U.S. federal circuit and district opinion documents filed in the fixed 730-day post-decision window, after documented provider-cluster deduplication",1,"Citation-linked doctrinal-treatment event. A zero-citation circuit is no observed event, not ignored precedent or noncompliance. The treatment value is an automated candidate flag pending expert legal review. CourtListener's published-opinion coverage is not an all-case opportunity denominator.",michigan-v-epa-2015,576 U.S. 743 (2015),2015-06-30,2017-06-28,3006745,3006745,3006745,combined-opinion,ca6,6th Cir.,John Barks v. Silver Bait LLC,"John BARKS and Brenda Hoffman, on Behalf of Themselves and Others Similarly Situated, Plaintiffs-Appellants, v. SILVER BAIT, LLC and Bruno Durant, Individually, Defendants-Appellees",2864015,Published,802 F.3d 856; 25 Wage & Hour Cas.2d (BNA) 669; 2015 FED App. 0242P; 2015 U.S. App. LEXIS 17310; 2015 WL 5751618,ca6,available,https://storage.courtlistener.com/pdf/2015/10/02/john_barks_v._silver_bait_llc.pdf,,,1,"OPINION HELENE N. WHITE, Circuit Judge. John Barks and Brenda Hoffman appeal the district court’s declaratory judgment, entered after a bench trial, holding that the term “agriculture” in the Fair Labor Standards Act (FLSA) includes the activities of their former employer, Silver Bait LLC (Silver Bait), in growing and raising worms for sale as fishing bait.","ulture. Bayside Enters., Inc. v. NLRB, 429 U.S. 298, 300 & n.7 (1977). Second, agriculture is defined to include non-farming activities that are closely related to farming. 29 U.S.C. § 213(b)(12); see also 29 C.F.R. § 780.105(c). This “broader meaning” of the term reaches “any practices . . . that are performed either by a farmer or on a farm, incidently [sic] to or in conjunction with ‘such’ farming operations.” Farmers Reservoir & Irrigation, 337 U.S. at 763. The cases describe this category as “secondary” agriculture. Bayside Enters., 429 U.S. at 300 & n.7. By the express terms of the definition, the two categories are related. Without primary agriculture, there can be no secondary agriculture. The Department of Labor has offered interpretive guidance in 29 C.F.R. pt. 780. Courts must “accept an agency’s reasonable resolution of an ambiguity in a statute that the agency administers,” Michigan v. EPA, 135 S. Ct. 2699, 2707 (2015), but only where the agency has “received congressional authority to determine the particular matter at issue in the particular manner adopted,” City of Arlington v. FCC, 133 S. Ct. 1863, 1874 (2013). Here, the Department’s views were published in interpretive bulletins authored by the Administrator of the Wage and Hour Division, who expressly declined to exercise the Department’s rulemaking authority. 37 Fed. Reg. 12,084, 12,119 (June 17, 1972); see also U.S. Dep’t of Labor v. N.C. Growers Ass’n, 377 F.3d 345, 352 (4th Cir. 2004); 29 C.F.R. § 780.5. Thus, we consider the Department’s views only according to their power to persuade, mindful of the Department’s expertise and thorough consideration of the issue. Christensen v. Harris Cty., 529 U.S. 576, 587 (2000); Skidmore v. Swift & Co., 323 U.S. 134, 140 (1944); Atrium Med. Ctr. v. U.S. Dep’t of Health & Hu […] nters., Inc. v. NLRB, 429 U.S. 298, 300 & n.7 (1977). Second, agriculture is defined to include non-farming activities that are closely related to farming. 29 U.S.C. § 213(b)(12); see also 29 C.F.R. § 780.105(c). This “broader meaning” of the term reaches “any practices . . . that are performed either by a farmer or on a farm, incidently [sic] to or in conjunction with ‘such’ farming operations.” Farmers Reservoir & Irrigation, 337 U.S. at 763. The cases describe this category as “secondary” agriculture. Bayside Enters., 429 U.S. at 300 & n.7. By the express terms of the definition, the two categories are related. Without primary agriculture, there can be no secondary agriculture. The Department of Labor has offered interpretive guidance in 29 C.F.R. pt. 780. Courts must “accept an agency’s reasonable resolution of an ambiguity in a statute that the agency administers,” Michigan v. EPA, 135 S. Ct. 2699, 2707 (2015), but only where the agency has “received congressional authority to determine the particular matter at issue in the particular manner adopted,” City of Arlington v. FCC, 133 S. Ct. 1863, 1874 (2013). Here, the Department’s views were published in interpretive bulletins authored by the Administrator of the Wage and Hour Division, who expressly declined to exercise the Department’s rulemaking authority. 37 Fed. Reg. 12,084, 12,119 (June 17, 1972); see also U.S. Dep’t of Labor v. N.C. Growers Ass’n, 377 F.3d 345, 352 (4th Cir. 2004); 29 C.F.R. § 780.5. Thus, we consider the Department’s views only according to their power to persuade, mindful of the Department’s expertise and thorough consideration of the issue. Christensen v. Harris Cty., 529 U.S. 576, 587 (2000); Skidmore v. Swift & Co., 323 U.S. 134, 140 (1944); Atrium Med. Ctr. v. U.S. Dep’t of Health & Human Servs., 766 F",citation-anchor-without-directional-language,high,1,ca6|2015-10-02|docket:155175
courtlistener-environmental-scotus-citation-events,michigan-v-epa-2015:3007001,https://www.courtlistener.com/opinion/3007001/nrdc-v-epa/,lower-court-doctrinal-uptake,United States federal courts,576 U.S. 743 (2015),2015-06-29,Supreme Court of the United States,Michigan v. EPA,merits statutory judicial-review decision,2015-10-05,Court of Appeals for the Second Circuit,cited_context_only,2015-10-05,unclear,unclear,,,,,,,,,,,,13-1745(L),,,,,,"published CourtListener citation-linked U.S. federal circuit and district opinion documents filed in the fixed 730-day post-decision window, after documented provider-cluster deduplication",1,"Citation-linked doctrinal-treatment event. A zero-citation circuit is no observed event, not ignored precedent or noncompliance. The treatment value is an automated candidate flag pending expert legal review. CourtListener's published-opinion coverage is not an all-case opportunity denominator.",michigan-v-epa-2015,576 U.S. 743 (2015),2015-06-30,2017-06-28,3007001,3007001,3007001,combined-opinion,ca2,2d Cir.,NRDC v. EPA,,2864278,Published,,ca2,available,https://storage.courtlistener.com/pdf/2015/10/05/nrdc_v._epa.pdf,,,1,"13‐1745(L) NRDC v. EPA 13‐1745(L) NRDC v. EPA UNITED STATES COURT OF APPEALS FOR THE SECOND CIRCUIT August Term 2014 (Argued: January 30, 2015 Decided: October 5, 2015)"," determine whether the agencyʹs actions were ʺarbitrary and capricious,ʺ we consider whether the agency ʹrelied on factors which Congress has not intended it to consider, entirely failed to consider an important aspect of the problem, offered an explanation for its decision that runs counter to the evidence before the agency, or is so implausible that it could not be ascribed to a difference in view or the product of agency expertise.ʹ Islander E. Pipeline Co. v. McCarthy, 525 F.3d 141, 150‐51 (2d Cir. 2008) (quoting Motor Vehicle Mfrs. Assʹn. v. State Farm Mut. Ins. Co., 463 U.S. 29, 43 (1983)). We must be ʺsatisfied from the record that ʹthe agency . . . examine[d] the relevant data and articulate[d] a satisfactory explanation for its action.ʹʺ Id. at 151 (quoting State Farm, 463 U.S. at 43). An agencyʹs action is lawful ʺonly if it rests ʹon a consideration of the relevant factors.ʹʺ Michigan v. EPA, 135 S. Ct. 2699, 2706 (2015) (quoting State Farm, 463 U.S. at 43). We afford the agencyʹs decision greater deference regarding factual questions involving scientific matters in its area of technical expertise. See Balt. Gas & Elec. Co. v. NRDC, 462 U.S. 87, 103 (1983); Envtl. Def. v. EPA, 369 F.3d 193, 204 (2d Cir. 2004). In addition, judicial review of statutory interpretation by an agency is governed by Chevron U.S.A. Inc. v. NRDC, 467 U.S. 837, 842‐45 (1984). Under ‐24‐ Chevron, we must first determine ʺwhether Congress has directly spoken to the precise question at issueʺ in the CWA. Id. at 842. If so, we must give effect to the unambiguously expressed intent of Congress. Id. at 842‐43. ʺ[I]f the statute is silent or ambiguous with respect to the specific issue, the question for the court is whether the agencyʹs answer is based on a permissible construction of the statute.ʺ Id. at  […] r the agencyʹs actions were ʺarbitrary and capricious,ʺ we consider whether the agency ʹrelied on factors which Congress has not intended it to consider, entirely failed to consider an important aspect of the problem, offered an explanation for its decision that runs counter to the evidence before the agency, or is so implausible that it could not be ascribed to a difference in view or the product of agency expertise.ʹ Islander E. Pipeline Co. v. McCarthy, 525 F.3d 141, 150‐51 (2d Cir. 2008) (quoting Motor Vehicle Mfrs. Assʹn. v. State Farm Mut. Ins. Co., 463 U.S. 29, 43 (1983)). We must be ʺsatisfied from the record that ʹthe agency . . . examine[d] the relevant data and articulate[d] a satisfactory explanation for its action.ʹʺ Id. at 151 (quoting State Farm, 463 U.S. at 43). An agencyʹs action is lawful ʺonly if it rests ʹon a consideration of the relevant factors.ʹʺ Michigan v. EPA, 135 S. Ct. 2699, 2706 (2015) (quoting State Farm, 463 U.S. at 43). We afford the agencyʹs decision greater deference regarding factual questions involving scientific matters in its area of technical expertise. See Balt. Gas & Elec. Co. v. NRDC, 462 U.S. 87, 103 (1983); Envtl. Def. v. EPA, 369 F.3d 193, 204 (2d Cir. 2004). In addition, judicial review of statutory interpretation by an agency is governed by Chevron U.S.A. Inc. v. NRDC, 467 U.S. 837, 842‐45 (1984). Under ‐24‐ Chevron, we must first determine ʺwhether Congress has directly spoken to the precise question at issueʺ in the CWA. Id. at 842. If so, we must give effect to the unambiguously expressed intent of Congress. Id. at 842‐43. ʺ[I]f the statute is silent or ambiguous with respect to the specific issue, the question for the court is whether the agencyʹs answer is based on a permissible construction of the statute.ʺ Id. at 843. As the Supre […] oting State Farm, 463 U.S. at 43). We afford the agencyʹs decision greater deference regarding factual questions involving scientific matters in its area of technical expertise. See Balt. Gas & Elec. Co. v. NRDC, 462 U.S. 87, 103 (1983); Envtl. Def. v. EPA, 369 F.3d 193, 204 (2d Cir. 2004). In addition, judicial review of statutory interpretation by an agency is governed by Chevron U.S.A. Inc. v. NRDC, 467 U.S. 837, 842‐45 (1984). Under ‐24‐ Chevron, we must first determine ʺwhether Congress has directly spoken to the precise question at issueʺ in the CWA. Id. at 842. If so, we must give effect to the unambiguously expressed intent of Congress. Id. at 842‐43. ʺ[I]f the statute is silent or ambiguous with respect to the specific issue, the question for the court is whether the agencyʹs answer is based on a permissible construction of the statute.ʺ Id. at 843. As the Supreme Court held in Michigan v. EPA, ʺ[e]ven under this deferential standard, however, ʹagencies must operate within the bounds of reasonable interpretation.ʹʺ 135 S. Ct. at 2707 (quoting Util. Air Regulatory Grp. v. EPA, 134 S. Ct. 2427, 2442 (2014)). We also grant deference to EPAʹs interpretation of its own regulations ʺunless that interpretation is ʹplainly erroneous or inconsistent with the regulation.ʺ Chase Bank USA, N.A. v. McCoy, 131 S. Ct. 871, 880 (2011) (quoting Auer v. Robbins, 519 U.S. 452, 461 (1997)). B. Petitionersʹ Challenge Here, petitioners challenge EPAʹs issuance of the 2013 VGP as arbitrary and capricious, and not in accordance with law, on a number of grounds. First, petitioners argue that the TBELs are arbitrary and capricious. Specifically, petitioners assert that EPA acted arbitrarily and capriciously and not ‐25‐ in accordance with the law when it: (1) selected the IMO standard as the standard ",citation-anchor-without-directional-language,high,1,ca2|2015-10-05|docket:131745l
courtlistener-environmental-scotus-citation-events,michigan-v-epa-2015:8413742,https://www.courtlistener.com/opinion/8442479/natural-resources-defense-council-v-united-states-environmental-protection/,lower-court-doctrinal-uptake,United States federal courts,576 U.S. 743 (2015),2015-06-29,Supreme Court of the United States,Michigan v. EPA,merits statutory judicial-review decision,2015-10-05,Court of Appeals for the Second Circuit,unclear,2015-10-05,unclear,unclear,,,,,,,,,,,,13-1745,,,,,,"published CourtListener citation-linked U.S. federal circuit and district opinion documents filed in the fixed 730-day post-decision window, after documented provider-cluster deduplication",1,"Citation-linked doctrinal-treatment event. A zero-citation circuit is no observed event, not ignored precedent or noncompliance. The treatment value is an automated candidate flag pending expert legal review. CourtListener's published-opinion coverage is not an all-case opportunity denominator.",michigan-v-epa-2015,576 U.S. 743 (2015),2015-06-30,2017-06-28,8442479,8442479,8413742,lead-opinion,ca2,2d Cir.,Natural Resources Defense Council v. United States Environmental Protection Agency,"NATURAL RESOURCES DEFENSE COUNCIL, Northwest Environmental Advocates, Center for Biological Diversity, and National Wildlife Federation v. UNITED STATES ENVIRONMENTAL PROTECTION AGENCY, Lake Carriers' Association and Canadian Shipowners Association, Intervenors",65661533,Published,808 F.3d 556; 2016 A.M.C. 55; 2015 U.S. App. LEXIS 22163,ca2,unavailable,,no_document_url_in_search_result,,1,"CHIN, Circuit Judge: This case arises from the efforts of the Environmental Protection Agency (“EPA”) pursuant to section 402(a) of the Clean Water Act (the “CWA”), 33 U.S.C. § 1342(a), to regulate the discharge of ballast water from ships.1 A ship takes on and discharges ballast water to compensate for changes in its weight caused by activities such as loading and unloading cargo or consuming fu",,public-full-text-unavailable,low,1,ca2|2015-10-05|docket:131745
courtlistener-environmental-scotus-citation-events,michigan-v-epa-2015:3148970,https://www.courtlistener.com/opinion/3148970/kentucky-coal-assn-v-tennessee-valley-authority/,lower-court-doctrinal-uptake,United States federal courts,576 U.S. 743 (2015),2015-06-29,Supreme Court of the United States,Michigan v. EPA,merits statutory judicial-review decision,2015-10-23,Court of Appeals for the Sixth Circuit,cited_context_only,2015-10-23,unclear,unclear,,,,,,,,,,,,15-5163,,,,,,"published CourtListener citation-linked U.S. federal circuit and district opinion documents filed in the fixed 730-day post-decision window, after documented provider-cluster deduplication",1,"Citation-linked doctrinal-treatment event. A zero-citation circuit is no observed event, not ignored precedent or noncompliance. The treatment value is an automated candidate flag pending expert legal review. CourtListener's published-opinion coverage is not an all-case opportunity denominator.",michigan-v-epa-2015,576 U.S. 743 (2015),2015-06-30,2017-06-28,3148970,3148970,3148970,combined-opinion,ca6,6th Cir.,Kentucky Coal Ass'n v. Tennessee Valley Authority,"KENTUCKY COAL ASSOCIATION, INC.; James Rogers, III; J.L. Rogers Family, LLC; Talmage Rogers; Talmar of FL, LLC; Pat Early; Kirstine Early; Buckingham Hollow, LLC; Kevin Lawrence; Big Bucks, LLC, Plaintiffs-Appellants, v. TENNESSEE VALLEY AUTHORITY, Defendant-Appellee",3006583,Published,804 F.3d 799; 2015 FED App. 0254P; 81 ERC (BNA) 1425; 2015 U.S. App. LEXIS 18455; 2015 WL 6405298,ca6,available,https://storage.courtlistener.com/pdf/2015/10/23/kentucky_coal_association_v._tva.pdf,,,1,"OPINION SUTTON, Circuit Judge. When the Tennessee Valley Authority decided to switch from coal to natural-gas generation at one of its power plants in Kentucky, many local landowners were not happy. They thought that the conversion would damage the local economy and harm the environment to boot. Any judicial power to halt such a project arises only if th","creas[es] [the] amount of coal-fired capacity [to be] idled,” uses “natural gas as an intermediate supply source,” and adds new natural-gas generation to the grid, all again to the end of advancing the objectives of the Plan. AR 1692. The decision in the final analysis seeks to achieve “adequate and reliable service to electric customers of the [TVA] at the lowest system cost,” 16 U.S.C. § 831m-1(b)(1), placing it comfortably within the requirements of the Plan and the Act. The plaintiffs see it differently. They argue that the TVA did not follow the Plan when making the Paradise decision and claim that two facts prove the point. No. 15-5163 Kentucky Coal Ass’n, et al. v. TVA Page 5 The first fact is that retrofitting the plant would “cost substantially less” (at least in the short run) than switching to gas, AR 190—$19.33 less per consumer per year according to the plaintiffs. Invoking Michigan v. EPA, 135 S. Ct. 2699 (2015), the plaintiffs contend it was unreasonable for the TVA to pick the more expensive option. But the plaintiffs overlook the reality that the term “costs,” before and after Michigan, means more than dollars and cents. Id. at 2707. Yes, it includes “all direct and quantifiable net costs for an energy resource over its available life, including the cost of production, transportation, utilization, waste management, [and] environmental compliance.” 16 U.S.C. § 831m-1(b)(3). But it also includes “harms that [a decision] might do to human health or the environment.” Michigan, 135 S. Ct. at 2707. The TVA considered all of these costs when making the Paradise decision, and it reasonably concluded that its decision would do more good than ill when measured by these considerations. See id. That suffices to uphold its decision. The plaintiffs also rely on the fact that the Pa […] mount of coal-fired capacity [to be] idled,” uses “natural gas as an intermediate supply source,” and adds new natural-gas generation to the grid, all again to the end of advancing the objectives of the Plan. AR 1692. The decision in the final analysis seeks to achieve “adequate and reliable service to electric customers of the [TVA] at the lowest system cost,” 16 U.S.C. § 831m-1(b)(1), placing it comfortably within the requirements of the Plan and the Act. The plaintiffs see it differently. They argue that the TVA did not follow the Plan when making the Paradise decision and claim that two facts prove the point. No. 15-5163 Kentucky Coal Ass’n, et al. v. TVA Page 5 The first fact is that retrofitting the plant would “cost substantially less” (at least in the short run) than switching to gas, AR 190—$19.33 less per consumer per year according to the plaintiffs. Invoking Michigan v. EPA, 135 S. Ct. 2699 (2015), the plaintiffs contend it was unreasonable for the TVA to pick the more expensive option. But the plaintiffs overlook the reality that the term “costs,” before and after Michigan, means more than dollars and cents. Id. at 2707. Yes, it includes “all direct and quantifiable net costs for an energy resource over its available life, including the cost of production, transportation, utilization, waste management, [and] environmental compliance.” 16 U.S.C. § 831m-1(b)(3). But it also includes “harms that [a decision] might do to human health or the environment.” Michigan, 135 S. Ct. at 2707. The TVA considered all of these costs when making the Paradise decision, and it reasonably concluded that its decision would do more good than ill when measured by these considerations. See id. That suffices to uphold its decision. The plaintiffs also rely on the fact that the Paradise decision c",citation-anchor-without-directional-language,high,1,ca6|2015-10-23|docket:155163
courtlistener-environmental-scotus-citation-events,michigan-v-epa-2015:3163899,https://www.courtlistener.com/opinion/3163899/nrdc-v-epa/,lower-court-doctrinal-uptake,United States federal courts,576 U.S. 743 (2015),2015-06-29,Supreme Court of the United States,Michigan v. EPA,merits statutory judicial-review decision,2015-12-18,Court of Appeals for the Second Circuit,cited_context_only,2015-12-18,unclear,unclear,,,,,,,,,,,,13-1745(L),,,,,,"published CourtListener citation-linked U.S. federal circuit and district opinion documents filed in the fixed 730-day post-decision window, after documented provider-cluster deduplication",1,"Citation-linked doctrinal-treatment event. A zero-citation circuit is no observed event, not ignored precedent or noncompliance. The treatment value is an automated candidate flag pending expert legal review. CourtListener's published-opinion coverage is not an all-case opportunity denominator.",michigan-v-epa-2015,576 U.S. 743 (2015),2015-06-30,2017-06-28,3163899,3163899,3163899,combined-opinion,ca2,2d Cir.,NRDC v. EPA,,3022404,Published,,ca2,available,https://storage.courtlistener.com/pdf/2015/12/18/nrdc_v._epa.pdf,,,1,"13‐1745(L) NRDC v. EPA UNITED STATES COURT OF APPEALS FOR THE SECOND CIRCUIT August Term 2014 (Argued: January 30, 2015 Decided: October 5, 2015 Amended: December 18, 2015)"," determine whether the agencyʹs actions were ʺarbitrary and capricious,ʺ we consider whether the agency ʹrelied on factors which Congress has not intended it to consider, entirely failed to consider an important aspect of the problem, offered an explanation for its decision that runs counter to the evidence before the agency, or is so implausible that it could not be ascribed to a difference in view or the product of agency expertise.ʹ Islander E. Pipeline Co. v. McCarthy, 525 F.3d 141, 150‐51 (2d Cir. 2008) (quoting Motor Vehicle Mfrs. Assʹn. v. State Farm Mut. Ins. Co., 463 U.S. 29, 43 (1983)). We must be ʺsatisfied from the record that ʹthe agency . . . examine[d] the relevant data and articulate[d] a satisfactory explanation for its action.ʹʺ Id. at 151 (quoting State Farm, 463 U.S. at 43). An agencyʹs action is lawful ʺonly if it rests ʹon a consideration of the relevant factors.ʹʺ Michigan v. EPA, 135 S. Ct. 2699, 2706 (2015) (quoting State Farm, 463 U.S. at 43). We afford the agencyʹs decision greater deference regarding factual questions involving scientific matters in its area of technical expertise. See Balt. Gas & Elec. Co. v. NRDC, 462 U.S. 87, 103 (1983); Envtl. Def. v. EPA, 369 F.3d 193, 204 (2d Cir. 2004). In addition, judicial review of statutory interpretation by an agency is governed by Chevron U.S.A. Inc. v. NRDC, 467 U.S. 837, 842‐45 (1984). Under ‐24‐ Chevron, we must first determine ʺwhether Congress has directly spoken to the precise question at issueʺ in the CWA. Id. at 842. If so, we must give effect to the unambiguously expressed intent of Congress. Id. at 842‐43. ʺ[I]f the statute is silent or ambiguous with respect to the specific issue, the question for the court is whether the agencyʹs answer is based on a permissible construction of the statute.ʺ Id. at  […] r the agencyʹs actions were ʺarbitrary and capricious,ʺ we consider whether the agency ʹrelied on factors which Congress has not intended it to consider, entirely failed to consider an important aspect of the problem, offered an explanation for its decision that runs counter to the evidence before the agency, or is so implausible that it could not be ascribed to a difference in view or the product of agency expertise.ʹ Islander E. Pipeline Co. v. McCarthy, 525 F.3d 141, 150‐51 (2d Cir. 2008) (quoting Motor Vehicle Mfrs. Assʹn. v. State Farm Mut. Ins. Co., 463 U.S. 29, 43 (1983)). We must be ʺsatisfied from the record that ʹthe agency . . . examine[d] the relevant data and articulate[d] a satisfactory explanation for its action.ʹʺ Id. at 151 (quoting State Farm, 463 U.S. at 43). An agencyʹs action is lawful ʺonly if it rests ʹon a consideration of the relevant factors.ʹʺ Michigan v. EPA, 135 S. Ct. 2699, 2706 (2015) (quoting State Farm, 463 U.S. at 43). We afford the agencyʹs decision greater deference regarding factual questions involving scientific matters in its area of technical expertise. See Balt. Gas & Elec. Co. v. NRDC, 462 U.S. 87, 103 (1983); Envtl. Def. v. EPA, 369 F.3d 193, 204 (2d Cir. 2004). In addition, judicial review of statutory interpretation by an agency is governed by Chevron U.S.A. Inc. v. NRDC, 467 U.S. 837, 842‐45 (1984). Under ‐24‐ Chevron, we must first determine ʺwhether Congress has directly spoken to the precise question at issueʺ in the CWA. Id. at 842. If so, we must give effect to the unambiguously expressed intent of Congress. Id. at 842‐43. ʺ[I]f the statute is silent or ambiguous with respect to the specific issue, the question for the court is whether the agencyʹs answer is based on a permissible construction of the statute.ʺ Id. at 843. As the Supre […] oting State Farm, 463 U.S. at 43). We afford the agencyʹs decision greater deference regarding factual questions involving scientific matters in its area of technical expertise. See Balt. Gas & Elec. Co. v. NRDC, 462 U.S. 87, 103 (1983); Envtl. Def. v. EPA, 369 F.3d 193, 204 (2d Cir. 2004). In addition, judicial review of statutory interpretation by an agency is governed by Chevron U.S.A. Inc. v. NRDC, 467 U.S. 837, 842‐45 (1984). Under ‐24‐ Chevron, we must first determine ʺwhether Congress has directly spoken to the precise question at issueʺ in the CWA. Id. at 842. If so, we must give effect to the unambiguously expressed intent of Congress. Id. at 842‐43. ʺ[I]f the statute is silent or ambiguous with respect to the specific issue, the question for the court is whether the agencyʹs answer is based on a permissible construction of the statute.ʺ Id. at 843. As the Supreme Court held in Michigan v. EPA, ʺ[e]ven under this deferential standard, however, ʹagencies must operate within the bounds of reasonable interpretation.ʹʺ 135 S. Ct. at 2707 (quoting Util. Air Regulatory Grp. v. EPA, 134 S. Ct. 2427, 2442 (2014)). We also grant deference to EPAʹs interpretation of its own regulations ʺunless that interpretation is ʹplainly erroneous or inconsistent with the regulation.ʺ Chase Bank USA, N.A. v. McCoy, 131 S. Ct. 871, 880 (2011) (quoting Auer v. Robbins, 519 U.S. 452, 461 (1997)). B. Petitionersʹ Challenge Here, petitioners challenge EPAʹs issuance of the 2013 VGP as arbitrary and capricious, and not in accordance with law, on a number of grounds. First, petitioners argue that the TBELs are arbitrary and capricious. Specifically, petitioners assert that EPA acted arbitrarily and capriciously and not ‐25‐ in accordance with the law when it: (1) selected the IMO standard as the standard ",citation-anchor-without-directional-language,high,1,ca2|2015-12-18|docket:131745l
courtlistener-environmental-scotus-citation-events,michigan-v-epa-2015:3171275,https://www.courtlistener.com/opinion/3171275/van-hollen-v-federal-election-commission/,lower-court-doctrinal-uptake,United States federal courts,576 U.S. 743 (2015),2015-06-29,Supreme Court of the United States,Michigan v. EPA,merits statutory judicial-review decision,2016-01-21,Court of Appeals for the D.C. Circuit,cited_context_only,2016-01-21,unclear,unclear,,,,,,,,,,,,"15-5016, 15-5017",,,,,,"published CourtListener citation-linked U.S. federal circuit and district opinion documents filed in the fixed 730-day post-decision window, after documented provider-cluster deduplication",1,"Citation-linked doctrinal-treatment event. A zero-citation circuit is no observed event, not ignored precedent or noncompliance. The treatment value is an automated candidate flag pending expert legal review. CourtListener's published-opinion coverage is not an all-case opportunity denominator.",michigan-v-epa-2015,576 U.S. 743 (2015),2015-06-30,2017-06-28,3171275,3171275,3171275,combined-opinion,cadc,D.C. Cir.,Van Hollen v. Federal Election Commission,"Christopher VAN HOLLEN, JR., Appellee v. FEDERAL ELECTION COMMISSION, Appellees. Center for Individual Freedom and Hispanic Leadership Fund, Intervenor-Appellants",3029989,Published,421 U.S. App. D.C. 36; 811 F.3d 486; 2016 U.S. App. LEXIS 1005; 2016 WL 278200,cadc,available,https://storage.courtlistener.com/pdf/2016/01/21/christopher_van_hollen_jr._v._fec.pdf,,,1,"Opinion for the Court filed by Circuit Judge BROWN. BROWN, Circuit Judge: The arc of campaign finance law has been ambivalent, bending toward speech and disclosure. Indeed what has made this area of election law so challenging is that these two values exist in unmistakable tension. Disclosure chills speech. Speech without disclosure risks corruption. And","o discern the scope and priority of purposes the BCRA Congress pursued. “What judges believe Congress ‘meant’ (apart from the text) has a disturbing but entirely unsurprising tendency to be whatever judges think Congress must have meant, i.e., should have meant.” Zuni Pub. Sch. Dist. No. 89 v. Dep’t of Educ., 550 U.S. 81, 117 (2007) (Scalia, J., dissenting). What matters here is that Congress left the meaning of “contributor” ambiguous. Congressional silence of this sort is, in Chevron terms, “an implicit delegation from Congress to the agency to fill in the statutory gaps.” FDA v. Brown & Williamson Tobacco Corp., 529 U.S. 120, 159 (2000) (emphasis added). It is a transfer of authority to the FEC, whose task it then became “not to find the best meaning of the text, but to formulate legally binding rules to fill in gaps based on policy judgments made by the agency rather than Congress.” Michigan v. EPA, 135 S. Ct. 2699, 2713 (2015) (Thomas, J., concurring) (emphasis added). The FEC did precisely that, deciding to fill the gap left in BCRA with the same purpose-requirement Congress adopted in related contexts. We are loathe to upset such a policy 16 judgment based on nothing more than highly generalized overtures to BCRA’s “primary purpose.” Because the FEC’s purpose requirement is consistent with BCRA’s text, history, and purposes, it easily clears the Chevron Step Two hurdle. B We are next asked to decide whether the FEC’s purpose requirement is “arbitrary and capricious.” The Administrative Procedure Act deems unlawful any agency action found to be “arbitrary, capricious, an abuse of discretion, or otherwise not in accordance with law,” 5 U.S.C. § 706(2), but to invalidate a regulation under State Farm review, see Motor Vehicle Mfrs. Ass’n, Inc. v. State Farm Mut. Auto. Ins. Co., 46 […] pe and priority of purposes the BCRA Congress pursued. “What judges believe Congress ‘meant’ (apart from the text) has a disturbing but entirely unsurprising tendency to be whatever judges think Congress must have meant, i.e., should have meant.” Zuni Pub. Sch. Dist. No. 89 v. Dep’t of Educ., 550 U.S. 81, 117 (2007) (Scalia, J., dissenting). What matters here is that Congress left the meaning of “contributor” ambiguous. Congressional silence of this sort is, in Chevron terms, “an implicit delegation from Congress to the agency to fill in the statutory gaps.” FDA v. Brown & Williamson Tobacco Corp., 529 U.S. 120, 159 (2000) (emphasis added). It is a transfer of authority to the FEC, whose task it then became “not to find the best meaning of the text, but to formulate legally binding rules to fill in gaps based on policy judgments made by the agency rather than Congress.” Michigan v. EPA, 135 S. Ct. 2699, 2713 (2015) (Thomas, J., concurring) (emphasis added). The FEC did precisely that, deciding to fill the gap left in BCRA with the same purpose-requirement Congress adopted in related contexts. We are loathe to upset such a policy 16 judgment based on nothing more than highly generalized overtures to BCRA’s “primary purpose.” Because the FEC’s purpose requirement is consistent with BCRA’s text, history, and purposes, it easily clears the Chevron Step Two hurdle. B We are next asked to decide whether the FEC’s purpose requirement is “arbitrary and capricious.” The Administrative Procedure Act deems unlawful any agency action found to be “arbitrary, capricious, an abuse of discretion, or otherwise not in accordance with law,” 5 U.S.C. § 706(2), but to invalidate a regulation under State Farm review, see Motor Vehicle Mfrs. Ass’n, Inc. v. State Farm Mut. Auto. Ins. Co., 463 U.S. 29 (1983),",citation-anchor-without-directional-language,high,1,cadc|2016-01-21|docket:155016155017
courtlistener-environmental-scotus-citation-events,michigan-v-epa-2015:3176266,https://www.courtlistener.com/opinion/3176284/synopsys-inc-v-mentor-graphics-corporation/,lower-court-doctrinal-uptake,United States federal courts,576 U.S. 743 (2015),2015-06-29,Supreme Court of the United States,Michigan v. EPA,merits statutory judicial-review decision,2016-02-10,Court of Appeals for the Federal Circuit,cited_context_only,2016-02-10,unclear,unclear,,,,,,,,,,,,"2014-1516, 2014-1530",,,,,,"published CourtListener citation-linked U.S. federal circuit and district opinion documents filed in the fixed 730-day post-decision window, after documented provider-cluster deduplication",1,"Citation-linked doctrinal-treatment event. A zero-citation circuit is no observed event, not ignored precedent or noncompliance. The treatment value is an automated candidate flag pending expert legal review. CourtListener's published-opinion coverage is not an all-case opportunity denominator.",michigan-v-epa-2015,576 U.S. 743 (2015),2015-06-30,2017-06-28,3176284,3176284,3176266,combined-opinion,cafc,Fed. Cir.,"Synopsys, Inc. v. Mentor Graphics Corporation","SYNOPSYS, INC., Appellant v. MENTOR GRAPHICS CORPORATION, Cross-Appellant Michelle K. Lee, Director, U.S. Patent and Trademark Office, Intervenor",3035124,Published,814 F.3d 1309; 117 U.S.P.Q. 2d (BNA) 1753; 2016 U.S. App. LEXIS 2250; 2016 WL 520236,cafc,available,https://storage.courtlistener.com/pdf/2016/02/10/synopsys_inc._v._mentor_graphics_corporation.pdf,,,1,"United States Court of Appeals for the Federal Circuit ______________________ SYNOPSYS, INC., Appellant v. MENTOR GRAPHICS CORPORATION, Cross-Appellant v. MICHELLE K. LEE, DIRECTOR, U.S. PATENT AND TRADEMARK OFFICE, Intervenor ______________________ 2014-1516, 2014-1530 ___________________"," proceedings instead dissolves into potential- ly duplicative proceedings in the PTO and the district court, enlarging rather than reducing cost and delay. The panel majority states that if there is uncertainty as to this statutory obligation of the PTAB, Chevron deference requires support of the PTO position. However, Chevron states that: “If the intent of Congress is clear, that is the end of the matter; for the court, as well as the agency, must give effect to the unambiguously expressed intent of Congress.” Chevron U.S.A., Inc. v. Natural Resources Defense Council, Inc., 467 U.S. 837, 842–43 (1984). “Chevron allows agencies to choose among com- peting reasonable interpretations of a statute; it does not license interpretive gerrymanders under which an agency keeps parts of statutory context it likes while throwing away parts it does not.” Michigan v. Environmental Protection Agency, 135 S. Ct. 2699, 2708 (2015). Here there are no “competing reasonable interpreta- tions.” Id. The command of section 318(a) is clear; the intent of Congress is plain in the statute. There is no ambiguity, and no silence; Chevron provides no support for “pick and choose” authority. The theory that the 18 SYNOPSYS, INC. v. MENTOR GRAPHICS CORPORATION PTAB can select what it will decide cannot be found in the legislative record. To the contrary, partial post-grant review eviscerates the purpose of resolving major validity issues in a PTO tribunal instead of in the district court. The judicial obligation is to assure fidelity to the stat- ute and to the legislative policy, lest we become complicit in frustrating the intent of Congress: [T]he courts are the final authorities on issues of statutory construction. They must reject adminis- trative constructions of the statute, whether reached by adjudication o",citation-anchor-without-directional-language,high,1,cafc|2016-02-10|docket:2014151620141530
courtlistener-environmental-scotus-citation-events,michigan-v-epa-2015:3219035,https://www.courtlistener.com/opinion/3219141/markle-interests-llc-v-united-states-fish-wildlife-service/,lower-court-doctrinal-uptake,United States federal courts,576 U.S. 743 (2015),2015-06-29,Supreme Court of the United States,Michigan v. EPA,merits statutory judicial-review decision,2016-06-30,Court of Appeals for the Fifth Circuit,cited_context_only,2016-06-30,unclear,unclear,,,,,,,,,,,,14-31008; Cons w/ 14-31021,,,,,,"published CourtListener citation-linked U.S. federal circuit and district opinion documents filed in the fixed 730-day post-decision window, after documented provider-cluster deduplication",1,"Citation-linked doctrinal-treatment event. A zero-citation circuit is no observed event, not ignored precedent or noncompliance. The treatment value is an automated candidate flag pending expert legal review. CourtListener's published-opinion coverage is not an all-case opportunity denominator.",michigan-v-epa-2015,576 U.S. 743 (2015),2015-06-30,2017-06-28,3219141,3219141,3219035,combined-opinion,ca5,5th Cir.,"Markle Interests, L.L.C. v. United States Fish & Wildlife Service","MARKLE INTERESTS, L.L.C.; P&F Lumber Company 2000, L.L.C.; PF Monroe Properties, L.L.C., Plaintiffs-Appellants v. UNITED STATES FISH AND WILDLIFE SERVICE; Daniel M. Ashe, Director of United States Fish & Wildlife Service, in His Official Capacity; United States Department of Interior; Sally Jewell, in Her Official Capacity as Secretary of the Department of Interior, Defendants-Appellees; Center for Biological Diversity; Gulf Restoration Network, Intervenor Defendants-Appellees Weyerhaeuser Company, Plaintiff-Appellant v. United States Fish and Wildlife Service; Daniel M. Ashe, Director of United States Fish & Wildlife Service, in His Official Capacity; Sally Jewell, in Her Official Capacity as Secretary of the Department of Interior, Defendants-Appellees Center for Biological Diversity; Gulf Restoration Network, Intervenor Defendants-Appellees",3090615,Published,827 F.3d 452,ca5,available,https://storage.courtlistener.com/pdf/2016/06/30/markle_interests_l.l.c._v._u.s._fish_and_wildlife.pdf,,,1,"Case: 14-31008 Document: 00513573768 Page: 1 Date Filed: 06/30/2016 IN THE UNITED STATES COURT OF APPEALS FOR THE FIFTH CIRCUIT United States Court of Appeals Fifth Circuit FILED June 30, 2016 No. 14-31008"," not exclude an area. Put another way, the section establishes a discretionary process by which the Service may exclude areas from designation, but it does not articulate any standard governing when the Service must exclude an area from designation. See Bear Valley Mut. Water Co., 790 F.3d at 989 (“[W]here a statute is written in the permissive, an agency’s decision not to act is considered presumptively unreviewable because courts lack ‘a focus for judicial review . . . to determine whether the agency exceeded its statutory powers.’” (quoting Heckler, 470 U.S. at 832)). Thus, even were we to assume that the Landowners are correct that the economic benefits of exclusion outweigh the conservation benefits of designation, the Service is still not obligated to exclude Unit 1. That decision is committed to the agency’s discretion and is not reviewable. The Supreme Court’s recent decision in Michigan v. EPA, 135 S. Ct. 2699 (2015), does not compel a contrary conclusion. In Michigan, the Environmental Protection Agency (“EPA”) had interpreted a provision of the Clean Air Act to not require the consideration of costs when deciding whether to regulate 30 Case: 14-31008 Document: 00513573768 Page: 31 Date Filed: 06/30/2016 No. 14-31008 Cons w/ No. 14-31021 hazardous emissions from power plants. Id. at 2706. Although the Supreme Court held that the EPA misinterpreted the statute, the Court emphasized that it was not requiring the agency “to conduct a formal cost-benefit analysis in which each advantage and disadvantage is assigned a monetary value.” Id. at 2711. The Court further explained that “[i]t will be up to the Agency to decide (as always, within the limits of reasonable interpretation) how to account for cost.” Id. Unlike the provision of the Clean Air Act at issue in Michigan, the ESA  […] rea. Put another way, the section establishes a discretionary process by which the Service may exclude areas from designation, but it does not articulate any standard governing when the Service must exclude an area from designation. See Bear Valley Mut. Water Co., 790 F.3d at 989 (“[W]here a statute is written in the permissive, an agency’s decision not to act is considered presumptively unreviewable because courts lack ‘a focus for judicial review . . . to determine whether the agency exceeded its statutory powers.’” (quoting Heckler, 470 U.S. at 832)). Thus, even were we to assume that the Landowners are correct that the economic benefits of exclusion outweigh the conservation benefits of designation, the Service is still not obligated to exclude Unit 1. That decision is committed to the agency’s discretion and is not reviewable. The Supreme Court’s recent decision in Michigan v. EPA, 135 S. Ct. 2699 (2015), does not compel a contrary conclusion. In Michigan, the Environmental Protection Agency (“EPA”) had interpreted a provision of the Clean Air Act to not require the consideration of costs when deciding whether to regulate 30 Case: 14-31008 Document: 00513573768 Page: 31 Date Filed: 06/30/2016 No. 14-31008 Cons w/ No. 14-31021 hazardous emissions from power plants. Id. at 2706. Although the Supreme Court held that the EPA misinterpreted the statute, the Court emphasized that it was not requiring the agency “to conduct a formal cost-benefit analysis in which each advantage and disadvantage is assigned a monetary value.” Id. at 2711. The Court further explained that “[i]t will be up to the Agency to decide (as always, within the limits of reasonable interpretation) how to account for cost.” Id. Unlike the provision of the Clean Air Act at issue in Michigan, the ESA explicitly mandat",citation-anchor-without-directional-language,high,1,ca5|2016-06-30|docket:1431008consw1431021
courtlistener-environmental-scotus-citation-events,michigan-v-epa-2015:9824511,https://www.courtlistener.com/opinion/3219141/markle-interests-llc-v-united-states-fish-wildlife-service/,lower-court-doctrinal-uptake,United States federal courts,576 U.S. 743 (2015),2015-06-29,Supreme Court of the United States,Michigan v. EPA,merits statutory judicial-review decision,2016-06-30,Court of Appeals for the Fifth Circuit,unclear,2016-06-30,unclear,unclear,,,,,,,,,,,,14-31008; Cons w/ 14-31021,,,,,,"published CourtListener citation-linked U.S. federal circuit and district opinion documents filed in the fixed 730-day post-decision window, after documented provider-cluster deduplication",1,"Citation-linked doctrinal-treatment event. A zero-citation circuit is no observed event, not ignored precedent or noncompliance. The treatment value is an automated candidate flag pending expert legal review. CourtListener's published-opinion coverage is not an all-case opportunity denominator.",michigan-v-epa-2015,576 U.S. 743 (2015),2015-06-30,2017-06-28,3219141,3219141,9824511,lead-opinion,ca5,5th Cir.,"Markle Interests, L.L.C. v. United States Fish & Wildlife Service","MARKLE INTERESTS, L.L.C.; P&F Lumber Company 2000, L.L.C.; PF Monroe Properties, L.L.C., Plaintiffs-Appellants v. UNITED STATES FISH AND WILDLIFE SERVICE; Daniel M. Ashe, Director of United States Fish & Wildlife Service, in His Official Capacity; United States Department of Interior; Sally Jewell, in Her Official Capacity as Secretary of the Department of Interior, Defendants-Appellees; Center for Biological Diversity; Gulf Restoration Network, Intervenor Defendants-Appellees Weyerhaeuser Company, Plaintiff-Appellant v. United States Fish and Wildlife Service; Daniel M. Ashe, Director of United States Fish & Wildlife Service, in His Official Capacity; Sally Jewell, in Her Official Capacity as Secretary of the Department of Interior, Defendants-Appellees Center for Biological Diversity; Gulf Restoration Network, Intervenor Defendants-Appellees",3090615,Published,827 F.3d 452,ca5,unavailable,,no_document_url_in_search_result,,1,"STEPHEN A. HIGGINSON, Circuit Judge: This appeal requires us to consider the United States Fish and Wildlife Service’s inclusion of private land in a critical-habitat designation under the Endangered Species Act. Misconceptions exist about how critical-habitat designations impact private property. Critical-habitat designations do not transform private land into wildlife refuges. A designation does not authorize the government",,public-full-text-unavailable,low,1,ca5|2016-06-30|docket:1431008consw1431021
courtlistener-environmental-scotus-citation-events,michigan-v-epa-2015:9834868,https://www.courtlistener.com/opinion/4239041/texas-v-united-states-environmental-protection-agency/,lower-court-doctrinal-uptake,United States federal courts,576 U.S. 743 (2015),2015-06-29,Supreme Court of the United States,Michigan v. EPA,merits statutory judicial-review decision,2016-07-15,Court of Appeals for the Fifth Circuit,unclear,2016-07-15,unclear,unclear,,,,,,,,,,,,16-60118,,,,,,"published CourtListener citation-linked U.S. federal circuit and district opinion documents filed in the fixed 730-day post-decision window, after documented provider-cluster deduplication",1,"Citation-linked doctrinal-treatment event. A zero-citation circuit is no observed event, not ignored precedent or noncompliance. The treatment value is an automated candidate flag pending expert legal review. CourtListener's published-opinion coverage is not an all-case opportunity denominator.",michigan-v-epa-2015,576 U.S. 743 (2015),2015-06-30,2017-06-28,4239041,4239041,9834868,lead-opinion,ca5,5th Cir.,Texas v. United States Environmental Protection Agency,"State of TEXAS; Texas Commission on Environmental Quality; Public Utility Commission of Texas; Luminant Generation Company, L.L.C.; Big Brown Power Company, L.L.C.; Luminant Mining Company, L.L.C.; Big Brown Lignite Company, L.L.C.; Luminant Big Brown Mining Company, L.L.C.; Southwestern Public Service Company; Utility Air Regulatory Group; Coleto Creek Power, L.P.; NRG Texas Power, L.L.C.; Nucor Corporation, Petitioners, v. UNITED STATES ENVIRONMENTAL PROTECTION AGENCY; Gina McCarthy, in Her Official Capacity as Administrator of the United States Environmental Protection Agency, Respondents",4111341,Published,829 F.3d 405; 46 Envtl. L. Rep. (Envtl. Law Inst.) 20126; 82 ERC (BNA) 1994; 2016 U.S. App. LEXIS 13058; 2016 WL 3878180,ca5,unavailable,,no_document_url_in_search_result,,1,"JENNIFER WALKER ELROD, Circuit Judge: The State of Texas, numerous energy companies, power plants, steel mills, consumer organizations, state regulators, and a labor union in Texas (collectively, “Petitioners”) challenge the Environmental Protection Agency’s action disapproving Oklahoma’s and Texas’s plans for controlling regional haze and imposing EPA’s own plans instead. Petitioners contend that EPA has acted outside its s",,public-full-text-unavailable,low,1,ca5|2016-07-15|docket:1660118
courtlistener-environmental-scotus-citation-events,michigan-v-epa-2015:4017039,https://www.courtlistener.com/opinion/4239778/mingo-logan-coal-co-v-environmental-protection-agency/,lower-court-doctrinal-uptake,United States federal courts,576 U.S. 743 (2015),2015-06-29,Supreme Court of the United States,Michigan v. EPA,merits statutory judicial-review decision,2016-07-19,Court of Appeals for the D.C. Circuit,cited_context_only,2016-07-19,unclear,unclear,,,,,,,,,,,,14-5305,,,,,,"published CourtListener citation-linked U.S. federal circuit and district opinion documents filed in the fixed 730-day post-decision window, after documented provider-cluster deduplication",1,"Citation-linked doctrinal-treatment event. A zero-citation circuit is no observed event, not ignored precedent or noncompliance. The treatment value is an automated candidate flag pending expert legal review. CourtListener's published-opinion coverage is not an all-case opportunity denominator.",michigan-v-epa-2015,576 U.S. 743 (2015),2015-06-30,2017-06-28,4239778,4239778,4017039,combined-opinion,cadc,D.C. Cir.,Mingo Logan Coal Co. v. Environmental Protection Agency,"MINGO LOGAN COAL COMPANY, Appellant, v. ENVIRONMENTAL PROTECTION AGENCY, Appellee",4112080,Published,424 U.S. App. D.C. 192; 829 F.3d 710; 46 Envtl. L. Rep. (Envtl. Law Inst.) 20127; 82 ERC (BNA) 1933; 2016 U.S. App. LEXIS 13139; 2016 WL 3902663,cadc,available,https://storage.courtlistener.com/pdf/2016/07/19/mingo_logan_coal_company_v._epa.pdf,,,1,"United States Court of Appeals FOR THE DISTRICT OF COLUMBIA CIRCUIT Argued April 11, 2016 Decided July 19, 2016 No. 14-5305 MINGO LOGAN COAL COMPANY, APPELLANT v. ENVIRONMENTAL PROTECTION AGENCY, APPELLEE Appeal from the United States District Court for the District of Columbia (No. 1:10-cv-00541)","tly, according no particular deference to the judgment of the District Court.”). II. The general legal principles attending our review are well-settled. The APA directs us to “set aside agency action” that is “arbitrary, capricious, an abuse of discretion, or otherwise not in accordance with law.” 5 U.S.C. § 706(2)(A). Agency action is “arbitrary and capricious if the agency has relied on factors which Congress has not intended it to consider, entirely failed to consider an important aspect of the problem, [or] offered an explanation for its decision that runs counter to the evidence before the agency.” Motor Vehicle Mfrs. Ass’n of the U.S., Inc. v. State Farm Mut. Auto. Ins. Co., 463 U.S. 29, 43 (1983). Although we must ensure that “an agency’s decreed result [is] within the scope of its lawful authority” and that “the process by which it reaches that result [is] logical and rational,” Michigan v. EPA, 135 S. Ct. 2699, 2706 (2015) (quoting Allentown Mack Sales & Serv., Inc. v. NLRB, 522 U.S. 359, 374 (1998)), we are “not to substitute 13 [our] judgment for that of the agency,” State Farm, 463 U.S. at 43. Whether we would have done what the agency did is immaterial; so long as the agency “examine[d] the relevant data and articulate[d] a satisfactory explanation for its action[,] including a ‘rational connection between the facts found and the choice made,’ ” we will ordinarily uphold it. Id. (quoting Burlington Truck Lines v. United States, 371 U.S. 156, 168 (1962)). When an agency changes policy, however, it must in some cases “provide a more detailed justification than what would suffice for a new policy created on a blank slate.” FCC v. Fox Television Stations, Inc., 556 U.S. 502, 515 (2009). Changing policy does not, on its own, trigger an especially “demanding burden of justifica […]  particular deference to the judgment of the District Court.”). II. The general legal principles attending our review are well-settled. The APA directs us to “set aside agency action” that is “arbitrary, capricious, an abuse of discretion, or otherwise not in accordance with law.” 5 U.S.C. § 706(2)(A). Agency action is “arbitrary and capricious if the agency has relied on factors which Congress has not intended it to consider, entirely failed to consider an important aspect of the problem, [or] offered an explanation for its decision that runs counter to the evidence before the agency.” Motor Vehicle Mfrs. Ass’n of the U.S., Inc. v. State Farm Mut. Auto. Ins. Co., 463 U.S. 29, 43 (1983). Although we must ensure that “an agency’s decreed result [is] within the scope of its lawful authority” and that “the process by which it reaches that result [is] logical and rational,” Michigan v. EPA, 135 S. Ct. 2699, 2706 (2015) (quoting Allentown Mack Sales & Serv., Inc. v. NLRB, 522 U.S. 359, 374 (1998)), we are “not to substitute 13 [our] judgment for that of the agency,” State Farm, 463 U.S. at 43. Whether we would have done what the agency did is immaterial; so long as the agency “examine[d] the relevant data and articulate[d] a satisfactory explanation for its action[,] including a ‘rational connection between the facts found and the choice made,’ ” we will ordinarily uphold it. Id. (quoting Burlington Truck Lines v. United States, 371 U.S. 156, 168 (1962)). When an agency changes policy, however, it must in some cases “provide a more detailed justification than what would suffice for a new policy created on a blank slate.” FCC v. Fox Television Stations, Inc., 556 U.S. 502, 515 (2009). Changing policy does not, on its own, trigger an especially “demanding burden of justification,” Ark Initia […] eed not and do not decide that question 36 because, even assuming the Fox standard applies, the EPA’s explanation satisfies it. Finally, we note that post-permit withdrawal under section 404(c) is a mighty power and its exercise will perhaps inevitably leave a permittee feeling as if the rug has been pulled out from under it. Nonetheless, this power is one the Congress has authorized the EPA to exercise and where, as here, the EPA has adequately explained why mine spoil disposal at two sites would cause “unacceptable adverse effect[s]” on “wildlife,” 33 U.S.C. § 1344(c), we must uphold its decision. For the foregoing reasons, the judgment of the district court is affirmed. So ordered. KAVANAUGH, Circuit Judge, dissenting: EPA must consider both costs and benefits before it vetoes or revokes a permit under Section 404 of the Clean Water Act. That much is common sense and settled law. See Michigan v. EPA, 135 S. Ct. 2699 (2015). Here, however, EPA revoked a Clean Water Act permit without considering the costs of doing so. For that reason, EPA’s decision must be vacated. In my view, EPA must go back to the drawing board and weigh both the costs and benefits of revoking the permit before making its decision. The case concerns Mingo Logan, a coal mining company that planned to engage in surface coal mining in West Virginia. Under the Clean Water Act, the Company first needed to obtain what is known as a Section 404 permit. The Section 404 permit would allow Mingo Logan to dump into nearby streams the excess rubble generated by its surface mining operation – known under the Act as “fill material.” Mingo Logan’s ability to dispose of fill material into those streams was critical to the viability of the Company’s planned coal mining operation. By statute, the Army Corps of Engineers oversees ",citation-anchor-without-directional-language,high,1,cadc|2016-07-19|docket:145305
courtlistener-environmental-scotus-citation-events,michigan-v-epa-2015:4020089,https://www.courtlistener.com/opinion/4242828/united-states-sugar-corp-v-environmental-protection-agency/,lower-court-doctrinal-uptake,United States federal courts,576 U.S. 743 (2015),2015-06-29,Supreme Court of the United States,Michigan v. EPA,merits statutory judicial-review decision,2016-07-29,Court of Appeals for the D.C. Circuit,cited_context_only,2016-07-29,unclear,unclear,,,,,,,,,,,,"11-1108; Consolidated with 11-1124, 11-1134, 11-1142, 11-1145, 11-1159, 11-1165, 11-1172, 11-1174, 11-1181, 13-1086, 13-1087, 13-1091, 13-1092, 13-1096, 13-1097, 13-1098, 13-1099, 13-1100, 13-1103; 11-1125; Consolidated with 11-1140, 11-1144, 11-1154, 11-1155, 11-1161, 11-1171, 11-1173, 11-1180, 11-1183, 11-1188, 13-1111, 13-1113, 13-1114, 13-1116, 13-1118, 13-1119, 13-1120, 13-1121, 13-1123, 13-1124, 13-1127; 11-1141; Consolidated with 11-1182, 11-1207, 11-1208, 13-1105, 13-1107",,,,,,"published CourtListener citation-linked U.S. federal circuit and district opinion documents filed in the fixed 730-day post-decision window, after documented provider-cluster deduplication",1,"Citation-linked doctrinal-treatment event. A zero-citation circuit is no observed event, not ignored precedent or noncompliance. The treatment value is an automated candidate flag pending expert legal review. CourtListener's published-opinion coverage is not an all-case opportunity denominator.",michigan-v-epa-2015,576 U.S. 743 (2015),2015-06-30,2017-06-28,4242828,4242828,4020089,combined-opinion,cadc,D.C. Cir.,United States Sugar Corp. v. Environmental Protection Agency,"UNITED STATES SUGAR CORPORATION, Petitioner v. ENVIRONMENTAL PROTECTION AGENCY, Respondent American Chemistry Council, Et Al., Intervenors; American Forest & Paper Association, Et Al., Petitioners v. Environmental Protection Agency, Respondent American Chemistry Council, Et Al., Intervenors; American Chemistry Council, Petitioner v. Environmental Protection Agency, Respondent American Forest & Paper Association, Et Al., Intervenors",4115203,Published,424 U.S. App. D.C. 319; 830 F.3d 579,cadc,available,https://storage.courtlistener.com/pdf/2016/07/29/united_states_sugar_corp_v._epa.pdf,,,1,"PER CURIAM: In these consolidated petitions for review, we address approximately thirty challenges to three regulations promulgated by the United States Environmental Protection Agency (EPA or Agency): (1) the “Major Boilers Rule,” 1 (2) the “Area Boilers Rule,” 2","ing and analysis of pollutants.” 42 U.S.C. § 7661c(b). We have emphasized that the EPA has “broad discretion in selecting a monitoring regime that ensures compliance, and as long as it reasonably articulate[s] the basis for its decision, [we] will defer to the informed discretion of the Agency, 39 As the name suggests, a continuous monitoring system measures the source’s emissions at all times and generally takes one of two forms: (1) a continuous parameter monitor, which measures, e.g., a source’s temperature, pressure or oxygen content; or (2) a continuous emissions monitor, which measures the pollutant concentration in the source’s emissions. 131 recognizing that analysis of this issue requires a high level of expertise.” White Stallion Energy Ctr., LLC v. EPA, 748 F.3d 1222, 1255 (D.C. Cir. 2014) (per curiam) (citation and internal quotation marks omitted), rev’d on other grounds by Michigan v. EPA, 135 S. Ct. 2699 (2015). Notwithstanding this deference, the Environmental Petitioners argue that allowing a source to demonstrate compliance by way of a thirty-day rolling average not only fails Chevron review but is also arbitrary. We disagree. First, they argue that the thirty-day rolling average fails at Chevron step 1 because it allows sources to emit HAPs continuously at the UPL-established MACT floor. Because they do not believe that the UPL represents the average emissions level achieved by the best performing sources, they argue that, ipso facto, allowing sources to continuously emit HAPs at the UPL level means that sources are permitted to emit at levels higher than the average levels achieved by the best performing sources. Because we have already concluded that the UPL is in fact a reasonable proxy for the average emissions level achieved by the best performing sources, see  […] of pollutants.” 42 U.S.C. § 7661c(b). We have emphasized that the EPA has “broad discretion in selecting a monitoring regime that ensures compliance, and as long as it reasonably articulate[s] the basis for its decision, [we] will defer to the informed discretion of the Agency, 39 As the name suggests, a continuous monitoring system measures the source’s emissions at all times and generally takes one of two forms: (1) a continuous parameter monitor, which measures, e.g., a source’s temperature, pressure or oxygen content; or (2) a continuous emissions monitor, which measures the pollutant concentration in the source’s emissions. 131 recognizing that analysis of this issue requires a high level of expertise.” White Stallion Energy Ctr., LLC v. EPA, 748 F.3d 1222, 1255 (D.C. Cir. 2014) (per curiam) (citation and internal quotation marks omitted), rev’d on other grounds by Michigan v. EPA, 135 S. Ct. 2699 (2015). Notwithstanding this deference, the Environmental Petitioners argue that allowing a source to demonstrate compliance by way of a thirty-day rolling average not only fails Chevron review but is also arbitrary. We disagree. First, they argue that the thirty-day rolling average fails at Chevron step 1 because it allows sources to emit HAPs continuously at the UPL-established MACT floor. Because they do not believe that the UPL represents the average emissions level achieved by the best performing sources, they argue that, ipso facto, allowing sources to continuously emit HAPs at the UPL level means that sources are permitted to emit at levels higher than the average levels achieved by the best performing sources. Because we have already concluded that the UPL is in fact a reasonable proxy for the average emissions level achieved by the best performing sources, see supra § IV.C, the",citation-anchor-without-directional-language,high,1,cadc|2016-07-29|docket:111108consolidatedwith111124111134111142111145111159111165111172111174111181131086131087131091131092131096131097131098131099131100131103111125consolidatedwith111140111144111154111155111161111171111173111180111183111188131111131113131114131116131118131119131120131121131123131124131127111141consolidatedwith111182111207111208131105131107
courtlistener-environmental-scotus-citation-events,michigan-v-epa-2015:4027544,https://www.courtlistener.com/opinion/4250283/gutierrez-brizuela-v-lynch/,lower-court-doctrinal-uptake,United States federal courts,576 U.S. 743 (2015),2015-06-29,Supreme Court of the United States,Michigan v. EPA,merits statutory judicial-review decision,2016-08-23,Court of Appeals for the Tenth Circuit,cited_context_only,2016-08-23,unclear,unclear,,,,,,,,,,,,14-9585,,,,,,"published CourtListener citation-linked U.S. federal circuit and district opinion documents filed in the fixed 730-day post-decision window, after documented provider-cluster deduplication",1,"Citation-linked doctrinal-treatment event. A zero-citation circuit is no observed event, not ignored precedent or noncompliance. The treatment value is an automated candidate flag pending expert legal review. CourtListener's published-opinion coverage is not an all-case opportunity denominator.",michigan-v-epa-2015,576 U.S. 743 (2015),2015-06-30,2017-06-28,4250283,4250283,4027544,combined-opinion,ca10,10th Cir.,Gutierrez-Brizuela v. Lynch,"Hugo Rosario GUTIERREZ-BRIZUELA, Petitioner, v. Loretta E. LYNCH, United States Attorney General, Respondent",4415371,Published,834 F.3d 1142; 2016 WL 4436309,ca10,available,https://storage.courtlistener.com/pdf/2016/08/23/gutierrez-brizuela_v._lynch.pdf,,,1,"FILED United States Court of Appeals Tenth Circuit August 23, 2016 PUBLISH Elisabeth A. Shumaker Clerk o"," Mortg. Co. v. Bonner Mall P’ship, 513 U.S. 18, 26 (1994); AT&T Corp. v. Hulteen, 556 U.S. 701, 711-13 (2009). To allow the BIA to apply Briones here, to actions during a period when Padilla-Caldera I was on the books and Briones was not the law of this circuit, would upset this principle and invite individuals to disregard on-point judicial precedent (maybe even Supreme Court precedent) because of its potential susceptibility to revision by an executive agency. See De Niz Robles, 803 F.3d at 1178-79. It would also require the people to substitute reliance on judicial declarations of what the law is with finely grained legal judgments about the degree of ambiguity in the relevant statutory provisions and the - 10 - reasonableness of agency pronouncements about them. Questions that frequently provoke deep disagreement even among our most eminent jurists, let alone lay persons. See, e.g., Michigan v. EPA, 135 S. Ct. 2699 (2015). Indeed, at the time of Mr. Gutierrez-Brizuela’s application, just as at the time of Mr. De Niz Robles’s, it was far from clear that this court would ever permit enforcement of Briones. Back then it remained a distinct possibility that this court might find either the statute unambiguously opposed to the agency’s position or the agency’s interpretation an unreasonable one. See De Niz Robles, 803 F.3d at 1179 & n.10. Are we really to expect that persons in such circumstances should have to bear the cost of ignoring directly controlling judicial precedent in favor of the speculative possibility that an executive revision might ultimately prevail? Add to that the costs associated with imposing this kind of uncertainty on an entire class of persons with significant interests at stake (the potential right to remain lawfully in this country), and the BIA’s failure to i […] nner Mall P’ship, 513 U.S. 18, 26 (1994); AT&T Corp. v. Hulteen, 556 U.S. 701, 711-13 (2009). To allow the BIA to apply Briones here, to actions during a period when Padilla-Caldera I was on the books and Briones was not the law of this circuit, would upset this principle and invite individuals to disregard on-point judicial precedent (maybe even Supreme Court precedent) because of its potential susceptibility to revision by an executive agency. See De Niz Robles, 803 F.3d at 1178-79. It would also require the people to substitute reliance on judicial declarations of what the law is with finely grained legal judgments about the degree of ambiguity in the relevant statutory provisions and the - 10 - reasonableness of agency pronouncements about them. Questions that frequently provoke deep disagreement even among our most eminent jurists, let alone lay persons. See, e.g., Michigan v. EPA, 135 S. Ct. 2699 (2015). Indeed, at the time of Mr. Gutierrez-Brizuela’s application, just as at the time of Mr. De Niz Robles’s, it was far from clear that this court would ever permit enforcement of Briones. Back then it remained a distinct possibility that this court might find either the statute unambiguously opposed to the agency’s position or the agency’s interpretation an unreasonable one. See De Niz Robles, 803 F.3d at 1179 & n.10. Are we really to expect that persons in such circumstances should have to bear the cost of ignoring directly controlling judicial precedent in favor of the speculative possibility that an executive revision might ultimately prevail? Add to that the costs associated with imposing this kind of uncertainty on an entire class of persons with significant interests at stake (the potential right to remain lawfully in this country), and the BIA’s failure to identify any benef […] ween legislative and executive functions may sometimes be murky, history does teach us a couple of things about that line. First, we know that, consistent with the separation of powers, Congress may condition the application of a new rule of general applicability on factual findings to be made by the executive (so, for example, forfeiture of assets might be required if the executive finds a foreign country behaved in a specified manner). See Cargo of the Brig Aurora v. United -12- States, 11 U.S. (7 Cranch) 382, 388 (1813). Second, we know Congress may allow the executive to resolve “details” (like, say, the design of an appropriate tax stamp). See In re Kollock, 165 U.S. 526, 533 (1897). Yet Chevron pretty clearly involves neither of these kinds of executive functions and, in this way and as a historical matter, appears instead to qualify as a violation of the separation of powers. See Michigan v. EPA, 135 S. Ct. 2699, 2713-14 (2015) (Thomas, J., concurring); cf. City of Arlington v. FCC, 133 S. Ct. 1863, 1877-79 (2013) (Roberts, C.J., dissenting); Nichols, 784 F.3d at 671-72 (Gorsuch, J., dissenting from the denial of rehearing en banc). Of course, in relatively recent times the Court has relaxed its approach to claims of unlawful legislative delegation. It has suggested (at least in the civil arena) that Congress may allow the executive to make new rules of general applicability that look a great deal like legislation, so long as the controlling legislation contains an “intelligible principle” that “clearly delineates the general policy” the agency is to apply and “the boundaries of [its] delegated authority.” Mistretta v. United States, 488 U.S. 361, 372-73 (1989) (internal quotation marks omitted). This means Congress must at least “provide substantial guidance on setting . . . s",citation-anchor-without-directional-language,high,1,ca10|2016-08-23|docket:149585
courtlistener-environmental-scotus-citation-events,michigan-v-epa-2015:4027761,https://www.courtlistener.com/opinion/4250500/louisiana-state-v-united-states-army-corps-of-engineers/,lower-court-doctrinal-uptake,United States federal courts,576 U.S. 743 (2015),2015-06-29,Supreme Court of the United States,Michigan v. EPA,merits statutory judicial-review decision,2016-08-23,Court of Appeals for the Fifth Circuit,cited_context_only,2016-08-23,unclear,unclear,,,,,,,,,,,,15-30962,,,,,,"published CourtListener citation-linked U.S. federal circuit and district opinion documents filed in the fixed 730-day post-decision window, after documented provider-cluster deduplication",1,"Citation-linked doctrinal-treatment event. A zero-citation circuit is no observed event, not ignored precedent or noncompliance. The treatment value is an automated candidate flag pending expert legal review. CourtListener's published-opinion coverage is not an all-case opportunity denominator.",michigan-v-epa-2015,576 U.S. 743 (2015),2015-06-30,2017-06-28,4250500,4250500,4027761,combined-opinion,ca5,5th Cir.,Louisiana State v. United States Army Corps of Engineers,"LOUISIANA STATE, Through the Coastal Protection and Restoration Authority Board and the Coastal Protection and Restoration Authority, Plaintiff-Appellee v. UNITED STATES ARMY CORPS OF ENGINEERS; Richard L. Hansen, Colonel, in His Official Capacity as District Commander for the New Orleans District of the United States Army Corps of Engineers; Michael C. Wehr, Major, in His Official Capacity as Commander for the Mississippi Valley Division of the United States Army Corps of Engineers; Thomas P. Bostick, Lieutentant General, in His Official Capacity as Chief of Engineers and Commanding General of the United States Army Corps of Engineers; Steven L. Stockton, in His Official Capacity as Director of Civil Works of the United States Army Corps of Engineers; Jo-Ellen Darcy, in Her Official Capacity as Assistant Secretary of the Army (Civil Works), Defendants-Appellants",4415591,Published,834 F.3d 574; 46 Envtl. L. Rep. (Envtl. Law Inst.) 20143; 2016 U.S. App. LEXIS 15522; 2016 WL 4446067,ca5,available,https://storage.courtlistener.com/pdf/2016/08/23/louisiana_state_v._u.s._army_corps_of_engineers_e.pdf,,,1,"EDITH H. JONES, Circuit Judge: Following Hurricane Katrina, in which the breach of the Mississippi River-Gulf Outlet (“MR-GO”) channel caused massive flooding, Congress directed the U.S. Army Corps of Engineers (“Corps”) to close the MR-GO as a federal navigation project and restore the surrounding ecosystem. To implement Congress’s 2007 mandate that the deauthorization be “cost","r purposes,” id. § 2213(c). 8 Louisiana also contends that the history of the MR-GO project supports the argument that Congress instructed that the MR-GO deauthorization should be completed at full federal expense. Louisiana relies on Congress’s instruction in the 1950s that the MR-GO be constructed in accordance with a 1951 Corps Engineers Report, which stated that the construction of the MR-GO would not require local cooperation; and a 2007 floor statement by Louisiana Senator David Vitter. Neither a 1951 Corps Report nor a lone floor statement from the State’s own Senator, however, provides insight into the intent of the 2007 Congress or clarifies an otherwise ambiguous text. 20 Case: 15-30962 Document: 00513648548 Page: 21 Date Filed: 08/23/2016 No. 15-30962 “Chevron directs courts to accept an agency’s reasonable resolution of an ambiguity in a statute that the agency administers.” Michigan v. EPA, 135 S. Ct. 2699, 2707 (2015). “Even under this deferential standard, however, ‘agencies must operate within the bounds of reasonable interpretation.’” Id. (citing Utility Air Regulatory Grp. v. EPA, 134 S. Ct. 2427, 2442 (2014)). “And reasonable statutory interpretation must account for both the specific context in which language is used and the broader context of the statute as a whole.” Utility Air Regulatory Grp., 134 S. Ct. at 2442 (citations, ellipses, and quotation marks omitted). “Thus, an agency interpretation that is inconsistent with the design and structure of the statute as a whole does not merit deference.” Id. (citation and quotation marks omitted). “If the agency’s reasons and policy choices conform to minimal standards of rationality, then its actions are reasonable and must be upheld.” Tex. Oil & Gas Ass’n v. EPA, 161 F.3d 923, 934 (5th Cir. 1998). The Corps’ interpret […] § 2213(c). 8 Louisiana also contends that the history of the MR-GO project supports the argument that Congress instructed that the MR-GO deauthorization should be completed at full federal expense. Louisiana relies on Congress’s instruction in the 1950s that the MR-GO be constructed in accordance with a 1951 Corps Engineers Report, which stated that the construction of the MR-GO would not require local cooperation; and a 2007 floor statement by Louisiana Senator David Vitter. Neither a 1951 Corps Report nor a lone floor statement from the State’s own Senator, however, provides insight into the intent of the 2007 Congress or clarifies an otherwise ambiguous text. 20 Case: 15-30962 Document: 00513648548 Page: 21 Date Filed: 08/23/2016 No. 15-30962 “Chevron directs courts to accept an agency’s reasonable resolution of an ambiguity in a statute that the agency administers.” Michigan v. EPA, 135 S. Ct. 2699, 2707 (2015). “Even under this deferential standard, however, ‘agencies must operate within the bounds of reasonable interpretation.’” Id. (citing Utility Air Regulatory Grp. v. EPA, 134 S. Ct. 2427, 2442 (2014)). “And reasonable statutory interpretation must account for both the specific context in which language is used and the broader context of the statute as a whole.” Utility Air Regulatory Grp., 134 S. Ct. at 2442 (citations, ellipses, and quotation marks omitted). “Thus, an agency interpretation that is inconsistent with the design and structure of the statute as a whole does not merit deference.” Id. (citation and quotation marks omitted). “If the agency’s reasons and policy choices conform to minimal standards of rationality, then its actions are reasonable and must be upheld.” Tex. Oil & Gas Ass’n v. EPA, 161 F.3d 923, 934 (5th Cir. 1998). The Corps’ interpretation of the 2007",citation-anchor-without-directional-language,high,1,ca5|2016-08-23|docket:1530962
courtlistener-environmental-scotus-citation-events,michigan-v-epa-2015:4035298,https://www.courtlistener.com/opinion/4258037/fbme-bank-ltd-v-lew/,lower-court-doctrinal-uptake,United States federal courts,576 U.S. 743 (2015),2015-06-29,Supreme Court of the United States,Michigan v. EPA,merits statutory judicial-review decision,2016-09-20,"District Court, District of Columbia",cited_context_only,2016-09-20,unclear,unclear,,,,,,,,,,,,Civil Action No. 2015-1270,,,,,,"published CourtListener citation-linked U.S. federal circuit and district opinion documents filed in the fixed 730-day post-decision window, after documented provider-cluster deduplication",1,"Citation-linked doctrinal-treatment event. A zero-citation circuit is no observed event, not ignored precedent or noncompliance. The treatment value is an automated candidate flag pending expert legal review. CourtListener's published-opinion coverage is not an all-case opportunity denominator.",michigan-v-epa-2015,576 U.S. 743 (2015),2015-06-30,2017-06-28,4258037,4258037,4035298,combined-opinion,dcd,D.D.C.,Fbme Bank Ltd. v. Lew,"FBME BANK LTD., Et Al., Plaintiffs, v. Jacob LEW, in His Official Capacity as Secretary of the Treasury, Et Al., Defendants",4423600,Published,209 F. Supp. 3d 299; 2016 U.S. Dist. LEXIS 127766; 2016 WL 5108018,cadc,available,https://storage.courtlistener.com/pdf/2016/09/20/fbme_bank_ltd._v._lew.pdf,,,1,"MEMORANDUM OPINION CHRISTOPHER R. COOPER, United States District Judge Table of Contents I. Background ... 308 II. Applicable Legal Standards .. .310 III. Analysis ... 311 *308 A.","se neither party has briefed this issue comprehensively and because the Court has determined that the rulemaking complied with due process in either event, the Court need not resolve this issue. 34 country has no constitutional rights[,]” People’s Mojahedin Organization of Iran v. U.S. Dept. of State (“PMOI”), 182 F.3d 17, 23 (D.C. Cir. 1999), at least as far as deprivation of property is concerned. The government argues that FBME was not entitled to due process in the rulemaking because it lacks the property and presence necessary to establish “substantial connections” to the United States. See Defs.’ MSJ 45-48. FBME responds, first, that under the Chenery doctrine, FinCEN effectively waived this argument at the rulemaking stage by “not question[ing] FBME’s entitlement and instead respond[ing] on the merits” of the Bank’s complaint that it was denied due process. Pls.’ MSJ 16; see also Michigan v. EPA, 135 S. Ct. 2699, 2710 (2015) (“[A] court may uphold agency action only the grounds that the agency invoked when it took the action.”) (citing SEC v. Chenery Corp., 318 U.S. 80, 87 (1943)). Yet all the Second File Rule says on this score is that “the process that FinCEN has undertaken is consistent with the Constitution and the . . . APA.” 81 Fed. Reg. at 18485. That statement merely expresses the agency’s view that FBME received all the process it was due, viewed either under the APA or the Due Process Clause; it does not concede that FBME is in fact entitled to due process based on its connections to the United States. FinCEN therefore did not waive its right to challenge the Bank’s claim to due process here. FBME also contends that the D.C. Circuit has relaxed the rule in PMOI requiring foreign corporations seeking to invoke due process protections to have substantial connections to  […] has briefed this issue comprehensively and because the Court has determined that the rulemaking complied with due process in either event, the Court need not resolve this issue. 34 country has no constitutional rights[,]” People’s Mojahedin Organization of Iran v. U.S. Dept. of State (“PMOI”), 182 F.3d 17, 23 (D.C. Cir. 1999), at least as far as deprivation of property is concerned. The government argues that FBME was not entitled to due process in the rulemaking because it lacks the property and presence necessary to establish “substantial connections” to the United States. See Defs.’ MSJ 45-48. FBME responds, first, that under the Chenery doctrine, FinCEN effectively waived this argument at the rulemaking stage by “not question[ing] FBME’s entitlement and instead respond[ing] on the merits” of the Bank’s complaint that it was denied due process. Pls.’ MSJ 16; see also Michigan v. EPA, 135 S. Ct. 2699, 2710 (2015) (“[A] court may uphold agency action only the grounds that the agency invoked when it took the action.”) (citing SEC v. Chenery Corp., 318 U.S. 80, 87 (1943)). Yet all the Second File Rule says on this score is that “the process that FinCEN has undertaken is consistent with the Constitution and the . . . APA.” 81 Fed. Reg. at 18485. That statement merely expresses the agency’s view that FBME received all the process it was due, viewed either under the APA or the Due Process Clause; it does not concede that FBME is in fact entitled to due process based on its connections to the United States. FinCEN therefore did not waive its right to challenge the Bank’s claim to due process here. FBME also contends that the D.C. Circuit has relaxed the rule in PMOI requiring foreign corporations seeking to invoke due process protections to have substantial connections to the United States",citation-anchor-without-directional-language,high,1,dcd|2016-09-20|docket:civilactionno20151270
courtlistener-environmental-scotus-citation-events,michigan-v-epa-2015:4095794,https://www.courtlistener.com/opinion/4318533/national-association-for-fixed-annuities-v-united-states-department-of/,lower-court-doctrinal-uptake,United States federal courts,576 U.S. 743 (2015),2015-06-29,Supreme Court of the United States,Michigan v. EPA,merits statutory judicial-review decision,2016-11-04,"District Court, District of Columbia",cited_context_only,2016-11-04,unclear,unclear,,,,,,,,,,,,Civil Action No. 2016-1035,,,,,,"published CourtListener citation-linked U.S. federal circuit and district opinion documents filed in the fixed 730-day post-decision window, after documented provider-cluster deduplication",1,"Citation-linked doctrinal-treatment event. A zero-citation circuit is no observed event, not ignored precedent or noncompliance. The treatment value is an automated candidate flag pending expert legal review. CourtListener's published-opinion coverage is not an all-case opportunity denominator.",michigan-v-epa-2015,576 U.S. 743 (2015),2015-06-30,2017-06-28,4318533,4318533,4095794,combined-opinion,dcd,D.D.C.,National Association for Fixed Annuities v. United States Department of Labor,"The NATIONAL ASSOCIATION FOR FIXED ANNUITIES, Plaintiff, v. Thomas E. PEREZ, Secretary of the United States Department of Labor, Et Al., Defendants",4485861,Published,217 F. Supp. 3d 1; 62 Employee Benefits Cas. (BNA) 1937; 2016 U.S. Dist. LEXIS 153214,cadc,available,https://storage.courtlistener.com/pdf/2016/11/04/national_association_for_fixed_annuities_v._united_states_department_of.pdf,,,1,"MEMORANDUM OPINION Randolph D. Moss, United States District Judge Plaintiff the National Association for Fixed Annuities (“NAFA”) brings this action under the Administrative Procedure Act (“APA”), 5 U.S.C. § 701 et seq., and the Regulatory Flexibility Act (“RFA”), 5 U.S.C. § 604 et seq., challenging three final rules pro"," to the conditions contained in PTE 84-24. Regulatory Impact Analysis 285–86, AR 601–02. Second, it also assessed the marginal benefits, concluding 85 that the BIC Exemption provides greater protection than PTE 84-24 and that the complexity and risks posed by fixed indexed annuities warranted that greater protection. Final BIC Exemption, 81 Fed. Reg. at 21,017–18. As the Department explained, both variable and indexed annuities “are susceptible to abuse, and [r]etirement [i]nvestors would equally benefit in both cases from the protections of this exemption, including the conditions that clearly establish the enforceable standards of fiduciary conduct and fair dealing as applied to [a]dvisers and [f]inancial [i]nstitutions.” Id. at 21,018. Although NAFA is correct that ERISA regulations must be “necessary or appropriate,” 29 U.S.C. § 1135, which demands “at least some attention to cost,” Michigan v. EPA, 135 S. Ct. 2699, 2707 (2015), this does not mean that the agency must “conduct a formal cost-benefit analysis in which each advantage and disadvantage is assigned a monetary value,” id. at 2711; see also Vill. of Barrington, 636 F.3d at 670–71 (APA’s arbitrary and capricious standard, standing alone, does not “require[] an agency to engage in cost-benefit analysis.”) Here, the Department actually quantified the marginal cost of compliance and concluded that the benefits of including fixed indexed annuities in the BIC Exemption justify that cost. Nothing more is required under ERISA or the APA. NAFA’s alternative argument fares no better. Relying on Executive Order 12,866, 58 Fed. Reg. 51,735 (Sept. 30, 1993), NAFA asserts that the Department failed to “assess both the costs and the benefits of the intended regulation” and to “propose or adopt a regulation only upon a reasoned determina […] s contained in PTE 84-24. Regulatory Impact Analysis 285–86, AR 601–02. Second, it also assessed the marginal benefits, concluding 85 that the BIC Exemption provides greater protection than PTE 84-24 and that the complexity and risks posed by fixed indexed annuities warranted that greater protection. Final BIC Exemption, 81 Fed. Reg. at 21,017–18. As the Department explained, both variable and indexed annuities “are susceptible to abuse, and [r]etirement [i]nvestors would equally benefit in both cases from the protections of this exemption, including the conditions that clearly establish the enforceable standards of fiduciary conduct and fair dealing as applied to [a]dvisers and [f]inancial [i]nstitutions.” Id. at 21,018. Although NAFA is correct that ERISA regulations must be “necessary or appropriate,” 29 U.S.C. § 1135, which demands “at least some attention to cost,” Michigan v. EPA, 135 S. Ct. 2699, 2707 (2015), this does not mean that the agency must “conduct a formal cost-benefit analysis in which each advantage and disadvantage is assigned a monetary value,” id. at 2711; see also Vill. of Barrington, 636 F.3d at 670–71 (APA’s arbitrary and capricious standard, standing alone, does not “require[] an agency to engage in cost-benefit analysis.”) Here, the Department actually quantified the marginal cost of compliance and concluded that the benefits of including fixed indexed annuities in the BIC Exemption justify that cost. Nothing more is required under ERISA or the APA. NAFA’s alternative argument fares no better. Relying on Executive Order 12,866, 58 Fed. Reg. 51,735 (Sept. 30, 1993), NAFA asserts that the Department failed to “assess both the costs and the benefits of the intended regulation” and to “propose or adopt a regulation only upon a reasoned determination that the ben",citation-anchor-without-directional-language,high,1,dcd|2016-11-04|docket:civilactionno20161035
courtlistener-environmental-scotus-citation-events,michigan-v-epa-2015:4116429,https://www.courtlistener.com/opinion/4339168/catskill-mountains-chapter-of-trout-unlimited-inc-v-epa-catskill-iii/,lower-court-doctrinal-uptake,United States federal courts,576 U.S. 743 (2015),2015-06-29,Supreme Court of the United States,Michigan v. EPA,merits statutory judicial-review decision,2017-01-18,Court of Appeals for the Second Circuit,cited_context_only,2017-01-18,unclear,unclear,,,,,,,,,,,,14-1823 (L),,,,,,"published CourtListener citation-linked U.S. federal circuit and district opinion documents filed in the fixed 730-day post-decision window, after documented provider-cluster deduplication",1,"Citation-linked doctrinal-treatment event. A zero-citation circuit is no observed event, not ignored precedent or noncompliance. The treatment value is an automated candidate flag pending expert legal review. CourtListener's published-opinion coverage is not an all-case opportunity denominator.",michigan-v-epa-2015,576 U.S. 743 (2015),2015-06-30,2017-06-28,4339168,4339168,4116429,combined-opinion,ca2,2d Cir.,"Catskill Mountains Chapter of Trout Unlimited, Inc. v. EPA (Catskill III)",,4569342,Published,,ca2,available,https://storage.courtlistener.com/pdf/2017/01/18/catskill_mountains_chapter_of_trout_unlimited_inc._v._epa_catskill_iii.pdf,,,1,"14‐1823 (L) Catskill Mountains Chapter of Trout Unlimited, Inc. v. EPA (Catskill III) 1 UNITED STATES COURT OF APPEALS 2 FOR THE SECOND CIRCUIT 3 August Term, 2015 4 (Argued: December 1, 2015 Decided: January 18, 2017) 5 Docket Nos. 14‐1823, 14‐1909, 14‐1991, 14‐1997, 14‐2003 6","ʺthe only possible interpretation, nor even the interpretation deemed 60 14‐1823, 14‐1909, 14‐1991, 14‐1997, 14‐2003 Catskill Mountains Chapter of Trout Unlimited, Inc. v. EPA (Catskill III) 1 most reasonable by the courts.ʺ Entergy Corp. v. Riverkeeper, Inc., 556 U.S. 208, 218 2 (2009) (emphasis in original). This approach ʺis premised on the theory that a 3 statuteʹs ambiguity constitutes an implicit delegation from Congress to the 4 agency to fill in the statutory gaps.ʺ FDA v. Brown & Williamson Tobacco Corp., 5 529 U.S. 120, 159 (2000). When interpreting ambiguous statutory language 6 ʺinvolves difficult policy choices,ʺ deference is especially appropriate because 7 ʺagencies are better equipped to make [these choices] than courts.ʺ Brand X, 545 8 U.S. at 980. 9 ʺEven under this deferential standard, however, agencies must operate 10 within the bounds of reasonable interpretation,ʺ Michigan v. EPA, 135 S. Ct. 2699, 11 2707 (2015) (internal quotation marks omitted), and we therefore will not defer to 12 an agency interpretation if it is not supported by a reasoned explanation, see Vill. 13 of Barrington, Ill. v. Surface Transp. Bd., 636 F.3d 650, 660 (D.C. Cir. 2011). An 14 agency interpretation would surely be ʺarbitraryʺ or ʺcapriciousʺ if it were picked 15 out of a hat, or arrived at with no explanation, even if it might otherwise be 16 deemed reasonable on some unstated ground. 17 In the course of its Chevron Step Two analysis, the district court 18 incorporated the standard for evaluating agency action under APA § 706(2)(A) 61 14‐1823, 14‐1909, 14‐1991, 14‐1997, 14‐2003 Catskill Mountains Chapter of Trout Unlimited, Inc. v. EPA (Catskill III) 1 set forth in Motor Vehicle Manufacturers Association v. State Farm Mutual 2 Automobile Insurance Company, 463 U.S. 29 (1983) (ʺState  […] e interpretation, nor even the interpretation deemed 60 14‐1823, 14‐1909, 14‐1991, 14‐1997, 14‐2003 Catskill Mountains Chapter of Trout Unlimited, Inc. v. EPA (Catskill III) 1 most reasonable by the courts.ʺ Entergy Corp. v. Riverkeeper, Inc., 556 U.S. 208, 218 2 (2009) (emphasis in original). This approach ʺis premised on the theory that a 3 statuteʹs ambiguity constitutes an implicit delegation from Congress to the 4 agency to fill in the statutory gaps.ʺ FDA v. Brown & Williamson Tobacco Corp., 5 529 U.S. 120, 159 (2000). When interpreting ambiguous statutory language 6 ʺinvolves difficult policy choices,ʺ deference is especially appropriate because 7 ʺagencies are better equipped to make [these choices] than courts.ʺ Brand X, 545 8 U.S. at 980. 9 ʺEven under this deferential standard, however, agencies must operate 10 within the bounds of reasonable interpretation,ʺ Michigan v. EPA, 135 S. Ct. 2699, 11 2707 (2015) (internal quotation marks omitted), and we therefore will not defer to 12 an agency interpretation if it is not supported by a reasoned explanation, see Vill. 13 of Barrington, Ill. v. Surface Transp. Bd., 636 F.3d 650, 660 (D.C. Cir. 2011). An 14 agency interpretation would surely be ʺarbitraryʺ or ʺcapriciousʺ if it were picked 15 out of a hat, or arrived at with no explanation, even if it might otherwise be 16 deemed reasonable on some unstated ground. 17 In the course of its Chevron Step Two analysis, the district court 18 incorporated the standard for evaluating agency action under APA § 706(2)(A) 61 14‐1823, 14‐1909, 14‐1991, 14‐1997, 14‐2003 Catskill Mountains Chapter of Trout Unlimited, Inc. v. EPA (Catskill III) 1 set forth in Motor Vehicle Manufacturers Association v. State Farm Mutual 2 Automobile Insurance Company, 463 U.S. 29 (1983) (ʺState Farmʺ), a much st […] Assʹns, 531 U.S. 457, 487 (2001), or the agencyʹs actions ʺʹdeviate from or ignore the ascertainable legislative intent,ʹʺ Chem. Mfrs. Assʹn v. EPA, 217 F.3d 861, 867 (D.C. Cir. 2000) (quoting Small Refiner Lead Phase‐Down Task Force v. EPA, 705 F.2d 506, 520 (D.C. Cir. 1983)). See Katzmann, Judging Statutes 31 (ʺThe task of the judge is to make sense of 33 legislation in a way that is faithful to Congressʹs purposes. When the text is ambiguous, a court is to provide the meaning that the legislature intended. In that circumstance, the judge gleans the purpose and policy underlying the legislation and deduces the outcome most consistent with those purposes.ʺ). As discussed above, in my view the Water Transfers Rule is manifestly at odds with Congressʹs clear intent in passing the Act. Third, the Water Transfers Rule is not entitled to deference because it will lead to absurd results. See Michigan v. EPA, 135 S. Ct. 2699, 2707 (2015) (ʺNo regulation is ʹappropriateʹ if it does significantly more harm than good.ʹʺ); see also Scalia & Garner, Reading Law 234 (ʺA provision may be either disregarded or judicially corrected as an error (when the correction is textually simple) if failing to do so would result in a disposition that no reasonable person could approve.ʺ). Indeed, this Court has already held ‐‐ twice ‐‐ that the ʺunitary watersʺ theory would lead to absurd results. In Catskill I, we concluded that ʺ[n]o one can reasonably argue that the water in the Reservoir and the Esopus are in any sense the ʹsame,ʹ such that ʹadditionʹ of one to the other is a logical impossibility.ʺ 273 F.3d at 492 (emphasis added). In Catskill II, we rejected the ʺunitary waterʺ theory for a second time, observing that it ʺwould lead to the 34 absurd result that the transfer of water from a heavily pollute",citation-anchor-without-directional-language,high,1,ca2|2017-01-18|docket:141823l
courtlistener-environmental-scotus-citation-events,michigan-v-epa-2015:8414474,https://www.courtlistener.com/opinion/8443133/catskill-mountains-chapter-of-trout-unlimited-inc-v-united-states/,lower-court-doctrinal-uptake,United States federal courts,576 U.S. 743 (2015),2015-06-29,Supreme Court of the United States,Michigan v. EPA,merits statutory judicial-review decision,2017-01-18,Court of Appeals for the Second Circuit,unclear,2017-01-18,unclear,unclear,,,,,,,,,,,,"Docket Nos. 14-1823, 14-1909, 14-1991, 14-1997, 14-2003",,,,,,"published CourtListener citation-linked U.S. federal circuit and district opinion documents filed in the fixed 730-day post-decision window, after documented provider-cluster deduplication",1,"Citation-linked doctrinal-treatment event. A zero-citation circuit is no observed event, not ignored precedent or noncompliance. The treatment value is an automated candidate flag pending expert legal review. CourtListener's published-opinion coverage is not an all-case opportunity denominator.",michigan-v-epa-2015,576 U.S. 743 (2015),2015-06-30,2017-06-28,8443133,8443133,8414474,lead-opinion,ca2,2d Cir.,"Catskill Mountains Chapter of Trout Unlimited, Inc. v. United States Environmental Protection Agency","CATSKILL MOUNTAINS CHAPTER OF TROUT UNLIMITED, INC., Theodore Gordon Flyfishers, Inc., Catskill-Delaware Natural Water Alliance, Inc., Federated Sportsmen's Clubs of Ulster County, Inc., Riverkeeper, Inc., Waterkeeper Alliance, Inc., Trout Unlimited, Inc., National Wildlife Federation, Environment America, Environment New Hampshire, Environment Rhode Island, Environment Florida, State of New York, Connecticut, Delaware, Illinois, Maine, Michigan, Minnesota, Missouri, Washington, Government of the Province of Manitoba, Canada, Consolidated Miccosukee Tribe of Indians of Florida, Friends of the Everglades, Florida Wildlife Federation, Sierra Club, Intervenor v. United States ENVIRONMENTAL PROTECTION AGENCY, Gina McCarthy, in her official capacity as Administrator of the United States Environmental Protection Agency, Defendants-Appellants-Cross State of Colorado, State of New Mexico, State of Alaska, Arizona Department of Water Resources, State of Idaho, State of Nebraska, State of North Dakota, State of Nevada, State of Texas, State of Utah, State of Wyoming, Central Arizona Water Conservation District, Central Utah Water Conservancy District, City and County of Denver, by and through its Board of Water Commissioners, City and County of San Francisco Public Utilities Commission, City of Boulder [Colorado], City of Aurora [Colorado], El Dorado Irrigation District, Idaho Water Users Association, Imperial Irrigation District, Kane County [Utah] Water Conservancy District, Las Vegas Valley Water District, Lower Arkansas Valley Water Conservancy District, Metropolitan Water District of Southern California, National Water Resources Association, Salt Lake & Sandy [Utah] Metropolitan Water District, Salt River Project, San Diego County Water Authority, Southeastern Colorado Water Conservancy District, The City of Colorado Springs, acting by and through its enterprise Colorado Springs Utilities, Washington County [Utah] Water District, Western Urban Water Coalition, [California] State Water Contractors, City of New York, Intervenor Defendants-Appellants-Cross Northern Colorado Water Conservancy District, Intervenor v. South Florida Water Management District, Intervenor Defendant-Appellant-Cross",65662311,Published,846 F.3d 492; 47 Envtl. L. Rep. (Envtl. Law Inst.) 20011; 2017 WL 192707; 83 ERC (BNA) 1989; 2017 U.S. App. LEXIS 914,ca2,unavailable,,no_document_url_in_search_result,,1,"SACK, Circuit Judge: ■ “Water, water, everywhere / Nor any drop to drink.”2 Because New York City cannot tap the rivers, bays, and ocean that inhabit, surround, or, on occasion, inundate it to slake the thirst of its many millions of residents, it must instead draw water primarily from remote areas north of the City, mainly the Catskill Mountain/Delaware Rive",,public-full-text-unavailable,low,1,ca2|2017-01-18|docket:docketnos141823141909141991141997142003
courtlistener-environmental-scotus-citation-events,michigan-v-epa-2015:8414475,https://www.courtlistener.com/opinion/8443133/catskill-mountains-chapter-of-trout-unlimited-inc-v-united-states/,lower-court-doctrinal-uptake,United States federal courts,576 U.S. 743 (2015),2015-06-29,Supreme Court of the United States,Michigan v. EPA,merits statutory judicial-review decision,2017-01-18,Court of Appeals for the Second Circuit,unclear,2017-01-18,unclear,unclear,,,,,,,,,,,,"Docket Nos. 14-1823, 14-1909, 14-1991, 14-1997, 14-2003",,,,,,"published CourtListener citation-linked U.S. federal circuit and district opinion documents filed in the fixed 730-day post-decision window, after documented provider-cluster deduplication",1,"Citation-linked doctrinal-treatment event. A zero-citation circuit is no observed event, not ignored precedent or noncompliance. The treatment value is an automated candidate flag pending expert legal review. CourtListener's published-opinion coverage is not an all-case opportunity denominator.",michigan-v-epa-2015,576 U.S. 743 (2015),2015-06-30,2017-06-28,8443133,8443133,8414475,dissent,ca2,2d Cir.,"Catskill Mountains Chapter of Trout Unlimited, Inc. v. United States Environmental Protection Agency","CATSKILL MOUNTAINS CHAPTER OF TROUT UNLIMITED, INC., Theodore Gordon Flyfishers, Inc., Catskill-Delaware Natural Water Alliance, Inc., Federated Sportsmen's Clubs of Ulster County, Inc., Riverkeeper, Inc., Waterkeeper Alliance, Inc., Trout Unlimited, Inc., National Wildlife Federation, Environment America, Environment New Hampshire, Environment Rhode Island, Environment Florida, State of New York, Connecticut, Delaware, Illinois, Maine, Michigan, Minnesota, Missouri, Washington, Government of the Province of Manitoba, Canada, Consolidated Miccosukee Tribe of Indians of Florida, Friends of the Everglades, Florida Wildlife Federation, Sierra Club, Intervenor v. United States ENVIRONMENTAL PROTECTION AGENCY, Gina McCarthy, in her official capacity as Administrator of the United States Environmental Protection Agency, Defendants-Appellants-Cross State of Colorado, State of New Mexico, State of Alaska, Arizona Department of Water Resources, State of Idaho, State of Nebraska, State of North Dakota, State of Nevada, State of Texas, State of Utah, State of Wyoming, Central Arizona Water Conservation District, Central Utah Water Conservancy District, City and County of Denver, by and through its Board of Water Commissioners, City and County of San Francisco Public Utilities Commission, City of Boulder [Colorado], City of Aurora [Colorado], El Dorado Irrigation District, Idaho Water Users Association, Imperial Irrigation District, Kane County [Utah] Water Conservancy District, Las Vegas Valley Water District, Lower Arkansas Valley Water Conservancy District, Metropolitan Water District of Southern California, National Water Resources Association, Salt Lake & Sandy [Utah] Metropolitan Water District, Salt River Project, San Diego County Water Authority, Southeastern Colorado Water Conservancy District, The City of Colorado Springs, acting by and through its enterprise Colorado Springs Utilities, Washington County [Utah] Water District, Western Urban Water Coalition, [California] State Water Contractors, City of New York, Intervenor Defendants-Appellants-Cross Northern Colorado Water Conservancy District, Intervenor v. South Florida Water Management District, Intervenor Defendant-Appellant-Cross",65662311,Published,846 F.3d 492; 47 Envtl. L. Rep. (Envtl. Law Inst.) 20011; 2017 WL 192707; 83 ERC (BNA) 1989; 2017 U.S. App. LEXIS 914,ca2,unavailable,,no_document_url_in_search_result,,1,"CHIN, Circuit Judge, dissenting: I respectfully dissent. The Clean Water Act (the “Act”) prohibits the “discharge of any pollutant by any person” from “any point source” to “navigable waters” of the United States, without a permit. 33 U.S.C. §§ 1311(a), 1362(12)(A). The question presented is whether a transfer of water containing pollutants from one body of water to another—say, in upstate New",,public-full-text-unavailable,low,1,ca2|2017-01-18|docket:docketnos141823141909141991141997142003
courtlistener-environmental-scotus-citation-events,michigan-v-epa-2015:7241814,https://www.courtlistener.com/opinion/7323903/chamber-of-commerce-of-the-united-states-v-hugler/,lower-court-doctrinal-uptake,United States federal courts,576 U.S. 743 (2015),2015-06-29,Supreme Court of the United States,Michigan v. EPA,merits statutory judicial-review decision,2017-02-08,"District Court, N.D. Texas",unclear,2017-02-08,unclear,unclear,,,,,,,,,,,,"Civil Action No. 3:16-cv-1476-M Consolidated with: 3:16-cv-1530-C, 3:16-cv-1537-N",,,,,,"published CourtListener citation-linked U.S. federal circuit and district opinion documents filed in the fixed 730-day post-decision window, after documented provider-cluster deduplication",1,"Citation-linked doctrinal-treatment event. A zero-citation circuit is no observed event, not ignored precedent or noncompliance. The treatment value is an automated candidate flag pending expert legal review. CourtListener's published-opinion coverage is not an all-case opportunity denominator.",michigan-v-epa-2015,576 U.S. 743 (2015),2015-06-30,2017-06-28,7323903,7323903,7241814,lead-opinion,txnd,N.D. Tex.,Chamber of Commerce of the United States v. Hugler,"CHAMBER OF COMMERCE OF THE UNITED STATES OF AMERICA v. Edward HUGLER, Acting Secretary of Labor, and United States Department of Labor",64312386,Published,231 F. Supp. 3d 152; 2017 WL 514424; 2017 U.S. Dist. LEXIS 17619,ca5,unavailable,,no_document_url_in_search_result,,1,"MEMORANDUM OPINION AND ORDER BARBARA M. G. LYNN, CHIEF JUDGE Before the Court are the parties’ Cross-Motions for Summary Judgment (ECF Nos. 48, 51, 54, 67). On November 17, 2016, the Court held oral argument on the Motions. For the reasons stated below, Plaintiffs’ Motions for Summary Judgment are DENIED and Defendants’ Motion for Summary Judgment is GRANTED.",,public-full-text-unavailable,low,1,txnd|2017-02-08|docket:civilactionno316cv1476mconsolidatedwith316cv1530c316cv1537n
courtlistener-environmental-scotus-citation-events,michigan-v-epa-2015:4154314,https://www.courtlistener.com/opinion/4377061/joseph-egan-v-delaware-river-port-authority/,lower-court-doctrinal-uptake,United States federal courts,576 U.S. 743 (2015),2015-06-29,Supreme Court of the United States,Michigan v. EPA,merits statutory judicial-review decision,2017-03-21,Court of Appeals for the Third Circuit,cited_context_only,2017-03-21,unclear,unclear,,,,,,,,,,,,16-1471,,,,,,"published CourtListener citation-linked U.S. federal circuit and district opinion documents filed in the fixed 730-day post-decision window, after documented provider-cluster deduplication",1,"Citation-linked doctrinal-treatment event. A zero-citation circuit is no observed event, not ignored precedent or noncompliance. The treatment value is an automated candidate flag pending expert legal review. CourtListener's published-opinion coverage is not an all-case opportunity denominator.",michigan-v-epa-2015,576 U.S. 743 (2015),2015-06-30,2017-06-28,4377061,4377061,4154314,combined-opinion,ca3,3rd Cir.,Joseph Egan v. Delaware River Port Authority,"Joseph EGAN, Appellant v. DELAWARE RIVER PORT AUTHORITY",4619831,Published,"851 F.3d 263; 102 Fed. R. Serv. 1264; 27 Wage & Hour Cas.2d (BNA) 341; 2017 WL 1055568; 2017 U.S. App. LEXIS 4993; 101 Empl. Prac. Dec. (CCH) 45,763",ca3,available,https://storage.courtlistener.com/pdf/2017/03/21/joseph_egan_v._delaware_river_port_authority.pdf,,,1,"PRECEDENTIAL UNITED STATES COURT OF APPEALS FOR THE THIRD CIRCUIT ______________ No. 16-1471 ______________ JOSEPH EGAN, Appellant v. DELAWARE RIVER PORT AUTHORITY ______________ APPEAL FROM THE UNITED STATES DISTRICT COURT FOR THE EASTERN DISTRICT OF PENNSYLVANIA"," fundamental principle of separation of powers—that the power to write a law and the power to interpret it cannot rest in the same hands”). Chevron and the cases that have followed and expanded on it, including Auer, thus “undermine[] our obligation to provide a judicial check on the other branches, and … subject[] regulated parties to precisely the abuses that the Framers sought to prevent.” Perez, 135 S. Ct. at 1213 (Thomas, J., concurring). The deference required by Chevron not only erodes the role of the judiciary, it also diminishes the role of Congress. Under Chevron, “[s]tatutory ambiguity … becomes an implicit delegation of rule-making authority, and that authority is used not to find the best meaning of the text, but to formulate legally binding rules to fill in gaps based on policy judgments made by the agency rather than Congress.” Michigan v. Envtl. Prot. Agency, __ U.S. __, 135 S. Ct. 2699, 2713 (2015) (Thomas, J., concurring). And we in the courts have abetted that process, largely “abdicat[ing] our duty to enforce [the] prohibition” against Congressional delegation of legislative power to executive agencies. Dep’t of Transp. v. Ass’n of Am. R.R., __ U.S. __, 135 S. Ct. 1225, 1246 (2015) (Thomas J., concurring). The consequent aggrandizement of federal executive power at the expense of the legislature leads to perverse incentives, as Congress is encouraged to pass vague laws and leave it to agencies to fill in the gaps, rather A.2d 378, 382 (Del. 1999) (“Statutory interpretation is ultimately the responsibility of the courts.”). 4 than undertaking the difficult work of reaching consensus on divisive issues.3 Auer deference further accentuates the shift of power to the executive branch by encouraging agencies to promulgate regulations vague enough to allow administrators ",citation-anchor-without-directional-language,high,1,ca3|2017-03-21|docket:161471
courtlistener-environmental-scotus-citation-events,michigan-v-epa-2015:7243017,https://www.courtlistener.com/opinion/7325105/city-club-of-new-york-v-united-states-army-corps-of-engineers/,lower-court-doctrinal-uptake,United States federal courts,576 U.S. 743 (2015),2015-06-29,Supreme Court of the United States,Michigan v. EPA,merits statutory judicial-review decision,2017-03-23,"District Court, S.D. New York",unclear,2017-03-23,unclear,unclear,,,,,,,,,,,,16 Civ. 3934 (LGS),,,,,,"published CourtListener citation-linked U.S. federal circuit and district opinion documents filed in the fixed 730-day post-decision window, after documented provider-cluster deduplication",1,"Citation-linked doctrinal-treatment event. A zero-citation circuit is no observed event, not ignored precedent or noncompliance. The treatment value is an automated candidate flag pending expert legal review. CourtListener's published-opinion coverage is not an all-case opportunity denominator.",michigan-v-epa-2015,576 U.S. 743 (2015),2015-06-30,2017-06-28,7325105,7325105,7243017,lead-opinion,nysd,S.D.N.Y.,City Club of New York v. United States Army Corps of Engineers,The CITY CLUB OF NEW YORK v. UNITED STATES ARMY CORPS OF ENGINEERS,64313588,Published,246 F. Supp. 3d 860; 2017 WL 1102667; 84 ERC (BNA) 1152; 2017 U.S. Dist. LEXIS 42886,ca2,unavailable,,no_document_url_in_search_result,,1,"OPINION AND ORDER LORNA G. SCHOFIELD, District Judge: Plaintiffs The City Club of New York, Robert Buchanan and Tom Fox (collectively, “Plaintiffs”) move for summary judgment on their claims that Defendant United States Army Corps of Engineers (“USACE” or “Corps”) violated the Clean Water Act (“CWA”), 33 U.S.C. § 1251 et seq. and the Administrative Procedure Act (“APA”), 5 U.S.C. § 701 et seq. by approvin",,public-full-text-unavailable,low,1,nysd|2017-03-23|docket:16civ3934lgs
courtlistener-environmental-scotus-citation-events,michigan-v-epa-2015:4176997,https://www.courtlistener.com/opinion/4399744/global-tellink-v-federal-communications-commission/,lower-court-doctrinal-uptake,United States federal courts,576 U.S. 743 (2015),2015-06-29,Supreme Court of the United States,Michigan v. EPA,merits statutory judicial-review decision,2017-06-13,Court of Appeals for the D.C. Circuit,cited_context_only,2017-06-13,unclear,unclear,,,,,,,,,,,,"15-1461 Consolidated with 15-1498, 16-1012, 16-1029, 16-1038, 16-1046, 16-1057",,,,,,"published CourtListener citation-linked U.S. federal circuit and district opinion documents filed in the fixed 730-day post-decision window, after documented provider-cluster deduplication",1,"Citation-linked doctrinal-treatment event. A zero-citation circuit is no observed event, not ignored precedent or noncompliance. The treatment value is an automated candidate flag pending expert legal review. CourtListener's published-opinion coverage is not an all-case opportunity denominator.",michigan-v-epa-2015,576 U.S. 743 (2015),2015-06-30,2017-06-28,4399744,4399744,4176997,combined-opinion,cadc,D.C. Cir.,Global TelLink v. Federal Communications Commission,"GLOBAL TEL*LINK, Petitioner v. FEDERAL COMMUNICATIONS COMMISSION and United States of America, Respondents Centurylink Public Communications, Inc., Et Al., Intervenors",6072797,Published,859 F.3d 39; 2017 WL 2540899,cadc,available,https://storage.courtlistener.com/pdf/2017/06/13/global_tellink_v._fcc.pdf,,,1,"United States Court of Appeals FOR THE DISTRICT OF COLUMBIA CIRCUIT Argued February 6, 2017 Decided June 13, 2017 No. 15-1461 GLOBAL TEL*LINK, PETITIONER v. FEDERAL COMMUNICATIONS COMMISSION AND UNITED STATES OF AMERICA, RESPONDENTS CENTURYLINK PUBLIC COMMUNICATIONS, INC., ET AL., INTERVENORS Consolidated with 15-149","that I think our result would be the same if the Chevron framework was in play, i.e., if the FCC had elected to defend this part of its regulation. There is no question that the relevant statutory language, “fairly compensated,” is ambiguous. 47 U.S.C. 276(b)(1)(A). Even the FCC agrees. But Judge Edwards’ careful explanation of the statute’s structure and context demonstrates that the agency’s interpretation would fail at Chevron’s second step; it is an unreasonable (impermissible) interpretation of section 276. Much of the recent expressed concern about Chevron ignores that Chevron’s second step can and should be a meaningful limitation on the ability of administrative agencies to exploit statutory ambiguities, assert farfetched interpretations, and usurp undelegated policymaking discretion.1 This case presents just one example of those kinds of agency tactics. There are others. Accord Michigan v. EPA, — U.S. —, 135 S. Ct. 2699, 2713 (2015) (Thomas, J., concurring) (“Although we hold today that [the agency] exceeded even the extremely permissive limits on agency power set by our precedents, we 1 See, e.g., City of Arlington v. FCC, — U.S. —, 133 S. Ct. 1863 (2013) (Roberts, C.J., dissenting). Of course, some also question “step two” itself. For example, an essay in the Virginia Law Review contended that “Chevron Has Only One Step.” Matthew C. Stephenson & Adrian Vermeule, 95 Va. L. Rev. 597 (2009). But that position ignores the practical effect on future agency discretion of a court opinion either affirming or reversing an agency interpretation at step one versus step two. Cf. Nat’l Cable & Telecomms. Ass’n v. Brand X Internet Servs., 545 U.S. 967 (2005). 2 should be alarmed that it felt sufficiently emboldened by those precedents to make the bid for deference that it did here.”) To  […] ld be the same if the Chevron framework was in play, i.e., if the FCC had elected to defend this part of its regulation. There is no question that the relevant statutory language, “fairly compensated,” is ambiguous. 47 U.S.C. 276(b)(1)(A). Even the FCC agrees. But Judge Edwards’ careful explanation of the statute’s structure and context demonstrates that the agency’s interpretation would fail at Chevron’s second step; it is an unreasonable (impermissible) interpretation of section 276. Much of the recent expressed concern about Chevron ignores that Chevron’s second step can and should be a meaningful limitation on the ability of administrative agencies to exploit statutory ambiguities, assert farfetched interpretations, and usurp undelegated policymaking discretion.1 This case presents just one example of those kinds of agency tactics. There are others. Accord Michigan v. EPA, — U.S. —, 135 S. Ct. 2699, 2713 (2015) (Thomas, J., concurring) (“Although we hold today that [the agency] exceeded even the extremely permissive limits on agency power set by our precedents, we 1 See, e.g., City of Arlington v. FCC, — U.S. —, 133 S. Ct. 1863 (2013) (Roberts, C.J., dissenting). Of course, some also question “step two” itself. For example, an essay in the Virginia Law Review contended that “Chevron Has Only One Step.” Matthew C. Stephenson & Adrian Vermeule, 95 Va. L. Rev. 597 (2009). But that position ignores the practical effect on future agency discretion of a court opinion either affirming or reversing an agency interpretation at step one versus step two. Cf. Nat’l Cable & Telecomms. Ass’n v. Brand X Internet Servs., 545 U.S. 967 (2005). 2 should be alarmed that it felt sufficiently emboldened by those precedents to make the bid for deference that it did here.”) To be sure, some have lamented […] r of Chevron—used statutory structure and context, much like Judge Edwards does in our case, to demonstrate that the FCC’s reliance on the word “modify” was unacceptable, see, e.g., id. at 228-29. But he never conceded that the word “modify” was ambiguous, which it was. Id. at 228 (“We have not the slightest doubt that [single definition] is the meaning the statute intended.”). Subsequently, however, in AT&T Corp. v. Iowa Utilities Board, 525 U.S. 366 (1999), Justice Scalia implicitly relied on step two. He concluded that because the agency failed to interpret the terms of the statute “in a reasonable fashion,” the 3 rule must be vacated. Id. at 392. Then, in City of Arlington v. FCC, — U.S. —, 133 S. Ct. 1863 (2013), he admonished that “where Congress has established an ambiguous line, the agency can go no further than the ambiguity will fairly allow,” id. at 1874. And most recently in Michigan v. EPA, — U.S. —, 135 S. Ct. 2699 (2015), when invalidating agency action under step two, he was more explicit still: “Chevron allows agencies to choose among competing reasonable interpretations of a statute; it does not license interpretive gerrymanders under which an agency keeps parts of statutory context it likes while throwing away parts it does not,” id. at 2708. We have at times been careful to apply step two review vigorously. See, e.g., Goldstein v. SEC, 451 F.3d 873 (D.C. Cir. 2006). This is just such a case where the agency’s original claim for Chevron deference—before the agency’s control switched—would have been rejected at Chevron step two; a muscular use of that analysis is a barrier to inappropriate administrative adventure. PILLARD, Circuit Judge, dissenting as to Sections II.B through II.F and concurring in part: The administrative record is full of compelling evidence of dy",citation-anchor-without-directional-language,high,1,cadc|2017-06-13|docket:151461consolidatedwith151498161012161029161038161046161057
courtlistener-environmental-scotus-citation-events,michigan-v-epa-2015:4179039,https://www.courtlistener.com/opinion/4401786/advanced-energy-management-alliance-v-federal-energy-regulatory-commission/,lower-court-doctrinal-uptake,United States federal courts,576 U.S. 743 (2015),2015-06-29,Supreme Court of the United States,Michigan v. EPA,merits statutory judicial-review decision,2017-06-20,Court of Appeals for the D.C. Circuit,cited_context_only,2017-06-20,unclear,unclear,,,,,,,,,,,,"16-1234 Consolidated with 16-1235, 16-1236, 16-1239",,,,,,"published CourtListener citation-linked U.S. federal circuit and district opinion documents filed in the fixed 730-day post-decision window, after documented provider-cluster deduplication",1,"Citation-linked doctrinal-treatment event. A zero-citation circuit is no observed event, not ignored precedent or noncompliance. The treatment value is an automated candidate flag pending expert legal review. CourtListener's published-opinion coverage is not an all-case opportunity denominator.",michigan-v-epa-2015,576 U.S. 743 (2015),2015-06-30,2017-06-28,4401786,4401786,4179039,combined-opinion,cadc,D.C. Cir.,Advanced Energy Management Alliance v. Federal Energy Regulatory Commission,"ADVANCED ENERGY MANAGEMENT ALLIANCE, Petitioner v. FEDERAL ENERGY REGULATORY COMMISSION, Respondent Old Dominion Electric Cooperative, Et Al., Intervenors",6077315,Published,860 F.3d 656; 2017 U.S. App. LEXIS 10815; 2017 WL 2636455,cadc,available,https://storage.courtlistener.com/pdf/2017/06/20/advanced_energy_management_alliance_v._ferc.pdf,,,1,Opinion for the Court filed PER CURIAM 1 : The Federal Energy Regulatory Commission approved new rules governing the buying and selling of “capacity.” “Capacity” is the ability to produce electricity. Purchasers of capacity acquire the right to buy electricity in the future. Petitioners object to the," electricity than their capacity commitment would receive bonuses. These changes would encourage resource owners to invest in capital improvements and upgrades to ensure reliability. They would reduce the incentives for resource owners to cut corners in order to submit a more competitive offer. The Commission concluded that the revised rules would benefit the PJM system. The revisions would help avoid the financial costs of energy price peaks and system outages likely under the old system. These rules would also increase system reliability. Higher payments and the possibility of bonuses would encourage reliable resources to enter the market. At the same time, higher penalties would encourage less reliable resources to exit the market. Eventually, PJM would need to procure less capacity to ensure reliability. The Commission also considered the costs of the new capacity market. See, e.g., Michigan v. E.P.A., 135 S. Ct. 2699, 2707 (2015); TransCanada Power Marketing Ltd. v. FERC, 811 F.3d 1, 11-12 (D.C. Cir. 2015). It acknowledged that the revisions would increase the costs of obtaining capacity by billions of dollars. On rehearing the Commission cited a formal cost-benefit analysis, the Exelon study, which concluded that the 9 new market rules would have net savings of between $900 million and $4.7 billion annually, starting in 2016. Rehearing Order P 34. Petitioners are correct that the Exelon study used a higher penalty for resources that failed to perform than the penalty the Commission approved. But the savings the study found do not depend on the amount of the penalty. The savings come from the penalty successfully increasing reliability. The Commission approved the lower penalty because it decided that the penalty would sufficiently induce resources to perform and increase reliabilit […] eir capacity commitment would receive bonuses. These changes would encourage resource owners to invest in capital improvements and upgrades to ensure reliability. They would reduce the incentives for resource owners to cut corners in order to submit a more competitive offer. The Commission concluded that the revised rules would benefit the PJM system. The revisions would help avoid the financial costs of energy price peaks and system outages likely under the old system. These rules would also increase system reliability. Higher payments and the possibility of bonuses would encourage reliable resources to enter the market. At the same time, higher penalties would encourage less reliable resources to exit the market. Eventually, PJM would need to procure less capacity to ensure reliability. The Commission also considered the costs of the new capacity market. See, e.g., Michigan v. E.P.A., 135 S. Ct. 2699, 2707 (2015); TransCanada Power Marketing Ltd. v. FERC, 811 F.3d 1, 11-12 (D.C. Cir. 2015). It acknowledged that the revisions would increase the costs of obtaining capacity by billions of dollars. On rehearing the Commission cited a formal cost-benefit analysis, the Exelon study, which concluded that the 9 new market rules would have net savings of between $900 million and $4.7 billion annually, starting in 2016. Rehearing Order P 34. Petitioners are correct that the Exelon study used a higher penalty for resources that failed to perform than the penalty the Commission approved. But the savings the study found do not depend on the amount of the penalty. The savings come from the penalty successfully increasing reliability. The Commission approved the lower penalty because it decided that the penalty would sufficiently induce resources to perform and increase reliability. See discussion",citation-anchor-without-directional-language,high,1,cadc|2017-06-20|docket:161234consolidatedwith161235161236161239
courtlistener-environmental-scotus-citation-events,rapanos-v-united-states-2006:2492318,https://www.courtlistener.com/opinion/2492318/united-states-v-chevron-pipe-line-co/,lower-court-doctrinal-uptake,United States federal courts,547 U.S. 715 (2006),2006-06-19,Supreme Court of the United States,Rapanos v. United States,merits statutory judicial-review decision,2006-06-28,"District Court, N.D. Texas",unclear,2006-06-28,unclear,unclear,,,,,,,,,,,,3:05-cv-00293,,,,,,"published CourtListener citation-linked U.S. federal circuit and district opinion documents filed in the fixed 730-day post-decision window, after documented provider-cluster deduplication",1,"Citation-linked doctrinal-treatment event. A zero-citation circuit is no observed event, not ignored precedent or noncompliance. The treatment value is an automated candidate flag pending expert legal review. CourtListener's published-opinion coverage is not an all-case opportunity denominator.",rapanos-v-united-states-2006,547 U.S. 715 (2006),2006-06-20,2008-06-18,2492318,2492318,2492318,combined-opinion,txnd,N.D. Tex.,United States v. Chevron Pipe Line Co.,"UNITED STATES of America, Plaintiff, v. CHEVRON PIPE LINE COMPANY, Defendant",71406,Published,437 F. Supp. 2d 605; 163 Oil & Gas Rep. 957; 36 Envtl. L. Rep. (Envtl. Law Inst.) 20131; 63 ERC (BNA) 1376; 2006 U.S. Dist. LEXIS 47210; 2006 WL 1867376,ca5,unavailable,,no_document_url_in_search_result,,1,"437 F.Supp.2d 605 (2006) UNITED STATES of America, Plaintiff, v. CHEVRON PIPE LINE COMPANY, Defendant. Civil Action No. 5:05-CV-293-C ECF. United States District Court, N.D. Texas, Lubbock Division. June 28, 2006. *606 Scott E. Stewart, U.S. Department of Justice, Environmental Enforcement Section, Washington, DC, E. Scott Frost,",,public-full-text-unavailable,low,1,txnd|2006-06-28|docket:305cv00293
courtlistener-environmental-scotus-citation-events,rapanos-v-united-states-2006:77336,https://www.courtlistener.com/opinion/77336/ricky-wayne-bracewell-v-walter-w-kelley/,lower-court-doctrinal-uptake,United States federal courts,547 U.S. 715 (2006),2006-06-19,Supreme Court of the United States,Rapanos v. United States,merits statutory judicial-review decision,2006-06-30,Court of Appeals for the Eleventh Circuit,cited_context_only,2006-06-30,unclear,unclear,,,,,,,,,,,,05-11951,,,,,,"published CourtListener citation-linked U.S. federal circuit and district opinion documents filed in the fixed 730-day post-decision window, after documented provider-cluster deduplication",1,"Citation-linked doctrinal-treatment event. A zero-citation circuit is no observed event, not ignored precedent or noncompliance. The treatment value is an automated candidate flag pending expert legal review. CourtListener's published-opinion coverage is not an all-case opportunity denominator.",rapanos-v-united-states-2006,547 U.S. 715 (2006),2006-06-20,2008-06-18,77336,77336,77336,combined-opinion,ca11,11th Cir.,Ricky Wayne Bracewell v. Walter W. Kelley,"In Re: Ricky Wayne BRACEWELL, Debtor. Ricky Wayne Bracewell, Plaintiff-Appellee, v. Walter W. Kelley, Defendant-Appellant",1994586,Published,454 F.3d 1234; 2006 U.S. App. LEXIS 16464; 2006 WL 1814367,ca11,available,https://storage.courtlistener.com/pdf/2006/06/30/Ricky_Wayne_Bracewell_v._Walter_W._Kelley.pdf,,,1,"454 F.3d 1234 In Re: Ricky Wayne BRACEWELL, Debtor.Ricky Wayne Bracewell, Plaintiff-Appellee,v.Walter W. Kelley, Defendant-Appellant. No. 05-11951. United States Court of Appeals, Eleventh Circuit. June 30, 2006. COPYRIGHT MATERIAL OMITTED Thomas Dozier Lovett, Kelley, Lovett, Mullis & Blakey, P.C., Valdosta, GA, for Kel","eptible of improvement.”); Wright v. Sec’y for Dept. of Corr., 278 F.3d 1245, 1255 (11th Cir. 2002) (“Our function is to apply statutes, to carry out the expression of the legislative will that is embodied in them, not to ‘improve’ statutes by altering them.”); Harris v. Garner, 216 F.3d 970, 976 (11th Cir. 2000) (en banc) (“We will not do to the statutory language what Congress did not do with it, because the role of the judicial branch is to apply statutory language, not to rewrite it.”). If, in the face of plain statutory language, an opinion runs on about purposes and policies, it is a sure sign the revision knife is out and an effort is being made to slice and dice clear language to make way for the policy preferences of the writer. It justifies Justice Scalia’s recent criticism that talk about “advancing ‘the purpose of the Act’” is the “last resort of extravagant interpretation.” Rapanos v. United States, __ U.S. __, __ S. Ct. __, 2006 WL 1667087, at *21 (June 19, 2006) (plurality opinion). As he explained, it is an approach that runs counter to the truth “that no law pursues its purpose at all costs, and that the textual limitations upon a law’s scope are no less a part of its ‘purpose’ than its substantive authorizations.” Id. The dissenting opinion in this case refines the extravagant interpretation approach by suggesting that the statutory language “property as of the commencement of the case” is ambiguous as to whether it covers an interest 14 created by a pre-petition crop loss. We disagree. The language is perfectly clear. It covers exactly what it says it covers, which are any interests that are “property as of the commencement of the case” and none that are not. If an interest is not property on the date a case is filed, it is not covered. The Burgess dissenters relied primaril",citation-anchor-without-directional-language,high,1,ca11|2006-06-30|docket:0511951
courtlistener-environmental-scotus-citation-events,rapanos-v-united-states-2006:2999569,https://www.courtlistener.com/opinion/2999569/highway-j-citizens-group-v-united-states-department-of-transportation/,lower-court-doctrinal-uptake,United States federal courts,547 U.S. 715 (2006),2006-06-19,Supreme Court of the United States,Rapanos v. United States,merits statutory judicial-review decision,2006-08-02,Court of Appeals for the Seventh Circuit,cited_context_only,2006-08-02,unclear,unclear,,,,,,,,,,,,05-2667,,,,,,"published CourtListener citation-linked U.S. federal circuit and district opinion documents filed in the fixed 730-day post-decision window, after documented provider-cluster deduplication",1,"Citation-linked doctrinal-treatment event. A zero-citation circuit is no observed event, not ignored precedent or noncompliance. The treatment value is an automated candidate flag pending expert legal review. CourtListener's published-opinion coverage is not an all-case opportunity denominator.",rapanos-v-united-states-2006,547 U.S. 715 (2006),2006-06-20,2008-06-18,2999569,2999569;795199,2999569,combined-opinion,ca7,7th Cir.,Highway J Citizens Group v. United States Department of Transportation,"HIGHWAY J CITIZENS GROUP and WAUKESHA COUNTY ENVIRONMENTAL ACTION LEAGUE, Plaintiffs-Appellants, v. UNITED STATES DEPARTMENT OF TRANSPORTATION, Maria Cino, Acting Secretary of Transportation, Federal Highway Administration, Et Al., Defendants-Appellees",2856799,Published,456 F.3d 734,ca7,available,https://storage.courtlistener.com/pdf/2006/08/02/highway_j_citizens_v._tran.pdf,,,1,"RIPPLE, Circuit Judge. In 2005, the Highway J Citizens Group (“Citizens”) and the Waukesha County Environmental Action League (‘WEAL”) brought this action against the United States Department of Transportation (“DOT”), the Secretary of Transportation in his official capacity, the Federal Highway Administration (“FHWA”), Mary Peters in her official capacity as the Administrator o","laintiffs challenged the approval of the Highway 164 Project in Citizens I, because the cur- rent claims stem from the same factual transaction as the legal claims addressed in that prior litigation and because 16 We take no position on whether the plaintiffs’ CWA claim against the Army Corps, who was not a party to the Citizens I litigation, is also barred by res judicata. The district court concluded that the plaintiffs had not demonstrated a reason- able likelihood of success on their CWA claim, given that there is no evidence that the Corps, in issuing to the WisDOT a § 404 permit, had failed to consider “practicable alternatives” to the expansion of the highway or that the Corps understated the wetlands impact of the project. R.46 at 24-32. The plaintiffs do not challenge these conclusions on appeal. Therefore, this ap- peal does not implicate the Supreme Court’s recent decision in Rapanos v. United States, 126 S. Ct. 2208 (2006). No. 05-2667 21 the plaintiffs had a fair opportunity to raise their claims previously, we must conclude that res judicata bars the plaintiffs from further pursuing their challenges to the Highway 164 Project. As the Supreme Court noted emphati- cally in Baldwin v. Iowa State Traveling Men’s Ass’n, 283 U.S. 522, 525 (1931), “[p]ublic policy dictates that there be an end of litigation; that those who have contested an issue shall be bound by the result of the contest; and that matters once tried shall be considered settled as between the parties.” Conclusion For the foregoing reasons, we affirm the judgment of the district court. AFFIRMED A true Copy: Teste: _____________________________ Clerk of the United States Court of Appeals for the Seventh Circuit USCA-02-C-0072—8-2-06 […] pproval of the Highway 164 Project in Citizens I, because the cur- rent claims stem from the same factual transaction as the legal claims addressed in that prior litigation and because 16 We take no position on whether the plaintiffs’ CWA claim against the Army Corps, who was not a party to the Citizens I litigation, is also barred by res judicata. The district court concluded that the plaintiffs had not demonstrated a reason- able likelihood of success on their CWA claim, given that there is no evidence that the Corps, in issuing to the WisDOT a § 404 permit, had failed to consider “practicable alternatives” to the expansion of the highway or that the Corps understated the wetlands impact of the project. R.46 at 24-32. The plaintiffs do not challenge these conclusions on appeal. Therefore, this ap- peal does not implicate the Supreme Court’s recent decision in Rapanos v. United States, 126 S. Ct. 2208 (2006). No. 05-2667 21 the plaintiffs had a fair opportunity to raise their claims previously, we must conclude that res judicata bars the plaintiffs from further pursuing their challenges to the Highway 164 Project. As the Supreme Court noted emphati- cally in Baldwin v. Iowa State Traveling Men’s Ass’n, 283 U.S. 522, 525 (1931), “[p]ublic policy dictates that there be an end of litigation; that those who have contested an issue shall be bound by the result of the contest; and that matters once tried shall be considered settled as between the parties.” Conclusion For the foregoing reasons, we affirm the judgment of the district court. AFFIRMED A true Copy: Teste: _____________________________ Clerk of the United States Court of Appeals for the Seventh Circuit USCA-02-C-0072—8-2-06",citation-anchor-without-directional-language,high,1,ca7|2006-08-02|docket:052667
courtlistener-environmental-scotus-citation-events,rapanos-v-united-states-2006:3038351,https://www.courtlistener.com/opinion/3038351/northern-california-river-watch-v-city-of-healdsburg/,lower-court-doctrinal-uptake,United States federal courts,547 U.S. 715 (2006),2006-06-19,Supreme Court of the United States,Rapanos v. United States,merits statutory judicial-review decision,2006-08-10,Court of Appeals for the Ninth Circuit,applied,2006-08-10,applied,unclear,,,,,,,,,,,,04-15442,,,,,,"published CourtListener citation-linked U.S. federal circuit and district opinion documents filed in the fixed 730-day post-decision window, after documented provider-cluster deduplication",1,"Citation-linked doctrinal-treatment event. A zero-citation circuit is no observed event, not ignored precedent or noncompliance. The treatment value is an automated candidate flag pending expert legal review. CourtListener's published-opinion coverage is not an all-case opportunity denominator.",rapanos-v-united-states-2006,547 U.S. 715 (2006),2006-06-20,2008-06-18,3038351,3038351,3038351,combined-opinion,ca9,9th Cir.,Northern California River Watch v. City of Healdsburg,"NORTHERN CALIFORNIA RIVER WATCH, a Non-Profit Corporation, Plaintiff-Appellee, v. CITY OF HEALDSBURG, and Does 1-10 Inclusive, Defendant-Appellant",2895777,Published,457 F.3d 1023; 36 Envtl. L. Rep. (Envtl. Law Inst.) 20163; 62 ERC (BNA) 2089; 2006 U.S. App. LEXIS 20531; 2006 WL 2291155,ca9,available,https://storage.courtlistener.com/pdf/2006/08/10/northern_california_river_watch_v._city_of_healdsburg.pdf,,,1,"SCHROEDER, Chief Judge. Defendant/Appellant City of Healdsburg (“Healdsburg”) appeals the district court’s judgment in favor of Plaintiff/Appellee Northern California River Watch (“River Watch”), an environmental group, in this litigation under the Clean Water Act (“CWA”). Plaintiff alleges that Healds-burg, without first obtaining a National Pollutant Discharge Elimination Sy","ldsburg, with- out first obtaining a National Pollutant Discharge Elimination System (“NPDES”) permit, violated the CWA by discharging sewage from its waste treatment plant into waters covered by the Act. Healdsburg discharged the sewage into a body of water known as “Basalt Pond,” a rock quarry pit that had filled with water from the surrounding aquifer, located next to the Russian River. The issue is whether Basalt Pond is subject to the CWA because the Pond contains wetlands adjacent to a navigable river of the United States. The district court held that dis- charges into the Pond are discharges into the Russian River, a navigable water of the United States protected by the CWA. The court followed the United States Supreme Court decision in United States v. Riverside Bayview Homes, Inc., 474 U.S. 121 (1985). The Supreme Court, however, has now narrowed the scope of that decision. See Rapanos v. United States, 126 S.Ct. 2208 (2006). In a 4-4-1 decision, the controlling opinion is that of Justice Kennedy who said that to qualify as a navigable water under the CWA the body of water itself need not be continu- ously flowing, but that there must be a “significant nexus” to a waterway that is in fact navigable. Adjacency of wetlands to navigable waters alone is not sufficient. Id. at 2236-52. In light of Rapanos, we conclude that Basalt Pond and its wetlands possess such a “significant nexus” to waters that are navigable in fact, because the Pond waters seep directly into the navigable Russian River. We affirm the district court’s holding that Basalt Pond is subject to the CWA. We also affirm the district court’s ruling that neither the waste treat- ment system nor the excavation operation exceptions in the Act apply to Healdsburg’s discharges. N. CAL. RIVER WATCH v. HEALDSBURG 9303 BACKGROUND Th […] btaining a National Pollutant Discharge Elimination System (“NPDES”) permit, violated the CWA by discharging sewage from its waste treatment plant into waters covered by the Act. Healdsburg discharged the sewage into a body of water known as “Basalt Pond,” a rock quarry pit that had filled with water from the surrounding aquifer, located next to the Russian River. The issue is whether Basalt Pond is subject to the CWA because the Pond contains wetlands adjacent to a navigable river of the United States. The district court held that dis- charges into the Pond are discharges into the Russian River, a navigable water of the United States protected by the CWA. The court followed the United States Supreme Court decision in United States v. Riverside Bayview Homes, Inc., 474 U.S. 121 (1985). The Supreme Court, however, has now narrowed the scope of that decision. See Rapanos v. United States, 126 S.Ct. 2208 (2006). In a 4-4-1 decision, the controlling opinion is that of Justice Kennedy who said that to qualify as a navigable water under the CWA the body of water itself need not be continu- ously flowing, but that there must be a “significant nexus” to a waterway that is in fact navigable. Adjacency of wetlands to navigable waters alone is not sufficient. Id. at 2236-52. In light of Rapanos, we conclude that Basalt Pond and its wetlands possess such a “significant nexus” to waters that are navigable in fact, because the Pond waters seep directly into the navigable Russian River. We affirm the district court’s holding that Basalt Pond is subject to the CWA. We also affirm the district court’s ruling that neither the waste treat- ment system nor the excavation operation exceptions in the Act apply to Healdsburg’s discharges. N. CAL. RIVER WATCH v. HEALDSBURG 9303 BACKGROUND The Clean Water Ac […] igable waters’ that informed our reading of the [Act] in Riverside Bayview Homes.” Id. at 167. The Supreme Court in SWANCC, therefore, invalidated the Migratory Bird Rule but did not purport to reconsider its prior holding regarding adjacent wetlands in Riverside Bayview Homes. In Baccarat Fremont Developers, LLC v. U.S. Army Corps of Engineers, 425 F.3d 1150 (9th Cir. 2005), we expressly recognized that SWANCC invalidated the ACOE’s Migratory Bird Rule, but did not overrule Riverside Bayview Homes. Our conclusion in Baccarat is consistent with other circuits that have also held that SWANCC did not overrule Riverside Bayview Homes. See United States v. Hubenka, 438 F.3d 1026 (10th Cir. 2006); United States v. Johnson, 437 F.3d 157 (1st Cir. 2006). In the last term, however, the Supreme Court discussed the intersection between Riverside Bayview Homes and SWANCC. United States v. Rapanos, 126 S.Ct. 2208 (2006). The Rapanos decision involved two consolidated cases, United States v. Rapanos, 376 F.3d 629 (6th Cir. 2004) (Rapanos I) and Carabell v. U.S. Army Corps of Engineers, 391 F.3d 704 (6th Cir. 2004). The first consolidated case, Rapanos I, involved three land parcels near Midland, Michigan. The first parcel, known as the Salzburg site, consisted of roughly 230 acres. The Salz- burg site included 28 acres of wetlands. The district court found, on the basis of expert testimony, that water from the site spilled into the Hoppler Drain, which carried water into the Hoppler Creek and ultimately into the Kawkawlin River, which is navigable. The second parcel, known as the Hines Road site, consisted of 275 acres, which included 64 acres of wetlands. These wetlands had a surface-water connection to the Rose Drain, which carried water into the Tittabawassee River, a navigable waterway. The f",target-linked-application,medium,1,ca9|2006-08-10|docket:0415442
courtlistener-environmental-scotus-citation-events,rapanos-v-united-states-2006:2999595,https://www.courtlistener.com/opinion/2999595/united-states-v-gerke-excavating-inc/,lower-court-doctrinal-uptake,United States federal courts,547 U.S. 715 (2006),2006-06-19,Supreme Court of the United States,Rapanos v. United States,merits statutory judicial-review decision,2006-09-22,Court of Appeals for the Seventh Circuit,applied,2006-09-22,applied,unclear,,,,,,,,,,,,04-3941,,,,,,"published CourtListener citation-linked U.S. federal circuit and district opinion documents filed in the fixed 730-day post-decision window, after documented provider-cluster deduplication",1,"Citation-linked doctrinal-treatment event. A zero-citation circuit is no observed event, not ignored precedent or noncompliance. The treatment value is an automated candidate flag pending expert legal review. CourtListener's published-opinion coverage is not an all-case opportunity denominator.",rapanos-v-united-states-2006,547 U.S. 715 (2006),2006-06-20,2008-06-18,2999595,2999595;795840,2999595,combined-opinion,ca7,7th Cir.,United States v. Gerke Excavating Inc,,2856825,Published,,ca7,available,https://storage.courtlistener.com/pdf/2006/09/22/united_states_v._gerke_excavating_inc.pdf,,,1,"In the United States Court of Appeals For the Seventh Circuit ____________ No. 04-3941 UNITED STATES OF AMERICA, Plaintiff-Appellee, v. GERKE EXCAVATING, INC., Defendant-Appellant. ____________ Appeal from the United States District Court for the Western Dist","rt for the Western District of Wisconsin. No. 03-C-0074-C—Barbara B. Crabb, Chief Judge. ____________ On Remand From the Supreme Court of the United States ____________ SEPTEMBER 22, 2006 ____________ Before POSNER, EASTERBROOK, and EVANS, Circuit Judges. PER CURIAM. This suit charges that the defendant, Gerke Excavating, violated the Clean Water Act by discharging pollutants into “navigable waters” from “point sources” without having obtained the permit from the Corps of Engineers that is required if the pollutant consists of dredge or fill material. 33 U.S.C. §§ 1311(a), 1362(12). The district judge granted summary judgment for the government and imposed a civil penalty. We affirmed. 412 F.3d 804 (7th Cir. 2 No. 04-3941 2005). Gerke filed a petition for certiorari. The Court granted the petition, 126 S. Ct. 2964 (2006), and remanded the case to us for further consideration in light of Rapanos v. United States, 126 S. Ct. 2208 (2006), where the Court reversed two judgments by the Sixth Circuit upholding federal authority over wetlands, as had we. There was, however, no majority opinion in Rapanos. Four Justices, in an opinion supporting reversal, wanted to limit federal authority over “navigable waters” to “those wet- lands with a continuous surface connection to bodies that are ‘waters of the United States’ in their own right, so that there is no clear demarcation between ‘waters’ and wetlands, are ‘adjacent to’ such waters and covered by the [Clean Water Act]. Wetlands with only an intermittent, physically remote hydrologic connection to ‘waters of the United States’ . . . thus lack the necessary connection to covered waters that we described as a ‘significant nexus.’ Thus, establishing that wetlands such as those at the Rapanos and Carabell sites are covered by the Act requires two finding […] t of Wisconsin. No. 03-C-0074-C—Barbara B. Crabb, Chief Judge. ____________ On Remand From the Supreme Court of the United States ____________ SEPTEMBER 22, 2006 ____________ Before POSNER, EASTERBROOK, and EVANS, Circuit Judges. PER CURIAM. This suit charges that the defendant, Gerke Excavating, violated the Clean Water Act by discharging pollutants into “navigable waters” from “point sources” without having obtained the permit from the Corps of Engineers that is required if the pollutant consists of dredge or fill material. 33 U.S.C. §§ 1311(a), 1362(12). The district judge granted summary judgment for the government and imposed a civil penalty. We affirmed. 412 F.3d 804 (7th Cir. 2 No. 04-3941 2005). Gerke filed a petition for certiorari. The Court granted the petition, 126 S. Ct. 2964 (2006), and remanded the case to us for further consideration in light of Rapanos v. United States, 126 S. Ct. 2208 (2006), where the Court reversed two judgments by the Sixth Circuit upholding federal authority over wetlands, as had we. There was, however, no majority opinion in Rapanos. Four Justices, in an opinion supporting reversal, wanted to limit federal authority over “navigable waters” to “those wet- lands with a continuous surface connection to bodies that are ‘waters of the United States’ in their own right, so that there is no clear demarcation between ‘waters’ and wetlands, are ‘adjacent to’ such waters and covered by the [Clean Water Act]. Wetlands with only an intermittent, physically remote hydrologic connection to ‘waters of the United States’ . . . thus lack the necessary connection to covered waters that we described as a ‘significant nexus.’ Thus, establishing that wetlands such as those at the Rapanos and Carabell sites are covered by the Act requires two findings: First, that th",target-linked-application,medium,1,ca7|2006-09-22|docket:043941
courtlistener-environmental-scotus-citation-events,rapanos-v-united-states-2006:2562884,https://www.courtlistener.com/opinion/2562884/sierra-club-v-united-states-army-corps-of-engineers/,lower-court-doctrinal-uptake,United States federal courts,547 U.S. 715 (2006),2006-06-19,Supreme Court of the United States,Rapanos v. United States,merits statutory judicial-review decision,2006-09-28,"District Court, D. New Jersey",unclear,2006-09-28,unclear,unclear,,,,,,,,,,,,Civil Action 05-1724 (JAP),,,,,,"published CourtListener citation-linked U.S. federal circuit and district opinion documents filed in the fixed 730-day post-decision window, after documented provider-cluster deduplication",1,"Citation-linked doctrinal-treatment event. A zero-citation circuit is no observed event, not ignored precedent or noncompliance. The treatment value is an automated candidate flag pending expert legal review. CourtListener's published-opinion coverage is not an all-case opportunity denominator.",rapanos-v-united-states-2006,547 U.S. 715 (2006),2006-06-20,2008-06-18,2562884,2562884,2562884,combined-opinion,njd,D.N.J.,Sierra Club v. United States Army Corps of Engineers,"SIERRA CLUB, New Jersey Public Interest Group Citizens Lobby, Inc., and New Jersey Environmental Federation, Plaintiffs, v. UNITED STATES ARMY CORPS OF ENGINEERS, Colonel Richard J. Polo, Jr., and Meadowland Mills/Mack-Cali Limited Partnership, Defendants",2428252,Published,450 F. Supp. 2d 503; 63 ERC (BNA) 1959; 2006 U.S. Dist. LEXIS 70803; 2006 WL 2801895,ca3,unavailable,,no_document_url_in_search_result,,1,"450 F.Supp.2d 503 (2006) SIERRA CLUB, New Jersey Public Interest Group Citizens Lobby, Inc., and New Jersey Environmental Federation, Plaintiffs, v. UNITED STATES ARMY CORPS OF ENGINEERS, Colonel Richard J. Polo, Jr., and Meadowland Mills/Mack-Cali Limited Partnership, Defendants. Civil Action No. 05-1724 (JAP). United States District Court, D. New Jersey. September 28, 2006.</",,public-full-text-unavailable,low,1,njd|2006-09-28|docket:civilaction051724jap
courtlistener-environmental-scotus-citation-events,rapanos-v-united-states-2006:202476,https://www.courtlistener.com/opinion/202476/united-states-v-johnson/,lower-court-doctrinal-uptake,United States federal courts,547 U.S. 715 (2006),2006-06-19,Supreme Court of the United States,Rapanos v. United States,merits statutory judicial-review decision,2006-10-31,Court of Appeals for the First Circuit,applied,2006-10-31,applied,unclear,,,,,,,,,,,,05-1444,,,,,,"published CourtListener citation-linked U.S. federal circuit and district opinion documents filed in the fixed 730-day post-decision window, after documented provider-cluster deduplication",1,"Citation-linked doctrinal-treatment event. A zero-citation circuit is no observed event, not ignored precedent or noncompliance. The treatment value is an automated candidate flag pending expert legal review. CourtListener's published-opinion coverage is not an all-case opportunity denominator.",rapanos-v-united-states-2006,547 U.S. 715 (2006),2006-06-20,2008-06-18,202476,202476,202476,combined-opinion,ca1,1st Cir.,United States v. Johnson,"UNITED STATES, Plaintiff, Appellee, v. Charles JOHNSON, Genelda Johnson, Francis Vaner Johnson, and Johnson Cranberries, LLP, Defendants, Appellants",609867,Published,467 F.3d 56; 36 Envtl. L. Rep. (Envtl. Law Inst.) 20218; 63 ERC (BNA) 1289; 2006 U.S. App. LEXIS 27042; 2006 WL 3072145,ca1,available,https://storage.courtlistener.com/pdf/2006/10/31/US_v._Johnson.pdf,,,1,"United States Court of Appeals For the First Circuit No. 05-1444 UNITED STATES, Plaintiff, Appellee, v. CHARLES JOHNSON, GENELDA JOHNSON, FRANCIS VANER JOHNSON, and JOHNSON CRANBERRIES, LLP Defendants, Appellants. APPEAL FROM THE UNITED STATES DISTRICT COURT FOR THE DISTRICT OF MASSACHUSETTS","T COURT FOR THE DISTRICT OF MASSACHUSETTS [Hon. Edward F. Harrington, Senior U.S. District Judge] Before Torruella and Lipez, Circuit Judges, and DiClerico,* District Judge. Malcolm Reed Hopper, with whom Gregory T. Broderick was on brief for appellants. John L. Smeltzer, with whom Kelly A. Johnson, Acting Assistant Attorney General and Ellen Durkee, Attorney, Department of Justice Environment & Natural Resources Division, were on brief for appellee. October 31, 2006 * Of the District of New Hampshire, sitting by designation. LIPEZ, Circuit Judge. Following the panel's decision in this case, see United States v. Johnson, 437 F.3d 157 (1st. Cir. 2006), appellants moved for rehearing en banc, noting the Supreme Court's grant of certiorari in United States v. Rapanos, 376 F.3d 629 (6th Cir. 2004). We held their petition in abeyance pending a decision in that case. Following the decision in Rapanos v. United States, 547 U.S. ___, 126 S.Ct. 2208 (2006), appellants supplemented their previous petition. They request that we grant rehearing en banc to resolve the conflict between the panel decision and Rapanos, or, alternately, that we vacate the decision with prejudice on the ground that the evidence in the record supports a judgment in their favor. The government filed a response requesting that we vacate our previous decision and remand to the district court. After careful consideration, we vacate and remand for further proceedings consistent with Rapanos, as described below. I. The Panel Decision This case began when the United States filed a civil action alleging that defendants (now appellants), a group of cranberry farmers in Carver, Massachusetts, had discharged pollutants into federally-regulated waters without a permit in violation of § 301 and § 502 of the Clean Water Act (""CWA""), 33 U.S.C. […] S [Hon. Edward F. Harrington, Senior U.S. District Judge] Before Torruella and Lipez, Circuit Judges, and DiClerico,* District Judge. Malcolm Reed Hopper, with whom Gregory T. Broderick was on brief for appellants. John L. Smeltzer, with whom Kelly A. Johnson, Acting Assistant Attorney General and Ellen Durkee, Attorney, Department of Justice Environment & Natural Resources Division, were on brief for appellee. October 31, 2006 * Of the District of New Hampshire, sitting by designation. LIPEZ, Circuit Judge. Following the panel's decision in this case, see United States v. Johnson, 437 F.3d 157 (1st. Cir. 2006), appellants moved for rehearing en banc, noting the Supreme Court's grant of certiorari in United States v. Rapanos, 376 F.3d 629 (6th Cir. 2004). We held their petition in abeyance pending a decision in that case. Following the decision in Rapanos v. United States, 547 U.S. ___, 126 S.Ct. 2208 (2006), appellants supplemented their previous petition. They request that we grant rehearing en banc to resolve the conflict between the panel decision and Rapanos, or, alternately, that we vacate the decision with prejudice on the ground that the evidence in the record supports a judgment in their favor. The government filed a response requesting that we vacate our previous decision and remand to the district court. After careful consideration, we vacate and remand for further proceedings consistent with Rapanos, as described below. I. The Panel Decision This case began when the United States filed a civil action alleging that defendants (now appellants), a group of cranberry farmers in Carver, Massachusetts, had discharged pollutants into federally-regulated waters without a permit in violation of § 301 and § 502 of the Clean Water Act (""CWA""), 33 U.S.C. §§ 1311, 1352. In response, a […] onsistent with its own regulations because the system of tributaries linking the target sites to the Weweantic includes other wetlands. Because the regulations explicitly exclude wetlands adjacent to waters that are -4- themselves wetlands, the dissent argued that the government lacked jurisdiction under its own regulations. Id. at 187.1 II. Response to the Panel Decision As noted, appellants filed a petition for rehearing en banc pursuant to Rule 35 of the Federal Rules of Appellate Procedure, arguing that the case should be reheard following the Supreme Court's then-pending decision in Rapanos. We ordered appellants' petition held in abeyance pending the Supreme Court's decision in Rapanos. We further stated that appellants could file a supplemental petition for rehearing en banc within fourteen days after the decision in Rapanos was issued, and the government could then respond. III. Rapanos v. United States The decision in Rapanos v. United States, 547 U.S. ___, 126 S.Ct. 2208 (2006), resolved two consolidated cases from the Sixth Circuit. In one case, the United States brought an enforcement action alleging that property owners and their affiliated businesses deposited fill materials into wetlands without a permit, in violation of the CWA. Id. at 2219. In the 1 The regulation states that ""waters of the United States"" include ""[w]etlands adjacent to waters (other than waters that are themselves wetlands) identified in paragraphs (s)(1)-(6) of this section."" 40 C.F.R. § 230.3(s)(7). -5- other, property owners were denied a permit to deposit fill material in a wetland approximately one mile from a lake and, after exhausting their administrative appeals, they filed suit. Id. In both cases, the district court found that there was federal regulatory jurisdiction over the sites in question, and ",target-linked-application,medium,1,ca1|2006-10-31|docket:051444
courtlistener-environmental-scotus-citation-events,rapanos-v-united-states-2006:9440227,https://www.courtlistener.com/opinion/202476/united-states-v-johnson/,lower-court-doctrinal-uptake,United States federal courts,547 U.S. 715 (2006),2006-06-19,Supreme Court of the United States,Rapanos v. United States,merits statutory judicial-review decision,2006-10-31,Court of Appeals for the First Circuit,unclear,2006-10-31,unclear,unclear,,,,,,,,,,,,05-1444,,,,,,"published CourtListener citation-linked U.S. federal circuit and district opinion documents filed in the fixed 730-day post-decision window, after documented provider-cluster deduplication",1,"Citation-linked doctrinal-treatment event. A zero-citation circuit is no observed event, not ignored precedent or noncompliance. The treatment value is an automated candidate flag pending expert legal review. CourtListener's published-opinion coverage is not an all-case opportunity denominator.",rapanos-v-united-states-2006,547 U.S. 715 (2006),2006-06-20,2008-06-18,202476,202476,9440227,lead-opinion,ca1,1st Cir.,United States v. Johnson,"UNITED STATES, Plaintiff, Appellee, v. Charles JOHNSON, Genelda Johnson, Francis Vaner Johnson, and Johnson Cranberries, LLP, Defendants, Appellants",609867,Published,467 F.3d 56; 36 Envtl. L. Rep. (Envtl. Law Inst.) 20218; 63 ERC (BNA) 1289; 2006 U.S. App. LEXIS 27042; 2006 WL 3072145,ca1,unavailable,,no_document_url_in_search_result,,1,"LIPEZ, Circuit Judge. Following the panel’s decision in this case, see United States v. Johnson, 437 F.3d 157 (1st Cir.2006), appellants moved for rehearing en banc, noting the Supreme Court’s grant of certiorari in United States v. Rapanos, 376 F.3d 629 (6th Cir.2004). We held their petition in abeyance pending a decision in that case. Following the decision in Rapanos v. United States, 547 U.S. -",,public-full-text-unavailable,low,1,ca1|2006-10-31|docket:051444
courtlistener-environmental-scotus-citation-events,rapanos-v-united-states-2006:9440228,https://www.courtlistener.com/opinion/202476/united-states-v-johnson/,lower-court-doctrinal-uptake,United States federal courts,547 U.S. 715 (2006),2006-06-19,Supreme Court of the United States,Rapanos v. United States,merits statutory judicial-review decision,2006-10-31,Court of Appeals for the First Circuit,unclear,2006-10-31,unclear,unclear,,,,,,,,,,,,05-1444,,,,,,"published CourtListener citation-linked U.S. federal circuit and district opinion documents filed in the fixed 730-day post-decision window, after documented provider-cluster deduplication",1,"Citation-linked doctrinal-treatment event. A zero-citation circuit is no observed event, not ignored precedent or noncompliance. The treatment value is an automated candidate flag pending expert legal review. CourtListener's published-opinion coverage is not an all-case opportunity denominator.",rapanos-v-united-states-2006,547 U.S. 715 (2006),2006-06-20,2008-06-18,202476,202476,9440228,in-part-opinion,ca1,1st Cir.,United States v. Johnson,"UNITED STATES, Plaintiff, Appellee, v. Charles JOHNSON, Genelda Johnson, Francis Vaner Johnson, and Johnson Cranberries, LLP, Defendants, Appellants",609867,Published,467 F.3d 56; 36 Envtl. L. Rep. (Envtl. Law Inst.) 20218; 63 ERC (BNA) 1289; 2006 U.S. App. LEXIS 27042; 2006 WL 3072145,ca1,unavailable,,no_document_url_in_search_result,,1,"TORRUELLA, Circuit Judge (Concurring in part, Dissenting in part). I join the majority in remanding the case to the district court so that the new legal standards developed in Rapanos v. United, States, 547 U.S. -, 126 S.Ct. 2208, 165 L.Ed.2d 159 (2006), can be applied on the first instance by that court after the parties have had an opportunity to expand the record t",,public-full-text-unavailable,low,1,ca1|2006-10-31|docket:051444
courtlistener-environmental-scotus-citation-events,rapanos-v-united-states-2006:2319431,https://www.courtlistener.com/opinion/2319431/united-states-v-marion-l-kincaid-trust/,lower-court-doctrinal-uptake,United States federal courts,547 U.S. 715 (2006),2006-06-19,Supreme Court of the United States,Rapanos v. United States,merits statutory judicial-review decision,2006-11-03,"District Court, E.D. Michigan",unclear,2006-11-03,unclear,unclear,,,,,,,,,,,,02-10149,,,,,,"published CourtListener citation-linked U.S. federal circuit and district opinion documents filed in the fixed 730-day post-decision window, after documented provider-cluster deduplication",1,"Citation-linked doctrinal-treatment event. A zero-citation circuit is no observed event, not ignored precedent or noncompliance. The treatment value is an automated candidate flag pending expert legal review. CourtListener's published-opinion coverage is not an all-case opportunity denominator.",rapanos-v-united-states-2006,547 U.S. 715 (2006),2006-06-20,2008-06-18,2319431,2319431,2319431,combined-opinion,mied,E.D. Mich.,United States v. Marion L. Kincaid Trust,"UNITED STATES of America, Plaintiff, v. MARION L. KINCAID TRUST and Marion L. Kincaid, Trustee, Defendants",2188989,Published,463 F. Supp. 2d 680; 2006 U.S. Dist. LEXIS 88250; 2006 WL 3423797,ca6,unavailable,,no_document_url_in_search_result,,1,"463 F.Supp.2d 680 (2006) UNITED STATES of America, Plaintiff, v. MARION L. KINCAID TRUST and Marion L. Kincaid, Trustee, Defendants. No. 02-10149. United States District Court, E.D. Michigan, Southern Division. November 3, 2006. *681 *682 *683",,public-full-text-unavailable,low,1,mied|2006-11-03|docket:0210149
courtlistener-environmental-scotus-citation-events,rapanos-v-united-states-2006:2483996,https://www.courtlistener.com/opinion/2483996/sierra-club-v-united-states-army-corps-of-engineers/,lower-court-doctrinal-uptake,United States federal courts,547 U.S. 715 (2006),2006-06-19,Supreme Court of the United States,Rapanos v. United States,merits statutory judicial-review decision,2006-11-19,"District Court, M.D. Florida",unclear,2006-11-19,unclear,unclear,,,,,,,,,,,,"3:05CV362 J32TEM, 3:05CV459 J32TEM",,,,,,"published CourtListener citation-linked U.S. federal circuit and district opinion documents filed in the fixed 730-day post-decision window, after documented provider-cluster deduplication",1,"Citation-linked doctrinal-treatment event. A zero-citation circuit is no observed event, not ignored precedent or noncompliance. The treatment value is an automated candidate flag pending expert legal review. CourtListener's published-opinion coverage is not an all-case opportunity denominator.",rapanos-v-united-states-2006,547 U.S. 715 (2006),2006-06-20,2008-06-18,2483996,2483996,2483996,combined-opinion,flmd,M.D. Fla.,Sierra Club v. United States Army Corps of Engineers,"SIERRA CLUB, Plaintiff, v. UNITED STATES ARMY CORPS OF ENGINEERS, Et Al., Defendants; Natural Resources Defense Council, Plaintiff, v. United States Army Corps of Engineers, Et Al, Defendants",2351354,Published,464 F. Supp. 2d 1171; 36 Envtl. L. Rep. (Envtl. Law Inst.) 20236; 64 ERC (BNA) 1809; 2006 U.S. Dist. LEXIS 85132; 2006 WL 3365609,ca11,unavailable,,no_document_url_in_search_result,,1,"464 F.Supp.2d 1171 (2006) SIERRA CLUB, Plaintiff, v. UNITED STATES ARMY CORPS OF ENGINEERS, et al., Defendants. Natural Resources Defense Council, Plaintiff, v. United States Army Corps Of Engineers, et al, Defendants. Nos. 3:05CV362 J32TEM, 3:05CV459 J32TEM. United States District Court, M.D. Florida, Jacksonville Division. November 19, 2006.",,public-full-text-unavailable,low,1,flmd|2006-11-19|docket:305cv362j32tem305cv459j32tem
courtlistener-environmental-scotus-citation-events,rapanos-v-united-states-2006:2402926,https://www.courtlistener.com/opinion/2402926/p-v-enterprises-v-united-states-army-corps-of-engineers/,lower-court-doctrinal-uptake,United States federal courts,547 U.S. 715 (2006),2006-06-19,Supreme Court of the United States,Rapanos v. United States,merits statutory judicial-review decision,2006-12-19,"District Court, District of Columbia",unclear,2006-12-19,unclear,unclear,,,,,,,,,,,,Civ.A. 1:05-cv-1579 (RBW),,,,,,"published CourtListener citation-linked U.S. federal circuit and district opinion documents filed in the fixed 730-day post-decision window, after documented provider-cluster deduplication",1,"Citation-linked doctrinal-treatment event. A zero-citation circuit is no observed event, not ignored precedent or noncompliance. The treatment value is an automated candidate flag pending expert legal review. CourtListener's published-opinion coverage is not an all-case opportunity denominator.",rapanos-v-united-states-2006,547 U.S. 715 (2006),2006-06-20,2008-06-18,2402926,2402926,2402926,combined-opinion,dcd,D.D.C.,P & v Enterprises v. United States Army Corps of Engineers,"P & v ENTERPRISES, Et Al., Plaintiffs, v. UNITED STATES ARMY CORPS OF ENGINEERS, Et Al., Defendants",25389,Published,466 F. Supp. 2d 134; 64 ERC (BNA) 1635; 2006 U.S. Dist. LEXIS 91088,cadc,unavailable,,no_document_url_in_search_result,,1,"466 F.Supp.2d 134 (2006) P & V ENTERPRISES, et al., Plaintiffs, v. UNITED STATES ARMY CORPS OF ENGINEERS, et al., Defendants. Civ.A. No. 1:05-cv-1579 (RBW). United States District Court, D. Columbia. December 19, 2006. *135 John Andrews Hodges, Eric S. Andreas, Wiley Rein & Fielding, LLP, Washington, DC, for Plaintiffs.</",,public-full-text-unavailable,low,1,dcd|2006-12-19|docket:civa105cv1579rbw
courtlistener-environmental-scotus-citation-events,rapanos-v-united-states-2006:2403257,https://www.courtlistener.com/opinion/2403257/united-states-v-donovan/,lower-court-doctrinal-uptake,United States federal courts,547 U.S. 715 (2006),2006-06-19,Supreme Court of the United States,Rapanos v. United States,merits statutory judicial-review decision,2006-12-21,"District Court, D. Delaware",unclear,2006-12-21,unclear,unclear,,,,,,,,,,,,CIV.A. 96-484-JJF,,,,,,"published CourtListener citation-linked U.S. federal circuit and district opinion documents filed in the fixed 730-day post-decision window, after documented provider-cluster deduplication",1,"Citation-linked doctrinal-treatment event. A zero-citation circuit is no observed event, not ignored precedent or noncompliance. The treatment value is an automated candidate flag pending expert legal review. CourtListener's published-opinion coverage is not an all-case opportunity denominator.",rapanos-v-united-states-2006,547 U.S. 715 (2006),2006-06-20,2008-06-18,2403257,2403257,2403257,combined-opinion,ded,D. Del.,United States v. Donovan,"UNITED STATES of America, Plaintiff, v. David H. DONOVAN, Defendant",811676,Published,466 F. Supp. 2d 590; 2006 U.S. Dist. LEXIS 92326; 2006 WL 3751238,ca3,unavailable,,no_document_url_in_search_result,,1,"466 F.Supp.2d 590 (2006) UNITED STATES of America, Plaintiff, v. David H. DONOVAN, Defendant. No. CIV.A. 96-484-JJF. United States District Court, D. Delaware. December 21, 2006. *591 Colm F. Connolly, Esquire, United States Attorney, and Patricia C. Hannigan, Esquire, Assistant United States Attorney, Wilmington, DE, Sue Ellen W",,public-full-text-unavailable,low,1,ded|2006-12-21|docket:civa96484jjf
courtlistener-environmental-scotus-citation-events,rapanos-v-united-states-2006:2412627,https://www.courtlistener.com/opinion/2412627/northwest-bypass-group-v-us-army-corps-of-engineers/,lower-court-doctrinal-uptake,United States federal courts,547 U.S. 715 (2006),2006-06-19,Supreme Court of the United States,Rapanos v. United States,merits statutory judicial-review decision,2007-01-05,"District Court, D. New Hampshire",unclear,2007-01-05,unclear,unclear,,,,,,,,,,,,Civil 06-CV-00258-JAW,,,,,,"published CourtListener citation-linked U.S. federal circuit and district opinion documents filed in the fixed 730-day post-decision window, after documented provider-cluster deduplication",1,"Citation-linked doctrinal-treatment event. A zero-citation circuit is no observed event, not ignored precedent or noncompliance. The treatment value is an automated candidate flag pending expert legal review. CourtListener's published-opinion coverage is not an all-case opportunity denominator.",rapanos-v-united-states-2006,547 U.S. 715 (2006),2006-06-20,2008-06-18,2412627,2412627,2412627,combined-opinion,nhd,D.N.H.,Northwest Bypass Group v. U.S. Army Corps of Engineers,"NORTHWEST BYPASS GROUP, Et Al., Plaintiffs, v. U.S. ARMY CORPS OF ENGINEERS, Et Al., Defendants",2284910,Published,470 F. Supp. 2d 30; 37 Envtl. L. Rep. (Envtl. Law Inst.) 20013; 65 ERC (BNA) 1070; 2007 U.S. Dist. LEXIS 936,ca1,unavailable,,no_document_url_in_search_result,,1,"470 F.Supp.2d 30 (2007) NORTHWEST BYPASS GROUP, et al., Plaintiffs, v. U.S. ARMY CORPS OF ENGINEERS, et al., Defendants. Civil No. 06-CV-00258-JAW. United States District Court, D. New Hampshire. January 5, 2007. *31 *32 *33 *3",,public-full-text-unavailable,low,1,nhd|2007-01-05|docket:civil06cv00258jaw
courtlistener-environmental-scotus-citation-events,rapanos-v-united-states-2006:2496566,https://www.courtlistener.com/opinion/2496566/environmental-protection-information-center-v-pacific-lumber-co/,lower-court-doctrinal-uptake,United States federal courts,547 U.S. 715 (2006),2006-06-19,Supreme Court of the United States,Rapanos v. United States,merits statutory judicial-review decision,2007-01-08,"District Court, N.D. California",unclear,2007-01-08,unclear,unclear,,,,,,,,,,,,C 01-2821 MHP,,,,,,"published CourtListener citation-linked U.S. federal circuit and district opinion documents filed in the fixed 730-day post-decision window, after documented provider-cluster deduplication",1,"Citation-linked doctrinal-treatment event. A zero-citation circuit is no observed event, not ignored precedent or noncompliance. The treatment value is an automated candidate flag pending expert legal review. CourtListener's published-opinion coverage is not an all-case opportunity denominator.",rapanos-v-united-states-2006,547 U.S. 715 (2006),2006-06-20,2008-06-18,2496566,2496566,2496566,combined-opinion,cand,N.D. Cal.,Environmental Protection Information Center v. Pacific Lumber Co.,"ENVIRONMENTAL PROTECTION INFORMATION CENTER, a Nonprofit Corporation, Plaintiff, v. PACIFIC LUMBER COMPANY, a Delaware Corporation; Scotia Pacific Company LLC, a Delaware Corporation; Environmental Protection Agency; And Christine Todd Whitman, Defendants",2363849,Published,469 F. Supp. 2d 803; 37 Envtl. L. Rep. (Envtl. Law Inst.) 20012; 64 ERC (BNA) 1880; 2007 U.S. Dist. LEXIS 3715; 2007 WL 43654,ca9,unavailable,,no_document_url_in_search_result,,1,"469 F.Supp.2d 803 (2007) ENVIRONMENTAL PROTECTION INFORMATION CENTER, a nonprofit corporation, Plaintiff, v. PACIFIC LUMBER COMPANY, a Delaware corporation; Scotia Pacific Company LLC, a Delaware corporation; Environmental Protection Agency; and Christine Todd Whitman, Defendants. No. C 01-2821 MHP. United States District Court, N.D. California. January 8, 2007.",,public-full-text-unavailable,low,1,cand|2007-01-08|docket:c012821mhp
courtlistener-environmental-scotus-citation-events,rapanos-v-united-states-2006:2312818,https://www.courtlistener.com/opinion/2312818/simsbury-avon-preservation-society-llc-v-metacon-gun-club-inc/,lower-court-doctrinal-uptake,United States federal courts,547 U.S. 715 (2006),2006-06-19,Supreme Court of the United States,Rapanos v. United States,merits statutory judicial-review decision,2007-01-31,"District Court, D. Connecticut",unclear,2007-01-31,unclear,unclear,,,,,,,,,,,,Civil 3:04cv803(JBA),,,,,,"published CourtListener citation-linked U.S. federal circuit and district opinion documents filed in the fixed 730-day post-decision window, after documented provider-cluster deduplication",1,"Citation-linked doctrinal-treatment event. A zero-citation circuit is no observed event, not ignored precedent or noncompliance. The treatment value is an automated candidate flag pending expert legal review. CourtListener's published-opinion coverage is not an all-case opportunity denominator.",rapanos-v-united-states-2006,547 U.S. 715 (2006),2006-06-20,2008-06-18,2312818,2312818,2312818,combined-opinion,ctd,D. Conn.,"Simsbury-Avon Preservation Society, LLC v. Metacon Gun Club, Inc.","SIMSBURY-AVON PRESERVATION SOCIETY, LLC, Et Al., Plaintiffs, v. METACON GUN CLUB, INC., Defendant",683044,Published,472 F. Supp. 2d 219; 37 Envtl. L. Rep. (Envtl. Law Inst.) 20038; 64 ERC (BNA) 2081; 2007 U.S. Dist. LEXIS 7177,ca2,unavailable,,no_document_url_in_search_result,,1,"472 F.Supp.2d 219 (2007) SIMSBURY-AVON PRESERVATION SOCIETY, LLC, et al., Plaintiffs, v. METACON GUN CLUB, INC., Defendant. Civil No. 3:04cv803(JBA). United States District Court, D. Connecticut. January 31, 2007. *220 T.J. Morelli-Wolfe, Gales Ferry, CT, for Plaintiffs. Christopher E. Carrington, Martha A. Dean, Law Offic",,public-full-text-unavailable,low,1,ctd|2007-01-31|docket:civil304cv803jba
courtlistener-environmental-scotus-citation-events,rapanos-v-united-states-2006:3040651,https://www.courtlistener.com/opinion/3040651/morales-izquierdo-v-gonzales/,lower-court-doctrinal-uptake,United States federal courts,547 U.S. 715 (2006),2006-06-19,Supreme Court of the United States,Rapanos v. United States,merits statutory judicial-review decision,2007-02-05,Court of Appeals for the Ninth Circuit,cited_context_only,2007-02-05,unclear,unclear,,,,,,,,,,,,03-70674,,,,,,"published CourtListener citation-linked U.S. federal circuit and district opinion documents filed in the fixed 730-day post-decision window, after documented provider-cluster deduplication",1,"Citation-linked doctrinal-treatment event. A zero-citation circuit is no observed event, not ignored precedent or noncompliance. The treatment value is an automated candidate flag pending expert legal review. CourtListener's published-opinion coverage is not an all-case opportunity denominator.",rapanos-v-united-states-2006,547 U.S. 715 (2006),2006-06-20,2008-06-18,3040651,3040651,3040651,combined-opinion,ca9,9th Cir.,Morales-Izquierdo v. Gonzales,"Raul MORALES-IZQUIERDO, Petitioner, v. Alberto R. GONZALES, Attorney General, Respondent",2898077,Published,477 F.3d 691; 2007 WL 329132,ca9,available,https://storage.courtlistener.com/pdf/2007/02/05/morales-izquierdo_v._gonzales.pdf,,,1,"FOR PUBLICATION UNITED STATES COURT OF APPEALS FOR THE NINTH CIRCUIT RAUL MORALES-IZQUIERDO,  Petitioner, No. 03-70674 v.  INS No. A79-166-816 ALBERTO R. GONZALES, Attorney General, OPINION Respondent.  On Petition for Review of an Or","cide whether the agency’s interpretation reflects a plausible reading of the statutory text. Clark v. Martinez, and the constitutional avoidance doctrine it embodies, plays no role in the second Chevron inquiry. Second, Morales argues that the Attorney General imper- missibly eliminated the hearing requirement in 1997, when it had been a mainstay of the reinstatement process during the previous four decades. Compare 8 C.F.R. § 242.23(b) (repealed 1997) (requiring a hearing before an immigration judge for reinstatement), with 8 C.F.R. § 241.8(a) (“The alien has no right to a hearing before an immigration judge in [rein- statement proceedings].”). Morales labels this argument “[c]ongressional acquiescence in the prior administrative practice.” The Supreme Court, however, has drawn a sharp distinction between “ ‘Congress’ deliberate acquiescence’ ” and its “failure to express any opinion.” Rapanos v. United States, 126 S. Ct. 2208, 2231 (2006) (plurality opinion). Con- 1404 MORALES-IZQUIERDO v. GONZALES gressional acquiescence can only be inferred when there is “overwhelming evidence” that Congress explicitly considered the “precise issue” presented to the court. Id. (quoting Solid Waste Agency of N. Cook County v. U.S. Army Corps of Eng’rs, 531 U.S. 159, 169 n.5 (2001) (“overwhelming evi- dence”); Bob Jones Univ. v. United States, 461 U.S. 574, 600 (1983) (“precise issue”)). Here, we concluded at Chevron step one that Congress has not expressed a clear preference that reinstatement hearings be held before immigration judges; if anything, the INA’s statutory scheme supports the opposite conclusion. Nor has Morales pointed to anything in the legislative history that dis- closes congressional acquiescence in the agency’s past practice—and certainly not the requisite “overwhelming evi- dence.” A fin […] interpretation reflects a plausible reading of the statutory text. Clark v. Martinez, and the constitutional avoidance doctrine it embodies, plays no role in the second Chevron inquiry. Second, Morales argues that the Attorney General imper- missibly eliminated the hearing requirement in 1997, when it had been a mainstay of the reinstatement process during the previous four decades. Compare 8 C.F.R. § 242.23(b) (repealed 1997) (requiring a hearing before an immigration judge for reinstatement), with 8 C.F.R. § 241.8(a) (“The alien has no right to a hearing before an immigration judge in [rein- statement proceedings].”). Morales labels this argument “[c]ongressional acquiescence in the prior administrative practice.” The Supreme Court, however, has drawn a sharp distinction between “ ‘Congress’ deliberate acquiescence’ ” and its “failure to express any opinion.” Rapanos v. United States, 126 S. Ct. 2208, 2231 (2006) (plurality opinion). Con- 1404 MORALES-IZQUIERDO v. GONZALES gressional acquiescence can only be inferred when there is “overwhelming evidence” that Congress explicitly considered the “precise issue” presented to the court. Id. (quoting Solid Waste Agency of N. Cook County v. U.S. Army Corps of Eng’rs, 531 U.S. 159, 169 n.5 (2001) (“overwhelming evi- dence”); Bob Jones Univ. v. United States, 461 U.S. 574, 600 (1983) (“precise issue”)). Here, we concluded at Chevron step one that Congress has not expressed a clear preference that reinstatement hearings be held before immigration judges; if anything, the INA’s statutory scheme supports the opposite conclusion. Nor has Morales pointed to anything in the legislative history that dis- closes congressional acquiescence in the agency’s past practice—and certainly not the requisite “overwhelming evi- dence.” A finding of congressi",citation-anchor-without-directional-language,high,1,ca9|2007-02-05|docket:0370674
courtlistener-environmental-scotus-citation-events,rapanos-v-united-states-2006:9817787,https://www.courtlistener.com/opinion/3040651/morales-izquierdo-v-gonzales/,lower-court-doctrinal-uptake,United States federal courts,547 U.S. 715 (2006),2006-06-19,Supreme Court of the United States,Rapanos v. United States,merits statutory judicial-review decision,2007-02-05,Court of Appeals for the Ninth Circuit,unclear,2007-02-05,unclear,unclear,,,,,,,,,,,,03-70674,,,,,,"published CourtListener citation-linked U.S. federal circuit and district opinion documents filed in the fixed 730-day post-decision window, after documented provider-cluster deduplication",1,"Citation-linked doctrinal-treatment event. A zero-citation circuit is no observed event, not ignored precedent or noncompliance. The treatment value is an automated candidate flag pending expert legal review. CourtListener's published-opinion coverage is not an all-case opportunity denominator.",rapanos-v-united-states-2006,547 U.S. 715 (2006),2006-06-20,2008-06-18,3040651,3040651,9817787,lead-opinion,ca9,9th Cir.,Morales-Izquierdo v. Gonzales,"Raul MORALES-IZQUIERDO, Petitioner, v. Alberto R. GONZALES, Attorney General, Respondent",2898077,Published,477 F.3d 691; 2007 WL 329132,ca9,unavailable,,no_document_url_in_search_result,,1,"*694KOZINSKI, Circuit Judge. When an alien subject to removal leaves the country, the removal order is deemed to be executed. If the alien reenters the country illegally, the order may not be executed against him again unless it has been “reinstated” by an authorized official.1 Until' 1997, removal orders could only be reinstated by immigrat",,public-full-text-unavailable,low,1,ca9|2007-02-05|docket:0370674
courtlistener-environmental-scotus-citation-events,rapanos-v-united-states-2006:3047609,https://www.courtlistener.com/opinion/3047609/san-francisco-baykeeper-v-cargill-salt-division/,lower-court-doctrinal-uptake,United States federal courts,547 U.S. 715 (2006),2006-06-19,Supreme Court of the United States,Rapanos v. United States,merits statutory judicial-review decision,2007-03-07,Court of Appeals for the Ninth Circuit,cited_context_only,2007-03-07,unclear,unclear,,,,,,,,,,,,"04-17554, 05-15051",,,,,,"published CourtListener citation-linked U.S. federal circuit and district opinion documents filed in the fixed 730-day post-decision window, after documented provider-cluster deduplication",1,"Citation-linked doctrinal-treatment event. A zero-citation circuit is no observed event, not ignored precedent or noncompliance. The treatment value is an automated candidate flag pending expert legal review. CourtListener's published-opinion coverage is not an all-case opportunity denominator.",rapanos-v-united-states-2006,547 U.S. 715 (2006),2006-06-20,2008-06-18,3047609,3047609,3047609,combined-opinion,ca9,9th Cir.,San Francisco Baykeeper v. Cargill Salt Division,"SAN FRANCISCO BAYKEEPER; Citizens Committee to Complete the Refuge; Michael R. Lozeau, Plaintiffs-Appellees, v. CARGILL SALT DIVISION; Cargill Inc., Defendants-Appellants; San Francisco Baykeeper; Citizens Committee to Complete the Refuge, Plaintiffs-Appellants, and Michael R. Lozeau, Plaintiff, v. Cargill Salt Division; Cargill Inc., Defendants-Appellees",2905035,Published,481 F.3d 700,ca9,available,https://storage.courtlistener.com/pdf/2007/03/07/san_francisco_baykeeper_v._cargill_salt_division.pdf,,,1,"CANBY, Circuit Judge. San Francisco Baykeeper and Citizens Committee to Complete the Refuge (collectively “Baykeeper”) filed this citizen suit under the Clean Water Act, 33 U.S.C. § 1251 et seq., (“CWA” or “the Act”) against Cargill Salt Division and Cargill, Incorporated (collectively “Cargill”). Bay-keeper alleged that Cargill discharged pollutants into “waters of the United Sta","s is unreasonable . . . . Id. (internal citations omitted). It is simply not permissible to conclude from this passage that a court is authorized to con- clude, when the administering agencies have reasonably ruled to the contrary, that other non-navigable bodies of water, which are not wetlands, are waters of the United States because they are adjacent to such waters. Sixteen years after Bayside, the Supreme Court in SWANCC struck down the Migratory Bird Rule, noting that isolated intrastate ponds, unlike wetlands, lack a significant nexus to navigable waters. 531 U.S. at 167-68. SWANCC did not hold, however, that the Corps would be required to regu- late all non-navigable bodies of water with some nexus to navigable waters, and it certainly did not hold that a court would be free to impose such a regulatory requirement if the administering agencies did not. [6] Baykeeper’s reliance on Rapanos v. United States, 126 S. Ct. 2208 (2006), is similarly misplaced. Rapanos, like Riv- SAN FRANCISCO BAYKEEPER v. CARGILL SALT DIVISION 2679 erside Bayview, concerned the scope of the Corps’ authority to regulate adjacent wetlands. Justice Kennedy’s controlling concurrence explained that only wetlands with a significant nexus to a navigable-in-fact waterway are covered by the Act. Id. at 2248 (Kennedy, J., concurring) (“Consistent with SWANCC and Riverside Bayview and with the need to give the term ‘navigable’ some meaning, the Corps’ jurisdiction over wetlands depends upon the existence of a significant nexus between the wetlands in question and navigable waters in the traditional sense.”). No Justice, even in dictum, addressed the question whether all waterbodies with a signifi- cant nexus to navigable waters are covered by the Act. [7] We conclude, therefore, that nothing in Bayview, SWANCC or Rapanos  […] Id. (internal citations omitted). It is simply not permissible to conclude from this passage that a court is authorized to con- clude, when the administering agencies have reasonably ruled to the contrary, that other non-navigable bodies of water, which are not wetlands, are waters of the United States because they are adjacent to such waters. Sixteen years after Bayside, the Supreme Court in SWANCC struck down the Migratory Bird Rule, noting that isolated intrastate ponds, unlike wetlands, lack a significant nexus to navigable waters. 531 U.S. at 167-68. SWANCC did not hold, however, that the Corps would be required to regu- late all non-navigable bodies of water with some nexus to navigable waters, and it certainly did not hold that a court would be free to impose such a regulatory requirement if the administering agencies did not. [6] Baykeeper’s reliance on Rapanos v. United States, 126 S. Ct. 2208 (2006), is similarly misplaced. Rapanos, like Riv- SAN FRANCISCO BAYKEEPER v. CARGILL SALT DIVISION 2679 erside Bayview, concerned the scope of the Corps’ authority to regulate adjacent wetlands. Justice Kennedy’s controlling concurrence explained that only wetlands with a significant nexus to a navigable-in-fact waterway are covered by the Act. Id. at 2248 (Kennedy, J., concurring) (“Consistent with SWANCC and Riverside Bayview and with the need to give the term ‘navigable’ some meaning, the Corps’ jurisdiction over wetlands depends upon the existence of a significant nexus between the wetlands in question and navigable waters in the traditional sense.”). No Justice, even in dictum, addressed the question whether all waterbodies with a signifi- cant nexus to navigable waters are covered by the Act. [7] We conclude, therefore, that nothing in Bayview, SWANCC or Rapanos requires or suppo",citation-anchor-without-directional-language,high,1,ca9|2007-03-07|docket:04175540515051
courtlistener-environmental-scotus-citation-events,rapanos-v-united-states-2006:797285,https://www.courtlistener.com/opinion/797285/san-francisco-baykeeper-citizens-committee-to-complete-the-refuge-michael/,lower-court-doctrinal-uptake,United States federal courts,547 U.S. 715 (2006),2006-06-19,Supreme Court of the United States,Rapanos v. United States,merits statutory judicial-review decision,2007-03-08,Court of Appeals for the Ninth Circuit,unclear,2007-03-08,unclear,unclear,,,,,,,,,,,,05-15051,,,,,,"published CourtListener citation-linked U.S. federal circuit and district opinion documents filed in the fixed 730-day post-decision window, after documented provider-cluster deduplication",1,"Citation-linked doctrinal-treatment event. A zero-citation circuit is no observed event, not ignored precedent or noncompliance. The treatment value is an automated candidate flag pending expert legal review. CourtListener's published-opinion coverage is not an all-case opportunity denominator.",rapanos-v-united-states-2006,547 U.S. 715 (2006),2006-06-20,2008-06-18,797285,797285,797285,combined-opinion,ca9,9th Cir.,"San Francisco Baykeeper Citizens Committee to Complete the Refuge Michael R. Lozeau v. Cargill Salt Division Cargill Inc., San Francisco Baykeeper Citizens Committee to Complete the Refuge, and Michael R. Lozeau v. Cargill Salt Division Cargill Inc.","San Francisco Baykeeper Citizens Committee to Complete the Refuge Michael R. Lozeau v. Cargill Salt Division Cargill Inc., San Francisco Baykeeper Citizens Committee to Complete the Refuge, and Michael R. Lozeau v. Cargill Salt Division Cargill Inc.",778915,Published,481 F.3d 700; 37 Envtl. L. Rep. (Envtl. Law Inst.) 20061; 64 ERC (BNA) 1109; 2007 U.S. App. LEXIS 5442,ca9,unavailable,,download_failed_or_unextractable,"https://bulk.resource.org/courts.gov/c/F3/481/481.F3d.700.04-17554.05-15051.html: RuntimeError: Failed to retrieve https://bulk.resource.org/courts.gov/c/F3/481/481.F3d.700.04-17554.05-15051.html: <urlopen error [Errno 8] nodename nor servname provided, or not known> | http://bulk.resource.org/courts.gov/c/F3/481/481.F3d.700.04-17554.05-15051.html: RuntimeError: Failed to retrieve http://bulk.resource.org/courts.gov/c/F3/481/481.F3d.700.04-17554.05-15051.html: <urlopen error [Errno 8] nodename nor servname provided, or not known>",1,"481 F.3d 700 SAN FRANCISCO BAYKEEPER; Citizens Committee to Complete the Refuge; Michael R. Lozeau, Plaintiffs-Appellees,v.CARGILL SALT DIVISION; Cargill Inc., Defendants-Appellants.San Francisco Baykeeper; Citizens Committee to Complete the Refuge, Plaintiffs-Appellants, andMichael R. Lozeau, Plaintiff,v.Cargill Salt Division; Cargill Inc., Defendants-Appellees. No. 04-17554.",,public-full-text-unavailable,low,1,ca9|2007-03-08|docket:0515051
courtlistener-environmental-scotus-citation-events,rapanos-v-united-states-2006:2487487,https://www.courtlistener.com/opinion/2487487/united-states-v-cundiff/,lower-court-doctrinal-uptake,United States federal courts,547 U.S. 715 (2006),2006-06-19,Supreme Court of the United States,Rapanos v. United States,merits statutory judicial-review decision,2007-03-29,"District Court, W.D. Kentucky",unclear,2007-03-29,unclear,unclear,,,,,,,,,,,,CIV.A. 4:01CV-6-M,,,,,,"published CourtListener citation-linked U.S. federal circuit and district opinion documents filed in the fixed 730-day post-decision window, after documented provider-cluster deduplication",1,"Citation-linked doctrinal-treatment event. A zero-citation circuit is no observed event, not ignored precedent or noncompliance. The treatment value is an automated candidate flag pending expert legal review. CourtListener's published-opinion coverage is not an all-case opportunity denominator.",rapanos-v-united-states-2006,547 U.S. 715 (2006),2006-06-20,2008-06-18,2487487,2487487,2487487,combined-opinion,kywd,W.D. Ky.,United States v. Cundiff,UNITED STATES of America Plaintiff v. George Rudy CUNDIFF and Christopher Seth Cundiff Defendants,2355067,Published,480 F. Supp. 2d 940; 37 Envtl. L. Rep. (Envtl. Law Inst.) 20082; 65 ERC (BNA) 1346; 2007 U.S. Dist. LEXIS 22832; 2007 WL 957346,ca6,unavailable,,no_document_url_in_search_result,,1,"480 F.Supp.2d 940 (2007) UNITED STATES of America Plaintiff v. George Rudy CUNDIFF and Christopher Seth Cundiff Defendants. No. CIV.A. 4:01CV-6-M. United States District Court, W.D. Kentucky, Owensboro Division. March 29, 2007. *941 Benjamin Seth Schecter, U.S. Attorney Office, Louisville, KY, David Fishback, David M. Thompson, I",,public-full-text-unavailable,low,1,kywd|2007-03-29|docket:civa401cv6m
courtlistener-environmental-scotus-citation-events,rapanos-v-united-states-2006:3000412,https://www.courtlistener.com/opinion/3000412/rockstead-shirley-v-city-crystal-lake/,lower-court-doctrinal-uptake,United States federal courts,547 U.S. 715 (2006),2006-06-19,Supreme Court of the United States,Rapanos v. United States,merits statutory judicial-review decision,2007-04-10,Court of Appeals for the Seventh Circuit,cited_context_only,2007-04-10,unclear,unclear,,,,,,,,,,,,06-1286,,,,,,"published CourtListener citation-linked U.S. federal circuit and district opinion documents filed in the fixed 730-day post-decision window, after documented provider-cluster deduplication",1,"Citation-linked doctrinal-treatment event. A zero-citation circuit is no observed event, not ignored precedent or noncompliance. The treatment value is an automated candidate flag pending expert legal review. CourtListener's published-opinion coverage is not an all-case opportunity denominator.",rapanos-v-united-states-2006,547 U.S. 715 (2006),2006-06-20,2008-06-18,3000412,3000412;797790,3000412,combined-opinion,ca7,7th Cir.,"Rockstead, Shirley v. City Crystal Lake",,2857642,Published,,ca7,available,https://storage.courtlistener.com/pdf/2007/04/10/rockstead_shirley_v._city_crystal_lake.pdf,,,1,"In the United States Court of Appeals For the Seventh Circuit ____________ No. 06-1286 SHIRLEY A. ROCKSTEAD and CAROL J. HENDERSON, Plaintiffs-Appellants, v. CITY OF CRYSTAL LAKE, Defendant-Appellee. ____________ Appeal from the United S","on is required rest on the common sense view that ordinarily such flooding does not do permanent damage. Illustrative is Luperini v. County of Du Page, 637 N.E.2d 1264, 1269 (Ill. App. 1994), where we read that “the evi- dence did not establish that plaintiffs were prevented from the use of their premises because of permanent accumulations of water.” Many of us have had our base- ments flooded from time to time but we do not expect such incidents to cause a permanent reduction in the value of the house. Flood waters recede and the flooded buildings or land normally recover their previous value. But the situation has changed with the rise of severe legal restrictions (especially those imposed by the Clean No. 06-1286 5 Water Act, 33 U.S.C. §§ 1251 et seq.) on the use that a property owner may make of land declared to be wetlands. E.g., Palazzolo v. Rhode Island, 533 U.S. 606, 621 (2001); Rapanos v. United States, 126 S. Ct. 2208, 2225-27 (2006) (plurality opinion); Kelly v. EPA, 203 F.3d 519, 520-22 (7th Cir. 2000); Hoffman Homes, Inc. v. Administrator, 999 F.2d 256, 258 (7th Cir. 1993); Smith v. City of Clearwater, 383 So. 2d 681, 684-85 (Fla. App. 1980). Such a declaration, while good news for certain birds and other types of animal and for the health of the environment in general, is bad news for the owner of the property, who may find himself forbidden to build improvements on it or other- wise put it to what the market would consider a produc- tive use. E.g., Bayou Des Familles Development Corp. v. United States, 130 F.3d 1034, 1039-40 (Fed. Cir. 1997); Loveladies Harbor, Inc. v. United States, 28 F.3d 1171, 1180-82 (Fed. Cir. 1994). Intermittent flooding the cumulative effect of which is to transform an owner’s property into permanent wetlands is hard to distinguish from permanent floodin […]  common sense view that ordinarily such flooding does not do permanent damage. Illustrative is Luperini v. County of Du Page, 637 N.E.2d 1264, 1269 (Ill. App. 1994), where we read that “the evi- dence did not establish that plaintiffs were prevented from the use of their premises because of permanent accumulations of water.” Many of us have had our base- ments flooded from time to time but we do not expect such incidents to cause a permanent reduction in the value of the house. Flood waters recede and the flooded buildings or land normally recover their previous value. But the situation has changed with the rise of severe legal restrictions (especially those imposed by the Clean No. 06-1286 5 Water Act, 33 U.S.C. §§ 1251 et seq.) on the use that a property owner may make of land declared to be wetlands. E.g., Palazzolo v. Rhode Island, 533 U.S. 606, 621 (2001); Rapanos v. United States, 126 S. Ct. 2208, 2225-27 (2006) (plurality opinion); Kelly v. EPA, 203 F.3d 519, 520-22 (7th Cir. 2000); Hoffman Homes, Inc. v. Administrator, 999 F.2d 256, 258 (7th Cir. 1993); Smith v. City of Clearwater, 383 So. 2d 681, 684-85 (Fla. App. 1980). Such a declaration, while good news for certain birds and other types of animal and for the health of the environment in general, is bad news for the owner of the property, who may find himself forbidden to build improvements on it or other- wise put it to what the market would consider a produc- tive use. E.g., Bayou Des Familles Development Corp. v. United States, 130 F.3d 1034, 1039-40 (Fed. Cir. 1997); Loveladies Harbor, Inc. v. United States, 28 F.3d 1171, 1180-82 (Fed. Cir. 1994). Intermittent flooding the cumulative effect of which is to transform an owner’s property into permanent wetlands is hard to distinguish from permanent flooding that puts the l",citation-anchor-without-directional-language,high,1,ca7|2007-04-10|docket:061286
courtlistener-environmental-scotus-citation-events,rapanos-v-united-states-2006:2445433,https://www.courtlistener.com/opinion/2445433/in-re-the-complaint-of-everglades-island-boat-tours-llc/,lower-court-doctrinal-uptake,United States federal courts,547 U.S. 715 (2006),2006-06-19,Supreme Court of the United States,Rapanos v. United States,merits statutory judicial-review decision,2007-04-23,"District Court, M.D. Florida",unclear,2007-04-23,unclear,unclear,,,,,,,,,,,,8:06-cr-00225,,,,,,"published CourtListener citation-linked U.S. federal circuit and district opinion documents filed in the fixed 730-day post-decision window, after documented provider-cluster deduplication",1,"Citation-linked doctrinal-treatment event. A zero-citation circuit is no observed event, not ignored precedent or noncompliance. The treatment value is an automated candidate flag pending expert legal review. CourtListener's published-opinion coverage is not an all-case opportunity denominator.",rapanos-v-united-states-2006,547 U.S. 715 (2006),2006-06-20,2008-06-18,2445433,2445433,2445433,combined-opinion,flmd,M.D. Fla.,"In Re the Complaint of Everglades Island Boat Tours, LLC","In the Matter of the Complaint of EVERGLADES ISLAND BOAT TOURS, LLC as Owner of the 2004 20’ Airboat, With Hull Identification No. FLZBB218E404, for Exoneration From or Limitation of Liability, Petitioner",2317780,Published,484 F. Supp. 2d 1259; 2007 A.M.C. 1440; 2007 U.S. Dist. LEXIS 29618; 2007 WL 1200961,ca11,unavailable,,no_document_url_in_search_result,,1,"484 F.Supp.2d 1259 (2007) In the Matter of the Complaint of EVERGLADES ISLAND BOAT TOURS, LLC as owner of the 2004 20' airboat, with hull identification no. FLZBB218E404, for exoneration from or limitation of liability, Petitioner. No. 2:06-cv-225-FtM-29SPC. United States District Court, M.D. Florida, Fort Myers Division. April 23, 2007. *1260<",,public-full-text-unavailable,low,1,flmd|2007-04-23|docket:806cr00225
courtlistener-environmental-scotus-citation-events,rapanos-v-united-states-2006:3048582,https://www.courtlistener.com/opinion/3048582/morales-izquierdo-v-gonzales/,lower-court-doctrinal-uptake,United States federal courts,547 U.S. 715 (2006),2006-06-19,Supreme Court of the United States,Rapanos v. United States,merits statutory judicial-review decision,2007-05-07,Court of Appeals for the Ninth Circuit,cited_context_only,2007-05-07,unclear,unclear,,,,,,,,,,,,03-70674,,,,,,"published CourtListener citation-linked U.S. federal circuit and district opinion documents filed in the fixed 730-day post-decision window, after documented provider-cluster deduplication",1,"Citation-linked doctrinal-treatment event. A zero-citation circuit is no observed event, not ignored precedent or noncompliance. The treatment value is an automated candidate flag pending expert legal review. CourtListener's published-opinion coverage is not an all-case opportunity denominator.",rapanos-v-united-states-2006,547 U.S. 715 (2006),2006-06-20,2008-06-18,3048582,3048582,3048582,combined-opinion,ca9,9th Cir.,Morales-Izquierdo v. Gonzales,,2906008,Published,,ca9,available,https://storage.courtlistener.com/pdf/2007/05/07/morales-izquierdo_v._gonzales.pdf,,,1,"FOR PUBLICATION UNITED STATES COURT OF APPEALS FOR THE NINTH CIRCUIT RAUL MORALES-IZQUIERDO,  No. 03-70674 Petitioner, INS No. v.  A79-166-816 ALBERTO R. GONZALES, Attorney ORDER AND General, AMENDED Respondent.  OPINION On Petition for Review of an Ord","ation reflects a plausible reading of the statutory text. Clark v. Martinez, and the constitutional avoidance doctrine it embodies, plays no role in the second Chevron inquiry. Second, Morales argues that the Attorney General imper- missibly eliminated the hearing requirement in 1997, when it had been a mainstay of the reinstatement process during the previous four decades. Compare 8 C.F.R. § 242.23(b) (repealed 1997) (requiring a hearing before an immigration 5282 MORALES-IZQUIERDO v. GONZALES judge for reinstatement), with 8 C.F.R. § 241.8(a) (“The alien has no right to a hearing before an immigration judge in [rein- statement proceedings].”). Morales labels this argument “[c]ongressional acquiescence in the prior administrative practice.” The Supreme Court, however, has drawn a sharp distinction between “ ‘Congress’ deliberate acquiescence’ ” and its “failure to express any opinion.” Rapanos v. United States, 126 S. Ct. 2208, 2231 (2006) (plurality opinion). Con- gressional acquiescence can only be inferred when there is “overwhelming evidence” that Congress explicitly considered the “precise issue” presented to the court. Id. (quoting Solid Waste Agency of N. Cook County v. U.S. Army Corps of Eng’rs, 531 U.S. 159, 169 n.5 (2001) (“overwhelming evi- dence”); Bob Jones Univ. v. United States, 461 U.S. 574, 600 (1983) (“precise issue”)). Here, we concluded at Chevron step one that Congress has not expressed a clear preference that reinstatement hearings be held before immigration judges; if anything, the INA’s statutory scheme supports the opposite conclusion. Nor has Morales pointed to anything in the legislative history that dis- closes congressional acquiescence in the agency’s past practice—and certainly not the requisite “overwhelming evi- dence.” A finding of congressional acquiescence  […]  reading of the statutory text. Clark v. Martinez, and the constitutional avoidance doctrine it embodies, plays no role in the second Chevron inquiry. Second, Morales argues that the Attorney General imper- missibly eliminated the hearing requirement in 1997, when it had been a mainstay of the reinstatement process during the previous four decades. Compare 8 C.F.R. § 242.23(b) (repealed 1997) (requiring a hearing before an immigration 5282 MORALES-IZQUIERDO v. GONZALES judge for reinstatement), with 8 C.F.R. § 241.8(a) (“The alien has no right to a hearing before an immigration judge in [rein- statement proceedings].”). Morales labels this argument “[c]ongressional acquiescence in the prior administrative practice.” The Supreme Court, however, has drawn a sharp distinction between “ ‘Congress’ deliberate acquiescence’ ” and its “failure to express any opinion.” Rapanos v. United States, 126 S. Ct. 2208, 2231 (2006) (plurality opinion). Con- gressional acquiescence can only be inferred when there is “overwhelming evidence” that Congress explicitly considered the “precise issue” presented to the court. Id. (quoting Solid Waste Agency of N. Cook County v. U.S. Army Corps of Eng’rs, 531 U.S. 159, 169 n.5 (2001) (“overwhelming evi- dence”); Bob Jones Univ. v. United States, 461 U.S. 574, 600 (1983) (“precise issue”)). Here, we concluded at Chevron step one that Congress has not expressed a clear preference that reinstatement hearings be held before immigration judges; if anything, the INA’s statutory scheme supports the opposite conclusion. Nor has Morales pointed to anything in the legislative history that dis- closes congressional acquiescence in the agency’s past practice—and certainly not the requisite “overwhelming evi- dence.” A finding of congressional acquiescence must be reserved ",citation-anchor-without-directional-language,high,1,ca9|2007-05-07|docket:0370674
courtlistener-environmental-scotus-citation-events,rapanos-v-united-states-2006:797757,https://www.courtlistener.com/opinion/797757/raul-morales-izquierdo-v-alberto-r-gonzales-attorney-general/,lower-court-doctrinal-uptake,United States federal courts,547 U.S. 715 (2006),2006-06-19,Supreme Court of the United States,Rapanos v. United States,merits statutory judicial-review decision,2007-05-08,Court of Appeals for the Ninth Circuit,unclear,2007-05-08,unclear,unclear,,,,,,,,,,,,03-70674,,,,,,"published CourtListener citation-linked U.S. federal circuit and district opinion documents filed in the fixed 730-day post-decision window, after documented provider-cluster deduplication",1,"Citation-linked doctrinal-treatment event. A zero-citation circuit is no observed event, not ignored precedent or noncompliance. The treatment value is an automated candidate flag pending expert legal review. CourtListener's published-opinion coverage is not an all-case opportunity denominator.",rapanos-v-united-states-2006,547 U.S. 715 (2006),2006-06-20,2008-06-18,797757,797757,797757,combined-opinion,ca9,9th Cir.,"Raul Morales-Izquierdo v. Alberto R. Gonzales, Attorney General","Raul MORALES-IZQUIERDO, Petitioner, v. Alberto R. GONZALES, Attorney General, Respondent",779634,Published,486 F.3d 484; 2007 U.S. App. LEXIS 10855; 2007 WL 1322412,ca9,unavailable,,download_failed_or_unextractable,"https://bulk.resource.org/courts.gov/c/F3/486/486.F3d.484.03-70674.html: RuntimeError: Failed to retrieve https://bulk.resource.org/courts.gov/c/F3/486/486.F3d.484.03-70674.html: <urlopen error [Errno 8] nodename nor servname provided, or not known> | http://bulk.resource.org/courts.gov/c/F3/486/486.F3d.484.03-70674.html: RuntimeError: Failed to retrieve http://bulk.resource.org/courts.gov/c/F3/486/486.F3d.484.03-70674.html: <urlopen error [Errno 8] nodename nor servname provided, or not known>",1,"486 F.3d 484 Raul MORALES-IZQUIERDO, Petitioner,v.Alberto R. GONZALES, Attorney General, Respondent. No. 03-70674. United States Court of Appeals, Ninth Circuit. Argued and Submitted December 13, 2005. Proceedings Stayed January 5, 2006. Resubmitted June 22, 2006. Filed February 6, 2007.",,public-full-text-unavailable,low,1,ca9|2007-05-08|docket:0370674
courtlistener-environmental-scotus-citation-events,rapanos-v-united-states-2006:9499671,https://www.courtlistener.com/opinion/797757/raul-morales-izquierdo-v-alberto-r-gonzales-attorney-general/,lower-court-doctrinal-uptake,United States federal courts,547 U.S. 715 (2006),2006-06-19,Supreme Court of the United States,Rapanos v. United States,merits statutory judicial-review decision,2007-05-08,Court of Appeals for the Ninth Circuit,unclear,2007-05-08,unclear,unclear,,,,,,,,,,,,03-70674,,,,,,"published CourtListener citation-linked U.S. federal circuit and district opinion documents filed in the fixed 730-day post-decision window, after documented provider-cluster deduplication",1,"Citation-linked doctrinal-treatment event. A zero-citation circuit is no observed event, not ignored precedent or noncompliance. The treatment value is an automated candidate flag pending expert legal review. CourtListener's published-opinion coverage is not an all-case opportunity denominator.",rapanos-v-united-states-2006,547 U.S. 715 (2006),2006-06-20,2008-06-18,797757,797757,9499671,lead-opinion,ca9,9th Cir.,"Raul Morales-Izquierdo v. Alberto R. Gonzales, Attorney General","Raul MORALES-IZQUIERDO, Petitioner, v. Alberto R. GONZALES, Attorney General, Respondent",779634,Published,486 F.3d 484; 2007 U.S. App. LEXIS 10855; 2007 WL 1322412,ca9,unavailable,,no_document_url_in_search_result,,1,"Opinion by Judge KOZINSKI; Dissent by Judge THOMAS. ORDER AND AMENDED OPINION KOZINSKI, Circuit Judge. ORDER The petition for panel rehearing is denied. See Fed. R. App. P. 40. Judges Pregerson, Reinhardt, Thomas and W. Fletcher would grant the petition. The opinion filed on February 6, 2007, slip op. at 1389 [477 F.3d 691], is amended as follows:",,public-full-text-unavailable,low,1,ca9|2007-05-08|docket:0370674
courtlistener-environmental-scotus-citation-events,rapanos-v-united-states-2006:3049572,https://www.courtlistener.com/opinion/3049572/united-states-v-moses/,lower-court-doctrinal-uptake,United States federal courts,547 U.S. 715 (2006),2006-06-19,Supreme Court of the United States,Rapanos v. United States,merits statutory judicial-review decision,2007-08-02,Court of Appeals for the Ninth Circuit,cited_context_only,2007-08-02,unclear,unclear,,,,,,,,,,,,06-30379,,,,,,"published CourtListener citation-linked U.S. federal circuit and district opinion documents filed in the fixed 730-day post-decision window, after documented provider-cluster deduplication",1,"Citation-linked doctrinal-treatment event. A zero-citation circuit is no observed event, not ignored precedent or noncompliance. The treatment value is an automated candidate flag pending expert legal review. CourtListener's published-opinion coverage is not an all-case opportunity denominator.",rapanos-v-united-states-2006,547 U.S. 715 (2006),2006-06-20,2008-06-18,3049572,3049572,3049572,combined-opinion,ca9,9th Cir.,United States v. Moses,,2906998,Published,,ca9,available,https://storage.courtlistener.com/pdf/2007/08/02/united_states_v._moses.pdf,,,1,"FOR PUBLICATION UNITED STATES COURT OF APPEALS FOR THE NINTH CIRCUIT UNITED STATES OF AMERICA,  No. 06-30379 Plaintiff-Appellee, v.  D.C. No. CR-05-00061-BLW C. LYNN MOSES, OPINION Defendant-Appellant.  Appeal from the United","essary. Even tribu- taries that flow intermittently are “waters of the United States.” Id. at 534. In so doing, we relied upon the following reflection by the Eleventh Circuit Court of Appeals: [T]here is no reason to suspect that Congress intended to exclude from “waters of the United States” tributaries that flow only intermittently. Pol- lutants need not reach interstate bodies of water immediately or continuously in order to inflict seri- ous environmental damage . . . . Rather, as long as the tributary would flow into the navigable body of water “during significant rainfall,” it is capable of spreading environmental damage and is thus a “water of the United States” under the Act. United States v. Eidson, 108 F.3d 1336, 1342 (11th Cir. 1997) (citations and footnote reference omitted). Since then, the Supreme Court has revisited this area, but has not undercut our prior analysis. See Rapanos v. United States, ___ U.S. ___, 126 S. Ct. 2208, 165 L. Ed. 2d 159 (2006). In that case, the Court actually directly dealt with the reach of the CWA over wetlands,11 but in so doing addressed 11 The scope of the wetlands regulation had been visited by the Court on two previous occasions. See Solid Waste Agency v. U.S. Army Corps of UNITED STATES v. MOSES 9295 itself to the question of what could be a tributary. Id. at ___, 126 S. Ct. at 2225. A four justice plurality ultimately declared: In sum, on its only plausible interpretation, the phrase “the waters of the United States” includes only those relatively permanent, standing or continu- ously flowing bodies of water “forming geographic features” that are described in ordinary parlance as “streams[,] . . . oceans, rivers, [and] lakes.” The phrase does not include channels through which water flows intermittently or ephemerally, or chan- nels that perio […] ermittently are “waters of the United States.” Id. at 534. In so doing, we relied upon the following reflection by the Eleventh Circuit Court of Appeals: [T]here is no reason to suspect that Congress intended to exclude from “waters of the United States” tributaries that flow only intermittently. Pol- lutants need not reach interstate bodies of water immediately or continuously in order to inflict seri- ous environmental damage . . . . Rather, as long as the tributary would flow into the navigable body of water “during significant rainfall,” it is capable of spreading environmental damage and is thus a “water of the United States” under the Act. United States v. Eidson, 108 F.3d 1336, 1342 (11th Cir. 1997) (citations and footnote reference omitted). Since then, the Supreme Court has revisited this area, but has not undercut our prior analysis. See Rapanos v. United States, ___ U.S. ___, 126 S. Ct. 2208, 165 L. Ed. 2d 159 (2006). In that case, the Court actually directly dealt with the reach of the CWA over wetlands,11 but in so doing addressed 11 The scope of the wetlands regulation had been visited by the Court on two previous occasions. See Solid Waste Agency v. U.S. Army Corps of UNITED STATES v. MOSES 9295 itself to the question of what could be a tributary. Id. at ___, 126 S. Ct. at 2225. A four justice plurality ultimately declared: In sum, on its only plausible interpretation, the phrase “the waters of the United States” includes only those relatively permanent, standing or continu- ously flowing bodies of water “forming geographic features” that are described in ordinary parlance as “streams[,] . . . oceans, rivers, [and] lakes.” The phrase does not include channels through which water flows intermittently or ephemerally, or chan- nels that periodically provide drainage for ra",citation-anchor-without-directional-language,high,1,ca9|2007-08-02|docket:0630379
courtlistener-environmental-scotus-citation-events,rapanos-v-united-states-2006:1453659,https://www.courtlistener.com/opinion/1453659/united-states-v-moses/,lower-court-doctrinal-uptake,United States federal courts,547 U.S. 715 (2006),2006-06-19,Supreme Court of the United States,Rapanos v. United States,merits statutory judicial-review decision,2007-08-03,Court of Appeals for the Ninth Circuit,unclear,2007-08-03,unclear,unclear,,,,,,,,,,,,06-30379,,,,,,"published CourtListener citation-linked U.S. federal circuit and district opinion documents filed in the fixed 730-day post-decision window, after documented provider-cluster deduplication",1,"Citation-linked doctrinal-treatment event. A zero-citation circuit is no observed event, not ignored precedent or noncompliance. The treatment value is an automated candidate flag pending expert legal review. CourtListener's published-opinion coverage is not an all-case opportunity denominator.",rapanos-v-united-states-2006,547 U.S. 715 (2006),2006-06-20,2008-06-18,1453659,1453659,1453659,combined-opinion,ca9,9th Cir.,United States v. Moses,"UNITED STATES of America, Plaintiff-Appellee, v. C. Lynn MOSES, Defendant-Appellant",1013498,Published,496 F.3d 984; 37 Envtl. L. Rep. (Envtl. Law Inst.) 20206; 64 ERC (BNA) 1993; 2007 U.S. App. LEXIS 18483; 2007 WL 2215954,ca9,unavailable,,no_document_url_in_search_result,,1,"496 F.3d 984 (2007) UNITED STATES of America, Plaintiff-Appellee, v. C. Lynn MOSES, Defendant-Appellant. No. 06-30379. United States Court of Appeals, Ninth Circuit. Argued and Submitted July 10, 2007. Filed August 3, 2007. *985 Blake S. Atkin, Atkin Law Offices, P.C., Salt Lake City, UT, for the defendant-appell",,public-full-text-unavailable,low,1,ca9|2007-08-03|docket:0630379
courtlistener-environmental-scotus-citation-events,rapanos-v-united-states-2006:3049590,https://www.courtlistener.com/opinion/3049590/northern-california-river-watch-v-city-of-healdsbu/,lower-court-doctrinal-uptake,United States federal courts,547 U.S. 715 (2006),2006-06-19,Supreme Court of the United States,Rapanos v. United States,merits statutory judicial-review decision,2007-08-06,Court of Appeals for the Ninth Circuit,applied,2007-08-06,applied,unclear,,,,,,,,,,,,04-15442,,,,,,"published CourtListener citation-linked U.S. federal circuit and district opinion documents filed in the fixed 730-day post-decision window, after documented provider-cluster deduplication",1,"Citation-linked doctrinal-treatment event. A zero-citation circuit is no observed event, not ignored precedent or noncompliance. The treatment value is an automated candidate flag pending expert legal review. CourtListener's published-opinion coverage is not an all-case opportunity denominator.",rapanos-v-united-states-2006,547 U.S. 715 (2006),2006-06-20,2008-06-18,3049590,1454065;3049590,3049590,combined-opinion,ca9,9th Cir.,Northern California River Watch v. City of Healdsburg,,2907016,Published,,ca9,available,https://storage.courtlistener.com/pdf/2007/08/06/northern_california_river_watch_v._city_of_healdsburg.pdf,,,1,"FOR PUBLICATION UNITED STATES COURT OF APPEALS FOR THE NINTH CIRCUIT NORTHERN CALIFORNIA RIVER  WATCH, a non-profit corporation, No. 04-15442 Plaintiff-Appellee, D.C. No. v.  CV-01-04686-WHA CITY OF HEALDSBURG, and Does ORDER AND 1-10 inclusive. OPINION Defendant-Appellant. ","onal Pollutant Discharge Elimination System (“NPDES”) permit, violated the CWA by discharging sewage from its waste treatment plant into waters covered by the Act. Healdsburg discharged the sewage into a body of water known as “Basalt Pond,” a rock quarry pit that had filled with water from the surrounding aquifer, located next to the Russian River. The issue is whether Basalt Pond is subject to the CWA because the Pond, containing wetlands, borders additional wetlands that are adjacent to a navigable river of the United States. The district court held that discharges into the Pond are discharges into the Russian River, a navigable water of the United States protected by the CWA. The court followed the United States Supreme Court decision in United States v. Riv- erside Bayview Homes, Inc., 474 U.S. 121 (1985). The Supreme Court, however, has now narrowed the scope of that decision. See Rapanos v. United States, 126 S.Ct. 2208 (2006). In a 4-4-1 decision, the controlling opinion is that of Justice Kennedy who said that to qualify as a regulable water under the CWA the body of water itself need not be continu- ously flowing, but that there must be a “significant nexus” to a waterway that is in fact navigable. In light of Rapanos, we conclude that Basalt Pond pos- sesses such a “significant nexus” to waters that are navigable in fact, not only because the Pond waters seep into the naviga- ble Russian River, but also because they significantly affect NORTHERN CALIF. RIVER WATCH v. HEALDSBURG 9375 the physical, biological, and chemical integrity of the River. We affirm the district court’s holding that Basalt Pond is sub- ject to the CWA. We also affirm the district court’s ruling that neither the waste treatment system nor the excavation opera- tion exceptions in the Act apply to Healdsburg’s dis […] limination System (“NPDES”) permit, violated the CWA by discharging sewage from its waste treatment plant into waters covered by the Act. Healdsburg discharged the sewage into a body of water known as “Basalt Pond,” a rock quarry pit that had filled with water from the surrounding aquifer, located next to the Russian River. The issue is whether Basalt Pond is subject to the CWA because the Pond, containing wetlands, borders additional wetlands that are adjacent to a navigable river of the United States. The district court held that discharges into the Pond are discharges into the Russian River, a navigable water of the United States protected by the CWA. The court followed the United States Supreme Court decision in United States v. Riv- erside Bayview Homes, Inc., 474 U.S. 121 (1985). The Supreme Court, however, has now narrowed the scope of that decision. See Rapanos v. United States, 126 S.Ct. 2208 (2006). In a 4-4-1 decision, the controlling opinion is that of Justice Kennedy who said that to qualify as a regulable water under the CWA the body of water itself need not be continu- ously flowing, but that there must be a “significant nexus” to a waterway that is in fact navigable. In light of Rapanos, we conclude that Basalt Pond pos- sesses such a “significant nexus” to waters that are navigable in fact, not only because the Pond waters seep into the naviga- ble Russian River, but also because they significantly affect NORTHERN CALIF. RIVER WATCH v. HEALDSBURG 9375 the physical, biological, and chemical integrity of the River. We affirm the district court’s holding that Basalt Pond is sub- ject to the CWA. We also affirm the district court’s ruling that neither the waste treatment system nor the excavation opera- tion exceptions in the Act apply to Healdsburg’s discharges. BACKGRO […] d our reading of the [Act] in Riverside Bayview Homes.” Id. at 167. The Supreme Court in SWANCC, therefore, invalidated the Migratory Bird Rule but did not purport to reconsider its prior holding regarding adjacent wetlands in Riverside Bayview Homes. In Baccarat Fremont Developers, LLC v. U.S. Army Corps of Engineers, 425 F.3d 1150 (9th Cir. 2005), we expressly recognized that SWANCC invalidated the ACOE’s Migratory Bird Rule, but did not overrule Riverside Bayview Homes. Our conclusion in Baccarat is consistent with other circuits that have also held that SWANCC did not overrule Riverside Bayview Homes. See United States v. Hubenka, 438 F.3d 1026 (10th Cir. 2006); United States v. Johnson, 437 F.3d 157 (1st Cir. 2006). In the last term the Supreme Court also discussed the inter- section between Riverside Bayview Homes and SWANCC. NORTHERN CALIF. RIVER WATCH v. HEALDSBURG 9381 Rapanos, 126 S.Ct. 2208. The Rapanos decision involved two consolidated cases, United States v. Rapanos, 376 F.3d 629 (6th Cir. 2004) (Rapanos I), and Carabell v. U.S. Army Corps of Engineers, 391 F.3d 704 (6th Cir. 2004). The first consolidated case, Rapanos I, involved three land parcels near Midland, Michigan. The first parcel, known as the Salzburg site, consisted of roughly 230 acres. The Salz- burg site included 28 acres of wetlands. The district court found, on the basis of expert testimony, that water from the site spilled into the Hoppler Drain, which carried water into the Hoppler Creek and ultimately into the Kawkawlin River, which is navigable. The second parcel, known as the Hines Road site, consisted of 275 acres, which included 64 acres of wetlands. These wetlands had a surface-water connection to the Rose Drain, which carried water into the Tittabawassee River, a navigable waterway. The final p",target-linked-application,medium,1,ca9|2007-08-06|docket:0415442
courtlistener-environmental-scotus-citation-events,rapanos-v-united-states-2006:1579682,https://www.courtlistener.com/opinion/1579682/united-states-v-bailey/,lower-court-doctrinal-uptake,United States federal courts,547 U.S. 715 (2006),2006-06-19,Supreme Court of the United States,Rapanos v. United States,merits statutory judicial-review decision,2007-09-25,"District Court, D. Minnesota",unclear,2007-09-25,unclear,unclear,,,,,,,,,,,,05-CV-2245 (PJS/RLE),,,,,,"published CourtListener citation-linked U.S. federal circuit and district opinion documents filed in the fixed 730-day post-decision window, after documented provider-cluster deduplication",1,"Citation-linked doctrinal-treatment event. A zero-citation circuit is no observed event, not ignored precedent or noncompliance. The treatment value is an automated candidate flag pending expert legal review. CourtListener's published-opinion coverage is not an all-case opportunity denominator.",rapanos-v-united-states-2006,547 U.S. 715 (2006),2006-06-20,2008-06-18,1579682,1579682,1579682,combined-opinion,mnd,D. Minnesota,United States v. Bailey,"UNITED STATES of America, Plaintiff, v. Gary BAILEY, Defendant; Gary Bailey, Third-Party Plaintiff, v. Lake of the Woods County, Third-Party Defendant",1146309,Published,516 F. Supp. 2d 998; 2007 U.S. Dist. LEXIS 71188; 2007 WL 2791173,ca8,unavailable,,no_document_url_in_search_result,,1,"516 F.Supp.2d 998 (2007) UNITED STATES of America, Plaintiff, v. Gary BAILEY, Defendant. Gary Bailey, Third-Party Plaintiff, v. Lake of the Woods County, Third-Party Defendant. No. 05-CV-2245 (PJS/RLE). United States District Court, D. Minnesota. September 25, 2007. *999 *1000 Frie",,public-full-text-unavailable,low,1,mnd|2007-09-25|docket:05cv2245pjsrle
courtlistener-environmental-scotus-citation-events,rapanos-v-united-states-2006:2483613,https://www.courtlistener.com/opinion/2483613/united-states-v-fabian/,lower-court-doctrinal-uptake,United States federal courts,547 U.S. 715 (2006),2006-06-19,Supreme Court of the United States,Rapanos v. United States,merits statutory judicial-review decision,2007-10-05,"District Court, N.D. Indiana",unclear,2007-10-05,unclear,unclear,,,,,,,,,,,,2:02-cv-495,,,,,,"published CourtListener citation-linked U.S. federal circuit and district opinion documents filed in the fixed 730-day post-decision window, after documented provider-cluster deduplication",1,"Citation-linked doctrinal-treatment event. A zero-citation circuit is no observed event, not ignored precedent or noncompliance. The treatment value is an automated candidate flag pending expert legal review. CourtListener's published-opinion coverage is not an all-case opportunity denominator.",rapanos-v-united-states-2006,547 U.S. 715 (2006),2006-06-20,2008-06-18,2483613,2483613,2483613,combined-opinion,innd,N.D. Ind.,United States v. Fabian,"UNITED STATES of America, Plaintiff, v. Rowland A. FABIAN, Defendant; Rowland A. Fabian, Third-Party Plaintiff, v. Northern Indiana Public Service Company, Third-Party Defendant",2350834,Published,522 F. Supp. 2d 1078; 2007 U.S. Dist. LEXIS 89371; 2007 WL 1035078,ca7,unavailable,,no_document_url_in_search_result,,1,"522 F.Supp.2d 1078 (2007) UNITED STATES of America, Plaintiff, v. Rowland A. FABIAN, Defendant. Rowland A. Fabian, Third-Party Plaintiff, v. Northern Indiana Public Service Company, Third-Party Defendant. No. 2:02-CV-495. United States District Court, N.D. Indiana, Hammond Division. March 29, 2007. Order Denying Reconsideration October 5, 2007.",,public-full-text-unavailable,low,1,innd|2007-10-05|docket:202cv495
courtlistener-environmental-scotus-citation-events,rapanos-v-united-states-2006:77830,https://www.courtlistener.com/opinion/77830/united-states-v-robison/,lower-court-doctrinal-uptake,United States federal courts,547 U.S. 715 (2006),2006-06-19,Supreme Court of the United States,Rapanos v. United States,merits statutory judicial-review decision,2007-10-24,Court of Appeals for the Eleventh Circuit,applied,2007-10-24,applied,unclear,,,,,,,,,,,,05-17019,,,,,,"published CourtListener citation-linked U.S. federal circuit and district opinion documents filed in the fixed 730-day post-decision window, after documented provider-cluster deduplication",1,"Citation-linked doctrinal-treatment event. A zero-citation circuit is no observed event, not ignored precedent or noncompliance. The treatment value is an automated candidate flag pending expert legal review. CourtListener's published-opinion coverage is not an all-case opportunity denominator.",rapanos-v-united-states-2006,547 U.S. 715 (2006),2006-06-20,2008-06-18,77830,77830,77830,combined-opinion,ca11,11th Cir.,United States v. Robison,"UNITED STATES of America, Plaintiff-Appellee-Cross-Appellant, v. Charles Barry ROBISON, Defendant, McWane, Inc., Defendant-Appellant, James Delk, Michael Devine, Defendants-Appellants-Cross-Appellees",213280,Published,505 F.3d 1208; 65 ERC (BNA) 1385; 2007 U.S. App. LEXIS 24825; 2007 WL 3087419,ca11,available,https://storage.courtlistener.com/pdf/2007/10/24/USA_v._Charles_Barry_Robison.pdf,,,1,"505 F.3d 1208 (2007) UNITED STATES of America, Plaintiff-Appellee-Cross-Appellant, v. Charles Barry ROBISON, Defendant, McWane, Inc., Defendant-Appellant, James Delk, Michael Devine, Defendants-Appellants-Cross-Appellees. No. 05-17019. United States Court of Appeals, Eleventh Circuit. October 24, 2007. *1209","t No. 04-00199-CR-2-RBP-RRA UNITED STATES OF AMERICA, Plaintiff-Appellee- Cross-Appellant, versus CHARLES BARRY ROBISON, Defendant, MCWANE, INC., Defendant-Appellant, JAMES DELK, MICHAEL DEVINE, Defendants-Appellants- Cross-Appellees. ________________________ Appeals from the United States District Court for the Northern District of Alabama ______________________ (October 24, 2007) Before EDMONDSON, Chief Judge, HULL, Circuit Judge, and FORRESTER,* District Judge. HULL, Circuit Judge: Defendants McWane, Inc. (“McWane”), James Delk (“Delk”), and Michael Devine (“Devine”) appeal their convictions for their roles in a Clean Water Act (“CWA”) conspiracy (Count 1), as well as their convictions for substantive violations of the CWA (Counts 2, 3, 5, 7-19, 21, and 22).1 After the defendants’ convictions, the United States Supreme Court addressed how to define “navigable waters” under the CWA in Rapanos v. United States, __ U.S. __, 126 S. Ct. 2208 (2006). The definition of “navigable waters” in the jury charge in this case was erroneous under Rapanos, and the government has not shown that the error was harmless. Accordingly, we must vacate defendants’ CWA convictions and remand the case for a new trial. McWane also appeals its conviction for making a false statement to the Environmental Protection Agency (“EPA”) (Count 24).2 Because McWane was * Honorable J. Owen Forrester, United States District Judge for the Northern District of Georgia, sitting by designation. 1 Counts 12-19, 21, and 22 of the superseding indictment only charged McWane and Delk, while Counts 2, 3, 5, and 7-11 charged McWane, Delk, and Devine. Before the case was submitted to the jury, the government dismissed Count 11 as to Devine. 2 Count 24—the false statement count in the superseding indictment—was ultimately submitted to the ju […] TES OF AMERICA, Plaintiff-Appellee- Cross-Appellant, versus CHARLES BARRY ROBISON, Defendant, MCWANE, INC., Defendant-Appellant, JAMES DELK, MICHAEL DEVINE, Defendants-Appellants- Cross-Appellees. ________________________ Appeals from the United States District Court for the Northern District of Alabama ______________________ (October 24, 2007) Before EDMONDSON, Chief Judge, HULL, Circuit Judge, and FORRESTER,* District Judge. HULL, Circuit Judge: Defendants McWane, Inc. (“McWane”), James Delk (“Delk”), and Michael Devine (“Devine”) appeal their convictions for their roles in a Clean Water Act (“CWA”) conspiracy (Count 1), as well as their convictions for substantive violations of the CWA (Counts 2, 3, 5, 7-19, 21, and 22).1 After the defendants’ convictions, the United States Supreme Court addressed how to define “navigable waters” under the CWA in Rapanos v. United States, __ U.S. __, 126 S. Ct. 2208 (2006). The definition of “navigable waters” in the jury charge in this case was erroneous under Rapanos, and the government has not shown that the error was harmless. Accordingly, we must vacate defendants’ CWA convictions and remand the case for a new trial. McWane also appeals its conviction for making a false statement to the Environmental Protection Agency (“EPA”) (Count 24).2 Because McWane was * Honorable J. Owen Forrester, United States District Judge for the Northern District of Georgia, sitting by designation. 1 Counts 12-19, 21, and 22 of the superseding indictment only charged McWane and Delk, while Counts 2, 3, 5, and 7-11 charged McWane, Delk, and Devine. Before the case was submitted to the jury, the government dismissed Count 11 as to Devine. 2 Count 24—the false statement count in the superseding indictment—was ultimately submitted to the jury as Count 23. For consisten",target-linked-application,medium,1,ca11|2007-10-24|docket:0517019
courtlistener-environmental-scotus-citation-events,rapanos-v-united-states-2006:1664905,https://www.courtlistener.com/opinion/1664905/united-states-v-robison/,lower-court-doctrinal-uptake,United States federal courts,547 U.S. 715 (2006),2006-06-19,Supreme Court of the United States,Rapanos v. United States,merits statutory judicial-review decision,2007-11-07,"District Court, N.D. Alabama",unclear,2007-11-07,unclear,unclear,,,,,,,,,,,,2:04-cr-00199,,,,,,"published CourtListener citation-linked U.S. federal circuit and district opinion documents filed in the fixed 730-day post-decision window, after documented provider-cluster deduplication",1,"Citation-linked doctrinal-treatment event. A zero-citation circuit is no observed event, not ignored precedent or noncompliance. The treatment value is an automated candidate flag pending expert legal review. CourtListener's published-opinion coverage is not an all-case opportunity denominator.",rapanos-v-united-states-2006,547 U.S. 715 (2006),2006-06-20,2008-06-18,1664905,1664905,1664905,combined-opinion,alnd,N.D. Ala.,United States v. Robison,"UNITED STATES of America v. Charles Berry ROBISON, Et Al, Defendants",31044,Published,521 F. Supp. 2d 1247; 2007 U.S. Dist. LEXIS 83537; 2007 WL 3355112,ca11,unavailable,,no_document_url_in_search_result,,1,"521 F.Supp.2d 1247 (2007) UNITED STATES of America v. Charles Berry ROBISON, et al, Defendants. No. CV 04-PT-199-S. United States District Court, N.D. Alabama, Southern Division. November 7, 2007. Joyce White Vance, Alice H. Martin, U.S. Attorney's Office, U.S. Marshal, United States Marshal's Office, U.S. Probation, United States Probation Office, Birmingham,",,public-full-text-unavailable,low,1,alnd|2007-11-07|docket:204cr00199
courtlistener-environmental-scotus-citation-events,rapanos-v-united-states-2006:1692372,https://www.courtlistener.com/opinion/1692372/natural-resources-defense-council-v-kempthorne/,lower-court-doctrinal-uptake,United States federal courts,547 U.S. 715 (2006),2006-06-19,Supreme Court of the United States,Rapanos v. United States,merits statutory judicial-review decision,2007-11-30,"District Court, District of Columbia",unclear,2007-11-30,unclear,unclear,,,,,,,,,,,,Civ. Action 07cv1709 (RJL),,,,,,"published CourtListener citation-linked U.S. federal circuit and district opinion documents filed in the fixed 730-day post-decision window, after documented provider-cluster deduplication",1,"Citation-linked doctrinal-treatment event. A zero-citation circuit is no observed event, not ignored precedent or noncompliance. The treatment value is an automated candidate flag pending expert legal review. CourtListener's published-opinion coverage is not an all-case opportunity denominator.",rapanos-v-united-states-2006,547 U.S. 715 (2006),2006-06-20,2008-06-18,1692372,1692372,1692372,combined-opinion,dcd,D.D.C.,Natural Resources Defense Council v. Kempthorne,"NATURAL RESOURCES DEFENSE COUNCIL, Et Al., Plaintiffs, v. Dirk KEMPTHORNE, Et Al., Defendants",1280950,Published,525 F. Supp. 2d 115; 37 Envtl. L. Rep. (Envtl. Law Inst.) 20305; 2007 U.S. Dist. LEXIS 87944; 2007 WL 4218929,cadc,unavailable,,no_document_url_in_search_result,,1,"525 F.Supp.2d 115 (2007) NATURAL RESOURCES DEFENSE COUNCIL, et al., Plaintiffs, v. Dirk KEMPTHORNE, et al., Defendants. Civ. Action No. 07cv1709 (RJL). United States District Court, District of Columbia. November 30, 2007. *116 *117 Sharon Buccino, Natural Resources Defense Council, Washington",,public-full-text-unavailable,low,1,dcd|2007-11-30|docket:civaction07cv1709rjl
courtlistener-environmental-scotus-citation-events,rapanos-v-united-states-2006:57510,https://www.courtlistener.com/opinion/57510/united-states-v-lucas/,lower-court-doctrinal-uptake,United States federal courts,547 U.S. 715 (2006),2006-06-19,Supreme Court of the United States,Rapanos v. United States,merits statutory judicial-review decision,2008-02-01,Court of Appeals for the Fifth Circuit,cited_context_only,2008-02-01,unclear,unclear,,,,,,,,,,,,06-60289,,,,,,"published CourtListener citation-linked U.S. federal circuit and district opinion documents filed in the fixed 730-day post-decision window, after documented provider-cluster deduplication",1,"Citation-linked doctrinal-treatment event. A zero-citation circuit is no observed event, not ignored precedent or noncompliance. The treatment value is an automated candidate flag pending expert legal review. CourtListener's published-opinion coverage is not an all-case opportunity denominator.",rapanos-v-united-states-2006,547 U.S. 715 (2006),2006-06-20,2008-06-18,57510,57510,57510,combined-opinion,ca5,5th Cir.,United States v. Lucas,"UNITED STATES of America, Plaintiff-Appellee, v. Robert J. LUCAS, Jr.; Big Hill Acres, Inc.; Consolidated Investments, Inc.; Robbie Lucas Wrigley; M.E. Thompson, Jr., Defendants-Appellants",1154473,Published,516 F.3d 316; 38 Envtl. L. Rep. (Envtl. Law Inst.) 20041; 66 ERC (BNA) 1778; 2008 U.S. App. LEXIS 2331; 2008 WL 274401,ca5,available,https://storage.courtlistener.com/pdf/2008/02/01/USA_v._Lucas_et_al.pdf,,,1,"516 F.3d 316 (2008) UNITED STATES of America, Plaintiff-Appellee, v. Robert J. LUCAS, Jr.; Big Hill Acres, Inc.; Consolidated Investments, Inc.; Robbie Lucas Wrigley; M.E. Thompson, Jr., Defendants-Appellants. No. 06-60289. United States Court of Appeals, Fifth Circuit. February 1, 2008. *317 *318","uff Creek, which then connects to Bluff Creek, which flows into the Pascagoula River and on to the Gulf of Mexico. And what we also demonstrated was that you could walk on wetlands from any one of these three areas on Big Hill Acres all the way to the navigable-in-fact waters. Defendants also emphasized the need for a significant nexus finding in their closing arguments. Lucas’s attorney argued, “And if you find that the land at Big Hill Acres is not adjacent to a navigable-in-fact body of water, does not have a significant nexus to a navigable water, you should return a verdict of not guilty on all the Clean Water Act counts.” The court did not abuse its discretion in giving the CWA instructions.8 7 The term “adjacent” is substantially similar to Defendants’ requested term of “truly adjacent.” 8 Defendants do not challenge the instructions on the grounds that they failed to include the Rapanos v. United States standard for navigable waters. This is understandable. The Rapanos plurality requires a channel adjacent to a wetland to be adjacent to “a relatively permanent body of water connected to traditional interstate navigable waters” to constitute “waters of the United States,” 126 S.Ct. 2208, 2227 (2006), and the Rapanos concurrence requires a “significant nexus” between the wetlands and the navigable waters, meaning that “wetlands, either alone or in combination with similarly situated lands in the region, significantly affect the chemical, physical, and biological integrity of other covered waters more 6 No. 06-60289 B The second jurisdictional question is the sufficiency of the evidence supporting the jury finding that the CWA reaches this property. All Defendants argue that there is insufficient evidence to establish jurisdiction under the CWA. “Our review of the sufficiency of the evide […] asized the need for a significant nexus finding in their closing arguments. Lucas’s attorney argued, “And if you find that the land at Big Hill Acres is not adjacent to a navigable-in-fact body of water, does not have a significant nexus to a navigable water, you should return a verdict of not guilty on all the Clean Water Act counts.” The court did not abuse its discretion in giving the CWA instructions.8 7 The term “adjacent” is substantially similar to Defendants’ requested term of “truly adjacent.” 8 Defendants do not challenge the instructions on the grounds that they failed to include the Rapanos v. United States standard for navigable waters. This is understandable. The Rapanos plurality requires a channel adjacent to a wetland to be adjacent to “a relatively permanent body of water connected to traditional interstate navigable waters” to constitute “waters of the United States,” 126 S.Ct. 2208, 2227 (2006), and the Rapanos concurrence requires a “significant nexus” between the wetlands and the navigable waters, meaning that “wetlands, either alone or in combination with similarly situated lands in the region, significantly affect the chemical, physical, and biological integrity of other covered waters more 6 No. 06-60289 B The second jurisdictional question is the sufficiency of the evidence supporting the jury finding that the CWA reaches this property. All Defendants argue that there is insufficient evidence to establish jurisdiction under the CWA. “Our review of the sufficiency of the evidence supporting a conviction is narrow: we will affirm if a rational trier of fact could have found that the evidence established the essential elements of the crime beyond a reasonable doubt.”9 Under the CWA, the United States has jurisdiction over the “waters of the United States,”10 i.",citation-anchor-without-directional-language,high,1,ca5|2008-02-01|docket:0660289
courtlistener-environmental-scotus-citation-events,rapanos-v-united-states-2006:187090,https://www.courtlistener.com/opinion/187090/p-v-enterprises-v-us-army-corps-of-engineers/,lower-court-doctrinal-uptake,United States federal courts,547 U.S. 715 (2006),2006-06-19,Supreme Court of the United States,Rapanos v. United States,merits statutory judicial-review decision,2008-02-19,Court of Appeals for the D.C. Circuit,cited_context_only,2008-02-19,unclear,unclear,,,,,,,,,,,,07-5060,,,,,,"published CourtListener citation-linked U.S. federal circuit and district opinion documents filed in the fixed 730-day post-decision window, after documented provider-cluster deduplication",1,"Citation-linked doctrinal-treatment event. A zero-citation circuit is no observed event, not ignored precedent or noncompliance. The treatment value is an automated candidate flag pending expert legal review. CourtListener's published-opinion coverage is not an all-case opportunity denominator.",rapanos-v-united-states-2006,547 U.S. 715 (2006),2006-06-20,2008-06-18,187090,187090,187090,combined-opinion,cadc,D.C. Cir.,P & v Enterprises v. U.S. Army Corps of Engineers,"P & v ENTERPRISES, Et Al., Appellants v. U.S. ARMY CORPS OF ENGINEERS, Et Al., Appellees",1559935,Published,516 F.3d 1021; 380 U.S. App. D.C. 96; 38 Envtl. L. Rep. (Envtl. Law Inst.) 20051; 65 ERC (BNA) 2057; 2008 U.S. App. LEXIS 3436; 2008 WL 425523,cadc,available,https://storage.courtlistener.com/pdf/2008/02/19/P__V_Ent_vs._US_Army_Corps_Eng.pdf,,,1,"516 F.3d 1021 (2008) P & V ENTERPRISES, et al., Appellants v. U.S. ARMY CORPS OF ENGINEERS, et al., Appellees. No. 07-5060. United States Court of Appeals, District of Columbia Circuit. Argued January 11, 2008. Decided February 19, 2008. *1022 John A. Hodges argued the cause for appellants. With him on the br","s, P&V fails to suggest what limits would exist to bar stale claims. Moreover, developing guidance on wetlands regulations further supports the conclusion that the 2003 Press Release did not constitute final agency action reopening the 1986 rule. The SWANCC Guidance accompanying the ANPRM made clear that the Corps’ jurisdictional determinations under the rule will be issued on a case-by-case basis with Headquarters’ direct involvement. 68 Fed. Reg. at 1996, 1997-98. It suggested that if “questions arise concerning CWA jurisdiction, the regulated community should seek assistance from the Corps . . . .” Id. at 1996. Serving mainly as a source of information on recent court decisions, the Guidance memorandum was not itself a decisional 10 document. See id. at 1996 n.1; Cement Kiln Recycling Coal. v. EPA, 493 F.3d 207, 227-28 (D.C. Cir. 2007). Four years later, the Corps offered guidance on Rapanos v. United States, 547 U.S. 715 (2006) (plurality), that essentially repeated the 2003 case-by-case advice and offered no further insight into how the Corps might apply the 1986 rule. Any evaluation of the Corps’ CWA jurisdiction thus appears to be far from complete. Under the circumstances, the ANPRM and the Press Release did not constitute final agency action reopening the 1986 rule. The Corps’ statements in 2003 could hardly be more different from the situation in which an agency has announced that it would undertake substantive reconsideration of its regulations under specific circumstances – such as during a formal evaluation period with a set time and format – and then has done so. See, e.g., Edison Elec., 996 F.2d at 332; Pub. Citizen, 901 F.2d at 149, 151. The plain text of the ANPRM indicated that the Corps was considering its options and seeking information to assist it in deciding on the possi […] at limits would exist to bar stale claims. Moreover, developing guidance on wetlands regulations further supports the conclusion that the 2003 Press Release did not constitute final agency action reopening the 1986 rule. The SWANCC Guidance accompanying the ANPRM made clear that the Corps’ jurisdictional determinations under the rule will be issued on a case-by-case basis with Headquarters’ direct involvement. 68 Fed. Reg. at 1996, 1997-98. It suggested that if “questions arise concerning CWA jurisdiction, the regulated community should seek assistance from the Corps . . . .” Id. at 1996. Serving mainly as a source of information on recent court decisions, the Guidance memorandum was not itself a decisional 10 document. See id. at 1996 n.1; Cement Kiln Recycling Coal. v. EPA, 493 F.3d 207, 227-28 (D.C. Cir. 2007). Four years later, the Corps offered guidance on Rapanos v. United States, 547 U.S. 715 (2006) (plurality), that essentially repeated the 2003 case-by-case advice and offered no further insight into how the Corps might apply the 1986 rule. Any evaluation of the Corps’ CWA jurisdiction thus appears to be far from complete. Under the circumstances, the ANPRM and the Press Release did not constitute final agency action reopening the 1986 rule. The Corps’ statements in 2003 could hardly be more different from the situation in which an agency has announced that it would undertake substantive reconsideration of its regulations under specific circumstances – such as during a formal evaluation period with a set time and format – and then has done so. See, e.g., Edison Elec., 996 F.2d at 332; Pub. Citizen, 901 F.2d at 149, 151. The plain text of the ANPRM indicated that the Corps was considering its options and seeking information to assist it in deciding on the possibility of a fu",citation-anchor-without-directional-language,high,1,cadc|2008-02-19|docket:075060
courtlistener-environmental-scotus-citation-events,rapanos-v-united-states-2006:1736859,https://www.courtlistener.com/opinion/1736859/mcelmurray-v-united-states-department-of-agriculture/,lower-court-doctrinal-uptake,United States federal courts,547 U.S. 715 (2006),2006-06-19,Supreme Court of the United States,Rapanos v. United States,merits statutory judicial-review decision,2008-02-25,"District Court, S.D. Georgia",unclear,2008-02-25,unclear,unclear,,,,,,,,,,,,Civil Action CV105-159,,,,,,"published CourtListener citation-linked U.S. federal circuit and district opinion documents filed in the fixed 730-day post-decision window, after documented provider-cluster deduplication",1,"Citation-linked doctrinal-treatment event. A zero-citation circuit is no observed event, not ignored precedent or noncompliance. The treatment value is an automated candidate flag pending expert legal review. CourtListener's published-opinion coverage is not an all-case opportunity denominator.",rapanos-v-united-states-2006,547 U.S. 715 (2006),2006-06-20,2008-06-18,1736859,1736859,1736859,combined-opinion,gasd,S.D. Ga.,McElmurray v. United States Department of Agriculture,"R.A. McELMURRAY, III, R.A. McElmurray, Jr., Richard P. McElmurray, and Earl D. McElmurray, Plaintiffs, v. UNITED STATES DEPARTMENT OF AGRICULTURE, Defendant",1332774,Published,535 F. Supp. 2d 1318; 2008 U.S. Dist. LEXIS 13829; 2008 WL 516751,ca11,unavailable,,no_document_url_in_search_result,,1,"535 F.Supp.2d 1318 (2008) R.A. McELMURRAY, III, R.A. McElmurray, Jr., Richard P. McElmurray, and Earl D. McElmurray, Plaintiffs, v. UNITED STATES DEPARTMENT OF AGRICULTURE, Defendant. Civil Action No. CV105-159. United States District Court, S.D. Georgia, Augusta Division. February 25, 2008. *1319 *1",,public-full-text-unavailable,low,1,gasd|2008-02-25|docket:civilactioncv105159
courtlistener-environmental-scotus-citation-events,rapanos-v-united-states-2006:77946,https://www.courtlistener.com/opinion/77946/united-states-v-robison/,lower-court-doctrinal-uptake,United States federal courts,547 U.S. 715 (2006),2006-06-19,Supreme Court of the United States,Rapanos v. United States,merits statutory judicial-review decision,2008-03-27,Court of Appeals for the Eleventh Circuit,cited_context_only,2008-03-27,unclear,unclear,,,,,,,,,,,,05-17019,,,,,,"published CourtListener citation-linked U.S. federal circuit and district opinion documents filed in the fixed 730-day post-decision window, after documented provider-cluster deduplication",1,"Citation-linked doctrinal-treatment event. A zero-citation circuit is no observed event, not ignored precedent or noncompliance. The treatment value is an automated candidate flag pending expert legal review. CourtListener's published-opinion coverage is not an all-case opportunity denominator.",rapanos-v-united-states-2006,547 U.S. 715 (2006),2006-06-20,2008-06-18,77946,77946,77946,combined-opinion,ca11,11th Cir.,United States v. Robison,,213285,Published,505 F.3d 1208,ca11,available,https://storage.courtlistener.com/pdf/2008/03/27/USA_v._Charles_Barry_Robison_1.pdf,,,1,"521 F.3d 1319 (2008) UNITED STATES of America, Plaintiff-Appellee, Cross-Appellant, v. Charles Barry ROBISON, Defendant, McWane, Inc., Defendant-Appellant, James Delk, Michael Devine, Defendants-Appellants, Cross-Appellees. No. 05-17019. United States Court of Appeals, Eleventh Circuit. March 27, 2008. Jack W. Selden, Bradley, Arant, Rose & White, G. Dou","RSON, BIRCH, DUBINA, BLACK, CARNES, BARKETT, HULL, MARCUS and WILSON, Circuit Judges.* O R D E R: The Court having been polled at the request of one of the members of the Court and a majority of the Circuit Judges who are in regular active service not having voted in favor of it (Rule 35, Federal Rules of Appellate Procedure; Eleventh Circuit Rule 35-5), the Suggestion of Rehearing En Banc is DENIED. /s/ J.L. Edmondson _____________________________ CHIEF JUDGE * Judge William H. Pryor, Jr., has recused himself and did not participate. 2 WILSON, Circuit Judge, dissenting from the denial of rehearing en banc, in which BARKETT, Circuit Judge, joins: The panel in this case vacated the defendants’ convictions for conspiracy and for substantive violations of the Clean Water Act (“the Act” or “CWA”), holding that the jury charge was inconsistent with the Supreme Court’s intervening decision in Rapanos v. United States, 547 U.S. 715, 126 S. Ct. 2208, 165 L. Ed. 2d 159 (2006). Rapanos was a 4-1-4 decision in which the plurality and Justice Kennedy set forth different standards for determining whether a water is within the scope of the Act. The panel held that Justice Kennedy’s opinion provides the sole controlling standard, notwithstanding that the four Rapanos dissenters would uphold federal jurisdiction in cases where either test is satisfied. In my view, the panel’s decision cannot be reconciled with Supreme Court and Eleventh Circuit precedents addressing the proper application of fractured Supreme Court decisions. Moreover, the decision fails as a matter of common sense, as it gives no legal effect to a standard under which eight Justices would find CWA jurisdiction. This error is one of exceptional importance, implicating both the jurisdictional scope of the CWA and the interpretation of fragment […] , CARNES, BARKETT, HULL, MARCUS and WILSON, Circuit Judges.* O R D E R: The Court having been polled at the request of one of the members of the Court and a majority of the Circuit Judges who are in regular active service not having voted in favor of it (Rule 35, Federal Rules of Appellate Procedure; Eleventh Circuit Rule 35-5), the Suggestion of Rehearing En Banc is DENIED. /s/ J.L. Edmondson _____________________________ CHIEF JUDGE * Judge William H. Pryor, Jr., has recused himself and did not participate. 2 WILSON, Circuit Judge, dissenting from the denial of rehearing en banc, in which BARKETT, Circuit Judge, joins: The panel in this case vacated the defendants’ convictions for conspiracy and for substantive violations of the Clean Water Act (“the Act” or “CWA”), holding that the jury charge was inconsistent with the Supreme Court’s intervening decision in Rapanos v. United States, 547 U.S. 715, 126 S. Ct. 2208, 165 L. Ed. 2d 159 (2006). Rapanos was a 4-1-4 decision in which the plurality and Justice Kennedy set forth different standards for determining whether a water is within the scope of the Act. The panel held that Justice Kennedy’s opinion provides the sole controlling standard, notwithstanding that the four Rapanos dissenters would uphold federal jurisdiction in cases where either test is satisfied. In my view, the panel’s decision cannot be reconciled with Supreme Court and Eleventh Circuit precedents addressing the proper application of fractured Supreme Court decisions. Moreover, the decision fails as a matter of common sense, as it gives no legal effect to a standard under which eight Justices would find CWA jurisdiction. This error is one of exceptional importance, implicating both the jurisdictional scope of the CWA and the interpretation of fragmented decisions g […] ETT, HULL, MARCUS and WILSON, Circuit Judges.* O R D E R: The Court having been polled at the request of one of the members of the Court and a majority of the Circuit Judges who are in regular active service not having voted in favor of it (Rule 35, Federal Rules of Appellate Procedure; Eleventh Circuit Rule 35-5), the Suggestion of Rehearing En Banc is DENIED. /s/ J.L. Edmondson _____________________________ CHIEF JUDGE * Judge William H. Pryor, Jr., has recused himself and did not participate. 2 WILSON, Circuit Judge, dissenting from the denial of rehearing en banc, in which BARKETT, Circuit Judge, joins: The panel in this case vacated the defendants’ convictions for conspiracy and for substantive violations of the Clean Water Act (“the Act” or “CWA”), holding that the jury charge was inconsistent with the Supreme Court’s intervening decision in Rapanos v. United States, 547 U.S. 715, 126 S. Ct. 2208, 165 L. Ed. 2d 159 (2006). Rapanos was a 4-1-4 decision in which the plurality and Justice Kennedy set forth different standards for determining whether a water is within the scope of the Act. The panel held that Justice Kennedy’s opinion provides the sole controlling standard, notwithstanding that the four Rapanos dissenters would uphold federal jurisdiction in cases where either test is satisfied. In my view, the panel’s decision cannot be reconciled with Supreme Court and Eleventh Circuit precedents addressing the proper application of fractured Supreme Court decisions. Moreover, the decision fails as a matter of common sense, as it gives no legal effect to a standard under which eight Justices would find CWA jurisdiction. This error is one of exceptional importance, implicating both the jurisdictional scope of the CWA and the interpretation of fragmented decisions generally. Accordi",citation-anchor-without-directional-language,high,1,ca11|2008-03-27|docket:0517019
courtlistener-environmental-scotus-citation-events,rapanos-v-united-states-2006:2360592,https://www.courtlistener.com/opinion/2360592/american-petroleum-institute-v-johnson/,lower-court-doctrinal-uptake,United States federal courts,547 U.S. 715 (2006),2006-06-19,Supreme Court of the United States,Rapanos v. United States,merits statutory judicial-review decision,2008-03-31,"District Court, District of Columbia",unclear,2008-03-31,unclear,unclear,,,,,,,,,,,,"Civil Action 02-2247 (PLF), 02-2254(PLF)",,,,,,"published CourtListener citation-linked U.S. federal circuit and district opinion documents filed in the fixed 730-day post-decision window, after documented provider-cluster deduplication",1,"Citation-linked doctrinal-treatment event. A zero-citation circuit is no observed event, not ignored precedent or noncompliance. The treatment value is an automated candidate flag pending expert legal review. CourtListener's published-opinion coverage is not an all-case opportunity denominator.",rapanos-v-united-states-2006,547 U.S. 715 (2006),2006-06-20,2008-06-18,2360592,2360592,2360592,combined-opinion,dcd,D.D.C.,American Petroleum Institute v. Johnson,"AMERICAN PETROLEUM INSTITUTE, Plaintiff, v. Stephen L. JOHNSON, Administrator, United States Environmental Protection Agency, Et Al., Defendants; Marathon Oil Company, Plaintiff, v. Stephen L. Johnson, Administrator, United States Environmental Protection Agency, Et Al., Defendants",2261263,Published,541 F. Supp. 2d 165; 38 Envtl. L. Rep. (Envtl. Law Inst.) 20081; 67 ERC (BNA) 1497; 2008 U.S. Dist. LEXIS 24963; 2008 WL 834435,cadc,unavailable,,no_document_url_in_search_result,,1,"(2008) AMERICAN PETROLEUM INSTITUTE, Plaintiff, v. Stephen L. JOHNSON, Administrator, United States Environmental Protection Agency, et al., Defendants. Marathon Oil Company, Plaintiff, v. Stephen L. Johnson, Administrator, United States Environmental Protection Agency, et al., Defendants. Civil Action Nos. 02-2247 (PLF), 02-2254(PLF). United States District Court, District of Columbia.",,public-full-text-unavailable,low,1,dcd|2008-03-31|docket:civilaction022247plf022254plf
courtlistener-environmental-scotus-citation-events,rapanos-v-united-states-2006:2390722,https://www.courtlistener.com/opinion/2390722/united-states-v-bailey/,lower-court-doctrinal-uptake,United States federal courts,547 U.S. 715 (2006),2006-06-19,Supreme Court of the United States,Rapanos v. United States,merits statutory judicial-review decision,2008-03-31,"District Court, D. Minnesota",unclear,2008-03-31,unclear,unclear,,,,,,,,,,,,05-CV-2245 (PJS/RLE),,,,,,"published CourtListener citation-linked U.S. federal circuit and district opinion documents filed in the fixed 730-day post-decision window, after documented provider-cluster deduplication",1,"Citation-linked doctrinal-treatment event. A zero-citation circuit is no observed event, not ignored precedent or noncompliance. The treatment value is an automated candidate flag pending expert legal review. CourtListener's published-opinion coverage is not an all-case opportunity denominator.",rapanos-v-united-states-2006,547 U.S. 715 (2006),2006-06-20,2008-06-18,2390722,2390722,2390722,combined-opinion,mnd,D. Minnesota,United States v. Bailey,"UNITED STATES of America, Plaintiff, v. Gary BAILEY, Defendant; Gary Bailey, Third-Party Plaintiff, v. Lake of the Woods County, Third-Party Defendant",2236094,Published,556 F. Supp. 2d 977; 67 ERC (BNA) 1486; 2008 U.S. Dist. LEXIS 25178; 2008 WL 906249,ca8,unavailable,,no_document_url_in_search_result,,1,"556 F.Supp.2d 977 (2008) UNITED STATES of America, Plaintiff, v. Gary BAILEY, Defendant. Gary Bailey, Third-Party Plaintiff, v. Lake of the Woods County, Third-Party Defendant. No. 05-CV-2245 (PJS/RLE). United States District Court, D. Minnesota. March 31, 2008. *978 Friedrich A.P. Siekert, Assistant United States Att",,public-full-text-unavailable,low,1,mnd|2008-03-31|docket:05cv2245pjsrle
courtlistener-environmental-scotus-citation-events,rapanos-v-united-states-2006:1525895,https://www.courtlistener.com/opinion/1525895/northwest-bypass-group-v-us-army-corps-of-engineers/,lower-court-doctrinal-uptake,United States federal courts,547 U.S. 715 (2006),2006-06-19,Supreme Court of the United States,Rapanos v. United States,merits statutory judicial-review decision,2008-04-22,"District Court, D. New Hampshire",unclear,2008-04-22,unclear,unclear,,,,,,,,,,,,Civil 06-CV-00258-JAW,,,,,,"published CourtListener citation-linked U.S. federal circuit and district opinion documents filed in the fixed 730-day post-decision window, after documented provider-cluster deduplication",1,"Citation-linked doctrinal-treatment event. A zero-citation circuit is no observed event, not ignored precedent or noncompliance. The treatment value is an automated candidate flag pending expert legal review. CourtListener's published-opinion coverage is not an all-case opportunity denominator.",rapanos-v-united-states-2006,547 U.S. 715 (2006),2006-06-20,2008-06-18,1525895,1525895,1525895,combined-opinion,nhd,D.N.H.,Northwest Bypass Group v. U.S. Army Corps of Engineers,"NORTHWEST BYPASS GROUP, Et Al., Plaintiffs, v. U.S. ARMY CORPS OF ENGINEERS, Et Al., Defendants",1633025,Published,552 F. Supp. 2d 97; 2008 U.S. Dist. LEXIS 33202; 2008 WL 1838974,ca1,unavailable,,no_document_url_in_search_result,,1,"(2008) NORTHWEST BYPASS GROUP, et al., Plaintiffs, v. U.S. ARMY CORPS OF ENGINEERS, et al., Defendants. Civil No. 06-CV-00258-JAW. United States District Court, D. New Hampshire. April 22, 2008. ORDER ON MOTIONS FOR SUMMARY JUDGMENT JOHN A. WOODCOCK, JR., District Judge, sitting by designation. I. INTRODUCTION............",,public-full-text-unavailable,low,1,nhd|2008-04-22|docket:civil06cv00258jaw
courtlistener-environmental-scotus-citation-events,sackett-v-epa-2023:10770657,https://www.courtlistener.com/opinion/10304069/china-unicom-americas-opera-v-fcc/,lower-court-doctrinal-uptake,United States federal courts,598 U.S. 651 (2023),2023-05-25,Supreme Court of the United States,Sackett v. EPA,merits statutory judicial-review decision,2024-12-24,Court of Appeals for the Ninth Circuit,cited_context_only,2024-12-24,unclear,unclear,,,,,,,,,,,,22-70029,,,,,,"published CourtListener citation-linked U.S. federal circuit and district opinion documents filed in the fixed 730-day post-decision window, after documented provider-cluster deduplication",1,"Citation-linked doctrinal-treatment event. A zero-citation circuit is no observed event, not ignored precedent or noncompliance. The treatment value is an automated candidate flag pending expert legal review. CourtListener's published-opinion coverage is not an all-case opportunity denominator.",sackett-v-epa-2023,598 U.S. 651 (2023),2023-05-26,2025-05-24,10304069,10304069,10770657,combined-opinion,ca9,9th Cir.,China Unicom (Americas) Opera v. FCC,,66817326,Published,124 F.4th 1128,ca9,available,https://storage.courtlistener.com/pdf/2024/12/24/china_unicom_americas_opera_v._fcc.pdf,,,1,"FOR PUBLICATION UNITED STATES COURT OF APPEALS FOR THE NINTH CIRCUIT CHINA UNICOM (AMERICAS) No. 22-70029 OPERATIONS LIMITED, Petitioner, OPINION v. FEDERAL COMMUNICATIONS COMMISSION; UNITED STATES OF AMERICA, Respondents. On Petition for Review of an Order of the Federal Communications Commission Argued and Submitted February 15, 2023","e FCC to determine its own authority in manner that is reserved solely for the divine: the FCC would now be empowered to create its own authority from nothing by simply asserting that it possesses such authority in a blanket order. CHINA UNICOM (AMERICAS) OPS. V. FCC 79 tax exempt status under the tax code implied that Congress’s “non-action” had ratified the agency’s reasonable interpretation of its own authority). Section 214 was last amended in 1997 to expand the definition of common carriers. 14 Pub. L. No. 105–125, 111 Stat. 2540 (1997). This was approximately half a year before the FCC first exercised its self-proclaimed authority to revoke a company’s § 214 certificates. 15 CCN, Inc. et al., 13 FCC Rcd 13599, 13607 (1998). The FCC’s actions after Congress last amended the Act do not constitute evidence that Congress had knowledge of, let alone ratified, the agency’s practice. See Sackett v. EPA, 598 U.S. 651, 682- 83 (2023) (holding that Congress’s use of the term “waters of the United States” in the Clean Water Act was not a ratification of the definition promulgated by the Army Corps of Engineers because the Corps published its definition 14 The FCC promulgated its blanket order that purported to reserve for itself revocation authority over all international § 214 certificates— authority it was not given by statute—in late 1997, Rules & Policies on Foreign Participation in the U.S. Telecomms. Mkt., 12 FCC Rcd 23891, 23893, 23897–98 ¶¶ 2, 13 (1997). But, this blanket order was published a week after the last bill amending § 214 was presented by Congress to the President for his signature. See Actions – S.1354, https://www.congress.gov/bill/105th-congress/senate-bill/1354/actions (last visited Dec. 12, 2024). Congress could not have been aware of the FCC’s attempt to claim tha […] ne its own authority in manner that is reserved solely for the divine: the FCC would now be empowered to create its own authority from nothing by simply asserting that it possesses such authority in a blanket order. CHINA UNICOM (AMERICAS) OPS. V. FCC 79 tax exempt status under the tax code implied that Congress’s “non-action” had ratified the agency’s reasonable interpretation of its own authority). Section 214 was last amended in 1997 to expand the definition of common carriers. 14 Pub. L. No. 105–125, 111 Stat. 2540 (1997). This was approximately half a year before the FCC first exercised its self-proclaimed authority to revoke a company’s § 214 certificates. 15 CCN, Inc. et al., 13 FCC Rcd 13599, 13607 (1998). The FCC’s actions after Congress last amended the Act do not constitute evidence that Congress had knowledge of, let alone ratified, the agency’s practice. See Sackett v. EPA, 598 U.S. 651, 682- 83 (2023) (holding that Congress’s use of the term “waters of the United States” in the Clean Water Act was not a ratification of the definition promulgated by the Army Corps of Engineers because the Corps published its definition 14 The FCC promulgated its blanket order that purported to reserve for itself revocation authority over all international § 214 certificates— authority it was not given by statute—in late 1997, Rules & Policies on Foreign Participation in the U.S. Telecomms. Mkt., 12 FCC Rcd 23891, 23893, 23897–98 ¶¶ 2, 13 (1997). But, this blanket order was published a week after the last bill amending § 214 was presented by Congress to the President for his signature. See Actions – S.1354, https://www.congress.gov/bill/105th-congress/senate-bill/1354/actions (last visited Dec. 12, 2024). Congress could not have been aware of the FCC’s attempt to claim that it possessed",citation-anchor-without-directional-language,high,1,ca9|2024-12-24|docket:2270029
courtlistener-environmental-scotus-citation-events,sackett-v-epa-2023:10791418,https://www.courtlistener.com/opinion/10324830/secretary-united-states-department-of-labor-v-nursing-home-care-management/,lower-court-doctrinal-uptake,United States federal courts,598 U.S. 651 (2023),2023-05-25,Supreme Court of the United States,Sackett v. EPA,merits statutory judicial-review decision,2025-01-31,Court of Appeals for the Third Circuit,cited_context_only,2025-01-31,unclear,unclear,,,,,,,,,,,,23-2284,,,,,,"published CourtListener citation-linked U.S. federal circuit and district opinion documents filed in the fixed 730-day post-decision window, after documented provider-cluster deduplication",1,"Citation-linked doctrinal-treatment event. A zero-citation circuit is no observed event, not ignored precedent or noncompliance. The treatment value is an automated candidate flag pending expert legal review. CourtListener's published-opinion coverage is not an all-case opportunity denominator.",sackett-v-epa-2023,598 U.S. 651 (2023),2023-05-26,2025-05-24,10324830,10324830,10791418,combined-opinion,ca3,3rd Cir.,Secretary United States Department of Labor v. Nursing Home Care Management Inc.,,68831674,Published,128 F.4th 146,ca3,available,https://storage.courtlistener.com/pdf/2025/01/31/secretary_united_states_department_of_labor_v._nursing_home_care_management.pdf,,,1,"PRECEDENTIAL UNITED STATES COURT OF APPEALS FOR THE THIRD CIRCUIT _______________ No. 23-2284 _______________ SECRETARY UNITED STATES DEPARTMENT OF LABOR v. NURSING HOME CARE MANAGEMENT INC., doing business as Prestige Home Care Agency; ALEXANDER DORFMAN, Appellants _______________ On Appeal from the Un","were “providing services or [were] required to be available to provide services” was time worked. J.A. 971. So Prestige therefore at least acted with reckless disregard of the fact that its HHAs’ necessary travel was protected and com- pensable under the FLSA. While we agree Prestige willfully violated the FLSA with respect to its failure to compensate employee travel time, we disagree with the District Court’s rationale that, because “[Prestige knew] that [it has] taken a position as to travel time that is directly contrary to that of the Department,” it acted will- fully. J.A. 23–24. That would give the Department unlimited fiat to decide the legal, statutory-interpretation question of what conduct the FLSA prohibits so far as willfulness is con- cerned. But the Department’s legal opinions do not carry that weight. See, e.g., Loper Bright Enters. v. Raimondo, 603 U.S. 369, 394 (2024); Sackett v. EPA, 598 U.S. 651, 681 (2023). Likewise, we will not turn the FLSA willfulness standard into a demand to seek legal advice from the Department. The Su- preme Court expressly rejected such a requirement in McLaughlin and indicated that a “completely good-faith but incorrect assumption” of compliance is not willful. 486 U.S. at 134–35. Second, we agree that Prestige behaved with reckless dis- regard in failing to compensate breaks of twenty minutes or less. Prestige is correct that the District Court erred in 15 concluding willfulness existed simply because Prestige vio- lated the FLSA and knew (without alleging knowledge of the law) that Prestige’s employees were not being compensated for such short break periods. If we were to accept the District Court’s contention that breach of “the clear black letter law of the FLSA constitutes reckless disregard,” J.A. 25, it would ren- der the FLSA’s t […] services or [were] required to be available to provide services” was time worked. J.A. 971. So Prestige therefore at least acted with reckless disregard of the fact that its HHAs’ necessary travel was protected and com- pensable under the FLSA. While we agree Prestige willfully violated the FLSA with respect to its failure to compensate employee travel time, we disagree with the District Court’s rationale that, because “[Prestige knew] that [it has] taken a position as to travel time that is directly contrary to that of the Department,” it acted will- fully. J.A. 23–24. That would give the Department unlimited fiat to decide the legal, statutory-interpretation question of what conduct the FLSA prohibits so far as willfulness is con- cerned. But the Department’s legal opinions do not carry that weight. See, e.g., Loper Bright Enters. v. Raimondo, 603 U.S. 369, 394 (2024); Sackett v. EPA, 598 U.S. 651, 681 (2023). Likewise, we will not turn the FLSA willfulness standard into a demand to seek legal advice from the Department. The Su- preme Court expressly rejected such a requirement in McLaughlin and indicated that a “completely good-faith but incorrect assumption” of compliance is not willful. 486 U.S. at 134–35. Second, we agree that Prestige behaved with reckless dis- regard in failing to compensate breaks of twenty minutes or less. Prestige is correct that the District Court erred in 15 concluding willfulness existed simply because Prestige vio- lated the FLSA and knew (without alleging knowledge of the law) that Prestige’s employees were not being compensated for such short break periods. If we were to accept the District Court’s contention that breach of “the clear black letter law of the FLSA constitutes reckless disregard,” J.A. 25, it would ren- der the FLSA’s two-year statut",citation-anchor-without-directional-language,high,1,ca3|2025-01-31|docket:232284
courtlistener-environmental-scotus-citation-events,sackett-v-epa-2023:10793502,https://www.courtlistener.com/opinion/10326914/state-of-texas-v-trump/,lower-court-doctrinal-uptake,United States federal courts,598 U.S. 651 (2023),2023-05-25,Supreme Court of the United States,Sackett v. EPA,merits statutory judicial-review decision,2025-02-04,Court of Appeals for the Fifth Circuit,cited_context_only,2025-02-04,unclear,unclear,,,,,,,,,,,,23-40671,,,,,,"published CourtListener citation-linked U.S. federal circuit and district opinion documents filed in the fixed 730-day post-decision window, after documented provider-cluster deduplication",1,"Citation-linked doctrinal-treatment event. A zero-citation circuit is no observed event, not ignored precedent or noncompliance. The treatment value is an automated candidate flag pending expert legal review. CourtListener's published-opinion coverage is not an all-case opportunity denominator.",sackett-v-epa-2023,598 U.S. 651 (2023),2023-05-26,2025-05-24,10326914,10326914,10793502,combined-opinion,ca5,5th Cir.,State of Texas v. Trump,,68128943,Published,127 F.4th 606,ca5,available,https://storage.courtlistener.com/pdf/2025/02/04/state_of_texas_v._trump.pdf,,,1,Case: 23-40671 Document: 135-1 Page: 1 Date Filed: 02/04/2025 United States Court of Appeals for the Fifth Circuit ____________ United States Court of Appeals Fifth Circuit No. 23-40671," their second argument, the States also claim that many provisions in the relevant subtitle are “directed at the economy and efficiency of the federal government’s procurement method or process, not its contractors,” so the EO’s effect on contractors “inherently frustrates” the FPASA’s scheme. This argument focuses on a perceived function of the 12 Case: 23-40671 Document: 135-1 Page: 13 Date Filed: 02/04/2025 No. 23-40671 FPASA’s scheme rather than the statutory text. Even if, as the States contend, Congress intended the FPASA to (i) aid the economy and efficiency of the federal procurement system, and (ii) leave contractors untouched, § 121(a)’s plain language is clear and unambiguous. We cannot “rewrite the statute so that it covers only what [the States] think is necessary to achieve what [they] think Congress really intended.” Lewis v. City of Chicago, 560 U.S. 205, 215 (2010); see Sackett v. EPA, 598 U.S. 651, 714 (2023) (Kagan, J., concurring in the judgment) (“[A] court may not rewrite Congress’s plain instructions because they go further than preferred.”). We cannot “displace ordinary statutory terms with judicial ‘speculation as to Congress’s intent.’” Pulsifer v. United States, 601 U.S. 124, 179 (2024) (Gorsuch, J., dissenting) (brackets omitted) (quoting Magwood v. Patterson, 561 U.S. 320, 334 (2010)). Statutes are interpreted “according to [their] plain language,” and we deviate from this path only where “a clear contrary legislative intention is shown.” United States v. Scrimgeour, 636 F.2d 1019, 1022–23 (5th Cir. Unit B Feb. 1981). Because the provisions in the relevant subtitle do not demonstrate a “clearly contrary” intent from Congress, § 121(a)’s plain language controls. 8 In their third argument, the States contend that “[a]nother set of laws” shows that the FPASA […] gument, the States also claim that many provisions in the relevant subtitle are “directed at the economy and efficiency of the federal government’s procurement method or process, not its contractors,” so the EO’s effect on contractors “inherently frustrates” the FPASA’s scheme. This argument focuses on a perceived function of the 12 Case: 23-40671 Document: 135-1 Page: 13 Date Filed: 02/04/2025 No. 23-40671 FPASA’s scheme rather than the statutory text. Even if, as the States contend, Congress intended the FPASA to (i) aid the economy and efficiency of the federal procurement system, and (ii) leave contractors untouched, § 121(a)’s plain language is clear and unambiguous. We cannot “rewrite the statute so that it covers only what [the States] think is necessary to achieve what [they] think Congress really intended.” Lewis v. City of Chicago, 560 U.S. 205, 215 (2010); see Sackett v. EPA, 598 U.S. 651, 714 (2023) (Kagan, J., concurring in the judgment) (“[A] court may not rewrite Congress’s plain instructions because they go further than preferred.”). We cannot “displace ordinary statutory terms with judicial ‘speculation as to Congress’s intent.’” Pulsifer v. United States, 601 U.S. 124, 179 (2024) (Gorsuch, J., dissenting) (brackets omitted) (quoting Magwood v. Patterson, 561 U.S. 320, 334 (2010)). Statutes are interpreted “according to [their] plain language,” and we deviate from this path only where “a clear contrary legislative intention is shown.” United States v. Scrimgeour, 636 F.2d 1019, 1022–23 (5th Cir. Unit B Feb. 1981). Because the provisions in the relevant subtitle do not demonstrate a “clearly contrary” intent from Congress, § 121(a)’s plain language controls. 8 In their third argument, the States contend that “[a]nother set of laws” shows that the FPASA “was not desi",citation-anchor-without-directional-language,high,1,ca5|2025-02-04|docket:2340671
courtlistener-environmental-scotus-citation-events,sackett-v-epa-2023:10805665,https://www.courtlistener.com/opinion/10339077/promise-arizona-v-petersen/,lower-court-doctrinal-uptake,United States federal courts,598 U.S. 651 (2023),2023-05-25,Supreme Court of the United States,Sackett v. EPA,merits statutory judicial-review decision,2025-02-25,Court of Appeals for the Ninth Circuit,cited_context_only,2025-02-25,unclear,unclear,,,,,,,,,,,,24-4029,,,,,,"published CourtListener citation-linked U.S. federal circuit and district opinion documents filed in the fixed 730-day post-decision window, after documented provider-cluster deduplication",1,"Citation-linked doctrinal-treatment event. A zero-citation circuit is no observed event, not ignored precedent or noncompliance. The treatment value is an automated candidate flag pending expert legal review. CourtListener's published-opinion coverage is not an all-case opportunity denominator.",sackett-v-epa-2023,598 U.S. 651 (2023),2023-05-26,2025-05-24,10339077,10339077,10805665,combined-opinion,ca9,9th Cir.,Promise Arizona v. Petersen,,69009076,Published,,ca9,available,https://storage.courtlistener.com/pdf/2025/02/25/promise_arizona_v._petersen.pdf,,,1,"FOR PUBLICATION UNITED STATES COURT OF APPEALS FOR THE NINTH CIRCUIT MI FAMILIA VOTA; VOTO No. 24-3188 LATINO; LIVING UNITED FOR D.C. No. CHANGE IN ARIZONA; LEAGUE 2:22-cv-00509- OF UNITED LATIN AMERICAN SRB CITIZENS ARIZONA; ARIZONA STUDENTS' ASSOCIATION; ADRC ACTION; INTER TRIBAL COUNCIL OF ARIZONA, INC.; OPINION SAN CARLOS APACHE TRIBE; ARIZONA COALITION FOR","ble voters.” Id. § 20507(c)(2)(A). So the district court ruled that Arizona cannot execute H.B. 2243’s provisions requiring the “systematic investigation and removal of registered voters” within 90 days of a federal election. But because the phrase “ineligible voters” in the 90-Day Provision doesn’t include foreign citizens, the provision doesn’t apply to Arizona’s cancellation program. I would thus reverse the district court on this issue. To be sure, the 90-Day Provision uses broad language— applying to “any” program to remove undefined “ineligible voters.” Given these seemingly capacious terms, it’s easy— as the majority does—to just throw up our hands and give the provision its widest implications. See Maj. Op. at 45– 46. But that’s not how we interpret statutes. We don’t read a term “in isolation” or give the statute “the broadest imaginable definitions of its component words.” See Sackett v. EPA, 598 U.S. 651, 674 (2023); Dubin v. United States, 599 U.S. 110, 120 (2023). Instead, our job is to conduct “a careful examination of the ordinary meaning and structure of the law” and keep the “overall statutory scheme” in mind. Food Mktg. Inst. v. Argus Leader Media, 588 U.S. 427, 436 (2019); FDA v. Brown & Williamson Tobacco Corp., 529 U.S. 120, 133 (2000) (simplified). Once we do that, the best MI FAMILIA VOTA V. PETERSEN 123 reading of the statute is that the NVRA’s 90-Day Provision doesn’t apply to the removal of aliens from state voter rolls. Start with the 90-Day Provision’s place within the NVRA’s statutory scheme. It is part of § 20507, also known as Section 8, which addresses “the administration of voter registration.” 52 U.S.C. § 20507. Section 20507 introduces a systematic series of regulations regarding voter rolls. In other words, think of § 20507 as walking the States th […]  § 20507(c)(2)(A). So the district court ruled that Arizona cannot execute H.B. 2243’s provisions requiring the “systematic investigation and removal of registered voters” within 90 days of a federal election. But because the phrase “ineligible voters” in the 90-Day Provision doesn’t include foreign citizens, the provision doesn’t apply to Arizona’s cancellation program. I would thus reverse the district court on this issue. To be sure, the 90-Day Provision uses broad language— applying to “any” program to remove undefined “ineligible voters.” Given these seemingly capacious terms, it’s easy— as the majority does—to just throw up our hands and give the provision its widest implications. See Maj. Op. at 45– 46. But that’s not how we interpret statutes. We don’t read a term “in isolation” or give the statute “the broadest imaginable definitions of its component words.” See Sackett v. EPA, 598 U.S. 651, 674 (2023); Dubin v. United States, 599 U.S. 110, 120 (2023). Instead, our job is to conduct “a careful examination of the ordinary meaning and structure of the law” and keep the “overall statutory scheme” in mind. Food Mktg. Inst. v. Argus Leader Media, 588 U.S. 427, 436 (2019); FDA v. Brown & Williamson Tobacco Corp., 529 U.S. 120, 133 (2000) (simplified). Once we do that, the best MI FAMILIA VOTA V. PETERSEN 123 reading of the statute is that the NVRA’s 90-Day Provision doesn’t apply to the removal of aliens from state voter rolls. Start with the 90-Day Provision’s place within the NVRA’s statutory scheme. It is part of § 20507, also known as Section 8, which addresses “the administration of voter registration.” 52 U.S.C. § 20507. Section 20507 introduces a systematic series of regulations regarding voter rolls. In other words, think of § 20507 as walking the States through each ste",citation-anchor-without-directional-language,high,1,ca9|2025-02-25|docket:244029
courtlistener-environmental-scotus-citation-events,sackett-v-epa-2023:10837325,https://www.courtlistener.com/opinion/10370737/lynwood-pickens-v-hamilton-ryker-it-solutions/,lower-court-doctrinal-uptake,United States federal courts,598 U.S. 651 (2023),2023-05-25,Supreme Court of the United States,Sackett v. EPA,merits statutory judicial-review decision,2025-04-01,Court of Appeals for the Sixth Circuit,cited_context_only,2025-04-01,unclear,unclear,,,,,,,,,,,,24-5459,,,,,,"published CourtListener citation-linked U.S. federal circuit and district opinion documents filed in the fixed 730-day post-decision window, after documented provider-cluster deduplication",1,"Citation-linked doctrinal-treatment event. A zero-citation circuit is no observed event, not ignored precedent or noncompliance. The treatment value is an automated candidate flag pending expert legal review. CourtListener's published-opinion coverage is not an all-case opportunity denominator.",sackett-v-epa-2023,598 U.S. 651 (2023),2023-05-26,2025-05-24,10370737,10370737,10837325,combined-opinion,ca6,6th Cir.,Lynwood Pickens v. Hamilton-Ryker IT Solutions,,68874538,Published,133 F.4th 575,ca6,available,https://storage.courtlistener.com/pdf/2025/04/01/lynwood_pickens_v._hamilton-ryker_it_solutions.pdf,,,1,"RECOMMENDED FOR PUBLICATION Pursuant to Sixth Circuit I.O.P. 32.1(b) File Name: 25a0074p.06 UNITED STATES COURT OF APPEALS FOR THE SIXTH CIRCUIT ┐ LYNWOOD PICKENS, individually and for others │ similarly situ","erokee Nation v. Georgia, 30 U.S. (5 Pet.) 1, 19 (1831). Here, for the reasons just given, the relevant terms and the company they keep suggest that a “predetermined amount” paid “on a weekly basis” in the context of a “salary” is a week’s pay. Hamilton-Ryker maintains that the word “salary” is irrelevant, and that we must look at the words of the definition alone. But it is a “fallacy,” as Justice Scalia once explained, “to assume that once defined,” the defined word “loses any significance, and it is only the definition that matters.” Babbitt v. Sweet Home Chapter of Communities for a Great Or., 515 U.S. 687, 718 (1995) (dissenting op.) (emphasis omitted). “In settling on a fair reading of a statute” or regulation, “it is not unusual to consider the ordinary meaning of a defined term, particularly when there is dissonance between that ordinary meaning and the reach of the definition.” Sackett v. EPA, 598 U.S. 651, 672 (2023) (quoting Bond v. United States, 572 U.S. 844, 861 (2014)). The definition advanced by Hamilton-Ryker—of a “weekly salary” as any weekly payment, big Nos. 24-5407/5459 Pickens v. Hamilton-Ryker IT Solutions, LLC Page 11 or small—creates precisely this dissonance. Any uncertainty about the point is relieved by Helix. It emphasized over, 598 U.S. at 51–52, and over, id. at 54, and over again, id. at 55 n.5, that the conventional meaning of “salary” could not be eclipsed by reference to isolated snippets of words shorn of the context in which they appear and the term that the definition purports to define. It is true that a salary under the regulations may be “all or part of [an] employee’s compensation,” 20 C.F.R. § 541.602(a) (emphasis added), and that an employer thus may pay a salaried employee “additional compensation without losing the exemption,” id. § 541.6 […]  Georgia, 30 U.S. (5 Pet.) 1, 19 (1831). Here, for the reasons just given, the relevant terms and the company they keep suggest that a “predetermined amount” paid “on a weekly basis” in the context of a “salary” is a week’s pay. Hamilton-Ryker maintains that the word “salary” is irrelevant, and that we must look at the words of the definition alone. But it is a “fallacy,” as Justice Scalia once explained, “to assume that once defined,” the defined word “loses any significance, and it is only the definition that matters.” Babbitt v. Sweet Home Chapter of Communities for a Great Or., 515 U.S. 687, 718 (1995) (dissenting op.) (emphasis omitted). “In settling on a fair reading of a statute” or regulation, “it is not unusual to consider the ordinary meaning of a defined term, particularly when there is dissonance between that ordinary meaning and the reach of the definition.” Sackett v. EPA, 598 U.S. 651, 672 (2023) (quoting Bond v. United States, 572 U.S. 844, 861 (2014)). The definition advanced by Hamilton-Ryker—of a “weekly salary” as any weekly payment, big Nos. 24-5407/5459 Pickens v. Hamilton-Ryker IT Solutions, LLC Page 11 or small—creates precisely this dissonance. Any uncertainty about the point is relieved by Helix. It emphasized over, 598 U.S. at 51–52, and over, id. at 54, and over again, id. at 55 n.5, that the conventional meaning of “salary” could not be eclipsed by reference to isolated snippets of words shorn of the context in which they appear and the term that the definition purports to define. It is true that a salary under the regulations may be “all or part of [an] employee’s compensation,” 20 C.F.R. § 541.602(a) (emphasis added), and that an employer thus may pay a salaried employee “additional compensation without losing the exemption,” id. § 541.604(a). But thi",citation-anchor-without-directional-language,high,1,ca6|2025-04-01|docket:245459
courtlistener-environmental-scotus-citation-events,utility-air-regulatory-group-v-epa-2014:2685100,https://www.courtlistener.com/opinion/2685100/jacqueline-halbig-v-sylvia-mathews-burwell/,lower-court-doctrinal-uptake,United States federal courts,573 U.S. 302 (2014),2014-06-23,Supreme Court of the United States,Utility Air Regulatory Group v. EPA,merits statutory judicial-review decision,2014-07-22,Court of Appeals for the D.C. Circuit,cited_context_only,2014-07-22,unclear,unclear,,,,,,,,,,,,14-5018,,,,,,"published CourtListener citation-linked U.S. federal circuit and district opinion documents filed in the fixed 730-day post-decision window, after documented provider-cluster deduplication",1,"Citation-linked doctrinal-treatment event. A zero-citation circuit is no observed event, not ignored precedent or noncompliance. The treatment value is an automated candidate flag pending expert legal review. CourtListener's published-opinion coverage is not an all-case opportunity denominator.",utility-air-regulatory-group-v-epa-2014,573 U.S. 302 (2014),2014-06-24,2016-06-22,2685100,2685100;3066459,2685100,combined-opinion,cadc,D.C. Cir.,Jacqueline Halbig v. Sylvia Mathews Burwell,"Jacqueline HALBIG, Et Al., Appellants v. Sylvia Mathews BURWELL, in Her Official Capacity as U.S. Secretary of Health and Human Services, Et Al., Appellees",401880,Published,411 U.S. App. D.C. 199; 758 F.3d 390; 2014 WL 3579745; 114 A.F.T.R.2d (RIA) 5225; 2014 U.S. App. LEXIS 13880,cadc,available,https://storage.courtlistener.com/pdf/2014/07/22/jacqueline_halbig_v._sylvia_mathews_burwell.pdf,,,1,"United States Court of Appeals FOR THE DISTRICT OF COLUMBIA CIRCUIT Argued March 25, 2014 Decided July 22, 2014 No. 14-5018 JACQUELINE HALBIG, ET AL., APPELLANTS v. SYLVIA MATHEWS BURWELL, IN HER OFFICIAL CAPACITY AS U.S. SECRETARY OF HEALTH AND HUMAN SERVICES, ET AL., APPELLEES Appeal from the United States District Court","er provisions of the Act absurd. But we find that the government has failed to make the extraordinary showing required for such judicial rewriting of an act of Congress. Nothing about the imperative to read section 36B in harmony with the rest of the ACA requires interpreting “established by the State” to mean anything other than what it plainly says. C This conclusion places us at a fork in our precedent. One line of cases instructs us to cease our inquiry and give effect to the statute’s unambiguous language. See Coal. for Responsible Regulation, Inc. v. EPA, 684 F.3d 102, 137 (D.C. Cir. 2012) (per curiam) (noting, in the Chevron context, that “‘[w]hen the words of a statute are unambiguous . . . judicial inquiry is complete’” (ellipsis in original) (quoting Conn. Nat’l Bank v. Germain, 503 U.S. 249, 254 (1992)), aff’d in relevant part sub nom. Util. Air Regulatory Grp. v. EPA (UARG), 134 S. Ct. 2427, 2448 (2014); accord Dep’t of Housing & Urban Dev. v. Rucker, 535 U.S. 125, 132-33 (2002); Hughes Aircraft Co. v. Jacobson, 525 U.S. 432, 438 (1999) (“As in any case of statutory construction, our analysis of absurdity. The statute remains workable, and nothing suggests that in states with federal Exchanges, the federal government could not step in and perform the same service for uninsured children. The government’s bare citation to the provisions thus hardly demonstrates absurdity. 31 begins with the language of the statute. And where the statutory language provides a clear answer, it ends there as well.” (emphasis added) (internal quotation marks and citation omitted)); see also Am. Fed’n of Gov’t Emps. v. Shinseki, 709 F.3d 29, 33 (D.C. Cir. 2013). Another tells us to wade into the legislative history in the hope of glimpsing “new light on congressional intent.” Sierra Club v. EPA, ",citation-anchor-without-directional-language,high,1,cadc|2014-07-22|docket:145018
courtlistener-environmental-scotus-citation-events,utility-air-regulatory-group-v-epa-2014:2709718,https://www.courtlistener.com/opinion/2709718/biodiversity-conservation-alliance-v-jiron/,lower-court-doctrinal-uptake,United States federal courts,573 U.S. 302 (2014),2014-06-23,Supreme Court of the United States,Utility Air Regulatory Group v. EPA,merits statutory judicial-review decision,2014-08-05,Court of Appeals for the Tenth Circuit,cited_context_only,2014-08-05,unclear,unclear,,,,,,,,,,,,13-1352,,,,,,"published CourtListener citation-linked U.S. federal circuit and district opinion documents filed in the fixed 730-day post-decision window, after documented provider-cluster deduplication",1,"Citation-linked doctrinal-treatment event. A zero-citation circuit is no observed event, not ignored precedent or noncompliance. The treatment value is an automated candidate flag pending expert legal review. CourtListener's published-opinion coverage is not an all-case opportunity denominator.",utility-air-regulatory-group-v-epa-2014,573 U.S. 302 (2014),2014-06-24,2016-06-22,2709718,2709718,2709718,combined-opinion,ca10,10th Cir.,Biodiversity Conservation Alliance v. Jiron,"BIODIVERSITY CONSERVATION ALLIANCE, F/K/A Biodiversity Associates; Brian Brademeyer, Plaintiffs-Appellants, v. Daniel J. JIRON, Regional Forester for the Rocky Mountain Region of the United States Forest Service; Tom Tidwell, Chief of the United States Forest Service; Craig Bobizen, Supervisor for the Black Hills National Forest, Defendants-Appellees, Lucas Lentsch, Secretary of the South Dakota Department of Agriculture; Black Hills Forest Resource Association; Black Hills Multiple Use Coalition; Lawrence County; Meade County; Pennington County, Intervenors Defendants-Appellees; Biodiversity Conservation Alliance; Western Watersheds Project; Native Ecosystems Council; Prairie Hills Audubon Society, Petitioners-Appellants, v. United States Forest Service, Respondent-Appellee, and State of Wyoming; State of South Dakota; Black Hills Forest Resource Association, Intervenors Respondents-Appellees",179241,Published,762 F.3d 1036; 2014 WL 3827171,ca10,available,https://storage.courtlistener.com/pdf/2014/08/05/biodiversity_cons._alliance_v._jiron.pdf,,,1,"MATHESON, Circuit Judge. TABLE OF CONTENTS I. BACKGROUND 1049 *1047 A. Relevant Statutes and Regulations. 1049 1. National Forest Management Act . 1 . 1049","retion of the Responsible Official. 36 C.F.R. § 219.14(f) (2005); see also 70 Fed. Reg. 1023, 1052 (Jan. 5, 2005) (promulgating the 2005 Rule and explaining “§ 219.14(f) provides that MIS obligations may be met by considering data and analysis relating to habitat”). The 2005 Modification authorizes the Forest Service to “comply with any obligations” relating to MIS by “considering data and analysis relating to habitat.” 36 C.F.R. § 219.14(f) (2005). The phrase “any obligations” connotes a broad scope, including possibly every MIS obligation imposed by § 219.19. But even the word “any” may not be plain depending on the regulatory context. See Christopher v. SmithKline Beecham Corp., 132 S. Ct. 2156, 2170 (2012) (“We have recognized that the modifier ‘any’ can mean different things depending upon the setting . . . .” (quotations omitted)).29 29 See also Utility Air Regulatory Grp. v. EPA, 134 S. Ct. 2427, 2451 (2014) (Breyer, J., concurring in part and dissenting in part) (“I agree with the Court that the word ‘any,’ when used in a statute, does not normally mean ‘any in the universe.’ . . . The pursuit of [the] underlying purpose may sometimes require us to ‘abandon’ a ‘literal Continued . . . - 34 - And as noted above, § 219.19 is ambiguous as to what “obligations” it creates for MIS beyond monitoring. In the NFMA and 1982 Rule context, “any obligations relating to [MIS]” could refer only to MIS monitoring obligations contained in § 219.19(a), (a)(1), (a)(2), & (a)(6), or could include additional obligations arising from the species viability mandate. Section 219.14(f) is not clear as to whether it completely obviates all possible MIS obligations imposed in § 219.19—including obligations due to the general species viability mandate—or only MIS monitoring obligations. * * * Accordingly",citation-anchor-without-directional-language,high,1,ca10|2014-08-05|docket:131352
courtlistener-environmental-scotus-citation-events,utility-air-regulatory-group-v-epa-2014:2723306,https://www.courtlistener.com/opinion/2723306/united-states-v-david-husmann/,lower-court-doctrinal-uptake,United States federal courts,573 U.S. 302 (2014),2014-06-23,Supreme Court of the United States,Utility Air Regulatory Group v. EPA,merits statutory judicial-review decision,2014-09-03,Court of Appeals for the Third Circuit,cited_context_only,2014-09-03,unclear,unclear,,,,,,,,,,,,13-2688,,,,,,"published CourtListener citation-linked U.S. federal circuit and district opinion documents filed in the fixed 730-day post-decision window, after documented provider-cluster deduplication",1,"Citation-linked doctrinal-treatment event. A zero-citation circuit is no observed event, not ignored precedent or noncompliance. The treatment value is an automated candidate flag pending expert legal review. CourtListener's published-opinion coverage is not an all-case opportunity denominator.",utility-air-regulatory-group-v-epa-2014,573 U.S. 302 (2014),2014-06-24,2016-06-22,2723306,2723306,2723306,combined-opinion,ca3,3rd Cir.,United States v. David Husmann,"UNITED STATES of America, v. David George HUSMANN, Appellant",1152072,Published,765 F.3d 169; 2014 U.S. App. LEXIS 17003; 2014 WL 4347186,ca3,available,https://storage.courtlistener.com/pdf/2014/09/03/united_states_v._david_husmann.pdf,,,1,"PRECEDENTIAL UNITED STATES COURT OF APPEALS FOR THE THIRD CIRCUIT _____________ No. 13-2688 _____________ UNITED STATES OF AMERICA, v. DAVID GEORGE HUSMANN, Appellant _____________ On Appeal from the United States District Court for the Eastern District of Pennsylvania (No. 12-cr-00141-001) District Judge: Hon","lack’s and Merriam-Webster’s dictionaries, we find the plain meaning of “distribute” to be: “1. To apportion; to divide among several. 7 The parties fail to raise the “rule of lenity,” see, e.g., United States v. Cheeseman, 600 F.3d 270, 276 (3d Cir. 2010), in their briefs on appeal and thus the issue is deemed waived. 6 2. To arrange by class or order. 3. To deliver. 4. To spread out; to disperse.” Black’s Law Dictionary 487 (9th ed. 2009). Furthermore, in construing statutes, “we must, of course, start with the assumption that the legislative purpose is expressed by the ordinary meaning of the words used.” Richards v. United States, 369 U.S. 1, 9 (1962). As the Supreme Court recognized, “reasonable statutory interpretation must account for both ‘the specific context in which . . . language is used’ and ‘the broader context of the statute as a whole.’” Util. Air Regulatory Grp. v. EPA, 134 S. Ct. 2427 (2014) (quoting Robinson v. Shell Oil Co., 519 U.S. 337, 341 (1997)) (emphasis added). Clearly the actions undertaken by Husmann, placing the images in a folder shared globally, dispersed and apportioned these images to third parties within the plain meaning of the statute.8 The purpose of Congress in § 2252 and prior related statutes was to counter the now readily available market for child pornography over the Internet. H.R. No. 112-638. As early as 1982, the Supreme Court recognized the harmful and reoccurring issues created by the distribution of child pornography. See New York v. Ferber, 458 U.S. 747, 759-60 (1982). “[T]he distribution network for child pornography must be closed if the production of material which requires 8 Lower courts applying this plain meaning approach have held the definition of “distribution” is not limited to situations in which someone downloads an image.",citation-anchor-without-directional-language,high,1,ca3|2014-09-03|docket:132688
courtlistener-environmental-scotus-citation-events,utility-air-regulatory-group-v-epa-2014:2735138,https://www.courtlistener.com/opinion/2735138/united-states-v-transocean-deepwater-drilling-inc/,lower-court-doctrinal-uptake,United States federal courts,573 U.S. 302 (2014),2014-06-23,Supreme Court of the United States,Utility Air Regulatory Group v. EPA,merits statutory judicial-review decision,2014-09-18,Court of Appeals for the Fifth Circuit,cited_context_only,2014-09-18,unclear,unclear,,,,,,,,,,,,13-20243,,,,,,"published CourtListener citation-linked U.S. federal circuit and district opinion documents filed in the fixed 730-day post-decision window, after documented provider-cluster deduplication",1,"Citation-linked doctrinal-treatment event. A zero-citation circuit is no observed event, not ignored precedent or noncompliance. The treatment value is an automated candidate flag pending expert legal review. CourtListener's published-opinion coverage is not an all-case opportunity denominator.",utility-air-regulatory-group-v-epa-2014,573 U.S. 302 (2014),2014-06-24,2016-06-22,2735138,2735138,2735138,combined-opinion,ca5,5th Cir.,"United States v. Transocean Deepwater Drilling, Inc.","UNITED STATES of America, Plaintiff-Appellee v. TRANSOCEAN DEEPWATER DRILLING, INCORPORATED, Defendant-Appellant",1337573,Published,767 F.3d 485; 2014 A.M.C. 2529; 2014 U.S. App. LEXIS 17936; 2014 WL 4672403,ca5,available,https://storage.courtlistener.com/pdf/2014/09/18/united_states_v._transocean_deepwater_drilling.pdf,,,1,Case: 13-20243 Document: 00512774082 Page: 1 Date Filed: 09/18/2014 IN THE UNITED STATES COURT OF APPEALS FOR THE FIFTH CIRCUIT United States Court of Appeals Fifth Circuit FILED No. 13-20243,"r lives in the vessel’s explosion are not, under this definition, “the general public.” Congress could have easily described CSB’s catchall jurisdiction by referring to “individuals” or “any person,” but it chose a different term. Conclusion This case strictly and properly concerns an agency’s statutory authority to issue subpoenas and conduct an investigation. The much broader ramifications of the decision should not, however, be overlooked. First, when Congress has delineated agency authority against clear background principles and with easily defined terms, the agency itself should not play havoc with the statute to expand its authority; an agency has a duty to follow its mandate but go no further. For the sake of maintaining limited government under the rule of law, courts must be vigilant to sanction improper administrative overreach. See, e.g., Util. Air Regulatory Grp. v. E.P.A., 134 S. Ct. 2427, 2449 (2014) (holding that the EPA exceeded its statutory authority). Second, contrary to some fears expressed about the consequences of holding CSB unable to investigate the Deepwater Horizon disaster, there were at least seventeen investigations, including major reports by a Presidential Commission and the Coast Guard. See Exec. Order No. 13,543, 75 Fed. Reg. 29,397 (May 21, 2010) (establishing the National Commission on the BP Deepwater Horizon Oil Spill and Offshore Drilling). The Coast Guard, in fact, was required to “make an 29 Case: 13-20243 Document: 00512774082 Page: 30 Date Filed: 09/18/2014 No. 13-20243 investigation and public report on each major fire and each major oil spillage occurring as a result of” exploration, development and production of minerals from the OCS. 43 U.S.C. § 1348(d)(1). There is no dearth of proper investigation to protect public safety. Third, as a r",citation-anchor-without-directional-language,high,1,ca5|2014-09-18|docket:1320243
courtlistener-environmental-scotus-citation-events,utility-air-regulatory-group-v-epa-2014:9803849,https://www.courtlistener.com/opinion/2735138/united-states-v-transocean-deepwater-drilling-inc/,lower-court-doctrinal-uptake,United States federal courts,573 U.S. 302 (2014),2014-06-23,Supreme Court of the United States,Utility Air Regulatory Group v. EPA,merits statutory judicial-review decision,2014-09-18,Court of Appeals for the Fifth Circuit,unclear,2014-09-18,unclear,unclear,,,,,,,,,,,,13-20243,,,,,,"published CourtListener citation-linked U.S. federal circuit and district opinion documents filed in the fixed 730-day post-decision window, after documented provider-cluster deduplication",1,"Citation-linked doctrinal-treatment event. A zero-citation circuit is no observed event, not ignored precedent or noncompliance. The treatment value is an automated candidate flag pending expert legal review. CourtListener's published-opinion coverage is not an all-case opportunity denominator.",utility-air-regulatory-group-v-epa-2014,573 U.S. 302 (2014),2014-06-24,2016-06-22,2735138,2735138,9803849,dissent,ca5,5th Cir.,"United States v. Transocean Deepwater Drilling, Inc.","UNITED STATES of America, Plaintiff-Appellee v. TRANSOCEAN DEEPWATER DRILLING, INCORPORATED, Defendant-Appellant",1337573,Published,767 F.3d 485; 2014 A.M.C. 2529; 2014 U.S. App. LEXIS 17936; 2014 WL 4672403,ca5,unavailable,,no_document_url_in_search_result,,1,"JONES, Circuit Judge, dissenting. I respectfully disagree with the majority opinion, which assists the United States Chemical Safety Board (“CSB”) in expanding its jurisdiction into novel territory disallowed by Congress. This is the first time, in twenty years after CSB was ordained, that the agency has sought to investigate in connection with an offshore oil spill.1 The majority’",,public-full-text-unavailable,low,1,ca5|2014-09-18|docket:1320243
courtlistener-environmental-scotus-citation-events,utility-air-regulatory-group-v-epa-2014:2737437,https://www.courtlistener.com/opinion/2737437/columbia-gas-transmission-llc-v-101-acres-more-or-less/,lower-court-doctrinal-uptake,United States federal courts,573 U.S. 302 (2014),2014-06-23,Supreme Court of the United States,Utility Air Regulatory Group v. EPA,merits statutory judicial-review decision,2014-09-26,Court of Appeals for the Third Circuit,cited_context_only,2014-09-26,unclear,unclear,,,,,,,,,,,,"13-4458, 13-4459, 13-4460, 13-4461",,,,,,"published CourtListener citation-linked U.S. federal circuit and district opinion documents filed in the fixed 730-day post-decision window, after documented provider-cluster deduplication",1,"Citation-linked doctrinal-treatment event. A zero-citation circuit is no observed event, not ignored precedent or noncompliance. The treatment value is an automated candidate flag pending expert legal review. CourtListener's published-opinion coverage is not an all-case opportunity denominator.",utility-air-regulatory-group-v-epa-2014,573 U.S. 302 (2014),2014-06-24,2016-06-22,2737437,2737437,2737437,combined-opinion,ca3,3rd Cir.,"Columbia Gas Transmission, LLC v. 1.01 Acres, More or Less","COLUMBIA GAS TRANSMISSION, LLC, Appellant v. 1.01 ACRES, MORE OR LESS IN PENN TOWNSHIP, YORK COUNTY, PENNSYLVANIA, LOCATED ON TAX ID # 440002800150000000 OWNED BY Dwayne P. BROWN and Ann M. Brown; Dwayne P. Brown; Ann M. Brown; Columbia Gas Transmission, LLC, Appellant v. 101 Acres, and 41,342 Sq. Ft More or Less in Heidelberg Township, York County, Pennsylvania, Located on Tax Id # 30000EE1600000000, Owned by Bradley E. Herr and Elizabeth M. Herr; Bradley E. Herr; Elizabeth M. Herr; Columbia Gas Transmission, LLC, Appellant v. 1.5561 Acres, More or Less in Heidelberg Township, York County Pennsylvania, Located on Tax Id # 30000ED010300000000, Owned by Myron A. Herr and Mary Jo Herr; Myron A. Herr; Mary Jo Herr; Columbia Gas Transmission, LLC, Appellant v. 1.010 Acres, More or Less in Penn Township, York County Pennsylvania, Located on Tax ID # 440002800240000000, Owned by Douglas W. Hilyard and Tessa J. Hilyard; Douglas W. Hilyard; Tessa J. Hilyard",1387763,Published,768 F.3d 300; 2014 WL 4783697,ca3,available,https://storage.courtlistener.com/pdf/2014/09/26/columbia_gas_transmission_llc_v._1.01_acres_penn_twp.pdf,,,1,"PRECEDENTIAL UNITED STATES COURT OF APPEALS FOR THE THIRD CIRCUIT No. 13-4458 COLUMBIA GAS TRANSMISSION, LLC, Appellant v. 1.01 ACRES, MORE OR LESS IN PENN TOWNSHIP, YORK COUNTY, PENNSYLVANIA, LOCATED ON TAX ID# 440002800150000000 OWNED BY DWAYNE P. BROWN AND ANN M. BROWN; DWAYNE P. BROWN; ANN M. BROWN No. 13-4459 COLUMBIA GAS TRANSMISSION","inapplicable here for two reasons. First, as noted above, using the definition of “replace” supplied by the Dissent would render portions of the statute nonsensical. Even the Dissent notes that, “sound principles of interpretation ‘dictate that a regulatory scheme should be read as a whole, so that effect is given to all its provisions.’” (Dissent Op. at 7.). (quoting Cumberland Coal Res., LP v. Fed. Mine Safety & Health Review Comm’n, 515 F.3d 247, 254 (3d Cir. 2008). In determining whether a statute is ambiguous, we: account for both the “specific context in which . . . language is used” and “the broader context of the 22 statute as a whole.” A statutory “provision that may seem ambiguous in isolation is often clarified by the remainder of the statutory scheme . . . because only one of the permissible meanings produces a substantive effect that is compatible with the rest of the law.” Utility Air Regulatory Group v. E.P.A., 134 S. Ct. 2427, 2442 (2014). If “replace” were limited to restoring to a former place or position, why would Section 2.55(b) specify that it applies only to replacements “located in the same right-of- way or on the same site as the facilities being replaced”? Similarly, Section 157.202(b)(2)(i) defines an “eligible facility,” inter alia, as a replacement that “will not satisfy the location or work space requirements of § 2.55(b),” that is, a replacement that is situated outside the position of the previous pipeline. This conclusively proves that the plain meaning of replace in this context is not to restore to a former place or position. If we were to apply the Dissent’s suggested definition of the word “replace” to the regulation, the result would be absurd–a replacement could never occur under Part 157 in the situation contemplated. Where a replacement facility cannot be “located in […] , as noted above, using the definition of “replace” supplied by the Dissent would render portions of the statute nonsensical. Even the Dissent notes that, “sound principles of interpretation ‘dictate that a regulatory scheme should be read as a whole, so that effect is given to all its provisions.’” (Dissent Op. at 7.). (quoting Cumberland Coal Res., LP v. Fed. Mine Safety & Health Review Comm’n, 515 F.3d 247, 254 (3d Cir. 2008). In determining whether a statute is ambiguous, we: account for both the “specific context in which . . . language is used” and “the broader context of the 22 statute as a whole.” A statutory “provision that may seem ambiguous in isolation is often clarified by the remainder of the statutory scheme . . . because only one of the permissible meanings produces a substantive effect that is compatible with the rest of the law.” Utility Air Regulatory Group v. E.P.A., 134 S. Ct. 2427, 2442 (2014). If “replace” were limited to restoring to a former place or position, why would Section 2.55(b) specify that it applies only to replacements “located in the same right-of- way or on the same site as the facilities being replaced”? Similarly, Section 157.202(b)(2)(i) defines an “eligible facility,” inter alia, as a replacement that “will not satisfy the location or work space requirements of § 2.55(b),” that is, a replacement that is situated outside the position of the previous pipeline. This conclusively proves that the plain meaning of replace in this context is not to restore to a former place or position. If we were to apply the Dissent’s suggested definition of the word “replace” to the regulation, the result would be absurd–a replacement could never occur under Part 157 in the situation contemplated. Where a replacement facility cannot be “located in the same right-o",citation-anchor-without-directional-language,high,1,ca3|2014-09-26|docket:134458134459134460134461
courtlistener-environmental-scotus-citation-events,utility-air-regulatory-group-v-epa-2014:2758285,https://www.courtlistener.com/opinion/2758285/boris-khazin-v-td-ameritrade-holding-corp/,lower-court-doctrinal-uptake,United States federal courts,573 U.S. 302 (2014),2014-06-23,Supreme Court of the United States,Utility Air Regulatory Group v. EPA,merits statutory judicial-review decision,2014-12-08,Court of Appeals for the Third Circuit,cited_context_only,2014-12-08,unclear,unclear,,,,,,,,,,,,14-1689,,,,,,"published CourtListener citation-linked U.S. federal circuit and district opinion documents filed in the fixed 730-day post-decision window, after documented provider-cluster deduplication",1,"Citation-linked doctrinal-treatment event. A zero-citation circuit is no observed event, not ignored precedent or noncompliance. The treatment value is an automated candidate flag pending expert legal review. CourtListener's published-opinion coverage is not an all-case opportunity denominator.",utility-air-regulatory-group-v-epa-2014,573 U.S. 302 (2014),2014-06-24,2016-06-22,2758285,2758285,2758285,combined-opinion,ca3,3rd Cir.,Boris Khazin v. TD Ameritrade Holding Corp,"Boris KHAZIN, Appellant, v. TD AMERITRADE HOLDING CORPORATION; TD Ameritrade Inc; Amerivest Investment Management Company; Lule Demmissie, Individually",2612281,Published,773 F.3d 488; 39 I.E.R. Cas. (BNA) 819; 2014 U.S. App. LEXIS 23098; 2014 WL 6871393,ca3,available,https://storage.courtlistener.com/pdf/2014/12/08/boris_khazin_v._td_ameritrade_holding_corp.pdf,,,1,"OPINION OF THE COURT FUENTES, Circuit Judge. Alleging that TD Ameritrade had fired him for reporting securities violations to his supervisor, Boris Khazin filed suit for whistleblower retaliation pursuant to the Dodd-Frank Act. Although Khazin had signed an arbitration agreement with TD Ameritrade, he argued that it had been nullified by another provisio","ining arguments and find them to be without merit. 14 Even if the SEC and FINRA were to interpret the Anti- Arbitration Provision as covering Dodd-Frank claims, we would not be obligated to defer to their interpretation. The default rule articulated in Chevron, U.S.A., Inc. v. Natural Resources Defense Council, Inc., 467 U.S. 837 (1984), is that “[s]tatutory ambiguities will be resolved, within the bounds of reasonable interpretation, not by the courts but by the administering agency.” City of Arlington, Tex. v. F.C.C., 133 S. Ct. 1863, 1868 (2013). However, “[a]n agency has no power to ‘tailor’ legislation to bureaucratic policy goals by rewriting unambiguous statutory terms. Agencies exercise discretion only in the interstices created by statutory silence or ambiguity; they must always give effect to the unambiguously expressed intent of Congress.” Util. Air Regulatory Grp. v. E.P.A., 134 S. Ct. 2427, 2445 (2014) (internal quotation marks omitted). Congress was not “silent” on the question of whether Dodd-Frank whistleblowers may avoid arbitration. By adding anti-arbitration provisions to certain statutes but not others, it expressed its intent unambiguously. III. Conclusion Khazin’s Dodd-Frank retaliation claim is not statutorily exempt from the arbitration agreement with TD. The District Court’s order dismissing the complaint and compelling arbitration will therefore be affirmed on this ground.6 6 Consequently, we express no opinion on whether the District Court properly concluded that the Anti-Arbitration Provision does not invalidate preexisting agreements. 15",citation-anchor-without-directional-language,high,1,ca3|2014-12-08|docket:141689
courtlistener-environmental-scotus-citation-events,utility-air-regulatory-group-v-epa-2014:2763088,https://www.courtlistener.com/opinion/2763088/redus-florida-commercial-llc-v-college-station-retail-center-llc/,lower-court-doctrinal-uptake,United States federal courts,573 U.S. 302 (2014),2014-06-23,Supreme Court of the United States,Utility Air Regulatory Group v. EPA,merits statutory judicial-review decision,2014-12-19,Court of Appeals for the Eleventh Circuit,cited_context_only,2014-12-19,unclear,unclear,,,,,,,,,,,,13-10418,,,,,,"published CourtListener citation-linked U.S. federal circuit and district opinion documents filed in the fixed 730-day post-decision window, after documented provider-cluster deduplication",1,"Citation-linked doctrinal-treatment event. A zero-citation circuit is no observed event, not ignored precedent or noncompliance. The treatment value is an automated candidate flag pending expert legal review. CourtListener's published-opinion coverage is not an all-case opportunity denominator.",utility-air-regulatory-group-v-epa-2014,573 U.S. 302 (2014),2014-06-24,2016-06-22,2763088,2763088;3043319,2763088,combined-opinion,ca11,11th Cir.,"Redus Florida Commercial, LLC v. College Station Retail Center, LLC","REDUS FLORIDA COMMERCIAL, LLC, Plaintiff-Appellant, v. COLLEGE STATION RETAIL CENTER, LLC, a Florida Limited Liability Company, Joseph E. Zagame, Sr., Jane C. Zagame, Defendants-Appellees",2617337,Published,777 F.3d 1187; 2014 U.S. App. LEXIS 23975; 2014 WL 7210784,ca11,available,https://storage.courtlistener.com/pdf/2014/12/19/redus_florida_commercial_llc_v._college_station_retail_center_llc.pdf,,,1,"TJOFLAT, Circuit Judge: This case asks us to determine what a United States Marshal (“Marshal”) collects when he auctions property at a public judicial sale. 28 U.S.C. § 1921(c)(1) entitles the United States Marshals Service (“USMS”) to a commission of 3 percent of the first $1,000 collected and l’/¿ percent on the excess o","MS would have received had there been competitive bidding. 18 Case: 13-10418 Date Filed: 12/19/2014 Page: 19 of 23 guidance. Sierra Club. v. U.S. Army Corps. of Eng’rs, 508 F.3d 1332, 1334 n.1 (11th Cir. 2007) (per curiam). III. We reach this conclusion fully aware that “the amount of a nominal bid is a meaningless number, divorced from anything of substance.” Centennial Bank v. Roddenberry, 892 F. Supp. 2d 1317, 1320 (N.D. Fla. 2012). We are nonetheless constrained by the statute’s plain meaning: the only thing that the USMS collects is the winning bid at auction. It may be that some alternative calculation should be instituted for cases such as this, but such a procedure simply cannot be found in the text of the statute before us. “[A]n agency may not rewrite clear statutory terms to suit its own sense of how [a] statute should operate.” Util. Air Regulatory Grp. v. EPA, ___ U.S. ___, 134 S. Ct. 2427, 2446, 189 L. Ed. 2d 372 (2014). Furthermore, “[w]e are not at liberty to rewrite the statute to reflect a meaning we deem more desirable.” Ali v. Fed. Bureau of Prisons, 552 U.S. 214, 228, 128 S. Ct. 831, 841, 169 L. Ed. 2d 680 (2008). We therefore leave the task of legislating to Congress. 16 16 We can also say with certainty that appraisals in the judicial sale context are not a foreign concept to the legislative branch. In private judicial sales, the court must “appoint three disinterested persons to appraise” the property to be sold. 28 U.S.C. § 2001(b). Courts have no power to confirm a private sale at a price “less than two-thirds of the appraised value.” Id. By contrast, public sales possess no statutory price protections beyond a district court’s formidable power to dictate the sale’s terms and conditions, id. § 2001(a), and to confirm (or reject) sales, Citibank, N.A. v. Data ",citation-anchor-without-directional-language,high,1,ca11|2014-12-19|docket:1310418
courtlistener-environmental-scotus-citation-events,utility-air-regulatory-group-v-epa-2014:2763880,https://www.courtlistener.com/opinion/2763880/natural-resources-defense-council-v-environmental-protection-agency/,lower-court-doctrinal-uptake,United States federal courts,573 U.S. 302 (2014),2014-06-23,Supreme Court of the United States,Utility Air Regulatory Group v. EPA,merits statutory judicial-review decision,2014-12-23,Court of Appeals for the D.C. Circuit,cited_context_only,2014-12-23,unclear,unclear,,,,,,,,,,,,12-1321,,,,,,"published CourtListener citation-linked U.S. federal circuit and district opinion documents filed in the fixed 730-day post-decision window, after documented provider-cluster deduplication",1,"Citation-linked doctrinal-treatment event. A zero-citation circuit is no observed event, not ignored precedent or noncompliance. The treatment value is an automated candidate flag pending expert legal review. CourtListener's published-opinion coverage is not an all-case opportunity denominator.",utility-air-regulatory-group-v-epa-2014,573 U.S. 302 (2014),2014-06-24,2016-06-22,2763880,2763880,2763880,combined-opinion,cadc,D.C. Cir.,Natural Resources Defense Council v. Environmental Protection Agency,"NATURAL RESOURCES DEFENSE COUNCIL, Petitioner, v. ENVIRONMENTAL PROTECTION AGENCY and Gina McCarthy, Respondents",2618130,Published,414 U.S. App. D.C. 89; 777 F.3d 456; 79 ERC (BNA) 2065; 2014 U.S. App. LEXIS 24253,cadc,available,https://storage.courtlistener.com/pdf/2014/12/23/nrdc_v._epa_and_gina_mccarthy.pdf,,,1,"United States Court of Appeals FOR THE DISTRICT OF COLUMBIA CIRCUIT Argued November 22, 2013 Decided December 23, 2014 No. 12-1321 NATURAL RESOURCES DEFENSE COUNCIL, PETITIONER v. ENVIRONMENTAL PROTECTION AGENCY AND GINA MCCARTHY, RESPONDENTS On Petition for Review of Final Administrative Action of the United States Environmental Protection","eaves the 1997 NAAQS in place to operate in parallel with the 2008 NAAQS. II. NRDC petitions for review of the Implementation Rule, challenging its schedule of attainment deadlines and its revocation of the 1997 NAAQS for transportation conformity purposes. We have jurisdiction to hear the petition under 42 U.S.C. § 7607(b)(1). NRDC contends that the challenged portions of the rule are “arbitrary, capricious, an abuse of discretion, or otherwise not in accordance with law.” See 42 U.S.C. § 7607(d)(9)(A). We apply the same standard of review for arbitrary-and-capricious challenges under the Clean Air Act as we do for similar challenges under the Administrative Procedure Act, 5 U.S.C. § 706(2)(A). See Catawba County v. EPA, 571 F.3d 20, 41 (D.C. Cir. 2009). We review EPA’s interpretation of the Clean Air Act pursuant to the two-step Chevron framework. See Util. Air Regulatory Grp. v. EPA, 134 S. Ct. 2427, 2439 (2014). “Under Chevron, we presume that when an agency- 15 administered statute is ambiguous with respect to what it prescribes, Congress has empowered the agency to resolve the ambiguity. The question for a reviewing court is whether in doing so the agency has acted reasonably and thus has ‘stayed within the bounds of its statutory authority.’” Id. (quoting City of Arlington v. FCC, 133 S. Ct. 1863, 1868 (2013)). Applying that standard, we agree with both challenges to the Implementation Rule, and we therefore vacate the rule in relevant part. A. NRDC first challenges the Implementation Rule’s schedule of Subpart 2 attainment deadlines as contrary to the statute and as an arbitrary and capricious change from prior agency practice. Because we conclude that the rule’s deadlines cannot be squared with the statute, we do not reach the arbitrary-and-capricious challenge. Subpart 2 of ",citation-anchor-without-directional-language,high,1,cadc|2014-12-23|docket:121321
courtlistener-environmental-scotus-citation-events,utility-air-regulatory-group-v-epa-2014:2779914,https://www.courtlistener.com/opinion/2779914/norfolk-southern-railway-co-v-thomas-perez/,lower-court-doctrinal-uptake,United States federal courts,573 U.S. 302 (2014),2014-06-23,Supreme Court of the United States,Utility Air Regulatory Group v. EPA,merits statutory judicial-review decision,2015-02-18,Court of Appeals for the Sixth Circuit,cited_context_only,2015-02-18,unclear,unclear,,,,,,,,,,,,14-3274,,,,,,"published CourtListener citation-linked U.S. federal circuit and district opinion documents filed in the fixed 730-day post-decision window, after documented provider-cluster deduplication",1,"Citation-linked doctrinal-treatment event. A zero-citation circuit is no observed event, not ignored precedent or noncompliance. The treatment value is an automated candidate flag pending expert legal review. CourtListener's published-opinion coverage is not an all-case opportunity denominator.",utility-air-regulatory-group-v-epa-2014,573 U.S. 302 (2014),2014-06-24,2016-06-22,2779914,2779914,2779914,combined-opinion,ca6,6th Cir.,Norfolk Southern Railway Co. v. Thomas Perez,"NORFOLK SOUTHERN RAILWAY COMPANY, Petitioner, v. Thomas E. PEREZ, Secretary of Labor, Respondent",2634863,Published,778 F.3d 507; 2015 FED App. 0026P; 202 L.R.R.M. (BNA) 3371; 2015 U.S. App. LEXIS 2460; 2015 WL 670158,ca6,available,https://storage.courtlistener.com/pdf/2015/02/18/norfolk_southern_railway_co._v._thomas_perez.pdf,,,1,"OPINION GRIFFIN, Circuit Judge. The Federal Railroad Safety Act (the “FRSA”), which prohibits a railroad carri- . er from retaliating against employees who report work-related injuries and potential safety violations, provides that “[a]n employee may not seek protection under both this section and another provision of law for the same allegedly unlawful act"," reviewed de novo. See 5 U.S.C. § 706 (“[T]he reviewing court shall decide all relevant questions of law.”); Consol. Rail Corp. v. U.S. Dep’t of Labor, 567 F. App’x 334, 338 (6th Cir. 2014). Norfolk Southern argues that arbitration under the RLA is encompassed within the plain meaning of § 20109(f)’s directive that no employee shall “seek protection under both this section and another provision of law for the same allegedly unlawful act of the railroad carrier.” If the statutory language is unambiguous—either in favor of Norfolk Southern or against it—then there is no need for us to engage in any Chevron analysis, as Congress could not have intended for an agency’s policy expertise to give definition to a gray area if Congress did not leave the area gray. See Chevron, U.S.A., Inc. v. Natural Res. Def. Council, Inc., 467 U.S. 837, 842–43 (1984); see also Util. Air Regulatory Grp. v. EPA, 134 S. Ct. 2427, 2445 (2014). Although the parties muddy the waters by relying on previous versions of § 20109(f) in an attempt to determine what the current wording of the statute means, “[t]he starting point in discerning congressional intent is the existing statutory text, and not the predecessor statutes.” Lamie v. U.S. Trustee, 540 U.S. 526, 534 (2004) (internal citation omitted). We agree with the Secretary that the plain language of § 20109(f) defeats Norfolk Southern’s position. Notably, however, Norfolk Southern is correct about at least one portion of the analysis: there is no question both that the RLA is “another provision of law” and that a collective bargaining agreement is not. The terms of a statute must be interpreted “as taking their ordinary, contemporary, common meaning,” Sandifer v. U.S. Steel Corp., 134 S. Ct. 870, 876 (2014) (citation omitted), and it is beyond dispute that a fed",citation-anchor-without-directional-language,high,1,ca6|2015-02-18|docket:143274
courtlistener-environmental-scotus-citation-events,utility-air-regulatory-group-v-epa-2014:2792922,https://www.courtlistener.com/opinion/2792922/michael-siluk-jr-v-catherine-merwin/,lower-court-doctrinal-uptake,United States federal courts,573 U.S. 302 (2014),2014-06-23,Supreme Court of the United States,Utility Air Regulatory Group v. EPA,merits statutory judicial-review decision,2015-04-10,Court of Appeals for the Third Circuit,cited_context_only,2015-04-10,unclear,unclear,,,,,,,,,,,,11-3996,,,,,,"published CourtListener citation-linked U.S. federal circuit and district opinion documents filed in the fixed 730-day post-decision window, after documented provider-cluster deduplication",1,"Citation-linked doctrinal-treatment event. A zero-citation circuit is no observed event, not ignored precedent or noncompliance. The treatment value is an automated candidate flag pending expert legal review. CourtListener's published-opinion coverage is not an all-case opportunity denominator.",utility-air-regulatory-group-v-epa-2014,573 U.S. 302 (2014),2014-06-24,2016-06-22,2792922,2792922,2792922,combined-opinion,ca3,3rd Cir.,"Michael Siluk, Jr. v. Catherine Merwin","Michael E. SILUK, Jr., Appellant v. Catherine MERWIN, Director of Perry County Domestic Relations Section",2648576,Published,783 F.3d 421; 2015 U.S. App. LEXIS 5824; 2015 WL 1600236,ca3,available,https://storage.courtlistener.com/pdf/2015/04/10/michael_siluk_jr._v._catherine_merwin.pdf,,,1,"PRECEDENTIAL UNITED STATES COURT OF APPEALS FOR THE THIRD CIRCUIT ________________ No. 11-3996 _______________ MICHAEL E. SILUK, JR., Appellant v. CATHERINE MERWIN, Director of Perry County Domestic Relations Section ________________ Appeal from the United States District Court"," 2 petition for cert. filed sub nom. Bruce v. Samuels, 83 U.S.L.W. 3640 (U.S. Jan. 16, 2015) (No. 14-844); Christensen v. Big Horn Cnty. Bd. of Cnty. Comm’rs, 374 F. App’x 821, 829-33 (10th Cir. 2010) (unpublished) (same); Atchison v. Collins, 288 F.3d 177, 180-81 (5th Cir. 2002) (per curiam) (same); Lefkowitz v. Citi-Equity Grp., Inc., 146 F.3d 609, 612 (8th Cir. 1998) (same); Newlin v. Helman, 123 F.3d 429, 435-36 (7th Cir. 1997) (same), overruled on other grounds, Lee v. Clinton, 209 F.3d 1025, 1027 (7th Cir. 2000). But see Torres v. O’Quinn, 612 F.3d 237, 242-53 (4th Cir. 2010); Whitfield v. Scully, 241 F.3d 264, 275-77 (2d Cir. 2001). B. The Supreme Court has recently instructed that “reasonable statutory interpretation must account for both ‘the specific context in which . . . language is used’ and ‘the broader context of the statute as a whole.’” Util. Air Regulatory Grp. v. EPA, 134 S. Ct. 2427, 2442 (2014) (quoting Robinson v. Shell Oil Co., 519 U.S. 337, 341 (1997) (alteration in original)). The Court continued that “[a] statutory provision that may seem ambiguous in isolation is often clarified by the remainder of the statutory scheme . . . because only one of the permissible meanings produces a substantive effect that is compatible with the rest of the law.’” Id. (quoting United Sav. Ass’n of Tex. v. Timbers of Inwood Forrest Assocs., Ltd., 484 U.S. 365, 371 (1988) (alteration in original)). This is such a case, where the meaning of a provision, § 1915(b)(2), is clarified by the remainder of § 1915. See Christensen, 374 F. App’x at 829 (“The majority ‘cumulative payment’ or ‘per case’ position with which we agree has been adopted based on standard interpretive principles (construing § 1915(b)(2) in light of the other provisions in § 1915).”). In the past, we have similarly",citation-anchor-without-directional-language,high,1,ca3|2015-04-10|docket:113996
courtlistener-environmental-scotus-citation-events,utility-air-regulatory-group-v-epa-2014:2796391,https://www.courtlistener.com/opinion/2796391/delta-construction-co-v-environmental-protection-agency/,lower-court-doctrinal-uptake,United States federal courts,573 U.S. 302 (2014),2014-06-23,Supreme Court of the United States,Utility Air Regulatory Group v. EPA,merits statutory judicial-review decision,2015-04-24,Court of Appeals for the D.C. Circuit,cited_context_only,2015-04-24,unclear,unclear,,,,,,,,,,,,"11-1428, 11-1441, 12-1427, 13-1076",,,,,,"published CourtListener citation-linked U.S. federal circuit and district opinion documents filed in the fixed 730-day post-decision window, after documented provider-cluster deduplication",1,"Citation-linked doctrinal-treatment event. A zero-citation circuit is no observed event, not ignored precedent or noncompliance. The treatment value is an automated candidate flag pending expert legal review. CourtListener's published-opinion coverage is not an all-case opportunity denominator.",utility-air-regulatory-group-v-epa-2014,573 U.S. 302 (2014),2014-06-24,2016-06-22,2796391,2796391,2796391,combined-opinion,cadc,D.C. Cir.,Delta Construction Co. v. Environmental Protection Agency,"DELTA CONSTRUCTION COMPANY, INC., Et Al., Petitioners v. ENVIRONMENTAL PROTECTION AGENCY, Respondent; California Construction Trucking Association, Inc., Et Al., Petitioners v. Environmental Protection Agency, Respondent",2652209,Published,414 U.S. App. D.C. 428; 783 F.3d 1291,cadc,available,https://storage.courtlistener.com/pdf/2015/04/24/delta_construction_company_v._epa.pdf,,,1,"Opinion filed for the Court PER CURIAM. PER CURIAM: Acting pursuant to their respective statutory mandates, the Environmental Protection Agency (“EPA”) and the National Highway Traffic Safety Administration (“NHTSA”) issued coordinated rules governing the greenhouse gas emissions and fuel economy of cars and trucks. In Coalition for Responsi","ral for the State of Vermont, Thea J. Schwartz, Assistant Attorney General, Robert W. Ferguson, Attorney General, Office of the Attorney General for the State of Washington, Leslie R. Seffern, Assistant Attorney General, and Michael A. Cardozo, Christopher Gene King, and Carrie Noteboom, were on the brief for movant-intervenor States of California, et al. Before: TATEL, Circuit Judge, EDWARDS, Senior Circuit Judge, and GINSBURG, Senior Circuit Judge. Opinion filed for the Court PER CURIAM. PER CURIAM: Acting pursuant to their respective statutory mandates, the Environmental Protection Agency (“EPA”) and the National Highway Traffic Safety Administration 4 (“NHTSA”) issued coordinated rules governing the greenhouse gas emissions and fuel economy of cars and trucks. In Coalition for Responsible Regulation, Inc. v. EPA, 684 F.3d 102 (D.C. Cir. 2012), rev’d in part on other grounds sub nom. Utility Air Regulatory Group v. EPA, 134 S. Ct. 2427 (2014), we upheld EPA’s car emission standards. Now, a group of petitioners collaterally attacks these standards on procedural grounds, and an overlapping group challenges EPA’s truck standards based on the same legal theory. Another petitioner challenges both agencies’ regulations concerning trucks as arbitrary and capricious. As we explain below, however, we cannot reach the merits of any of these petitions. I. Section 202(a) of the Clean Air Act (“CAA”) requires EPA to regulate air pollutants, including greenhouse gases, emitted “from any class or classes of new motor vehicles or new motor vehicle engines, which in [the EPA Administrator’s] judgment cause, or contribute to, air pollution which may reasonably be anticipated to endanger public health or welfare.” 42 U.S.C. § 7521(a)(1); Massachusetts v. EPA, 549 U.S. 497, 532 (2007) (“[G]reenhouse gases fit well within […]  Schwartz, Assistant Attorney General, Robert W. Ferguson, Attorney General, Office of the Attorney General for the State of Washington, Leslie R. Seffern, Assistant Attorney General, and Michael A. Cardozo, Christopher Gene King, and Carrie Noteboom, were on the brief for movant-intervenor States of California, et al. Before: TATEL, Circuit Judge, EDWARDS, Senior Circuit Judge, and GINSBURG, Senior Circuit Judge. Opinion filed for the Court PER CURIAM. PER CURIAM: Acting pursuant to their respective statutory mandates, the Environmental Protection Agency (“EPA”) and the National Highway Traffic Safety Administration 4 (“NHTSA”) issued coordinated rules governing the greenhouse gas emissions and fuel economy of cars and trucks. In Coalition for Responsible Regulation, Inc. v. EPA, 684 F.3d 102 (D.C. Cir. 2012), rev’d in part on other grounds sub nom. Utility Air Regulatory Group v. EPA, 134 S. Ct. 2427 (2014), we upheld EPA’s car emission standards. Now, a group of petitioners collaterally attacks these standards on procedural grounds, and an overlapping group challenges EPA’s truck standards based on the same legal theory. Another petitioner challenges both agencies’ regulations concerning trucks as arbitrary and capricious. As we explain below, however, we cannot reach the merits of any of these petitions. I. Section 202(a) of the Clean Air Act (“CAA”) requires EPA to regulate air pollutants, including greenhouse gases, emitted “from any class or classes of new motor vehicles or new motor vehicle engines, which in [the EPA Administrator’s] judgment cause, or contribute to, air pollution which may reasonably be anticipated to endanger public health or welfare.” 42 U.S.C. § 7521(a)(1); Massachusetts v. EPA, 549 U.S. 497, 532 (2007) (“[G]reenhouse gases fit well within the Clean Air Ac […] o English, cars. See Light-Duty Vehicle Greenhouse Gas Emission Standards and Corporate Average Fuel Economy Standards, Final Rule, 75 Fed. Reg. 25,324 (May 7, 2010) (“Car Rule”). While there are slight differences between the EPA greenhouse gas emission standards and the NHTSA fuel economy standards, see id. at 25,330 (explaining that only EPA’s standard takes account of hydrofluorocarbon leakage from air-conditioning systems), “[t]hey represent a harmonized approach that will allow industry to build a single national fleet that will satisfy both” requirements, id. Various state and industry groups challenged the Car Rule, along with the Endangerment Finding and related 6 regulations. This court upheld the rules against all challenges, see Coalition for Responsible Regulation, 684 F.3d 102, and the Supreme Court denied certiorari in the portion of the case challenging the Car Rule, see Utility Air Regulatory Group v. EPA, 134 S. Ct. 2427, 2438 (2014). Meanwhile, in 2011, EPA and NHTSA issued another joint Final Rule, this one regulating the greenhouse gas emissions and fuel economy of heavy-duty vehicles, i.e., trucks. See Greenhouse Gas Emissions Standards and Fuel Efficiency Standards for Medium- and Heavy-Duty Engines and Vehicles, Final Rule, 76 Fed. Reg. 57,106 (Sept. 15, 2011) (“Truck Rule”). As with the Car Rule, the agencies’ standards differ slightly, see id. at 57,106 (explaining that “[c]ertain rules are exclusive to the EPA program” and that the EPA program phases in earlier), but again, “[c]ompliance by a truck manufacturer with the NHTSA fuel economy rule assures compliance with the EPA rule, and vice versa,” id. at 57,125. This case combines multiple challenges to the Truck Rule, as well as a collateral attack on the Car Rule. Two overlapping groups, which we shall refer to as the “Califo",citation-anchor-without-directional-language,high,1,cadc|2015-04-24|docket:111428111441121427131076
courtlistener-environmental-scotus-citation-events,utility-air-regulatory-group-v-epa-2014:2803408,https://www.courtlistener.com/opinion/2803408/state-of-texas-v-usa/,lower-court-doctrinal-uptake,United States federal courts,573 U.S. 302 (2014),2014-06-23,Supreme Court of the United States,Utility Air Regulatory Group v. EPA,merits statutory judicial-review decision,2015-05-26,Court of Appeals for the Fifth Circuit,cited_context_only,2015-05-26,unclear,unclear,,,,,,,,,,,,15-40238,,,,,,"published CourtListener citation-linked U.S. federal circuit and district opinion documents filed in the fixed 730-day post-decision window, after documented provider-cluster deduplication",1,"Citation-linked doctrinal-treatment event. A zero-citation circuit is no observed event, not ignored precedent or noncompliance. The treatment value is an automated candidate flag pending expert legal review. CourtListener's published-opinion coverage is not an all-case opportunity denominator.",utility-air-regulatory-group-v-epa-2014,573 U.S. 302 (2014),2014-06-24,2016-06-22,2803408,2803408,2803408,combined-opinion,ca5,5th Cir.,State of Texas v. USA,"State of TEXAS; State of Alabama; State of Georgia; State of Idaho; State of Indiana; State of Kansas; State of Louisiana; State of Montana; State of Nebraska; State of South Carolina; State of South Dakota; State of Utah; State of West Virginia; State of Wisconsin; Paul R. Lepage, Governor, State of Maine; Patrick L. McCrory, Governor, State of North Carolina; C.L. “Butch” Otter, Governor, State of Idaho; Phil Bryant, Governor, State of Mississippi; State of North Dakota; State of Ohio; State of Oklahoma; State of Florida; State of Arizona; State of Arkansas; Attorney General Bill Schuette; State of Nevada; State of Tennessee, Plaintiffs-Appellees, v. UNITED STATES of America; Jeh Charles Johnson, Secretary, Department of Homeland Security; R. Gil Kerlikowske, Commissioner of U.S. Customs and Border Protection; Ronald D. Vitiello, Deputy Chief of U.S. Border Patrol, U.S. Customs and Border Protection; Sarah R. Saldana, Director of U.S. Immigration and Customs Enforcement; Leon Rodriguez, Director of U.S. Citizenship and Immigration Services, Defendants-Appellants",2659618,Published,787 F.3d 733; 2015 U.S. App. LEXIS 8657; 2015 WL 3386436,ca5,available,https://storage.courtlistener.com/pdf/2015/05/26/state_of_texas_v._usa.pdf,,,1,Case: 15-40238 Document: 00513054621 Page: 1 Date Filed: 05/26/2015 IN THE UNITED STATES COURT OF APPEALS FOR THE FIFTH CIRCUIT United States Court of Appeals __________ Fifth Circuit FILED May 2,"to insti- tute proceedings, terminate proceedings, or decline to execute a final order of deportation. This commendable exercise in administrative dis- cretion, developed without express statutory authorization, originally was known as nonpriority and is now designated as deferred action. . . . Approval of deferred action status means that . . . no action will there- after be taken to proceed against an apparently deportable alien, even on grounds normally regarded as aggravated.[ 69] Unlike the claim in AAADC, the states’ procedural claim does not involve a 67 Offering lawful presence and other benefits may ultimately help the Secretary enforce immigration laws more efficiently because those benefits make deportable aliens likely to self-identify, but not all inducements fall within the narrow exception for actions “committed to agency discretion.” See Util. Air Regulatory Grp. v. EPA, 134 S. Ct. 2427, 2446 (2014) (“An agency confronting resource constraints may change its own conduct, but it cannot change the law.”). As discussed in part V.C, infra, we do not interpret the INA, at least at this early stage of the case, as conferring unreviewable discretion on the Secretary to grant the class-based lawful presence and eligibility for benefits at issue in DAPA. 68 See supra note 61. 69 AAADC, 525 U.S. at 484 (emphasis added) (quoting 6 C. GORDON, S. MAILMAN & S. YALE-LOEHR, IMMIGRATION LAW AND PROCEDURE § 72.03[2][h] (1998)); accord Johns v. Dep’t of Justice, 653 F.2d 884, 890 (5th Cir. 1981) (“The Attorney General also determines whether (1) to refrain from (or, in administrative parlance, to defer in) executing an outstand- ing order of deportation, or (2) to stay the order of deportation.” (footnote omitted)); see also Yoon v. INS, 538 F.2d 1211, 1213 (5th Cir. 1976) (per curiam). ",citation-anchor-without-directional-language,high,1,ca5|2015-05-26|docket:1540238
courtlistener-environmental-scotus-citation-events,utility-air-regulatory-group-v-epa-2014:9807638,https://www.courtlistener.com/opinion/2803408/state-of-texas-v-usa/,lower-court-doctrinal-uptake,United States federal courts,573 U.S. 302 (2014),2014-06-23,Supreme Court of the United States,Utility Air Regulatory Group v. EPA,merits statutory judicial-review decision,2015-05-26,Court of Appeals for the Fifth Circuit,unclear,2015-05-26,unclear,unclear,,,,,,,,,,,,15-40238,,,,,,"published CourtListener citation-linked U.S. federal circuit and district opinion documents filed in the fixed 730-day post-decision window, after documented provider-cluster deduplication",1,"Citation-linked doctrinal-treatment event. A zero-citation circuit is no observed event, not ignored precedent or noncompliance. The treatment value is an automated candidate flag pending expert legal review. CourtListener's published-opinion coverage is not an all-case opportunity denominator.",utility-air-regulatory-group-v-epa-2014,573 U.S. 302 (2014),2014-06-24,2016-06-22,2803408,2803408,9807638,lead-opinion,ca5,5th Cir.,State of Texas v. USA,"State of TEXAS; State of Alabama; State of Georgia; State of Idaho; State of Indiana; State of Kansas; State of Louisiana; State of Montana; State of Nebraska; State of South Carolina; State of South Dakota; State of Utah; State of West Virginia; State of Wisconsin; Paul R. Lepage, Governor, State of Maine; Patrick L. McCrory, Governor, State of North Carolina; C.L. “Butch” Otter, Governor, State of Idaho; Phil Bryant, Governor, State of Mississippi; State of North Dakota; State of Ohio; State of Oklahoma; State of Florida; State of Arizona; State of Arkansas; Attorney General Bill Schuette; State of Nevada; State of Tennessee, Plaintiffs-Appellees, v. UNITED STATES of America; Jeh Charles Johnson, Secretary, Department of Homeland Security; R. Gil Kerlikowske, Commissioner of U.S. Customs and Border Protection; Ronald D. Vitiello, Deputy Chief of U.S. Border Patrol, U.S. Customs and Border Protection; Sarah R. Saldana, Director of U.S. Immigration and Customs Enforcement; Leon Rodriguez, Director of U.S. Citizenship and Immigration Services, Defendants-Appellants",2659618,Published,787 F.3d 733; 2015 U.S. App. LEXIS 8657; 2015 WL 3386436,ca5,unavailable,,no_document_url_in_search_result,,1,"JERRY E. SMITH, Circuit Judge: Twenty-six states (the “states”) are challenging the government’s1 Deferred Action for Parents of Americans and Lawful Permanent Residents program (“DAPA”) as violative of the Administrative Procedure Act (“APA”) and the Take Care Clause of the Constitution. The district court determined that the states are likely to succeed on their, procedural APA claim, so it tem",,public-full-text-unavailable,low,1,ca5|2015-05-26|docket:1540238
courtlistener-environmental-scotus-citation-events,utility-air-regulatory-group-v-epa-2014:2804147,https://www.courtlistener.com/opinion/2804147/amarin-pharmaceuticals-ireland-limited-v-food-and-drug-administration/,lower-court-doctrinal-uptake,United States federal courts,573 U.S. 302 (2014),2014-06-23,Supreme Court of the United States,Utility Air Regulatory Group v. EPA,merits statutory judicial-review decision,2015-05-28,"District Court, District of Columbia",cited_context_only,2015-05-28,unclear,unclear,,,,,,,,,,,,Civil Action No. 2014-0324,,,,,,"published CourtListener citation-linked U.S. federal circuit and district opinion documents filed in the fixed 730-day post-decision window, after documented provider-cluster deduplication",1,"Citation-linked doctrinal-treatment event. A zero-citation circuit is no observed event, not ignored precedent or noncompliance. The treatment value is an automated candidate flag pending expert legal review. CourtListener's published-opinion coverage is not an all-case opportunity denominator.",utility-air-regulatory-group-v-epa-2014,573 U.S. 302 (2014),2014-06-24,2016-06-22,2804147,2804147,2804147,combined-opinion,dcd,D.D.C.,Amarin Pharmaceuticals Ireland Limited v. Food and Drug Administration,"AMARIN PHARMACEUTICALS IRELAND LIMITED, Plaintiff, v. FOOD AND DRUG ADMINISTRATION, Margaret A. Hamburg, M.D., Commissioner of Food and Drugs, and Kathleen Sebelius, Secretary of Health and Human Services, Defendants",2660369,Published,106 F. Supp. 3d 196; 2015 U.S. Dist. LEXIS 68723; 2015 WL 3407061,cadc,available,https://storage.courtlistener.com/pdf/2015/05/28/amarin_pharmaceuticals_ireland_limited_v._food_and_drug_administration.pdf,,,1,"*198 MEMORANDUM OPINION RANDOLPH D. MOSS, United States District Judge Amarin Pharmaceuticals Ireland Limited (“Amarin”) challenges the Food and Drug Administration’s determination that Amarin’s new drug, Vascepa (icosapent ethyl) Capsules (“Vascepa”), is not entitled","§ 355(c)(3)(E)(ii), 355(j)(5)(F)(ii). Where Congress intended to modify the term, it did so expressly and specifically. Its decision explicitly to treat certain forms of “active ingredients” 24 (that is, salts and esters) alike for purposes of exclusivity, but not for ANDA purposes, reinforces the conclusion that it did not intend to delegate to the FDA the authority otherwise to give the phrase “active ingredient” different meanings for exclusivity and ANDA purposes. As the FDA correctly observes, the presumption of consistent usage is not unrebuttable. It will give way, for example, where application of the presumption creates a genuine conflict with the purpose or text of the statute or where Congress uses a term “profligate[ly]” in an Act, including in contexts where a consistent definition is “incompatible” with the overall statutory structure. See Util. Air Regulatory Grp. v. EPA, 134 S. Ct. 2427, 2441-42 (2014). At oral argument, the FDA further argued that the meaning of the phrase “active ingredient” turns on context. Tr. Oral Arg. 68. When Congress provided that a generic drug may take advantage of the ANDA process if its “active ingredient(s)” are “the same as” the “active ingredient(s)” contained in a previously approved and “listed” drug, Congress intended to refer to entire molecules or mixtures, and not simply the “active moiety.” See 21 U.S.C. §§ 355(j)(4)(C)(i)- (iii). But, when Congress provided five-year exclusivity for a new drug “no active ingredient (including any ester or salt of the active ingredient) of which has been approved in” a prior new drug application, the FDA contends that Congress permitted, and the Agency’s regulations adopted, a different construction of the phrase. In that context, the FDA maintains, “active ingredient” means “active moiety.” See ",citation-anchor-without-directional-language,high,1,dcd|2015-05-28|docket:civilactionno20140324
courtlistener-environmental-scotus-citation-events,utility-air-regulatory-group-v-epa-2014:2804920,https://www.courtlistener.com/opinion/2804920/ms-comm-environ-quality-v-epa/,lower-court-doctrinal-uptake,United States federal courts,573 U.S. 302 (2014),2014-06-23,Supreme Court of the United States,Utility Air Regulatory Group v. EPA,merits statutory judicial-review decision,2015-06-02,Court of Appeals for the D.C. Circuit,cited_context_only,2015-06-02,unclear,unclear,,,,,,,,,,,,12-1309,,,,,,"published CourtListener citation-linked U.S. federal circuit and district opinion documents filed in the fixed 730-day post-decision window, after documented provider-cluster deduplication",1,"Citation-linked doctrinal-treatment event. A zero-citation circuit is no observed event, not ignored precedent or noncompliance. The treatment value is an automated candidate flag pending expert legal review. CourtListener's published-opinion coverage is not an all-case opportunity denominator.",utility-air-regulatory-group-v-epa-2014,573 U.S. 302 (2014),2014-06-24,2016-06-22,2804920,2804920,2804920,combined-opinion,cadc,D.C. Cir.,MS Comm. Environ. Quality v. EPA,,2661200,Published,,cadc,available,https://storage.courtlistener.com/pdf/2015/06/02/ms_comm._environ._quality_v._epa.pdf,,,1,"United States Court of Appeals FOR THE DISTRICT OF COLUMBIA CIRCUIT Argued October 21, 2014 Decided June 2, 2015 No. 12-1309 MISSISSIPPI COMMISSION ON ENVIRONMENTAL QUALITY, PETITIONER v. ENVIRONMENTAL PROTECTION AGENCY AND GINA MCCARTHY, RESPONDENTS STATE OF CONNECTICUT, ET AL., INTERVENORS Consol","y the nearby areas.” Id. at 4. The agency explained that “[r]egional strategies, such as those employed in the Ozone Transport Region and EPA’s NOx SIP Call are needed to address the long-range transport component of ozone nonattainment.” Id. In keeping with this understanding of the statute, the EPA declined to designate “super-regional” nonattainment areas, see Responses to Significant Comments on the State and Tribal Designation Recommendations for the 2008 Ozone NAAQS at 8–9 (Apr. 30, 2012) [hereinafter Response to Comments], and instead made more limited nonattainment designations in both Delaware and Connecticut, see Delaware Area Designations for the 2008 Ozone NAAQS 17 2; Connecticut Area Designations for the 2008 Ozone NAAQS 1. 6 We evaluate the EPA’s interpretation of a Clean Air Act provision under the familiar two-step Chevron framework. See Util. Air Regulatory Grp. v. EPA, 134 S. Ct. 2427, 2439 (2014) (citing Chevron, U.S.A., Inc. v. Natural Res. Def. Council, Inc., 467 U.S. 837, 842–43 (1984)). The first question—“whether Congress has directly spoken to the precise question at issue,” Chevron, 467 U.S. at 842—has previously been resolved by this Court. In Pennsylvania Department of Environmental Protection v. EPA (PADEP), we held that the statutory term “nearby” in section 107(d) is ambiguous; indeed, we reached that conclusion in the course of addressing the precise argument that Delaware makes here. See 429 F.3d 1125, 1129–30 (D.C. Cir. 2005). In Catawba County, we reached the same conclusion. See 571 F.3d at 35 (noting that section 107(d) does not define “nearby,” and that it is “the kind[] of word[] that suggest[s] a congressional intent to leave unanswered questions to an agency’s discretion and expertise”). Recognizing these precedents, Delaware and Connecticut co",citation-anchor-without-directional-language,high,1,cadc|2015-06-02|docket:121309
courtlistener-environmental-scotus-citation-events,utility-air-regulatory-group-v-epa-2014:2807860,https://www.courtlistener.com/opinion/2807860/council-for-urological-interes-v-sylvia-mathews-burwell/,lower-court-doctrinal-uptake,United States federal courts,573 U.S. 302 (2014),2014-06-23,Supreme Court of the United States,Utility Air Regulatory Group v. EPA,merits statutory judicial-review decision,2015-06-12,Court of Appeals for the D.C. Circuit,cited_context_only,2015-06-12,unclear,unclear,,,,,,,,,,,,13-5235,,,,,,"published CourtListener citation-linked U.S. federal circuit and district opinion documents filed in the fixed 730-day post-decision window, after documented provider-cluster deduplication",1,"Citation-linked doctrinal-treatment event. A zero-citation circuit is no observed event, not ignored precedent or noncompliance. The treatment value is an automated candidate flag pending expert legal review. CourtListener's published-opinion coverage is not an all-case opportunity denominator.",utility-air-regulatory-group-v-epa-2014,573 U.S. 302 (2014),2014-06-24,2016-06-22,2807860,2807860,2807860,combined-opinion,cadc,D.C. Cir.,Council For Urological Interes v. Sylvia Mathews Burwell,"COUNCIL FOR UROLOGICAL INTERESTS, Appellant v. Sylvia Mathews BURWELL, in Her Official Capacity as Secretary of the Department of Health and Human Services and United States of America, Appellees",2664392,Published,416 U.S. App. D.C. 143; 790 F.3d 212; 2015 U.S. App. LEXIS 9867; 2015 WL 3634632,cadc,available,https://storage.courtlistener.com/pdf/2015/06/12/council_for_urological_interes_v._sylvia_mathews_burwell.pdf,,,1,"United States Court of Appeals FOR THE DISTRICT OF COLUMBIA CIRCUIT Argued September 24, 2014 Decided June 12, 2015 No. 13-5235 COUNCIL FOR UROLOGICAL INTERESTS, APPELLANT v. SYLVIA MATHEWS BURWELL, IN HER OFFICIAL CAPACITY AS SECRETARY OF THE DEPARTMENT OF HEALTH AND HUMAN SERVICES AND UNITED STATES OF AMERICA, APPELLEES Appeal from the Uni","adopt new policies when faced with new developments in the industry, it does not have the power to adopt a policy that directly conflicts with its governing statute.” (citation omitted)); cf. AFL-CIO v. Chao, 409 F.3d 377, 384 (D.C. Cir. 2005) (“Even when Congress has stated that the agency may do what is ‘necessary,’ ” the agency “cannot render nugatory restrictions that Congress has imposed.” (citation omitted)). As a matter of first principles, an agency is not entitled to Chevron deference unless the Congress “has left a gap for the agency to fill.” Am. Bar Ass’n v. FTC, 430 F.3d 457, 468 (D.C. Cir. 2005). If the Congress has “directly spoken” to the issue in question, there is no such gap. Ry. Labor Execs.’ Ass’n v. Nat’l Mediation Bd., 29 F.3d 655, 671 (D.C. Cir. 1994) (en banc) (quoting Chevron, U.S.A., Inc. v. NRDC, 467 U.S. 837, 842 (1984)); see also Util. Air Reg. Grp. v. EPA, 134 S. Ct. 2427, 2445 (2014) (“Agencies exercise discretion only in the interstices created by statutory silence or ambiguity; they must always give effect to the unambiguously expressed intent of 3 Congress.” (quotation marks omitted)). An agency crosses an impermissible line when it moves from interpreting a statute to rewriting it. See La. Pub. Serv. Comm’n v. FCC, 476 U.S. 355, 376 (1986) (“As we so often admonish, only Congress can rewrite [a] statute.”); NRDC v. Adm’r, EPA, 902 F.2d 962, 977 (D.C. Cir. 1990) (“It hardly bears noting that [the agency’s] discretion cannot include the power to rewrite a statute and reshape a policy judgment Congress itself has made.”), vacated in other part, 921 F.2d 326 (D.C. Cir. 1991). Even if the Congress wanted to authorize agency rewrites, the Constitution would stand in its way. See Util. Air Reg. Grp., 134 S. Ct. at 2446 (“Under our system of government, Con",citation-anchor-without-directional-language,high,1,cadc|2015-06-12|docket:135235
courtlistener-environmental-scotus-citation-events,utility-air-regulatory-group-v-epa-2014:2814626,https://www.courtlistener.com/opinion/2814626/american-farm-bureau-federation-v-united-states-environmental-protection/,lower-court-doctrinal-uptake,United States federal courts,573 U.S. 302 (2014),2014-06-23,Supreme Court of the United States,Utility Air Regulatory Group v. EPA,merits statutory judicial-review decision,2015-07-06,Court of Appeals for the Third Circuit,cited_context_only,2015-07-06,unclear,unclear,,,,,,,,,,,,13-4079,,,,,,"published CourtListener citation-linked U.S. federal circuit and district opinion documents filed in the fixed 730-day post-decision window, after documented provider-cluster deduplication",1,"Citation-linked doctrinal-treatment event. A zero-citation circuit is no observed event, not ignored precedent or noncompliance. The treatment value is an automated candidate flag pending expert legal review. CourtListener's published-opinion coverage is not an all-case opportunity denominator.",utility-air-regulatory-group-v-epa-2014,573 U.S. 302 (2014),2014-06-24,2016-06-22,2814626,2814626,2814626,combined-opinion,ca3,3rd Cir.,American Farm Bureau Federation v. United States Environmental Protection Agency,"AMERICAN FARM BUREAU FEDERATION; Pennsylvania Farm Bureau; The Fertilizer Institute; National Chicken Council; United States Poultry & Egg Association; National Pork Producers Council; National Corn Growers Association; National Turkey Federation; National Association of Home Builders v. UNITED STATES ENVIRONMENTAL PROTECTION AGENCY; Chesapeake Bay Foundation Inc; Citizens for Pennsylvania’s Future; Defenders of Wildlife; Jefferson County Public Service District; Midshore Riverkeeper Conservancy; National Wildlife Federation; Virgina Association of Municipal Wastewater Agencies, Inc.; Maryland Association of Municipal Wastewater Agencies; National Association of Clean Water Agencies; Pennsylvania Municipal Authorities Association; City of Anapolis, Maryland (Intervenors in D.C.). American Farm Bureau Federation; Pennsylvania Farm Bureau; The Fertilizer Institute; National Chicken Council; U.S. Poultry & Egg Association; National Pork Producers Council; National Corn Growers Association; National Turkey Federation; National Association of Home Builders, Appellants",2671231,Published,792 F.3d 281; 80 ERC (BNA) 1837; 2015 U.S. App. LEXIS 11548,ca3,available,https://storage.courtlistener.com/pdf/2015/07/06/american_farm_bureau_federatio_v._epa.pdf,,,1,"OPINION OF THE COURT AMBRO, Circuit Judge. Contents I. Introduction.287 II. Background. c-CO . A. The Chesapeake Bay, 1608-1972 . 00 CO B. The Clean Water Act, 1972 . 00 00 C. Definition and Development of TMDLs, 1972-2000 o Q","p in reasonable fashion.”); see also Peter L. Strauss, “Deference” Is Too Confusing—Let’s Call Them “Chevron Space” and “Skidmore Weight,” 112 Colum. L. Rev. 1143, 1145 (2012) (“‘Chevron space’ denotes the area within which an administrative agency has been statutorily empowered to act in a manner that creates legal obligations or constraints—that is, its delegated or allocated authority.”). Whether an interpretation falls within the scope of authority that Congress has delegated is for the courts to decide at Step One because “[t]he fact that Congress has left a gap for the agency to fill means that courts should defer to the agency’s reasonable gap-filling decisions, not that courts should cease to mark the bounds of delegated agency choice.” Negusie v. Holder, 555 U.S. 511, 531 (2009) (Stevens, J., concurring in part and dissenting in part); see also Util. Air Regulatory Grp. v. EPA, 134 S. Ct. 2427, 2442 (2014) (“Even under Chevron’s deferential framework, agencies must operate within the bounds of reasonable interpretation.” (internal quotation marks omitted)); MCI Telecomms. Corp. v. Am. Tel. & Tel. Co., 512 U.S. 218, 229 (1994) (“[A]n agency’s interpretation of a statute is not entitled to deference when it goes beyond the meaning that the statute can bear.”); Peter L. Strauss et al., Gellhorn & Byse’s Administrative Law 1073 (11th ed. 2011) (“Chevron said that within the possible meanings of a statute, a reviewing court should accept any reasonable meaning given by the agency. As the MCI case 30 [which never reached Step Two, 512 U.S. at 229] emphasizes, what the reasonable meanings might be is, within the Chevron universe, a question for the courts to decide.”). When the agency interpretation faithfully fills the gap that Congress created, we move to Step Two, where we do not",citation-anchor-without-directional-language,high,1,ca3|2015-07-06|docket:134079
courtlistener-environmental-scotus-citation-events,utility-air-regulatory-group-v-epa-2014:2814844,https://www.courtlistener.com/opinion/2814844/community-health-systems-inc-v-burwell/,lower-court-doctrinal-uptake,United States federal courts,573 U.S. 302 (2014),2014-06-23,Supreme Court of the United States,Utility Air Regulatory Group v. EPA,merits statutory judicial-review decision,2015-07-07,"District Court, District of Columbia",cited_context_only,2015-07-07,unclear,unclear,,,,,,,,,,,,Civil Action No. 2014-1432,,,,,,"published CourtListener citation-linked U.S. federal circuit and district opinion documents filed in the fixed 730-day post-decision window, after documented provider-cluster deduplication",1,"Citation-linked doctrinal-treatment event. A zero-citation circuit is no observed event, not ignored precedent or noncompliance. The treatment value is an automated candidate flag pending expert legal review. CourtListener's published-opinion coverage is not an all-case opportunity denominator.",utility-air-regulatory-group-v-epa-2014,573 U.S. 302 (2014),2014-06-24,2016-06-22,2814844,2814844,2814844,combined-opinion,dcd,D.D.C.,"Community Health Systems, Inc. v. Burwell","COMMUNITY HEALTH SYSTEMS, INC., Et Al. Plaintiffs, v. Sylvia Mathews BURWELL, Secretary, U.S. Dep’t of Health and Human Services Defendant",2671466,Published,113 F. Supp. 3d 197; 2015 U.S. Dist. LEXIS 87510; 2015 WL 4104644,cadc,available,https://storage.courtlistener.com/pdf/2015/07/07/community_health_systems_inc._v._burwell.pdf,,,1,"MEMORANDUM OPINION BERYL A. HOWELL, United States District Judge Pending before the Court are cross:motions for summary judgment from the plaintiffs, a group of hospitals owned by Community Health Systems, Inc. (“CHS”), Pis.’ Mot. Summ. J. (“Pis.’ Mot.”), ECF No. 15-1, and the defendant, the Secretary of Health and Human Services (“HHS”), who i","thKline Beecham Corp., 132 S. Ct. 2156, 2166 (2012) (holding that agency’s interpretation controls unless it is plainly erroneous or inconsistent with the regulation); Seminole Rock, 325 U.S. at 414 (noting that a regulation “becomes . . . controlling weight unless it is plainly erroneous or inconsistent with the regulation.”); Huerta v. 11 The Supreme Court recently articulated an exception to Chevron that applies in “extraordinary cases” where “there may be reason to hesitate before concluding that Congress has intended such an implicit delegation” of authority to an agency. King v. Burwell, No. 14-114, 2015 WL 2473448, at *8 (U.S. June 25, 2015) (quoting FDA v. Brown & Williamson Tobacco Corp., 529 U.S. 120, 159 (2000)). In cases involving questions “of deep ‘economic and political significance’ that is central to [a] statutory scheme,” id. (quoting Util. Air. Regulatory Grp. v. EPA, 134 S. Ct. 2427, 2444 (2014)), courts may set aside Chevron deference and instead look directly to the statutory text, examined in light of its “context and with a view to [its] place in the overall statutory scheme,” id. (quoting Brown & Williamson Tobacco Corp., 529 U.S. at 133). 19 Ducote, No. 14-1023, 2015 WL 3952264, at *6 (D.C. Cir. June 30, 2015) (“To the extent the agency has interpreted its own . . . regulation, that interpretation is to be accorded deference . . . unless it is clearly contrary to the plain and sensible meaning of the regulation.” (internal quotation marks omitted; second alteration in original)); Texas v. EPA, 726 F.3d 180, 194 (D.C. Cir. 2013) (finding agency interpretation of its regulation is “controlling because the interpretation is neither plainly erroneous [n]or inconsistent with the regulation, and there is no reason to suspect that it does not reflect the agency’s fa",citation-anchor-without-directional-language,high,1,dcd|2015-07-07|docket:civilactionno20141432
courtlistener-environmental-scotus-citation-events,utility-air-regulatory-group-v-epa-2014:2820184,https://www.courtlistener.com/opinion/2820184/united-states-v-manuel-soto/,lower-court-doctrinal-uptake,United States federal courts,573 U.S. 302 (2014),2014-06-23,Supreme Court of the United States,Utility Air Regulatory Group v. EPA,merits statutory judicial-review decision,2015-07-24,Court of Appeals for the Sixth Circuit,cited_context_only,2015-07-24,unclear,unclear,,,,,,,,,,,,"13-2300, 13-2389, 13-2510, 13-2582",,,,,,"published CourtListener citation-linked U.S. federal circuit and district opinion documents filed in the fixed 730-day post-decision window, after documented provider-cluster deduplication",1,"Citation-linked doctrinal-treatment event. A zero-citation circuit is no observed event, not ignored precedent or noncompliance. The treatment value is an automated candidate flag pending expert legal review. CourtListener's published-opinion coverage is not an all-case opportunity denominator.",utility-air-regulatory-group-v-epa-2014,573 U.S. 302 (2014),2014-06-24,2016-06-22,2820184,2820184,2820184,combined-opinion,ca6,6th Cir.,United States v. Manuel Soto,"UNITED STATES of America, Plaintiff-Appellee, v. Manuel Antonio SOTO (13-2300); Hector Santana (13-2389); Christopher Espinoza (13-2510); Juan Ramon Respardo-Ramirez (13-2582); Defendants-Appellants",2676961,Published,794 F.3d 635; 2015 FED App. 0165P; 2015 U.S. App. LEXIS 12819,ca6,available,https://storage.courtlistener.com/pdf/2015/07/24/united_states_v._manuel_soto.pdf,,,1,"AMENDED OPINION KAREN NELSON MOORE, Circuit Judge. This case involves the drug-trafficking, kidnapping, and firearms convictions of Defendants-Appellants Hector Santana, Manuel Antonio Soto, Christopher Espinoza, and Juan Ramon Respardo-Ramirez. A grand jury indicted them on two conspiracies and two firearms charges: conspiracy to possess cocaine with th","cid) and left the ‘waiver’ terminology intact.”). The Advisory Committee’s conscious decision to abandon the term “waiver” makes its intent crystal clear: courts may no longer treat a party’s failure to file a timely Rule 12(b)(3) pretrial motion as an intentional relinquishment of a known right. The more difficult question is whether the change to Rule 12(c)(3) means that we may review Santana’s claim for plain error. Santana argues that the good-cause standard applies to district courts, and therefore appellate courts are free to consider how the change in the rule impacts appellate review. Santana Resp. to Pet. for Rehr’g at 2. As always, we begin with the text of the rule, keeping in mind that “reasonable [rule] interpretation must account for ‘both the specific context in which language is used’ and ‘the broader context of the statute as a whole.’” Util. Air Regulatory Grp. v. EPA, 134 S. Ct. 2427, 2442 (2014) (quoting Robinson v. Shell Oil Co., 519 U.S. 337, 341 (1997)) (alteration omitted). Nos. 13-2300/2389/2510/2582 United States v. Soto et al Page 17 Federal Rule of Criminal Procedure 1(a)(1) provides that “[t]hese rules govern the procedure in all criminal proceedings in the United States district courts, the United States courts of appeals, and the Supreme Court of the United States.” Furthermore, Rule 1(b)(2) provides the following definition of “Court”: “a federal judge performing functions authorized by law.” And a “federal judge” is “a justice or judge of the United States as these terms are defined in 28 U.S.C. § 451,” which “includes judges of the courts of appeals [and] district courts.” The logical extension of Rule 1 would mean that Rule 12(c)(3) applies to the courts of appeals, and any use of the word “court” in Rule 12 would similarly apply to appellate courts.",citation-anchor-without-directional-language,high,1,ca6|2015-07-24|docket:132300132389132510132582
courtlistener-environmental-scotus-citation-events,utility-air-regulatory-group-v-epa-2014:2829583,https://www.courtlistener.com/opinion/2829583/home-care-association-v-david-weil/,lower-court-doctrinal-uptake,United States federal courts,573 U.S. 302 (2014),2014-06-23,Supreme Court of the United States,Utility Air Regulatory Group v. EPA,merits statutory judicial-review decision,2015-08-21,Court of Appeals for the D.C. Circuit,cited_context_only,2015-08-21,unclear,unclear,,,,,,,,,,,,15-5018,,,,,,"published CourtListener citation-linked U.S. federal circuit and district opinion documents filed in the fixed 730-day post-decision window, after documented provider-cluster deduplication",1,"Citation-linked doctrinal-treatment event. A zero-citation circuit is no observed event, not ignored precedent or noncompliance. The treatment value is an automated candidate flag pending expert legal review. CourtListener's published-opinion coverage is not an all-case opportunity denominator.",utility-air-regulatory-group-v-epa-2014,573 U.S. 302 (2014),2014-06-24,2016-06-22,2829583,2829583,2829583,combined-opinion,cadc,D.C. Cir.,Home Care Association v. David Weil,"HOME CARE ASSOCIATION OF AMERICA, Et Al., Appellees v. David WEIL, Sued in His Official Capacity, Administrator, Wage & Hour Division, Et Al., Appellants",2686514,Published,419 U.S. App. D.C. 50; 799 F.3d 1084; 25 Wage & Hour Cas.2d (BNA) 289; 2015 U.S. App. LEXIS 14730; 2015 WL 4978980,cadc,available,https://storage.courtlistener.com/pdf/2015/08/21/home_care_association_v._david_weil.pdf,,,1,"Opinion for the Court filed by Circuit Judge SRINIVASAN. SRINIVASAN, Circuit Judge: The Fair Labor Standards Act’s protections include the guarantees of a minimum wage and overtime pay. The statute, though, has long exempted certain categories of “domestic service” workers (workers providing services in a household) from one or both of those protectio","nt’s decision to exclude a class of employees from the exemptions based on the “nature of their employer[s]” contravened the plain terms of the statute. Id. at *5-6. In light of the district court’s vacatur of the third-party-employer regulation, appellees could make use of the companionship-services exemption, and they therefore gained standing to attack the Department’s revised definition of companionship services. In a separate opinion, the district court vacated that definition, finding that its twenty-percent limitation on hours of “care” contravened both the text of the statutory exemption and congressional intent. Home Care Ass’n of Am. v. Weil, No. 14-cv-967 (RJL), 2015 WL 181712, at *4-5 & n.5 (D.D.C. Jan. 14, 2015). The Department now appeals. II. We review the new third-party-employer regulation pursuant to the two-step Chevron framework. See Util. Air Regulatory Grp. v. EPA, 134 S. Ct. 2427, 2439 (2014). If “Congress has directly spoken to the precise question at issue,” then “the court, as well as the agency, must give effect to the unambiguously expressed intent of Congress.” Chevron, 467 U.S. at 842-43. But “if the statute is silent or ambiguous with respect to the specific issue,” we analyze “whether the agency’s answer is based on a permissible construction of the statute.” Id. at 843. The Department contends that its revised third-party- employer regulation lies within the scope of its rulemaking authority under the general agency delegation in § 29(b) of the 1974 Amendments, as confirmed by the Supreme Court’s decision in Coke. The Department further argues that the new regulation is a reasonable exercise of the Department’s authority at Chevron step two and is neither arbitrary nor 11 capricious. We agree with the Department and uphold the regulation. A. Appellees ",citation-anchor-without-directional-language,high,1,cadc|2015-08-21|docket:155018
courtlistener-environmental-scotus-citation-events,utility-air-regulatory-group-v-epa-2014:2924323,https://www.courtlistener.com/opinion/2924323/central-united-life-insurance-co-v-burwell/,lower-court-doctrinal-uptake,United States federal courts,573 U.S. 302 (2014),2014-06-23,Supreme Court of the United States,Utility Air Regulatory Group v. EPA,merits statutory judicial-review decision,2015-09-11,"District Court, District of Columbia",unclear,2015-09-11,unclear,unclear,,,,,,,,,,,,Civil Action No. 2014-1954,,,,,,"published CourtListener citation-linked U.S. federal circuit and district opinion documents filed in the fixed 730-day post-decision window, after documented provider-cluster deduplication",1,"Citation-linked doctrinal-treatment event. A zero-citation circuit is no observed event, not ignored precedent or noncompliance. The treatment value is an automated candidate flag pending expert legal review. CourtListener's published-opinion coverage is not an all-case opportunity denominator.",utility-air-regulatory-group-v-epa-2014,573 U.S. 302 (2014),2014-06-24,2016-06-22,2924323,2924323,2924323,combined-opinion,dcd,D.D.C.,Central United Life Insurance Co. v. Burwell,"CENTRAL UNITED LIFE, INC., Et Al., Plaintiffs, v. Sylvia M. BURWELL, Et Al., Defendants",2781394,Published,128 F. Supp. 3d 321; 2015 U.S. Dist. LEXIS 121342,cadc,unavailable,,download_failed_or_unextractable,https://storage.courtlistener.com/pdf/2015/09/11/central_united_life_insurance_co._v._burwell.pdf: no extractable text | https://ecf.dcd.uscourts.gov/cgi-bin/show_public_doc?2014cv1954-33: no extractable text,1,"MEMORANDUM OPINION Royce C. Lamberth, District Judge Plaintiffs Central United Life Insurance Co. and Gaylan Hendricks (collectively, “plaintiffs”) have brought this action against Sylvia Mathews Burwell, in her official capacity as Secretary of the U.S. Department of Health and Human Services (“HHS”); HHS itself; Marilyn B. Tavenner, in her",,public-full-text-unavailable,low,1,dcd|2015-09-11|docket:civilactionno20141954
courtlistener-environmental-scotus-citation-events,utility-air-regulatory-group-v-epa-2014:2960856,https://www.courtlistener.com/opinion/2960856/sca-hygiene-products-aktiebolag-sca-personal-care-inc-v-first-quality/,lower-court-doctrinal-uptake,United States federal courts,573 U.S. 302 (2014),2014-06-23,Supreme Court of the United States,Utility Air Regulatory Group v. EPA,merits statutory judicial-review decision,2015-09-18,Court of Appeals for the Federal Circuit,cited_context_only,2015-09-18,unclear,unclear,,,,,,,,,,,,2013-1564,,,,,,"published CourtListener citation-linked U.S. federal circuit and district opinion documents filed in the fixed 730-day post-decision window, after documented provider-cluster deduplication",1,"Citation-linked doctrinal-treatment event. A zero-citation circuit is no observed event, not ignored precedent or noncompliance. The treatment value is an automated candidate flag pending expert legal review. CourtListener's published-opinion coverage is not an all-case opportunity denominator.",utility-air-regulatory-group-v-epa-2014,573 U.S. 302 (2014),2014-06-24,2016-06-22,2960856,2960856,2960856,combined-opinion,cafc,Fed. Cir.,"SCA Hygiene Products Aktiebolag SCA Personal Care, Inc. v. First Quality Baby Products, LLC","SCA HYGIENE PRODUCTS AKTIEBOLAG SCA Personal Care, Inc., Plaintiffs-Appellants v. FIRST QUALITY BABY PRODUCTS, LLC, First Quality Hygienic, Inc., First Quality Products, Inc. and First Quality Retail Services, LLC, Defendants-Appellees",2818030,Published,807 F.3d 1311; 116 U.S.P.Q. 2d (BNA) 1541; 2015 U.S. App. LEXIS 16621; 2015 WL 5474261,cafc,available,https://storage.courtlistener.com/pdf/2015/09/18/sca_hygiene_products_v._first_quality_baby_products.pdf,,,1,"United States Court of Appeals for the Federal Circuit ______________________ SCA HYGIENE PRODUCTS AKTIEBOLAG SCA PERSONAL CARE, INC., Plaintiffs-Appellants v. FIRST QUALITY BABY PRODUCTS, LLC, FIRST QUALITY HYGIENIC, INC., FIRST QUALITY PRODUCTS, INC. AND FIRST QUALITY RETAIL SERVICES, LLC, Defendants-Appellees ______________________ 20","f laches either. The majority seems to think that the indeterminate breadth of these terms helps its case, making it more likely that laches falls somewhere within their scope, whatever that may be. See Maj. Op. at 18–20. But statu- tory interpretation cannot turn on this kind of guesswork. And even if laches were implicit in § 282, that would not be enough, for the question is whether Congress pre- scribed a variant form of laches in the Patent Act that applies to claims for legal relief. The majority disregards an important tool of statutory interpretation that shows Congress did not adopt such a defense. It is a “fundamental canon of statutory construc- tion that the words of a statute must be read in their context and with a view to their place in the overall statutory scheme.” King v. Burwell, 135 S. Ct. 2480, 2492 (2015) (quoting Utility Air Regulatory Grp. v. Envtl. Prot. Agency, 134 S. Ct. 2427, 2441 (2014)) (internal quotation marks omitted); see also La. Pub. Serv. Comm’n v. Fed. Commc’n Comm’n, 476 U.S. 355, 370 (1986) (noting the “familiar rule of construction that, where possible, provi- sions of a statute should be read so as not to create a conflict”). Here, the statutory limitations period in § 286 informs the scope of § 282. Section 286 expresses Con- gress’ judgment on the timeliness of damages claims: a patent owner may recover damages when a claim is filed within six years of infringement, but no later. If § 282 includes a defense of laches that applies to claims for damages, it would conflict with this judgment. Laches could bar a patent owner from recovering damages even though its claim was filed within the clearly defined six- SCA HYGIENE PRODUCTS v. FIRST QUALITY BABY PRODUCTS 7 year period established by § 286. The extent of this conflict is highlighted by th",citation-anchor-without-directional-language,high,1,cafc|2015-09-18|docket:20131564
courtlistener-environmental-scotus-citation-events,utility-air-regulatory-group-v-epa-2014:3007001,https://www.courtlistener.com/opinion/3007001/nrdc-v-epa/,lower-court-doctrinal-uptake,United States federal courts,573 U.S. 302 (2014),2014-06-23,Supreme Court of the United States,Utility Air Regulatory Group v. EPA,merits statutory judicial-review decision,2015-10-05,Court of Appeals for the Second Circuit,cited_context_only,2015-10-05,unclear,unclear,,,,,,,,,,,,13-1745(L),,,,,,"published CourtListener citation-linked U.S. federal circuit and district opinion documents filed in the fixed 730-day post-decision window, after documented provider-cluster deduplication",1,"Citation-linked doctrinal-treatment event. A zero-citation circuit is no observed event, not ignored precedent or noncompliance. The treatment value is an automated candidate flag pending expert legal review. CourtListener's published-opinion coverage is not an all-case opportunity denominator.",utility-air-regulatory-group-v-epa-2014,573 U.S. 302 (2014),2014-06-24,2016-06-22,3007001,3007001,3007001,combined-opinion,ca2,2d Cir.,NRDC v. EPA,,2864278,Published,,ca2,available,https://storage.courtlistener.com/pdf/2015/10/05/nrdc_v._epa.pdf,,,1,"13‐1745(L) NRDC v. EPA 13‐1745(L) NRDC v. EPA UNITED STATES COURT OF APPEALS FOR THE SECOND CIRCUIT August Term 2014 (Argued: January 30, 2015 Decided: October 5, 2015)",". v. NRDC, 462 U.S. 87, 103 (1983); Envtl. Def. v. EPA, 369 F.3d 193, 204 (2d Cir. 2004). In addition, judicial review of statutory interpretation by an agency is governed by Chevron U.S.A. Inc. v. NRDC, 467 U.S. 837, 842‐45 (1984). Under ‐24‐ Chevron, we must first determine ʺwhether Congress has directly spoken to the precise question at issueʺ in the CWA. Id. at 842. If so, we must give effect to the unambiguously expressed intent of Congress. Id. at 842‐43. ʺ[I]f the statute is silent or ambiguous with respect to the specific issue, the question for the court is whether the agencyʹs answer is based on a permissible construction of the statute.ʺ Id. at 843. As the Supreme Court held in Michigan v. EPA, ʺ[e]ven under this deferential standard, however, ʹagencies must operate within the bounds of reasonable interpretation.ʹʺ 135 S. Ct. at 2707 (quoting Util. Air Regulatory Grp. v. EPA, 134 S. Ct. 2427, 2442 (2014)). We also grant deference to EPAʹs interpretation of its own regulations ʺunless that interpretation is ʹplainly erroneous or inconsistent with the regulation.ʺ Chase Bank USA, N.A. v. McCoy, 131 S. Ct. 871, 880 (2011) (quoting Auer v. Robbins, 519 U.S. 452, 461 (1997)). B. Petitionersʹ Challenge Here, petitioners challenge EPAʹs issuance of the 2013 VGP as arbitrary and capricious, and not in accordance with law, on a number of grounds. First, petitioners argue that the TBELs are arbitrary and capricious. Specifically, petitioners assert that EPA acted arbitrarily and capriciously and not ‐25‐ in accordance with the law when it: (1) selected the IMO standard as the standard for the TBELs; (2) failed to consider onshore treatment, limiting consideration to shipboard treatment; (3) failed to include numeric TBELs for viruses and protists; and (4) exempted Lakers built before",citation-anchor-without-directional-language,high,1,ca2|2015-10-05|docket:131745l
courtlistener-environmental-scotus-citation-events,utility-air-regulatory-group-v-epa-2014:8413742,https://www.courtlistener.com/opinion/8442479/natural-resources-defense-council-v-united-states-environmental-protection/,lower-court-doctrinal-uptake,United States federal courts,573 U.S. 302 (2014),2014-06-23,Supreme Court of the United States,Utility Air Regulatory Group v. EPA,merits statutory judicial-review decision,2015-10-05,Court of Appeals for the Second Circuit,unclear,2015-10-05,unclear,unclear,,,,,,,,,,,,13-1745,,,,,,"published CourtListener citation-linked U.S. federal circuit and district opinion documents filed in the fixed 730-day post-decision window, after documented provider-cluster deduplication",1,"Citation-linked doctrinal-treatment event. A zero-citation circuit is no observed event, not ignored precedent or noncompliance. The treatment value is an automated candidate flag pending expert legal review. CourtListener's published-opinion coverage is not an all-case opportunity denominator.",utility-air-regulatory-group-v-epa-2014,573 U.S. 302 (2014),2014-06-24,2016-06-22,8442479,8442479,8413742,lead-opinion,ca2,2d Cir.,Natural Resources Defense Council v. United States Environmental Protection Agency,"NATURAL RESOURCES DEFENSE COUNCIL, Northwest Environmental Advocates, Center for Biological Diversity, and National Wildlife Federation v. UNITED STATES ENVIRONMENTAL PROTECTION AGENCY, Lake Carriers' Association and Canadian Shipowners Association, Intervenors",65661533,Published,808 F.3d 556; 2016 A.M.C. 55; 2015 U.S. App. LEXIS 22163,ca2,unavailable,,no_document_url_in_search_result,,1,"CHIN, Circuit Judge: This case arises from the efforts of the Environmental Protection Agency (“EPA”) pursuant to section 402(a) of the Clean Water Act (the “CWA”), 33 U.S.C. § 1342(a), to regulate the discharge of ballast water from ships.1 A ship takes on and discharges ballast water to compensate for changes in its weight caused by activities such as loading and unloading cargo or consuming fu",,public-full-text-unavailable,low,1,ca2|2015-10-05|docket:131745
courtlistener-environmental-scotus-citation-events,utility-air-regulatory-group-v-epa-2014:3153320,https://www.courtlistener.com/opinion/3153320/state-of-texas-v-usa/,lower-court-doctrinal-uptake,United States federal courts,573 U.S. 302 (2014),2014-06-23,Supreme Court of the United States,Utility Air Regulatory Group v. EPA,merits statutory judicial-review decision,2015-11-09,Court of Appeals for the Fifth Circuit,cited_context_only,2015-11-09,unclear,unclear,,,,,,,,,,,,15-40238,,,,,,"published CourtListener citation-linked U.S. federal circuit and district opinion documents filed in the fixed 730-day post-decision window, after documented provider-cluster deduplication",1,"Citation-linked doctrinal-treatment event. A zero-citation circuit is no observed event, not ignored precedent or noncompliance. The treatment value is an automated candidate flag pending expert legal review. CourtListener's published-opinion coverage is not an all-case opportunity denominator.",utility-air-regulatory-group-v-epa-2014,573 U.S. 302 (2014),2014-06-24,2016-06-22,3153320,3153320,3153320,combined-opinion,ca5,5th Cir.,State of Texas v. USA,,3011240,Published,,ca5,available,https://storage.courtlistener.com/pdf/2015/11/09/state_of_texas_v._usa_1.pdf,,,1,"Case: 15-40238 Document: 00513264640 Page: 1 Date Filed: 11/09/2015 IN THE UNITED STATES COURT OF APPEALS FOR THE FIFTH CIRCUIT United States Court of Appeals __________ Fifth Circuit FILED No. 15-40238 November 9, 2015"," (listing among the classes of excludable aliens those who “seek[] to enter the United States for the purpose of performing skilled or unskilled labor . . . , unless the Secretary of Labor has determined and certified to the Secretary of State and the Attorney General that—(I) there are not suf- ficient workers who are able, willing, qualified (or equally qualified in the case of an alien described in clause (ii)) and available at the time of application for a visa and admission to the United States and at the place where the alien is to perform such skilled or unskilled labor, and (II) the employment of such alien will not adversely affect the wages and working conditions of workers in the United States similarly employed”). 178 FDA v. Brown & Williamson Tobacco Corp., 529 U.S. 120, 133 (2000). 179 King v. Burwell, 135 S. Ct. 2480, 2489 (2015) (quoting Util. Air Regulatory Grp. v. EPA, 134 S. Ct. 2427, 2444 (2014)). 59 Case: 15-40238 Document: 00513264640 Page: 60 Date Filed: 11/09/2015 No. 15-40238 question at hand, we would still strike down DAPA as an unreasonable inter- pretation that is “manifestly contrary” to the INA. See Mayo Found., 562 U.S. at 53. The dissent, relying on Texas Rural Legal Aid v. Legal Services Corp., 940 F.2d 685, 694 (D.C. Cir. 1991), theorizes that our analysis is nothing but an application of the expressio unius est exclusio alterius180 canon of construc- tion, which the dissent claims is of limited utility in administrative law. Dis- sent at 46. The dissent’s observation is astray, however, because our statutory analysis does not hinge on the expressio unius maxim. Moreover, the Supreme Court and this court have relied on expressio unius in deciding issues of administrative law. While noting “the limited use- fulness of the expressio unius doctrine in t",citation-anchor-without-directional-language,high,1,ca5|2015-11-09|docket:1540238
courtlistener-environmental-scotus-citation-events,utility-air-regulatory-group-v-epa-2014:3153481,https://www.courtlistener.com/opinion/3153481/clearcorrect-operating-llc-v-international-trade-commission/,lower-court-doctrinal-uptake,United States federal courts,573 U.S. 302 (2014),2014-06-23,Supreme Court of the United States,Utility Air Regulatory Group v. EPA,merits statutory judicial-review decision,2015-11-10,Court of Appeals for the Federal Circuit,cited_context_only,2015-11-10,unclear,unclear,,,,,,,,,,,,2014-1527,,,,,,"published CourtListener citation-linked U.S. federal circuit and district opinion documents filed in the fixed 730-day post-decision window, after documented provider-cluster deduplication",1,"Citation-linked doctrinal-treatment event. A zero-citation circuit is no observed event, not ignored precedent or noncompliance. The treatment value is an automated candidate flag pending expert legal review. CourtListener's published-opinion coverage is not an all-case opportunity denominator.",utility-air-regulatory-group-v-epa-2014,573 U.S. 302 (2014),2014-06-24,2016-06-22,3153481,3153481,3153481,combined-opinion,cafc,Fed. Cir.,"ClearCorrect Operating, LLC v. International Trade Commission","CLEARCORRECT OPERATING, LLC, ClearCorrect Pakistan (Private), Ltd., Appellants v. INTERNATIONAL TRADE COMMISSION, Appellee Align Technology, Inc., Intervenor",3011401,Published,810 F.3d 1283; 116 U.S.P.Q. 2d (BNA) 1883; 37 I.T.R.D. (BNA) 2457; 2015 U.S. App. LEXIS 19558; 2015 WL 6875205,cafc,available,https://storage.courtlistener.com/pdf/2015/11/10/clearcorrect_operating_llc_v._itc.pdf,,,1,"United States Court of Appeals for the Federal Circuit ______________________ CLEARCORRECT OPERATING, LLC, CLEARCORRECT PAKISTAN (PRIVATE), LTD., Appellants v. INTERNATIONAL TRADE COMMISSION, Appellee ALIGN TECHNOLOGY, INC., Intervenor ______________________ 2014-1527 ______________________ Appeal from the U","t goods are protected from infringement under Section 337. It is perfectly reasonable that Congress only intended that some subset of infringing goods be covered by Section 337. “Further, were we to adopt [the Commission’s] construction of the statute, we would render the word ‘[articles]’ insignificant, if not wholly superfluous. It is our duty to give effect, if possible, to every clause and word of a statute.” Duncan v. Walker, 533 U.S. 167, 174 (2001) (citation omitted). 3 We further look to the Tariff Act in its entirety as “the words of a statute must be read in their context and with a view to their place in the overall statutory scheme.” King, 135 S. Ct. at 2492. As when defining words in a statute, their ultimate meaning should remain consistent with the remainder of the statute as a term’s meaning must be “compatible with the rest of the law.” Util. Air Regulatory Grp. v. EPA, 134 S. Ct. 2427, 2442 (2014). Here, the basic statutory scheme, and specifically its original remedial scheme, provides further support for the conclusion that Congress understood “articles” to mean “material things” and not to include intangibles such as digital data. The original version of Section 337 provided only a single remedy for violations: 24 CLEARCORRECT OPERATING, LLC v. ITC Whenever the existence of any such unfair method or act shall be established to the satisfaction of the President he shall direct that the articles con- cerned in such unfair methods or acts, imported by any person violating the provisions of this Act, shall be excluded from entry into the United States, and upon information of such action by the President, the Secretary of the Treasury shall, through the proper officers, refuse such entry. Tariff Act of 1930, Pub. L. 71-361, 46 Stat. 704 (1930). This sole remedy of exc […] ework to the agency’s interpretation of its governing statute. See id. at 2489. The Commission has concluded that it has jurisdiction over all incoming international Internet data transmis- sions. It reaches this conclusion despite never having purported to regulate Internet transmissions in the past, despite no reference to data transmissions in the statute under which it acts, despite an absence of expertise in dealing with such transmissions, and despite the many competing policy concerns implicated in any attempt to regulate Internet transmissions. The Internet is “argua- bly the most important innovation in communications in a generation.” Comcast Corp. v. FCC, 600 F.3d 642, 661 (D.C. Cir. 2010). If Congress intended for the Commission to regulate one of the most important aspects of modern- day life, Congress surely would have said so expressly. Utility Air Regulatory Grp. v. EPA, 134 S. Ct. 2427, 2444 (2014) (rejecting EPA’s vast expansion of its program of requiring clean air permits because such an expansion “would bring about an enormous and transformative expansion in EPA’s regulatory authority without clear congressional authorization”). The Supreme Court has noted that “[w]hen an agency claims to discover in a long- CLEARCORRECT OPERATING, LLC v. ITC 3 extant statute an unheralded power to regulate ‘a signifi- cant portion of the American economy,’ we typically greet its announcement with a measure of skepticism.” Id. The Court further indicated that Congress must “speak clearly if it wishes to assign to an agency decisions of vast ‘eco- nomic and political significance.’” Id. (quoting FDA, 529 U.S at 160). Here, far from clearly addressing the issue of whether the Commission should have jurisdiction over the international exchange of data on the Internet, Congress’s last",citation-anchor-without-directional-language,high,1,cafc|2015-11-10|docket:20141527
courtlistener-environmental-scotus-citation-events,utility-air-regulatory-group-v-epa-2014:3153967,https://www.courtlistener.com/opinion/3153967/united-states-v-messina/,lower-court-doctrinal-uptake,United States federal courts,573 U.S. 302 (2014),2014-06-23,Supreme Court of the United States,Utility Air Regulatory Group v. EPA,merits statutory judicial-review decision,2015-11-12,Court of Appeals for the Second Circuit,cited_context_only,2015-11-12,unclear,unclear,,,,,,,,,,,,Docket 14-1219-cr,,,,,,"published CourtListener citation-linked U.S. federal circuit and district opinion documents filed in the fixed 730-day post-decision window, after documented provider-cluster deduplication",1,"Citation-linked doctrinal-treatment event. A zero-citation circuit is no observed event, not ignored precedent or noncompliance. The treatment value is an automated candidate flag pending expert legal review. CourtListener's published-opinion coverage is not an all-case opportunity denominator.",utility-air-regulatory-group-v-epa-2014,573 U.S. 302 (2014),2014-06-24,2016-06-22,3153967,3153967,3153967,combined-opinion,ca2,2d Cir.,United States v. Messina,"UNITED STATES of America, v. Neil MESSINA, Defendant-Appellant. John Porcello, AKA Johnny Pizza, Nicolo Valenti, AKA Nick, Benito Valenti, AKA Benny, Defendants",3011896,Published,806 F.3d 55; 2015 WL 7005546,ca2,available,https://storage.courtlistener.com/pdf/2015/11/12/united_states_v._messina.pdf,,,1,"REENA RAGGI, Circuit Judge: Defendant Neil Messina stands convicted on an amended judgment entered on May 22, 2014, in the Eastern District of New York (Buyo A. Matsumoto, Judge) of one count of racketeering conspiracy as an associate of the Bonanno crime family within the charged enterprise of La Cosa Nostra. In pleading guilty, Messina admitted three charged predicate acts: (1)","Congress’s intent. Gross v. FBL Fin. Servs., Inc., 557 U.S. 167, 175 (2009) (internal quotation marks omitted). Thus, we first consider “whether the language at issue has a plain and unambiguous meaning with regard to the particular 29 dispute in the case.” Roberts v. Sea‐Land Servs., Inc., 132 S. Ct. 1350, 1356 (2012) (internal quotation marks omitted). If it does, that meaning controls without need for further inquiry. See Robinson v. Shell Oil Co., 519 U.S. 337, 340 (1997); Hedges v. Obama, 724 F.3d 170, 189 (2d Cir. 2013). In making that determination, we do not construe critical statutory language in a vacuum, see Roberts v. Sea‐Land Servs., Inc., 132 S. Ct. at 1356, but rather, in context, both “the specific context in which that language is used, and the broader context of the statute as a whole,” Robinson v. Shell Oil Co., 519 U.S. at 341; see Utility Air Regulatory Grp. v. EPA, 134 S. Ct. 2427, 2442 (2014); Hedges v. Obama, 724 F.3d at 189. Applying these principles here, we conclude that the language of 18 U.S.C. § 3663A(b)(2)(C) authorizes restitution to all victims of qualifying offenses resulting in bodily injury, both those who survive those injuries and those who die therefrom. Further, the MVRA’s lost income provision applies to future income lost as a result of the offense of conviction. The three of our sister circuits to have considered this issue have all reached the same conclusions. See United States v. Serawop, 505 F.3d 1112, 1118−21, 1123−25 (10th Cir. 2007) (holding that 30 MVRA authorizes restitution award of lost future income to deceased infant victim of voluntary manslaughter); United States v. Cienfuegos, 462 F.3d 1160, 1163−69 (9th Cir. 2006) (holding that plain language of MVRA contemplates restitution award to deceased victim for lost future income res",citation-anchor-without-directional-language,high,1,ca2|2015-11-12|docket:docket141219cr
courtlistener-environmental-scotus-citation-events,utility-air-regulatory-group-v-epa-2014:3156376,https://www.courtlistener.com/opinion/3156376/western-minnesota-municipal-power-agency-v-federal-energy-regulatory/,lower-court-doctrinal-uptake,United States federal courts,573 U.S. 302 (2014),2014-06-23,Supreme Court of the United States,Utility Air Regulatory Group v. EPA,merits statutory judicial-review decision,2015-11-20,Court of Appeals for the D.C. Circuit,cited_context_only,2015-11-20,unclear,unclear,,,,,,,,,,,,14-1153,,,,,,"published CourtListener citation-linked U.S. federal circuit and district opinion documents filed in the fixed 730-day post-decision window, after documented provider-cluster deduplication",1,"Citation-linked doctrinal-treatment event. A zero-citation circuit is no observed event, not ignored precedent or noncompliance. The treatment value is an automated candidate flag pending expert legal review. CourtListener's published-opinion coverage is not an all-case opportunity denominator.",utility-air-regulatory-group-v-epa-2014,573 U.S. 302 (2014),2014-06-24,2016-06-22,3156376,3156376,3156376,combined-opinion,cadc,D.C. Cir.,Western Minnesota Municipal Power Agency v. Federal Energy Regulatory Commission,"WESTERN MINNESOTA MUNICIPAL POWER AGENCY, Et Al., Petitioners v. FEDERAL ENERGY REGULATORY COMMISSION, Respondent",3014406,Published,420 U.S. App. D.C. 128; 806 F.3d 588; 2015 U.S. App. LEXIS 20130; 2015 WL 7423719,cadc,available,https://storage.courtlistener.com/pdf/2015/11/20/western_minnesota_municipal_v._ferc.pdf,,,1,"Opinion for the Court filed by Circuit Judge ROGERS. ROGERS, Circuit Judge: The Western Minnesota Municipal Power Agency (‘Western Minnesota”) submitted an application pursuant to the Federal Power Act (“FPA”) for a preliminary permit for a hydroelectric project in Polk County, Iowa. A private developer, FFP Qualified Hydro 14, LLC (“FFP”), also submitte"," served by giving a municipality a preference with respect to a project that is far from the site of the municipality.” See Permit Order ¶ 17. In the Commission’s view, if any municipality “could legitimately claim preference,” a “distant municipality” in competition with a “nearby municipality” could “win a tie breaking drawing and then deprive the nearby municipality of the right to utilize a local water resource.” Id. Rather than inferring from Congress’s silence that the physical proximity of a municipality to a project is irrelevant to whether it is a “municipality” for purposes of the Section 7(a) preference, the Commission inferred a legislative delegation to pick and choose favored municipalities to advance the Commission’s policy. 8 Agencies are empowered to make policy only insofar as Congress expressly or impliedly delegates that power. See Utility Air Regulatory Grp. v. EPA, 134 S. Ct. 2427, 2445 (2014). “Were courts to presume a delegation of power absent an express withholding of such power, agencies would enjoy virtually limitless hegemony, a result plainly out of keeping with Chevron and quite likely with the Constitution as well.” Ethyl Corp. v. EPA, 51 F.3d 1053, 1060 (D.C. Cir. 1995) (emphasis in original). The Commission’s apparent understanding that “Chevron step two is implicated any time a statute does not expressly negate the existence of a claimed administrative power . . . , is both flatly unfaithful to the principles of administrative law . . . and refuted by precedent.” Id. (alteration in original). In Section 7(a), Congress adopted a clear mandate that where applications are “equally well adapted,” the application of a “municipality” is to be preferred over that of a private applicant. Bolstering this mandate is the broad definition of “municipality.” The ",citation-anchor-without-directional-language,high,1,cadc|2015-11-20|docket:141153
courtlistener-environmental-scotus-citation-events,utility-air-regulatory-group-v-epa-2014:3158356,https://www.courtlistener.com/opinion/3158356/state-of-texas-v-usa/,lower-court-doctrinal-uptake,United States federal courts,573 U.S. 302 (2014),2014-06-23,Supreme Court of the United States,Utility Air Regulatory Group v. EPA,merits statutory judicial-review decision,2015-11-25,Court of Appeals for the Fifth Circuit,cited_context_only,2015-11-25,unclear,unclear,,,,,,,,,,,,15-40238,,,,,,"published CourtListener citation-linked U.S. federal circuit and district opinion documents filed in the fixed 730-day post-decision window, after documented provider-cluster deduplication",1,"Citation-linked doctrinal-treatment event. A zero-citation circuit is no observed event, not ignored precedent or noncompliance. The treatment value is an automated candidate flag pending expert legal review. CourtListener's published-opinion coverage is not an all-case opportunity denominator.",utility-air-regulatory-group-v-epa-2014,573 U.S. 302 (2014),2014-06-24,2016-06-22,3158356,3158356,3158356,combined-opinion,ca5,5th Cir.,State of Texas v. USA,"State of TEXAS; State of Alabama; State of Georgia; State of Idaho; State of Indiana; State of Kansas; State of Louisiana; State of Montana; State of Nebraska; State of South Carolina; State of South Dakota; State of Utah; State of West Virginia; State of Wisconsin; Paul R. Lepage, Governor, State of Maine; Patrick L. McCrory, Governor, State of North Carolina; C.L. “Butch” Otter, Governor, State of Idaho; Phil Bryant, Governor, State of Mississippi; State of North Dakota; State of Ohio; State of Oklahoma; State of Florida; State of Arizona; State of Arkansas; Attorney General Bill Schuette; State of Nevada; State of Tennessee, Plaintiffs-Appellees, v. UNITED STATES of America; Jeh Charles Johnson, Secretary, Department of Homeland Security; R. Gil Kerlikowske, Commissioner of U.S. Customs and Border Protection; Ronald D. Vitiello, Deputy Chief of U.S. Border Patrol, U.S. Customs and Border Protection; Sarah R. Saldana, Director of U.S. Immigration and Customs Enforcement; Leon Rodriguez, Director of U.S. Citizenship and Immigration Services, Defendants-Appellants",3016409,Published,809 F.3d 134; 2015 WL 6873190,ca5,available,https://storage.courtlistener.com/pdf/2015/11/25/state_of_texas_v._usa.pdf,,,1,"Case: 15-40238 Document: 00513286295 Page: 1 Date Filed: 11/25/2015 REVISED November 25, 2015 IN THE UNITED STATES COURT OF APPEALS FOR THE FIFTH CIRCUIT United States Court of Appeals __________ Fifth Circuit FILED"," (listing among the classes of excludable aliens those who “seek[] to enter the United States for the purpose of performing skilled or unskilled labor . . . , unless the Secretary of Labor has determined and certified to the Secretary of State and the Attorney General that—(I) there are not suf- ficient workers who are able, willing, qualified (or equally qualified in the case of an alien described in clause (ii)) and available at the time of application for a visa and admission to the United States and at the place where the alien is to perform such skilled or unskilled labor, and (II) the employment of such alien will not adversely affect the wages and working conditions of workers in the United States similarly employed”). 178 FDA v. Brown & Williamson Tobacco Corp., 529 U.S. 120, 133 (2000). 179 King v. Burwell, 135 S. Ct. 2480, 2489 (2015) (quoting Util. Air Regulatory Grp. v. EPA, 134 S. Ct. 2427, 2444 (2014)). 59 Case: 15-40238 Document: 00513286295 Page: 60 Date Filed: 11/25/2015 No. 15-40238 question at hand, we would still strike down DAPA as an unreasonable inter- pretation that is “manifestly contrary” to the INA. See Mayo Found., 562 U.S. at 53. The dissent, relying on Texas Rural Legal Aid v. Legal Services Corp., 940 F.2d 685, 694 (D.C. Cir. 1991), theorizes that our analysis is nothing but an application of the expressio unius est exclusio alterius 180 canon of construc- tion, which the dissent claims is of limited utility in administrative law. Dis- sent at 46. The dissent’s observation is astray, however, because our statutory analysis does not hinge on the expressio unius maxim. Moreover, the Supreme Court and this court have relied on expressio unius in deciding issues of administrative law. While noting “the limited use- fulness of the expressio unius doctrine in ",citation-anchor-without-directional-language,high,1,ca5|2015-11-25|docket:1540238
courtlistener-environmental-scotus-citation-events,utility-air-regulatory-group-v-epa-2014:3163899,https://www.courtlistener.com/opinion/3163899/nrdc-v-epa/,lower-court-doctrinal-uptake,United States federal courts,573 U.S. 302 (2014),2014-06-23,Supreme Court of the United States,Utility Air Regulatory Group v. EPA,merits statutory judicial-review decision,2015-12-18,Court of Appeals for the Second Circuit,cited_context_only,2015-12-18,unclear,unclear,,,,,,,,,,,,13-1745(L),,,,,,"published CourtListener citation-linked U.S. federal circuit and district opinion documents filed in the fixed 730-day post-decision window, after documented provider-cluster deduplication",1,"Citation-linked doctrinal-treatment event. A zero-citation circuit is no observed event, not ignored precedent or noncompliance. The treatment value is an automated candidate flag pending expert legal review. CourtListener's published-opinion coverage is not an all-case opportunity denominator.",utility-air-regulatory-group-v-epa-2014,573 U.S. 302 (2014),2014-06-24,2016-06-22,3163899,3163899,3163899,combined-opinion,ca2,2d Cir.,NRDC v. EPA,,3022404,Published,,ca2,available,https://storage.courtlistener.com/pdf/2015/12/18/nrdc_v._epa.pdf,,,1,"13‐1745(L) NRDC v. EPA UNITED STATES COURT OF APPEALS FOR THE SECOND CIRCUIT August Term 2014 (Argued: January 30, 2015 Decided: October 5, 2015 Amended: December 18, 2015)",". v. NRDC, 462 U.S. 87, 103 (1983); Envtl. Def. v. EPA, 369 F.3d 193, 204 (2d Cir. 2004). In addition, judicial review of statutory interpretation by an agency is governed by Chevron U.S.A. Inc. v. NRDC, 467 U.S. 837, 842‐45 (1984). Under ‐24‐ Chevron, we must first determine ʺwhether Congress has directly spoken to the precise question at issueʺ in the CWA. Id. at 842. If so, we must give effect to the unambiguously expressed intent of Congress. Id. at 842‐43. ʺ[I]f the statute is silent or ambiguous with respect to the specific issue, the question for the court is whether the agencyʹs answer is based on a permissible construction of the statute.ʺ Id. at 843. As the Supreme Court held in Michigan v. EPA, ʺ[e]ven under this deferential standard, however, ʹagencies must operate within the bounds of reasonable interpretation.ʹʺ 135 S. Ct. at 2707 (quoting Util. Air Regulatory Grp. v. EPA, 134 S. Ct. 2427, 2442 (2014)). We also grant deference to EPAʹs interpretation of its own regulations ʺunless that interpretation is ʹplainly erroneous or inconsistent with the regulation.ʺ Chase Bank USA, N.A. v. McCoy, 131 S. Ct. 871, 880 (2011) (quoting Auer v. Robbins, 519 U.S. 452, 461 (1997)). B. Petitionersʹ Challenge Here, petitioners challenge EPAʹs issuance of the 2013 VGP as arbitrary and capricious, and not in accordance with law, on a number of grounds. First, petitioners argue that the TBELs are arbitrary and capricious. Specifically, petitioners assert that EPA acted arbitrarily and capriciously and not ‐25‐ in accordance with the law when it: (1) selected the IMO standard as the standard for the TBELs; (2) failed to consider onshore treatment, limiting consideration to shipboard treatment; (3) failed to include numeric TBELs for viruses and protists; and (4) exempted Lakers built before",citation-anchor-without-directional-language,high,1,ca2|2015-12-18|docket:131745l
courtlistener-environmental-scotus-citation-events,utility-air-regulatory-group-v-epa-2014:3172147,https://www.courtlistener.com/opinion/3172147/main-street-legal-services-inc-v-national-security-council/,lower-court-doctrinal-uptake,United States federal courts,573 U.S. 302 (2014),2014-06-23,Supreme Court of the United States,Utility Air Regulatory Group v. EPA,merits statutory judicial-review decision,2016-01-26,Court of Appeals for the Second Circuit,cited_context_only,2016-01-26,unclear,unclear,,,,,,,,,,,,13-3792-CV,,,,,,"published CourtListener citation-linked U.S. federal circuit and district opinion documents filed in the fixed 730-day post-decision window, after documented provider-cluster deduplication",1,"Citation-linked doctrinal-treatment event. A zero-citation circuit is no observed event, not ignored precedent or noncompliance. The treatment value is an automated candidate flag pending expert legal review. CourtListener's published-opinion coverage is not an all-case opportunity denominator.",utility-air-regulatory-group-v-epa-2014,573 U.S. 302 (2014),2014-06-24,2016-06-22,3172147,3172147,3172147,combined-opinion,ca2,2d Cir.,"Main Street Legal Services., Inc. v. National Security Council","MAIN STREET LEGAL SERVICES, INC., Plaintiff-Appellant, v. NATIONAL SECURITY COUNCIL, Defendant-Appellee",3030876,Published,811 F.3d 542; 2016 WL 305175,ca2,available,https://storage.courtlistener.com/pdf/2016/01/26/main_street_legal_services_v._national_security.pdf,,,1,13-3792 Main Street Legal Services v. National Security In the United States Court of Appeals For the Second Circuit ________________,"f dictate to either citizens or parts of government. That authority is exercised by independent department heads at the direction of the President. 21 With this understanding, we conclude that where a statutory subsection identifying “[t]he function” of the Council as advising the President, 50 U.S.C. § 3021(a), is followed by a subsection particularizing duties to coordinate that advice, language signaling that the specified duties are not exclusive, but in addition to “such other functions as the President may direct,” cannot reasonably be construed as a congressional delegation of independent authority to the Council. As the Supreme Court has observed, Congress “does not . . . hide elephants in mouseholes.” Whitman v. Am. Trucking Ass’ns, 531 U.S. 457, 468 (2001). Thus, when we consider § 3021(b)’s “other functions” clause in context, see generally Utility Air Regulatory Grp. v. EPA, 134 S. Ct. 2427, 2441 (2014) (referencing “fundamental” construction canon that statutory language be read in context, with view to place in overall statutory scheme (internal quotation marks omitted)), we construe it to mean that “for the purpose of more effectively coordinating the policies and functions” of government entities “relating to the national security,” the President may direct the National Security Council to provide him with particular advice and assistance beyond that specifically identified in that statutory subsection. 22 In sum, we conclude that the sole statutory authority conferred on the Council is to advise and assist the President, both in general, as stated in § 3021(a), and for the specific purpose of effectively coordinating that advice and assistance as provided in § 3021(b).13 Because the Council lacks any authority independent of the President, it is not an agency subject ",citation-anchor-without-directional-language,high,1,ca2|2016-01-26|docket:133792cv
courtlistener-environmental-scotus-citation-events,utility-air-regulatory-group-v-epa-2014:9821265,https://www.courtlistener.com/opinion/3172147/main-street-legal-services-inc-v-national-security-council/,lower-court-doctrinal-uptake,United States federal courts,573 U.S. 302 (2014),2014-06-23,Supreme Court of the United States,Utility Air Regulatory Group v. EPA,merits statutory judicial-review decision,2016-01-26,Court of Appeals for the Second Circuit,unclear,2016-01-26,unclear,unclear,,,,,,,,,,,,13-3792-CV,,,,,,"published CourtListener citation-linked U.S. federal circuit and district opinion documents filed in the fixed 730-day post-decision window, after documented provider-cluster deduplication",1,"Citation-linked doctrinal-treatment event. A zero-citation circuit is no observed event, not ignored precedent or noncompliance. The treatment value is an automated candidate flag pending expert legal review. CourtListener's published-opinion coverage is not an all-case opportunity denominator.",utility-air-regulatory-group-v-epa-2014,573 U.S. 302 (2014),2014-06-24,2016-06-22,3172147,3172147,9821265,lead-opinion,ca2,2d Cir.,"Main Street Legal Services., Inc. v. National Security Council","MAIN STREET LEGAL SERVICES, INC., Plaintiff-Appellant, v. NATIONAL SECURITY COUNCIL, Defendant-Appellee",3030876,Published,811 F.3d 542; 2016 WL 305175,ca2,unavailable,,no_document_url_in_search_result,,1,"REENA RAGGI, Circuit Judge: This appeal requires us to decide whether the National Security Council (“NSC”) is an “agency” subject to the retention and disclosure requirements of the Freedom of Information Act (“FOIA”), Pub.L. No. 89-487, 80 Stat. 250 (1966) (codified as amended at 5 U.S.C. § 552). The United States District Court for the Eastern District of New York (Eric N. Vitaliano, Judge) concluded that it was",,public-full-text-unavailable,low,1,ca2|2016-01-26|docket:133792cv
courtlistener-environmental-scotus-citation-events,utility-air-regulatory-group-v-epa-2014:3172549,https://www.courtlistener.com/opinion/3172549/presidio-historical-assn-v-presidio-trust/,lower-court-doctrinal-uptake,United States federal courts,573 U.S. 302 (2014),2014-06-23,Supreme Court of the United States,Utility Air Regulatory Group v. EPA,merits statutory judicial-review decision,2016-01-27,Court of Appeals for the Ninth Circuit,cited_context_only,2016-01-27,unclear,unclear,,,,,,,,,,,,13-16554,,,,,,"published CourtListener citation-linked U.S. federal circuit and district opinion documents filed in the fixed 730-day post-decision window, after documented provider-cluster deduplication",1,"Citation-linked doctrinal-treatment event. A zero-citation circuit is no observed event, not ignored precedent or noncompliance. The treatment value is an automated candidate flag pending expert legal review. CourtListener's published-opinion coverage is not an all-case opportunity denominator.",utility-air-regulatory-group-v-epa-2014,573 U.S. 302 (2014),2014-06-24,2016-06-22,3172549,3172549,3172549,combined-opinion,ca9,9th Cir.,Presidio Historical Ass'n v. Presidio Trust,"PRESIDIO HISTORICAL ASSOCIATION; Sierra Club, Plaintiffs-Appellants, v. PRESIDIO TRUST, a Federal Government Corporation, Defendant-Appellee",3031290,Published,811 F.3d 1154; 46 Envtl. L. Rep. (Envtl. Law Inst.) 20025; 2016 U.S. App. LEXIS 1287; 2016 WL 360530,ca9,available,https://storage.courtlistener.com/pdf/2016/01/27/presidio_historical_assn_v._presidio_trust.pdf,,,1,"OPINION McKEOWN, Circuit Judge: This appeal calls upon us to address the future development footprint of the historical heart of the Presidio of San Francisco (“Presidio”) — a former military base that is now a National Park and a National Historic Landmark. Like the city in *1157","mbiguous definition of what is required of the Trust. In the end, the most that can be said of the statute is that it grants some unspecified discretion to the Trust to undertake new construction projects within certain obscure strictures. In the face of an ambiguous statute, under the second step of the Chevron analysis, we defer to the Trust’s interpretation so long as it is “based on a permissible construction of the statute.” Chevron, 467 U.S. at 843. We hold that the Trust’s expansive banking interpretation is impermissible because it is “manifestly contrary to the statute.” Household Credit Servs., Inc. v. Pfennig, 541 U.S. 232, 239 (2004) (citation omitted). While the new construction authority granted by the Presidio Trust Act is indeed capacious, there are nevertheless limits to what the Trust can read into the Act’s delegation of authority. Util. Air Regulatory Grp. v. E.P.A., 134 S. Ct. 2427, 2442–43 (2014) (“Even under Chevron’s deferential framework, agencies must operate ‘within the bounds of reasonable interpretation.’” (quoting City of Arlington v. 20 PRESIDIO HISTORICAL ASS’N V. PRESIDIO TRUST F.C.C., 133 S. Ct. 1863, 1868 (2013)). The key infirmity of the banking interpretation is that it imposes no discernible limits on the Trust’s development authority across the Presidio, and thus would lead to an “enormous and transformative expansion” of the Trust’s “regulatory authority without clear congressional authorization.” Id. at 2444. For example, nothing in the banking approach would prevent the Trust from demolishing all of the buildings in the Main Post district in order to offset the construction of a high- rise condominium complex across the Presidio in the heart of the relatively undeveloped South Hills area.6 Although the Trust points to the requirement that the ",citation-anchor-without-directional-language,high,1,ca9|2016-01-27|docket:1316554
courtlistener-environmental-scotus-citation-events,utility-air-regulatory-group-v-epa-2014:3173813,https://www.courtlistener.com/opinion/3173813/lawrence-memorial-hospital-v-burwell/,lower-court-doctrinal-uptake,United States federal courts,573 U.S. 302 (2014),2014-06-23,Supreme Court of the United States,Utility Air Regulatory Group v. EPA,merits statutory judicial-review decision,2016-02-04,Court of Appeals for the Second Circuit,cited_context_only,2016-02-04,unclear,unclear,,,,,,,,,,,,Docket 15-164-cv,,,,,,"published CourtListener citation-linked U.S. federal circuit and district opinion documents filed in the fixed 730-day post-decision window, after documented provider-cluster deduplication",1,"Citation-linked doctrinal-treatment event. A zero-citation circuit is no observed event, not ignored precedent or noncompliance. The treatment value is an automated candidate flag pending expert legal review. CourtListener's published-opinion coverage is not an all-case opportunity denominator.",utility-air-regulatory-group-v-epa-2014,573 U.S. 302 (2014),2014-06-24,2016-06-22,3173813,3173813,3173813,combined-opinion,ca2,2d Cir.,Lawrence + Memorial Hospital v. Burwell,"LAWRENCE + MEMORIAL HOSPITAL, Plaintiff-Appellant, v. Sylvia Mathews BURWELL, Secretary, Department of Health and Human Services, Marilyn Tavenner, Administrator, Centers for Medicare and Medicaid Services, Robert G. Eaton, Chairman, Medicare Geographic Classification Review Board, Defendants-Appellees",3032636,Published,812 F.3d 257,ca2,available,https://storage.courtlistener.com/pdf/2016/02/04/lawrence__memorial_hospital_v._burwell_1.pdf,,,1,"RAKOFF, District Judge: Under the Medicare Act, a hospital’s classification as “rural” or “urban” may affect the amount of reimbursement that the hospital receives for providing medical services, as well as the hospital’s access to certain medical programs. But a hospital can reasonably be viewed as “rural” in some respects {e.g., it is situated in a rural area"," to address the situation of hospitals that, like Lawrence, have maintained the benefits of rural and RRC status in the MGCRB process and been granted MGCRB reclassification, but wish to retain their RRC status after MGCRB reclassification. This Court, however, is not bound by the Secretary’s interpretation of the legislative history, and does not read it remotely as the Secretary does. 8 See Lamie v. U.S. Trustee, 540 U.S. 526, 534 (2004) (“when the statute’s language is plain, the sole function of the courts—at least where the disposition required by the text is not absurd—is to enforce it according to its terms.”) (internal quotation marks omitted). 16 1 and urban for others, but there is nothing “absurd” about such a measured approach. “[A]n 2 agency may not rewrite clear statutory terms to suit its own sense of how the statute should 3 operate.” Util. Air Regulatory Grp. v. E.P.A., 134 S. Ct. 2427, 2446 (2014). 4 Since we find the statutory language to be plain and unambiguous, and at odds with the 5 Secretary’s reclassification rule, 42 C.F.R. § 412.230(a)(5)(iii), we have no need to engage in 6 Step Two of the Chevron inquiry, or to reach the question of whether the agency’s regulation 7 violates the Administrative Procedure Act. The regulation is hereby declared invalid, the 8 decision of the district court is reversed, and the case is remanded to the district court so that it 9 may impose appropriate remedies consistent with this opinion. 17",citation-anchor-without-directional-language,high,1,ca2|2016-02-04|docket:docket15164cv
courtlistener-environmental-scotus-citation-events,utility-air-regulatory-group-v-epa-2014:3176266,https://www.courtlistener.com/opinion/3176284/synopsys-inc-v-mentor-graphics-corporation/,lower-court-doctrinal-uptake,United States federal courts,573 U.S. 302 (2014),2014-06-23,Supreme Court of the United States,Utility Air Regulatory Group v. EPA,merits statutory judicial-review decision,2016-02-10,Court of Appeals for the Federal Circuit,cited_context_only,2016-02-10,unclear,unclear,,,,,,,,,,,,"2014-1516, 2014-1530",,,,,,"published CourtListener citation-linked U.S. federal circuit and district opinion documents filed in the fixed 730-day post-decision window, after documented provider-cluster deduplication",1,"Citation-linked doctrinal-treatment event. A zero-citation circuit is no observed event, not ignored precedent or noncompliance. The treatment value is an automated candidate flag pending expert legal review. CourtListener's published-opinion coverage is not an all-case opportunity denominator.",utility-air-regulatory-group-v-epa-2014,573 U.S. 302 (2014),2014-06-24,2016-06-22,3176284,3176284,3176266,combined-opinion,cafc,Fed. Cir.,"Synopsys, Inc. v. Mentor Graphics Corporation","SYNOPSYS, INC., Appellant v. MENTOR GRAPHICS CORPORATION, Cross-Appellant Michelle K. Lee, Director, U.S. Patent and Trademark Office, Intervenor",3035124,Published,814 F.3d 1309; 117 U.S.P.Q. 2d (BNA) 1753; 2016 U.S. App. LEXIS 2250; 2016 WL 520236,cafc,available,https://storage.courtlistener.com/pdf/2016/02/10/synopsys_inc._v._mentor_graphics_corporation.pdf,,,1,"United States Court of Appeals for the Federal Circuit ______________________ SYNOPSYS, INC., Appellant v. MENTOR GRAPHICS CORPORATION, Cross-Appellant v. MICHELLE K. LEE, DIRECTOR, U.S. PATENT AND TRADEMARK OFFICE, Intervenor ______________________ 2014-1516, 2014-1530 ___________________","proceedings must be decided. In order to ensure a fair and efficient process to resolve reviews in a timely fashion, the Office uses partial institution as one tool to manage effective- ly AIA reviews. The Office is cognizant of the ramifications of partial institution where the grounds are in different statutory classes, or when a reference may be overcome by swearing behind it, and strives to strike an appropriate balance be- tween what can be accomplished during the finite time frame for a trial and fairness to the parties in fully vetting patentability issues on challenged claims. The Office will continue to assess whether such balance is appropriately struck. SYNOPSYS, INC. v. MENTOR GRAPHICS CORPORATION 13 80 Fed. Reg. 50739 (Aug. 20, 2015). Agency convenience is not grounds for negation of a statutory obligation. See Utility Air Regulatory Grp. v. Environmental Protection Agency, 134 S. Ct. 2427, 2446 (2014) (“[A]n agency may not rewrite clear statutory terms to suit its own sense of how the statute should operate.”). Nonetheless, the PTO continues to adhere to Rule 42.108(a), although it is apparent that the Rule conflicts with the statute, and that “[n]othing in the language of the statute states or suggests that the word ‘shall’ does not mean exactly what it says.” Gutierrez de Martinez v. Lamagno, 515 U.S. 417, 434 n. 9 (1995). The criticized Rule was here applied to the ’376 patent of Mentor Graphics, presented for inter partes review by Synopsys’ petition challenging claims 1–15 and 20–33. Review was instituted on claims 1-9, 11, 28, and 29, the selection apparently made by the PTAB. The PTAB conducted a trial, and issued a decision on the selected claims. The PTAB ruled that claims 5, 8, and 9 were unpatentable, and that claims 1–4, 6, 7, 11, 28, and 29 were patentable. ",citation-anchor-without-directional-language,high,1,cafc|2016-02-10|docket:2014151620141530
courtlistener-environmental-scotus-citation-events,utility-air-regulatory-group-v-epa-2014:3179590,https://www.courtlistener.com/opinion/3179608/oregon-restaurant-and-lodging-v-thomas-perez/,lower-court-doctrinal-uptake,United States federal courts,573 U.S. 302 (2014),2014-06-23,Supreme Court of the United States,Utility Air Regulatory Group v. EPA,merits statutory judicial-review decision,2016-02-23,Court of Appeals for the Ninth Circuit,cited_context_only,2016-02-23,unclear,unclear,,,,,,,,,,,,"13-35765, 14-15243",,,,,,"published CourtListener citation-linked U.S. federal circuit and district opinion documents filed in the fixed 730-day post-decision window, after documented provider-cluster deduplication",1,"Citation-linked doctrinal-treatment event. A zero-citation circuit is no observed event, not ignored precedent or noncompliance. The treatment value is an automated candidate flag pending expert legal review. CourtListener's published-opinion coverage is not an all-case opportunity denominator.",utility-air-regulatory-group-v-epa-2014,573 U.S. 302 (2014),2014-06-24,2016-06-22,3179608,3179608,3179590,combined-opinion,ca9,9th Cir.,Oregon Restaurant and Lodging v. Thomas Perez,"OREGON RESTAURANT AND LODGING ASSOCIATION, a Non-Profit Oregon Corporation; Washington Restaurant Association, a Nonprofit Washington Corporation; Alaska Cabaret, Hotel, Restaurant & Retailers Association, a Non-Profit Alaska Corporation; National Restaurant Association, a Nonprofit Illinois Corporation; Davis Street Tavern LLC, an Oregon Limited Liability Company; Susan Ponton, an Individual, Plaintiffs-Appellees, v. Thomas PEREZ, in His Official Capacity as Secretary of the U.S. Department of Labor; Laura Fortman, in Her Official Capacity as Deputy Administrator of the U.S. Department of Labor; U.S. Department of Labor, Defendants-Appellants; Joseph Cesarz; Quy Ngoc Tang, Individually and on Behalf of All Others Similarly Situated, and All Persons Whose Names Are Set Forth in Exhibit a to the First Amended Complaint, Plaintiffs-Appellants, v. Wynn Las Vegas, LLC; Andrew Pascal; Steve Wynn, Defendants-Appellees",3038458,Published,816 F.3d 1080; 2016 WL 706678,ca9,available,https://storage.courtlistener.com/pdf/2016/02/23/oregon_restaurant_and_lodging_v._thomas_perez.pdf,,,1,"FOR PUBLICATION UNITED STATES COURT OF APPEALS FOR THE NINTH CIRCUIT OREGON RESTAURANT AND No. 13-35765 LODGING ASSOCIATION, a non-profit Oregon corporation; WASHINGTON D.C. No. RESTAURANT ASSOCIATION, a non- 3:12-cv-01261- profit Washington corporation; MO ALASKA CABARET, HOTEL, RESTAURANT & RETAILERS ASSOCIATION, a non-profit Alaska corporation; NATIONAL RESTAURANT ASSOCIATION, a non- profit Illinois","s no contrived ambiguity to address in section 203(m). Contrary to the majority opinion, Christensen has no validity here. Maj. Op. at 15; see Christensen v. Harris Cty., 529 U.S. 576, 588 (2000).4 Even if Christensen were relevant, the majority’s interpretation of Christensen turns Chevron on its head. Instead of requiring that administrative rulemaking be rooted in a congressional delegation of authority, the majority claims that, where a statute is “silent,” administrative regulation is not prohibited. In other words, the majority suggests an agency may regulate wherever that statute does not forbid it to regulate. This suggestion has no validity. The Supreme Court has made clear that it is only in the ambiguous “interstices” within the statute where silence warrants administrative interpretation, not the vast void of silence on either side of it. Util. Air Regulatory Grp. v. E.P.A., 134 S. Ct. 2427, 2445 (2014) (“Agencies exercise discretion only in the interstices created by statutory silence or ambiguity 4 The majority states “the dissent overlook[s] the part of Christensen that discussed Chevron deference and Judge Souter’s concurrence.” Maj. Op. at 17. Again, the majority is wrong. In Christensen, the Supreme Court allowed the DOL to enact further regulation over compensatory time, because the DOL had been given the express authority to do so. Christensen, 529 U.S. at 580–81. However, under section 203(m), the DOL has only been given authority to regulate the tips of employers who take a tip credit. The DOL has not been given authority to regulate the tips of employers who pay their employees a minimum wage and do not take a tip credit. Therefore, unlike Christensen, there was no statutory silence permitting the DOL further regulation of this issue. OREGON REST. & LODGING ASS’",citation-anchor-without-directional-language,high,1,ca9|2016-02-23|docket:13357651415243
courtlistener-environmental-scotus-citation-events,utility-air-regulatory-group-v-epa-2014:9821730,https://www.courtlistener.com/opinion/3179608/oregon-restaurant-and-lodging-v-thomas-perez/,lower-court-doctrinal-uptake,United States federal courts,573 U.S. 302 (2014),2014-06-23,Supreme Court of the United States,Utility Air Regulatory Group v. EPA,merits statutory judicial-review decision,2016-02-23,Court of Appeals for the Ninth Circuit,unclear,2016-02-23,unclear,unclear,,,,,,,,,,,,"13-35765, 14-15243",,,,,,"published CourtListener citation-linked U.S. federal circuit and district opinion documents filed in the fixed 730-day post-decision window, after documented provider-cluster deduplication",1,"Citation-linked doctrinal-treatment event. A zero-citation circuit is no observed event, not ignored precedent or noncompliance. The treatment value is an automated candidate flag pending expert legal review. CourtListener's published-opinion coverage is not an all-case opportunity denominator.",utility-air-regulatory-group-v-epa-2014,573 U.S. 302 (2014),2014-06-24,2016-06-22,3179608,3179608,9821730,dissent,ca9,9th Cir.,Oregon Restaurant and Lodging v. Thomas Perez,"OREGON RESTAURANT AND LODGING ASSOCIATION, a Non-Profit Oregon Corporation; Washington Restaurant Association, a Nonprofit Washington Corporation; Alaska Cabaret, Hotel, Restaurant & Retailers Association, a Non-Profit Alaska Corporation; National Restaurant Association, a Nonprofit Illinois Corporation; Davis Street Tavern LLC, an Oregon Limited Liability Company; Susan Ponton, an Individual, Plaintiffs-Appellees, v. Thomas PEREZ, in His Official Capacity as Secretary of the U.S. Department of Labor; Laura Fortman, in Her Official Capacity as Deputy Administrator of the U.S. Department of Labor; U.S. Department of Labor, Defendants-Appellants; Joseph Cesarz; Quy Ngoc Tang, Individually and on Behalf of All Others Similarly Situated, and All Persons Whose Names Are Set Forth in Exhibit a to the First Amended Complaint, Plaintiffs-Appellants, v. Wynn Las Vegas, LLC; Andrew Pascal; Steve Wynn, Defendants-Appellees",3038458,Published,816 F.3d 1080; 2016 WL 706678,ca9,unavailable,,no_document_url_in_search_result,,1,"*1091N.R. SMITH, Circuit Judge, dissenting: Colleagues, even if you don’t like circuit precedent, you must follow it. Afterwards, you call the case en banc. You cannot create your own contrary precedent.1 This case is nothing more than Cumbie II. Because the majority ignores our precedent in",,public-full-text-unavailable,low,1,ca9|2016-02-23|docket:13357651415243
courtlistener-environmental-scotus-citation-events,utility-air-regulatory-group-v-epa-2014:3182832,https://www.courtlistener.com/opinion/3182850/united-states-v-burkholder/,lower-court-doctrinal-uptake,United States federal courts,573 U.S. 302 (2014),2014-06-23,Supreme Court of the United States,Utility Air Regulatory Group v. EPA,merits statutory judicial-review decision,2016-03-04,Court of Appeals for the Tenth Circuit,cited_context_only,2016-03-04,unclear,unclear,,,,,,,,,,,,13-8094,,,,,,"published CourtListener citation-linked U.S. federal circuit and district opinion documents filed in the fixed 730-day post-decision window, after documented provider-cluster deduplication",1,"Citation-linked doctrinal-treatment event. A zero-citation circuit is no observed event, not ignored precedent or noncompliance. The treatment value is an automated candidate flag pending expert legal review. CourtListener's published-opinion coverage is not an all-case opportunity denominator.",utility-air-regulatory-group-v-epa-2014,573 U.S. 302 (2014),2014-06-24,2016-06-22,3182850,3182850,3182832,combined-opinion,ca10,10th Cir.,United States v. Burkholder,"UNITED STATES of America, Plaintiff-Appellee, v. Jerry Lee BURKHOLDER, Defendant-Appellant",3041720,Published,816 F.3d 607; 2016 U.S. App. LEXIS 4118; 2016 WL 851830,ca10,available,https://storage.courtlistener.com/pdf/2016/03/04/united_states_v._burkholder.pdf,,,1,"FILED United States Court of Appeals Tenth Circuit March 4, 2016 PUBLISH Elisabeth A. Shumaker Clerk of Court","nds on context.’” In re Woods, 743 F.3d at 694 (emphasis added) (quoting United States v. Villa, 589 F.3d 1334, 1343 (10th Cir. 2009)); see Antonin Scalia & Bryan A. Garner, Reading Law: The Interpretation of Legal Texts 33 (2012) (“This critical word context embraces not just textual purpose but also (1) a word’s historical associations acquired from recurrent patterns of past usage, and (2) a word’s immediate syntactic setting—that is, the words that surround it in a specific utterance.”). Contrary to the Dissent’s view that “only ambiguity” compels us to look to statutory context, Dissent at 8, “[t]he plainness or ambiguity of statutory language is determined by reference to the language itself, the specific context in which that language is used, and the broader context of the statute as a whole.” Robinson, 519 U.S. at 341; accord Util. Air Regulatory Grp. v. E.P.A., --- U.S. --- -, 134 S. Ct. 2427, 2442 (2014); Cullen v. Pinholster, 563 U.S. 170, 182 (2011); David v. Sirius Computer Solutions, Inc., 779 F.3d 1209, 1211 (10th Cir. 2015). Furthermore, because we are narrowly focused on the statutory language and its context, we believe that our inquiry is more apt to properly discern Congress’s intent than the Dissent’s, which relies on largely extratextual sources. See Scalia & Garner, supra, at 3 (“In an age when democratically prescribed texts (such as statutes, ordinances and regulations) are the rule, the judge’s principal function is to give those texts their fair meaning”); id. at 33 (“This critical word context embraces not just textual purpose but also (1) a word’s historical associations acquired from recurrent patterns of past usage, and (2) a word’s immediate syntactic setting—that is, the words that surround it in a specific utterance.”). 14 cursory survey of federal c",citation-anchor-without-directional-language,high,1,ca10|2016-03-04|docket:138094
courtlistener-environmental-scotus-citation-events,utility-air-regulatory-group-v-epa-2014:3182782,https://www.courtlistener.com/opinion/3182800/sierra-club-de-puerto-rico-v-environmental-protection-agency/,lower-court-doctrinal-uptake,United States federal courts,573 U.S. 302 (2014),2014-06-23,Supreme Court of the United States,Utility Air Regulatory Group v. EPA,merits statutory judicial-review decision,2016-03-04,Court of Appeals for the D.C. Circuit,cited_context_only,2016-03-04,unclear,unclear,,,,,,,,,,,,14-1138,,,,,,"published CourtListener citation-linked U.S. federal circuit and district opinion documents filed in the fixed 730-day post-decision window, after documented provider-cluster deduplication",1,"Citation-linked doctrinal-treatment event. A zero-citation circuit is no observed event, not ignored precedent or noncompliance. The treatment value is an automated candidate flag pending expert legal review. CourtListener's published-opinion coverage is not an all-case opportunity denominator.",utility-air-regulatory-group-v-epa-2014,573 U.S. 302 (2014),2014-06-24,2016-06-22,3182800,3182800,3182782,combined-opinion,cadc,D.C. Cir.,Sierra Club De Puerto Rico v. Environmental Protection Agency,"SIERRA CLUB DE PUERTO RICO, Et Al., Petitioners v. ENVIRONMENTAL PROTECTION AGENCY and Gina McCarthy, Respondents. Energy Answers Arecibo, LLC, Intervenor",3041670,Published,421 U.S. App. D.C. 234; 815 F.3d 22; 46 Envtl. L. Rep. (Envtl. Law Inst.) 20055; 82 ERC (BNA) 1045; 2016 U.S. App. LEXIS 4092,cadc,available,https://storage.courtlistener.com/pdf/2016/03/04/sierra_club_de_puerto_rico_v._epa.pdf,,,1,"Opinion for the Court filed by Circuit Judge WILKINS. WILKINS, Circuit Judge: There is a lead problem in Arecibo, Puerto Rico, where Intervenor-Respon-dent, Energy Answers Arecibo LLC, seeks to build a waste incinerator. Energy An *23 swers obtained both federal and state","SR compliance measures. The crux of Petitioners’ claim is that lead is dangerous in very small amounts, and there is already too much of it in the air at the proposed incinerator site. Petitioners argue the regulatory scheme unreasonably creates a loophole for the incinerator, whose lead emissions will make the nonattainment problem worse. Unfortunately for Petitioners, their challenge comes too late. Accordingly, we dismiss Sierra Club’s petition as time-barred under 42 U.S.C. § 7607(b)(1). I. Under the CAA, the EPA must create National Ambient Air Quality Standards (“NAAQS”). 42 U.S.C. § 7409(a). NAAQS are standards that say the air can safely contain only so much of a particular pollutant. See Sierra Club v. Jackson, 648 F.3d 848, 851 (D.C. Cir. 2011). They exist for six pollutants, including the one at issue in our case: lead. Util. Air Regulatory Grp. v. Envtl. Prot. Agency (UARG), 134 S. Ct. 2427, 2435 (2014). EPA last revised the NAAQS for lead in 2008 and made them more stringent. As the agency recognizes, lead exerts “a broad array of deleterious effects on multiple organ systems.” National Ambient Air Quality Standards for Lead, 73 Fed. Reg. 66,964, 66,975 (Nov. 12, 2008). It gets into our 4 bloodstream and affects neurological development and function, reproduction and physical development, kidney function, cardiovascular function, and immune function. Id. Lead is especially bad for children. The Centers for Disease Control warns there is “no ‘safe’ threshold” for the amount of lead in the blood levels of young children. Id. at 66,972. In order to achieve and maintain the NAAQS, the CAA requires states to regulate new construction of stationary sources of pollution. They do so through the PSD and NNSR programs, according to which new sources must obtain either PSD or NNSR s […] a 60-day period for challenges to EPA regulations, with a renewed 60-day period available based on 9 the occurrence of after-arising grounds.” 3 Am. Rd. & Transp. Builders Ass’n v. Envtl. Prot. Agency (ARTBA II), 705 F.3d 453, 456 (D.C. Cir. 2013), cert. denied, 134 S. Ct. 985 (2014); accord 42 U.S.C. § 7607(b)(1). The question for us is what constitutes after-arising grounds, which the statute does not define. Sierra Club contends that the grounds for its challenge arose on May 19, 2014, when the EPA published notice of Energy Answers’ final permit. Its argument almost exclusively relies on Coalition for Responsible Regulation, Inc. v. Environmental Protection Agency (Coalition), where we explained that the “exception” for after-arising grounds “encompasses the occurrence of an event that ripens a claim.” 684 F.3d 102, 129 (D.C. Cir. 2012), rev’d in part on other grounds sub nom, UARG, 134 S. Ct. 2427. Under Sierra Club’s logic, its claim ripened when the EPA granted the PSD permit, and they timely filed for review within 60 days of the permit decision, on July 17, 2014. We disagree. Sierra Club exaggerates the parallels between Coalition and its own petition. The Coalition litigation arose after the EPA promulgated the “Tailpipe Rule,” which restricted greenhouse gas emissions from cars and light trucks. 684 F.3d at 115. By virtue of this rule, greenhouse gases became a pollutant regulated under the CAA, which triggered other parts of the statute, including 3 The relevant portion of the text reads: “Any petition for review under this subsection shall be filed within sixty days from the date notice of such promulgation, approval, or action appears in the Federal Register, except that if such petition is based solely on grounds arising after such sixtieth day, then any petition for re",citation-anchor-without-directional-language,high,1,cadc|2016-03-04|docket:141138
courtlistener-environmental-scotus-citation-events,utility-air-regulatory-group-v-epa-2014:3183186,https://www.courtlistener.com/opinion/3183204/cumberland-county-hospital-system-inc-v-burwell/,lower-court-doctrinal-uptake,United States federal courts,573 U.S. 302 (2014),2014-06-23,Supreme Court of the United States,Utility Air Regulatory Group v. EPA,merits statutory judicial-review decision,2016-03-07,Court of Appeals for the Fourth Circuit,cited_context_only,2016-03-07,unclear,unclear,,,,,,,,,,,,15-1393,,,,,,"published CourtListener citation-linked U.S. federal circuit and district opinion documents filed in the fixed 730-day post-decision window, after documented provider-cluster deduplication",1,"Citation-linked doctrinal-treatment event. A zero-citation circuit is no observed event, not ignored precedent or noncompliance. The treatment value is an automated candidate flag pending expert legal review. CourtListener's published-opinion coverage is not an all-case opportunity denominator.",utility-air-regulatory-group-v-epa-2014,573 U.S. 302 (2014),2014-06-24,2016-06-22,3183204,3183204,3183186,combined-opinion,ca4,4th Cir.,"Cumberland County Hospital System, Inc. v. Burwell","CUMBERLAND COUNTY HOSPITAL SYSTEM, INC., D/B/A Cape Fear Valley Health System, Plaintiff-Appellant, v. Sylvia Mathews BURWELL, in Her Official Capacity as Secretary of Health and Human Services, Defendant-Appellee. Fund for Access to Inpatient Rehabilitation, Amicus Supporting Appellant",3042084,Published,816 F.3d 48; 2016 WL 860334,ca4,available,https://storage.courtlistener.com/pdf/2016/03/07/cumberland_county_hospital_v._sylvia_burwell.pdf,,,1,"• Affirmed by published opinion. Judge NIEMEYER wrote the opinion, in which Chief Judge TRAXLER and Judge WILKINSON joined. NIEMEYER, Circuit Judge: Cumberland County - Hospital .System, Inc.,, d/b/a Cape Fear Valley Health System (“Cape Fear Health System” or “the Hospital System”), commenced this action to obtain a writ of mandamus compelling the Secretar","a hearing for purposes of the party’s right to such a review. Id. § 1395ff(d)(3)(A). Consequently, instead of creating a right to go to court to enforce the 90-day deadline, Congress specifically gave the healthcare provider a choice of either waiting for the ALJ hearing beyond the 90-day deadline or continuing within the administrative process by escalation to 16 the next level of review. The Hospital System’s argument focuses on only the provision creating the 90-day time frame and fails to account for its context in the comprehensive administrative process. Our reading of the statute cannot be so restricted. See King v. Burwell, 135 S. Ct. 2480, 2492 (2015) (noting that it is a “fundamental canon of statutory construction that the words of a statute must be read in their context and with a view to their place in the overall statutory scheme” (quoting Util. Air Regulatory Grp. v. EPA, 134 S. Ct. 2427, 2441 (2014) (internal quotation marks omitted))); FDA v. Brown & Williamson Tobacco Corp., 529 U.S. 120, 132 (2000) (noting that “a reviewing court should not confine itself to examining a particular statutory provision in isolation”). Thus, when taken in context, § 1395ff(d) must be understood to provide a 90-day deadline for an ALJ’s decision, thereby encouraging the process to proceed expeditiously, and to give the healthcare provider two options if the deadline is not met: bypassing the ALJ hearing and obtaining review by the Departmental Appeals Board, or waiting beyond the 90-day period for the ALJ to conduct a hearing and render a decision. In giving the healthcare provider these options, Congress anticipated that the 90-day deadline might not be met and provided its chosen remedy. But Congress clearly did not authorize healthcare providers to go to court at this stage of 17 the",citation-anchor-without-directional-language,high,1,ca4|2016-03-07|docket:151393
courtlistener-environmental-scotus-citation-events,utility-air-regulatory-group-v-epa-2014:3210344,https://www.courtlistener.com/opinion/3210450/nucor-steel-arkansas-v-big-river-steel-llc/,lower-court-doctrinal-uptake,United States federal courts,573 U.S. 302 (2014),2014-06-23,Supreme Court of the United States,Utility Air Regulatory Group v. EPA,merits statutory judicial-review decision,2016-06-08,Court of Appeals for the Eighth Circuit,cited_context_only,2016-06-08,unclear,unclear,,,,,,,,,,,,15-1615,,,,,,"published CourtListener citation-linked U.S. federal circuit and district opinion documents filed in the fixed 730-day post-decision window, after documented provider-cluster deduplication",1,"Citation-linked doctrinal-treatment event. A zero-citation circuit is no observed event, not ignored precedent or noncompliance. The treatment value is an automated candidate flag pending expert legal review. CourtListener's published-opinion coverage is not an all-case opportunity denominator.",utility-air-regulatory-group-v-epa-2014,573 U.S. 302 (2014),2014-06-24,2016-06-22,3210450,3210450,3210344,combined-opinion,ca8,8th Cir.,"Nucor Steel-Arkansas v. Big River Steel, LLC","NUCOR STEEL-ARKANSAS; Nucor-Yamato Steel Company, Plaintiffs-Appellants v. BIG RIVER STEEL, LLC, Defendant-Appellee",3071043,Published,825 F.3d 444; 46 Envtl. L. Rep. (Envtl. Law Inst.) 20109; 82 ERC (BNA) 1735; 2016 U.S. App. LEXIS 10342; 2016 WL 3184491,ca8,available,https://storage.courtlistener.com/pdf/2016/06/08/nucor_steel_-_arkansas_v._big_river_steel.pdf,,,1,"GRUENDER, Circuit Judge. Nucor Steel-Akansas and Nucor Yama-to Steel Company (collectively, “Nucor”) are sister entities that operate two steel mills near Blytheville in Mississippi County, Arkansas. Big River Steel (“Big River”), a Nucor competitor, has received a *447 permit from the Arkansas Depa","tal Protection Agency (“EPA”) administrator to promulgate national ambient air quality standards (“NAAQS”), and each state develops its own state implementation plan (“SIP”) to enforce the NAAQS within the state. Id. In 1977, Congress amended the CAA to add the Prevention of Significant Deterioration (“PSD”) program. The PSD program created preconstruction requirements for major emitting facilities that obligate them to obtain a permit “setting forth emission limitations” for the facility prior to its construction. 42 U.S.C. § 7475(a)(1). “To qualify for a permit, the facility must not cause or contribute to the violation of any applicable air-quality standard, § 7475(a)(3), and it must comply with emissions limitations that reflect the ‘best available control technology’ (or BACT) for ‘each pollutant subject to regulation under’ the Act.” Util. Air Regulatory Grp. v. EPA, 573 U.S. ---, 134 S. Ct. 2427, 2435 (2014) (quoting 42 U.S.C. § 7475(a)(4)). Under the CAA’s cooperative approach, states issue the preconstruction permits in accordance with their SIPs and federal minimum standards. Sierra Club v. Otter Tail Power Co., 615 F.3d 1008, 1011-12 (8th Cir. 2010). 1 The Honorable J. Leon Holmes, United States District Judge for the Eastern District of Arkansas. -2- In 1990, Congress added another permit requirement to the CAA’s regulatory scheme, the Title V permit. Id. at 1012 (citing 42 U.S.C. § 7661a(a)). These permits generally do not impose any new emission limits but purport to incorporate into a single document all of the CAA requirements governing a facility. Id. Like the pre- construction permits, states issue the Title V permits to qualifying facilities. Id. (citing 42 U.S.C. § 7661d). Arkansas has delegated its authority to issue pre- construction PSD permits and Title V opera",citation-anchor-without-directional-language,high,1,ca8|2016-06-08|docket:151615
courtlistener-environmental-scotus-citation-events,utility-air-regulatory-group-v-epa-2014:3212871,https://www.courtlistener.com/opinion/3212977/united-states-telecom-assn-v-federal-communications-commission/,lower-court-doctrinal-uptake,United States federal courts,573 U.S. 302 (2014),2014-06-23,Supreme Court of the United States,Utility Air Regulatory Group v. EPA,merits statutory judicial-review decision,2016-06-14,Court of Appeals for the D.C. Circuit,cited_context_only,2016-06-14,unclear,unclear,,,,,,,,,,,,"15-1063; 15-1078, 15-1086, 15-1090, 15-1091, 15-1092, 15-1095, 15-1099, 15-1117, 15-1128, 15-1151, 15-1164",,,,,,"published CourtListener citation-linked U.S. federal circuit and district opinion documents filed in the fixed 730-day post-decision window, after documented provider-cluster deduplication",1,"Citation-linked doctrinal-treatment event. A zero-citation circuit is no observed event, not ignored precedent or noncompliance. The treatment value is an automated candidate flag pending expert legal review. CourtListener's published-opinion coverage is not an all-case opportunity denominator.",utility-air-regulatory-group-v-epa-2014,573 U.S. 302 (2014),2014-06-24,2016-06-22,3212977,3212977,3212871,combined-opinion,cadc,D.C. Cir.,United States Telecom Ass'n v. Federal Communications Commission,"UNITED STATES TELECOM ASSOCIATION, Et Al., Petitioners v. FEDERAL COMMUNICATIONS COMMISSION and United States of America, Respondents Independent Telephone & Telecommunications Alliance, Et Al., Intervenors",3078154,Published,423 U.S. App. D.C. 183; 825 F.3d 674; 64 Communications Reg. (P&F) 1663; 2016 WL 3251234; 2016 U.S. App. LEXIS 10716,cadc,available,https://storage.courtlistener.com/pdf/2016/06/14/united_states_telecom_assoc._v._fcc.pdf,,,1,"United States Court of Appeals FOR THE DISTRICT OF COLUMBIA CIRCUIT Argued December 4, 2015 Decided June 14, 2016 No. 15-1063 UNITED STATES TELECOM ASSOCIATION, ET AL., PETITIONERS v. FEDERAL COMMUNICATIONS COMMISSION AND UNITED STATES OF AMERICA, RESPONDENTS INDEPENDENT TELEPHONE & TELECOMMUNICATIONS ALLIANCE, ET AL.,","stified treating third-party DNS and caching services differently on the ground that when such services are “provided on a stand-alone basis by entities other than the provider of Internet access service[,] . . . there would be no telecommunications service to which [the services are] adjunct.” 2015 Open Internet Order, 30 FCC Rcd. at 5769 ¶ 370 n.1046. Again, US Telecom has given us no basis for questioning the reasonableness of this conclusion. Once a carrier uses a service that would ordinarily be an information service—such as DNS or caching—to manage a telecommunications service, that service no longer qualifies as an information service under the Communications Act. The same service, though, when unconnected to a telecommunications service, remains an information service. 41 Intervenor TechFreedom makes one additional Chevron step two argument. It contends that this case resembles Utility Air Regulatory Group v. EPA, in which the Supreme Court reviewed EPA regulations applying certain statutory programs governing air pollution to greenhouse gases. 134 S. Ct. 2427, 2437 (2014). EPA had “tailored” the programs to greenhouse gases by using different numerical thresholds for triggering application of the programs than those listed in the statute because using “the statutory thresholds would [have] radically expand[ed] those programs.” Id. at 2437–38. Rejecting this approach, the Supreme Court held that because the statute’s numerical thresholds were “unambiguous,” EPA had no “authority to ‘tailor’ [them] to accommodate its greenhouse-gas-inclusive interpretation of the permitting triggers.” Id. at 2446. “[T]he need to rewrite clear provisions of the statute,” the Court declared, “should have alerted EPA that it had taken a wrong interpretive turn.” Id. According to TechFreedom, the Commission’s need to […] ovider of Internet access service[,] . . . there would be no telecommunications service to which [the services are] adjunct.” 2015 Open Internet Order, 30 FCC Rcd. at 5769 ¶ 370 n.1046. Again, US Telecom has given us no basis for questioning the reasonableness of this conclusion. Once a carrier uses a service that would ordinarily be an information service—such as DNS or caching—to manage a telecommunications service, that service no longer qualifies as an information service under the Communications Act. The same service, though, when unconnected to a telecommunications service, remains an information service. 41 Intervenor TechFreedom makes one additional Chevron step two argument. It contends that this case resembles Utility Air Regulatory Group v. EPA, in which the Supreme Court reviewed EPA regulations applying certain statutory programs governing air pollution to greenhouse gases. 134 S. Ct. 2427, 2437 (2014). EPA had “tailored” the programs to greenhouse gases by using different numerical thresholds for triggering application of the programs than those listed in the statute because using “the statutory thresholds would [have] radically expand[ed] those programs.” Id. at 2437–38. Rejecting this approach, the Supreme Court held that because the statute’s numerical thresholds were “unambiguous,” EPA had no “authority to ‘tailor’ [them] to accommodate its greenhouse-gas-inclusive interpretation of the permitting triggers.” Id. at 2446. “[T]he need to rewrite clear provisions of the statute,” the Court declared, “should have alerted EPA that it had taken a wrong interpretive turn.” Id. According to TechFreedom, the Commission’s need to extensively forbear from Title II similarly reveals the “incoherence” of its decision. TechFreedom Intervenor Br. 21. This case is nothing like Utili […] ed basis.” 47 U.S.C. § 251(c)(3); cf. Order ¶ 417 (referring to such access as “last-mile unbundling”). Full Service seeks such access to broadband providers’ facilities (governed by the procedures set out in § 252 for negotiating these agreements), asserting that such access is necessary to its ability to compete in local markets for broadband internet. FSN Br. 13; see U.S. Telecom Ass’n v. FCC, 359 F.3d 554, 561 (D.C. Cir. 2004) (“The [1996 Act] sought to foster a competitive market in telecommunications. To enable new firms to enter the field despite the advantages of the incumbent local exchange carriers (“ILECS”), the Act gave the Federal Communications Commission broad powers to require ILECs to make ‘network elements’ available to other telecommunications carriers.”). As we shall see, the Commission’s reasoning in the Order resembles that of the Environmental Protection Agency in Utility Air Regulatory Group v. EPA, 134 S. Ct. 2427 (2014) (“UARG”). There the Agency interpreted certain permitting requirements under the Clean Air Act to apply to greenhouse gases, but acknowledged that applying the thresholds that Congress specified in the relevant sections would regulate too 62 many firms and create unacceptable costs. The agency therefore relied on its power to interpret ambiguous statutory terms to “tailor” the requirements, increasing the permitting thresholds from 100 or 250 tons to 100,000 tons (i.e., three orders of magnitude). Id. at 2444-45. The Court held that the agency’s combined choice—construing an ambiguous statutory provision to apply while dramatically reducing its substantive application—was unreasonable. In so holding, it “reaffirm[ed] the core administrative-law principle that an agency may not rewrite clear statutory terms to suit its own sense of how the statute should operate.”",citation-anchor-without-directional-language,high,1,cadc|2016-06-14|docket:151063151078151086151090151091151092151095151099151117151128151151151164
courtlistener-environmental-scotus-citation-events,utility-air-regulatory-group-v-epa-2014:3213928,https://www.courtlistener.com/opinion/3214034/angelo-binno-v-the-american-bar-association/,lower-court-doctrinal-uptake,United States federal courts,573 U.S. 302 (2014),2014-06-23,Supreme Court of the United States,Utility Air Regulatory Group v. EPA,merits statutory judicial-review decision,2016-06-16,Court of Appeals for the Sixth Circuit,cited_context_only,2016-06-16,unclear,unclear,,,,,,,,,,,,12-2263,,,,,,"published CourtListener citation-linked U.S. federal circuit and district opinion documents filed in the fixed 730-day post-decision window, after documented provider-cluster deduplication",1,"Citation-linked doctrinal-treatment event. A zero-citation circuit is no observed event, not ignored precedent or noncompliance. The treatment value is an automated candidate flag pending expert legal review. CourtListener's published-opinion coverage is not an all-case opportunity denominator.",utility-air-regulatory-group-v-epa-2014,573 U.S. 302 (2014),2014-06-24,2016-06-22,3214034,3214034,3213928,combined-opinion,ca6,6th Cir.,Angelo Binno v. The American Bar Association,"Angelo BINNO, Plaintiff-Appellant, v. the AMERICAN BAR ASSOCIATION, Defendant-Appellee",3079245,Published,826 F.3d 338; 2016 FED App. 0140P; 2016 U.S. App. LEXIS 10887; 2016 WL 3349212,ca6,available,https://storage.courtlistener.com/pdf/2016/06/16/angelo_binno_v._the_american_bar_association.pdf,,,1,"RECOMMENDED FOR FULL-TEXT PUBLICATION Pursuant to Sixth Circuit I.O.P. 32.1(b) File Name: 16a0140p.06 UNITED STATES COURT OF APPEALS FOR THE SIXTH CIRCUIT _________________ ANGELO BINNO, ┐ Plaintiff-Appellant, │","ot be said to offer the LSAT because it does not make the examination available to test-takers, nor does it exert any control over the “place and manner” of the test’s administration. The district court found that because Binno had not pleaded facts to indicate that the ABA administered, developed, or controlled the format of the LSAT, he had failed to state a claim under Title III of the ADA. In interpreting a statute, we begin with its text. BedRoc Ltd. v. United States, 541 U.S. 176, 183 (2004) (“[O]ur inquiry begins with the statutory text, and ends there as well if the text is unambiguous.”). If a term in a statute is undefined, it is interpreted using its ordinary meaning. F.D.I.C. v. Meyer, 510 U.S. 471, 476 (1994). If a term is used multiple times in the same statute, we presume that it has the same meaning wherever it is used in the statute. Util. Air Regulatory Grp. v. E.P.A., 134 S. Ct. 2427, 2441 (2014) (“One ordinarily assumes that identical words used 5 Section 309 of Title III states: “Any [private entity] that offers examinations or courses related to applications, licensing, certification, or credentialing for secondary or post-secondary education, professional, or trade purposes shall offer such examinations or courses in a place and manner accessible to persons with disabilities or offer alternative accessible arrangements for such individuals.” 42 U.S.C. § 12189. No. 12-2263 Binno v. Am. Bar Ass’n Page 9 in different parts of the same act are intended to have the same meaning.”) (internal citation and quotation marksomitted)). “Analysis of the statutory text, aided by established principles of interpretation, controls.” POM Wonderful LLC v. Coca-Cola Co., 134 S. Ct. 2228, 2236 (2014). The term “offer” is not defined in Section 309, nor is it defined elsewhere in th",citation-anchor-without-directional-language,high,1,ca6|2016-06-16|docket:122263
