sourceKey,sourceRecordId,sourceUrl,sourceDatasetDoi,articleDoi,usReportsCitation,caseName,supremeCourtTerm,decisionDate,scdbDocketId,scotusCitation,lexisCitation,issueAreaCode,constitutionalIssue,criminalCase,articleMainModelEligible,summaryDecisionCount,citedCountThrough2016,followedCountThrough2016,otherAdverseTreatmentCountThrough2016,distinguishedCountThrough2016,adverseTreatmentCountThrough2016,citedOrFollowedCountThrough2016,citedOrAdverseCountThrough2016,directionalTreatmentCountThrough2016,followedShareAmongCitedOrFollowed,adverseShareAmongCitedOrAdverse,followedShareAmongDirectionalTreatments,responseWindow,measurementDenominator,coderNotes
masood-kassow-songer-2019-precedent-treatment,516 U.S. 10,https://doi.org/10.7910/DVN/DZZY7G,10.7910/DVN/DZZY7G,10.1086/703067,516 U.S. 10,"LEM DAVIS TUGGLE, JR. v. J. D. NETHERLAND, WARDEN",1995,1995-10-30,1995-002-01,116 S. Ct. 283,1995 U.S. LEXIS 7154,1,no,yes,yes,0,51,2,0,1,1,53,52,3,0.037735849,0.019230769,0.666666667,post-decision through 2016,"Aggregate Shepard's lower-court response categories attached to one formally argued U.S. Supreme Court precedent, covering the 12 regular federal circuits, their district courts, and state courts through 2016; Federal Circuit excluded","Automated reduction of the authors' public precedent-level replication file. The source aggregates Shepard's categories and does not expose individual lower-court opinions, non-citing or ignored exposed cases, treatment dates, remedy fidelity, or practical implementation. Use as bounded doctrinal-uptake context only, not as a practical-compliance rate or denominator-matched lowerCourtCompliance validation target."
masood-kassow-songer-2019-precedent-treatment,516 U.S. 16,https://doi.org/10.7910/DVN/DZZY7G,10.7910/DVN/DZZY7G,10.1086/703067,516 U.S. 16,CITIZENS BANK OF MARYLAND v. DAVID STRUMPF,1995,1995-10-31,1995-003-01,116 S. Ct. 286,1995 U.S. LEXIS 7408,8,no,no,yes,0,495,56,0,41,41,551,536,97,0.101633394,0.076492537,0.577319588,post-decision through 2016,"Aggregate Shepard's lower-court response categories attached to one formally argued U.S. Supreme Court precedent, covering the 12 regular federal circuits, their district courts, and state courts through 2016; Federal Circuit excluded","Automated reduction of the authors' public precedent-level replication file. The source aggregates Shepard's categories and does not expose individual lower-court opinions, non-citing or ignored exposed cases, treatment dates, remedy fidelity, or practical implementation. Use as bounded doctrinal-uptake context only, not as a practical-compliance rate or denominator-matched lowerCourtCompliance validation target."
masood-kassow-songer-2019-precedent-treatment,516 U.S. 22,https://doi.org/10.7910/DVN/DZZY7G,10.7910/DVN/DZZY7G,10.1086/703067,516 U.S. 22,LOUISIANA v. MISSISSIPPI et al.,1995,1995-10-31,1995-004-01,116 S. Ct. 290,1995 U.S. LEXIS 7407,11,no,no,no,0,4,1,0,0,0,5,4,1,0.200000000,0.000000000,1.000000000,post-decision through 2016,"Aggregate Shepard's lower-court response categories attached to one formally argued U.S. Supreme Court precedent, covering the 12 regular federal circuits, their district courts, and state courts through 2016; Federal Circuit excluded","Automated reduction of the authors' public precedent-level replication file. The source aggregates Shepard's categories and does not expose individual lower-court opinions, non-citing or ignored exposed cases, treatment dates, remedy fidelity, or practical implementation. Use as bounded doctrinal-uptake context only, not as a practical-compliance rate or denominator-matched lowerCourtCompliance validation target."
masood-kassow-songer-2019-precedent-treatment,516 U.S. 29,https://doi.org/10.7910/DVN/DZZY7G,10.7910/DVN/DZZY7G,10.1086/703067,516 U.S. 29,JOSEPH LIBRETTI v. UNITED STATES,1995,1995-11-07,1995-005-01,116 S. Ct. 356,1995 U.S. LEXIS 7552,1,no,yes,yes,0,419,45,0,8,8,464,427,53,0.096982759,0.018735363,0.849056604,post-decision through 2016,"Aggregate Shepard's lower-court response categories attached to one formally argued U.S. Supreme Court precedent, covering the 12 regular federal circuits, their district courts, and state courts through 2016; Federal Circuit excluded","Automated reduction of the authors' public precedent-level replication file. The source aggregates Shepard's categories and does not expose individual lower-court opinions, non-citing or ignored exposed cases, treatment dates, remedy fidelity, or practical implementation. Use as bounded doctrinal-uptake context only, not as a practical-compliance rate or denominator-matched lowerCourtCompliance validation target."
masood-kassow-songer-2019-precedent-treatment,516 U.S. 59,https://doi.org/10.7910/DVN/DZZY7G,10.7910/DVN/DZZY7G,10.1086/703067,516 U.S. 59,WILLIAM FIELD AND NORINNE FIELD v. PHILIP W. MANS,1995,1995-11-28,1995-006-01,116 S. Ct. 437,1995 U.S. LEXIS 8312,8,no,no,yes,0,1504,495,0,15,15,1999,1519,510,0.247623812,0.009874918,0.970588235,post-decision through 2016,"Aggregate Shepard's lower-court response categories attached to one formally argued U.S. Supreme Court precedent, covering the 12 regular federal circuits, their district courts, and state courts through 2016; Federal Circuit excluded","Automated reduction of the authors' public precedent-level replication file. The source aggregates Shepard's categories and does not expose individual lower-court opinions, non-citing or ignored exposed cases, treatment dates, remedy fidelity, or practical implementation. Use as bounded doctrinal-uptake context only, not as a practical-compliance rate or denominator-matched lowerCourtCompliance validation target."
masood-kassow-songer-2019-precedent-treatment,516 U.S. 85,https://doi.org/10.7910/DVN/DZZY7G,10.7910/DVN/DZZY7G,10.1086/703067,516 U.S. 85,"NATIONAL LABOR RELATIONS BOARD v. TOWN & COUNTRY ELECTRIC, INC., AND AMERISTAFF ",1995,1995-11-28,1995-007-01,116 S. Ct. 450,1995 U.S. LEXIS 8311,7,no,no,yes,0,71,11,0,4,4,82,75,15,0.134146341,0.053333333,0.733333333,post-decision through 2016,"Aggregate Shepard's lower-court response categories attached to one formally argued U.S. Supreme Court precedent, covering the 12 regular federal circuits, their district courts, and state courts through 2016; Federal Circuit excluded","Automated reduction of the authors' public precedent-level replication file. The source aggregates Shepard's categories and does not expose individual lower-court opinions, non-citing or ignored exposed cases, treatment dates, remedy fidelity, or practical implementation. Use as bounded doctrinal-uptake context only, not as a practical-compliance rate or denominator-matched lowerCourtCompliance validation target."
masood-kassow-songer-2019-precedent-treatment,516 U.S. 99,https://doi.org/10.7910/DVN/DZZY7G,10.7910/DVN/DZZY7G,10.1086/703067,516 U.S. 99,"CARL THOMPSON v. PATRICK KEOHANE, WARDEN, et al.",1995,1995-11-29,1995-008-01,116 S. Ct. 457,1995 U.S. LEXIS 8315,1,no,yes,yes,3,2158,473,3,13,16,2631,2174,489,0.179779552,0.007359706,0.967280164,post-decision through 2016,"Aggregate Shepard's lower-court response categories attached to one formally argued U.S. Supreme Court precedent, covering the 12 regular federal circuits, their district courts, and state courts through 2016; Federal Circuit excluded","Automated reduction of the authors' public precedent-level replication file. The source aggregates Shepard's categories and does not expose individual lower-court opinions, non-citing or ignored exposed cases, treatment dates, remedy fidelity, or practical implementation. Use as bounded doctrinal-uptake context only, not as a practical-compliance rate or denominator-matched lowerCourtCompliance validation target."
masood-kassow-songer-2019-precedent-treatment,516 U.S. 122,https://doi.org/10.7910/DVN/DZZY7G,10.7910/DVN/DZZY7G,10.1086/703067,516 U.S. 122,STATE OF LOUISIANA v. STATE OF MISSISSIPPI et al.,1995,1995-12-04,1995-009-01,116 S. Ct. 560,1995 U.S. LEXIS 8528,11,no,no,no,0,2,0,0,0,0,2,2,0,0.000000000,0.000000000,,post-decision through 2016,"Aggregate Shepard's lower-court response categories attached to one formally argued U.S. Supreme Court precedent, covering the 12 regular federal circuits, their district courts, and state courts through 2016; Federal Circuit excluded","Automated reduction of the authors' public precedent-level replication file. The source aggregates Shepard's categories and does not expose individual lower-court opinions, non-citing or ignored exposed cases, treatment dates, remedy fidelity, or practical implementation. Use as bounded doctrinal-uptake context only, not as a practical-compliance rate or denominator-matched lowerCourtCompliance validation target."
masood-kassow-songer-2019-precedent-treatment,516 U.S. 124,https://doi.org/10.7910/DVN/DZZY7G,10.7910/DVN/DZZY7G,10.1086/703067,516 U.S. 124,"THINGS REMEMBERED, INC. v. ANTHONY A. PETRARCA",1995,1995-12-05,1995-010-01,116 S. Ct. 494,1995 U.S. LEXIS 8531,9,no,no,yes,0,594,40,1,9,10,634,604,50,0.063091483,0.016556291,0.800000000,post-decision through 2016,"Aggregate Shepard's lower-court response categories attached to one formally argued U.S. Supreme Court precedent, covering the 12 regular federal circuits, their district courts, and state courts through 2016; Federal Circuit excluded","Automated reduction of the authors' public precedent-level replication file. The source aggregates Shepard's categories and does not expose individual lower-court opinions, non-citing or ignored exposed cases, treatment dates, remedy fidelity, or practical implementation. Use as bounded doctrinal-uptake context only, not as a practical-compliance rate or denominator-matched lowerCourtCompliance validation target."
masood-kassow-songer-2019-precedent-treatment,516 U.S. 137,https://doi.org/10.7910/DVN/DZZY7G,10.7910/DVN/DZZY7G,10.1086/703067,516 U.S. 137,ROLAND J. BAILEY v. UNITED STATES,1995,1995-12-06,1995-011-01,116 S. Ct. 501,1995 U.S. LEXIS 8536,1,no,yes,yes,40,3447,457,79,255,334,3904,3781,791,0.117059426,0.088336419,0.577749684,post-decision through 2016,"Aggregate Shepard's lower-court response categories attached to one formally argued U.S. Supreme Court precedent, covering the 12 regular federal circuits, their district courts, and state courts through 2016; Federal Circuit excluded","Automated reduction of the authors' public precedent-level replication file. The source aggregates Shepard's categories and does not expose individual lower-court opinions, non-citing or ignored exposed cases, treatment dates, remedy fidelity, or practical implementation. Use as bounded doctrinal-uptake context only, not as a practical-compliance rate or denominator-matched lowerCourtCompliance validation target."
masood-kassow-songer-2019-precedent-treatment,516 U.S. 152,https://doi.org/10.7910/DVN/DZZY7G,10.7910/DVN/DZZY7G,10.1086/703067,516 U.S. 152,"BROTHERHOOD OF LOCOMOTIVE ENGINEERS, et al. v. ATCHISON, TOPEKA AND SANTA FE RAI",1995,1996-01-08,1995-012-01,116 S. Ct. 595,1996 U.S. LEXIS 9,7,no,no,yes,0,33,1,0,0,0,34,33,1,0.029411765,0.000000000,1.000000000,post-decision through 2016,"Aggregate Shepard's lower-court response categories attached to one formally argued U.S. Supreme Court precedent, covering the 12 regular federal circuits, their district courts, and state courts through 2016; Federal Circuit excluded","Automated reduction of the authors' public precedent-level replication file. The source aggregates Shepard's categories and does not expose individual lower-court opinions, non-citing or ignored exposed cases, treatment dates, remedy fidelity, or practical implementation. Use as bounded doctrinal-uptake context only, not as a practical-compliance rate or denominator-matched lowerCourtCompliance validation target."
masood-kassow-songer-2019-precedent-treatment,516 U.S. 163,https://doi.org/10.7910/DVN/DZZY7G,10.7910/DVN/DZZY7G,10.1086/703067,516 U.S. 163,"ALEXIS LAWRENCE, GUARDIAN AND NEXT FRIEND ON BEHALF OF KEMMERLYN D. LAWRENCE, A ",1995,1996-01-08,1995-013-01,116 S. Ct. 604,1996 U.S. LEXIS 10,9,no,no,yes,1,68,4,0,5,5,72,73,9,0.055555556,0.068493151,0.444444444,post-decision through 2016,"Aggregate Shepard's lower-court response categories attached to one formally argued U.S. Supreme Court precedent, covering the 12 regular federal circuits, their district courts, and state courts through 2016; Federal Circuit excluded","Automated reduction of the authors' public precedent-level replication file. The source aggregates Shepard's categories and does not expose individual lower-court opinions, non-citing or ignored exposed cases, treatment dates, remedy fidelity, or practical implementation. Use as bounded doctrinal-uptake context only, not as a practical-compliance rate or denominator-matched lowerCourtCompliance validation target."
masood-kassow-songer-2019-precedent-treatment,516 U.S. 193,https://doi.org/10.7910/DVN/DZZY7G,10.7910/DVN/DZZY7G,10.1086/703067,516 U.S. 193,ANTHONY LEO STUTSON v. UNITED STATES,1995,1996-01-08,1995-014-01,116 S. Ct. 600,1996 U.S. LEXIS 384,9,no,no,yes,0,62,10,0,1,1,72,63,11,0.138888889,0.015873016,0.909090909,post-decision through 2016,"Aggregate Shepard's lower-court response categories attached to one formally argued U.S. Supreme Court precedent, covering the 12 regular federal circuits, their district courts, and state courts through 2016; Federal Circuit excluded","Automated reduction of the authors' public precedent-level replication file. The source aggregates Shepard's categories and does not expose individual lower-court opinions, non-citing or ignored exposed cases, treatment dates, remedy fidelity, or practical implementation. Use as bounded doctrinal-uptake context only, not as a practical-compliance rate or denominator-matched lowerCourtCompliance validation target."
masood-kassow-songer-2019-precedent-treatment,516 U.S. 199,https://doi.org/10.7910/DVN/DZZY7G,10.7910/DVN/DZZY7G,10.1086/703067,516 U.S. 199,"YAMAHA MOTOR CORPORATION, U. S. A., et al. v. LUCIEN B. CALHOUN, et al., INDIVID",1995,1996-01-09,1995-015-01,116 S. Ct. 619,1996 U.S. LEXIS 463,8,no,no,yes,0,371,60,2,33,35,431,406,95,0.139211137,0.086206897,0.631578947,post-decision through 2016,"Aggregate Shepard's lower-court response categories attached to one formally argued U.S. Supreme Court precedent, covering the 12 regular federal circuits, their district courts, and state courts through 2016; Federal Circuit excluded","Automated reduction of the authors' public precedent-level replication file. The source aggregates Shepard's categories and does not expose individual lower-court opinions, non-citing or ignored exposed cases, treatment dates, remedy fidelity, or practical implementation. Use as bounded doctrinal-uptake context only, not as a practical-compliance rate or denominator-matched lowerCourtCompliance validation target."
masood-kassow-songer-2019-precedent-treatment,516 U.S. 217,https://doi.org/10.7910/DVN/DZZY7G,10.7910/DVN/DZZY7G,10.1086/703067,516 U.S. 217,"MARJORIE ZICHERMAN, ETC., et al. v. KOREAN AIR LINES CO., LTD.",1995,1996-01-16,1995-016-01,116 S. Ct. 629,1996 U.S. LEXIS 469,8,no,no,yes,0,166,26,1,9,10,192,176,36,0.135416667,0.056818182,0.722222222,post-decision through 2016,"Aggregate Shepard's lower-court response categories attached to one formally argued U.S. Supreme Court precedent, covering the 12 regular federal circuits, their district courts, and state courts through 2016; Federal Circuit excluded","Automated reduction of the authors' public precedent-level replication file. The source aggregates Shepard's categories and does not expose individual lower-court opinions, non-citing or ignored exposed cases, treatment dates, remedy fidelity, or practical implementation. Use as bounded doctrinal-uptake context only, not as a practical-compliance rate or denominator-matched lowerCourtCompliance validation target."
masood-kassow-songer-2019-precedent-treatment,516 U.S. 233,https://doi.org/10.7910/DVN/DZZY7G,10.7910/DVN/DZZY7G,10.1086/703067,516 U.S. 233,"LOTUS DEVELOPMENT CORPORATION v. BORLAND INTERNATIONAL, INC.",1995,1996-01-16,1995-017-01,116 S. Ct. 804,1996 U.S. LEXIS 470,8,no,no,yes,0,36,1,0,0,0,37,36,1,0.027027027,0.000000000,1.000000000,post-decision through 2016,"Aggregate Shepard's lower-court response categories attached to one formally argued U.S. Supreme Court precedent, covering the 12 regular federal circuits, their district courts, and state courts through 2016; Federal Circuit excluded","Automated reduction of the authors' public precedent-level replication file. The source aggregates Shepard's categories and does not expose individual lower-court opinions, non-citing or ignored exposed cases, treatment dates, remedy fidelity, or practical implementation. Use as bounded doctrinal-uptake context only, not as a practical-compliance rate or denominator-matched lowerCourtCompliance validation target."
masood-kassow-songer-2019-precedent-treatment,516 U.S. 235,https://doi.org/10.7910/DVN/DZZY7G,10.7910/DVN/DZZY7G,10.1086/703067,516 U.S. 235,COMMISSIONER OF INTERNAL REVENUE v. ROBERT F. LUNDY,1995,1996-01-17,1995-018-01,116 S. Ct. 647,1996 U.S. LEXIS 694,12,no,no,yes,0,187,16,0,2,2,203,189,18,0.078817734,0.010582011,0.888888889,post-decision through 2016,"Aggregate Shepard's lower-court response categories attached to one formally argued U.S. Supreme Court precedent, covering the 12 regular federal circuits, their district courts, and state courts through 2016; Federal Circuit excluded","Automated reduction of the authors' public precedent-level replication file. The source aggregates Shepard's categories and does not expose individual lower-court opinions, non-citing or ignored exposed cases, treatment dates, remedy fidelity, or practical implementation. Use as bounded doctrinal-uptake context only, not as a practical-compliance rate or denominator-matched lowerCourtCompliance validation target."
masood-kassow-songer-2019-precedent-treatment,516 U.S. 264,https://doi.org/10.7910/DVN/DZZY7G,10.7910/DVN/DZZY7G,10.1086/703067,516 U.S. 264,"BANK ONE CHICAGO, N. A. v. MIDWEST BANK & TRUST COMPANY",1995,1996-01-17,1995-019-01,116 S. Ct. 637,1996 U.S. LEXIS 693,8,no,no,yes,0,65,4,0,2,2,69,67,6,0.057971014,0.029850746,0.666666667,post-decision through 2016,"Aggregate Shepard's lower-court response categories attached to one formally argued U.S. Supreme Court precedent, covering the 12 regular federal circuits, their district courts, and state courts through 2016; Federal Circuit excluded","Automated reduction of the authors' public precedent-level replication file. The source aggregates Shepard's categories and does not expose individual lower-court opinions, non-citing or ignored exposed cases, treatment dates, remedy fidelity, or practical implementation. Use as bounded doctrinal-uptake context only, not as a practical-compliance rate or denominator-matched lowerCourtCompliance validation target."
masood-kassow-songer-2019-precedent-treatment,516 U.S. 284,https://doi.org/10.7910/DVN/DZZY7G,10.7910/DVN/DZZY7G,10.1086/703067,516 U.S. 284,MEIRL GILBERT NEAL v. UNITED STATES,1995,1996-01-22,1995-020-01,116 S. Ct. 763,1996 U.S. LEXIS 705,1,no,yes,yes,0,154,19,1,4,5,173,159,24,0.109826590,0.031446541,0.791666667,post-decision through 2016,"Aggregate Shepard's lower-court response categories attached to one formally argued U.S. Supreme Court precedent, covering the 12 regular federal circuits, their district courts, and state courts through 2016; Federal Circuit excluded","Automated reduction of the authors' public precedent-level replication file. The source aggregates Shepard's categories and does not expose individual lower-court opinions, non-citing or ignored exposed cases, treatment dates, remedy fidelity, or practical implementation. Use as bounded doctrinal-uptake context only, not as a practical-compliance rate or denominator-matched lowerCourtCompliance validation target."
masood-kassow-songer-2019-precedent-treatment,516 U.S. 297,https://doi.org/10.7910/DVN/DZZY7G,10.7910/DVN/DZZY7G,10.1086/703067,516 U.S. 297,"ROBERT ATTWOOD v. HARRY K. SINGLETARY, JR., SECRETARY, FLORIDA DEPARTMENT OF COR",1995,1996-01-22,1995-021-01,116 S. Ct. 769,1996 U.S. LEXIS 704,2,no,no,yes,0,9,0,0,0,0,9,9,0,0.000000000,0.000000000,,post-decision through 2016,"Aggregate Shepard's lower-court response categories attached to one formally argued U.S. Supreme Court precedent, covering the 12 regular federal circuits, their district courts, and state courts through 2016; Federal Circuit excluded","Automated reduction of the authors' public precedent-level replication file. The source aggregates Shepard's categories and does not expose individual lower-court opinions, non-citing or ignored exposed cases, treatment dates, remedy fidelity, or practical implementation. Use as bounded doctrinal-uptake context only, not as a practical-compliance rate or denominator-matched lowerCourtCompliance validation target."
masood-kassow-songer-2019-precedent-treatment,516 U.S. 299,https://doi.org/10.7910/DVN/DZZY7G,10.7910/DVN/DZZY7G,10.1086/703067,516 U.S. 299,JOHN W. BEHRENS v. ROBERT J. PELLETIER,1995,1996-02-21,1995-022-01,116 S. Ct. 834,1996 U.S. LEXIS 1381,9,no,no,yes,0,1455,141,1,15,16,1596,1471,157,0.088345865,0.010876954,0.898089172,post-decision through 2016,"Aggregate Shepard's lower-court response categories attached to one formally argued U.S. Supreme Court precedent, covering the 12 regular federal circuits, their district courts, and state courts through 2016; Federal Circuit excluded","Automated reduction of the authors' public precedent-level replication file. The source aggregates Shepard's categories and does not expose individual lower-court opinions, non-citing or ignored exposed cases, treatment dates, remedy fidelity, or practical implementation. Use as bounded doctrinal-uptake context only, not as a practical-compliance rate or denominator-matched lowerCourtCompliance validation target."
masood-kassow-songer-2019-precedent-treatment,516 U.S. 325,https://doi.org/10.7910/DVN/DZZY7G,10.7910/DVN/DZZY7G,10.1086/703067,516 U.S. 325,"FULTON CORPORATION v. JANICE H. FAULKNER, SECRETARY OF REVENUE OF NORTH CAROLINA",1995,1996-02-21,1995-023-01,116 S. Ct. 848,1996 U.S. LEXIS 1379,8,yes,no,yes,1,108,31,0,14,14,139,122,45,0.223021583,0.114754098,0.688888889,post-decision through 2016,"Aggregate Shepard's lower-court response categories attached to one formally argued U.S. Supreme Court precedent, covering the 12 regular federal circuits, their district courts, and state courts through 2016; Federal Circuit excluded","Automated reduction of the authors' public precedent-level replication file. The source aggregates Shepard's categories and does not expose individual lower-court opinions, non-citing or ignored exposed cases, treatment dates, remedy fidelity, or practical implementation. Use as bounded doctrinal-uptake context only, not as a practical-compliance rate or denominator-matched lowerCourtCompliance validation target."
masood-kassow-songer-2019-precedent-treatment,516 U.S. 349,https://doi.org/10.7910/DVN/DZZY7G,10.7910/DVN/DZZY7G,10.1086/703067,516 U.S. 349,D. GRANT PEACOCK v. JACK L. THOMAS,1995,1996-02-21,1995-024-01,116 S. Ct. 862,1996 U.S. LEXIS 1378,8,no,no,yes,0,491,98,0,40,40,589,531,138,0.166383701,0.075329567,0.710144928,post-decision through 2016,"Aggregate Shepard's lower-court response categories attached to one formally argued U.S. Supreme Court precedent, covering the 12 regular federal circuits, their district courts, and state courts through 2016; Federal Circuit excluded","Automated reduction of the authors' public precedent-level replication file. The source aggregates Shepard's categories and does not expose individual lower-court opinions, non-citing or ignored exposed cases, treatment dates, remedy fidelity, or practical implementation. Use as bounded doctrinal-uptake context only, not as a practical-compliance rate or denominator-matched lowerCourtCompliance validation target."
masood-kassow-songer-2019-precedent-treatment,516 U.S. 363,https://doi.org/10.7910/DVN/DZZY7G,10.7910/DVN/DZZY7G,10.1086/703067,516 U.S. 363,SYLVESTER JONES v. ABC-TV et al.,1995,1996-02-26,1995-025-01,116 S. Ct. 870,1996 U.S. LEXIS 1386,2,no,no,yes,0,8,0,0,0,0,8,8,0,0.000000000,0.000000000,,post-decision through 2016,"Aggregate Shepard's lower-court response categories attached to one formally argued U.S. Supreme Court precedent, covering the 12 regular federal circuits, their district courts, and state courts through 2016; Federal Circuit excluded","Automated reduction of the authors' public precedent-level replication file. The source aggregates Shepard's categories and does not expose individual lower-court opinions, non-citing or ignored exposed cases, treatment dates, remedy fidelity, or practical implementation. Use as bounded doctrinal-uptake context only, not as a practical-compliance rate or denominator-matched lowerCourtCompliance validation target."
masood-kassow-songer-2019-precedent-treatment,516 U.S. 365,https://doi.org/10.7910/DVN/DZZY7G,10.7910/DVN/DZZY7G,10.1086/703067,516 U.S. 365,UNITED STATES OF AMERICA v. STATE OF MAINE et al.,1995,1996-02-26,1995-026-01,116 S. Ct. 872,1996 U.S. LEXIS 1549,10,no,no,yes,0,0,0,0,0,0,0,0,0,,,,post-decision through 2016,"Aggregate Shepard's lower-court response categories attached to one formally argued U.S. Supreme Court precedent, covering the 12 regular federal circuits, their district courts, and state courts through 2016; Federal Circuit excluded","Automated reduction of the authors' public precedent-level replication file. The source aggregates Shepard's categories and does not expose individual lower-court opinions, non-citing or ignored exposed cases, treatment dates, remedy fidelity, or practical implementation. Use as bounded doctrinal-uptake context only, not as a practical-compliance rate or denominator-matched lowerCourtCompliance validation target."
masood-kassow-songer-2019-precedent-treatment,516 U.S. 367,https://doi.org/10.7910/DVN/DZZY7G,10.7910/DVN/DZZY7G,10.1086/703067,516 U.S. 367,"MATSUSHITA ELECTRIC INDUSTRIAL CO., LTD., et al. v. LAWRENCE EPSTEIN, et al.",1995,1996-02-27,1995-027-01,116 S. Ct. 873,1996 U.S. LEXIS 1550,9,no,no,yes,0,421,40,1,4,5,461,426,45,0.086767896,0.011737089,0.888888889,post-decision through 2016,"Aggregate Shepard's lower-court response categories attached to one formally argued U.S. Supreme Court precedent, covering the 12 regular federal circuits, their district courts, and state courts through 2016; Federal Circuit excluded","Automated reduction of the authors' public precedent-level replication file. The source aggregates Shepard's categories and does not expose individual lower-court opinions, non-citing or ignored exposed cases, treatment dates, remedy fidelity, or practical implementation. Use as bounded doctrinal-uptake context only, not as a practical-compliance rate or denominator-matched lowerCourtCompliance validation target."
masood-kassow-songer-2019-precedent-treatment,516 U.S. 400,https://doi.org/10.7910/DVN/DZZY7G,10.7910/DVN/DZZY7G,10.1086/703067,516 U.S. 400,NORFOLK & WESTERN RAILWAY CO. v. HILES,1995,1996-02-27,1995-028-01,116 S. Ct. 890,1996 U.S. LEXIS 1552,8,no,no,yes,0,36,9,0,3,3,45,39,12,0.200000000,0.076923077,0.750000000,post-decision through 2016,"Aggregate Shepard's lower-court response categories attached to one formally argued U.S. Supreme Court precedent, covering the 12 regular federal circuits, their district courts, and state courts through 2016; Federal Circuit excluded","Automated reduction of the authors' public precedent-level replication file. The source aggregates Shepard's categories and does not expose individual lower-court opinions, non-citing or ignored exposed cases, treatment dates, remedy fidelity, or practical implementation. Use as bounded doctrinal-uptake context only, not as a practical-compliance rate or denominator-matched lowerCourtCompliance validation target."
masood-kassow-songer-2019-precedent-treatment,516 U.S. 417,https://doi.org/10.7910/DVN/DZZY7G,10.7910/DVN/DZZY7G,10.1086/703067,516 U.S. 417,"HERCULES INCORPORATED, et al. v. UNITED STATES",1995,1996-03-04,1995-030-01,116 S. Ct. 981,1996 U.S. LEXIS 1557,8,no,no,yes,0,202,13,0,0,0,215,202,13,0.060465116,0.000000000,1.000000000,post-decision through 2016,"Aggregate Shepard's lower-court response categories attached to one formally argued U.S. Supreme Court precedent, covering the 12 regular federal circuits, their district courts, and state courts through 2016; Federal Circuit excluded","Automated reduction of the authors' public precedent-level replication file. The source aggregates Shepard's categories and does not expose individual lower-court opinions, non-citing or ignored exposed cases, treatment dates, remedy fidelity, or practical implementation. Use as bounded doctrinal-uptake context only, not as a practical-compliance rate or denominator-matched lowerCourtCompliance validation target."
masood-kassow-songer-2019-precedent-treatment,516 U.S. 442,https://doi.org/10.7910/DVN/DZZY7G,10.7910/DVN/DZZY7G,10.1086/703067,516 U.S. 442,TINA B. BENNIS v. MICHIGAN,1995,1996-03-04,1995-031-01,116 S. Ct. 994,1996 U.S. LEXIS 1565,4,yes,no,yes,0,164,31,3,14,17,195,181,48,0.158974359,0.093922652,0.645833333,post-decision through 2016,"Aggregate Shepard's lower-court response categories attached to one formally argued U.S. Supreme Court precedent, covering the 12 regular federal circuits, their district courts, and state courts through 2016; Federal Circuit excluded","Automated reduction of the authors' public precedent-level replication file. The source aggregates Shepard's categories and does not expose individual lower-court opinions, non-citing or ignored exposed cases, treatment dates, remedy fidelity, or practical implementation. Use as bounded doctrinal-uptake context only, not as a practical-compliance rate or denominator-matched lowerCourtCompliance validation target."
masood-kassow-songer-2019-precedent-treatment,516 U.S. 474,https://doi.org/10.7910/DVN/DZZY7G,10.7910/DVN/DZZY7G,10.1086/703067,516 U.S. 474,"THOMAS DALTON, DIRECTOR, ARKANSAS DEPARTMENT OF HUMAN SERVICES et al. v. LITTLE ",1995,1996-03-18,1995-032-01,116 S. Ct. 1063,1996 U.S. LEXIS 1719,10,no,no,yes,0,85,3,0,0,0,88,85,3,0.034090909,0.000000000,1.000000000,post-decision through 2016,"Aggregate Shepard's lower-court response categories attached to one formally argued U.S. Supreme Court precedent, covering the 12 regular federal circuits, their district courts, and state courts through 2016; Federal Circuit excluded","Automated reduction of the authors' public precedent-level replication file. The source aggregates Shepard's categories and does not expose individual lower-court opinions, non-citing or ignored exposed cases, treatment dates, remedy fidelity, or practical implementation. Use as bounded doctrinal-uptake context only, not as a practical-compliance rate or denominator-matched lowerCourtCompliance validation target."
masood-kassow-songer-2019-precedent-treatment,516 U.S. 479,https://doi.org/10.7910/DVN/DZZY7G,10.7910/DVN/DZZY7G,10.1086/703067,516 U.S. 479,"ALAN MEGHRIG, et al. v. KFC WESTERN, INC.",1995,1996-03-19,1995-033-01,116 S. Ct. 1251,1996 U.S. LEXIS 1955,9,no,no,yes,0,337,47,0,8,8,384,345,55,0.122395833,0.023188406,0.854545455,post-decision through 2016,"Aggregate Shepard's lower-court response categories attached to one formally argued U.S. Supreme Court precedent, covering the 12 regular federal circuits, their district courts, and state courts through 2016; Federal Circuit excluded","Automated reduction of the authors' public precedent-level replication file. The source aggregates Shepard's categories and does not expose individual lower-court opinions, non-citing or ignored exposed cases, treatment dates, remedy fidelity, or practical implementation. Use as bounded doctrinal-uptake context only, not as a practical-compliance rate or denominator-matched lowerCourtCompliance validation target."
masood-kassow-songer-2019-precedent-treatment,516 U.S. 489,https://doi.org/10.7910/DVN/DZZY7G,10.7910/DVN/DZZY7G,10.1086/703067,516 U.S. 489,VARITY CORPORATION v. CHARLES HOWE et al.,1995,1996-03-19,1995-034-01,116 S. Ct. 1065,1996 U.S. LEXIS 1954,8,no,no,yes,0,1743,348,2,148,150,2091,1893,498,0.166427547,0.079239303,0.698795181,post-decision through 2016,"Aggregate Shepard's lower-court response categories attached to one formally argued U.S. Supreme Court precedent, covering the 12 regular federal circuits, their district courts, and state courts through 2016; Federal Circuit excluded","Automated reduction of the authors' public precedent-level replication file. The source aggregates Shepard's categories and does not expose individual lower-court opinions, non-citing or ignored exposed cases, treatment dates, remedy fidelity, or practical implementation. Use as bounded doctrinal-uptake context only, not as a practical-compliance rate or denominator-matched lowerCourtCompliance validation target."
masood-kassow-songer-2019-precedent-treatment,517 U.S. 1,https://doi.org/10.7910/DVN/DZZY7G,10.7910/DVN/DZZY7G,10.1086/703067,517 U.S. 1,WISCONSIN v. CITY OF NEW YORK et al.,1995,1996-03-20,1995-035-03,116 S. Ct. 1091,1996 U.S. LEXIS 1956,2,yes,no,yes,0,27,1,0,1,1,28,28,2,0.035714286,0.035714286,0.500000000,post-decision through 2016,"Aggregate Shepard's lower-court response categories attached to one formally argued U.S. Supreme Court precedent, covering the 12 regular federal circuits, their district courts, and state courts through 2016; Federal Circuit excluded","Automated reduction of the authors' public precedent-level replication file. The source aggregates Shepard's categories and does not expose individual lower-court opinions, non-citing or ignored exposed cases, treatment dates, remedy fidelity, or practical implementation. Use as bounded doctrinal-uptake context only, not as a practical-compliance rate or denominator-matched lowerCourtCompliance validation target."
masood-kassow-songer-2019-precedent-treatment,517 U.S. 25,https://doi.org/10.7910/DVN/DZZY7G,10.7910/DVN/DZZY7G,10.1086/703067,517 U.S. 25,"BARNETT BANK OF MARION COUNTY, N. A. v. BILL NELSON, FLORIDA INSURANCE COMMISSIO",1995,1996-03-26,1995-036-01,116 S. Ct. 1103,1996 U.S. LEXIS 2161,10,no,no,yes,0,383,68,0,9,9,451,392,77,0.150776053,0.022959184,0.883116883,post-decision through 2016,"Aggregate Shepard's lower-court response categories attached to one formally argued U.S. Supreme Court precedent, covering the 12 regular federal circuits, their district courts, and state courts through 2016; Federal Circuit excluded","Automated reduction of the authors' public precedent-level replication file. The source aggregates Shepard's categories and does not expose individual lower-court opinions, non-citing or ignored exposed cases, treatment dates, remedy fidelity, or practical implementation. Use as bounded doctrinal-uptake context only, not as a practical-compliance rate or denominator-matched lowerCourtCompliance validation target."
masood-kassow-songer-2019-precedent-treatment,516 U.S. 415,https://doi.org/10.7910/DVN/DZZY7G,10.7910/DVN/DZZY7G,10.1086/703067,516 U.S. 415,"UNITED STATES, FEDERAL COMMUNICATIONS COMMISSION AND JANET RENO, ATTORNEY GENERA",1995,1996-03-27,1995-029-01,116 S. Ct. 1036,1996 U.S. LEXIS 1551,9,no,no,yes,0,3,0,0,0,0,3,3,0,0.000000000,0.000000000,,post-decision through 2016,"Aggregate Shepard's lower-court response categories attached to one formally argued U.S. Supreme Court precedent, covering the 12 regular federal circuits, their district courts, and state courts through 2016; Federal Circuit excluded","Automated reduction of the authors' public precedent-level replication file. The source aggregates Shepard's categories and does not expose individual lower-court opinions, non-citing or ignored exposed cases, treatment dates, remedy fidelity, or practical implementation. Use as bounded doctrinal-uptake context only, not as a practical-compliance rate or denominator-matched lowerCourtCompliance validation target."
masood-kassow-songer-2019-precedent-treatment,517 U.S. 186,https://doi.org/10.7910/DVN/DZZY7G,10.7910/DVN/DZZY7G,10.1086/703067,517 U.S. 186,"FORTIS MORSE, KENNETH CURTIS BARTHOLOMEW AND KIMBERLY J. ENDERSON v. REPUBLICAN ",1995,1996-03-27,1995-038-01,116 S. Ct. 1186,1996 U.S. LEXIS 2164,2,no,no,yes,0,86,8,0,1,1,94,87,9,0.085106383,0.011494253,0.888888889,post-decision through 2016,"Aggregate Shepard's lower-court response categories attached to one formally argued U.S. Supreme Court precedent, covering the 12 regular federal circuits, their district courts, and state courts through 2016; Federal Circuit excluded","Automated reduction of the authors' public precedent-level replication file. The source aggregates Shepard's categories and does not expose individual lower-court opinions, non-citing or ignored exposed cases, treatment dates, remedy fidelity, or practical implementation. Use as bounded doctrinal-uptake context only, not as a practical-compliance rate or denominator-matched lowerCourtCompliance validation target."
masood-kassow-songer-2019-precedent-treatment,517 U.S. 292,https://doi.org/10.7910/DVN/DZZY7G,10.7910/DVN/DZZY7G,10.1086/703067,517 U.S. 292,TOMMY L. RUTLEDGE v. UNITED STATES,1995,1996-03-27,1995-039-01,116 S. Ct. 1241,1996 U.S. LEXIS 2163,1,no,yes,yes,1,633,94,0,40,40,727,673,134,0.129298487,0.059435364,0.701492537,post-decision through 2016,"Aggregate Shepard's lower-court response categories attached to one formally argued U.S. Supreme Court precedent, covering the 12 regular federal circuits, their district courts, and state courts through 2016; Federal Circuit excluded","Automated reduction of the authors' public precedent-level replication file. The source aggregates Shepard's categories and does not expose individual lower-court opinions, non-citing or ignored exposed cases, treatment dates, remedy fidelity, or practical implementation. Use as bounded doctrinal-uptake context only, not as a practical-compliance rate or denominator-matched lowerCourtCompliance validation target."
masood-kassow-songer-2019-precedent-treatment,517 U.S. 44,https://doi.org/10.7910/DVN/DZZY7G,10.7910/DVN/DZZY7G,10.1086/703067,517 U.S. 44,SEMINOLE TRIBE OF FLORIDA v. FLORIDA et al.,1995,1996-03-27,1995-037-01,116 S. Ct. 1114,1996 U.S. LEXIS 2165,10,yes,no,yes,7,3939,587,9,118,127,4526,4066,714,0.129695095,0.031234629,0.822128852,post-decision through 2016,"Aggregate Shepard's lower-court response categories attached to one formally argued U.S. Supreme Court precedent, covering the 12 regular federal circuits, their district courts, and state courts through 2016; Federal Circuit excluded","Automated reduction of the authors' public precedent-level replication file. The source aggregates Shepard's categories and does not expose individual lower-court opinions, non-citing or ignored exposed cases, treatment dates, remedy fidelity, or practical implementation. Use as bounded doctrinal-uptake context only, not as a practical-compliance rate or denominator-matched lowerCourtCompliance validation target."
masood-kassow-songer-2019-precedent-treatment,517 U.S. 308,https://doi.org/10.7910/DVN/DZZY7G,10.7910/DVN/DZZY7G,10.1086/703067,517 U.S. 308,JAMES O'CONNOR v. CONSOLIDATED COIN CATERERS CORPORATION,1995,1996-04-01,1995-040-01,116 S. Ct. 1307,1996 U.S. LEXIS 2168,2,no,no,yes,0,1714,498,3,24,27,2212,1741,525,0.225135624,0.015508329,0.948571429,post-decision through 2016,"Aggregate Shepard's lower-court response categories attached to one formally argued U.S. Supreme Court precedent, covering the 12 regular federal circuits, their district courts, and state courts through 2016; Federal Circuit excluded","Automated reduction of the authors' public precedent-level replication file. The source aggregates Shepard's categories and does not expose individual lower-court opinions, non-citing or ignored exposed cases, treatment dates, remedy fidelity, or practical implementation. Use as bounded doctrinal-uptake context only, not as a practical-compliance rate or denominator-matched lowerCourtCompliance validation target."
masood-kassow-songer-2019-precedent-treatment,517 U.S. 314,https://doi.org/10.7910/DVN/DZZY7G,10.7910/DVN/DZZY7G,10.1086/703067,517 U.S. 314,"LARRY GRANT LONCHAR v. ALBERT G. THOMAS, WARDEN",1995,1996-04-01,1995-041-01,116 S. Ct. 1293,1996 U.S. LEXIS 2167,1,no,yes,yes,0,948,46,0,11,11,994,959,57,0.046277666,0.011470282,0.807017544,post-decision through 2016,"Aggregate Shepard's lower-court response categories attached to one formally argued U.S. Supreme Court precedent, covering the 12 regular federal circuits, their district courts, and state courts through 2016; Federal Circuit excluded","Automated reduction of the authors' public precedent-level replication file. The source aggregates Shepard's categories and does not expose individual lower-court opinions, non-citing or ignored exposed cases, treatment dates, remedy fidelity, or practical implementation. Use as bounded doctrinal-uptake context only, not as a practical-compliance rate or denominator-matched lowerCourtCompliance validation target."
masood-kassow-songer-2019-precedent-treatment,517 U.S. 343,https://doi.org/10.7910/DVN/DZZY7G,10.7910/DVN/DZZY7G,10.1086/703067,517 U.S. 343,LIANG-HOUH SHIEH v. EDWARD KAKITA et al.,1995,1996-04-01,1995-042-03,116 S. Ct. 1311,1996 U.S. LEXIS 2166,2,no,no,yes,0,14,0,0,0,0,14,14,0,0.000000000,0.000000000,,post-decision through 2016,"Aggregate Shepard's lower-court response categories attached to one formally argued U.S. Supreme Court precedent, covering the 12 regular federal circuits, their district courts, and state courts through 2016; Federal Circuit excluded","Automated reduction of the authors' public precedent-level replication file. The source aggregates Shepard's categories and does not expose individual lower-court opinions, non-citing or ignored exposed cases, treatment dates, remedy fidelity, or practical implementation. Use as bounded doctrinal-uptake context only, not as a practical-compliance rate or denominator-matched lowerCourtCompliance validation target."
masood-kassow-songer-2019-precedent-treatment,517 U.S. 345,https://doi.org/10.7910/DVN/DZZY7G,10.7910/DVN/DZZY7G,10.1086/703067,517 U.S. 345,"MICHAEL BOWERSOX, SUPERINTENDENT, POTOSI CORRECTIONAL CENTER v. DOYLE J. WILLIAM",1995,1996-04-09,1995-043-01,116 S. Ct. 1312,1996 U.S. LEXIS 2332,1,no,yes,yes,0,17,3,0,0,0,20,17,3,0.150000000,0.000000000,1.000000000,post-decision through 2016,"Aggregate Shepard's lower-court response categories attached to one formally argued U.S. Supreme Court precedent, covering the 12 regular federal circuits, their district courts, and state courts through 2016; Federal Circuit excluded","Automated reduction of the authors' public precedent-level replication file. The source aggregates Shepard's categories and does not expose individual lower-court opinions, non-citing or ignored exposed cases, treatment dates, remedy fidelity, or practical implementation. Use as bounded doctrinal-uptake context only, not as a practical-compliance rate or denominator-matched lowerCourtCompliance validation target."
masood-kassow-songer-2019-precedent-treatment,517 U.S. 348,https://doi.org/10.7910/DVN/DZZY7G,10.7910/DVN/DZZY7G,10.1086/703067,517 U.S. 348,BYRON KEITH COOPER v. OKLAHOMA,1995,1996-04-16,1995-044-01,116 S. Ct. 1373,1996 U.S. LEXIS 2649,4,yes,no,yes,1,739,95,3,32,35,834,774,130,0.113908873,0.045219638,0.730769231,post-decision through 2016,"Aggregate Shepard's lower-court response categories attached to one formally argued U.S. Supreme Court precedent, covering the 12 regular federal circuits, their district courts, and state courts through 2016; Federal Circuit excluded","Automated reduction of the authors' public precedent-level replication file. The source aggregates Shepard's categories and does not expose individual lower-court opinions, non-citing or ignored exposed cases, treatment dates, remedy fidelity, or practical implementation. Use as bounded doctrinal-uptake context only, not as a practical-compliance rate or denominator-matched lowerCourtCompliance validation target."
masood-kassow-songer-2019-precedent-treatment,517 U.S. 370,https://doi.org/10.7910/DVN/DZZY7G,10.7910/DVN/DZZY7G,10.1086/703067,517 U.S. 370,"HERBERT MARKMAN AND POSITEK, INC. v. WESTVIEW INSTRUMENTS, INC. AND ALTHON ENTER",1995,1996-04-23,1995-045-01,116 S. Ct. 1384,1996 U.S. LEXIS 2804,1,yes,yes,yes,1,4954,374,0,12,12,5328,4966,386,0.070195195,0.002416432,0.968911917,post-decision through 2016,"Aggregate Shepard's lower-court response categories attached to one formally argued U.S. Supreme Court precedent, covering the 12 regular federal circuits, their district courts, and state courts through 2016; Federal Circuit excluded","Automated reduction of the authors' public precedent-level replication file. The source aggregates Shepard's categories and does not expose individual lower-court opinions, non-citing or ignored exposed cases, treatment dates, remedy fidelity, or practical implementation. Use as bounded doctrinal-uptake context only, not as a practical-compliance rate or denominator-matched lowerCourtCompliance validation target."
masood-kassow-songer-2019-precedent-treatment,517 U.S. 392,https://doi.org/10.7910/DVN/DZZY7G,10.7910/DVN/DZZY7G,10.1086/703067,517 U.S. 392,HOLLY FARMS CORPORATION et al. v. NATIONAL LABOR RELATIONS LABOR BOARD et al.,1995,1996-04-23,1995-046-01,116 S. Ct. 1396,1996 U.S. LEXIS 2801,7,no,no,yes,0,103,17,0,4,4,120,107,21,0.141666667,0.037383178,0.809523810,post-decision through 2016,"Aggregate Shepard's lower-court response categories attached to one formally argued U.S. Supreme Court precedent, covering the 12 regular federal circuits, their district courts, and state courts through 2016; Federal Circuit excluded","Automated reduction of the authors' public precedent-level replication file. The source aggregates Shepard's categories and does not expose individual lower-court opinions, non-citing or ignored exposed cases, treatment dates, remedy fidelity, or practical implementation. Use as bounded doctrinal-uptake context only, not as a practical-compliance rate or denominator-matched lowerCourtCompliance validation target."
masood-kassow-songer-2019-precedent-treatment,517 U.S. 416,https://doi.org/10.7910/DVN/DZZY7G,10.7910/DVN/DZZY7G,10.1086/703067,517 U.S. 416,CHARLES CARLISLE v. UNITED STATES,1995,1996-04-29,1995-047-01,116 S. Ct. 1460,1996 U.S. LEXIS 2950,1,no,yes,yes,0,879,70,2,16,18,949,897,88,0.073761855,0.020066890,0.795454545,post-decision through 2016,"Aggregate Shepard's lower-court response categories attached to one formally argued U.S. Supreme Court precedent, covering the 12 regular federal circuits, their district courts, and state courts through 2016; Federal Circuit excluded","Automated reduction of the authors' public precedent-level replication file. The source aggregates Shepard's categories and does not expose individual lower-court opinions, non-citing or ignored exposed cases, treatment dates, remedy fidelity, or practical implementation. Use as bounded doctrinal-uptake context only, not as a practical-compliance rate or denominator-matched lowerCourtCompliance validation target."
masood-kassow-songer-2019-precedent-treatment,517 U.S. 456,https://doi.org/10.7910/DVN/DZZY7G,10.7910/DVN/DZZY7G,10.1086/703067,517 U.S. 456,UNITED STATES v. CHRISTOPHER LEE ARMSTRONG et al.,1995,1996-05-13,1995-048-01,116 S. Ct. 1480,1996 U.S. LEXIS 3239,1,no,yes,yes,1,1456,421,0,21,21,1877,1477,442,0.224294086,0.014218009,0.952488688,post-decision through 2016,"Aggregate Shepard's lower-court response categories attached to one formally argued U.S. Supreme Court precedent, covering the 12 regular federal circuits, their district courts, and state courts through 2016; Federal Circuit excluded","Automated reduction of the authors' public precedent-level replication file. The source aggregates Shepard's categories and does not expose individual lower-court opinions, non-citing or ignored exposed cases, treatment dates, remedy fidelity, or practical implementation. Use as bounded doctrinal-uptake context only, not as a practical-compliance rate or denominator-matched lowerCourtCompliance validation target."
masood-kassow-songer-2019-precedent-treatment,517 U.S. 484,https://doi.org/10.7910/DVN/DZZY7G,10.7910/DVN/DZZY7G,10.1086/703067,517 U.S. 484,"44 LIQUORMART, INC. AND PEOPLES SUPER LIQUOR STORES, INC. v. RHODE ISLAND AND RH",1995,1996-05-13,1995-049-01,116 S. Ct. 1495,1996 U.S. LEXIS 3020,3,yes,no,yes,3,352,50,0,32,32,402,384,82,0.124378109,0.083333333,0.609756098,post-decision through 2016,"Aggregate Shepard's lower-court response categories attached to one formally argued U.S. Supreme Court precedent, covering the 12 regular federal circuits, their district courts, and state courts through 2016; Federal Circuit excluded","Automated reduction of the authors' public precedent-level replication file. The source aggregates Shepard's categories and does not expose individual lower-court opinions, non-citing or ignored exposed cases, treatment dates, remedy fidelity, or practical implementation. Use as bounded doctrinal-uptake context only, not as a practical-compliance rate or denominator-matched lowerCourtCompliance validation target."
masood-kassow-songer-2019-precedent-treatment,517 U.S. 535,https://doi.org/10.7910/DVN/DZZY7G,10.7910/DVN/DZZY7G,10.1086/703067,517 U.S. 535,"UNITED STATES v. THOMAS R. NOLAND, TRUSTEE FOR DEBTOR FIRST TRUCK LINES, INC.",1995,1996-05-13,1995-050-01,116 S. Ct. 1524,1996 U.S. LEXIS 2957,12,no,no,yes,0,239,35,0,10,10,274,249,45,0.127737226,0.040160643,0.777777778,post-decision through 2016,"Aggregate Shepard's lower-court response categories attached to one formally argued U.S. Supreme Court precedent, covering the 12 regular federal circuits, their district courts, and state courts through 2016; Federal Circuit excluded","Automated reduction of the authors' public precedent-level replication file. The source aggregates Shepard's categories and does not expose individual lower-court opinions, non-citing or ignored exposed cases, treatment dates, remedy fidelity, or practical implementation. Use as bounded doctrinal-uptake context only, not as a practical-compliance rate or denominator-matched lowerCourtCompliance validation target."
masood-kassow-songer-2019-precedent-treatment,517 U.S. 544,https://doi.org/10.7910/DVN/DZZY7G,10.7910/DVN/DZZY7G,10.1086/703067,517 U.S. 544,"UNITED FOOD AND COMMERCIAL WORKERS UNION LOCAL 751 v. BROWN GROUP, INC., DBA BRO",1995,1996-05-13,1995-051-01,116 S. Ct. 1529,1996 U.S. LEXIS 2956,9,no,no,yes,0,444,141,0,23,23,585,467,164,0.241025641,0.049250535,0.859756098,post-decision through 2016,"Aggregate Shepard's lower-court response categories attached to one formally argued U.S. Supreme Court precedent, covering the 12 regular federal circuits, their district courts, and state courts through 2016; Federal Circuit excluded","Automated reduction of the authors' public precedent-level replication file. The source aggregates Shepard's categories and does not expose individual lower-court opinions, non-citing or ignored exposed cases, treatment dates, remedy fidelity, or practical implementation. Use as bounded doctrinal-uptake context only, not as a practical-compliance rate or denominator-matched lowerCourtCompliance validation target."
masood-kassow-songer-2019-precedent-treatment,517 U.S. 559,https://doi.org/10.7910/DVN/DZZY7G,10.7910/DVN/DZZY7G,10.1086/703067,517 U.S. 559,"BMW OF NORTH AMERICA, INC. v. IRA GORE, JR.",1995,1996-05-20,1995-052-01,116 S. Ct. 1589,1996 U.S. LEXIS 3390,8,yes,no,yes,6,1727,915,1,166,167,2642,1894,1082,0.346328539,0.088173178,0.845656192,post-decision through 2016,"Aggregate Shepard's lower-court response categories attached to one formally argued U.S. Supreme Court precedent, covering the 12 regular federal circuits, their district courts, and state courts through 2016; Federal Circuit excluded","Automated reduction of the authors' public precedent-level replication file. The source aggregates Shepard's categories and does not expose individual lower-court opinions, non-citing or ignored exposed cases, treatment dates, remedy fidelity, or practical implementation. Use as bounded doctrinal-uptake context only, not as a practical-compliance rate or denominator-matched lowerCourtCompliance validation target."
masood-kassow-songer-2019-precedent-treatment,517 U.S. 620,https://doi.org/10.7910/DVN/DZZY7G,10.7910/DVN/DZZY7G,10.1086/703067,517 U.S. 620,"ROY ROMER, GOVERNOR OF COLORADO, et al. v. RICHARD G. EVANS et al.",1995,1996-05-20,1995-053-01,116 S. Ct. 1620,1996 U.S. LEXIS 3245,5,yes,no,yes,1,786,179,1,77,78,965,864,257,0.185492228,0.090277778,0.696498054,post-decision through 2016,"Aggregate Shepard's lower-court response categories attached to one formally argued U.S. Supreme Court precedent, covering the 12 regular federal circuits, their district courts, and state courts through 2016; Federal Circuit excluded","Automated reduction of the authors' public precedent-level replication file. The source aggregates Shepard's categories and does not expose individual lower-court opinions, non-citing or ignored exposed cases, treatment dates, remedy fidelity, or practical implementation. Use as bounded doctrinal-uptake context only, not as a practical-compliance rate or denominator-matched lowerCourtCompliance validation target."
masood-kassow-songer-2019-precedent-treatment,517 U.S. 654,https://doi.org/10.7910/DVN/DZZY7G,10.7910/DVN/DZZY7G,10.1086/703067,517 U.S. 654,LLOYD HENDERSON v. UNITED STATES,1995,1996-05-20,1995-054-01,116 S. Ct. 1638,1996 U.S. LEXIS 3243,9,no,no,yes,0,716,73,4,5,9,789,725,82,0.092522180,0.012413793,0.890243902,post-decision through 2016,"Aggregate Shepard's lower-court response categories attached to one formally argued U.S. Supreme Court precedent, covering the 12 regular federal circuits, their district courts, and state courts through 2016; Federal Circuit excluded","Automated reduction of the authors' public precedent-level replication file. The source aggregates Shepard's categories and does not expose individual lower-court opinions, non-citing or ignored exposed cases, treatment dates, remedy fidelity, or practical implementation. Use as bounded doctrinal-uptake context only, not as a practical-compliance rate or denominator-matched lowerCourtCompliance validation target."
masood-kassow-songer-2019-precedent-treatment,517 U.S. 681,https://doi.org/10.7910/DVN/DZZY7G,10.7910/DVN/DZZY7G,10.1086/703067,517 U.S. 681,"DOCTOR'S ASSOCIATES, INC. AND NICK LOMBARDI v. PAUL CASAROTTO ET UX.",1995,1996-05-20,1995-055-01,116 S. Ct. 1652,1996 U.S. LEXIS 3244,10,no,no,yes,0,1296,125,1,13,14,1421,1310,139,0.087966221,0.010687023,0.899280576,post-decision through 2016,"Aggregate Shepard's lower-court response categories attached to one formally argued U.S. Supreme Court precedent, covering the 12 regular federal circuits, their district courts, and state courts through 2016; Federal Circuit excluded","Automated reduction of the authors' public precedent-level replication file. The source aggregates Shepard's categories and does not expose individual lower-court opinions, non-citing or ignored exposed cases, treatment dates, remedy fidelity, or practical implementation. Use as bounded doctrinal-uptake context only, not as a practical-compliance rate or denominator-matched lowerCourtCompliance validation target."
masood-kassow-songer-2019-precedent-treatment,517 U.S. 690,https://doi.org/10.7910/DVN/DZZY7G,10.7910/DVN/DZZY7G,10.1086/703067,517 U.S. 690,SAUL ORNELAS AND ISMAEL ORNELAS-LEDESMA v. UNITED STATES,1995,1996-05-28,1995-056-01,116 S. Ct. 1657,1996 U.S. LEXIS 3391,1,yes,yes,yes,2,5401,557,9,24,33,5958,5434,590,0.093487748,0.006072874,0.944067797,post-decision through 2016,"Aggregate Shepard's lower-court response categories attached to one formally argued U.S. Supreme Court precedent, covering the 12 regular federal circuits, their district courts, and state courts through 2016; Federal Circuit excluded","Automated reduction of the authors' public precedent-level replication file. The source aggregates Shepard's categories and does not expose individual lower-court opinions, non-citing or ignored exposed cases, treatment dates, remedy fidelity, or practical implementation. Use as bounded doctrinal-uptake context only, not as a practical-compliance rate or denominator-matched lowerCourtCompliance validation target."
masood-kassow-songer-2019-precedent-treatment,517 U.S. 706,https://doi.org/10.7910/DVN/DZZY7G,10.7910/DVN/DZZY7G,10.1086/703067,517 U.S. 706,"CHARLES QUACKENBUSH, CALIFORNIA INSURANCE COMMISSIONER, et al. v. ALLSTATE INSUR",1995,1996-06-03,1995-057-01,116 S. Ct. 1712,1996 U.S. LEXIS 3609,9,no,no,yes,1,1803,289,0,31,31,2092,1834,320,0.138145315,0.016902944,0.903125000,post-decision through 2016,"Aggregate Shepard's lower-court response categories attached to one formally argued U.S. Supreme Court precedent, covering the 12 regular federal circuits, their district courts, and state courts through 2016; Federal Circuit excluded","Automated reduction of the authors' public precedent-level replication file. The source aggregates Shepard's categories and does not expose individual lower-court opinions, non-citing or ignored exposed cases, treatment dates, remedy fidelity, or practical implementation. Use as bounded doctrinal-uptake context only, not as a practical-compliance rate or denominator-matched lowerCourtCompliance validation target."
masood-kassow-songer-2019-precedent-treatment,517 U.S. 735,https://doi.org/10.7910/DVN/DZZY7G,10.7910/DVN/DZZY7G,10.1086/703067,517 U.S. 735,"BARBARA SMILEY v. CITIBANK (SOUTH DAKOTA), N. A.",1995,1996-06-03,1995-058-01,116 S. Ct. 1730,1996 U.S. LEXIS 3594,9,no,no,yes,2,318,41,1,14,15,359,333,56,0.114206128,0.045045045,0.732142857,post-decision through 2016,"Aggregate Shepard's lower-court response categories attached to one formally argued U.S. Supreme Court precedent, covering the 12 regular federal circuits, their district courts, and state courts through 2016; Federal Circuit excluded","Automated reduction of the authors' public precedent-level replication file. The source aggregates Shepard's categories and does not expose individual lower-court opinions, non-citing or ignored exposed cases, treatment dates, remedy fidelity, or practical implementation. Use as bounded doctrinal-uptake context only, not as a practical-compliance rate or denominator-matched lowerCourtCompliance validation target."
masood-kassow-songer-2019-precedent-treatment,517 U.S. 748,https://doi.org/10.7910/DVN/DZZY7G,10.7910/DVN/DZZY7G,10.1086/703067,517 U.S. 748,DWIGHT J. LOVING v. UNITED STATES,1995,1996-06-03,1995-059-01,116 S. Ct. 1737,1996 U.S. LEXIS 3593,2,no,no,yes,0,140,19,1,1,2,159,142,21,0.119496855,0.014084507,0.904761905,post-decision through 2016,"Aggregate Shepard's lower-court response categories attached to one formally argued U.S. Supreme Court precedent, covering the 12 regular federal circuits, their district courts, and state courts through 2016; Federal Circuit excluded","Automated reduction of the authors' public precedent-level replication file. The source aggregates Shepard's categories and does not expose individual lower-court opinions, non-citing or ignored exposed cases, treatment dates, remedy fidelity, or practical implementation. Use as bounded doctrinal-uptake context only, not as a practical-compliance rate or denominator-matched lowerCourtCompliance validation target."
masood-kassow-songer-2019-precedent-treatment,517 U.S. 781,https://doi.org/10.7910/DVN/DZZY7G,10.7910/DVN/DZZY7G,10.1086/703067,517 U.S. 781,"AUCIELLO IRON WORKS, INC. v. NATIONAL LABOR RELATIONS BOARD",1995,1996-06-03,1995-060-01,116 S. Ct. 1754,1996 U.S. LEXIS 3578,7,no,no,yes,0,49,5,0,1,1,54,50,6,0.092592593,0.020000000,0.833333333,post-decision through 2016,"Aggregate Shepard's lower-court response categories attached to one formally argued U.S. Supreme Court precedent, covering the 12 regular federal circuits, their district courts, and state courts through 2016; Federal Circuit excluded","Automated reduction of the authors' public precedent-level replication file. The source aggregates Shepard's categories and does not expose individual lower-court opinions, non-citing or ignored exposed cases, treatment dates, remedy fidelity, or practical implementation. Use as bounded doctrinal-uptake context only, not as a practical-compliance rate or denominator-matched lowerCourtCompliance validation target."
masood-kassow-songer-2019-precedent-treatment,517 U.S. 793,https://doi.org/10.7910/DVN/DZZY7G,10.7910/DVN/DZZY7G,10.1086/703067,517 U.S. 793,"JASON RICHARDS, et al. v. JEFFERSON COUNTY, ALABAMA, et al.",1995,1996-06-10,1995-061-01,116 S. Ct. 1761,1996 U.S. LEXIS 3721,4,yes,no,yes,0,331,46,1,25,26,377,357,72,0.122015915,0.072829132,0.638888889,post-decision through 2016,"Aggregate Shepard's lower-court response categories attached to one formally argued U.S. Supreme Court precedent, covering the 12 regular federal circuits, their district courts, and state courts through 2016; Federal Circuit excluded","Automated reduction of the authors' public precedent-level replication file. The source aggregates Shepard's categories and does not expose individual lower-court opinions, non-citing or ignored exposed cases, treatment dates, remedy fidelity, or practical implementation. Use as bounded doctrinal-uptake context only, not as a practical-compliance rate or denominator-matched lowerCourtCompliance validation target."
masood-kassow-songer-2019-precedent-treatment,517 U.S. 806,https://doi.org/10.7910/DVN/DZZY7G,10.7910/DVN/DZZY7G,10.1086/703067,517 U.S. 806,MICHAEL A. WHREN AND JAMES L. BROWN v. UNITED STATES,1995,1996-06-10,1995-062-01,116 S. Ct. 1769,1996 U.S. LEXIS 3720,1,yes,yes,yes,1,6134,936,5,80,85,7070,6219,1021,0.132390382,0.013667792,0.916748286,post-decision through 2016,"Aggregate Shepard's lower-court response categories attached to one formally argued U.S. Supreme Court precedent, covering the 12 regular federal circuits, their district courts, and state courts through 2016; Federal Circuit excluded","Automated reduction of the authors' public precedent-level replication file. The source aggregates Shepard's categories and does not expose individual lower-court opinions, non-citing or ignored exposed cases, treatment dates, remedy fidelity, or practical implementation. Use as bounded doctrinal-uptake context only, not as a practical-compliance rate or denominator-matched lowerCourtCompliance validation target."
masood-kassow-songer-2019-precedent-treatment,517 U.S. 820,https://doi.org/10.7910/DVN/DZZY7G,10.7910/DVN/DZZY7G,10.1086/703067,517 U.S. 820,BRIAN J. DEGEN v. UNITED STATES,1995,1996-06-10,1995-063-01,116 S. Ct. 1777,1996 U.S. LEXIS 3719,1,no,yes,yes,0,351,43,5,16,21,394,372,64,0.109137056,0.056451613,0.671875000,post-decision through 2016,"Aggregate Shepard's lower-court response categories attached to one formally argued U.S. Supreme Court precedent, covering the 12 regular federal circuits, their district courts, and state courts through 2016; Federal Circuit excluded","Automated reduction of the authors' public precedent-level replication file. The source aggregates Shepard's categories and does not expose individual lower-court opinions, non-citing or ignored exposed cases, treatment dates, remedy fidelity, or practical implementation. Use as bounded doctrinal-uptake context only, not as a practical-compliance rate or denominator-matched lowerCourtCompliance validation target."
masood-kassow-songer-2019-precedent-treatment,517 U.S. 830,https://doi.org/10.7910/DVN/DZZY7G,10.7910/DVN/DZZY7G,10.1086/703067,517 U.S. 830,"EXXON COMPANY, U. S. A., et al. v. SOFEC, INC., et al.",1995,1996-06-10,1995-064-01,116 S. Ct. 1813,1996 U.S. LEXIS 3718,8,no,no,yes,0,157,27,0,12,12,184,169,39,0.146739130,0.071005917,0.692307692,post-decision through 2016,"Aggregate Shepard's lower-court response categories attached to one formally argued U.S. Supreme Court precedent, covering the 12 regular federal circuits, their district courts, and state courts through 2016; Federal Circuit excluded","Automated reduction of the authors' public precedent-level replication file. The source aggregates Shepard's categories and does not expose individual lower-court opinions, non-citing or ignored exposed cases, treatment dates, remedy fidelity, or practical implementation. Use as bounded doctrinal-uptake context only, not as a practical-compliance rate or denominator-matched lowerCourtCompliance validation target."
masood-kassow-songer-2019-precedent-treatment,517 U.S. 843,https://doi.org/10.7910/DVN/DZZY7G,10.7910/DVN/DZZY7G,10.1086/703067,517 U.S. 843,UNITED STATES v. INTERNATIONAL BUSINESS MACHINES CORPORATION,1995,1996-06-10,1995-065-01,116 S. Ct. 1793,1996 U.S. LEXIS 3716,12,yes,no,yes,0,39,3,0,2,2,42,41,5,0.071428571,0.048780488,0.600000000,post-decision through 2016,"Aggregate Shepard's lower-court response categories attached to one formally argued U.S. Supreme Court precedent, covering the 12 regular federal circuits, their district courts, and state courts through 2016; Federal Circuit excluded","Automated reduction of the authors' public precedent-level replication file. The source aggregates Shepard's categories and does not expose individual lower-court opinions, non-citing or ignored exposed cases, treatment dates, remedy fidelity, or practical implementation. Use as bounded doctrinal-uptake context only, not as a practical-compliance rate or denominator-matched lowerCourtCompliance validation target."
masood-kassow-songer-2019-precedent-treatment,517 U.S. 882,https://doi.org/10.7910/DVN/DZZY7G,10.7910/DVN/DZZY7G,10.1086/703067,517 U.S. 882,"LOCKHEED CORPORATION, et al. v. PAUL L. SPINK",1995,1996-06-10,1995-066-01,116 S. Ct. 1783,1996 U.S. LEXIS 3717,8,no,no,yes,0,432,64,0,16,16,496,448,80,0.129032258,0.035714286,0.800000000,post-decision through 2016,"Aggregate Shepard's lower-court response categories attached to one formally argued U.S. Supreme Court precedent, covering the 12 regular federal circuits, their district courts, and state courts through 2016; Federal Circuit excluded","Automated reduction of the authors' public precedent-level replication file. The source aggregates Shepard's categories and does not expose individual lower-court opinions, non-citing or ignored exposed cases, treatment dates, remedy fidelity, or practical implementation. Use as bounded doctrinal-uptake context only, not as a practical-compliance rate or denominator-matched lowerCourtCompliance validation target."
masood-kassow-songer-2019-precedent-treatment,517 U.S. 899,https://doi.org/10.7910/DVN/DZZY7G,10.7910/DVN/DZZY7G,10.1086/703067,517 U.S. 899,"RUTH O. SHAW, et al. v. JAMES B. HUNT, JR., GOVERNOR OF NORTH CAROLINA, et al.",1995,1996-06-13,1995-067-02,116 S. Ct. 1894,1996 U.S. LEXIS 3880,2,yes,no,yes,1,179,34,0,9,9,213,188,43,0.159624413,0.047872340,0.790697674,post-decision through 2016,"Aggregate Shepard's lower-court response categories attached to one formally argued U.S. Supreme Court precedent, covering the 12 regular federal circuits, their district courts, and state courts through 2016; Federal Circuit excluded","Automated reduction of the authors' public precedent-level replication file. The source aggregates Shepard's categories and does not expose individual lower-court opinions, non-citing or ignored exposed cases, treatment dates, remedy fidelity, or practical implementation. Use as bounded doctrinal-uptake context only, not as a practical-compliance rate or denominator-matched lowerCourtCompliance validation target."
masood-kassow-songer-2019-precedent-treatment,517 U.S. 952,https://doi.org/10.7910/DVN/DZZY7G,10.7910/DVN/DZZY7G,10.1086/703067,517 U.S. 952,"GEORGE W. BUSH, GOVERNOR OF TEXAS, et al. v. AL VERA et al.",1995,1996-06-13,1995-068-03,116 S. Ct. 1941,1996 U.S. LEXIS 3882,2,no,no,yes,0,173,33,0,19,19,206,192,52,0.160194175,0.098958333,0.634615385,post-decision through 2016,"Aggregate Shepard's lower-court response categories attached to one formally argued U.S. Supreme Court precedent, covering the 12 regular federal circuits, their district courts, and state courts through 2016; Federal Circuit excluded","Automated reduction of the authors' public precedent-level replication file. The source aggregates Shepard's categories and does not expose individual lower-court opinions, non-citing or ignored exposed cases, treatment dates, remedy fidelity, or practical implementation. Use as bounded doctrinal-uptake context only, not as a practical-compliance rate or denominator-matched lowerCourtCompliance validation target."
masood-kassow-songer-2019-precedent-treatment,518 U.S. 1,https://doi.org/10.7910/DVN/DZZY7G,10.7910/DVN/DZZY7G,10.1086/703067,518 U.S. 1,"CARRIE JAFFEE, SPECIAL ADMINISTRATOR FOR RICKY ALLEN, SR., DECEASED v. MARY LU R",1995,1996-06-13,1995-069-01,116 S. Ct. 1923,1996 U.S. LEXIS 3879,9,no,no,yes,0,764,186,0,52,52,950,816,238,0.195789474,0.063725490,0.781512605,post-decision through 2016,"Aggregate Shepard's lower-court response categories attached to one formally argued U.S. Supreme Court precedent, covering the 12 regular federal circuits, their district courts, and state courts through 2016; Federal Circuit excluded","Automated reduction of the authors' public precedent-level replication file. The source aggregates Shepard's categories and does not expose individual lower-court opinions, non-citing or ignored exposed cases, treatment dates, remedy fidelity, or practical implementation. Use as bounded doctrinal-uptake context only, not as a practical-compliance rate or denominator-matched lowerCourtCompliance validation target."
masood-kassow-songer-2019-precedent-treatment,518 U.S. 37,https://doi.org/10.7910/DVN/DZZY7G,10.7910/DVN/DZZY7G,10.1086/703067,518 U.S. 37,MONTANA v. JAMES ALLEN EGELHOFF,1995,1996-06-13,1995-070-01,116 S. Ct. 2013,1996 U.S. LEXIS 3878,4,no,no,yes,0,1259,175,2,9,11,1434,1270,186,0.122036262,0.008661417,0.940860215,post-decision through 2016,"Aggregate Shepard's lower-court response categories attached to one formally argued U.S. Supreme Court precedent, covering the 12 regular federal circuits, their district courts, and state courts through 2016; Federal Circuit excluded","Automated reduction of the authors' public precedent-level replication file. The source aggregates Shepard's categories and does not expose individual lower-court opinions, non-citing or ignored exposed cases, treatment dates, remedy fidelity, or practical implementation. Use as bounded doctrinal-uptake context only, not as a practical-compliance rate or denominator-matched lowerCourtCompliance validation target."
masood-kassow-songer-2019-precedent-treatment,518 U.S. 81,https://doi.org/10.7910/DVN/DZZY7G,10.7910/DVN/DZZY7G,10.1086/703067,518 U.S. 81,STACEY C. KOON v. UNITED STATES,1995,1996-06-13,1995-071-01,116 S. Ct. 2035,1996 U.S. LEXIS 3877,1,no,yes,yes,1,2541,352,11,48,59,2893,2600,411,0.121673004,0.022692308,0.856447689,post-decision through 2016,"Aggregate Shepard's lower-court response categories attached to one formally argued U.S. Supreme Court precedent, covering the 12 regular federal circuits, their district courts, and state courts through 2016; Federal Circuit excluded","Automated reduction of the authors' public precedent-level replication file. The source aggregates Shepard's categories and does not expose individual lower-court opinions, non-citing or ignored exposed cases, treatment dates, remedy fidelity, or practical implementation. Use as bounded doctrinal-uptake context only, not as a practical-compliance rate or denominator-matched lowerCourtCompliance validation target."
masood-kassow-songer-2019-precedent-treatment,518 U.S. 120,https://doi.org/10.7910/DVN/DZZY7G,10.7910/DVN/DZZY7G,10.1086/703067,518 U.S. 120,JUAN MELENDEZ v. UNITED STATES,1995,1996-06-17,1995-072-01,116 S. Ct. 2057,1996 U.S. LEXIS 3895,1,no,yes,yes,0,158,18,0,2,2,176,160,20,0.102272727,0.012500000,0.900000000,post-decision through 2016,"Aggregate Shepard's lower-court response categories attached to one formally argued U.S. Supreme Court precedent, covering the 12 regular federal circuits, their district courts, and state courts through 2016; Federal Circuit excluded","Automated reduction of the authors' public precedent-level replication file. The source aggregates Shepard's categories and does not expose individual lower-court opinions, non-citing or ignored exposed cases, treatment dates, remedy fidelity, or practical implementation. Use as bounded doctrinal-uptake context only, not as a practical-compliance rate or denominator-matched lowerCourtCompliance validation target."
masood-kassow-songer-2019-precedent-treatment,518 U.S. 137,https://doi.org/10.7910/DVN/DZZY7G,10.7910/DVN/DZZY7G,10.1086/703067,518 U.S. 137,"MICHAEL O. LEAVITT, GOVERNOR OF UTAH, et al., v. JANE L., et al.",1995,1996-06-17,1995-073-01,116 S. Ct. 2068,1996 U.S. LEXIS 3885,5,no,no,yes,0,142,2,0,0,0,144,142,2,0.013888889,0.000000000,1.000000000,post-decision through 2016,"Aggregate Shepard's lower-court response categories attached to one formally argued U.S. Supreme Court precedent, covering the 12 regular federal circuits, their district courts, and state courts through 2016; Federal Circuit excluded","Automated reduction of the authors' public precedent-level replication file. The source aggregates Shepard's categories and does not expose individual lower-court opinions, non-citing or ignored exposed cases, treatment dates, remedy fidelity, or practical implementation. Use as bounded doctrinal-uptake context only, not as a practical-compliance rate or denominator-matched lowerCourtCompliance validation target."
masood-kassow-songer-2019-precedent-treatment,518 U.S. 149,https://doi.org/10.7910/DVN/DZZY7G,10.7910/DVN/DZZY7G,10.1086/703067,518 U.S. 149,"ARTHUR CALDERON, WARDEN v. CHARLES EDWARD MOORE, JR.",1995,1996-06-17,1995-074-01,116 S. Ct. 2066,1996 U.S. LEXIS 3883,9,no,no,yes,0,299,25,0,0,0,324,299,25,0.077160494,0.000000000,1.000000000,post-decision through 2016,"Aggregate Shepard's lower-court response categories attached to one formally argued U.S. Supreme Court precedent, covering the 12 regular federal circuits, their district courts, and state courts through 2016; Federal Circuit excluded","Automated reduction of the authors' public precedent-level replication file. The source aggregates Shepard's categories and does not expose individual lower-court opinions, non-citing or ignored exposed cases, treatment dates, remedy fidelity, or practical implementation. Use as bounded doctrinal-uptake context only, not as a practical-compliance rate or denominator-matched lowerCourtCompliance validation target."
masood-kassow-songer-2019-precedent-treatment,518 U.S. 152,https://doi.org/10.7910/DVN/DZZY7G,10.7910/DVN/DZZY7G,10.1086/703067,518 U.S. 152,"COLEMAN WAYNE GRAY v. J. D. NETHERLAND, WARDEN",1995,1996-06-20,1995-075-01,116 S. Ct. 2074,1996 U.S. LEXIS 4050,1,no,yes,yes,0,3739,528,1,12,13,4267,3752,541,0.123740333,0.003464819,0.975970425,post-decision through 2016,"Aggregate Shepard's lower-court response categories attached to one formally argued U.S. Supreme Court precedent, covering the 12 regular federal circuits, their district courts, and state courts through 2016; Federal Circuit excluded","Automated reduction of the authors' public precedent-level replication file. The source aggregates Shepard's categories and does not expose individual lower-court opinions, non-citing or ignored exposed cases, treatment dates, remedy fidelity, or practical implementation. Use as bounded doctrinal-uptake context only, not as a practical-compliance rate or denominator-matched lowerCourtCompliance validation target."
masood-kassow-songer-2019-precedent-treatment,518 U.S. 187,https://doi.org/10.7910/DVN/DZZY7G,10.7910/DVN/DZZY7G,10.1086/703067,518 U.S. 187,"JAMES GRIFFIN LANE v. FEDERICO F. PENA, SECRETARY OF TRANSPORTATION, et al.",1995,1996-06-20,1995-076-01,116 S. Ct. 2092,1996 U.S. LEXIS 4049,8,no,no,yes,1,1102,123,0,10,10,1225,1112,133,0.100408163,0.008992806,0.924812030,post-decision through 2016,"Aggregate Shepard's lower-court response categories attached to one formally argued U.S. Supreme Court precedent, covering the 12 regular federal circuits, their district courts, and state courts through 2016; Federal Circuit excluded","Automated reduction of the authors' public precedent-level replication file. The source aggregates Shepard's categories and does not expose individual lower-court opinions, non-citing or ignored exposed cases, treatment dates, remedy fidelity, or practical implementation. Use as bounded doctrinal-uptake context only, not as a practical-compliance rate or denominator-matched lowerCourtCompliance validation target."
masood-kassow-songer-2019-precedent-treatment,518 U.S. 213,https://doi.org/10.7910/DVN/DZZY7G,10.7910/DVN/DZZY7G,10.1086/703067,518 U.S. 213,"UNITED STATES v. REORGANIZED CF&I FABRICATORS OF UTAH, INC., et al.",1995,1996-06-20,1995-077-01,116 S. Ct. 2106,1996 U.S. LEXIS 4048,12,no,no,yes,0,145,26,0,3,3,171,148,29,0.152046784,0.020270270,0.896551724,post-decision through 2016,"Aggregate Shepard's lower-court response categories attached to one formally argued U.S. Supreme Court precedent, covering the 12 regular federal circuits, their district courts, and state courts through 2016; Federal Circuit excluded","Automated reduction of the authors' public precedent-level replication file. The source aggregates Shepard's categories and does not expose individual lower-court opinions, non-citing or ignored exposed cases, treatment dates, remedy fidelity, or practical implementation. Use as bounded doctrinal-uptake context only, not as a practical-compliance rate or denominator-matched lowerCourtCompliance validation target."
masood-kassow-songer-2019-precedent-treatment,518 U.S. 231,https://doi.org/10.7910/DVN/DZZY7G,10.7910/DVN/DZZY7G,10.1086/703067,518 U.S. 231,"ANTONY BROWN, et al. v. PRO FOOTBALL, INC., DBA WASHINGTON REDSKINS, et al.",1995,1996-06-20,1995-078-01,116 S. Ct. 2116,1996 U.S. LEXIS 4047,8,no,no,yes,0,59,9,0,10,10,68,69,19,0.132352941,0.144927536,0.473684211,post-decision through 2016,"Aggregate Shepard's lower-court response categories attached to one formally argued U.S. Supreme Court precedent, covering the 12 regular federal circuits, their district courts, and state courts through 2016; Federal Circuit excluded","Automated reduction of the authors' public precedent-level replication file. The source aggregates Shepard's categories and does not expose individual lower-court opinions, non-citing or ignored exposed cases, treatment dates, remedy fidelity, or practical implementation. Use as bounded doctrinal-uptake context only, not as a practical-compliance rate or denominator-matched lowerCourtCompliance validation target."
masood-kassow-songer-2019-precedent-treatment,518 U.S. 267,https://doi.org/10.7910/DVN/DZZY7G,10.7910/DVN/DZZY7G,10.1086/703067,518 U.S. 267,UNITED STATES v. GUY JEROME URSERY,1995,1996-06-24,1995-079-02,116 S. Ct. 2135,1996 U.S. LEXIS 4256,1,yes,yes,yes,0,1194,295,8,25,33,1489,1227,328,0.198119543,0.026894866,0.899390244,post-decision through 2016,"Aggregate Shepard's lower-court response categories attached to one formally argued U.S. Supreme Court precedent, covering the 12 regular federal circuits, their district courts, and state courts through 2016; Federal Circuit excluded","Automated reduction of the authors' public precedent-level replication file. The source aggregates Shepard's categories and does not expose individual lower-court opinions, non-citing or ignored exposed cases, treatment dates, remedy fidelity, or practical implementation. Use as bounded doctrinal-uptake context only, not as a practical-compliance rate or denominator-matched lowerCourtCompliance validation target."
masood-kassow-songer-2019-precedent-treatment,518 U.S. 322,https://doi.org/10.7910/DVN/DZZY7G,10.7910/DVN/DZZY7G,10.1086/703067,518 U.S. 322,RAY A. LEWIS v. UNITED STATES,1995,1996-06-24,1995-080-01,116 S. Ct. 2163,1996 U.S. LEXIS 4241,1,yes,yes,yes,1,114,26,0,3,3,140,117,29,0.185714286,0.025641026,0.896551724,post-decision through 2016,"Aggregate Shepard's lower-court response categories attached to one formally argued U.S. Supreme Court precedent, covering the 12 regular federal circuits, their district courts, and state courts through 2016; Federal Circuit excluded","Automated reduction of the authors' public precedent-level replication file. The source aggregates Shepard's categories and does not expose individual lower-court opinions, non-citing or ignored exposed cases, treatment dates, remedy fidelity, or practical implementation. Use as bounded doctrinal-uptake context only, not as a practical-compliance rate or denominator-matched lowerCourtCompliance validation target."
masood-kassow-songer-2019-precedent-treatment,518 U.S. 343,https://doi.org/10.7910/DVN/DZZY7G,10.7910/DVN/DZZY7G,10.1086/703067,518 U.S. 343,"SAMUEL A. LEWIS, DIRECTOR, ARIZONA DEPARTMENT OF CORRECTIONS, et al. v. FLETCHER",1995,1996-06-24,1995-081-01,116 S. Ct. 2174,1996 U.S. LEXIS 4220,4,no,no,yes,0,9373,3694,1,107,108,13067,9481,3802,0.282696870,0.011391203,0.971593898,post-decision through 2016,"Aggregate Shepard's lower-court response categories attached to one formally argued U.S. Supreme Court precedent, covering the 12 regular federal circuits, their district courts, and state courts through 2016; Federal Circuit excluded","Automated reduction of the authors' public precedent-level replication file. The source aggregates Shepard's categories and does not expose individual lower-court opinions, non-citing or ignored exposed cases, treatment dates, remedy fidelity, or practical implementation. Use as bounded doctrinal-uptake context only, not as a practical-compliance rate or denominator-matched lowerCourtCompliance validation target."
masood-kassow-songer-2019-precedent-treatment,518 U.S. 415,https://doi.org/10.7910/DVN/DZZY7G,10.7910/DVN/DZZY7G,10.1086/703067,518 U.S. 415,"WILLIAM GASPERINI v. CENTER FOR HUMANITIES, INC.",1995,1996-06-24,1995-082-01,116 S. Ct. 2211,1996 U.S. LEXIS 4051,9,yes,no,yes,1,1508,155,2,16,18,1663,1526,173,0.093205051,0.011795544,0.895953757,post-decision through 2016,"Aggregate Shepard's lower-court response categories attached to one formally argued U.S. Supreme Court precedent, covering the 12 regular federal circuits, their district courts, and state courts through 2016; Federal Circuit excluded","Automated reduction of the authors' public precedent-level replication file. The source aggregates Shepard's categories and does not expose individual lower-court opinions, non-citing or ignored exposed cases, treatment dates, remedy fidelity, or practical implementation. Use as bounded doctrinal-uptake context only, not as a practical-compliance rate or denominator-matched lowerCourtCompliance validation target."
masood-kassow-songer-2019-precedent-treatment,518 U.S. 470,https://doi.org/10.7910/DVN/DZZY7G,10.7910/DVN/DZZY7G,10.1086/703067,518 U.S. 470,"MEDTRONIC, INC. v. LORA LOHR ET VIR",1995,1996-06-26,1995-084-02,116 S. Ct. 2240,1996 U.S. LEXIS 4260,10,no,no,yes,8,1597,327,5,64,69,1924,1666,396,0.169958420,0.041416567,0.825757576,post-decision through 2016,"Aggregate Shepard's lower-court response categories attached to one formally argued U.S. Supreme Court precedent, covering the 12 regular federal circuits, their district courts, and state courts through 2016; Federal Circuit excluded","Automated reduction of the authors' public precedent-level replication file. The source aggregates Shepard's categories and does not expose individual lower-court opinions, non-citing or ignored exposed cases, treatment dates, remedy fidelity, or practical implementation. Use as bounded doctrinal-uptake context only, not as a practical-compliance rate or denominator-matched lowerCourtCompliance validation target."
masood-kassow-songer-2019-precedent-treatment,518 U.S. 515,https://doi.org/10.7910/DVN/DZZY7G,10.7910/DVN/DZZY7G,10.1086/703067,518 U.S. 515,UNITED STATES v. VIRGINIA et al.,1995,1996-06-26,1995-085-01,116 S. Ct. 2264,1996 U.S. LEXIS 4259,2,yes,no,yes,0,371,60,0,12,12,431,383,72,0.139211137,0.031331593,0.833333333,post-decision through 2016,"Aggregate Shepard's lower-court response categories attached to one formally argued U.S. Supreme Court precedent, covering the 12 regular federal circuits, their district courts, and state courts through 2016; Federal Circuit excluded","Automated reduction of the authors' public precedent-level replication file. The source aggregates Shepard's categories and does not expose individual lower-court opinions, non-citing or ignored exposed cases, treatment dates, remedy fidelity, or practical implementation. Use as bounded doctrinal-uptake context only, not as a practical-compliance rate or denominator-matched lowerCourtCompliance validation target."
masood-kassow-songer-2019-precedent-treatment,518 U.S. 604,https://doi.org/10.7910/DVN/DZZY7G,10.7910/DVN/DZZY7G,10.1086/703067,518 U.S. 604,"COLORADO REPUBLICAN FEDERAL CAMPAIGN COMMITTEE AND DOUGLAS JONES, TREASURER v. F",1995,1996-06-26,1995-086-01,116 S. Ct. 2309,1996 U.S. LEXIS 4258,3,no,no,yes,1,122,8,0,7,7,130,129,15,0.061538462,0.054263566,0.533333333,post-decision through 2016,"Aggregate Shepard's lower-court response categories attached to one formally argued U.S. Supreme Court precedent, covering the 12 regular federal circuits, their district courts, and state courts through 2016; Federal Circuit excluded","Automated reduction of the authors' public precedent-level replication file. The source aggregates Shepard's categories and does not expose individual lower-court opinions, non-citing or ignored exposed cases, treatment dates, remedy fidelity, or practical implementation. Use as bounded doctrinal-uptake context only, not as a practical-compliance rate or denominator-matched lowerCourtCompliance validation target."
masood-kassow-songer-2019-precedent-treatment,518 U.S. 651,https://doi.org/10.7910/DVN/DZZY7G,10.7910/DVN/DZZY7G,10.1086/703067,518 U.S. 651,"ELLIS WAYNE FELKER v. TONY TURPIN, WARDEN",1995,1996-06-28,1995-087-01,116 S. Ct. 2333,1996 U.S. LEXIS 4264,1,no,yes,yes,0,2754,184,0,19,19,2938,2773,203,0.062627638,0.006851785,0.906403941,post-decision through 2016,"Aggregate Shepard's lower-court response categories attached to one formally argued U.S. Supreme Court precedent, covering the 12 regular federal circuits, their district courts, and state courts through 2016; Federal Circuit excluded","Automated reduction of the authors' public precedent-level replication file. The source aggregates Shepard's categories and does not expose individual lower-court opinions, non-citing or ignored exposed cases, treatment dates, remedy fidelity, or practical implementation. Use as bounded doctrinal-uptake context only, not as a practical-compliance rate or denominator-matched lowerCourtCompliance validation target."
masood-kassow-songer-2019-precedent-treatment,518 U.S. 668,https://doi.org/10.7910/DVN/DZZY7G,10.7910/DVN/DZZY7G,10.1086/703067,518 U.S. 668,BD. OF COUNTY COMM'RS v. UMBEHR,1995,1996-06-28,1995-088-01,116 S. Ct. 2342,1996 U.S. LEXIS 4262,3,yes,no,yes,0,539,126,0,44,44,665,583,170,0.189473684,0.075471698,0.741176471,post-decision through 2016,"Aggregate Shepard's lower-court response categories attached to one formally argued U.S. Supreme Court precedent, covering the 12 regular federal circuits, their district courts, and state courts through 2016; Federal Circuit excluded","Automated reduction of the authors' public precedent-level replication file. The source aggregates Shepard's categories and does not expose individual lower-court opinions, non-citing or ignored exposed cases, treatment dates, remedy fidelity, or practical implementation. Use as bounded doctrinal-uptake context only, not as a practical-compliance rate or denominator-matched lowerCourtCompliance validation target."
masood-kassow-songer-2019-precedent-treatment,518 U.S. 712,https://doi.org/10.7910/DVN/DZZY7G,10.7910/DVN/DZZY7G,10.1086/703067,518 U.S. 712,"O'HARE TRUCK SERVICE, INCORPORATED, et al. v. CITY OF NORTHLAKE et al.",1995,1996-06-28,1995-089-01,116 S. Ct. 2353,1996 U.S. LEXIS 4263,3,yes,no,yes,0,198,33,0,19,19,231,217,52,0.142857143,0.087557604,0.634615385,post-decision through 2016,"Aggregate Shepard's lower-court response categories attached to one formally argued U.S. Supreme Court precedent, covering the 12 regular federal circuits, their district courts, and state courts through 2016; Federal Circuit excluded","Automated reduction of the authors' public precedent-level replication file. The source aggregates Shepard's categories and does not expose individual lower-court opinions, non-citing or ignored exposed cases, treatment dates, remedy fidelity, or practical implementation. Use as bounded doctrinal-uptake context only, not as a practical-compliance rate or denominator-matched lowerCourtCompliance validation target."
masood-kassow-songer-2019-precedent-treatment,518 U.S. 727,https://doi.org/10.7910/DVN/DZZY7G,10.7910/DVN/DZZY7G,10.1086/703067,518 U.S. 727,"DENVER AREA EDUCATIONAL TELECOMMUNICATIONS CONSORTIUM, INC., et al. v. FEDERAL C",1995,1996-06-28,1995-090-02,116 S. Ct. 2374,1996 U.S. LEXIS 4261,3,no,no,yes,0,155,11,2,7,9,166,164,20,0.066265060,0.054878049,0.550000000,post-decision through 2016,"Aggregate Shepard's lower-court response categories attached to one formally argued U.S. Supreme Court precedent, covering the 12 regular federal circuits, their district courts, and state courts through 2016; Federal Circuit excluded","Automated reduction of the authors' public precedent-level replication file. The source aggregates Shepard's categories and does not expose individual lower-court opinions, non-citing or ignored exposed cases, treatment dates, remedy fidelity, or practical implementation. Use as bounded doctrinal-uptake context only, not as a practical-compliance rate or denominator-matched lowerCourtCompliance validation target."
masood-kassow-songer-2019-precedent-treatment,518 U.S. 839,https://doi.org/10.7910/DVN/DZZY7G,10.7910/DVN/DZZY7G,10.1086/703067,518 U.S. 839,"UNITED STATES v. WINSTAR CORPORATION, et al.",1995,1996-07-01,1995-095-01,116 S. Ct. 2432,1996 U.S. LEXIS 4266,8,no,no,yes,0,299,37,1,27,28,336,327,65,0.110119048,0.085626911,0.569230769,post-decision through 2016,"Aggregate Shepard's lower-court response categories attached to one formally argued U.S. Supreme Court precedent, covering the 12 regular federal circuits, their district courts, and state courts through 2016; Federal Circuit excluded","Automated reduction of the authors' public precedent-level replication file. The source aggregates Shepard's categories and does not expose individual lower-court opinions, non-citing or ignored exposed cases, treatment dates, remedy fidelity, or practical implementation. Use as bounded doctrinal-uptake context only, not as a practical-compliance rate or denominator-matched lowerCourtCompliance validation target."
masood-kassow-songer-2019-precedent-treatment,518 U.S. 938,https://doi.org/10.7910/DVN/DZZY7G,10.7910/DVN/DZZY7G,10.1086/703067,518 U.S. 938,PENNSYLVANIA v. EDWIN LABRON,1995,1996-07-01,1995-096-02,116 S. Ct. 2485,1996 U.S. LEXIS 4268,1,no,yes,yes,0,599,121,2,5,7,720,606,128,0.168055556,0.011551155,0.945312500,post-decision through 2016,"Aggregate Shepard's lower-court response categories attached to one formally argued U.S. Supreme Court precedent, covering the 12 regular federal circuits, their district courts, and state courts through 2016; Federal Circuit excluded","Automated reduction of the authors' public precedent-level replication file. The source aggregates Shepard's categories and does not expose individual lower-court opinions, non-citing or ignored exposed cases, treatment dates, remedy fidelity, or practical implementation. Use as bounded doctrinal-uptake context only, not as a practical-compliance rate or denominator-matched lowerCourtCompliance validation target."
masood-kassow-songer-2019-precedent-treatment,519 U.S. 1,https://doi.org/10.7910/DVN/DZZY7G,10.7910/DVN/DZZY7G,10.1086/703067,519 U.S. 1,"UNITED STATES DEPARTMENT OF STATE, BUREAU OF CONSULAR AFFAIRS, et al. v. LEGAL A",1996,1996-10-21,1996-001-01,117 S. Ct. 378,1996 U.S. LEXIS 6557,,no,no,yes,0,7,0,0,0,0,7,7,0,0.000000000,0.000000000,,post-decision through 2016,"Aggregate Shepard's lower-court response categories attached to one formally argued U.S. Supreme Court precedent, covering the 12 regular federal circuits, their district courts, and state courts through 2016; Federal Circuit excluded","Automated reduction of the authors' public precedent-level replication file. The source aggregates Shepard's categories and does not expose individual lower-court opinions, non-citing or ignored exposed cases, treatment dates, remedy fidelity, or practical implementation. Use as bounded doctrinal-uptake context only, not as a practical-compliance rate or denominator-matched lowerCourtCompliance validation target."
masood-kassow-songer-2019-precedent-treatment,519 U.S. 2,https://doi.org/10.7910/DVN/DZZY7G,10.7910/DVN/DZZY7G,10.1086/703067,519 U.S. 2,CALIFORNIA et al. v. KENNETH DUANE ROY,1996,1996-11-04,1996-002-01,117 S. Ct. 337,1996 U.S. LEXIS 6589,1,no,yes,yes,1,543,80,1,8,9,623,552,89,0.128410915,0.016304348,0.898876404,post-decision through 2016,"Aggregate Shepard's lower-court response categories attached to one formally argued U.S. Supreme Court precedent, covering the 12 regular federal circuits, their district courts, and state courts through 2016; Federal Circuit excluded","Automated reduction of the authors' public precedent-level replication file. The source aggregates Shepard's categories and does not expose individual lower-court opinions, non-citing or ignored exposed cases, treatment dates, remedy fidelity, or practical implementation. Use as bounded doctrinal-uptake context only, not as a practical-compliance rate or denominator-matched lowerCourtCompliance validation target."
masood-kassow-songer-2019-precedent-treatment,519 U.S. 9,https://doi.org/10.7910/DVN/DZZY7G,10.7910/DVN/DZZY7G,10.1086/703067,519 U.S. 9,"VICKY M. LOPEZ, et al. v. MONTEREY COUNTY, CALIFORNIA, et al.",1996,1996-11-06,1996-003-01,117 S. Ct. 340,1996 U.S. LEXIS 6826,2,no,no,yes,0,44,13,0,2,2,57,46,15,0.228070175,0.043478261,0.866666667,post-decision through 2016,"Aggregate Shepard's lower-court response categories attached to one formally argued U.S. Supreme Court precedent, covering the 12 regular federal circuits, their district courts, and state courts through 2016; Federal Circuit excluded","Automated reduction of the authors' public precedent-level replication file. The source aggregates Shepard's categories and does not expose individual lower-court opinions, non-citing or ignored exposed cases, treatment dates, remedy fidelity, or practical implementation. Use as bounded doctrinal-uptake context only, not as a practical-compliance rate or denominator-matched lowerCourtCompliance validation target."
masood-kassow-songer-2019-precedent-treatment,519 U.S. 26,https://doi.org/10.7910/DVN/DZZY7G,10.7910/DVN/DZZY7G,10.1086/703067,519 U.S. 26,IMMIGRATION AND NATURALIZATION SERVICE v. YUEH-SHAIO YANG,1996,1996-11-13,1996-004-01,117 S. Ct. 350,1996 U.S. LEXIS 6962,2,no,no,yes,0,152,12,0,5,5,164,157,17,0.073170732,0.031847134,0.705882353,post-decision through 2016,"Aggregate Shepard's lower-court response categories attached to one formally argued U.S. Supreme Court precedent, covering the 12 regular federal circuits, their district courts, and state courts through 2016; Federal Circuit excluded","Automated reduction of the authors' public precedent-level replication file. The source aggregates Shepard's categories and does not expose individual lower-court opinions, non-citing or ignored exposed cases, treatment dates, remedy fidelity, or practical implementation. Use as bounded doctrinal-uptake context only, not as a practical-compliance rate or denominator-matched lowerCourtCompliance validation target."
masood-kassow-songer-2019-precedent-treatment,519 U.S. 33,https://doi.org/10.7910/DVN/DZZY7G,10.7910/DVN/DZZY7G,10.1086/703067,519 U.S. 33,OHIO v. ROBERT D. ROBINETTE,1996,1996-11-18,1996-005-01,117 S. Ct. 417,1996 U.S. LEXIS 6971,1,yes,yes,yes,0,1542,203,2,12,14,1745,1556,217,0.116332378,0.008997429,0.935483871,post-decision through 2016,"Aggregate Shepard's lower-court response categories attached to one formally argued U.S. Supreme Court precedent, covering the 12 regular federal circuits, their district courts, and state courts through 2016; Federal Circuit excluded","Automated reduction of the authors' public precedent-level replication file. The source aggregates Shepard's categories and does not expose individual lower-court opinions, non-citing or ignored exposed cases, treatment dates, remedy fidelity, or practical implementation. Use as bounded doctrinal-uptake context only, not as a practical-compliance rate or denominator-matched lowerCourtCompliance validation target."
masood-kassow-songer-2019-precedent-treatment,519 U.S. 54,https://doi.org/10.7910/DVN/DZZY7G,10.7910/DVN/DZZY7G,10.1086/703067,519 U.S. 54,"UNITED STATES et al. v. LADDIE F. JOSE, TRUSTEE OF JOSE BUSINESS TRUST, et al.",1996,1996-12-02,1996-006-01,117 S. Ct. 463,1996 U.S. LEXIS 7158,9,no,no,yes,0,11,2,0,0,0,13,11,2,0.153846154,0.000000000,1.000000000,post-decision through 2016,"Aggregate Shepard's lower-court response categories attached to one formally argued U.S. Supreme Court precedent, covering the 12 regular federal circuits, their district courts, and state courts through 2016; Federal Circuit excluded","Automated reduction of the authors' public precedent-level replication file. The source aggregates Shepard's categories and does not expose individual lower-court opinions, non-citing or ignored exposed cases, treatment dates, remedy fidelity, or practical implementation. Use as bounded doctrinal-uptake context only, not as a practical-compliance rate or denominator-matched lowerCourtCompliance validation target."
masood-kassow-songer-2019-precedent-treatment,519 U.S. 59,https://doi.org/10.7910/DVN/DZZY7G,10.7910/DVN/DZZY7G,10.1086/703067,519 U.S. 59,In re MARIA LUISA COSTELL GAYDOS,1996,1996-12-02,1996-007-01,117 S. Ct. 466,1996 U.S. LEXIS 7157,2,no,no,yes,0,4,0,0,0,0,4,4,0,0.000000000,0.000000000,,post-decision through 2016,"Aggregate Shepard's lower-court response categories attached to one formally argued U.S. Supreme Court precedent, covering the 12 regular federal circuits, their district courts, and state courts through 2016; Federal Circuit excluded","Automated reduction of the authors' public precedent-level replication file. The source aggregates Shepard's categories and does not expose individual lower-court opinions, non-citing or ignored exposed cases, treatment dates, remedy fidelity, or practical implementation. Use as bounded doctrinal-uptake context only, not as a practical-compliance rate or denominator-matched lowerCourtCompliance validation target."
masood-kassow-songer-2019-precedent-treatment,519 U.S. 61,https://doi.org/10.7910/DVN/DZZY7G,10.7910/DVN/DZZY7G,10.1086/703067,519 U.S. 61,CATERPILLAR INC. v. JAMES DAVID LEWIS,1996,1996-12-10,1996-008-01,117 S. Ct. 467,1996 U.S. LEXIS 7643,9,no,no,yes,0,1930,186,1,38,39,2116,1969,225,0.087901701,0.019807009,0.826666667,post-decision through 2016,"Aggregate Shepard's lower-court response categories attached to one formally argued U.S. Supreme Court precedent, covering the 12 regular federal circuits, their district courts, and state courts through 2016; Federal Circuit excluded","Automated reduction of the authors' public precedent-level replication file. The source aggregates Shepard's categories and does not expose individual lower-court opinions, non-citing or ignored exposed cases, treatment dates, remedy fidelity, or practical implementation. Use as bounded doctrinal-uptake context only, not as a practical-compliance rate or denominator-matched lowerCourtCompliance validation target."
masood-kassow-songer-2019-precedent-treatment,519 U.S. 79,https://doi.org/10.7910/DVN/DZZY7G,10.7910/DVN/DZZY7G,10.1086/703067,519 U.S. 79,"KEVIN M. O'GILVIE AND STEPHANIE L. O'GILVIE, MINORS v. UNITED STATES",1996,1996-12-10,1996-009-01,117 S. Ct. 452,1996 U.S. LEXIS 7642,12,no,no,yes,0,66,16,0,3,3,82,69,19,0.195121951,0.043478261,0.842105263,post-decision through 2016,"Aggregate Shepard's lower-court response categories attached to one formally argued U.S. Supreme Court precedent, covering the 12 regular federal circuits, their district courts, and state courts through 2016; Federal Circuit excluded","Automated reduction of the authors' public precedent-level replication file. The source aggregates Shepard's categories and does not expose individual lower-court opinions, non-citing or ignored exposed cases, treatment dates, remedy fidelity, or practical implementation. Use as bounded doctrinal-uptake context only, not as a practical-compliance rate or denominator-matched lowerCourtCompliance validation target."
masood-kassow-songer-2019-precedent-treatment,519 U.S. 102,https://doi.org/10.7910/DVN/DZZY7G,10.7910/DVN/DZZY7G,10.1086/703067,519 U.S. 102,"M. L. B. v. S. L. J., INDIVIDUALLY AND AS NEXT FRIEND OF THE MINOR CHILDREN, S. ",1996,1996-12-16,1996-010-01,117 S. Ct. 555,1996 U.S. LEXIS 7647,2,yes,no,yes,0,603,50,1,26,27,653,630,77,0.076569678,0.042857143,0.649350649,post-decision through 2016,"Aggregate Shepard's lower-court response categories attached to one formally argued U.S. Supreme Court precedent, covering the 12 regular federal circuits, their district courts, and state courts through 2016; Federal Circuit excluded","Automated reduction of the authors' public precedent-level replication file. The source aggregates Shepard's categories and does not expose individual lower-court opinions, non-citing or ignored exposed cases, treatment dates, remedy fidelity, or practical implementation. Use as bounded doctrinal-uptake context only, not as a practical-compliance rate or denominator-matched lowerCourtCompliance validation target."
masood-kassow-songer-2019-precedent-treatment,519 U.S. 145,https://doi.org/10.7910/DVN/DZZY7G,10.7910/DVN/DZZY7G,10.1086/703067,519 U.S. 145,DANIEL GREENE v. GEORGIA,1996,1996-12-16,1996-011-01,117 S. Ct. 578,1996 U.S. LEXIS 7648,9,no,no,yes,0,40,1,0,0,0,41,40,1,0.024390244,0.000000000,1.000000000,post-decision through 2016,"Aggregate Shepard's lower-court response categories attached to one formally argued U.S. Supreme Court precedent, covering the 12 regular federal circuits, their district courts, and state courts through 2016; Federal Circuit excluded","Automated reduction of the authors' public precedent-level replication file. The source aggregates Shepard's categories and does not expose individual lower-court opinions, non-citing or ignored exposed cases, treatment dates, remedy fidelity, or practical implementation. Use as bounded doctrinal-uptake context only, not as a practical-compliance rate or denominator-matched lowerCourtCompliance validation target."
masood-kassow-songer-2019-precedent-treatment,519 U.S. 148,https://doi.org/10.7910/DVN/DZZY7G,10.7910/DVN/DZZY7G,10.1086/703067,519 U.S. 148,UNITED STATES v. VERNON WATTS,1996,1997-01-06,1996-012-01,117 S. Ct. 633,1997 U.S. LEXIS 1,1,no,yes,yes,0,1027,189,5,22,27,1216,1054,216,0.155427632,0.025616698,0.875000000,post-decision through 2016,"Aggregate Shepard's lower-court response categories attached to one formally argued U.S. Supreme Court precedent, covering the 12 regular federal circuits, their district courts, and state courts through 2016; Federal Circuit excluded","Automated reduction of the authors' public precedent-level replication file. The source aggregates Shepard's categories and does not expose individual lower-court opinions, non-citing or ignored exposed cases, treatment dates, remedy fidelity, or practical implementation. Use as bounded doctrinal-uptake context only, not as a practical-compliance rate or denominator-matched lowerCourtCompliance validation target."
masood-kassow-songer-2019-precedent-treatment,519 U.S. 202,https://doi.org/10.7910/DVN/DZZY7G,10.7910/DVN/DZZY7G,10.1086/703067,519 U.S. 202,"DARLENE WALTERS 95-259 v. METROPOLITAN EDUCATIONAL ENTERPRISES, INC. AND LEONARD",1996,1997-01-14,1996-014-01,117 S. Ct. 660,1997 U.S. LEXIS 462,2,no,no,yes,0,306,72,0,6,6,378,312,78,0.190476190,0.019230769,0.923076923,post-decision through 2016,"Aggregate Shepard's lower-court response categories attached to one formally argued U.S. Supreme Court precedent, covering the 12 regular federal circuits, their district courts, and state courts through 2016; Federal Circuit excluded","Automated reduction of the authors' public precedent-level replication file. The source aggregates Shepard's categories and does not expose individual lower-court opinions, non-citing or ignored exposed cases, treatment dates, remedy fidelity, or practical implementation. Use as bounded doctrinal-uptake context only, not as a practical-compliance rate or denominator-matched lowerCourtCompliance validation target."
masood-kassow-songer-2019-precedent-treatment,519 U.S. 213,https://doi.org/10.7910/DVN/DZZY7G,10.7910/DVN/DZZY7G,10.1086/703067,519 U.S. 213,"JOHN W. ATHERTON, JR. v. FEDERAL DEPOSIT INSURANCE CORPORATION, AS RECEIVER FOR ",1996,1997-01-14,1996-015-01,117 S. Ct. 666,1997 U.S. LEXIS 461,8,no,no,yes,2,202,39,2,7,9,241,211,48,0.161825726,0.042654028,0.812500000,post-decision through 2016,"Aggregate Shepard's lower-court response categories attached to one formally argued U.S. Supreme Court precedent, covering the 12 regular federal circuits, their district courts, and state courts through 2016; Federal Circuit excluded","Automated reduction of the authors' public precedent-level replication file. The source aggregates Shepard's categories and does not expose individual lower-court opinions, non-citing or ignored exposed cases, treatment dates, remedy fidelity, or practical implementation. Use as bounded doctrinal-uptake context only, not as a practical-compliance rate or denominator-matched lowerCourtCompliance validation target."
masood-kassow-songer-2019-precedent-treatment,519 U.S. 233,https://doi.org/10.7910/DVN/DZZY7G,10.7910/DVN/DZZY7G,10.1086/703067,519 U.S. 233,"TOM GRIMMETT, TRUSTEE FOR THE BANKRUPTCY ESTATE OF VINCENT SIRAGUSA, AND JOANNE ",1996,1997-01-14,1996-016-01,117 S. Ct. 759,1997 U.S. LEXIS 463,9,no,no,yes,0,19,0,0,0,0,19,19,0,0.000000000,0.000000000,,post-decision through 2016,"Aggregate Shepard's lower-court response categories attached to one formally argued U.S. Supreme Court precedent, covering the 12 regular federal circuits, their district courts, and state courts through 2016; Federal Circuit excluded","Automated reduction of the authors' public precedent-level replication file. The source aggregates Shepard's categories and does not expose individual lower-court opinions, non-citing or ignored exposed cases, treatment dates, remedy fidelity, or practical implementation. Use as bounded doctrinal-uptake context only, not as a practical-compliance rate or denominator-matched lowerCourtCompliance validation target."
masood-kassow-songer-2019-precedent-treatment,519 U.S. 234,https://doi.org/10.7910/DVN/DZZY7G,10.7910/DVN/DZZY7G,10.1086/703067,519 U.S. 234,"BRUCE BABBITT, SECRETARY OF THE INTERIOR, et al. v. MARVIN K. YOUPEE, SR., et al",1996,1997-01-21,1996-017-01,117 S. Ct. 727,1997 U.S. LEXIS 469,4,no,no,yes,0,16,3,0,1,1,19,17,4,0.157894737,0.058823529,0.750000000,post-decision through 2016,"Aggregate Shepard's lower-court response categories attached to one formally argued U.S. Supreme Court precedent, covering the 12 regular federal circuits, their district courts, and state courts through 2016; Federal Circuit excluded","Automated reduction of the authors' public precedent-level replication file. The source aggregates Shepard's categories and does not expose individual lower-court opinions, non-citing or ignored exposed cases, treatment dates, remedy fidelity, or practical implementation. Use as bounded doctrinal-uptake context only, not as a practical-compliance rate or denominator-matched lowerCourtCompliance validation target."
masood-kassow-songer-2019-precedent-treatment,519 U.S. 248,https://doi.org/10.7910/DVN/DZZY7G,10.7910/DVN/DZZY7G,10.1086/703067,519 U.S. 248,"INGALLS SHIPBUILDING, INC., et al. v. DIRECTOR, OFFICE OF WORKERS' COMPENSATION ",1996,1997-02-18,1996-018-01,117 S. Ct. 796,1997 U.S. LEXIS 693,9,no,no,yes,0,40,5,0,2,2,45,42,7,0.111111111,0.047619048,0.714285714,post-decision through 2016,"Aggregate Shepard's lower-court response categories attached to one formally argued U.S. Supreme Court precedent, covering the 12 regular federal circuits, their district courts, and state courts through 2016; Federal Circuit excluded","Automated reduction of the authors' public precedent-level replication file. The source aggregates Shepard's categories and does not expose individual lower-court opinions, non-citing or ignored exposed cases, treatment dates, remedy fidelity, or practical implementation. Use as bounded doctrinal-uptake context only, not as a practical-compliance rate or denominator-matched lowerCourtCompliance validation target."
masood-kassow-songer-2019-precedent-treatment,519 U.S. 278,https://doi.org/10.7910/DVN/DZZY7G,10.7910/DVN/DZZY7G,10.1086/703067,519 U.S. 278,"GENERAL MOTORS CORPORATION v. ROGER W. TRACY, TAX COMMISSIONER OF OHIO",1996,1997-02-18,1996-019-01,117 S. Ct. 811,1997 U.S. LEXIS 692,8,yes,no,yes,0,234,39,1,16,17,273,251,56,0.142857143,0.067729084,0.696428571,post-decision through 2016,"Aggregate Shepard's lower-court response categories attached to one formally argued U.S. Supreme Court precedent, covering the 12 regular federal circuits, their district courts, and state courts through 2016; Federal Circuit excluded","Automated reduction of the authors' public precedent-level replication file. The source aggregates Shepard's categories and does not expose individual lower-court opinions, non-citing or ignored exposed cases, treatment dates, remedy fidelity, or practical implementation. Use as bounded doctrinal-uptake context only, not as a practical-compliance rate or denominator-matched lowerCourtCompliance validation target."
masood-kassow-songer-2019-precedent-treatment,519 U.S. 316,https://doi.org/10.7910/DVN/DZZY7G,10.7910/DVN/DZZY7G,10.1086/703067,519 U.S. 316,"CALIFORNIA DIVISION OF LABOR STANDARDS ENFORCEMENT, et al. v. DILLINGHAM CONSTRU",1996,1997-02-18,1996-020-01,117 S. Ct. 832,1997 U.S. LEXIS 691,10,no,no,yes,0,541,115,1,30,31,656,572,146,0.175304878,0.054195804,0.787671233,post-decision through 2016,"Aggregate Shepard's lower-court response categories attached to one formally argued U.S. Supreme Court precedent, covering the 12 regular federal circuits, their district courts, and state courts through 2016; Federal Circuit excluded","Automated reduction of the authors' public precedent-level replication file. The source aggregates Shepard's categories and does not expose individual lower-court opinions, non-citing or ignored exposed cases, treatment dates, remedy fidelity, or practical implementation. Use as bounded doctrinal-uptake context only, not as a practical-compliance rate or denominator-matched lowerCourtCompliance validation target."
masood-kassow-songer-2019-precedent-treatment,519 U.S. 337,https://doi.org/10.7910/DVN/DZZY7G,10.7910/DVN/DZZY7G,10.1086/703067,519 U.S. 337,"CHARLES T. ROBINSON, SR. v. SHELL OIL COMPANY",1996,1997-02-18,1996-021-01,117 S. Ct. 843,1997 U.S. LEXIS 690,2,no,no,yes,1,1477,195,1,28,29,1672,1506,224,0.116626794,0.019256308,0.870535714,post-decision through 2016,"Aggregate Shepard's lower-court response categories attached to one formally argued U.S. Supreme Court precedent, covering the 12 regular federal circuits, their district courts, and state courts through 2016; Federal Circuit excluded","Automated reduction of the authors' public precedent-level replication file. The source aggregates Shepard's categories and does not expose individual lower-court opinions, non-citing or ignored exposed cases, treatment dates, remedy fidelity, or practical implementation. Use as bounded doctrinal-uptake context only, not as a practical-compliance rate or denominator-matched lowerCourtCompliance validation target."
masood-kassow-songer-2019-precedent-treatment,519 U.S. 347,https://doi.org/10.7910/DVN/DZZY7G,10.7910/DVN/DZZY7G,10.1086/703067,519 U.S. 347,"UNITED STATES v. MARIAN BROCKAMP, ADMINISTRATOR OF THE ESTATE OF STANLEY B. MCGI",1996,1997-02-18,1996-022-02,117 S. Ct. 849,1997 U.S. LEXIS 689,12,no,no,yes,0,261,67,4,38,42,328,303,109,0.204268293,0.138613861,0.614678899,post-decision through 2016,"Aggregate Shepard's lower-court response categories attached to one formally argued U.S. Supreme Court precedent, covering the 12 regular federal circuits, their district courts, and state courts through 2016; Federal Circuit excluded","Automated reduction of the authors' public precedent-level replication file. The source aggregates Shepard's categories and does not expose individual lower-court opinions, non-citing or ignored exposed cases, treatment dates, remedy fidelity, or practical implementation. Use as bounded doctrinal-uptake context only, not as a practical-compliance rate or denominator-matched lowerCourtCompliance validation target."
masood-kassow-songer-2019-precedent-treatment,519 U.S. 355,https://doi.org/10.7910/DVN/DZZY7G,10.7910/DVN/DZZY7G,10.1086/703067,519 U.S. 355,"D. DEAN BIBLES, DIRECTOR, OREGON BUREAU OF LAND MANAGEMENT v. OREGON NATURAL DES",1996,1997-02-18,1996-023-01,117 S. Ct. 795,1997 U.S. LEXIS 688,5,no,no,yes,0,57,9,0,2,2,66,59,11,0.136363636,0.033898305,0.818181818,post-decision through 2016,"Aggregate Shepard's lower-court response categories attached to one formally argued U.S. Supreme Court precedent, covering the 12 regular federal circuits, their district courts, and state courts through 2016; Federal Circuit excluded","Automated reduction of the authors' public precedent-level replication file. The source aggregates Shepard's categories and does not expose individual lower-court opinions, non-citing or ignored exposed cases, treatment dates, remedy fidelity, or practical implementation. Use as bounded doctrinal-uptake context only, not as a practical-compliance rate or denominator-matched lowerCourtCompliance validation target."
masood-kassow-songer-2019-precedent-treatment,519 U.S. 357,https://doi.org/10.7910/DVN/DZZY7G,10.7910/DVN/DZZY7G,10.1086/703067,519 U.S. 357,PAUL SCHENCK AND DWIGHT SAUNDERS v. PRO-CHOICE NETWORK OF WESTERN NEW YORK et al,1996,1997-02-19,1996-024-01,117 S. Ct. 855,1997 U.S. LEXIS 1270,5,yes,no,yes,1,183,29,1,23,24,212,207,53,0.136792453,0.115942029,0.547169811,post-decision through 2016,"Aggregate Shepard's lower-court response categories attached to one formally argued U.S. Supreme Court precedent, covering the 12 regular federal circuits, their district courts, and state courts through 2016; Federal Circuit excluded","Automated reduction of the authors' public precedent-level replication file. The source aggregates Shepard's categories and does not expose individual lower-court opinions, non-citing or ignored exposed cases, treatment dates, remedy fidelity, or practical implementation. Use as bounded doctrinal-uptake context only, not as a practical-compliance rate or denominator-matched lowerCourtCompliance validation target."
masood-kassow-songer-2019-precedent-treatment,519 U.S. 408,https://doi.org/10.7910/DVN/DZZY7G,10.7910/DVN/DZZY7G,10.1086/703067,519 U.S. 408,MARYLAND v. JERRY LEE WILSON,1996,1997-02-19,1996-026-01,117 S. Ct. 882,1997 U.S. LEXIS 1271,1,yes,yes,yes,0,1231,197,7,34,41,1428,1272,238,0.137955182,0.032232704,0.827731092,post-decision through 2016,"Aggregate Shepard's lower-court response categories attached to one formally argued U.S. Supreme Court precedent, covering the 12 regular federal circuits, their district courts, and state courts through 2016; Federal Circuit excluded","Automated reduction of the authors' public precedent-level replication file. The source aggregates Shepard's categories and does not expose individual lower-court opinions, non-citing or ignored exposed cases, treatment dates, remedy fidelity, or practical implementation. Use as bounded doctrinal-uptake context only, not as a practical-compliance rate or denominator-matched lowerCourtCompliance validation target."
masood-kassow-songer-2019-precedent-treatment,519 U.S. 425,https://doi.org/10.7910/DVN/DZZY7G,10.7910/DVN/DZZY7G,10.1086/703067,519 U.S. 425,"REGENTS OF THE UNIVERSITY OF CALIFORNIA, et al. v. JOHN DOE ETC.",1996,1997-02-19,1996-027-01,117 S. Ct. 900,1997 U.S. LEXIS 1268,8,yes,no,yes,0,1178,132,0,4,4,1310,1182,136,0.100763359,0.003384095,0.970588235,post-decision through 2016,"Aggregate Shepard's lower-court response categories attached to one formally argued U.S. Supreme Court precedent, covering the 12 regular federal circuits, their district courts, and state courts through 2016; Federal Circuit excluded","Automated reduction of the authors' public precedent-level replication file. The source aggregates Shepard's categories and does not expose individual lower-court opinions, non-citing or ignored exposed cases, treatment dates, remedy fidelity, or practical implementation. Use as bounded doctrinal-uptake context only, not as a practical-compliance rate or denominator-matched lowerCourtCompliance validation target."
masood-kassow-songer-2019-precedent-treatment,519 U.S. 433,https://doi.org/10.7910/DVN/DZZY7G,10.7910/DVN/DZZY7G,10.1086/703067,519 U.S. 433,"KENNETH LYNCE v. HAMILTON MATHIS, SUPERINTENDENT, TOMOKA CORRECTIONAL INSTITUTIO",1996,1997-02-19,1996-028-01,117 S. Ct. 891,1997 U.S. LEXIS 1269,1,yes,yes,yes,2,681,172,1,72,73,853,754,245,0.201641266,0.096816976,0.702040816,post-decision through 2016,"Aggregate Shepard's lower-court response categories attached to one formally argued U.S. Supreme Court precedent, covering the 12 regular federal circuits, their district courts, and state courts through 2016; Federal Circuit excluded","Automated reduction of the authors' public precedent-level replication file. The source aggregates Shepard's categories and does not expose individual lower-court opinions, non-citing or ignored exposed cases, treatment dates, remedy fidelity, or practical implementation. Use as bounded doctrinal-uptake context only, not as a practical-compliance rate or denominator-matched lowerCourtCompliance validation target."
masood-kassow-songer-2019-precedent-treatment,519 U.S. 452,https://doi.org/10.7910/DVN/DZZY7G,10.7910/DVN/DZZY7G,10.1086/703067,519 U.S. 452,"FRANCIS BERNARD AUER, et al. v. DAVID A. ROBBINS et al.",1996,1997-02-19,1996-029-01,117 S. Ct. 905,1997 U.S. LEXIS 1272,7,no,no,yes,5,1299,336,12,82,94,1635,1393,430,0.205504587,0.067480258,0.781395349,post-decision through 2016,"Aggregate Shepard's lower-court response categories attached to one formally argued U.S. Supreme Court precedent, covering the 12 regular federal circuits, their district courts, and state courts through 2016; Federal Circuit excluded","Automated reduction of the authors' public precedent-level replication file. The source aggregates Shepard's categories and does not expose individual lower-court opinions, non-citing or ignored exposed cases, treatment dates, remedy fidelity, or practical implementation. Use as bounded doctrinal-uptake context only, not as a practical-compliance rate or denominator-matched lowerCourtCompliance validation target."
masood-kassow-songer-2019-precedent-treatment,519 U.S. 465,https://doi.org/10.7910/DVN/DZZY7G,10.7910/DVN/DZZY7G,10.1086/703067,519 U.S. 465,"WILLIAM C. DUNN AND DELTA CONSULTANTS, INC. v. COMMODITY FUTURES TRADING COMMISS",1996,1997-02-25,1996-030-01,117 S. Ct. 913,1997 U.S. LEXIS 1451,8,no,no,yes,0,99,5,0,2,2,104,101,7,0.048076923,0.019801980,0.714285714,post-decision through 2016,"Aggregate Shepard's lower-court response categories attached to one formally argued U.S. Supreme Court precedent, covering the 12 regular federal circuits, their district courts, and state courts through 2016; Federal Circuit excluded","Automated reduction of the authors' public precedent-level replication file. The source aggregates Shepard's categories and does not expose individual lower-court opinions, non-citing or ignored exposed cases, treatment dates, remedy fidelity, or practical implementation. Use as bounded doctrinal-uptake context only, not as a practical-compliance rate or denominator-matched lowerCourtCompliance validation target."
masood-kassow-songer-2019-precedent-treatment,519 U.S. 482,https://doi.org/10.7910/DVN/DZZY7G,10.7910/DVN/DZZY7G,10.1086/703067,519 U.S. 482,UNITED STATES v. JERRY E. WELLS AND KENNETH R. STEELE,1996,1997-02-26,1996-031-01,117 S. Ct. 921,1997 U.S. LEXIS 1452,1,no,yes,yes,0,311,40,0,6,6,351,317,46,0.113960114,0.018927445,0.869565217,post-decision through 2016,"Aggregate Shepard's lower-court response categories attached to one formally argued U.S. Supreme Court precedent, covering the 12 regular federal circuits, their district courts, and state courts through 2016; Federal Circuit excluded","Automated reduction of the authors' public precedent-level replication file. The source aggregates Shepard's categories and does not expose individual lower-court opinions, non-citing or ignored exposed cases, treatment dates, remedy fidelity, or practical implementation. Use as bounded doctrinal-uptake context only, not as a practical-compliance rate or denominator-matched lowerCourtCompliance validation target."
masood-kassow-songer-2019-precedent-treatment,520 U.S. 1,https://doi.org/10.7910/DVN/DZZY7G,10.7910/DVN/DZZY7G,10.1086/703067,520 U.S. 1,"UNITED STATES v. MIGUEL GONZALES, ORLENIS HERNANDEZ-DIAZ AND MARIO PEREZ",1996,1997-03-03,1996-032-01,117 S. Ct. 1032,1997 U.S. LEXIS 1489,1,no,yes,yes,0,354,36,0,3,3,390,357,39,0.092307692,0.008403361,0.923076923,post-decision through 2016,"Aggregate Shepard's lower-court response categories attached to one formally argued U.S. Supreme Court precedent, covering the 12 regular federal circuits, their district courts, and state courts through 2016; Federal Circuit excluded","Automated reduction of the authors' public precedent-level replication file. The source aggregates Shepard's categories and does not expose individual lower-court opinions, non-citing or ignored exposed cases, treatment dates, remedy fidelity, or practical implementation. Use as bounded doctrinal-uptake context only, not as a practical-compliance rate or denominator-matched lowerCourtCompliance validation target."
masood-kassow-songer-2019-precedent-treatment,520 U.S. 17,https://doi.org/10.7910/DVN/DZZY7G,10.7910/DVN/DZZY7G,10.1086/703067,520 U.S. 17,"WARNER-JENKINSON COMPANY, INC., et al. v. HILTON DAVIS CHEMICAL CO.",1996,1997-03-03,1996-033-01,117 S. Ct. 1040,1997 U.S. LEXIS 1476,8,no,no,yes,0,1274,300,0,6,6,1574,1280,306,0.190597205,0.004687500,0.980392157,post-decision through 2016,"Aggregate Shepard's lower-court response categories attached to one formally argued U.S. Supreme Court precedent, covering the 12 regular federal circuits, their district courts, and state courts through 2016; Federal Circuit excluded","Automated reduction of the authors' public precedent-level replication file. The source aggregates Shepard's categories and does not expose individual lower-court opinions, non-citing or ignored exposed cases, treatment dates, remedy fidelity, or practical implementation. Use as bounded doctrinal-uptake context only, not as a practical-compliance rate or denominator-matched lowerCourtCompliance validation target."
masood-kassow-songer-2019-precedent-treatment,520 U.S. 43,https://doi.org/10.7910/DVN/DZZY7G,10.7910/DVN/DZZY7G,10.1086/703067,520 U.S. 43,ARIZONANS FOR OFFICIAL ENGLISH AND ROBERT D. PARK v. ARIZONA et al.,1996,1997-03-03,1996-034-01,117 S. Ct. 1055,1997 U.S. LEXIS 1455,9,no,no,yes,0,1508,156,0,26,26,1664,1534,182,0.093750000,0.016949153,0.857142857,post-decision through 2016,"Aggregate Shepard's lower-court response categories attached to one formally argued U.S. Supreme Court precedent, covering the 12 regular federal circuits, their district courts, and state courts through 2016; Federal Circuit excluded","Automated reduction of the authors' public precedent-level replication file. The source aggregates Shepard's categories and does not expose individual lower-court opinions, non-citing or ignored exposed cases, treatment dates, remedy fidelity, or practical implementation. Use as bounded doctrinal-uptake context only, not as a practical-compliance rate or denominator-matched lowerCourtCompliance validation target."
masood-kassow-songer-2019-precedent-treatment,520 U.S. 83,https://doi.org/10.7910/DVN/DZZY7G,10.7910/DVN/DZZY7G,10.1086/703067,520 U.S. 83,"GUY E. ADAMS, et al. v. CHARLIE FRANK ROBERTSON AND LIBERTY NATIONAL LIFE INSURA",1996,1997-03-03,1996-035-01,117 S. Ct. 1028,1997 U.S. LEXIS 1490,9,no,no,yes,0,46,5,0,0,0,51,46,5,0.098039216,0.000000000,1.000000000,post-decision through 2016,"Aggregate Shepard's lower-court response categories attached to one formally argued U.S. Supreme Court precedent, covering the 12 regular federal circuits, their district courts, and state courts through 2016; Federal Circuit excluded","Automated reduction of the authors' public precedent-level replication file. The source aggregates Shepard's categories and does not expose individual lower-court opinions, non-citing or ignored exposed cases, treatment dates, remedy fidelity, or practical implementation. Use as bounded doctrinal-uptake context only, not as a practical-compliance rate or denominator-matched lowerCourtCompliance validation target."
masood-kassow-songer-2019-precedent-treatment,520 U.S. 143,https://doi.org/10.7910/DVN/DZZY7G,10.7910/DVN/DZZY7G,10.1086/703067,520 U.S. 143,"LEROY L. YOUNG, et al. v. ERNEST EUGENE HARPER",1996,1997-03-18,1996-037-01,117 S. Ct. 1148,1997 U.S. LEXIS 1919,4,no,no,yes,0,105,19,0,14,14,124,119,33,0.153225806,0.117647059,0.575757576,post-decision through 2016,"Aggregate Shepard's lower-court response categories attached to one formally argued U.S. Supreme Court precedent, covering the 12 regular federal circuits, their district courts, and state courts through 2016; Federal Circuit excluded","Automated reduction of the authors' public precedent-level replication file. The source aggregates Shepard's categories and does not expose individual lower-court opinions, non-citing or ignored exposed cases, treatment dates, remedy fidelity, or practical implementation. Use as bounded doctrinal-uptake context only, not as a practical-compliance rate or denominator-matched lowerCourtCompliance validation target."
masood-kassow-songer-2019-precedent-treatment,520 U.S. 93,https://doi.org/10.7910/DVN/DZZY7G,10.7910/DVN/DZZY7G,10.1086/703067,520 U.S. 93,"COMMISSIONER OF INTERNAL REVENUE v. ESTATE OF OTIS C. HUBERT, DECEASED, C & S SO",1996,1997-03-18,1996-036-01,117 S. Ct. 1124,1997 U.S. LEXIS 1920,12,no,no,yes,0,11,1,0,3,3,12,14,4,0.083333333,0.214285714,0.250000000,post-decision through 2016,"Aggregate Shepard's lower-court response categories attached to one formally argued U.S. Supreme Court precedent, covering the 12 regular federal circuits, their district courts, and state courts through 2016; Federal Circuit excluded","Automated reduction of the authors' public precedent-level replication file. The source aggregates Shepard's categories and does not expose individual lower-court opinions, non-citing or ignored exposed cases, treatment dates, remedy fidelity, or practical implementation. Use as bounded doctrinal-uptake context only, not as a practical-compliance rate or denominator-matched lowerCourtCompliance validation target."
masood-kassow-songer-2019-precedent-treatment,520 U.S. 154,https://doi.org/10.7910/DVN/DZZY7G,10.7910/DVN/DZZY7G,10.1086/703067,520 U.S. 154,"BRAD BENNETT, et al. v. MICHAEL SPEAR, et al.",1996,1997-03-19,1996-038-01,117 S. Ct. 1154,1997 U.S. LEXIS 1921,9,yes,no,yes,0,1615,795,2,67,69,2410,1684,864,0.329875519,0.040973872,0.920138889,post-decision through 2016,"Aggregate Shepard's lower-court response categories attached to one formally argued U.S. Supreme Court precedent, covering the 12 regular federal circuits, their district courts, and state courts through 2016; Federal Circuit excluded","Automated reduction of the authors' public precedent-level replication file. The source aggregates Shepard's categories and does not expose individual lower-court opinions, non-citing or ignored exposed cases, treatment dates, remedy fidelity, or practical implementation. Use as bounded doctrinal-uptake context only, not as a practical-compliance rate or denominator-matched lowerCourtCompliance validation target."
masood-kassow-songer-2019-precedent-treatment,520 U.S. 180,https://doi.org/10.7910/DVN/DZZY7G,10.7910/DVN/DZZY7G,10.1086/703067,520 U.S. 180,"TURNER BROADCASTING SYSTEM, INC., et al. v. FEDERAL COMMUNICATIONS COMMISSION et",1996,1997-03-31,1996-039-01,117 S. Ct. 1174,1997 U.S. LEXIS 2078,3,no,no,yes,0,173,36,0,10,10,209,183,46,0.172248804,0.054644809,0.782608696,post-decision through 2016,"Aggregate Shepard's lower-court response categories attached to one formally argued U.S. Supreme Court precedent, covering the 12 regular federal circuits, their district courts, and state courts through 2016; Federal Circuit excluded","Automated reduction of the authors' public precedent-level replication file. The source aggregates Shepard's categories and does not expose individual lower-court opinions, non-citing or ignored exposed cases, treatment dates, remedy fidelity, or practical implementation. Use as bounded doctrinal-uptake context only, not as a practical-compliance rate or denominator-matched lowerCourtCompliance validation target."
masood-kassow-songer-2019-precedent-treatment,520 U.S. 259,https://doi.org/10.7910/DVN/DZZY7G,10.7910/DVN/DZZY7G,10.1086/703067,520 U.S. 259,UNITED STATES v. DAVID W. LANIER,1996,1997-03-31,1996-040-01,117 S. Ct. 1219,1997 U.S. LEXIS 2079,1,no,yes,yes,0,1481,217,0,15,15,1698,1496,232,0.127797409,0.010026738,0.935344828,post-decision through 2016,"Aggregate Shepard's lower-court response categories attached to one formally argued U.S. Supreme Court precedent, covering the 12 regular federal circuits, their district courts, and state courts through 2016; Federal Circuit excluded","Automated reduction of the authors' public precedent-level replication file. The source aggregates Shepard's categories and does not expose individual lower-court opinions, non-citing or ignored exposed cases, treatment dates, remedy fidelity, or practical implementation. Use as bounded doctrinal-uptake context only, not as a practical-compliance rate or denominator-matched lowerCourtCompliance validation target."
masood-kassow-songer-2019-precedent-treatment,520 U.S. 273,https://doi.org/10.7910/DVN/DZZY7G,10.7910/DVN/DZZY7G,10.1086/703067,520 U.S. 273,"THOMAS YOUNG, et al. v. KIRK FORDICE et al.",1996,1997-03-31,1996-041-01,117 S. Ct. 1228,1997 U.S. LEXIS 2076,2,no,no,yes,0,39,3,0,4,4,42,43,7,0.071428571,0.093023256,0.428571429,post-decision through 2016,"Aggregate Shepard's lower-court response categories attached to one formally argued U.S. Supreme Court precedent, covering the 12 regular federal circuits, their district courts, and state courts through 2016; Federal Circuit excluded","Automated reduction of the authors' public precedent-level replication file. The source aggregates Shepard's categories and does not expose individual lower-court opinions, non-citing or ignored exposed cases, treatment dates, remedy fidelity, or practical implementation. Use as bounded doctrinal-uptake context only, not as a practical-compliance rate or denominator-matched lowerCourtCompliance validation target."
masood-kassow-songer-2019-precedent-treatment,520 U.S. 292,https://doi.org/10.7910/DVN/DZZY7G,10.7910/DVN/DZZY7G,10.1086/703067,520 U.S. 292,"MARTIN D. LAMBERT, GALLATIN COUNTY ATTORNEY v. SUSAN WICKLUND et al.",1996,1997-03-31,1996-042-01,117 S. Ct. 1169,1997 U.S. LEXIS 2077,5,no,no,yes,0,32,5,0,4,4,37,36,9,0.135135135,0.111111111,0.555555556,post-decision through 2016,"Aggregate Shepard's lower-court response categories attached to one formally argued U.S. Supreme Court precedent, covering the 12 regular federal circuits, their district courts, and state courts through 2016; Federal Circuit excluded","Automated reduction of the authors' public precedent-level replication file. The source aggregates Shepard's categories and does not expose individual lower-court opinions, non-citing or ignored exposed cases, treatment dates, remedy fidelity, or practical implementation. Use as bounded doctrinal-uptake context only, not as a practical-compliance rate or denominator-matched lowerCourtCompliance validation target."
masood-kassow-songer-2019-precedent-treatment,520 U.S. 303,https://doi.org/10.7910/DVN/DZZY7G,10.7910/DVN/DZZY7G,10.1086/703067,520 U.S. 303,In re EILEEN VEY,1996,1997-04-14,1996-043-01,117 S. Ct. 1294,1997 U.S. LEXIS 2219,2,no,no,yes,0,12,2,0,1,1,14,13,3,0.142857143,0.076923077,0.666666667,post-decision through 2016,"Aggregate Shepard's lower-court response categories attached to one formally argued U.S. Supreme Court precedent, covering the 12 regular federal circuits, their district courts, and state courts through 2016; Federal Circuit excluded","Automated reduction of the authors' public precedent-level replication file. The source aggregates Shepard's categories and does not expose individual lower-court opinions, non-citing or ignored exposed cases, treatment dates, remedy fidelity, or practical implementation. Use as bounded doctrinal-uptake context only, not as a practical-compliance rate or denominator-matched lowerCourtCompliance validation target."
masood-kassow-songer-2019-precedent-treatment,520 U.S. 305,https://doi.org/10.7910/DVN/DZZY7G,10.7910/DVN/DZZY7G,10.1086/703067,520 U.S. 305,"WALKER L. CHANDLER, et al. v. ZELL D. MILLER, GOVERNOR OF GEORGIA, et al.",1996,1997-04-15,1996-044-01,117 S. Ct. 1295,1997 U.S. LEXIS 2505,5,yes,no,yes,0,279,61,0,19,19,340,298,80,0.179411765,0.063758389,0.762500000,post-decision through 2016,"Aggregate Shepard's lower-court response categories attached to one formally argued U.S. Supreme Court precedent, covering the 12 regular federal circuits, their district courts, and state courts through 2016; Federal Circuit excluded","Automated reduction of the authors' public precedent-level replication file. The source aggregates Shepard's categories and does not expose individual lower-court opinions, non-citing or ignored exposed cases, treatment dates, remedy fidelity, or practical implementation. Use as bounded doctrinal-uptake context only, not as a practical-compliance rate or denominator-matched lowerCourtCompliance validation target."
masood-kassow-songer-2019-precedent-treatment,520 U.S. 329,https://doi.org/10.7910/DVN/DZZY7G,10.7910/DVN/DZZY7G,10.1086/703067,520 U.S. 329,"LINDA J. BLESSING, DIRECTOR, ARIZONA DEPARTMENT OF ECONOMIC SECURITY v. CATHY FR",1996,1997-04-21,1996-045-01,117 S. Ct. 1353,1997 U.S. LEXIS 2506,9,no,no,yes,0,712,434,11,28,39,1146,751,473,0.378708551,0.051930759,0.917547569,post-decision through 2016,"Aggregate Shepard's lower-court response categories attached to one formally argued U.S. Supreme Court precedent, covering the 12 regular federal circuits, their district courts, and state courts through 2016; Federal Circuit excluded","Automated reduction of the authors' public precedent-level replication file. The source aggregates Shepard's categories and does not expose individual lower-court opinions, non-citing or ignored exposed cases, treatment dates, remedy fidelity, or practical implementation. Use as bounded doctrinal-uptake context only, not as a practical-compliance rate or denominator-matched lowerCourtCompliance validation target."
masood-kassow-songer-2019-precedent-treatment,520 U.S. 351,https://doi.org/10.7910/DVN/DZZY7G,10.7910/DVN/DZZY7G,10.1086/703067,520 U.S. 351,"MICHELE L. TIMMONS, ACTING DIRECTOR, RAMSEY COUNTY DEPARTMENT OF PROPERTY RECORD",1996,1997-04-28,1996-046-01,117 S. Ct. 1364,1997 U.S. LEXIS 2796,2,yes,no,yes,6,277,85,0,16,16,362,293,101,0.234806630,0.054607509,0.841584158,post-decision through 2016,"Aggregate Shepard's lower-court response categories attached to one formally argued U.S. Supreme Court precedent, covering the 12 regular federal circuits, their district courts, and state courts through 2016; Federal Circuit excluded","Automated reduction of the authors' public precedent-level replication file. The source aggregates Shepard's categories and does not expose individual lower-court opinions, non-citing or ignored exposed cases, treatment dates, remedy fidelity, or practical implementation. Use as bounded doctrinal-uptake context only, not as a practical-compliance rate or denominator-matched lowerCourtCompliance validation target."
masood-kassow-songer-2019-precedent-treatment,520 U.S. 385,https://doi.org/10.7910/DVN/DZZY7G,10.7910/DVN/DZZY7G,10.1086/703067,520 U.S. 385,STEINEY RICHARDS v. WISCONSIN,1996,1997-04-28,1996-047-01,117 S. Ct. 1416,1997 U.S. LEXIS 2794,1,yes,yes,yes,1,650,206,2,16,18,856,668,224,0.240654206,0.026946108,0.919642857,post-decision through 2016,"Aggregate Shepard's lower-court response categories attached to one formally argued U.S. Supreme Court precedent, covering the 12 regular federal circuits, their district courts, and state courts through 2016; Federal Circuit excluded","Automated reduction of the authors' public precedent-level replication file. The source aggregates Shepard's categories and does not expose individual lower-court opinions, non-citing or ignored exposed cases, treatment dates, remedy fidelity, or practical implementation. Use as bounded doctrinal-uptake context only, not as a practical-compliance rate or denominator-matched lowerCourtCompliance validation target."
masood-kassow-songer-2019-precedent-treatment,520 U.S. 397,https://doi.org/10.7910/DVN/DZZY7G,10.7910/DVN/DZZY7G,10.1086/703067,520 U.S. 397,"BOARD OF THE COUNTY COMMISSIONERS OF BRYAN COUNTY, OKLAHOMA v. JILL BROWN et al.",1996,1997-04-28,1996-048-01,117 S. Ct. 1382,1997 U.S. LEXIS 2793,2,no,no,yes,0,6329,2106,0,62,62,8435,6391,2168,0.249673977,0.009701142,0.971402214,post-decision through 2016,"Aggregate Shepard's lower-court response categories attached to one formally argued U.S. Supreme Court precedent, covering the 12 regular federal circuits, their district courts, and state courts through 2016; Federal Circuit excluded","Automated reduction of the authors' public precedent-level replication file. The source aggregates Shepard's categories and does not expose individual lower-court opinions, non-citing or ignored exposed cases, treatment dates, remedy fidelity, or practical implementation. Use as bounded doctrinal-uptake context only, not as a practical-compliance rate or denominator-matched lowerCourtCompliance validation target."
masood-kassow-songer-2019-precedent-treatment,520 U.S. 438,https://doi.org/10.7910/DVN/DZZY7G,10.7910/DVN/DZZY7G,10.1086/703067,520 U.S. 438,"WILLIAM STRATE, ASSOCIATE TRIBAL JUDGE, TRIBAL COURT OF THE THREE AFFILIATED TRI",1996,1997-04-28,1996-049-01,117 S. Ct. 1404,1997 U.S. LEXIS 2795,2,no,no,yes,1,268,78,1,44,45,346,313,123,0.225433526,0.143769968,0.634146341,post-decision through 2016,"Aggregate Shepard's lower-court response categories attached to one formally argued U.S. Supreme Court precedent, covering the 12 regular federal circuits, their district courts, and state courts through 2016; Federal Circuit excluded","Automated reduction of the authors' public precedent-level replication file. The source aggregates Shepard's categories and does not expose individual lower-court opinions, non-citing or ignored exposed cases, treatment dates, remedy fidelity, or practical implementation. Use as bounded doctrinal-uptake context only, not as a practical-compliance rate or denominator-matched lowerCourtCompliance validation target."
masood-kassow-songer-2019-precedent-treatment,520 U.S. 461,https://doi.org/10.7910/DVN/DZZY7G,10.7910/DVN/DZZY7G,10.1086/703067,520 U.S. 461,JOYCE B. JOHNSON v. UNITED STATES,1996,1997-05-12,1996-050-01,117 S. Ct. 1544,1997 U.S. LEXIS 2847,1,no,yes,yes,8,2035,842,3,24,27,2877,2062,869,0.292665971,0.013094083,0.968929804,post-decision through 2016,"Aggregate Shepard's lower-court response categories attached to one formally argued U.S. Supreme Court precedent, covering the 12 regular federal circuits, their district courts, and state courts through 2016; Federal Circuit excluded","Automated reduction of the authors' public precedent-level replication file. The source aggregates Shepard's categories and does not expose individual lower-court opinions, non-citing or ignored exposed cases, treatment dates, remedy fidelity, or practical implementation. Use as bounded doctrinal-uptake context only, not as a practical-compliance rate or denominator-matched lowerCourtCompliance validation target."
masood-kassow-songer-2019-precedent-treatment,520 U.S. 471,https://doi.org/10.7910/DVN/DZZY7G,10.7910/DVN/DZZY7G,10.1086/703067,520 U.S. 471,"JANET RENO, ATTORNEY GENERAL v. BOSSIER PARISH SCHOOL BOARD et al.",1996,1997-05-12,1996-051-01,117 S. Ct. 1491,1997 U.S. LEXIS 2845,2,no,no,yes,0,114,26,0,1,1,140,115,27,0.185714286,0.008695652,0.962962963,post-decision through 2016,"Aggregate Shepard's lower-court response categories attached to one formally argued U.S. Supreme Court precedent, covering the 12 regular federal circuits, their district courts, and state courts through 2016; Federal Circuit excluded","Automated reduction of the authors' public precedent-level replication file. The source aggregates Shepard's categories and does not expose individual lower-court opinions, non-citing or ignored exposed cases, treatment dates, remedy fidelity, or practical implementation. Use as bounded doctrinal-uptake context only, not as a practical-compliance rate or denominator-matched lowerCourtCompliance validation target."
masood-kassow-songer-2019-precedent-treatment,520 U.S. 510,https://doi.org/10.7910/DVN/DZZY7G,10.7910/DVN/DZZY7G,10.1086/703067,520 U.S. 510,"INTER-MODAL RAIL EMPLOYEES ASSOCIATION, et al. v. ATCHISON, TOPEKA AND SANTA FE ",1996,1997-05-12,1996-052-01,117 S. Ct. 1513,1997 U.S. LEXIS 2803,8,no,no,yes,0,111,11,0,4,4,122,115,15,0.090163934,0.034782609,0.733333333,post-decision through 2016,"Aggregate Shepard's lower-court response categories attached to one formally argued U.S. Supreme Court precedent, covering the 12 regular federal circuits, their district courts, and state courts through 2016; Federal Circuit excluded","Automated reduction of the authors' public precedent-level replication file. The source aggregates Shepard's categories and does not expose individual lower-court opinions, non-citing or ignored exposed cases, treatment dates, remedy fidelity, or practical implementation. Use as bounded doctrinal-uptake context only, not as a practical-compliance rate or denominator-matched lowerCourtCompliance validation target."
masood-kassow-songer-2019-precedent-treatment,520 U.S. 518,https://doi.org/10.7910/DVN/DZZY7G,10.7910/DVN/DZZY7G,10.1086/703067,520 U.S. 518,"CARY MICHAEL LAMBRIX v. HARRY K. SINGLETARY, JR., SECRETARY, FLORIDA DEPARTMENT ",1996,1997-05-12,1996-053-01,117 S. Ct. 1517,1997 U.S. LEXIS 2802,1,no,yes,yes,0,2324,220,2,5,7,2544,2331,227,0.086477987,0.003003003,0.969162996,post-decision through 2016,"Aggregate Shepard's lower-court response categories attached to one formally argued U.S. Supreme Court precedent, covering the 12 regular federal circuits, their district courts, and state courts through 2016; Federal Circuit excluded","Automated reduction of the authors' public precedent-level replication file. The source aggregates Shepard's categories and does not expose individual lower-court opinions, non-citing or ignored exposed cases, treatment dates, remedy fidelity, or practical implementation. Use as bounded doctrinal-uptake context only, not as a practical-compliance rate or denominator-matched lowerCourtCompliance validation target."
masood-kassow-songer-2019-precedent-treatment,520 U.S. 548,https://doi.org/10.7910/DVN/DZZY7G,10.7910/DVN/DZZY7G,10.1086/703067,520 U.S. 548,HARBOR TUG AND BARGE COMPANY v. JOHN PAPAI ET UX.,1996,1997-05-12,1996-054-01,117 S. Ct. 1535,1997 U.S. LEXIS 2846,8,no,no,yes,0,265,69,0,9,9,334,274,78,0.206586826,0.032846715,0.884615385,post-decision through 2016,"Aggregate Shepard's lower-court response categories attached to one formally argued U.S. Supreme Court precedent, covering the 12 regular federal circuits, their district courts, and state courts through 2016; Federal Circuit excluded","Automated reduction of the authors' public precedent-level replication file. The source aggregates Shepard's categories and does not expose individual lower-court opinions, non-citing or ignored exposed cases, treatment dates, remedy fidelity, or practical implementation. Use as bounded doctrinal-uptake context only, not as a practical-compliance rate or denominator-matched lowerCourtCompliance validation target."
masood-kassow-songer-2019-precedent-treatment,520 U.S. 564,https://doi.org/10.7910/DVN/DZZY7G,10.7910/DVN/DZZY7G,10.1086/703067,520 U.S. 564,"CAMPS NEWFOUND/OWATONNA, INC. v. TOWN OF HARRISON, MAINE, et al.",1996,1997-05-19,1996-055-01,117 S. Ct. 1590,1997 U.S. LEXIS 3227,8,yes,no,yes,0,171,27,0,23,23,198,194,50,0.136363636,0.118556701,0.540000000,post-decision through 2016,"Aggregate Shepard's lower-court response categories attached to one formally argued U.S. Supreme Court precedent, covering the 12 regular federal circuits, their district courts, and state courts through 2016; Federal Circuit excluded","Automated reduction of the authors' public precedent-level replication file. The source aggregates Shepard's categories and does not expose individual lower-court opinions, non-citing or ignored exposed cases, treatment dates, remedy fidelity, or practical implementation. Use as bounded doctrinal-uptake context only, not as a practical-compliance rate or denominator-matched lowerCourtCompliance validation target."
masood-kassow-songer-2019-precedent-treatment,520 U.S. 641,https://doi.org/10.7910/DVN/DZZY7G,10.7910/DVN/DZZY7G,10.1086/703067,520 U.S. 641,GARY EDWARDS AND TANA WOOD v. JERRY B. BALISOK,1996,1997-05-19,1996-056-01,117 S. Ct. 1584,1997 U.S. LEXIS 3075,2,no,no,yes,1,4458,1477,1,130,131,5935,4589,1608,0.248862679,0.028546524,0.918532338,post-decision through 2016,"Aggregate Shepard's lower-court response categories attached to one formally argued U.S. Supreme Court precedent, covering the 12 regular federal circuits, their district courts, and state courts through 2016; Federal Circuit excluded","Automated reduction of the authors' public precedent-level replication file. The source aggregates Shepard's categories and does not expose individual lower-court opinions, non-citing or ignored exposed cases, treatment dates, remedy fidelity, or practical implementation. Use as bounded doctrinal-uptake context only, not as a practical-compliance rate or denominator-matched lowerCourtCompliance validation target."
masood-kassow-songer-2019-precedent-treatment,520 U.S. 651,https://doi.org/10.7910/DVN/DZZY7G,10.7910/DVN/DZZY7G,10.1086/703067,520 U.S. 651,JON E. EDMOND v. UNITED STATES,1996,1997-05-19,1996-057-01,117 S. Ct. 1573,1997 U.S. LEXIS 3076,2,no,no,yes,0,123,24,0,3,3,147,126,27,0.163265306,0.023809524,0.888888889,post-decision through 2016,"Aggregate Shepard's lower-court response categories attached to one formally argued U.S. Supreme Court precedent, covering the 12 regular federal circuits, their district courts, and state courts through 2016; Federal Circuit excluded","Automated reduction of the authors' public precedent-level replication file. The source aggregates Shepard's categories and does not expose individual lower-court opinions, non-citing or ignored exposed cases, treatment dates, remedy fidelity, or practical implementation. Use as bounded doctrinal-uptake context only, not as a practical-compliance rate or denominator-matched lowerCourtCompliance validation target."
masood-kassow-songer-2019-precedent-treatment,520 U.S. 670,https://doi.org/10.7910/DVN/DZZY7G,10.7910/DVN/DZZY7G,10.1086/703067,520 U.S. 670,UNITED STATES v. ROBERT E. HYDE,1996,1997-05-27,1996-058-01,117 S. Ct. 1630,1997 U.S. LEXIS 3253,1,no,yes,yes,0,294,35,0,7,7,329,301,42,0.106382979,0.023255814,0.833333333,post-decision through 2016,"Aggregate Shepard's lower-court response categories attached to one formally argued U.S. Supreme Court precedent, covering the 12 regular federal circuits, their district courts, and state courts through 2016; Federal Circuit excluded","Automated reduction of the authors' public precedent-level replication file. The source aggregates Shepard's categories and does not expose individual lower-court opinions, non-citing or ignored exposed cases, treatment dates, remedy fidelity, or practical implementation. Use as bounded doctrinal-uptake context only, not as a practical-compliance rate or denominator-matched lowerCourtCompliance validation target."
masood-kassow-songer-2019-precedent-treatment,520 U.S. 681,https://doi.org/10.7910/DVN/DZZY7G,10.7910/DVN/DZZY7G,10.1086/703067,520 U.S. 681,WILLIAM JEFFERSON CLINTON v. PAULA CORBIN JONES,1996,1997-05-27,1996-059-01,117 S. Ct. 1636,1997 U.S. LEXIS 3254,8,yes,no,yes,0,1042,62,0,14,14,1104,1056,76,0.056159420,0.013257576,0.815789474,post-decision through 2016,"Aggregate Shepard's lower-court response categories attached to one formally argued U.S. Supreme Court precedent, covering the 12 regular federal circuits, their district courts, and state courts through 2016; Federal Circuit excluded","Automated reduction of the authors' public precedent-level replication file. The source aggregates Shepard's categories and does not expose individual lower-court opinions, non-citing or ignored exposed cases, treatment dates, remedy fidelity, or practical implementation. Use as bounded doctrinal-uptake context only, not as a practical-compliance rate or denominator-matched lowerCourtCompliance validation target."
masood-kassow-songer-2019-precedent-treatment,520 U.S. 725,https://doi.org/10.7910/DVN/DZZY7G,10.7910/DVN/DZZY7G,10.1086/703067,520 U.S. 725,BERNADINE SUITUM v. TAHOE REGIONAL PLANNING AGENCY,1996,1997-05-27,1996-060-01,117 S. Ct. 1659,1997 U.S. LEXIS 3233,4,no,no,yes,0,223,36,1,5,6,259,229,42,0.138996139,0.026200873,0.857142857,post-decision through 2016,"Aggregate Shepard's lower-court response categories attached to one formally argued U.S. Supreme Court precedent, covering the 12 regular federal circuits, their district courts, and state courts through 2016; Federal Circuit excluded","Automated reduction of the authors' public precedent-level replication file. The source aggregates Shepard's categories and does not expose individual lower-court opinions, non-citing or ignored exposed cases, treatment dates, remedy fidelity, or practical implementation. Use as bounded doctrinal-uptake context only, not as a practical-compliance rate or denominator-matched lowerCourtCompliance validation target."
masood-kassow-songer-2019-precedent-treatment,520 U.S. 751,https://doi.org/10.7910/DVN/DZZY7G,10.7910/DVN/DZZY7G,10.1086/703067,520 U.S. 751,"UNITED STATES v. GEORGE LABONTE, ALFRED LAWRENCE HUNNEWELL, AND STEPHEN DYER",1996,1997-05-27,1996-061-01,117 S. Ct. 1673,1997 U.S. LEXIS 3232,1,no,yes,yes,1,352,40,0,12,12,392,364,52,0.102040816,0.032967033,0.769230769,post-decision through 2016,"Aggregate Shepard's lower-court response categories attached to one formally argued U.S. Supreme Court precedent, covering the 12 regular federal circuits, their district courts, and state courts through 2016; Federal Circuit excluded","Automated reduction of the authors' public precedent-level replication file. The source aggregates Shepard's categories and does not expose individual lower-court opinions, non-citing or ignored exposed cases, treatment dates, remedy fidelity, or practical implementation. Use as bounded doctrinal-uptake context only, not as a practical-compliance rate or denominator-matched lowerCourtCompliance validation target."
masood-kassow-songer-2019-precedent-treatment,520 U.S. 781,https://doi.org/10.7910/DVN/DZZY7G,10.7910/DVN/DZZY7G,10.1086/703067,520 U.S. 781,"WALTER MCMILLIAN v. MONROE COUNTY, ALABAMA",1996,1997-06-02,1996-062-01,117 S. Ct. 1734,1997 U.S. LEXIS 3398,2,no,no,yes,1,933,189,0,37,37,1122,970,226,0.168449198,0.038144330,0.836283186,post-decision through 2016,"Aggregate Shepard's lower-court response categories attached to one formally argued U.S. Supreme Court precedent, covering the 12 regular federal circuits, their district courts, and state courts through 2016; Federal Circuit excluded","Automated reduction of the authors' public precedent-level replication file. The source aggregates Shepard's categories and does not expose individual lower-court opinions, non-citing or ignored exposed cases, treatment dates, remedy fidelity, or practical implementation. Use as bounded doctrinal-uptake context only, not as a practical-compliance rate or denominator-matched lowerCourtCompliance validation target."
masood-kassow-songer-2019-precedent-treatment,520 U.S. 806,https://doi.org/10.7910/DVN/DZZY7G,10.7910/DVN/DZZY7G,10.1086/703067,520 U.S. 806,"BARBARA A. DE BUONO, NEW YORK COMMISSIONER OF HEALTH, et al. v. NYSA-ILA MEDICAL",1996,1997-06-02,1996-063-01,117 S. Ct. 1747,1997 U.S. LEXIS 3397,10,no,no,yes,0,237,36,0,14,14,273,251,50,0.131868132,0.055776892,0.720000000,post-decision through 2016,"Aggregate Shepard's lower-court response categories attached to one formally argued U.S. Supreme Court precedent, covering the 12 regular federal circuits, their district courts, and state courts through 2016; Federal Circuit excluded","Automated reduction of the authors' public precedent-level replication file. The source aggregates Shepard's categories and does not expose individual lower-court opinions, non-citing or ignored exposed cases, treatment dates, remedy fidelity, or practical implementation. Use as bounded doctrinal-uptake context only, not as a practical-compliance rate or denominator-matched lowerCourtCompliance validation target."
masood-kassow-songer-2019-precedent-treatment,520 U.S. 821,https://doi.org/10.7910/DVN/DZZY7G,10.7910/DVN/DZZY7G,10.1086/703067,520 U.S. 821,ARKANSAS v. FARM CREDIT SERVICES OF CENTRAL ARKANSAS et al.,1996,1997-06-02,1996-064-01,117 S. Ct. 1776,1997 U.S. LEXIS 3395,9,no,no,yes,2,103,8,0,2,2,111,105,10,0.072072072,0.019047619,0.800000000,post-decision through 2016,"Aggregate Shepard's lower-court response categories attached to one formally argued U.S. Supreme Court precedent, covering the 12 regular federal circuits, their district courts, and state courts through 2016; Federal Circuit excluded","Automated reduction of the authors' public precedent-level replication file. The source aggregates Shepard's categories and does not expose individual lower-court opinions, non-citing or ignored exposed cases, treatment dates, remedy fidelity, or practical implementation. Use as bounded doctrinal-uptake context only, not as a practical-compliance rate or denominator-matched lowerCourtCompliance validation target."
masood-kassow-songer-2019-precedent-treatment,520 U.S. 833,https://doi.org/10.7910/DVN/DZZY7G,10.7910/DVN/DZZY7G,10.1086/703067,520 U.S. 833,"SANDRA JEAN DALE BOGGS v. THOMAS F. BOGGS, HARRY M. BOGGS AND DAVID B. BOGGS",1996,1997-06-02,1996-065-01,117 S. Ct. 1754,1997 U.S. LEXIS 3396,10,no,no,yes,0,383,59,0,35,35,442,418,94,0.133484163,0.083732057,0.627659574,post-decision through 2016,"Aggregate Shepard's lower-court response categories attached to one formally argued U.S. Supreme Court precedent, covering the 12 regular federal circuits, their district courts, and state courts through 2016; Federal Circuit excluded","Automated reduction of the authors' public precedent-level replication file. The source aggregates Shepard's categories and does not expose individual lower-court opinions, non-citing or ignored exposed cases, treatment dates, remedy fidelity, or practical implementation. Use as bounded doctrinal-uptake context only, not as a practical-compliance rate or denominator-matched lowerCourtCompliance validation target."
masood-kassow-songer-2019-precedent-treatment,520 U.S. 875,https://doi.org/10.7910/DVN/DZZY7G,10.7910/DVN/DZZY7G,10.1086/703067,520 U.S. 875,SARATOGA FISHING COMPANY v. J. M. MARTINAC & COMPANY AND MARCO SEATTLE INC.,1996,1997-06-02,1996-066-01,117 S. Ct. 1783,1997 U.S. LEXIS 3394,8,no,no,yes,0,117,30,0,14,14,147,131,44,0.204081633,0.106870229,0.681818182,post-decision through 2016,"Aggregate Shepard's lower-court response categories attached to one formally argued U.S. Supreme Court precedent, covering the 12 regular federal circuits, their district courts, and state courts through 2016; Federal Circuit excluded","Automated reduction of the authors' public precedent-level replication file. The source aggregates Shepard's categories and does not expose individual lower-court opinions, non-citing or ignored exposed cases, treatment dates, remedy fidelity, or practical implementation. Use as bounded doctrinal-uptake context only, not as a practical-compliance rate or denominator-matched lowerCourtCompliance validation target."
masood-kassow-songer-2019-precedent-treatment,520 U.S. 893,https://doi.org/10.7910/DVN/DZZY7G,10.7910/DVN/DZZY7G,10.1086/703067,520 U.S. 893,LORDS LANDING VILLAGE CONDOMINIUM COUNCIL OF UNIT OWNERS v. CONTINENTAL INSURANC,1996,1997-06-02,1996-067-01,117 S. Ct. 1731,1997 U.S. LEXIS 3393,9,no,no,yes,0,0,0,0,0,0,0,0,0,,,,post-decision through 2016,"Aggregate Shepard's lower-court response categories attached to one formally argued U.S. Supreme Court precedent, covering the 12 regular federal circuits, their district courts, and state courts through 2016; Federal Circuit excluded","Automated reduction of the authors' public precedent-level replication file. The source aggregates Shepard's categories and does not expose individual lower-court opinions, non-citing or ignored exposed cases, treatment dates, remedy fidelity, or practical implementation. Use as bounded doctrinal-uptake context only, not as a practical-compliance rate or denominator-matched lowerCourtCompliance validation target."
masood-kassow-songer-2019-precedent-treatment,520 U.S. 899,https://doi.org/10.7910/DVN/DZZY7G,10.7910/DVN/DZZY7G,10.1086/703067,520 U.S. 899,"WILLIAM BRACY v. RICHARD B. GRAMLEY, WARDEN",1996,1997-06-09,1996-068-01,117 S. Ct. 1793,1997 U.S. LEXIS 3548,1,no,yes,yes,1,1902,365,0,49,49,2267,1951,414,0.161005734,0.025115325,0.881642512,post-decision through 2016,"Aggregate Shepard's lower-court response categories attached to one formally argued U.S. Supreme Court precedent, covering the 12 regular federal circuits, their district courts, and state courts through 2016; Federal Circuit excluded","Automated reduction of the authors' public precedent-level replication file. The source aggregates Shepard's categories and does not expose individual lower-court opinions, non-citing or ignored exposed cases, treatment dates, remedy fidelity, or practical implementation. Use as bounded doctrinal-uptake context only, not as a practical-compliance rate or denominator-matched lowerCourtCompliance validation target."
masood-kassow-songer-2019-precedent-treatment,520 U.S. 911,https://doi.org/10.7910/DVN/DZZY7G,10.7910/DVN/DZZY7G,10.1086/703067,520 U.S. 911,"MARIAN JOHNSON, et al. v. KRISTINE L. FANKELL",1996,1997-06-09,1996-069-01,117 S. Ct. 1800,1997 U.S. LEXIS 3547,10,no,no,yes,0,212,19,0,3,3,231,215,22,0.082251082,0.013953488,0.863636364,post-decision through 2016,"Aggregate Shepard's lower-court response categories attached to one formally argued U.S. Supreme Court precedent, covering the 12 regular federal circuits, their district courts, and state courts through 2016; Federal Circuit excluded","Automated reduction of the authors' public precedent-level replication file. The source aggregates Shepard's categories and does not expose individual lower-court opinions, non-citing or ignored exposed cases, treatment dates, remedy fidelity, or practical implementation. Use as bounded doctrinal-uptake context only, not as a practical-compliance rate or denominator-matched lowerCourtCompliance validation target."
masood-kassow-songer-2019-precedent-treatment,520 U.S. 924,https://doi.org/10.7910/DVN/DZZY7G,10.7910/DVN/DZZY7G,10.1086/703067,520 U.S. 924,"JAMES E. GILBERT, PRESIDENT, EAST STROUDSBURG UNIVERSITY, et al. v. RICHARD HOMA",1996,1997-06-09,1996-070-01,117 S. Ct. 1807,1997 U.S. LEXIS 3546,4,yes,no,yes,0,652,132,0,37,37,784,689,169,0.168367347,0.053701016,0.781065089,post-decision through 2016,"Aggregate Shepard's lower-court response categories attached to one formally argued U.S. Supreme Court precedent, covering the 12 regular federal circuits, their district courts, and state courts through 2016; Federal Circuit excluded","Automated reduction of the authors' public precedent-level replication file. The source aggregates Shepard's categories and does not expose individual lower-court opinions, non-citing or ignored exposed cases, treatment dates, remedy fidelity, or practical implementation. Use as bounded doctrinal-uptake context only, not as a practical-compliance rate or denominator-matched lowerCourtCompliance validation target."
masood-kassow-songer-2019-precedent-treatment,520 U.S. 937,https://doi.org/10.7910/DVN/DZZY7G,10.7910/DVN/DZZY7G,10.1086/703067,520 U.S. 937,"EILEEN VEY v. WILLIAM J. CLINTON, PRESIDENT OF THE UNITED STATES, et al.",1996,1997-06-09,1996-071-01,117 S. Ct. 1792,1997 U.S. LEXIS 3545,2,no,no,yes,0,8,0,0,0,0,8,8,0,0.000000000,0.000000000,,post-decision through 2016,"Aggregate Shepard's lower-court response categories attached to one formally argued U.S. Supreme Court precedent, covering the 12 regular federal circuits, their district courts, and state courts through 2016; Federal Circuit excluded","Automated reduction of the authors' public precedent-level replication file. The source aggregates Shepard's categories and does not expose individual lower-court opinions, non-citing or ignored exposed cases, treatment dates, remedy fidelity, or practical implementation. Use as bounded doctrinal-uptake context only, not as a practical-compliance rate or denominator-matched lowerCourtCompliance validation target."
masood-kassow-songer-2019-precedent-treatment,520 U.S. 939,https://doi.org/10.7910/DVN/DZZY7G,10.7910/DVN/DZZY7G,10.1086/703067,520 U.S. 939,"HUGHES AIRCRAFT COMPANY v. UNITED STATES, ex rel. WILLIAM J. SCHUMER",1996,1997-06-16,1996-072-01,117 S. Ct. 1871,1997 U.S. LEXIS 3719,8,no,no,yes,1,434,65,2,21,23,499,457,88,0.130260521,0.050328228,0.738636364,post-decision through 2016,"Aggregate Shepard's lower-court response categories attached to one formally argued U.S. Supreme Court precedent, covering the 12 regular federal circuits, their district courts, and state courts through 2016; Federal Circuit excluded","Automated reduction of the authors' public precedent-level replication file. The source aggregates Shepard's categories and does not expose individual lower-court opinions, non-citing or ignored exposed cases, treatment dates, remedy fidelity, or practical implementation. Use as bounded doctrinal-uptake context only, not as a practical-compliance rate or denominator-matched lowerCourtCompliance validation target."
masood-kassow-songer-2019-precedent-treatment,520 U.S. 953,https://doi.org/10.7910/DVN/DZZY7G,10.7910/DVN/DZZY7G,10.1086/703067,520 U.S. 953,ASSOCIATES COMMERCIAL CORPORATION v. ELRAY RASH ET UX.,1996,1997-06-16,1996-073-01,117 S. Ct. 1879,1997 U.S. LEXIS 3688,8,no,no,yes,0,385,136,5,33,38,521,423,174,0.261036468,0.089834515,0.781609195,post-decision through 2016,"Aggregate Shepard's lower-court response categories attached to one formally argued U.S. Supreme Court precedent, covering the 12 regular federal circuits, their district courts, and state courts through 2016; Federal Circuit excluded","Automated reduction of the authors' public precedent-level replication file. The source aggregates Shepard's categories and does not expose individual lower-court opinions, non-citing or ignored exposed cases, treatment dates, remedy fidelity, or practical implementation. Use as bounded doctrinal-uptake context only, not as a practical-compliance rate or denominator-matched lowerCourtCompliance validation target."
masood-kassow-songer-2019-precedent-treatment,520 U.S. 968,https://doi.org/10.7910/DVN/DZZY7G,10.7910/DVN/DZZY7G,10.1086/703067,520 U.S. 968,"JOSEPH P. MAZUREK, ATTORNEY GENERAL OF MONTANA v. JAMES H. ARMSTRONG et al.",1996,1997-06-16,1996-074-01,117 S. Ct. 1865,1997 U.S. LEXIS 3687,5,no,no,yes,0,1826,198,1,5,6,2024,1832,204,0.097826087,0.003275109,0.970588235,post-decision through 2016,"Aggregate Shepard's lower-court response categories attached to one formally argued U.S. Supreme Court precedent, covering the 12 regular federal circuits, their district courts, and state courts through 2016; Federal Circuit excluded","Automated reduction of the authors' public precedent-level replication file. The source aggregates Shepard's categories and does not expose individual lower-court opinions, non-citing or ignored exposed cases, treatment dates, remedy fidelity, or practical implementation. Use as bounded doctrinal-uptake context only, not as a practical-compliance rate or denominator-matched lowerCourtCompliance validation target."
masood-kassow-songer-2019-precedent-treatment,521 U.S. 1,https://doi.org/10.7910/DVN/DZZY7G,10.7910/DVN/DZZY7G,10.1086/703067,521 U.S. 1,UNITED STATES OF AMERICA v. STATE OF ALASKA,1996,1997-06-19,1996-075-01,117 S. Ct. 1888,1997 U.S. LEXIS 3865,10,no,no,yes,0,43,7,0,0,0,50,43,7,0.140000000,0.000000000,1.000000000,post-decision through 2016,"Aggregate Shepard's lower-court response categories attached to one formally argued U.S. Supreme Court precedent, covering the 12 regular federal circuits, their district courts, and state courts through 2016; Federal Circuit excluded","Automated reduction of the authors' public precedent-level replication file. The source aggregates Shepard's categories and does not expose individual lower-court opinions, non-citing or ignored exposed cases, treatment dates, remedy fidelity, or practical implementation. Use as bounded doctrinal-uptake context only, not as a practical-compliance rate or denominator-matched lowerCourtCompliance validation target."
masood-kassow-songer-2019-precedent-treatment,521 U.S. 121,https://doi.org/10.7910/DVN/DZZY7G,10.7910/DVN/DZZY7G,10.1086/703067,521 U.S. 121,METROPOLITAN STEVEDORE COMPANY v. JOHN RAMBO et al.,1996,1997-06-19,1996-077-01,117 S. Ct. 1953,1997 U.S. LEXIS 3864,8,no,no,yes,0,182,19,0,0,0,201,182,19,0.094527363,0.000000000,1.000000000,post-decision through 2016,"Aggregate Shepard's lower-court response categories attached to one formally argued U.S. Supreme Court precedent, covering the 12 regular federal circuits, their district courts, and state courts through 2016; Federal Circuit excluded","Automated reduction of the authors' public precedent-level replication file. The source aggregates Shepard's categories and does not expose individual lower-court opinions, non-citing or ignored exposed cases, treatment dates, remedy fidelity, or practical implementation. Use as bounded doctrinal-uptake context only, not as a practical-compliance rate or denominator-matched lowerCourtCompliance validation target."
masood-kassow-songer-2019-precedent-treatment,521 U.S. 151,https://doi.org/10.7910/DVN/DZZY7G,10.7910/DVN/DZZY7G,10.1086/703067,521 U.S. 151,"JOSEPH ROGER O'DELL, III v. J. D. NETHERLAND, WARDEN, et al.",1996,1997-06-19,1996-078-01,117 S. Ct. 1969,1997 U.S. LEXIS 3862,1,no,yes,yes,0,518,123,0,10,10,641,528,133,0.191887676,0.018939394,0.924812030,post-decision through 2016,"Aggregate Shepard's lower-court response categories attached to one formally argued U.S. Supreme Court precedent, covering the 12 regular federal circuits, their district courts, and state courts through 2016; Federal Circuit excluded","Automated reduction of the authors' public precedent-level replication file. The source aggregates Shepard's categories and does not expose individual lower-court opinions, non-citing or ignored exposed cases, treatment dates, remedy fidelity, or practical implementation. Use as bounded doctrinal-uptake context only, not as a practical-compliance rate or denominator-matched lowerCourtCompliance validation target."
masood-kassow-songer-2019-precedent-treatment,521 U.S. 179,https://doi.org/10.7910/DVN/DZZY7G,10.7910/DVN/DZZY7G,10.1086/703067,521 U.S. 179,"MARVIN KLEHR, ET UX. v. A. O. SMITH CORPORATION AND A. O. SMITH HARVESTORE PRODU",1996,1997-06-19,1996-079-01,117 S. Ct. 1984,1997 U.S. LEXIS 3861,1,no,yes,yes,0,376,66,1,10,11,442,387,77,0.149321267,0.028423773,0.857142857,post-decision through 2016,"Aggregate Shepard's lower-court response categories attached to one formally argued U.S. Supreme Court precedent, covering the 12 regular federal circuits, their district courts, and state courts through 2016; Federal Circuit excluded","Automated reduction of the authors' public precedent-level replication file. The source aggregates Shepard's categories and does not expose individual lower-court opinions, non-citing or ignored exposed cases, treatment dates, remedy fidelity, or practical implementation. Use as bounded doctrinal-uptake context only, not as a practical-compliance rate or denominator-matched lowerCourtCompliance validation target."
masood-kassow-songer-2019-precedent-treatment,521 U.S. 74,https://doi.org/10.7910/DVN/DZZY7G,10.7910/DVN/DZZY7G,10.1086/703067,521 U.S. 74,"LUCIOUS ABRAMS, JR., G. L. AVERY, WILLIAM GARY CHAMBERS, SR., AND KAREN WATSON v",1996,1997-06-19,1996-076-02,117 S. Ct. 1925,1997 U.S. LEXIS 3863,2,no,no,yes,0,124,25,1,6,7,149,131,32,0.167785235,0.053435115,0.781250000,post-decision through 2016,"Aggregate Shepard's lower-court response categories attached to one formally argued U.S. Supreme Court precedent, covering the 12 regular federal circuits, their district courts, and state courts through 2016; Federal Circuit excluded","Automated reduction of the authors' public precedent-level replication file. The source aggregates Shepard's categories and does not expose individual lower-court opinions, non-citing or ignored exposed cases, treatment dates, remedy fidelity, or practical implementation. Use as bounded doctrinal-uptake context only, not as a practical-compliance rate or denominator-matched lowerCourtCompliance validation target."
masood-kassow-songer-2019-precedent-treatment,521 U.S. 203,https://doi.org/10.7910/DVN/DZZY7G,10.7910/DVN/DZZY7G,10.1086/703067,521 U.S. 203,"RACHEL AGOSTINI, et al. v. BETTY-LOUISE FELTON et al.",1996,1997-06-23,1996-080-02,117 S. Ct. 1997,1997 U.S. LEXIS 4000,3,yes,no,yes,0,1003,189,1,31,32,1192,1035,221,0.158557047,0.030917874,0.855203620,post-decision through 2016,"Aggregate Shepard's lower-court response categories attached to one formally argued U.S. Supreme Court precedent, covering the 12 regular federal circuits, their district courts, and state courts through 2016; Federal Circuit excluded","Automated reduction of the authors' public precedent-level replication file. The source aggregates Shepard's categories and does not expose individual lower-court opinions, non-citing or ignored exposed cases, treatment dates, remedy fidelity, or practical implementation. Use as bounded doctrinal-uptake context only, not as a practical-compliance rate or denominator-matched lowerCourtCompliance validation target."
masood-kassow-songer-2019-precedent-treatment,521 U.S. 261,https://doi.org/10.7910/DVN/DZZY7G,10.7910/DVN/DZZY7G,10.1086/703067,521 U.S. 261,"IDAHO, et al. v. COEUR D'ALENE TRIBE OF IDAHO, ETC., et al.",1996,1997-06-23,1996-081-01,117 S. Ct. 2028,1997 U.S. LEXIS 4030,10,yes,no,yes,0,1055,136,7,89,96,1191,1151,232,0.114189757,0.083405734,0.586206897,post-decision through 2016,"Aggregate Shepard's lower-court response categories attached to one formally argued U.S. Supreme Court precedent, covering the 12 regular federal circuits, their district courts, and state courts through 2016; Federal Circuit excluded","Automated reduction of the authors' public precedent-level replication file. The source aggregates Shepard's categories and does not expose individual lower-court opinions, non-citing or ignored exposed cases, treatment dates, remedy fidelity, or practical implementation. Use as bounded doctrinal-uptake context only, not as a practical-compliance rate or denominator-matched lowerCourtCompliance validation target."
masood-kassow-songer-2019-precedent-treatment,521 U.S. 320,https://doi.org/10.7910/DVN/DZZY7G,10.7910/DVN/DZZY7G,10.1086/703067,521 U.S. 320,"AARON LINDH v. JAMES P. MURPHY, WARDEN",1996,1997-06-23,1996-082-01,117 S. Ct. 2059,1997 U.S. LEXIS 3998,1,no,yes,yes,5,16159,382,1,29,30,16541,16189,412,0.023094130,0.001853110,0.927184466,post-decision through 2016,"Aggregate Shepard's lower-court response categories attached to one formally argued U.S. Supreme Court precedent, covering the 12 regular federal circuits, their district courts, and state courts through 2016; Federal Circuit excluded","Automated reduction of the authors' public precedent-level replication file. The source aggregates Shepard's categories and does not expose individual lower-court opinions, non-citing or ignored exposed cases, treatment dates, remedy fidelity, or practical implementation. Use as bounded doctrinal-uptake context only, not as a practical-compliance rate or denominator-matched lowerCourtCompliance validation target."
masood-kassow-songer-2019-precedent-treatment,521 U.S. 346,https://doi.org/10.7910/DVN/DZZY7G,10.7910/DVN/DZZY7G,10.1086/703067,521 U.S. 346,KANSAS v. LEROY HENDRICKS,1996,1997-06-23,1996-083-02,117 S. Ct. 2072,1997 U.S. LEXIS 3999,1,yes,no,yes,0,1735,463,5,56,61,2198,1796,524,0.210646042,0.033964365,0.883587786,post-decision through 2016,"Aggregate Shepard's lower-court response categories attached to one formally argued U.S. Supreme Court precedent, covering the 12 regular federal circuits, their district courts, and state courts through 2016; Federal Circuit excluded","Automated reduction of the authors' public precedent-level replication file. The source aggregates Shepard's categories and does not expose individual lower-court opinions, non-citing or ignored exposed cases, treatment dates, remedy fidelity, or practical implementation. Use as bounded doctrinal-uptake context only, not as a practical-compliance rate or denominator-matched lowerCourtCompliance validation target."
masood-kassow-songer-2019-precedent-treatment,521 U.S. 399,https://doi.org/10.7910/DVN/DZZY7G,10.7910/DVN/DZZY7G,10.1086/703067,521 U.S. 399,DARYLL RICHARDSON AND JOHN WALKER v. RONNIE LEE MCKNIGHT,1996,1997-06-23,1996-084-01,117 S. Ct. 2100,1997 U.S. LEXIS 3866,2,no,no,yes,0,353,89,2,38,40,442,393,129,0.201357466,0.101781170,0.689922481,post-decision through 2016,"Aggregate Shepard's lower-court response categories attached to one formally argued U.S. Supreme Court precedent, covering the 12 regular federal circuits, their district courts, and state courts through 2016; Federal Circuit excluded","Automated reduction of the authors' public precedent-level replication file. The source aggregates Shepard's categories and does not expose individual lower-court opinions, non-citing or ignored exposed cases, treatment dates, remedy fidelity, or practical implementation. Use as bounded doctrinal-uptake context only, not as a practical-compliance rate or denominator-matched lowerCourtCompliance validation target."
masood-kassow-songer-2019-precedent-treatment,521 U.S. 424,https://doi.org/10.7910/DVN/DZZY7G,10.7910/DVN/DZZY7G,10.1086/703067,521 U.S. 424,METRO-NORTH COMMUTER RAILROAD COMPANY v. MICHAEL BUCKLEY,1996,1997-06-23,1996-085-01,117 S. Ct. 2113,1997 U.S. LEXIS 3867,8,no,no,yes,0,110,27,1,10,11,137,121,38,0.197080292,0.090909091,0.710526316,post-decision through 2016,"Aggregate Shepard's lower-court response categories attached to one formally argued U.S. Supreme Court precedent, covering the 12 regular federal circuits, their district courts, and state courts through 2016; Federal Circuit excluded","Automated reduction of the authors' public precedent-level replication file. The source aggregates Shepard's categories and does not expose individual lower-court opinions, non-citing or ignored exposed cases, treatment dates, remedy fidelity, or practical implementation. Use as bounded doctrinal-uptake context only, not as a practical-compliance rate or denominator-matched lowerCourtCompliance validation target."
masood-kassow-songer-2019-precedent-treatment,521 U.S. 457,https://doi.org/10.7910/DVN/DZZY7G,10.7910/DVN/DZZY7G,10.1086/703067,521 U.S. 457,"DAN GLICKMAN, SECRETARY OF AGRICULTURE v. WILEMAN BROTHERS & ELLIOTT, INC., et a",1996,1997-06-25,1996-086-01,117 S. Ct. 2130,1997 U.S. LEXIS 4036,3,yes,no,yes,1,87,21,2,19,21,108,108,42,0.194444444,0.194444444,0.500000000,post-decision through 2016,"Aggregate Shepard's lower-court response categories attached to one formally argued U.S. Supreme Court precedent, covering the 12 regular federal circuits, their district courts, and state courts through 2016; Federal Circuit excluded","Automated reduction of the authors' public precedent-level replication file. The source aggregates Shepard's categories and does not expose individual lower-court opinions, non-citing or ignored exposed cases, treatment dates, remedy fidelity, or practical implementation. Use as bounded doctrinal-uptake context only, not as a practical-compliance rate or denominator-matched lowerCourtCompliance validation target."
masood-kassow-songer-2019-precedent-treatment,521 U.S. 507,https://doi.org/10.7910/DVN/DZZY7G,10.7910/DVN/DZZY7G,10.1086/703067,521 U.S. 507,"CITY OF BOERNE v. P. F. FLORES, ARCHBISHOP OF SAN ANTONIO, AND UNITED STATES",1996,1997-06-25,1996-087-01,117 S. Ct. 2157,1997 U.S. LEXIS 4035,3,yes,no,yes,2,1426,228,13,51,64,1654,1490,292,0.137847642,0.042953020,0.780821918,post-decision through 2016,"Aggregate Shepard's lower-court response categories attached to one formally argued U.S. Supreme Court precedent, covering the 12 regular federal circuits, their district courts, and state courts through 2016; Federal Circuit excluded","Automated reduction of the authors' public precedent-level replication file. The source aggregates Shepard's categories and does not expose individual lower-court opinions, non-citing or ignored exposed cases, treatment dates, remedy fidelity, or practical implementation. Use as bounded doctrinal-uptake context only, not as a practical-compliance rate or denominator-matched lowerCourtCompliance validation target."
masood-kassow-songer-2019-precedent-treatment,521 U.S. 567,https://doi.org/10.7910/DVN/DZZY7G,10.7910/DVN/DZZY7G,10.1086/703067,521 U.S. 567,"C. MARTIN LAWYER, III v. DEPARTMENT OF JUSTICE et al.",1996,1997-06-25,1996-088-01,117 S. Ct. 2186,1997 U.S. LEXIS 4034,2,yes,no,yes,0,31,3,0,2,2,34,33,5,0.088235294,0.060606061,0.600000000,post-decision through 2016,"Aggregate Shepard's lower-court response categories attached to one formally argued U.S. Supreme Court precedent, covering the 12 regular federal circuits, their district courts, and state courts through 2016; Federal Circuit excluded","Automated reduction of the authors' public precedent-level replication file. The source aggregates Shepard's categories and does not expose individual lower-court opinions, non-citing or ignored exposed cases, treatment dates, remedy fidelity, or practical implementation. Use as bounded doctrinal-uptake context only, not as a practical-compliance rate or denominator-matched lowerCourtCompliance validation target."
masood-kassow-songer-2019-precedent-treatment,521 U.S. 591,https://doi.org/10.7910/DVN/DZZY7G,10.7910/DVN/DZZY7G,10.1086/703067,521 U.S. 591,"AMCHEM PRODUCTS, INC., et al. v. GEORGE WINDSOR et al.",1996,1997-06-25,1996-089-01,117 S. Ct. 2231,1997 U.S. LEXIS 4032,9,no,no,yes,2,4213,1005,1,152,153,5218,4366,1158,0.192602530,0.035043518,0.867875648,post-decision through 2016,"Aggregate Shepard's lower-court response categories attached to one formally argued U.S. Supreme Court precedent, covering the 12 regular federal circuits, their district courts, and state courts through 2016; Federal Circuit excluded","Automated reduction of the authors' public precedent-level replication file. The source aggregates Shepard's categories and does not expose individual lower-court opinions, non-citing or ignored exposed cases, treatment dates, remedy fidelity, or practical implementation. Use as bounded doctrinal-uptake context only, not as a practical-compliance rate or denominator-matched lowerCourtCompliance validation target."
masood-kassow-songer-2019-precedent-treatment,521 U.S. 642,https://doi.org/10.7910/DVN/DZZY7G,10.7910/DVN/DZZY7G,10.1086/703067,521 U.S. 642,UNITED STATES v. JAMES HERMAN O'HAGAN,1996,1997-06-25,1996-090-01,117 S. Ct. 2199,1997 U.S. LEXIS 4033,8,no,no,yes,0,359,63,0,17,17,422,376,80,0.149289100,0.045212766,0.787500000,post-decision through 2016,"Aggregate Shepard's lower-court response categories attached to one formally argued U.S. Supreme Court precedent, covering the 12 regular federal circuits, their district courts, and state courts through 2016; Federal Circuit excluded","Automated reduction of the authors' public precedent-level replication file. The source aggregates Shepard's categories and does not expose individual lower-court opinions, non-citing or ignored exposed cases, treatment dates, remedy fidelity, or practical implementation. Use as bounded doctrinal-uptake context only, not as a practical-compliance rate or denominator-matched lowerCourtCompliance validation target."
masood-kassow-songer-2019-precedent-treatment,521 U.S. 702,https://doi.org/10.7910/DVN/DZZY7G,10.7910/DVN/DZZY7G,10.1086/703067,521 U.S. 702,"WASHINGTON, et al. v. HAROLD GLUCKSBERG et al.",1996,1997-06-26,1996-091-01,117 S. Ct. 2258,1997 U.S. LEXIS 4039,5,yes,no,yes,0,1377,280,2,28,30,1657,1407,310,0.168980084,0.021321962,0.903225806,post-decision through 2016,"Aggregate Shepard's lower-court response categories attached to one formally argued U.S. Supreme Court precedent, covering the 12 regular federal circuits, their district courts, and state courts through 2016; Federal Circuit excluded","Automated reduction of the authors' public precedent-level replication file. The source aggregates Shepard's categories and does not expose individual lower-court opinions, non-citing or ignored exposed cases, treatment dates, remedy fidelity, or practical implementation. Use as bounded doctrinal-uptake context only, not as a practical-compliance rate or denominator-matched lowerCourtCompliance validation target."
masood-kassow-songer-2019-precedent-treatment,521 U.S. 793,https://doi.org/10.7910/DVN/DZZY7G,10.7910/DVN/DZZY7G,10.1086/703067,521 U.S. 793,"DENNIS C. VACCO, ATTORNEY GENERAL OF NEW YORK, et al. v. TIMOTHY E. QUILL et al.",1996,1997-06-26,1996-092-01,117 S. Ct. 2293,1997 U.S. LEXIS 4038,5,yes,no,yes,0,332,41,0,3,3,373,335,44,0.109919571,0.008955224,0.931818182,post-decision through 2016,"Aggregate Shepard's lower-court response categories attached to one formally argued U.S. Supreme Court precedent, covering the 12 regular federal circuits, their district courts, and state courts through 2016; Federal Circuit excluded","Automated reduction of the authors' public precedent-level replication file. The source aggregates Shepard's categories and does not expose individual lower-court opinions, non-citing or ignored exposed cases, treatment dates, remedy fidelity, or practical implementation. Use as bounded doctrinal-uptake context only, not as a practical-compliance rate or denominator-matched lowerCourtCompliance validation target."
masood-kassow-songer-2019-precedent-treatment,521 U.S. 811,https://doi.org/10.7910/DVN/DZZY7G,10.7910/DVN/DZZY7G,10.1086/703067,521 U.S. 811,"FREDERICK D. RAINES, DIRECTOR, OFFICE OF MANAGEMENT AND BUDGET, et al. v. ROBERT",1996,1997-06-26,1996-093-01,117 S. Ct. 2312,1997 U.S. LEXIS 4040,9,yes,no,yes,0,823,157,1,25,26,980,849,183,0.160204082,0.030624264,0.857923497,post-decision through 2016,"Aggregate Shepard's lower-court response categories attached to one formally argued U.S. Supreme Court precedent, covering the 12 regular federal circuits, their district courts, and state courts through 2016; Federal Circuit excluded","Automated reduction of the authors' public precedent-level replication file. The source aggregates Shepard's categories and does not expose individual lower-court opinions, non-citing or ignored exposed cases, treatment dates, remedy fidelity, or practical implementation. Use as bounded doctrinal-uptake context only, not as a practical-compliance rate or denominator-matched lowerCourtCompliance validation target."
masood-kassow-songer-2019-precedent-treatment,521 U.S. 844,https://doi.org/10.7910/DVN/DZZY7G,10.7910/DVN/DZZY7G,10.1086/703067,521 U.S. 844,"JANET RENO, ATTORNEY GENERAL OF THE UNITED STATES, et al. v. AMERICAN CIVIL LIBE",1996,1997-06-26,1996-094-01,117 S. Ct. 2329,1997 U.S. LEXIS 4037,3,yes,no,yes,0,635,64,0,57,57,699,692,121,0.091559371,0.082369942,0.528925620,post-decision through 2016,"Aggregate Shepard's lower-court response categories attached to one formally argued U.S. Supreme Court precedent, covering the 12 regular federal circuits, their district courts, and state courts through 2016; Federal Circuit excluded","Automated reduction of the authors' public precedent-level replication file. The source aggregates Shepard's categories and does not expose individual lower-court opinions, non-citing or ignored exposed cases, treatment dates, remedy fidelity, or practical implementation. Use as bounded doctrinal-uptake context only, not as a practical-compliance rate or denominator-matched lowerCourtCompliance validation target."
masood-kassow-songer-2019-precedent-treatment,521 U.S. 898,https://doi.org/10.7910/DVN/DZZY7G,10.7910/DVN/DZZY7G,10.1086/703067,521 U.S. 898,"JAY PRINTZ, SHERIFF/CORONER, RAVALLI COUNTY, MONTANA v. UNITED STATES",1996,1997-06-27,1996-095-01,117 S. Ct. 2365,1997 U.S. LEXIS 4044,10,no,no,yes,1,470,33,0,82,82,503,552,115,0.065606362,0.148550725,0.286956522,post-decision through 2016,"Aggregate Shepard's lower-court response categories attached to one formally argued U.S. Supreme Court precedent, covering the 12 regular federal circuits, their district courts, and state courts through 2016; Federal Circuit excluded","Automated reduction of the authors' public precedent-level replication file. The source aggregates Shepard's categories and does not expose individual lower-court opinions, non-citing or ignored exposed cases, treatment dates, remedy fidelity, or practical implementation. Use as bounded doctrinal-uptake context only, not as a practical-compliance rate or denominator-matched lowerCourtCompliance validation target."
masood-kassow-songer-2019-precedent-treatment,521 U.S. 979,https://doi.org/10.7910/DVN/DZZY7G,10.7910/DVN/DZZY7G,10.1086/703067,521 U.S. 979,"B. C. FOREMAN et al. v. DALLAS COUNTY, TEXAS, et al.",1996,1997-06-27,1996-096-02,117 S. Ct. 2357,1997 U.S. LEXIS 4046,2,no,no,yes,0,6,1,0,0,0,7,6,1,0.142857143,0.000000000,1.000000000,post-decision through 2016,"Aggregate Shepard's lower-court response categories attached to one formally argued U.S. Supreme Court precedent, covering the 12 regular federal circuits, their district courts, and state courts through 2016; Federal Circuit excluded","Automated reduction of the authors' public precedent-level replication file. The source aggregates Shepard's categories and does not expose individual lower-court opinions, non-citing or ignored exposed cases, treatment dates, remedy fidelity, or practical implementation. Use as bounded doctrinal-uptake context only, not as a practical-compliance rate or denominator-matched lowerCourtCompliance validation target."
masood-kassow-songer-2019-precedent-treatment,521 U.S. 982,https://doi.org/10.7910/DVN/DZZY7G,10.7910/DVN/DZZY7G,10.1086/703067,521 U.S. 982,"WILLIAM R. POUNDERS, JUDGE, SUPERIOR COURT OF CALIFORNIA, LOS ANGELES COUNTY v. ",1996,1997-06-27,1996-097-01,117 S. Ct. 2359,1997 U.S. LEXIS 4045,1,no,yes,yes,0,35,9,0,2,2,44,37,11,0.204545455,0.054054054,0.818181818,post-decision through 2016,"Aggregate Shepard's lower-court response categories attached to one formally argued U.S. Supreme Court precedent, covering the 12 regular federal circuits, their district courts, and state courts through 2016; Federal Circuit excluded","Automated reduction of the authors' public precedent-level replication file. The source aggregates Shepard's categories and does not expose individual lower-court opinions, non-citing or ignored exposed cases, treatment dates, remedy fidelity, or practical implementation. Use as bounded doctrinal-uptake context only, not as a practical-compliance rate or denominator-matched lowerCourtCompliance validation target."
masood-kassow-songer-2019-precedent-treatment,522 U.S. 1,https://doi.org/10.7910/DVN/DZZY7G,10.7910/DVN/DZZY7G,10.1086/703067,522 U.S. 1,CARSON LYNN BROWN v. R. WILLIAMS et al.,1997,1997-10-20,1997-001-01,118 S. Ct. 1,1997 U.S. LEXIS 6292,2,no,no,yes,0,3,0,0,0,0,3,3,0,0.000000000,0.000000000,,post-decision through 2016,"Aggregate Shepard's lower-court response categories attached to one formally argued U.S. Supreme Court precedent, covering the 12 regular federal circuits, their district courts, and state courts through 2016; Federal Circuit excluded","Automated reduction of the authors' public precedent-level replication file. The source aggregates Shepard's categories and does not expose individual lower-court opinions, non-citing or ignored exposed cases, treatment dates, remedy fidelity, or practical implementation. Use as bounded doctrinal-uptake context only, not as a practical-compliance rate or denominator-matched lowerCourtCompliance validation target."
masood-kassow-songer-2019-precedent-treatment,522 U.S. 23,https://doi.org/10.7910/DVN/DZZY7G,10.7910/DVN/DZZY7G,10.1086/703067,522 U.S. 23,GARRIT BATES v. UNITED STATES,1997,1997-11-04,1997-003-01,118 S. Ct. 285,1997 U.S. LEXIS 6704,1,no,yes,yes,0,148,16,0,3,3,164,151,19,0.097560976,0.019867550,0.842105263,post-decision through 2016,"Aggregate Shepard's lower-court response categories attached to one formally argued U.S. Supreme Court precedent, covering the 12 regular federal circuits, their district courts, and state courts through 2016; Federal Circuit excluded","Automated reduction of the authors' public precedent-level replication file. The source aggregates Shepard's categories and does not expose individual lower-court opinions, non-citing or ignored exposed cases, treatment dates, remedy fidelity, or practical implementation. Use as bounded doctrinal-uptake context only, not as a practical-compliance rate or denominator-matched lowerCourtCompliance validation target."
masood-kassow-songer-2019-precedent-treatment,522 U.S. 3,https://doi.org/10.7910/DVN/DZZY7G,10.7910/DVN/DZZY7G,10.1086/703067,522 U.S. 3,"STATE OIL COMPANY v. BARKAT U. KHAN AND KHAN & ASSOCIATES, INC.",1997,1997-11-04,1997-002-01,118 S. Ct. 275,1997 U.S. LEXIS 6705,8,no,no,yes,0,436,49,0,5,5,485,441,54,0.101030928,0.011337868,0.907407407,post-decision through 2016,"Aggregate Shepard's lower-court response categories attached to one formally argued U.S. Supreme Court precedent, covering the 12 regular federal circuits, their district courts, and state courts through 2016; Federal Circuit excluded","Automated reduction of the authors' public precedent-level replication file. The source aggregates Shepard's categories and does not expose individual lower-court opinions, non-citing or ignored exposed cases, treatment dates, remedy fidelity, or practical implementation. Use as bounded doctrinal-uptake context only, not as a practical-compliance rate or denominator-matched lowerCourtCompliance validation target."
masood-kassow-songer-2019-precedent-treatment,522 U.S. 34,https://doi.org/10.7910/DVN/DZZY7G,10.7910/DVN/DZZY7G,10.1086/703067,522 U.S. 34,"CITY OF MONROE, et al. v. UNITED STATES",1997,1997-11-17,1997-004-01,118 S. Ct. 400,1997 U.S. LEXIS 6898,2,no,no,yes,0,7,0,0,0,0,7,7,0,0.000000000,0.000000000,,post-decision through 2016,"Aggregate Shepard's lower-court response categories attached to one formally argued U.S. Supreme Court precedent, covering the 12 regular federal circuits, their district courts, and state courts through 2016; Federal Circuit excluded","Automated reduction of the authors' public precedent-level replication file. The source aggregates Shepard's categories and does not expose individual lower-court opinions, non-citing or ignored exposed cases, treatment dates, remedy fidelity, or practical implementation. Use as bounded doctrinal-uptake context only, not as a practical-compliance rate or denominator-matched lowerCourtCompliance validation target."
masood-kassow-songer-2019-precedent-treatment,522 U.S. 52,https://doi.org/10.7910/DVN/DZZY7G,10.7910/DVN/DZZY7G,10.1086/703067,522 U.S. 52,MARIO SALINAS v. UNITED STATES,1997,1997-12-02,1997-005-01,118 S. Ct. 469,1997 U.S. LEXIS 7332,1,no,yes,yes,0,713,191,0,20,20,904,733,211,0.211283186,0.027285130,0.905213270,post-decision through 2016,"Aggregate Shepard's lower-court response categories attached to one formally argued U.S. Supreme Court precedent, covering the 12 regular federal circuits, their district courts, and state courts through 2016; Federal Circuit excluded","Automated reduction of the authors' public precedent-level replication file. The source aggregates Shepard's categories and does not expose individual lower-court opinions, non-citing or ignored exposed cases, treatment dates, remedy fidelity, or practical implementation. Use as bounded doctrinal-uptake context only, not as a practical-compliance rate or denominator-matched lowerCourtCompliance validation target."
masood-kassow-songer-2019-precedent-treatment,522 U.S. 67,https://doi.org/10.7910/DVN/DZZY7G,10.7910/DVN/DZZY7G,10.1086/703067,522 U.S. 67,"MURPHY J. FOSTER, JR., GOVERNOR OF LOUISIANA, et al. v. G. SCOTT LOVE, PAUL S. B",1997,1997-12-02,1997-006-01,118 S. Ct. 464,1997 U.S. LEXIS 7331,2,yes,no,yes,0,30,8,0,3,3,38,33,11,0.210526316,0.090909091,0.727272727,post-decision through 2016,"Aggregate Shepard's lower-court response categories attached to one formally argued U.S. Supreme Court precedent, covering the 12 regular federal circuits, their district courts, and state courts through 2016; Federal Circuit excluded","Automated reduction of the authors' public precedent-level replication file. The source aggregates Shepard's categories and does not expose individual lower-court opinions, non-citing or ignored exposed cases, treatment dates, remedy fidelity, or practical implementation. Use as bounded doctrinal-uptake context only, not as a practical-compliance rate or denominator-matched lowerCourtCompliance validation target."
masood-kassow-songer-2019-precedent-treatment,522 U.S. 75,https://doi.org/10.7910/DVN/DZZY7G,10.7910/DVN/DZZY7G,10.1086/703067,522 U.S. 75,"MELVIN JEFFERSON, INDIVIDUALLY AND AS ADMINISTRATOR OF THE ESTATE OF ALBERTA K. ",1997,1997-12-09,1997-007-01,118 S. Ct. 481,1997 U.S. LEXIS 7494,9,no,no,yes,0,50,3,0,0,0,53,50,3,0.056603774,0.000000000,1.000000000,post-decision through 2016,"Aggregate Shepard's lower-court response categories attached to one formally argued U.S. Supreme Court precedent, covering the 12 regular federal circuits, their district courts, and state courts through 2016; Federal Circuit excluded","Automated reduction of the authors' public precedent-level replication file. The source aggregates Shepard's categories and does not expose individual lower-court opinions, non-citing or ignored exposed cases, treatment dates, remedy fidelity, or practical implementation. Use as bounded doctrinal-uptake context only, not as a practical-compliance rate or denominator-matched lowerCourtCompliance validation target."
masood-kassow-songer-2019-precedent-treatment,522 U.S. 87,https://doi.org/10.7910/DVN/DZZY7G,10.7910/DVN/DZZY7G,10.1086/703067,522 U.S. 87,"RICHARD F. TREST v. BURL CAIN, WARDEN",1997,1997-12-09,1997-008-01,118 S. Ct. 478,1997 U.S. LEXIS 7495,1,no,yes,yes,0,734,28,0,3,3,762,737,31,0.036745407,0.004070556,0.903225806,post-decision through 2016,"Aggregate Shepard's lower-court response categories attached to one formally argued U.S. Supreme Court precedent, covering the 12 regular federal circuits, their district courts, and state courts through 2016; Federal Circuit excluded","Automated reduction of the authors' public precedent-level replication file. The source aggregates Shepard's categories and does not expose individual lower-court opinions, non-citing or ignored exposed cases, treatment dates, remedy fidelity, or practical implementation. Use as bounded doctrinal-uptake context only, not as a practical-compliance rate or denominator-matched lowerCourtCompliance validation target."
masood-kassow-songer-2019-precedent-treatment,522 U.S. 118,https://doi.org/10.7910/DVN/DZZY7G,10.7910/DVN/DZZY7G,10.1086/703067,522 U.S. 118,LYNNE KALINA v. RODNEY FLETCHER,1997,1997-12-10,1997-010-01,118 S. Ct. 502,1997 U.S. LEXIS 7498,2,no,no,yes,1,1288,213,1,69,70,1501,1358,283,0.141905396,0.051546392,0.752650177,post-decision through 2016,"Aggregate Shepard's lower-court response categories attached to one formally argued U.S. Supreme Court precedent, covering the 12 regular federal circuits, their district courts, and state courts through 2016; Federal Circuit excluded","Automated reduction of the authors' public precedent-level replication file. The source aggregates Shepard's categories and does not expose individual lower-court opinions, non-citing or ignored exposed cases, treatment dates, remedy fidelity, or practical implementation. Use as bounded doctrinal-uptake context only, not as a practical-compliance rate or denominator-matched lowerCourtCompliance validation target."
masood-kassow-songer-2019-precedent-treatment,522 U.S. 93,https://doi.org/10.7910/DVN/DZZY7G,10.7910/DVN/DZZY7G,10.1086/703067,522 U.S. 93,"JOHN HUDSON, LARRY BARESEL, AND JACK BUTLER RACKLEY v. UNITED STATES",1997,1997-12-10,1997-009-01,118 S. Ct. 488,1997 U.S. LEXIS 7497,1,yes,yes,yes,1,834,324,1,13,14,1158,848,338,0.279792746,0.016509434,0.958579882,post-decision through 2016,"Aggregate Shepard's lower-court response categories attached to one formally argued U.S. Supreme Court precedent, covering the 12 regular federal circuits, their district courts, and state courts through 2016; Federal Circuit excluded","Automated reduction of the authors' public precedent-level replication file. The source aggregates Shepard's categories and does not expose individual lower-court opinions, non-citing or ignored exposed cases, treatment dates, remedy fidelity, or practical implementation. Use as bounded doctrinal-uptake context only, not as a practical-compliance rate or denominator-matched lowerCourtCompliance validation target."
masood-kassow-songer-2019-precedent-treatment,522 U.S. 136,https://doi.org/10.7910/DVN/DZZY7G,10.7910/DVN/DZZY7G,10.1086/703067,522 U.S. 136,"GENERAL ELECTRIC COMPANY, et al. v. ROBERT K. JOINER ET UX.",1997,1997-12-15,1997-011-01,118 S. Ct. 512,1997 U.S. LEXIS 7503,9,no,no,yes,0,3287,379,5,29,34,3666,3321,413,0.103382433,0.010237880,0.917675545,post-decision through 2016,"Aggregate Shepard's lower-court response categories attached to one formally argued U.S. Supreme Court precedent, covering the 12 regular federal circuits, their district courts, and state courts through 2016; Federal Circuit excluded","Automated reduction of the authors' public precedent-level replication file. The source aggregates Shepard's categories and does not expose individual lower-court opinions, non-citing or ignored exposed cases, treatment dates, remedy fidelity, or practical implementation. Use as bounded doctrinal-uptake context only, not as a practical-compliance rate or denominator-matched lowerCourtCompliance validation target."
masood-kassow-songer-2019-precedent-treatment,522 U.S. 156,https://doi.org/10.7910/DVN/DZZY7G,10.7910/DVN/DZZY7G,10.1086/703067,522 U.S. 156,"CITY OF CHICAGO, et al. v. INTERNATIONAL COLLEGE OF SURGEONS et al.",1997,1997-12-15,1997-012-01,118 S. Ct. 523,1997 U.S. LEXIS 7502,9,no,no,yes,0,1401,312,0,10,10,1713,1411,322,0.182136602,0.007087172,0.968944099,post-decision through 2016,"Aggregate Shepard's lower-court response categories attached to one formally argued U.S. Supreme Court precedent, covering the 12 regular federal circuits, their district courts, and state courts through 2016; Federal Circuit excluded","Automated reduction of the authors' public precedent-level replication file. The source aggregates Shepard's categories and does not expose individual lower-court opinions, non-citing or ignored exposed cases, treatment dates, remedy fidelity, or practical implementation. Use as bounded doctrinal-uptake context only, not as a practical-compliance rate or denominator-matched lowerCourtCompliance validation target."
masood-kassow-songer-2019-precedent-treatment,522 U.S. 192,https://doi.org/10.7910/DVN/DZZY7G,10.7910/DVN/DZZY7G,10.1086/703067,522 U.S. 192,BAY AREA LAUNDRY AND DRY CLEANING PENSION TRUST FUND v. FERBAR CORPORATION OF CA,1997,1997-12-15,1997-013-01,118 S. Ct. 542,1997 U.S. LEXIS 7501,8,no,no,yes,0,327,51,0,15,15,378,342,66,0.134920635,0.043859649,0.772727273,post-decision through 2016,"Aggregate Shepard's lower-court response categories attached to one formally argued U.S. Supreme Court precedent, covering the 12 regular federal circuits, their district courts, and state courts through 2016; Federal Circuit excluded","Automated reduction of the authors' public precedent-level replication file. The source aggregates Shepard's categories and does not expose individual lower-court opinions, non-citing or ignored exposed cases, treatment dates, remedy fidelity, or practical implementation. Use as bounded doctrinal-uptake context only, not as a practical-compliance rate or denominator-matched lowerCourtCompliance validation target."
masood-kassow-songer-2019-precedent-treatment,522 U.S. 211,https://doi.org/10.7910/DVN/DZZY7G,10.7910/DVN/DZZY7G,10.1086/703067,522 U.S. 211,"FIDELITY FINANCIAL SERVICES, INC. v. RICHARD v. FINK, TRUSTEE",1997,1998-01-13,1997-014-01,118 S. Ct. 651,1998 U.S. LEXIS 456,8,no,no,yes,0,55,10,0,4,4,65,59,14,0.153846154,0.067796610,0.714285714,post-decision through 2016,"Aggregate Shepard's lower-court response categories attached to one formally argued U.S. Supreme Court precedent, covering the 12 regular federal circuits, their district courts, and state courts through 2016; Federal Circuit excluded","Automated reduction of the authors' public precedent-level replication file. The source aggregates Shepard's categories and does not expose individual lower-court opinions, non-citing or ignored exposed cases, treatment dates, remedy fidelity, or practical implementation. Use as bounded doctrinal-uptake context only, not as a practical-compliance rate or denominator-matched lowerCourtCompliance validation target."
masood-kassow-songer-2019-precedent-treatment,522 U.S. 222,https://doi.org/10.7910/DVN/DZZY7G,10.7910/DVN/DZZY7G,10.1086/703067,522 U.S. 222,"KENNETH LEE BAKER AND STEVEN ROBERT BAKER, BY HIS NEXT FRIEND, MELISSA THOMAS v.",1997,1998-01-13,1997-015-01,118 S. Ct. 657,1998 U.S. LEXIS 455,11,yes,no,no,0,360,63,0,8,8,423,368,71,0.148936170,0.021739130,0.887323944,post-decision through 2016,"Aggregate Shepard's lower-court response categories attached to one formally argued U.S. Supreme Court precedent, covering the 12 regular federal circuits, their district courts, and state courts through 2016; Federal Circuit excluded","Automated reduction of the authors' public precedent-level replication file. The source aggregates Shepard's categories and does not expose individual lower-court opinions, non-citing or ignored exposed cases, treatment dates, remedy fidelity, or practical implementation. Use as bounded doctrinal-uptake context only, not as a practical-compliance rate or denominator-matched lowerCourtCompliance validation target."
masood-kassow-songer-2019-precedent-treatment,522 U.S. 252,https://doi.org/10.7910/DVN/DZZY7G,10.7910/DVN/DZZY7G,10.1086/703067,522 U.S. 252,GEORGE G. ROGERS v. UNITED STATES,1997,1998-01-14,1997-016-01,118 S. Ct. 673,1998 U.S. LEXIS 457,9,no,no,yes,0,17,3,1,2,3,20,20,6,0.150000000,0.150000000,0.500000000,post-decision through 2016,"Aggregate Shepard's lower-court response categories attached to one formally argued U.S. Supreme Court precedent, covering the 12 regular federal circuits, their district courts, and state courts through 2016; Federal Circuit excluded","Automated reduction of the authors' public precedent-level replication file. The source aggregates Shepard's categories and does not expose individual lower-court opinions, non-citing or ignored exposed cases, treatment dates, remedy fidelity, or practical implementation. Use as bounded doctrinal-uptake context only, not as a practical-compliance rate or denominator-matched lowerCourtCompliance validation target."
masood-kassow-songer-2019-precedent-treatment,522 U.S. 262,https://doi.org/10.7910/DVN/DZZY7G,10.7910/DVN/DZZY7G,10.1086/703067,522 U.S. 262,"JANICE R. LACHANCE, ACTING DIRECTOR, OFFICE OF PERSONNEL MANAGEMENT v. LESTER E.",1997,1998-01-21,1997-017-01,118 S. Ct. 753,1998 U.S. LEXIS 636,4,yes,no,yes,0,155,14,0,1,1,169,156,15,0.082840237,0.006410256,0.933333333,post-decision through 2016,"Aggregate Shepard's lower-court response categories attached to one formally argued U.S. Supreme Court precedent, covering the 12 regular federal circuits, their district courts, and state courts through 2016; Federal Circuit excluded","Automated reduction of the authors' public precedent-level replication file. The source aggregates Shepard's categories and does not expose individual lower-court opinions, non-citing or ignored exposed cases, treatment dates, remedy fidelity, or practical implementation. Use as bounded doctrinal-uptake context only, not as a practical-compliance rate or denominator-matched lowerCourtCompliance validation target."
masood-kassow-songer-2019-precedent-treatment,522 U.S. 269,https://doi.org/10.7910/DVN/DZZY7G,10.7910/DVN/DZZY7G,10.1086/703067,522 U.S. 269,"DOUGLAS MCARTHUR BUCHANAN, JR. v. RONALD J. ANGELONE, DIRECTOR, VIRGINIA DEPARTM",1997,1998-01-21,1997-018-01,118 S. Ct. 757,1998 U.S. LEXIS 638,1,yes,yes,yes,0,274,72,0,3,3,346,277,75,0.208092486,0.010830325,0.960000000,post-decision through 2016,"Aggregate Shepard's lower-court response categories attached to one formally argued U.S. Supreme Court precedent, covering the 12 regular federal circuits, their district courts, and state courts through 2016; Federal Circuit excluded","Automated reduction of the authors' public precedent-level replication file. The source aggregates Shepard's categories and does not expose individual lower-court opinions, non-citing or ignored exposed cases, treatment dates, remedy fidelity, or practical implementation. Use as bounded doctrinal-uptake context only, not as a practical-compliance rate or denominator-matched lowerCourtCompliance validation target."
masood-kassow-songer-2019-precedent-treatment,522 U.S. 287,https://doi.org/10.7910/DVN/DZZY7G,10.7910/DVN/DZZY7G,10.1086/703067,522 U.S. 287,"CHRISTOPHER H. LUNDING, ET UX. v. NEW YORK TAX APPEALS TRIBUNAL et al.",1997,1998-01-21,1997-019-01,118 S. Ct. 766,1998 U.S. LEXIS 637,8,yes,no,yes,0,36,10,0,3,3,46,39,13,0.217391304,0.076923077,0.769230769,post-decision through 2016,"Aggregate Shepard's lower-court response categories attached to one formally argued U.S. Supreme Court precedent, covering the 12 regular federal circuits, their district courts, and state courts through 2016; Federal Circuit excluded","Automated reduction of the authors' public precedent-level replication file. The source aggregates Shepard's categories and does not expose individual lower-court opinions, non-citing or ignored exposed cases, treatment dates, remedy fidelity, or practical implementation. Use as bounded doctrinal-uptake context only, not as a practical-compliance rate or denominator-matched lowerCourtCompliance validation target."
masood-kassow-songer-2019-precedent-treatment,522 U.S. 329,https://doi.org/10.7910/DVN/DZZY7G,10.7910/DVN/DZZY7G,10.1086/703067,522 U.S. 329,SOUTH DAKOTA v. YANKTON SIOUX TRIBE et al.,1997,1998-01-26,1997-020-01,118 S. Ct. 789,1998 U.S. LEXIS 647,2,no,no,yes,1,98,16,0,9,9,114,107,25,0.140350877,0.084112150,0.640000000,post-decision through 2016,"Aggregate Shepard's lower-court response categories attached to one formally argued U.S. Supreme Court precedent, covering the 12 regular federal circuits, their district courts, and state courts through 2016; Federal Circuit excluded","Automated reduction of the authors' public precedent-level replication file. The source aggregates Shepard's categories and does not expose individual lower-court opinions, non-citing or ignored exposed cases, treatment dates, remedy fidelity, or practical implementation. Use as bounded doctrinal-uptake context only, not as a practical-compliance rate or denominator-matched lowerCourtCompliance validation target."
masood-kassow-songer-2019-precedent-treatment,522 U.S. 359,https://doi.org/10.7910/DVN/DZZY7G,10.7910/DVN/DZZY7G,10.1086/703067,522 U.S. 359,"ALLENTOWN MACK SALES AND SERVICE, INC. v. NATIONAL LABOR RELATIONS BOARD",1997,1998-01-26,1997-021-01,118 S. Ct. 818,1998 U.S. LEXIS 649,7,no,no,yes,0,274,31,0,5,5,305,279,36,0.101639344,0.017921147,0.861111111,post-decision through 2016,"Aggregate Shepard's lower-court response categories attached to one formally argued U.S. Supreme Court precedent, covering the 12 regular federal circuits, their district courts, and state courts through 2016; Federal Circuit excluded","Automated reduction of the authors' public precedent-level replication file. The source aggregates Shepard's categories and does not expose individual lower-court opinions, non-citing or ignored exposed cases, treatment dates, remedy fidelity, or practical implementation. Use as bounded doctrinal-uptake context only, not as a practical-compliance rate or denominator-matched lowerCourtCompliance validation target."
masood-kassow-songer-2019-precedent-treatment,522 U.S. 398,https://doi.org/10.7910/DVN/DZZY7G,10.7910/DVN/DZZY7G,10.1086/703067,522 U.S. 398,JAMES BROGAN v. UNITED STATES,1997,1998-01-26,1997-024-01,118 S. Ct. 805,1998 U.S. LEXIS 648,1,no,yes,yes,0,140,28,0,3,3,168,143,31,0.166666667,0.020979021,0.903225806,post-decision through 2016,"Aggregate Shepard's lower-court response categories attached to one formally argued U.S. Supreme Court precedent, covering the 12 regular federal circuits, their district courts, and state courts through 2016; Federal Circuit excluded","Automated reduction of the authors' public precedent-level replication file. The source aggregates Shepard's categories and does not expose individual lower-court opinions, non-citing or ignored exposed cases, treatment dates, remedy fidelity, or practical implementation. Use as bounded doctrinal-uptake context only, not as a practical-compliance rate or denominator-matched lowerCourtCompliance validation target."
masood-kassow-songer-2019-precedent-treatment,522 U.S. 422,https://doi.org/10.7910/DVN/DZZY7G,10.7910/DVN/DZZY7G,10.1086/703067,522 U.S. 422,"DOLORES M. OUBRE v. ENTERGY OPERATIONS, INC.",1997,1998-01-26,1997-025-01,118 S. Ct. 838,1998 U.S. LEXIS 646,2,no,no,yes,1,216,48,0,22,22,264,238,70,0.181818182,0.092436975,0.685714286,post-decision through 2016,"Aggregate Shepard's lower-court response categories attached to one formally argued U.S. Supreme Court precedent, covering the 12 regular federal circuits, their district courts, and state courts through 2016; Federal Circuit excluded","Automated reduction of the authors' public precedent-level replication file. The source aggregates Shepard's categories and does not expose individual lower-court opinions, non-citing or ignored exposed cases, treatment dates, remedy fidelity, or practical implementation. Use as bounded doctrinal-uptake context only, not as a practical-compliance rate or denominator-matched lowerCourtCompliance validation target."
masood-kassow-songer-2019-precedent-treatment,522 U.S. 442,https://doi.org/10.7910/DVN/DZZY7G,10.7910/DVN/DZZY7G,10.1086/703067,522 U.S. 442,"NEWSWEEK, INC. v. FLORIDA DEPARTMENT OF REVENUE et al.",1997,1998-02-23,1997-026-01,118 S. Ct. 904,1998 U.S. LEXIS 837,8,no,no,yes,0,8,3,0,5,5,11,13,8,0.272727273,0.384615385,0.375000000,post-decision through 2016,"Aggregate Shepard's lower-court response categories attached to one formally argued U.S. Supreme Court precedent, covering the 12 regular federal circuits, their district courts, and state courts through 2016; Federal Circuit excluded","Automated reduction of the authors' public precedent-level replication file. The source aggregates Shepard's categories and does not expose individual lower-court opinions, non-citing or ignored exposed cases, treatment dates, remedy fidelity, or practical implementation. Use as bounded doctrinal-uptake context only, not as a practical-compliance rate or denominator-matched lowerCourtCompliance validation target."
masood-kassow-songer-2019-precedent-treatment,522 U.S. 446,https://doi.org/10.7910/DVN/DZZY7G,10.7910/DVN/DZZY7G,10.1086/703067,522 U.S. 446,LORENZO ARTEAGA v. UNITED STATES COURT OF APPEALS FOR THE NINTH CIRCUIT,1997,1998-02-23,1997-027-01,118 S. Ct. 903,1998 U.S. LEXIS 838,,no,no,yes,0,4,0,0,0,0,4,4,0,0.000000000,0.000000000,,post-decision through 2016,"Aggregate Shepard's lower-court response categories attached to one formally argued U.S. Supreme Court precedent, covering the 12 regular federal circuits, their district courts, and state courts through 2016; Federal Circuit excluded","Automated reduction of the authors' public precedent-level replication file. The source aggregates Shepard's categories and does not expose individual lower-court opinions, non-citing or ignored exposed cases, treatment dates, remedy fidelity, or practical implementation. Use as bounded doctrinal-uptake context only, not as a practical-compliance rate or denominator-matched lowerCourtCompliance validation target."
masood-kassow-songer-2019-precedent-treatment,522 U.S. 448,https://doi.org/10.7910/DVN/DZZY7G,10.7910/DVN/DZZY7G,10.1086/703067,522 U.S. 448,"REGIONS HOSPITAL v. DONNA E. SHALALA, SECRETARY OF HEALTH AND HUMAN SERVICES",1997,1998-02-24,1997-028-01,118 S. Ct. 909,1998 U.S. LEXIS 1433,9,no,no,yes,1,117,16,0,4,4,133,121,20,0.120300752,0.033057851,0.800000000,post-decision through 2016,"Aggregate Shepard's lower-court response categories attached to one formally argued U.S. Supreme Court precedent, covering the 12 regular federal circuits, their district courts, and state courts through 2016; Federal Circuit excluded","Automated reduction of the authors' public precedent-level replication file. The source aggregates Shepard's categories and does not expose individual lower-court opinions, non-citing or ignored exposed cases, treatment dates, remedy fidelity, or practical implementation. Use as bounded doctrinal-uptake context only, not as a practical-compliance rate or denominator-matched lowerCourtCompliance validation target."
masood-kassow-songer-2019-precedent-treatment,522 U.S. 470,https://doi.org/10.7910/DVN/DZZY7G,10.7910/DVN/DZZY7G,10.1086/703067,522 U.S. 470,"MARY ANNA RIVET, et al. v. REGIONS BANK OF LOUISIANA et al.",1997,1998-02-24,1997-029-01,118 S. Ct. 921,1998 U.S. LEXIS 1434,9,no,no,yes,1,1169,148,0,18,18,1317,1187,166,0.112376614,0.015164280,0.891566265,post-decision through 2016,"Aggregate Shepard's lower-court response categories attached to one formally argued U.S. Supreme Court precedent, covering the 12 regular federal circuits, their district courts, and state courts through 2016; Federal Circuit excluded","Automated reduction of the authors' public precedent-level replication file. The source aggregates Shepard's categories and does not expose individual lower-court opinions, non-citing or ignored exposed cases, treatment dates, remedy fidelity, or practical implementation. Use as bounded doctrinal-uptake context only, not as a practical-compliance rate or denominator-matched lowerCourtCompliance validation target."
masood-kassow-songer-2019-precedent-treatment,522 U.S. 479,https://doi.org/10.7910/DVN/DZZY7G,10.7910/DVN/DZZY7G,10.1086/703067,522 U.S. 479,NATIONAL CREDIT UNION ADMINISTRATION v. FIRST NATIONAL BANK & TRUST CO. et al.,1997,1998-02-25,1997-030-01,118 S. Ct. 927,1998 U.S. LEXIS 1448,9,no,no,yes,0,180,54,1,8,9,234,189,63,0.230769231,0.047619048,0.857142857,post-decision through 2016,"Aggregate Shepard's lower-court response categories attached to one formally argued U.S. Supreme Court precedent, covering the 12 regular federal circuits, their district courts, and state courts through 2016; Federal Circuit excluded","Automated reduction of the authors' public precedent-level replication file. The source aggregates Shepard's categories and does not expose individual lower-court opinions, non-citing or ignored exposed cases, treatment dates, remedy fidelity, or practical implementation. Use as bounded doctrinal-uptake context only, not as a practical-compliance rate or denominator-matched lowerCourtCompliance validation target."
masood-kassow-songer-2019-precedent-treatment,522 U.S. 520,https://doi.org/10.7910/DVN/DZZY7G,10.7910/DVN/DZZY7G,10.1086/703067,522 U.S. 520,ALASKA v. NATIVE VILLAGE OF VENETIE TRIBAL GOVERNMENT et al.,1997,1998-02-25,1997-031-01,118 S. Ct. 948,1998 U.S. LEXIS 1449,2,no,no,yes,0,78,32,0,9,9,110,87,41,0.290909091,0.103448276,0.780487805,post-decision through 2016,"Aggregate Shepard's lower-court response categories attached to one formally argued U.S. Supreme Court precedent, covering the 12 regular federal circuits, their district courts, and state courts through 2016; Federal Circuit excluded","Automated reduction of the authors' public precedent-level replication file. The source aggregates Shepard's categories and does not expose individual lower-court opinions, non-citing or ignored exposed cases, treatment dates, remedy fidelity, or practical implementation. Use as bounded doctrinal-uptake context only, not as a practical-compliance rate or denominator-matched lowerCourtCompliance validation target."
masood-kassow-songer-2019-precedent-treatment,523 U.S. 1,https://doi.org/10.7910/DVN/DZZY7G,10.7910/DVN/DZZY7G,10.1086/703067,523 U.S. 1,"RANDY G. SPENCER v. MIKE KEMNA, SUPERINTENDENT, WESTERN MISSOURI CORRECTIONAL CE",1997,1998-03-03,1997-032-01,118 S. Ct. 978,1998 U.S. LEXIS 1597,9,yes,no,yes,0,3540,919,4,68,72,4459,3612,991,0.206100022,0.019933555,0.927346115,post-decision through 2016,"Aggregate Shepard's lower-court response categories attached to one formally argued U.S. Supreme Court precedent, covering the 12 regular federal circuits, their district courts, and state courts through 2016; Federal Circuit excluded","Automated reduction of the authors' public precedent-level replication file. The source aggregates Shepard's categories and does not expose individual lower-court opinions, non-citing or ignored exposed cases, treatment dates, remedy fidelity, or practical implementation. Use as bounded doctrinal-uptake context only, not as a practical-compliance rate or denominator-matched lowerCourtCompliance validation target."
masood-kassow-songer-2019-precedent-treatment,523 U.S. 26,https://doi.org/10.7910/DVN/DZZY7G,10.7910/DVN/DZZY7G,10.1086/703067,523 U.S. 26,LEXECON INC. et al. v. MILBERG WEISS BERSHAD HYNES & LERACH et al.,1997,1998-03-03,1997-033-01,118 S. Ct. 956,1998 U.S. LEXIS 1598,9,no,no,yes,1,739,40,0,10,10,779,749,50,0.051347882,0.013351135,0.800000000,post-decision through 2016,"Aggregate Shepard's lower-court response categories attached to one formally argued U.S. Supreme Court precedent, covering the 12 regular federal circuits, their district courts, and state courts through 2016; Federal Circuit excluded","Automated reduction of the authors' public precedent-level replication file. The source aggregates Shepard's categories and does not expose individual lower-court opinions, non-citing or ignored exposed cases, treatment dates, remedy fidelity, or practical implementation. Use as bounded doctrinal-uptake context only, not as a practical-compliance rate or denominator-matched lowerCourtCompliance validation target."
masood-kassow-songer-2019-precedent-treatment,523 U.S. 44,https://doi.org/10.7910/DVN/DZZY7G,10.7910/DVN/DZZY7G,10.1086/703067,523 U.S. 44,DANIEL BOGAN AND MARILYN RODERICK v. JANET SCOTT-HARRIS,1997,1998-03-03,1997-034-01,118 S. Ct. 966,1998 U.S. LEXIS 1596,8,no,no,yes,0,592,178,0,35,35,770,627,213,0.231168831,0.055821372,0.835680751,post-decision through 2016,"Aggregate Shepard's lower-court response categories attached to one formally argued U.S. Supreme Court precedent, covering the 12 regular federal circuits, their district courts, and state courts through 2016; Federal Circuit excluded","Automated reduction of the authors' public precedent-level replication file. The source aggregates Shepard's categories and does not expose individual lower-court opinions, non-citing or ignored exposed cases, treatment dates, remedy fidelity, or practical implementation. Use as bounded doctrinal-uptake context only, not as a practical-compliance rate or denominator-matched lowerCourtCompliance validation target."
masood-kassow-songer-2019-precedent-treatment,523 U.S. 57,https://doi.org/10.7910/DVN/DZZY7G,10.7910/DVN/DZZY7G,10.1086/703067,523 U.S. 57,"MARGARET KAWAAUHAU, ET VIR v. PAUL W. GEIGER",1997,1998-03-03,1997-035-01,118 S. Ct. 974,1998 U.S. LEXIS 1595,8,no,no,yes,0,1694,646,1,21,22,2340,1716,668,0.276068376,0.012820513,0.967065868,post-decision through 2016,"Aggregate Shepard's lower-court response categories attached to one formally argued U.S. Supreme Court precedent, covering the 12 regular federal circuits, their district courts, and state courts through 2016; Federal Circuit excluded","Automated reduction of the authors' public precedent-level replication file. The source aggregates Shepard's categories and does not expose individual lower-court opinions, non-citing or ignored exposed cases, treatment dates, remedy fidelity, or practical implementation. Use as bounded doctrinal-uptake context only, not as a practical-compliance rate or denominator-matched lowerCourtCompliance validation target."
masood-kassow-songer-2019-precedent-treatment,523 U.S. 65,https://doi.org/10.7910/DVN/DZZY7G,10.7910/DVN/DZZY7G,10.1086/703067,523 U.S. 65,UNITED STATES v. HERNAN RAMIREZ,1997,1998-03-04,1997-036-01,118 S. Ct. 992,1998 U.S. LEXIS 1600,1,yes,yes,yes,0,240,48,1,7,8,288,248,56,0.166666667,0.032258065,0.857142857,post-decision through 2016,"Aggregate Shepard's lower-court response categories attached to one formally argued U.S. Supreme Court precedent, covering the 12 regular federal circuits, their district courts, and state courts through 2016; Federal Circuit excluded","Automated reduction of the authors' public precedent-level replication file. The source aggregates Shepard's categories and does not expose individual lower-court opinions, non-citing or ignored exposed cases, treatment dates, remedy fidelity, or practical implementation. Use as bounded doctrinal-uptake context only, not as a practical-compliance rate or denominator-matched lowerCourtCompliance validation target."
masood-kassow-songer-2019-precedent-treatment,523 U.S. 75,https://doi.org/10.7910/DVN/DZZY7G,10.7910/DVN/DZZY7G,10.1086/703067,523 U.S. 75,"JOSEPH ONCALE v. SUNDOWNER OFFSHORE SERVICES, INCORPORATED, et al.",1997,1998-03-04,1997-037-01,118 S. Ct. 998,1998 U.S. LEXIS 1599,2,no,no,yes,1,3636,826,2,28,30,4462,3666,856,0.185118781,0.008183306,0.964953271,post-decision through 2016,"Aggregate Shepard's lower-court response categories attached to one formally argued U.S. Supreme Court precedent, covering the 12 regular federal circuits, their district courts, and state courts through 2016; Federal Circuit excluded","Automated reduction of the authors' public precedent-level replication file. The source aggregates Shepard's categories and does not expose individual lower-court opinions, non-citing or ignored exposed cases, treatment dates, remedy fidelity, or practical implementation. Use as bounded doctrinal-uptake context only, not as a practical-compliance rate or denominator-matched lowerCourtCompliance validation target."
masood-kassow-songer-2019-precedent-treatment,523 U.S. 83,https://doi.org/10.7910/DVN/DZZY7G,10.7910/DVN/DZZY7G,10.1086/703067,523 U.S. 83,"STEEL COMPANY, AKA CHICAGO STEEL AND PICKLING COMPANY v. CITIZENS FOR A BETTER E",1997,1998-03-04,1997-038-01,118 S. Ct. 1003,1998 U.S. LEXIS 1601,9,yes,no,yes,0,5585,616,1,58,59,6201,5644,675,0.099338816,0.010453579,0.912592593,post-decision through 2016,"Aggregate Shepard's lower-court response categories attached to one formally argued U.S. Supreme Court precedent, covering the 12 regular federal circuits, their district courts, and state courts through 2016; Federal Circuit excluded","Automated reduction of the authors' public precedent-level replication file. The source aggregates Shepard's categories and does not expose individual lower-court opinions, non-citing or ignored exposed cases, treatment dates, remedy fidelity, or practical implementation. Use as bounded doctrinal-uptake context only, not as a practical-compliance rate or denominator-matched lowerCourtCompliance validation target."
masood-kassow-songer-2019-precedent-treatment,523 U.S. 135,https://doi.org/10.7910/DVN/DZZY7G,10.7910/DVN/DZZY7G,10.1086/703067,523 U.S. 135,"QUALITY KING DISTRIBUTORS, INC. v. L'ANZA RESEARCH INTERNATIONAL, INC.",1997,1998-03-09,1997-039-01,118 S. Ct. 1125,1998 U.S. LEXIS 1606,8,no,no,yes,0,63,11,1,8,9,74,72,20,0.148648649,0.125000000,0.550000000,post-decision through 2016,"Aggregate Shepard's lower-court response categories attached to one formally argued U.S. Supreme Court precedent, covering the 12 regular federal circuits, their district courts, and state courts through 2016; Federal Circuit excluded","Automated reduction of the authors' public precedent-level replication file. The source aggregates Shepard's categories and does not expose individual lower-court opinions, non-citing or ignored exposed cases, treatment dates, remedy fidelity, or practical implementation. Use as bounded doctrinal-uptake context only, not as a practical-compliance rate or denominator-matched lowerCourtCompliance validation target."
masood-kassow-songer-2019-precedent-treatment,523 U.S. 155,https://doi.org/10.7910/DVN/DZZY7G,10.7910/DVN/DZZY7G,10.1086/703067,523 U.S. 155,DEBRA FAYE LEWIS v. UNITED STATES,1997,1998-03-09,1997-040-01,118 S. Ct. 1135,1998 U.S. LEXIS 1604,1,no,yes,yes,0,65,24,0,5,5,89,70,29,0.269662921,0.071428571,0.827586207,post-decision through 2016,"Aggregate Shepard's lower-court response categories attached to one formally argued U.S. Supreme Court precedent, covering the 12 regular federal circuits, their district courts, and state courts through 2016; Federal Circuit excluded","Automated reduction of the authors' public precedent-level replication file. The source aggregates Shepard's categories and does not expose individual lower-court opinions, non-citing or ignored exposed cases, treatment dates, remedy fidelity, or practical implementation. Use as bounded doctrinal-uptake context only, not as a practical-compliance rate or denominator-matched lowerCourtCompliance validation target."
masood-kassow-songer-2019-precedent-treatment,523 U.S. 185,https://doi.org/10.7910/DVN/DZZY7G,10.7910/DVN/DZZY7G,10.1086/703067,523 U.S. 185,KEVIN D. GRAY v. MARYLAND,1997,1998-03-09,1997-041-01,118 S. Ct. 1151,1998 U.S. LEXIS 1605,1,no,yes,yes,0,656,197,0,102,102,853,758,299,0.230949590,0.134564644,0.658862876,post-decision through 2016,"Aggregate Shepard's lower-court response categories attached to one formally argued U.S. Supreme Court precedent, covering the 12 regular federal circuits, their district courts, and state courts through 2016; Federal Circuit excluded","Automated reduction of the authors' public precedent-level replication file. The source aggregates Shepard's categories and does not expose individual lower-court opinions, non-citing or ignored exposed cases, treatment dates, remedy fidelity, or practical implementation. Use as bounded doctrinal-uptake context only, not as a practical-compliance rate or denominator-matched lowerCourtCompliance validation target."
masood-kassow-songer-2019-precedent-treatment,523 U.S. 206,https://doi.org/10.7910/DVN/DZZY7G,10.7910/DVN/DZZY7G,10.1086/703067,523 U.S. 206,"GLENDORA v. JOHN PORZIO, et al.",1997,1998-03-09,1997-042-01,118 S. Ct. 1124,1998 U.S. LEXIS 1607,2,no,no,yes,0,6,0,0,0,0,6,6,0,0.000000000,0.000000000,,post-decision through 2016,"Aggregate Shepard's lower-court response categories attached to one formally argued U.S. Supreme Court precedent, covering the 12 regular federal circuits, their district courts, and state courts through 2016; Federal Circuit excluded","Automated reduction of the authors' public precedent-level replication file. The source aggregates Shepard's categories and does not expose individual lower-court opinions, non-citing or ignored exposed cases, treatment dates, remedy fidelity, or practical implementation. Use as bounded doctrinal-uptake context only, not as a practical-compliance rate or denominator-matched lowerCourtCompliance validation target."
masood-kassow-songer-2019-precedent-treatment,523 U.S. 208,https://doi.org/10.7910/DVN/DZZY7G,10.7910/DVN/DZZY7G,10.1086/703067,523 U.S. 208,"JANICE E. HETZEL v. PRINCE WILLIAM COUNTY, VIRGINIA, AND CHARLIE T. DEANE",1997,1998-03-23,1997-043-01,118 S. Ct. 1210,1998 U.S. LEXIS 1784,9,no,no,yes,0,71,5,0,6,6,76,77,11,0.065789474,0.077922078,0.454545455,post-decision through 2016,"Aggregate Shepard's lower-court response categories attached to one formally argued U.S. Supreme Court precedent, covering the 12 regular federal circuits, their district courts, and state courts through 2016; Federal Circuit excluded","Automated reduction of the authors' public precedent-level replication file. The source aggregates Shepard's categories and does not expose individual lower-court opinions, non-citing or ignored exposed cases, treatment dates, remedy fidelity, or practical implementation. Use as bounded doctrinal-uptake context only, not as a practical-compliance rate or denominator-matched lowerCourtCompliance validation target."
masood-kassow-songer-2019-precedent-treatment,523 U.S. 213,https://doi.org/10.7910/DVN/DZZY7G,10.7910/DVN/DZZY7G,10.1086/703067,523 U.S. 213,EDWARD S. COHEN v. HILDA DE LA CRUZ et al.,1997,1998-03-24,1997-044-01,118 S. Ct. 1212,1998 U.S. LEXIS 2119,8,no,no,yes,0,781,166,0,37,37,947,818,203,0.175290391,0.045232274,0.817733990,post-decision through 2016,"Aggregate Shepard's lower-court response categories attached to one formally argued U.S. Supreme Court precedent, covering the 12 regular federal circuits, their district courts, and state courts through 2016; Federal Circuit excluded","Automated reduction of the authors' public precedent-level replication file. The source aggregates Shepard's categories and does not expose individual lower-court opinions, non-citing or ignored exposed cases, treatment dates, remedy fidelity, or practical implementation. Use as bounded doctrinal-uptake context only, not as a practical-compliance rate or denominator-matched lowerCourtCompliance validation target."
masood-kassow-songer-2019-precedent-treatment,523 U.S. 224,https://doi.org/10.7910/DVN/DZZY7G,10.7910/DVN/DZZY7G,10.1086/703067,523 U.S. 224,HUGO ROMAN ALMENDAREZ-TORRES v. UNITED STATES,1997,1998-03-24,1997-045-01,118 S. Ct. 1219,1998 U.S. LEXIS 2118,1,no,yes,yes,0,4649,5865,41,54,95,10514,4744,5960,0.557827658,0.020025295,0.984060403,post-decision through 2016,"Aggregate Shepard's lower-court response categories attached to one formally argued U.S. Supreme Court precedent, covering the 12 regular federal circuits, their district courts, and state courts through 2016; Federal Circuit excluded","Automated reduction of the authors' public precedent-level replication file. The source aggregates Shepard's categories and does not expose individual lower-court opinions, non-citing or ignored exposed cases, treatment dates, remedy fidelity, or practical implementation. Use as bounded doctrinal-uptake context only, not as a practical-compliance rate or denominator-matched lowerCourtCompliance validation target."
masood-kassow-songer-2019-precedent-treatment,523 U.S. 272,https://doi.org/10.7910/DVN/DZZY7G,10.7910/DVN/DZZY7G,10.1086/703067,523 U.S. 272,"OHIO ADULT PAROLE AUTHORITY, et al. v. EUGENE WOODARD",1997,1998-03-25,1997-046-01,118 S. Ct. 1244,1998 U.S. LEXIS 2130,4,yes,no,yes,1,269,43,0,8,8,312,277,51,0.137820513,0.028880866,0.843137255,post-decision through 2016,"Aggregate Shepard's lower-court response categories attached to one formally argued U.S. Supreme Court precedent, covering the 12 regular federal circuits, their district courts, and state courts through 2016; Federal Circuit excluded","Automated reduction of the authors' public precedent-level replication file. The source aggregates Shepard's categories and does not expose individual lower-court opinions, non-citing or ignored exposed cases, treatment dates, remedy fidelity, or practical implementation. Use as bounded doctrinal-uptake context only, not as a practical-compliance rate or denominator-matched lowerCourtCompliance validation target."
masood-kassow-songer-2019-precedent-treatment,523 U.S. 296,https://doi.org/10.7910/DVN/DZZY7G,10.7910/DVN/DZZY7G,10.1086/703067,523 U.S. 296,TEXAS v. UNITED STATES et al.,1997,1998-03-31,1997-047-01,118 S. Ct. 1257,1998 U.S. LEXIS 2302,9,yes,no,yes,0,773,114,0,10,10,887,783,124,0.128523112,0.012771392,0.919354839,post-decision through 2016,"Aggregate Shepard's lower-court response categories attached to one formally argued U.S. Supreme Court precedent, covering the 12 regular federal circuits, their district courts, and state courts through 2016; Federal Circuit excluded","Automated reduction of the authors' public precedent-level replication file. The source aggregates Shepard's categories and does not expose individual lower-court opinions, non-citing or ignored exposed cases, treatment dates, remedy fidelity, or practical implementation. Use as bounded doctrinal-uptake context only, not as a practical-compliance rate or denominator-matched lowerCourtCompliance validation target."
masood-kassow-songer-2019-precedent-treatment,523 U.S. 303,https://doi.org/10.7910/DVN/DZZY7G,10.7910/DVN/DZZY7G,10.1086/703067,523 U.S. 303,UNITED STATES v. EDWARD G. SCHEFFER,1997,1998-03-31,1997-048-01,118 S. Ct. 1261,1998 U.S. LEXIS 2303,1,yes,yes,yes,0,1921,246,2,20,22,2167,1943,268,0.113520997,0.011322697,0.917910448,post-decision through 2016,"Aggregate Shepard's lower-court response categories attached to one formally argued U.S. Supreme Court precedent, covering the 12 regular federal circuits, their district courts, and state courts through 2016; Federal Circuit excluded","Automated reduction of the authors' public precedent-level replication file. The source aggregates Shepard's categories and does not expose individual lower-court opinions, non-citing or ignored exposed cases, treatment dates, remedy fidelity, or practical implementation. Use as bounded doctrinal-uptake context only, not as a practical-compliance rate or denominator-matched lowerCourtCompliance validation target."
masood-kassow-songer-2019-precedent-treatment,523 U.S. 340,https://doi.org/10.7910/DVN/DZZY7G,10.7910/DVN/DZZY7G,10.1086/703067,523 U.S. 340,"C. ELVIN FELTNER, JR. v. COLUMBIA PICTURES TELEVISION, INC.",1997,1998-03-31,1997-049-01,118 S. Ct. 1279,1998 U.S. LEXIS 2301,8,no,no,yes,0,313,32,0,14,14,345,327,46,0.092753623,0.042813456,0.695652174,post-decision through 2016,"Aggregate Shepard's lower-court response categories attached to one formally argued U.S. Supreme Court precedent, covering the 12 regular federal circuits, their district courts, and state courts through 2016; Federal Circuit excluded","Automated reduction of the authors' public precedent-level replication file. The source aggregates Shepard's categories and does not expose individual lower-court opinions, non-citing or ignored exposed cases, treatment dates, remedy fidelity, or practical implementation. Use as bounded doctrinal-uptake context only, not as a practical-compliance rate or denominator-matched lowerCourtCompliance validation target."
masood-kassow-songer-2019-precedent-treatment,523 U.S. 360,https://doi.org/10.7910/DVN/DZZY7G,10.7910/DVN/DZZY7G,10.1086/703067,523 U.S. 360,UNITED STATES v. UNITED STATES SHOE CORPORATION,1997,1998-03-31,1997-050-01,118 S. Ct. 1290,1998 U.S. LEXIS 2300,12,no,no,yes,0,7,1,0,2,2,8,9,3,0.125000000,0.222222222,0.333333333,post-decision through 2016,"Aggregate Shepard's lower-court response categories attached to one formally argued U.S. Supreme Court precedent, covering the 12 regular federal circuits, their district courts, and state courts through 2016; Federal Circuit excluded","Automated reduction of the authors' public precedent-level replication file. The source aggregates Shepard's categories and does not expose individual lower-court opinions, non-citing or ignored exposed cases, treatment dates, remedy fidelity, or practical implementation. Use as bounded doctrinal-uptake context only, not as a practical-compliance rate or denominator-matched lowerCourtCompliance validation target."
masood-kassow-songer-2019-precedent-treatment,523 U.S. 371,https://doi.org/10.7910/DVN/DZZY7G,10.7910/DVN/DZZY7G,10.1086/703067,523 U.S. 371,"ANGEL FRANCISCO BREARD v. FRED W. GREENE, WARDEN",1997,1998-04-14,1997-051-03,118 S. Ct. 1352,1998 U.S. LEXIS 2465,1,no,yes,yes,0,563,61,0,7,7,624,570,68,0.097756410,0.012280702,0.897058824,post-decision through 2016,"Aggregate Shepard's lower-court response categories attached to one formally argued U.S. Supreme Court precedent, covering the 12 regular federal circuits, their district courts, and state courts through 2016; Federal Circuit excluded","Automated reduction of the authors' public precedent-level replication file. The source aggregates Shepard's categories and does not expose individual lower-court opinions, non-citing or ignored exposed cases, treatment dates, remedy fidelity, or practical implementation. Use as bounded doctrinal-uptake context only, not as a practical-compliance rate or denominator-matched lowerCourtCompliance validation target."
masood-kassow-songer-2019-precedent-treatment,523 U.S. 382,https://doi.org/10.7910/DVN/DZZY7G,10.7910/DVN/DZZY7G,10.1086/703067,523 U.S. 382,ATLANTIC MUTUAL INSURANCE COMPANY v. COMMISSIONER OF INTERNAL REVENUE,1997,1998-04-21,1997-052-01,118 S. Ct. 1413,1998 U.S. LEXIS 2786,12,no,no,yes,0,25,2,0,0,0,27,25,2,0.074074074,0.000000000,1.000000000,post-decision through 2016,"Aggregate Shepard's lower-court response categories attached to one formally argued U.S. Supreme Court precedent, covering the 12 regular federal circuits, their district courts, and state courts through 2016; Federal Circuit excluded","Automated reduction of the authors' public precedent-level replication file. The source aggregates Shepard's categories and does not expose individual lower-court opinions, non-citing or ignored exposed cases, treatment dates, remedy fidelity, or practical implementation. Use as bounded doctrinal-uptake context only, not as a practical-compliance rate or denominator-matched lowerCourtCompliance validation target."
masood-kassow-songer-2019-precedent-treatment,523 U.S. 392,https://doi.org/10.7910/DVN/DZZY7G,10.7910/DVN/DZZY7G,10.1086/703067,523 U.S. 392,TERRY CAMPBELL v. LOUISIANA,1997,1998-04-21,1997-053-01,118 S. Ct. 1419,1998 U.S. LEXIS 2787,2,yes,no,yes,0,161,32,0,18,18,193,179,50,0.165803109,0.100558659,0.640000000,post-decision through 2016,"Aggregate Shepard's lower-court response categories attached to one formally argued U.S. Supreme Court precedent, covering the 12 regular federal circuits, their district courts, and state courts through 2016; Federal Circuit excluded","Automated reduction of the authors' public precedent-level replication file. The source aggregates Shepard's categories and does not expose individual lower-court opinions, non-citing or ignored exposed cases, treatment dates, remedy fidelity, or practical implementation. Use as bounded doctrinal-uptake context only, not as a practical-compliance rate or denominator-matched lowerCourtCompliance validation target."
masood-kassow-songer-2019-precedent-treatment,523 U.S. 410,https://doi.org/10.7910/DVN/DZZY7G,10.7910/DVN/DZZY7G,10.1086/703067,523 U.S. 410,"DAVID R. BEACH, ET UX. v. OCWEN FEDERAL BANK",1997,1998-04-21,1997-054-01,118 S. Ct. 1408,1998 U.S. LEXIS 2785,8,no,no,yes,0,835,121,0,20,20,956,855,141,0.126569038,0.023391813,0.858156028,post-decision through 2016,"Aggregate Shepard's lower-court response categories attached to one formally argued U.S. Supreme Court precedent, covering the 12 regular federal circuits, their district courts, and state courts through 2016; Federal Circuit excluded","Automated reduction of the authors' public precedent-level replication file. The source aggregates Shepard's categories and does not expose individual lower-court opinions, non-citing or ignored exposed cases, treatment dates, remedy fidelity, or practical implementation. Use as bounded doctrinal-uptake context only, not as a practical-compliance rate or denominator-matched lowerCourtCompliance validation target."
masood-kassow-songer-2019-precedent-treatment,523 U.S. 420,https://doi.org/10.7910/DVN/DZZY7G,10.7910/DVN/DZZY7G,10.1086/703067,523 U.S. 420,"LORELYN PENERO MILLER v. MADELEINE K. ALBRIGHT, SECRETARY OF STATE",1997,1998-04-22,1997-055-01,118 S. Ct. 1428,1998 U.S. LEXIS 2789,2,no,no,yes,0,137,29,2,11,13,166,150,42,0.174698795,0.086666667,0.690476190,post-decision through 2016,"Aggregate Shepard's lower-court response categories attached to one formally argued U.S. Supreme Court precedent, covering the 12 regular federal circuits, their district courts, and state courts through 2016; Federal Circuit excluded","Automated reduction of the authors' public precedent-level replication file. The source aggregates Shepard's categories and does not expose individual lower-court opinions, non-citing or ignored exposed cases, treatment dates, remedy fidelity, or practical implementation. Use as bounded doctrinal-uptake context only, not as a practical-compliance rate or denominator-matched lowerCourtCompliance validation target."
masood-kassow-songer-2019-precedent-treatment,523 U.S. 491,https://doi.org/10.7910/DVN/DZZY7G,10.7910/DVN/DZZY7G,10.1086/703067,523 U.S. 491,"CALIFORNIA AND STATE LANDS COMMISSION v. DEEP SEA RESEARCH, INC., et al.",1997,1998-04-22,1997-056-01,118 S. Ct. 1464,1998 U.S. LEXIS 2788,9,yes,no,yes,1,96,15,0,8,8,111,104,23,0.135135135,0.076923077,0.652173913,post-decision through 2016,"Aggregate Shepard's lower-court response categories attached to one formally argued U.S. Supreme Court precedent, covering the 12 regular federal circuits, their district courts, and state courts through 2016; Federal Circuit excluded","Automated reduction of the authors' public precedent-level replication file. The source aggregates Shepard's categories and does not expose individual lower-court opinions, non-citing or ignored exposed cases, treatment dates, remedy fidelity, or practical implementation. Use as bounded doctrinal-uptake context only, not as a practical-compliance rate or denominator-matched lowerCourtCompliance validation target."
masood-kassow-songer-2019-precedent-treatment,523 U.S. 511,https://doi.org/10.7910/DVN/DZZY7G,10.7910/DVN/DZZY7G,10.1086/703067,523 U.S. 511,"VINCENT EDWARDS, REYNOLDS A. WINTERSMITH, HORACE JOINER, KARL v. FORT, AND JOSEP",1997,1998-04-28,1997-057-01,118 S. Ct. 1475,1998 U.S. LEXIS 2963,1,no,yes,yes,0,213,32,1,18,19,245,232,51,0.130612245,0.081896552,0.627450980,post-decision through 2016,"Aggregate Shepard's lower-court response categories attached to one formally argued U.S. Supreme Court precedent, covering the 12 regular federal circuits, their district courts, and state courts through 2016; Federal Circuit excluded","Automated reduction of the authors' public precedent-level replication file. The source aggregates Shepard's categories and does not expose individual lower-court opinions, non-citing or ignored exposed cases, treatment dates, remedy fidelity, or practical implementation. Use as bounded doctrinal-uptake context only, not as a practical-compliance rate or denominator-matched lowerCourtCompliance validation target."
masood-kassow-songer-2019-precedent-treatment,523 U.S. 517,https://doi.org/10.7910/DVN/DZZY7G,10.7910/DVN/DZZY7G,10.1086/703067,523 U.S. 517,UNITED STATES v. ESTATE OF FRANCIS J. ROMANI et al.,1997,1998-04-29,1997-058-01,118 S. Ct. 1478,1998 U.S. LEXIS 2965,12,no,no,yes,0,62,7,0,4,4,69,66,11,0.101449275,0.060606061,0.636363636,post-decision through 2016,"Aggregate Shepard's lower-court response categories attached to one formally argued U.S. Supreme Court precedent, covering the 12 regular federal circuits, their district courts, and state courts through 2016; Federal Circuit excluded","Automated reduction of the authors' public precedent-level replication file. The source aggregates Shepard's categories and does not expose individual lower-court opinions, non-citing or ignored exposed cases, treatment dates, remedy fidelity, or practical implementation. Use as bounded doctrinal-uptake context only, not as a practical-compliance rate or denominator-matched lowerCourtCompliance validation target."
masood-kassow-songer-2019-precedent-treatment,523 U.S. 538,https://doi.org/10.7910/DVN/DZZY7G,10.7910/DVN/DZZY7G,10.1086/703067,523 U.S. 538,"ARTHUR CALDERON, WARDEN v. THOMAS THOMPSON",1997,1998-04-29,1997-059-01,118 S. Ct. 1489,1998 U.S. LEXIS 2964,1,no,yes,yes,0,1890,332,0,19,19,2222,1909,351,0.149414941,0.009952855,0.945868946,post-decision through 2016,"Aggregate Shepard's lower-court response categories attached to one formally argued U.S. Supreme Court precedent, covering the 12 regular federal circuits, their district courts, and state courts through 2016; Federal Circuit excluded","Automated reduction of the authors' public precedent-level replication file. The source aggregates Shepard's categories and does not expose individual lower-court opinions, non-citing or ignored exposed cases, treatment dates, remedy fidelity, or practical implementation. Use as bounded doctrinal-uptake context only, not as a practical-compliance rate or denominator-matched lowerCourtCompliance validation target."
masood-kassow-songer-2019-precedent-treatment,523 U.S. 574,https://doi.org/10.7910/DVN/DZZY7G,10.7910/DVN/DZZY7G,10.1086/703067,523 U.S. 574,LEONARD ROLLON CRAWFORD-EL v. PATRICIA BRITTON,1997,1998-05-04,1997-060-01,118 S. Ct. 1584,1998 U.S. LEXIS 2966,2,no,no,yes,0,2638,275,1,16,17,2913,2655,292,0.094404394,0.006403013,0.941780822,post-decision through 2016,"Aggregate Shepard's lower-court response categories attached to one formally argued U.S. Supreme Court precedent, covering the 12 regular federal circuits, their district courts, and state courts through 2016; Federal Circuit excluded","Automated reduction of the authors' public precedent-level replication file. The source aggregates Shepard's categories and does not expose individual lower-court opinions, non-citing or ignored exposed cases, treatment dates, remedy fidelity, or practical implementation. Use as bounded doctrinal-uptake context only, not as a practical-compliance rate or denominator-matched lowerCourtCompliance validation target."
masood-kassow-songer-2019-precedent-treatment,523 U.S. 613,https://doi.org/10.7910/DVN/DZZY7G,10.7910/DVN/DZZY7G,10.1086/703067,523 U.S. 613,RANDALL RICCI v. VILLAGE OF ARLINGTON HEIGHTS,1997,1998-05-04,1997-061-01,118 S. Ct. 1693,1998 U.S. LEXIS 2967,9,no,no,yes,0,4,0,0,0,0,4,4,0,0.000000000,0.000000000,,post-decision through 2016,"Aggregate Shepard's lower-court response categories attached to one formally argued U.S. Supreme Court precedent, covering the 12 regular federal circuits, their district courts, and state courts through 2016; Federal Circuit excluded","Automated reduction of the authors' public precedent-level replication file. The source aggregates Shepard's categories and does not expose individual lower-court opinions, non-citing or ignored exposed cases, treatment dates, remedy fidelity, or practical implementation. Use as bounded doctrinal-uptake context only, not as a practical-compliance rate or denominator-matched lowerCourtCompliance validation target."
masood-kassow-songer-2019-precedent-treatment,523 U.S. 614,https://doi.org/10.7910/DVN/DZZY7G,10.7910/DVN/DZZY7G,10.1086/703067,523 U.S. 614,KENNETH EUGENE BOUSLEY v. UNITED STATES,1997,1998-05-18,1997-062-01,118 S. Ct. 1604,1998 U.S. LEXIS 3334,1,no,yes,yes,0,9000,2363,2,119,121,11363,9121,2484,0.207955646,0.013266089,0.951288245,post-decision through 2016,"Aggregate Shepard's lower-court response categories attached to one formally argued U.S. Supreme Court precedent, covering the 12 regular federal circuits, their district courts, and state courts through 2016; Federal Circuit excluded","Automated reduction of the authors' public precedent-level replication file. The source aggregates Shepard's categories and does not expose individual lower-court opinions, non-citing or ignored exposed cases, treatment dates, remedy fidelity, or practical implementation. Use as bounded doctrinal-uptake context only, not as a practical-compliance rate or denominator-matched lowerCourtCompliance validation target."
masood-kassow-songer-2019-precedent-treatment,523 U.S. 637,https://doi.org/10.7910/DVN/DZZY7G,10.7910/DVN/DZZY7G,10.1086/703067,523 U.S. 637,"TERRY STEWART, DIRECTOR, ARIZONA DEPARTMENT OF CORRECTION, et al. v. RAMON MARTI",1997,1998-05-18,1997-063-01,118 S. Ct. 1618,1998 U.S. LEXIS 3104,1,no,yes,yes,0,966,109,0,69,69,1075,1035,178,0.101395349,0.066666667,0.612359551,post-decision through 2016,"Aggregate Shepard's lower-court response categories attached to one formally argued U.S. Supreme Court precedent, covering the 12 regular federal circuits, their district courts, and state courts through 2016; Federal Circuit excluded","Automated reduction of the authors' public precedent-level replication file. The source aggregates Shepard's categories and does not expose individual lower-court opinions, non-citing or ignored exposed cases, treatment dates, remedy fidelity, or practical implementation. Use as bounded doctrinal-uptake context only, not as a practical-compliance rate or denominator-matched lowerCourtCompliance validation target."
masood-kassow-songer-2019-precedent-treatment,523 U.S. 653,https://doi.org/10.7910/DVN/DZZY7G,10.7910/DVN/DZZY7G,10.1086/703067,523 U.S. 653,"TEXTRON LYCOMING RECIPROCATING ENGINE DIVISION, AVCO CORP. v. UNITED AUTOMOBILE,",1997,1998-05-18,1997-064-01,118 S. Ct. 1626,1998 U.S. LEXIS 3103,9,no,no,yes,0,114,36,0,19,19,150,133,55,0.240000000,0.142857143,0.654545455,post-decision through 2016,"Aggregate Shepard's lower-court response categories attached to one formally argued U.S. Supreme Court precedent, covering the 12 regular federal circuits, their district courts, and state courts through 2016; Federal Circuit excluded","Automated reduction of the authors' public precedent-level replication file. The source aggregates Shepard's categories and does not expose individual lower-court opinions, non-citing or ignored exposed cases, treatment dates, remedy fidelity, or practical implementation. Use as bounded doctrinal-uptake context only, not as a practical-compliance rate or denominator-matched lowerCourtCompliance validation target."
masood-kassow-songer-2019-precedent-treatment,523 U.S. 666,https://doi.org/10.7910/DVN/DZZY7G,10.7910/DVN/DZZY7G,10.1086/703067,523 U.S. 666,ARKANSAS EDUCATIONAL TELEVISION COMMISSION v. RALPH P. FORBES,1997,1998-05-18,1997-065-01,118 S. Ct. 1633,1998 U.S. LEXIS 3102,3,yes,no,yes,0,265,63,0,15,15,328,280,78,0.192073171,0.053571429,0.807692308,post-decision through 2016,"Aggregate Shepard's lower-court response categories attached to one formally argued U.S. Supreme Court precedent, covering the 12 regular federal circuits, their district courts, and state courts through 2016; Federal Circuit excluded","Automated reduction of the authors' public precedent-level replication file. The source aggregates Shepard's categories and does not expose individual lower-court opinions, non-citing or ignored exposed cases, treatment dates, remedy fidelity, or practical implementation. Use as bounded doctrinal-uptake context only, not as a practical-compliance rate or denominator-matched lowerCourtCompliance validation target."
masood-kassow-songer-2019-precedent-treatment,523 U.S. 696,https://doi.org/10.7910/DVN/DZZY7G,10.7910/DVN/DZZY7G,10.1086/703067,523 U.S. 696,"MONTANA, et al. v. CROW TRIBE OF INDIANS et al.",1997,1998-05-18,1997-066-01,118 S. Ct. 1650,1998 U.S. LEXIS 3333,2,no,no,yes,0,11,0,0,0,0,11,11,0,0.000000000,0.000000000,,post-decision through 2016,"Aggregate Shepard's lower-court response categories attached to one formally argued U.S. Supreme Court precedent, covering the 12 regular federal circuits, their district courts, and state courts through 2016; Federal Circuit excluded","Automated reduction of the authors' public precedent-level replication file. The source aggregates Shepard's categories and does not expose individual lower-court opinions, non-citing or ignored exposed cases, treatment dates, remedy fidelity, or practical implementation. Use as bounded doctrinal-uptake context only, not as a practical-compliance rate or denominator-matched lowerCourtCompliance validation target."
masood-kassow-songer-2019-precedent-treatment,523 U.S. 726,https://doi.org/10.7910/DVN/DZZY7G,10.7910/DVN/DZZY7G,10.1086/703067,523 U.S. 726,"OHIO FORESTRY ASSOCIATION, INC. v. SIERRA CLUB, et al.",1997,1998-05-18,1997-067-01,118 S. Ct. 1665,1998 U.S. LEXIS 3101,9,no,no,yes,0,396,177,1,34,35,573,431,212,0.308900524,0.081206497,0.834905660,post-decision through 2016,"Aggregate Shepard's lower-court response categories attached to one formally argued U.S. Supreme Court precedent, covering the 12 regular federal circuits, their district courts, and state courts through 2016; Federal Circuit excluded","Automated reduction of the authors' public precedent-level replication file. The source aggregates Shepard's categories and does not expose individual lower-court opinions, non-citing or ignored exposed cases, treatment dates, remedy fidelity, or practical implementation. Use as bounded doctrinal-uptake context only, not as a practical-compliance rate or denominator-matched lowerCourtCompliance validation target."
masood-kassow-songer-2019-precedent-treatment,523 U.S. 740,https://doi.org/10.7910/DVN/DZZY7G,10.7910/DVN/DZZY7G,10.1086/703067,523 U.S. 740,"ARTHUR CALDERON, WARDEN, et al. v. TROY ASHMUS, ETC.",1997,1998-05-26,1997-068-01,118 S. Ct. 1694,1998 U.S. LEXIS 3407,9,yes,no,yes,0,488,44,2,11,13,532,501,57,0.082706767,0.025948104,0.771929825,post-decision through 2016,"Aggregate Shepard's lower-court response categories attached to one formally argued U.S. Supreme Court precedent, covering the 12 regular federal circuits, their district courts, and state courts through 2016; Federal Circuit excluded","Automated reduction of the authors' public precedent-level replication file. The source aggregates Shepard's categories and does not expose individual lower-court opinions, non-citing or ignored exposed cases, treatment dates, remedy fidelity, or practical implementation. Use as bounded doctrinal-uptake context only, not as a practical-compliance rate or denominator-matched lowerCourtCompliance validation target."
masood-kassow-songer-2019-precedent-treatment,523 U.S. 751,https://doi.org/10.7910/DVN/DZZY7G,10.7910/DVN/DZZY7G,10.1086/703067,523 U.S. 751,"KIOWA TRIBE OF OKLAHOMA v. MANUFACTURING TECHNOLOGIES, INC.",1997,1998-05-26,1997-069-01,118 S. Ct. 1700,1998 U.S. LEXIS 3406,2,no,no,yes,2,466,103,0,17,17,569,483,120,0.181019332,0.035196687,0.858333333,post-decision through 2016,"Aggregate Shepard's lower-court response categories attached to one formally argued U.S. Supreme Court precedent, covering the 12 regular federal circuits, their district courts, and state courts through 2016; Federal Circuit excluded","Automated reduction of the authors' public precedent-level replication file. The source aggregates Shepard's categories and does not expose individual lower-court opinions, non-citing or ignored exposed cases, treatment dates, remedy fidelity, or practical implementation. Use as bounded doctrinal-uptake context only, not as a practical-compliance rate or denominator-matched lowerCourtCompliance validation target."
masood-kassow-songer-2019-precedent-treatment,523 U.S. 767,https://doi.org/10.7910/DVN/DZZY7G,10.7910/DVN/DZZY7G,10.1086/703067,523 U.S. 767,STATE OF NEW JERSEY v. STATE OF NEW YORK,1997,1998-05-26,1997-070-01,118 S. Ct. 1726,1998 U.S. LEXIS 3405,11,no,no,no,0,41,5,0,1,1,46,42,6,0.108695652,0.023809524,0.833333333,post-decision through 2016,"Aggregate Shepard's lower-court response categories attached to one formally argued U.S. Supreme Court precedent, covering the 12 regular federal circuits, their district courts, and state courts through 2016; Federal Circuit excluded","Automated reduction of the authors' public precedent-level replication file. The source aggregates Shepard's categories and does not expose individual lower-court opinions, non-citing or ignored exposed cases, treatment dates, remedy fidelity, or practical implementation. Use as bounded doctrinal-uptake context only, not as a practical-compliance rate or denominator-matched lowerCourtCompliance validation target."
masood-kassow-songer-2019-precedent-treatment,523 U.S. 833,https://doi.org/10.7910/DVN/DZZY7G,10.7910/DVN/DZZY7G,10.1086/703067,523 U.S. 833,"COUNTY OF SACRAMENTO, et al. v. TERI LEWIS AND THOMAS LEWIS, PERSONAL REPRESENTA",1997,1998-05-26,1997-071-01,118 S. Ct. 1708,1998 U.S. LEXIS 3404,8,yes,no,yes,0,4964,1387,1,110,111,6351,5075,1498,0.218390805,0.021871921,0.925901202,post-decision through 2016,"Aggregate Shepard's lower-court response categories attached to one formally argued U.S. Supreme Court precedent, covering the 12 regular federal circuits, their district courts, and state courts through 2016; Federal Circuit excluded","Automated reduction of the authors' public precedent-level replication file. The source aggregates Shepard's categories and does not expose individual lower-court opinions, non-citing or ignored exposed cases, treatment dates, remedy fidelity, or practical implementation. Use as bounded doctrinal-uptake context only, not as a practical-compliance rate or denominator-matched lowerCourtCompliance validation target."
masood-kassow-songer-2019-precedent-treatment,523 U.S. 866,https://doi.org/10.7910/DVN/DZZY7G,10.7910/DVN/DZZY7G,10.1086/703067,523 U.S. 866,"AIR LINE PILOTS ASSOCIATION v. ROBERT A. MILLER, et al.",1997,1998-05-26,1997-072-01,118 S. Ct. 1761,1998 U.S. LEXIS 3403,7,no,no,yes,0,106,10,0,0,0,116,106,10,0.086206897,0.000000000,1.000000000,post-decision through 2016,"Aggregate Shepard's lower-court response categories attached to one formally argued U.S. Supreme Court precedent, covering the 12 regular federal circuits, their district courts, and state courts through 2016; Federal Circuit excluded","Automated reduction of the authors' public precedent-level replication file. The source aggregates Shepard's categories and does not expose individual lower-court opinions, non-citing or ignored exposed cases, treatment dates, remedy fidelity, or practical implementation. Use as bounded doctrinal-uptake context only, not as a practical-compliance rate or denominator-matched lowerCourtCompliance validation target."
masood-kassow-songer-2019-precedent-treatment,524 U.S. 1,https://doi.org/10.7910/DVN/DZZY7G,10.7910/DVN/DZZY7G,10.1086/703067,524 U.S. 1,UNITED STATES v. VICKIE S. CABRALES,1997,1998-06-01,1997-073-01,118 S. Ct. 1772,1998 U.S. LEXIS 3568,9,no,no,yes,0,162,26,0,33,33,188,195,59,0.138297872,0.169230769,0.440677966,post-decision through 2016,"Aggregate Shepard's lower-court response categories attached to one formally argued U.S. Supreme Court precedent, covering the 12 regular federal circuits, their district courts, and state courts through 2016; Federal Circuit excluded","Automated reduction of the authors' public precedent-level replication file. The source aggregates Shepard's categories and does not expose individual lower-court opinions, non-citing or ignored exposed cases, treatment dates, remedy fidelity, or practical implementation. Use as bounded doctrinal-uptake context only, not as a practical-compliance rate or denominator-matched lowerCourtCompliance validation target."
masood-kassow-songer-2019-precedent-treatment,524 U.S. 11,https://doi.org/10.7910/DVN/DZZY7G,10.7910/DVN/DZZY7G,10.1086/703067,524 U.S. 11,"FEDERAL ELECTION COMMISSION v. JAMES E. AKINS, RICHARD CURTISS, PAUL FINDLEY, RO",1997,1998-06-01,1997-074-01,118 S. Ct. 1777,1998 U.S. LEXIS 3567,9,no,no,yes,0,339,45,0,42,42,384,381,87,0.117187500,0.110236220,0.517241379,post-decision through 2016,"Aggregate Shepard's lower-court response categories attached to one formally argued U.S. Supreme Court precedent, covering the 12 regular federal circuits, their district courts, and state courts through 2016; Federal Circuit excluded","Automated reduction of the authors' public precedent-level replication file. The source aggregates Shepard's categories and does not expose individual lower-court opinions, non-citing or ignored exposed cases, treatment dates, remedy fidelity, or practical implementation. Use as bounded doctrinal-uptake context only, not as a practical-compliance rate or denominator-matched lowerCourtCompliance validation target."
masood-kassow-songer-2019-precedent-treatment,524 U.S. 103,https://doi.org/10.7910/DVN/DZZY7G,10.7910/DVN/DZZY7G,10.1086/703067,524 U.S. 103,"CASS COUNTY, MINNESOTA, et al. v. LEECH LAKE BAND OF CHIPPEWA INDIANS",1997,1998-06-08,1997-079-01,118 S. Ct. 1904,1998 U.S. LEXIS 3730,2,no,no,yes,1,34,6,0,2,2,40,36,8,0.150000000,0.055555556,0.750000000,post-decision through 2016,"Aggregate Shepard's lower-court response categories attached to one formally argued U.S. Supreme Court precedent, covering the 12 regular federal circuits, their district courts, and state courts through 2016; Federal Circuit excluded","Automated reduction of the authors' public precedent-level replication file. The source aggregates Shepard's categories and does not expose individual lower-court opinions, non-citing or ignored exposed cases, treatment dates, remedy fidelity, or practical implementation. Use as bounded doctrinal-uptake context only, not as a practical-compliance rate or denominator-matched lowerCourtCompliance validation target."
masood-kassow-songer-2019-precedent-treatment,524 U.S. 116,https://doi.org/10.7910/DVN/DZZY7G,10.7910/DVN/DZZY7G,10.1086/703067,524 U.S. 116,"PHILOMENA DOOLEY, PERSONAL REPRESENTATIVE OF THE ESTATE OF CECELIO CHUAPOCO, et ",1997,1998-06-08,1997-080-01,118 S. Ct. 1890,1998 U.S. LEXIS 3731,8,no,no,yes,1,54,15,0,3,3,69,57,18,0.217391304,0.052631579,0.833333333,post-decision through 2016,"Aggregate Shepard's lower-court response categories attached to one formally argued U.S. Supreme Court precedent, covering the 12 regular federal circuits, their district courts, and state courts through 2016; Federal Circuit excluded","Automated reduction of the authors' public precedent-level replication file. The source aggregates Shepard's categories and does not expose individual lower-court opinions, non-citing or ignored exposed cases, treatment dates, remedy fidelity, or practical implementation. Use as bounded doctrinal-uptake context only, not as a practical-compliance rate or denominator-matched lowerCourtCompliance validation target."
masood-kassow-songer-2019-precedent-treatment,524 U.S. 125,https://doi.org/10.7910/DVN/DZZY7G,10.7910/DVN/DZZY7G,10.1086/703067,524 U.S. 125,FRANK J. MUSCARELLO v. UNITED STATES,1997,1998-06-08,1997-081-02,118 S. Ct. 1911,1998 U.S. LEXIS 3879,1,no,yes,yes,1,529,123,1,9,10,652,539,133,0.188650307,0.018552876,0.924812030,post-decision through 2016,"Aggregate Shepard's lower-court response categories attached to one formally argued U.S. Supreme Court precedent, covering the 12 regular federal circuits, their district courts, and state courts through 2016; Federal Circuit excluded","Automated reduction of the authors' public precedent-level replication file. The source aggregates Shepard's categories and does not expose individual lower-court opinions, non-citing or ignored exposed cases, treatment dates, remedy fidelity, or practical implementation. Use as bounded doctrinal-uptake context only, not as a practical-compliance rate or denominator-matched lowerCourtCompliance validation target."
masood-kassow-songer-2019-precedent-treatment,524 U.S. 151,https://doi.org/10.7910/DVN/DZZY7G,10.7910/DVN/DZZY7G,10.1086/703067,524 U.S. 151,"NEW MEXICO, ex rel. MANUEL ORTIZ v. TIMOTHY REED",1997,1998-06-08,1997-082-01,118 S. Ct. 1860,1998 U.S. LEXIS 3878,1,no,yes,yes,0,35,2,0,0,0,37,35,2,0.054054054,0.000000000,1.000000000,post-decision through 2016,"Aggregate Shepard's lower-court response categories attached to one formally argued U.S. Supreme Court precedent, covering the 12 regular federal circuits, their district courts, and state courts through 2016; Federal Circuit excluded","Automated reduction of the authors' public precedent-level replication file. The source aggregates Shepard's categories and does not expose individual lower-court opinions, non-citing or ignored exposed cases, treatment dates, remedy fidelity, or practical implementation. Use as bounded doctrinal-uptake context only, not as a practical-compliance rate or denominator-matched lowerCourtCompliance validation target."
masood-kassow-songer-2019-precedent-treatment,524 U.S. 38,https://doi.org/10.7910/DVN/DZZY7G,10.7910/DVN/DZZY7G,10.1086/703067,524 U.S. 38,"UNITED STATES v. CHRIS W. BEGGERLY, et al.",1997,1998-06-08,1997-075-01,118 S. Ct. 1862,1998 U.S. LEXIS 3734,9,no,no,yes,0,441,85,0,14,14,526,455,99,0.161596958,0.030769231,0.858585859,post-decision through 2016,"Aggregate Shepard's lower-court response categories attached to one formally argued U.S. Supreme Court precedent, covering the 12 regular federal circuits, their district courts, and state courts through 2016; Federal Circuit excluded","Automated reduction of the authors' public precedent-level replication file. The source aggregates Shepard's categories and does not expose individual lower-court opinions, non-citing or ignored exposed cases, treatment dates, remedy fidelity, or practical implementation. Use as bounded doctrinal-uptake context only, not as a practical-compliance rate or denominator-matched lowerCourtCompliance validation target."
masood-kassow-songer-2019-precedent-treatment,524 U.S. 51,https://doi.org/10.7910/DVN/DZZY7G,10.7910/DVN/DZZY7G,10.1086/703067,524 U.S. 51,"UNITED STATES v. BESTFOODS, et al.",1997,1998-06-08,1997-076-01,118 S. Ct. 1876,1998 U.S. LEXIS 3733,8,no,no,yes,0,911,194,0,25,25,1105,936,219,0.175565611,0.026709402,0.885844749,post-decision through 2016,"Aggregate Shepard's lower-court response categories attached to one formally argued U.S. Supreme Court precedent, covering the 12 regular federal circuits, their district courts, and state courts through 2016; Federal Circuit excluded","Automated reduction of the authors' public precedent-level replication file. The source aggregates Shepard's categories and does not expose individual lower-court opinions, non-citing or ignored exposed cases, treatment dates, remedy fidelity, or practical implementation. Use as bounded doctrinal-uptake context only, not as a practical-compliance rate or denominator-matched lowerCourtCompliance validation target."
masood-kassow-songer-2019-precedent-treatment,524 U.S. 74,https://doi.org/10.7910/DVN/DZZY7G,10.7910/DVN/DZZY7G,10.1086/703067,524 U.S. 74,"BONNIE L. GEISSAL, BENEFICIARY AND REPRESENTATIVE OF THE ESTATE OF JAMES W. GEIS",1997,1998-06-08,1997-077-01,118 S. Ct. 1869,1998 U.S. LEXIS 3732,8,no,no,yes,0,63,4,0,0,0,67,63,4,0.059701493,0.000000000,1.000000000,post-decision through 2016,"Aggregate Shepard's lower-court response categories attached to one formally argued U.S. Supreme Court precedent, covering the 12 regular federal circuits, their district courts, and state courts through 2016; Federal Circuit excluded","Automated reduction of the authors' public precedent-level replication file. The source aggregates Shepard's categories and does not expose individual lower-court opinions, non-citing or ignored exposed cases, treatment dates, remedy fidelity, or practical implementation. Use as bounded doctrinal-uptake context only, not as a practical-compliance rate or denominator-matched lowerCourtCompliance validation target."
masood-kassow-songer-2019-precedent-treatment,524 U.S. 88,https://doi.org/10.7910/DVN/DZZY7G,10.7910/DVN/DZZY7G,10.1086/703067,524 U.S. 88,FRANK X. HOPKINS Petitioner v. RANDOLPH K. REEVES,1997,1998-06-08,1997-078-01,118 S. Ct. 1895,1998 U.S. LEXIS 3729,1,yes,yes,yes,0,256,46,3,4,7,302,263,53,0.152317881,0.026615970,0.867924528,post-decision through 2016,"Aggregate Shepard's lower-court response categories attached to one formally argued U.S. Supreme Court precedent, covering the 12 regular federal circuits, their district courts, and state courts through 2016; Federal Circuit excluded","Automated reduction of the authors' public precedent-level replication file. The source aggregates Shepard's categories and does not expose individual lower-court opinions, non-citing or ignored exposed cases, treatment dates, remedy fidelity, or practical implementation. Use as bounded doctrinal-uptake context only, not as a practical-compliance rate or denominator-matched lowerCourtCompliance validation target."
masood-kassow-songer-2019-precedent-treatment,524 U.S. 156,https://doi.org/10.7910/DVN/DZZY7G,10.7910/DVN/DZZY7G,10.1086/703067,524 U.S. 156,"THOMAS R. PHILLIPS, et al. v. WASHINGTON LEGAL FOUNDATION, et al.",1997,1998-06-15,1997-083-01,118 S. Ct. 1925,1998 U.S. LEXIS 4003,4,no,no,yes,0,186,34,0,24,24,220,210,58,0.154545455,0.114285714,0.586206897,post-decision through 2016,"Aggregate Shepard's lower-court response categories attached to one formally argued U.S. Supreme Court precedent, covering the 12 regular federal circuits, their district courts, and state courts through 2016; Federal Circuit excluded","Automated reduction of the authors' public precedent-level replication file. The source aggregates Shepard's categories and does not expose individual lower-court opinions, non-citing or ignored exposed cases, treatment dates, remedy fidelity, or practical implementation. Use as bounded doctrinal-uptake context only, not as a practical-compliance rate or denominator-matched lowerCourtCompliance validation target."
masood-kassow-songer-2019-precedent-treatment,524 U.S. 184,https://doi.org/10.7910/DVN/DZZY7G,10.7910/DVN/DZZY7G,10.1086/703067,524 U.S. 184,SILLASSE BRYAN v. UNITED STATES,1997,1998-06-15,1997-084-01,118 S. Ct. 1939,1998 U.S. LEXIS 4011,1,no,yes,yes,0,360,82,0,19,19,442,379,101,0.185520362,0.050131926,0.811881188,post-decision through 2016,"Aggregate Shepard's lower-court response categories attached to one formally argued U.S. Supreme Court precedent, covering the 12 regular federal circuits, their district courts, and state courts through 2016; Federal Circuit excluded","Automated reduction of the authors' public precedent-level replication file. The source aggregates Shepard's categories and does not expose individual lower-court opinions, non-citing or ignored exposed cases, treatment dates, remedy fidelity, or practical implementation. Use as bounded doctrinal-uptake context only, not as a practical-compliance rate or denominator-matched lowerCourtCompliance validation target."
masood-kassow-songer-2019-precedent-treatment,524 U.S. 206,https://doi.org/10.7910/DVN/DZZY7G,10.7910/DVN/DZZY7G,10.1086/703067,524 U.S. 206,"PENNSYLVANIA DEPARTMENT OF CORRECTIONS, et al. v. RONALD R. YESKEY",1997,1998-06-15,1997-085-01,118 S. Ct. 1952,1998 U.S. LEXIS 3888,2,no,no,yes,1,1420,105,0,20,20,1525,1440,125,0.068852459,0.013888889,0.840000000,post-decision through 2016,"Aggregate Shepard's lower-court response categories attached to one formally argued U.S. Supreme Court precedent, covering the 12 regular federal circuits, their district courts, and state courts through 2016; Federal Circuit excluded","Automated reduction of the authors' public precedent-level replication file. The source aggregates Shepard's categories and does not expose individual lower-court opinions, non-citing or ignored exposed cases, treatment dates, remedy fidelity, or practical implementation. Use as bounded doctrinal-uptake context only, not as a practical-compliance rate or denominator-matched lowerCourtCompliance validation target."
masood-kassow-songer-2019-precedent-treatment,524 U.S. 214,https://doi.org/10.7910/DVN/DZZY7G,10.7910/DVN/DZZY7G,10.1086/703067,524 U.S. 214,"AMERICAN TELEPHONE AND TELEGRAPH COMPANY v. CENTRAL OFFICE TELEPHONE, INC.",1997,1998-06-15,1997-086-01,118 S. Ct. 1956,1998 U.S. LEXIS 4002,10,no,no,yes,0,300,47,1,27,28,347,328,75,0.135446686,0.085365854,0.626666667,post-decision through 2016,"Aggregate Shepard's lower-court response categories attached to one formally argued U.S. Supreme Court precedent, covering the 12 regular federal circuits, their district courts, and state courts through 2016; Federal Circuit excluded","Automated reduction of the authors' public precedent-level replication file. The source aggregates Shepard's categories and does not expose individual lower-court opinions, non-citing or ignored exposed cases, treatment dates, remedy fidelity, or practical implementation. Use as bounded doctrinal-uptake context only, not as a practical-compliance rate or denominator-matched lowerCourtCompliance validation target."
masood-kassow-songer-2019-precedent-treatment,524 U.S. 236,https://doi.org/10.7910/DVN/DZZY7G,10.7910/DVN/DZZY7G,10.1086/703067,524 U.S. 236,ARNOLD F. HOHN v. UNITED STATES,1997,1998-06-15,1997-087-01,118 S. Ct. 1969,1998 U.S. LEXIS 3887,1,no,yes,yes,1,344,22,0,5,5,366,349,27,0.060109290,0.014326648,0.814814815,post-decision through 2016,"Aggregate Shepard's lower-court response categories attached to one formally argued U.S. Supreme Court precedent, covering the 12 regular federal circuits, their district courts, and state courts through 2016; Federal Circuit excluded","Automated reduction of the authors' public precedent-level replication file. The source aggregates Shepard's categories and does not expose individual lower-court opinions, non-citing or ignored exposed cases, treatment dates, remedy fidelity, or practical implementation. Use as bounded doctrinal-uptake context only, not as a practical-compliance rate or denominator-matched lowerCourtCompliance validation target."
masood-kassow-songer-2019-precedent-treatment,524 U.S. 266,https://doi.org/10.7910/DVN/DZZY7G,10.7910/DVN/DZZY7G,10.1086/703067,524 U.S. 266,"SANDRA K. FORNEY v. KENNETH S. APFEL, COMMISSIONER OF SOCIAL SECURITY",1997,1998-06-15,1997-088-01,118 S. Ct. 1984,1998 U.S. LEXIS 3886,9,no,no,yes,0,100,6,0,5,5,106,105,11,0.056603774,0.047619048,0.545454545,post-decision through 2016,"Aggregate Shepard's lower-court response categories attached to one formally argued U.S. Supreme Court precedent, covering the 12 regular federal circuits, their district courts, and state courts through 2016; Federal Circuit excluded","Automated reduction of the authors' public precedent-level replication file. The source aggregates Shepard's categories and does not expose individual lower-court opinions, non-citing or ignored exposed cases, treatment dates, remedy fidelity, or practical implementation. Use as bounded doctrinal-uptake context only, not as a practical-compliance rate or denominator-matched lowerCourtCompliance validation target."
masood-kassow-songer-2019-precedent-treatment,524 U.S. 274,https://doi.org/10.7910/DVN/DZZY7G,10.7910/DVN/DZZY7G,10.1086/703067,524 U.S. 274,ALIDA STAR GEBSER AND ALIDA JEAN MCCULLOUGH v. LAGO VISTA INDEPENDENT SCHOOL DIS,1997,1998-06-22,1997-089-01,118 S. Ct. 1989,1998 U.S. LEXIS 4173,2,no,no,yes,1,562,249,0,39,39,811,601,288,0.307028360,0.064891847,0.864583333,post-decision through 2016,"Aggregate Shepard's lower-court response categories attached to one formally argued U.S. Supreme Court precedent, covering the 12 regular federal circuits, their district courts, and state courts through 2016; Federal Circuit excluded","Automated reduction of the authors' public precedent-level replication file. The source aggregates Shepard's categories and does not expose individual lower-court opinions, non-citing or ignored exposed cases, treatment dates, remedy fidelity, or practical implementation. Use as bounded doctrinal-uptake context only, not as a practical-compliance rate or denominator-matched lowerCourtCompliance validation target."
masood-kassow-songer-2019-precedent-treatment,524 U.S. 308,https://doi.org/10.7910/DVN/DZZY7G,10.7910/DVN/DZZY7G,10.1086/703067,524 U.S. 308,GERALD R. CARON v. UNITED STATES,1997,1998-06-22,1997-090-01,118 S. Ct. 2007,1998 U.S. LEXIS 4028,1,no,yes,yes,1,147,39,0,7,7,186,154,46,0.209677419,0.045454545,0.847826087,post-decision through 2016,"Aggregate Shepard's lower-court response categories attached to one formally argued U.S. Supreme Court precedent, covering the 12 regular federal circuits, their district courts, and state courts through 2016; Federal Circuit excluded","Automated reduction of the authors' public precedent-level replication file. The source aggregates Shepard's categories and does not expose individual lower-court opinions, non-citing or ignored exposed cases, treatment dates, remedy fidelity, or practical implementation. Use as bounded doctrinal-uptake context only, not as a practical-compliance rate or denominator-matched lowerCourtCompliance validation target."
masood-kassow-songer-2019-precedent-treatment,524 U.S. 321,https://doi.org/10.7910/DVN/DZZY7G,10.7910/DVN/DZZY7G,10.1086/703067,524 U.S. 321,UNITED STATES v. HOSEP KRIKOR BAJAKAJIAN,1997,1998-06-22,1997-091-01,118 S. Ct. 2028,1998 U.S. LEXIS 4172,1,no,yes,yes,0,664,246,3,99,102,910,766,348,0.270329670,0.133159269,0.706896552,post-decision through 2016,"Aggregate Shepard's lower-court response categories attached to one formally argued U.S. Supreme Court precedent, covering the 12 regular federal circuits, their district courts, and state courts through 2016; Federal Circuit excluded","Automated reduction of the authors' public precedent-level replication file. The source aggregates Shepard's categories and does not expose individual lower-court opinions, non-citing or ignored exposed cases, treatment dates, remedy fidelity, or practical implementation. Use as bounded doctrinal-uptake context only, not as a practical-compliance rate or denominator-matched lowerCourtCompliance validation target."
masood-kassow-songer-2019-precedent-treatment,524 U.S. 357,https://doi.org/10.7910/DVN/DZZY7G,10.7910/DVN/DZZY7G,10.1086/703067,524 U.S. 357,PENNSYLVANIA BOARD OF PROBATION AND PAROLE v. KEITH M. SCOTT,1997,1998-06-22,1997-092-01,118 S. Ct. 2014,1998 U.S. LEXIS 4037,1,yes,yes,yes,0,342,61,2,10,12,403,354,73,0.151364764,0.033898305,0.835616438,post-decision through 2016,"Aggregate Shepard's lower-court response categories attached to one formally argued U.S. Supreme Court precedent, covering the 12 regular federal circuits, their district courts, and state courts through 2016; Federal Circuit excluded","Automated reduction of the authors' public precedent-level replication file. The source aggregates Shepard's categories and does not expose individual lower-court opinions, non-citing or ignored exposed cases, treatment dates, remedy fidelity, or practical implementation. Use as bounded doctrinal-uptake context only, not as a practical-compliance rate or denominator-matched lowerCourtCompliance validation target."
masood-kassow-songer-2019-precedent-treatment,524 U.S. 381,https://doi.org/10.7910/DVN/DZZY7G,10.7910/DVN/DZZY7G,10.1086/703067,524 U.S. 381,"WISCONSIN DEPARTMENT OF CORRECTIONS, et al. v. KEITH D. SCHACHT",1997,1998-06-22,1997-093-01,118 S. Ct. 2047,1998 U.S. LEXIS 4029,9,no,no,yes,0,1324,119,0,13,13,1443,1337,132,0.082467082,0.009723261,0.901515152,post-decision through 2016,"Aggregate Shepard's lower-court response categories attached to one formally argued U.S. Supreme Court precedent, covering the 12 regular federal circuits, their district courts, and state courts through 2016; Federal Circuit excluded","Automated reduction of the authors' public precedent-level replication file. The source aggregates Shepard's categories and does not expose individual lower-court opinions, non-citing or ignored exposed cases, treatment dates, remedy fidelity, or practical implementation. Use as bounded doctrinal-uptake context only, not as a practical-compliance rate or denominator-matched lowerCourtCompliance validation target."
masood-kassow-songer-2019-precedent-treatment,524 U.S. 399,https://doi.org/10.7910/DVN/DZZY7G,10.7910/DVN/DZZY7G,10.1086/703067,524 U.S. 399,SWIDLER & BERLIN AND JAMES HAMILTON v. UNITED STATES,1997,1998-06-25,1997-094-01,118 S. Ct. 2081,1998 U.S. LEXIS 4214,1,no,yes,yes,0,304,20,1,12,13,324,317,33,0.061728395,0.041009464,0.606060606,post-decision through 2016,"Aggregate Shepard's lower-court response categories attached to one formally argued U.S. Supreme Court precedent, covering the 12 regular federal circuits, their district courts, and state courts through 2016; Federal Circuit excluded","Automated reduction of the authors' public precedent-level replication file. The source aggregates Shepard's categories and does not expose individual lower-court opinions, non-citing or ignored exposed cases, treatment dates, remedy fidelity, or practical implementation. Use as bounded doctrinal-uptake context only, not as a practical-compliance rate or denominator-matched lowerCourtCompliance validation target."
masood-kassow-songer-2019-precedent-treatment,524 U.S. 417,https://doi.org/10.7910/DVN/DZZY7G,10.7910/DVN/DZZY7G,10.1086/703067,524 U.S. 417,"WILLIAM J. CLINTON, PRESIDENT OF THE UNITED STATES, et al. v. CITY OF NEW YORK, ",1997,1998-06-25,1997-095-01,118 S. Ct. 2091,1998 U.S. LEXIS 4215,13,yes,no,no,0,263,29,0,23,23,292,286,52,0.099315068,0.080419580,0.557692308,post-decision through 2016,"Aggregate Shepard's lower-court response categories attached to one formally argued U.S. Supreme Court precedent, covering the 12 regular federal circuits, their district courts, and state courts through 2016; Federal Circuit excluded","Automated reduction of the authors' public precedent-level replication file. The source aggregates Shepard's categories and does not expose individual lower-court opinions, non-citing or ignored exposed cases, treatment dates, remedy fidelity, or practical implementation. Use as bounded doctrinal-uptake context only, not as a practical-compliance rate or denominator-matched lowerCourtCompliance validation target."
masood-kassow-songer-2019-precedent-treatment,524 U.S. 498,https://doi.org/10.7910/DVN/DZZY7G,10.7910/DVN/DZZY7G,10.1086/703067,524 U.S. 498,"EASTERN ENTERPRISES v. KENNETH S. APFEL, COMMISSIONER OF SOCIAL SECURITY, et al.",1997,1998-06-25,1997-096-01,118 S. Ct. 2131,1998 U.S. LEXIS 4213,4,no,no,yes,2,332,62,4,59,63,394,395,125,0.157360406,0.159493671,0.496000000,post-decision through 2016,"Aggregate Shepard's lower-court response categories attached to one formally argued U.S. Supreme Court precedent, covering the 12 regular federal circuits, their district courts, and state courts through 2016; Federal Circuit excluded","Automated reduction of the authors' public precedent-level replication file. The source aggregates Shepard's categories and does not expose individual lower-court opinions, non-citing or ignored exposed cases, treatment dates, remedy fidelity, or practical implementation. Use as bounded doctrinal-uptake context only, not as a practical-compliance rate or denominator-matched lowerCourtCompliance validation target."
masood-kassow-songer-2019-precedent-treatment,524 U.S. 569,https://doi.org/10.7910/DVN/DZZY7G,10.7910/DVN/DZZY7G,10.1086/703067,524 U.S. 569,"NATIONAL ENDOWMENT FOR THE ARTS, et al. v. KAREN FINLEY, et al.",1997,1998-06-25,1997-097-01,118 S. Ct. 2168,1998 U.S. LEXIS 4211,3,yes,no,yes,0,221,27,0,14,14,248,235,41,0.108870968,0.059574468,0.658536585,post-decision through 2016,"Aggregate Shepard's lower-court response categories attached to one formally argued U.S. Supreme Court precedent, covering the 12 regular federal circuits, their district courts, and state courts through 2016; Federal Circuit excluded","Automated reduction of the authors' public precedent-level replication file. The source aggregates Shepard's categories and does not expose individual lower-court opinions, non-citing or ignored exposed cases, treatment dates, remedy fidelity, or practical implementation. Use as bounded doctrinal-uptake context only, not as a practical-compliance rate or denominator-matched lowerCourtCompliance validation target."
masood-kassow-songer-2019-precedent-treatment,524 U.S. 624,https://doi.org/10.7910/DVN/DZZY7G,10.7910/DVN/DZZY7G,10.1086/703067,524 U.S. 624,"RANDON BRAGDON v. SIDNEY ABBOTT, et al.",1997,1998-06-25,1997-098-01,118 S. Ct. 2196,1998 U.S. LEXIS 4212,2,no,no,yes,0,1084,386,1,29,30,1470,1114,416,0.262585034,0.026929982,0.927884615,post-decision through 2016,"Aggregate Shepard's lower-court response categories attached to one formally argued U.S. Supreme Court precedent, covering the 12 regular federal circuits, their district courts, and state courts through 2016; Federal Circuit excluded","Automated reduction of the authors' public precedent-level replication file. The source aggregates Shepard's categories and does not expose individual lower-court opinions, non-citing or ignored exposed cases, treatment dates, remedy fidelity, or practical implementation. Use as bounded doctrinal-uptake context only, not as a practical-compliance rate or denominator-matched lowerCourtCompliance validation target."
masood-kassow-songer-2019-precedent-treatment,524 U.S. 666,https://doi.org/10.7910/DVN/DZZY7G,10.7910/DVN/DZZY7G,10.1086/703067,524 U.S. 666,UNITED STATES v. ALOYZAS BALSYS,1997,1998-06-25,1997-099-01,118 S. Ct. 2218,1998 U.S. LEXIS 4210,1,yes,yes,yes,0,119,20,0,2,2,139,121,22,0.143884892,0.016528926,0.909090909,post-decision through 2016,"Aggregate Shepard's lower-court response categories attached to one formally argued U.S. Supreme Court precedent, covering the 12 regular federal circuits, their district courts, and state courts through 2016; Federal Circuit excluded","Automated reduction of the authors' public precedent-level replication file. The source aggregates Shepard's categories and does not expose individual lower-court opinions, non-citing or ignored exposed cases, treatment dates, remedy fidelity, or practical implementation. Use as bounded doctrinal-uptake context only, not as a practical-compliance rate or denominator-matched lowerCourtCompliance validation target."
masood-kassow-songer-2019-precedent-treatment,524 U.S. 721,https://doi.org/10.7910/DVN/DZZY7G,10.7910/DVN/DZZY7G,10.1086/703067,524 U.S. 721,ANGEL JAIME MONGE v. CALIFORNIA,1997,1998-06-26,1997-100-01,118 S. Ct. 2246,1998 U.S. LEXIS 4218,1,yes,yes,yes,1,757,118,5,14,19,875,776,137,0.134857143,0.024484536,0.861313869,post-decision through 2016,"Aggregate Shepard's lower-court response categories attached to one formally argued U.S. Supreme Court precedent, covering the 12 regular federal circuits, their district courts, and state courts through 2016; Federal Circuit excluded","Automated reduction of the authors' public precedent-level replication file. The source aggregates Shepard's categories and does not expose individual lower-court opinions, non-citing or ignored exposed cases, treatment dates, remedy fidelity, or practical implementation. Use as bounded doctrinal-uptake context only, not as a practical-compliance rate or denominator-matched lowerCourtCompliance validation target."
masood-kassow-songer-2019-precedent-treatment,524 U.S. 742,https://doi.org/10.7910/DVN/DZZY7G,10.7910/DVN/DZZY7G,10.1086/703067,524 U.S. 742,"BURLINGTON INDUSTRIES, INC. v. KIMBERLY B. ELLERTH",1997,1998-06-26,1997-101-01,118 S. Ct. 2257,1998 U.S. LEXIS 4217,2,no,no,yes,6,4536,1901,2,239,241,6437,4777,2142,0.295323909,0.050450073,0.887488329,post-decision through 2016,"Aggregate Shepard's lower-court response categories attached to one formally argued U.S. Supreme Court precedent, covering the 12 regular federal circuits, their district courts, and state courts through 2016; Federal Circuit excluded","Automated reduction of the authors' public precedent-level replication file. The source aggregates Shepard's categories and does not expose individual lower-court opinions, non-citing or ignored exposed cases, treatment dates, remedy fidelity, or practical implementation. Use as bounded doctrinal-uptake context only, not as a practical-compliance rate or denominator-matched lowerCourtCompliance validation target."
masood-kassow-songer-2019-precedent-treatment,524 U.S. 775,https://doi.org/10.7910/DVN/DZZY7G,10.7910/DVN/DZZY7G,10.1086/703067,524 U.S. 775,BETH ANN FARAGHER v. CITY OF BOCA RATON,1997,1998-06-26,1997-102-01,118 S. Ct. 2275,1998 U.S. LEXIS 4216,2,no,no,yes,3,5610,2519,3,263,266,8129,5876,2785,0.309878214,0.045268890,0.904488330,post-decision through 2016,"Aggregate Shepard's lower-court response categories attached to one formally argued U.S. Supreme Court precedent, covering the 12 regular federal circuits, their district courts, and state courts through 2016; Federal Circuit excluded","Automated reduction of the authors' public precedent-level replication file. The source aggregates Shepard's categories and does not expose individual lower-court opinions, non-citing or ignored exposed cases, treatment dates, remedy fidelity, or practical implementation. Use as bounded doctrinal-uptake context only, not as a practical-compliance rate or denominator-matched lowerCourtCompliance validation target."
masood-kassow-songer-2019-precedent-treatment,525 U.S. 33,https://doi.org/10.7910/DVN/DZZY7G,10.7910/DVN/DZZY7G,10.1086/703067,525 U.S. 33,"NAOMI MARQUEZ v. SCREEN ACTORS GUILD, INC., et al.",1998,1998-11-03,1998-001-01,119 S. Ct. 292,1998 U.S. LEXIS 7110,7,no,no,yes,2,262,82,0,3,3,344,265,85,0.238372093,0.011320755,0.964705882,post-decision through 2016,"Aggregate Shepard's lower-court response categories attached to one formally argued U.S. Supreme Court precedent, covering the 12 regular federal circuits, their district courts, and state courts through 2016; Federal Circuit excluded","Automated reduction of the authors' public precedent-level replication file. The source aggregates Shepard's categories and does not expose individual lower-court opinions, non-citing or ignored exposed cases, treatment dates, remedy fidelity, or practical implementation. Use as bounded doctrinal-uptake context only, not as a practical-compliance rate or denominator-matched lowerCourtCompliance validation target."
masood-kassow-songer-2019-precedent-treatment,525 U.S. 55,https://doi.org/10.7910/DVN/DZZY7G,10.7910/DVN/DZZY7G,10.1086/703067,525 U.S. 55,"WAYNE K. PFAFF v. WELLS ELECTRONICS, INC.",1998,1998-11-10,1998-002-01,119 S. Ct. 304,1998 U.S. LEXIS 7268,8,no,no,yes,0,199,153,0,4,4,352,203,157,0.434659091,0.019704433,0.974522293,post-decision through 2016,"Aggregate Shepard's lower-court response categories attached to one formally argued U.S. Supreme Court precedent, covering the 12 regular federal circuits, their district courts, and state courts through 2016; Federal Circuit excluded","Automated reduction of the authors' public precedent-level replication file. The source aggregates Shepard's categories and does not expose individual lower-court opinions, non-citing or ignored exposed cases, treatment dates, remedy fidelity, or practical implementation. Use as bounded doctrinal-uptake context only, not as a practical-compliance rate or denominator-matched lowerCourtCompliance validation target."
masood-kassow-songer-2019-precedent-treatment,525 U.S. 70,https://doi.org/10.7910/DVN/DZZY7G,10.7910/DVN/DZZY7G,10.1086/703067,525 U.S. 70,CEASAR WRIGHT v. UNIVERSAL MARITIME SERVICE CORPORATION et al.,1998,1998-11-16,1998-003-01,119 S. Ct. 391,1998 U.S. LEXIS 7270,7,no,no,yes,0,315,102,2,57,59,417,374,161,0.244604317,0.157754011,0.633540373,post-decision through 2016,"Aggregate Shepard's lower-court response categories attached to one formally argued U.S. Supreme Court precedent, covering the 12 regular federal circuits, their district courts, and state courts through 2016; Federal Circuit excluded","Automated reduction of the authors' public precedent-level replication file. The source aggregates Shepard's categories and does not expose individual lower-court opinions, non-citing or ignored exposed cases, treatment dates, remedy fidelity, or practical implementation. Use as bounded doctrinal-uptake context only, not as a practical-compliance rate or denominator-matched lowerCourtCompliance validation target."
masood-kassow-songer-2019-precedent-treatment,525 U.S. 83,https://doi.org/10.7910/DVN/DZZY7G,10.7910/DVN/DZZY7G,10.1086/703067,525 U.S. 83,MINNESOTA v. WAYNE THOMAS CARTER,1998,1998-12-01,1998-004-01,119 S. Ct. 469,1998 U.S. LEXIS 7844,1,yes,yes,yes,0,1138,296,1,37,38,1434,1176,334,0.206415621,0.032312925,0.886227545,post-decision through 2016,"Aggregate Shepard's lower-court response categories attached to one formally argued U.S. Supreme Court precedent, covering the 12 regular federal circuits, their district courts, and state courts through 2016; Federal Circuit excluded","Automated reduction of the authors' public precedent-level replication file. The source aggregates Shepard's categories and does not expose individual lower-court opinions, non-citing or ignored exposed cases, treatment dates, remedy fidelity, or practical implementation. Use as bounded doctrinal-uptake context only, not as a practical-compliance rate or denominator-matched lowerCourtCompliance validation target."
masood-kassow-songer-2019-precedent-treatment,525 U.S. 113,https://doi.org/10.7910/DVN/DZZY7G,10.7910/DVN/DZZY7G,10.1086/703067,525 U.S. 113,PATRICK KNOWLES v. IOWA,1998,1998-12-08,1998-005-01,119 S. Ct. 484,1998 U.S. LEXIS 8068,1,yes,yes,yes,1,578,79,0,81,81,657,659,160,0.120243531,0.122913505,0.493750000,post-decision through 2016,"Aggregate Shepard's lower-court response categories attached to one formally argued U.S. Supreme Court precedent, covering the 12 regular federal circuits, their district courts, and state courts through 2016; Federal Circuit excluded","Automated reduction of the authors' public precedent-level replication file. The source aggregates Shepard's categories and does not expose individual lower-court opinions, non-citing or ignored exposed cases, treatment dates, remedy fidelity, or practical implementation. Use as bounded doctrinal-uptake context only, not as a practical-compliance rate or denominator-matched lowerCourtCompliance validation target."
masood-kassow-songer-2019-precedent-treatment,525 U.S. 120,https://doi.org/10.7910/DVN/DZZY7G,10.7910/DVN/DZZY7G,10.1086/703067,525 U.S. 120,SYLVESTER MOSLEY v. UNITED STATES,1998,1998-12-08,1998-006-01,119 S. Ct. 484,1998 U.S. LEXIS 8071,9,no,no,yes,0,3,1,0,0,0,4,3,1,0.250000000,0.000000000,1.000000000,post-decision through 2016,"Aggregate Shepard's lower-court response categories attached to one formally argued U.S. Supreme Court precedent, covering the 12 regular federal circuits, their district courts, and state courts through 2016; Federal Circuit excluded","Automated reduction of the authors' public precedent-level replication file. The source aggregates Shepard's categories and does not expose individual lower-court opinions, non-citing or ignored exposed cases, treatment dates, remedy fidelity, or practical implementation. Use as bounded doctrinal-uptake context only, not as a practical-compliance rate or denominator-matched lowerCourtCompliance validation target."
masood-kassow-songer-2019-precedent-treatment,525 U.S. 121,https://doi.org/10.7910/DVN/DZZY7G,10.7910/DVN/DZZY7G,10.1086/703067,525 U.S. 121,"MICHAEL A. HADDLE v. JEANETTE G. GARRISON, et al.",1998,1998-12-14,1998-007-01,119 S. Ct. 489,1998 U.S. LEXIS 8081,2,no,no,yes,0,90,20,0,12,12,110,102,32,0.181818182,0.117647059,0.625000000,post-decision through 2016,"Aggregate Shepard's lower-court response categories attached to one formally argued U.S. Supreme Court precedent, covering the 12 regular federal circuits, their district courts, and state courts through 2016; Federal Circuit excluded","Automated reduction of the authors' public precedent-level replication file. The source aggregates Shepard's categories and does not expose individual lower-court opinions, non-citing or ignored exposed cases, treatment dates, remedy fidelity, or practical implementation. Use as bounded doctrinal-uptake context only, not as a practical-compliance rate or denominator-matched lowerCourtCompliance validation target."
masood-kassow-songer-2019-precedent-treatment,525 U.S. 128,https://doi.org/10.7910/DVN/DZZY7G,10.7910/DVN/DZZY7G,10.1086/703067,525 U.S. 128,"NYNEX CORPORATION, et al. v. DISCON, INCORPORATED",1998,1998-12-14,1998-008-01,119 S. Ct. 493,1998 U.S. LEXIS 8080,8,no,no,yes,0,283,29,0,4,4,312,287,33,0.092948718,0.013937282,0.878787879,post-decision through 2016,"Aggregate Shepard's lower-court response categories attached to one formally argued U.S. Supreme Court precedent, covering the 12 regular federal circuits, their district courts, and state courts through 2016; Federal Circuit excluded","Automated reduction of the authors' public precedent-level replication file. The source aggregates Shepard's categories and does not expose individual lower-court opinions, non-citing or ignored exposed cases, treatment dates, remedy fidelity, or practical implementation. Use as bounded doctrinal-uptake context only, not as a practical-compliance rate or denominator-matched lowerCourtCompliance validation target."
masood-kassow-songer-2019-precedent-treatment,525 U.S. 141,https://doi.org/10.7910/DVN/DZZY7G,10.7910/DVN/DZZY7G,10.1086/703067,525 U.S. 141,"ARTHUR CALDERON, WARDEN v. RUSSELL COLEMAN",1998,1998-12-14,1998-009-01,119 S. Ct. 500,1998 U.S. LEXIS 8082,1,no,yes,yes,0,643,110,0,2,2,753,645,112,0.146082337,0.003100775,0.982142857,post-decision through 2016,"Aggregate Shepard's lower-court response categories attached to one formally argued U.S. Supreme Court precedent, covering the 12 regular federal circuits, their district courts, and state courts through 2016; Federal Circuit excluded","Automated reduction of the authors' public precedent-level replication file. The source aggregates Shepard's categories and does not expose individual lower-court opinions, non-citing or ignored exposed cases, treatment dates, remedy fidelity, or practical implementation. Use as bounded doctrinal-uptake context only, not as a practical-compliance rate or denominator-matched lowerCourtCompliance validation target."
masood-kassow-songer-2019-precedent-treatment,525 U.S. 153,https://doi.org/10.7910/DVN/DZZY7G,10.7910/DVN/DZZY7G,10.1086/703067,525 U.S. 153,In re MICHAEL KENNEDY,1998,1999-01-11,1998-010-01,119 S. Ct. 635,1999 U.S. LEXIS 7,2,no,no,yes,0,1,0,0,0,0,1,1,0,0.000000000,0.000000000,,post-decision through 2016,"Aggregate Shepard's lower-court response categories attached to one formally argued U.S. Supreme Court precedent, covering the 12 regular federal circuits, their district courts, and state courts through 2016; Federal Circuit excluded","Automated reduction of the authors' public precedent-level replication file. The source aggregates Shepard's categories and does not expose individual lower-court opinions, non-citing or ignored exposed cases, treatment dates, remedy fidelity, or practical implementation. Use as bounded doctrinal-uptake context only, not as a practical-compliance rate or denominator-matched lowerCourtCompliance validation target."
masood-kassow-songer-2019-precedent-treatment,525 U.S. 155,https://doi.org/10.7910/DVN/DZZY7G,10.7910/DVN/DZZY7G,10.1086/703067,525 U.S. 155,"EL AL ISRAEL AIRLINES, LTD. v. TSUI YUAN TSENG",1998,1999-01-12,1998-011-01,119 S. Ct. 662,1999 U.S. LEXIS 505,8,no,no,yes,0,332,61,1,11,12,393,344,73,0.155216285,0.034883721,0.835616438,post-decision through 2016,"Aggregate Shepard's lower-court response categories attached to one formally argued U.S. Supreme Court precedent, covering the 12 regular federal circuits, their district courts, and state courts through 2016; Federal Circuit excluded","Automated reduction of the authors' public precedent-level replication file. The source aggregates Shepard's categories and does not expose individual lower-court opinions, non-citing or ignored exposed cases, treatment dates, remedy fidelity, or practical implementation. Use as bounded doctrinal-uptake context only, not as a practical-compliance rate or denominator-matched lowerCourtCompliance validation target."
masood-kassow-songer-2019-precedent-treatment,525 U.S. 182,https://doi.org/10.7910/DVN/DZZY7G,10.7910/DVN/DZZY7G,10.1086/703067,525 U.S. 182,"VICTORIA BUCKLEY, SECRETARY OF STATE OF COLORADO v. AMERICAN CONSTITUTIONAL LAW ",1998,1999-01-12,1998-012-01,119 S. Ct. 636,1999 U.S. LEXIS 506,3,yes,no,yes,0,255,85,0,48,48,340,303,133,0.250000000,0.158415842,0.639097744,post-decision through 2016,"Aggregate Shepard's lower-court response categories attached to one formally argued U.S. Supreme Court precedent, covering the 12 regular federal circuits, their district courts, and state courts through 2016; Federal Circuit excluded","Automated reduction of the authors' public precedent-level replication file. The source aggregates Shepard's categories and does not expose individual lower-court opinions, non-citing or ignored exposed cases, treatment dates, remedy fidelity, or practical implementation. Use as bounded doctrinal-uptake context only, not as a practical-compliance rate or denominator-matched lowerCourtCompliance validation target."
masood-kassow-songer-2019-precedent-treatment,525 U.S. 234,https://doi.org/10.7910/DVN/DZZY7G,10.7910/DVN/DZZY7G,10.1086/703067,525 U.S. 234,CITY OF WEST COVINA v. LAWRENCE PERKINS et al.,1998,1999-01-13,1998-013-01,119 S. Ct. 678,1999 U.S. LEXIS 507,4,yes,no,yes,0,133,32,0,17,17,165,150,49,0.193939394,0.113333333,0.653061224,post-decision through 2016,"Aggregate Shepard's lower-court response categories attached to one formally argued U.S. Supreme Court precedent, covering the 12 regular federal circuits, their district courts, and state courts through 2016; Federal Circuit excluded","Automated reduction of the authors' public precedent-level replication file. The source aggregates Shepard's categories and does not expose individual lower-court opinions, non-citing or ignored exposed cases, treatment dates, remedy fidelity, or practical implementation. Use as bounded doctrinal-uptake context only, not as a practical-compliance rate or denominator-matched lowerCourtCompliance validation target."
masood-kassow-songer-2019-precedent-treatment,525 U.S. 249,https://doi.org/10.7910/DVN/DZZY7G,10.7910/DVN/DZZY7G,10.1086/703067,525 U.S. 249,"JANE M. ROBERTS, GUARDIAN FOR WANDA Y. JOHNSON v. GALEN OF VIRGINIA, INC., FORME",1998,1999-01-13,1998-014-01,119 S. Ct. 685,1999 U.S. LEXIS 508,8,no,no,yes,0,75,7,0,5,5,82,80,12,0.085365854,0.062500000,0.583333333,post-decision through 2016,"Aggregate Shepard's lower-court response categories attached to one formally argued U.S. Supreme Court precedent, covering the 12 regular federal circuits, their district courts, and state courts through 2016; Federal Circuit excluded","Automated reduction of the authors' public precedent-level replication file. The source aggregates Shepard's categories and does not expose individual lower-court opinions, non-citing or ignored exposed cases, treatment dates, remedy fidelity, or practical implementation. Use as bounded doctrinal-uptake context only, not as a practical-compliance rate or denominator-matched lowerCourtCompliance validation target."
masood-kassow-songer-2019-precedent-treatment,525 U.S. 255,https://doi.org/10.7910/DVN/DZZY7G,10.7910/DVN/DZZY7G,10.1086/703067,525 U.S. 255,"DEPARTMENT OF THE ARMY v. BLUE FOX, INC.",1998,1999-01-20,1998-015-01,119 S. Ct. 687,1999 U.S. LEXIS 746,8,no,no,yes,0,431,50,0,7,7,481,438,57,0.103950104,0.015981735,0.877192982,post-decision through 2016,"Aggregate Shepard's lower-court response categories attached to one formally argued U.S. Supreme Court precedent, covering the 12 regular federal circuits, their district courts, and state courts through 2016; Federal Circuit excluded","Automated reduction of the authors' public precedent-level replication file. The source aggregates Shepard's categories and does not expose individual lower-court opinions, non-citing or ignored exposed cases, treatment dates, remedy fidelity, or practical implementation. Use as bounded doctrinal-uptake context only, not as a practical-compliance rate or denominator-matched lowerCourtCompliance validation target."
masood-kassow-songer-2019-precedent-treatment,525 U.S. 266,https://doi.org/10.7910/DVN/DZZY7G,10.7910/DVN/DZZY7G,10.1086/703067,525 U.S. 266,"VICKY M. LOPEZ, et al. v. MONTEREY COUNTY et al.",1998,1999-01-20,1998-016-01,119 S. Ct. 693,1999 U.S. LEXIS 745,2,no,no,yes,0,49,7,0,1,1,56,50,8,0.125000000,0.020000000,0.875000000,post-decision through 2016,"Aggregate Shepard's lower-court response categories attached to one formally argued U.S. Supreme Court precedent, covering the 12 regular federal circuits, their district courts, and state courts through 2016; Federal Circuit excluded","Automated reduction of the authors' public precedent-level replication file. The source aggregates Shepard's categories and does not expose individual lower-court opinions, non-citing or ignored exposed cases, treatment dates, remedy fidelity, or practical implementation. Use as bounded doctrinal-uptake context only, not as a practical-compliance rate or denominator-matched lowerCourtCompliance validation target."
masood-kassow-songer-2019-precedent-treatment,525 U.S. 299,https://doi.org/10.7910/DVN/DZZY7G,10.7910/DVN/DZZY7G,10.1086/703067,525 U.S. 299,"HUMANA INC., et al. v. MARY FORSYTH et al.",1998,1999-01-20,1998-017-01,119 S. Ct. 710,1999 U.S. LEXIS 744,10,no,no,yes,0,262,61,0,17,17,323,279,78,0.188854489,0.060931900,0.782051282,post-decision through 2016,"Aggregate Shepard's lower-court response categories attached to one formally argued U.S. Supreme Court precedent, covering the 12 regular federal circuits, their district courts, and state courts through 2016; Federal Circuit excluded","Automated reduction of the authors' public precedent-level replication file. The source aggregates Shepard's categories and does not expose individual lower-court opinions, non-citing or ignored exposed cases, treatment dates, remedy fidelity, or practical implementation. Use as bounded doctrinal-uptake context only, not as a practical-compliance rate or denominator-matched lowerCourtCompliance validation target."
masood-kassow-songer-2019-precedent-treatment,525 U.S. 315,https://doi.org/10.7910/DVN/DZZY7G,10.7910/DVN/DZZY7G,10.1086/703067,525 U.S. 315,"CALIFORNIA PUBLIC EMPLOYEES' RETIREMENT SYSTEM, et al. v. PAUL FELZEN et al.",1998,1999-01-20,1998-018-01,119 S. Ct. 720,1999 U.S. LEXIS 747,,no,no,no,0,19,0,1,0,1,19,20,1,0.000000000,0.050000000,0.000000000,post-decision through 2016,"Aggregate Shepard's lower-court response categories attached to one formally argued U.S. Supreme Court precedent, covering the 12 regular federal circuits, their district courts, and state courts through 2016; Federal Circuit excluded","Automated reduction of the authors' public precedent-level replication file. The source aggregates Shepard's categories and does not expose individual lower-court opinions, non-citing or ignored exposed cases, treatment dates, remedy fidelity, or practical implementation. Use as bounded doctrinal-uptake context only, not as a practical-compliance rate or denominator-matched lowerCourtCompliance validation target."
masood-kassow-songer-2019-precedent-treatment,525 U.S. 316,https://doi.org/10.7910/DVN/DZZY7G,10.7910/DVN/DZZY7G,10.1086/703067,525 U.S. 316,"DEPARTMENT OF COMMERCE, et al. v. UNITED STATES HOUSE OF REPRESENTATIVES et al.",1998,1999-01-25,1998-019-02,119 S. Ct. 765,1999 U.S. LEXIS 902,13,no,no,no,0,136,9,0,10,10,145,146,19,0.062068966,0.068493151,0.473684211,post-decision through 2016,"Aggregate Shepard's lower-court response categories attached to one formally argued U.S. Supreme Court precedent, covering the 12 regular federal circuits, their district courts, and state courts through 2016; Federal Circuit excluded","Automated reduction of the authors' public precedent-level replication file. The source aggregates Shepard's categories and does not expose individual lower-court opinions, non-citing or ignored exposed cases, treatment dates, remedy fidelity, or practical implementation. Use as bounded doctrinal-uptake context only, not as a practical-compliance rate or denominator-matched lowerCourtCompliance validation target."
masood-kassow-songer-2019-precedent-treatment,525 U.S. 366,https://doi.org/10.7910/DVN/DZZY7G,10.7910/DVN/DZZY7G,10.1086/703067,525 U.S. 366,"AT&T CORPORATION, et al. v. IOWA UTILITIES BOARD et al.",1998,1999-01-25,1998-020-10,119 S. Ct. 721,1999 U.S. LEXIS 903,8,no,no,yes,3,381,40,1,10,11,421,392,51,0.095011876,0.028061224,0.784313725,post-decision through 2016,"Aggregate Shepard's lower-court response categories attached to one formally argued U.S. Supreme Court precedent, covering the 12 regular federal circuits, their district courts, and state courts through 2016; Federal Circuit excluded","Automated reduction of the authors' public precedent-level replication file. The source aggregates Shepard's categories and does not expose individual lower-court opinions, non-citing or ignored exposed cases, treatment dates, remedy fidelity, or practical implementation. Use as bounded doctrinal-uptake context only, not as a practical-compliance rate or denominator-matched lowerCourtCompliance validation target."
masood-kassow-songer-2019-precedent-treatment,525 U.S. 432,https://doi.org/10.7910/DVN/DZZY7G,10.7910/DVN/DZZY7G,10.1086/703067,525 U.S. 432,"HUGHES AIRCRAFT COMPANY, et al. v. STANLEY I. JACOBSON et al.",1998,1999-01-25,1998-021-01,119 S. Ct. 755,1999 U.S. LEXIS 753,8,no,no,yes,0,527,57,1,9,10,584,537,67,0.097602740,0.018621974,0.850746269,post-decision through 2016,"Aggregate Shepard's lower-court response categories attached to one formally argued U.S. Supreme Court precedent, covering the 12 regular federal circuits, their district courts, and state courts through 2016; Federal Circuit excluded","Automated reduction of the authors' public precedent-level replication file. The source aggregates Shepard's categories and does not expose individual lower-court opinions, non-citing or ignored exposed cases, treatment dates, remedy fidelity, or practical implementation. Use as bounded doctrinal-uptake context only, not as a practical-compliance rate or denominator-matched lowerCourtCompliance validation target."
masood-kassow-songer-2019-precedent-treatment,525 U.S. 449,https://doi.org/10.7910/DVN/DZZY7G,10.7910/DVN/DZZY7G,10.1086/703067,525 U.S. 449,"YOUR HOME VISITING NURSE SERVICES, INC. v. DONNA E. SHALALA, SECRETARY OF HEALTH",1998,1999-02-23,1998-022-01,119 S. Ct. 930,1999 U.S. LEXIS 1512,9,no,no,yes,0,126,13,0,3,3,139,129,16,0.093525180,0.023255814,0.812500000,post-decision through 2016,"Aggregate Shepard's lower-court response categories attached to one formally argued U.S. Supreme Court precedent, covering the 12 regular federal circuits, their district courts, and state courts through 2016; Federal Circuit excluded","Automated reduction of the authors' public precedent-level replication file. The source aggregates Shepard's categories and does not expose individual lower-court opinions, non-citing or ignored exposed cases, treatment dates, remedy fidelity, or practical implementation. Use as bounded doctrinal-uptake context only, not as a practical-compliance rate or denominator-matched lowerCourtCompliance validation target."
masood-kassow-songer-2019-precedent-treatment,525 U.S. 459,https://doi.org/10.7910/DVN/DZZY7G,10.7910/DVN/DZZY7G,10.1086/703067,525 U.S. 459,NATIONAL COLLEGIATE ATHLETIC ASSOCIATION v. R. M. SMITH,1998,1999-02-23,1998-023-01,119 S. Ct. 924,1999 U.S. LEXIS 1511,2,no,no,yes,0,109,13,0,2,2,122,111,15,0.106557377,0.018018018,0.866666667,post-decision through 2016,"Aggregate Shepard's lower-court response categories attached to one formally argued U.S. Supreme Court precedent, covering the 12 regular federal circuits, their district courts, and state courts through 2016; Federal Circuit excluded","Automated reduction of the authors' public precedent-level replication file. The source aggregates Shepard's categories and does not expose individual lower-court opinions, non-citing or ignored exposed cases, treatment dates, remedy fidelity, or practical implementation. Use as bounded doctrinal-uptake context only, not as a practical-compliance rate or denominator-matched lowerCourtCompliance validation target."
masood-kassow-songer-2019-precedent-treatment,525 U.S. 471,https://doi.org/10.7910/DVN/DZZY7G,10.7910/DVN/DZZY7G,10.1086/703067,525 U.S. 471,"JANET RENO, ATTORNEY GENERAL, et al. v. AMERICAN-ARAB ANTI-DISCRIMINATION COMMIT",1998,1999-02-24,1998-024-01,119 S. Ct. 936,1999 U.S. LEXIS 1514,2,no,no,yes,0,733,133,0,31,31,866,764,164,0.153579677,0.040575916,0.810975610,post-decision through 2016,"Aggregate Shepard's lower-court response categories attached to one formally argued U.S. Supreme Court precedent, covering the 12 regular federal circuits, their district courts, and state courts through 2016; Federal Circuit excluded","Automated reduction of the authors' public precedent-level replication file. The source aggregates Shepard's categories and does not expose individual lower-court opinions, non-citing or ignored exposed cases, treatment dates, remedy fidelity, or practical implementation. Use as bounded doctrinal-uptake context only, not as a practical-compliance rate or denominator-matched lowerCourtCompliance validation target."
masood-kassow-songer-2019-precedent-treatment,526 U.S. 1,https://doi.org/10.7910/DVN/DZZY7G,10.7910/DVN/DZZY7G,10.1086/703067,526 U.S. 1,"FRANCOIS HOLLOWAY, AKA ABDU ALI v. UNITED STATES",1998,1999-03-02,1998-025-01,119 S. Ct. 966,1999 U.S. LEXIS 1708,1,no,yes,yes,0,195,43,1,11,12,238,207,55,0.180672269,0.057971014,0.781818182,post-decision through 2016,"Aggregate Shepard's lower-court response categories attached to one formally argued U.S. Supreme Court precedent, covering the 12 regular federal circuits, their district courts, and state courts through 2016; Federal Circuit excluded","Automated reduction of the authors' public precedent-level replication file. The source aggregates Shepard's categories and does not expose individual lower-court opinions, non-citing or ignored exposed cases, treatment dates, remedy fidelity, or practical implementation. Use as bounded doctrinal-uptake context only, not as a practical-compliance rate or denominator-matched lowerCourtCompliance validation target."
masood-kassow-songer-2019-precedent-treatment,526 U.S. 23,https://doi.org/10.7910/DVN/DZZY7G,10.7910/DVN/DZZY7G,10.1086/703067,526 U.S. 23,MANUEL DEJESUS PEGUERO v. UNITED STATES,1998,1999-03-02,1998-026-01,119 S. Ct. 961,1999 U.S. LEXIS 1707,1,no,yes,yes,0,435,52,0,17,17,487,452,69,0.106776181,0.037610619,0.753623188,post-decision through 2016,"Aggregate Shepard's lower-court response categories attached to one formally argued U.S. Supreme Court precedent, covering the 12 regular federal circuits, their district courts, and state courts through 2016; Federal Circuit excluded","Automated reduction of the authors' public precedent-level replication file. The source aggregates Shepard's categories and does not expose individual lower-court opinions, non-citing or ignored exposed cases, treatment dates, remedy fidelity, or practical implementation. Use as bounded doctrinal-uptake context only, not as a practical-compliance rate or denominator-matched lowerCourtCompliance validation target."
masood-kassow-songer-2019-precedent-treatment,526 U.S. 32,https://doi.org/10.7910/DVN/DZZY7G,10.7910/DVN/DZZY7G,10.1086/703067,526 U.S. 32,"ARIZONA DEPARTMENT OF REVENUE v. BLAZE CONSTRUCTION COMPANY, INC.",1998,1999-03-02,1998-027-01,119 S. Ct. 957,1999 U.S. LEXIS 1706,10,no,no,yes,0,25,7,0,1,1,32,26,8,0.218750000,0.038461538,0.875000000,post-decision through 2016,"Aggregate Shepard's lower-court response categories attached to one formally argued U.S. Supreme Court precedent, covering the 12 regular federal circuits, their district courts, and state courts through 2016; Federal Circuit excluded","Automated reduction of the authors' public precedent-level replication file. The source aggregates Shepard's categories and does not expose individual lower-court opinions, non-citing or ignored exposed cases, treatment dates, remedy fidelity, or practical implementation. Use as bounded doctrinal-uptake context only, not as a practical-compliance rate or denominator-matched lowerCourtCompliance validation target."
masood-kassow-songer-2019-precedent-treatment,526 U.S. 111,https://doi.org/10.7910/DVN/DZZY7G,10.7910/DVN/DZZY7G,10.1086/703067,526 U.S. 111,THE FEDERAL REPUBLIC OF GERMANY et al. v. UNITED STATES et al.,1998,1999-03-03,1998-031-01,119 S. Ct. 1016,1999 U.S. LEXIS 1714,9,no,no,yes,0,5,0,0,0,0,5,5,0,0.000000000,0.000000000,,post-decision through 2016,"Aggregate Shepard's lower-court response categories attached to one formally argued U.S. Supreme Court precedent, covering the 12 regular federal circuits, their district courts, and state courts through 2016; Federal Circuit excluded","Automated reduction of the authors' public precedent-level replication file. The source aggregates Shepard's categories and does not expose individual lower-court opinions, non-citing or ignored exposed cases, treatment dates, remedy fidelity, or practical implementation. Use as bounded doctrinal-uptake context only, not as a practical-compliance rate or denominator-matched lowerCourtCompliance validation target."
masood-kassow-songer-2019-precedent-treatment,526 U.S. 115,https://doi.org/10.7910/DVN/DZZY7G,10.7910/DVN/DZZY7G,10.1086/703067,526 U.S. 115,"TERRY STEWART, DIRECTOR, ARIZONA DEPARTMENT OF CORRECTIONS, et al. v. WALTER LAG",1998,1999-03-03,1998-032-01,119 S. Ct. 1018,1999 U.S. LEXIS 1715,1,no,yes,yes,0,74,12,0,2,2,86,76,14,0.139534884,0.026315789,0.857142857,post-decision through 2016,"Aggregate Shepard's lower-court response categories attached to one formally argued U.S. Supreme Court precedent, covering the 12 regular federal circuits, their district courts, and state courts through 2016; Federal Circuit excluded","Automated reduction of the authors' public precedent-level replication file. The source aggregates Shepard's categories and does not expose individual lower-court opinions, non-citing or ignored exposed cases, treatment dates, remedy fidelity, or practical implementation. Use as bounded doctrinal-uptake context only, not as a practical-compliance rate or denominator-matched lowerCourtCompliance validation target."
masood-kassow-songer-2019-precedent-treatment,526 U.S. 40,https://doi.org/10.7910/DVN/DZZY7G,10.7910/DVN/DZZY7G,10.1086/703067,526 U.S. 40,"AMERICAN MANUFACTURERS MUTUAL INSURANCE COMPANY, et al. v. DELORES SCOTT SULLIVA",1998,1999-03-03,1998-028-01,119 S. Ct. 977,1999 U.S. LEXIS 1711,4,yes,no,yes,2,2589,873,0,15,15,3462,2604,888,0.252166378,0.005760369,0.983108108,post-decision through 2016,"Aggregate Shepard's lower-court response categories attached to one formally argued U.S. Supreme Court precedent, covering the 12 regular federal circuits, their district courts, and state courts through 2016; Federal Circuit excluded","Automated reduction of the authors' public precedent-level replication file. The source aggregates Shepard's categories and does not expose individual lower-court opinions, non-citing or ignored exposed cases, treatment dates, remedy fidelity, or practical implementation. Use as bounded doctrinal-uptake context only, not as a practical-compliance rate or denominator-matched lowerCourtCompliance validation target."
masood-kassow-songer-2019-precedent-treatment,526 U.S. 66,https://doi.org/10.7910/DVN/DZZY7G,10.7910/DVN/DZZY7G,10.1086/703067,526 U.S. 66,"CEDAR RAPIDS COMMUNITY SCHOOL DISTRICT v. GARRET F., A MINOR BY HIS MOTHER AND N",1998,1999-03-03,1998-029-01,119 S. Ct. 992,1999 U.S. LEXIS 1709,2,no,no,yes,0,69,7,0,2,2,76,71,9,0.092105263,0.028169014,0.777777778,post-decision through 2016,"Aggregate Shepard's lower-court response categories attached to one formally argued U.S. Supreme Court precedent, covering the 12 regular federal circuits, their district courts, and state courts through 2016; Federal Circuit excluded","Automated reduction of the authors' public precedent-level replication file. The source aggregates Shepard's categories and does not expose individual lower-court opinions, non-citing or ignored exposed cases, treatment dates, remedy fidelity, or practical implementation. Use as bounded doctrinal-uptake context only, not as a practical-compliance rate or denominator-matched lowerCourtCompliance validation target."
masood-kassow-songer-2019-precedent-treatment,526 U.S. 86,https://doi.org/10.7910/DVN/DZZY7G,10.7910/DVN/DZZY7G,10.1086/703067,526 U.S. 86,"NATIONAL FEDERATION OF FEDERAL EMPLOYEES, LOCAL 1309 v. DEPARTMENT OF THE INTERI",1998,1999-03-03,1998-030-02,119 S. Ct. 1003,1999 U.S. LEXIS 1710,7,no,no,yes,0,21,2,0,0,0,23,21,2,0.086956522,0.000000000,1.000000000,post-decision through 2016,"Aggregate Shepard's lower-court response categories attached to one formally argued U.S. Supreme Court precedent, covering the 12 regular federal circuits, their district courts, and state courts through 2016; Federal Circuit excluded","Automated reduction of the authors' public precedent-level replication file. The source aggregates Shepard's categories and does not expose individual lower-court opinions, non-citing or ignored exposed cases, treatment dates, remedy fidelity, or practical implementation. Use as bounded doctrinal-uptake context only, not as a practical-compliance rate or denominator-matched lowerCourtCompliance validation target."
masood-kassow-songer-2019-precedent-treatment,526 U.S. 122,https://doi.org/10.7910/DVN/DZZY7G,10.7910/DVN/DZZY7G,10.1086/703067,526 U.S. 122,BARBARA SCHWARZ v. NATIONAL SECURITY AGENCY et al.,1998,1999-03-08,1998-033-02,119 S. Ct. 1109,1999 U.S. LEXIS 1875,2,no,no,yes,0,1,0,0,0,0,1,1,0,0.000000000,0.000000000,,post-decision through 2016,"Aggregate Shepard's lower-court response categories attached to one formally argued U.S. Supreme Court precedent, covering the 12 regular federal circuits, their district courts, and state courts through 2016; Federal Circuit excluded","Automated reduction of the authors' public precedent-level replication file. The source aggregates Shepard's categories and does not expose individual lower-court opinions, non-citing or ignored exposed cases, treatment dates, remedy fidelity, or practical implementation. Use as bounded doctrinal-uptake context only, not as a practical-compliance rate or denominator-matched lowerCourtCompliance validation target."
masood-kassow-songer-2019-precedent-treatment,526 U.S. 124,https://doi.org/10.7910/DVN/DZZY7G,10.7910/DVN/DZZY7G,10.1086/703067,526 U.S. 124,"CENTRAL STATE UNIVERSITY v. AMERICAN ASSOCIATION OF UNIVERSITY PROFESSORS, CENTR",1998,1999-03-22,1998-034-01,119 S. Ct. 1162,1999 U.S. LEXIS 2144,7,no,no,yes,0,34,6,0,0,0,40,34,6,0.150000000,0.000000000,1.000000000,post-decision through 2016,"Aggregate Shepard's lower-court response categories attached to one formally argued U.S. Supreme Court precedent, covering the 12 regular federal circuits, their district courts, and state courts through 2016; Federal Circuit excluded","Automated reduction of the authors' public precedent-level replication file. The source aggregates Shepard's categories and does not expose individual lower-court opinions, non-citing or ignored exposed cases, treatment dates, remedy fidelity, or practical implementation. Use as bounded doctrinal-uptake context only, not as a practical-compliance rate or denominator-matched lowerCourtCompliance validation target."
masood-kassow-songer-2019-precedent-treatment,526 U.S. 135,https://doi.org/10.7910/DVN/DZZY7G,10.7910/DVN/DZZY7G,10.1086/703067,526 U.S. 135,VINCENT F. RIVERA v. FLORIDA DEPARTMENT OF CORRECTIONS,1998,1999-03-22,1998-035-01,119 S. Ct. 1166,1999 U.S. LEXIS 2181,2,no,no,yes,0,4,0,0,0,0,4,4,0,0.000000000,0.000000000,,post-decision through 2016,"Aggregate Shepard's lower-court response categories attached to one formally argued U.S. Supreme Court precedent, covering the 12 regular federal circuits, their district courts, and state courts through 2016; Federal Circuit excluded","Automated reduction of the authors' public precedent-level replication file. The source aggregates Shepard's categories and does not expose individual lower-court opinions, non-citing or ignored exposed cases, treatment dates, remedy fidelity, or practical implementation. Use as bounded doctrinal-uptake context only, not as a practical-compliance rate or denominator-matched lowerCourtCompliance validation target."
masood-kassow-songer-2019-precedent-treatment,526 U.S. 137,https://doi.org/10.7910/DVN/DZZY7G,10.7910/DVN/DZZY7G,10.1086/703067,526 U.S. 137,"KUMHO TIRE COMPANY, LTD., et al. v. PATRICK CARMICHAEL, ETC., et al.",1998,1999-03-23,1998-036-01,119 S. Ct. 1167,1999 U.S. LEXIS 2189,9,no,no,yes,0,7534,1937,6,58,64,9471,7598,2001,0.204519058,0.008423269,0.968015992,post-decision through 2016,"Aggregate Shepard's lower-court response categories attached to one formally argued U.S. Supreme Court precedent, covering the 12 regular federal circuits, their district courts, and state courts through 2016; Federal Circuit excluded","Automated reduction of the authors' public precedent-level replication file. The source aggregates Shepard's categories and does not expose individual lower-court opinions, non-citing or ignored exposed cases, treatment dates, remedy fidelity, or practical implementation. Use as bounded doctrinal-uptake context only, not as a practical-compliance rate or denominator-matched lowerCourtCompliance validation target."
masood-kassow-songer-2019-precedent-treatment,526 U.S. 160,https://doi.org/10.7910/DVN/DZZY7G,10.7910/DVN/DZZY7G,10.1086/703067,526 U.S. 160,"SOUTH CENTRAL BELL TELEPHONE COMPANY, et al. v. ALABAMA et al.",1998,1999-03-23,1998-037-01,119 S. Ct. 1180,1999 U.S. LEXIS 2188,8,yes,no,yes,0,51,7,0,8,8,58,59,15,0.120689655,0.135593220,0.466666667,post-decision through 2016,"Aggregate Shepard's lower-court response categories attached to one formally argued U.S. Supreme Court precedent, covering the 12 regular federal circuits, their district courts, and state courts through 2016; Federal Circuit excluded","Automated reduction of the authors' public precedent-level replication file. The source aggregates Shepard's categories and does not expose individual lower-court opinions, non-citing or ignored exposed cases, treatment dates, remedy fidelity, or practical implementation. Use as bounded doctrinal-uptake context only, not as a practical-compliance rate or denominator-matched lowerCourtCompliance validation target."
masood-kassow-songer-2019-precedent-treatment,526 U.S. 172,https://doi.org/10.7910/DVN/DZZY7G,10.7910/DVN/DZZY7G,10.1086/703067,526 U.S. 172,"MINNESOTA, et al. v. MILLE LACS BAND OF CHIPPEWA INDIANS et al.",1998,1999-03-24,1998-038-01,119 S. Ct. 1187,1999 U.S. LEXIS 2190,2,no,no,yes,0,108,11,0,12,12,119,120,23,0.092436975,0.100000000,0.478260870,post-decision through 2016,"Aggregate Shepard's lower-court response categories attached to one formally argued U.S. Supreme Court precedent, covering the 12 regular federal circuits, their district courts, and state courts through 2016; Federal Circuit excluded","Automated reduction of the authors' public precedent-level replication file. The source aggregates Shepard's categories and does not expose individual lower-court opinions, non-citing or ignored exposed cases, treatment dates, remedy fidelity, or practical implementation. Use as bounded doctrinal-uptake context only, not as a practical-compliance rate or denominator-matched lowerCourtCompliance validation target."
masood-kassow-songer-2019-precedent-treatment,526 U.S. 227,https://doi.org/10.7910/DVN/DZZY7G,10.7910/DVN/DZZY7G,10.1086/703067,526 U.S. 227,NATHANIEL JONES v. UNITED STATES,1998,1999-03-24,1998-039-01,119 S. Ct. 1215,1999 U.S. LEXIS 2191,1,no,yes,yes,0,1725,182,4,182,186,1907,1911,368,0.095437861,0.097331240,0.494565217,post-decision through 2016,"Aggregate Shepard's lower-court response categories attached to one formally argued U.S. Supreme Court precedent, covering the 12 regular federal circuits, their district courts, and state courts through 2016; Federal Circuit excluded","Automated reduction of the authors' public precedent-level replication file. The source aggregates Shepard's categories and does not expose individual lower-court opinions, non-citing or ignored exposed cases, treatment dates, remedy fidelity, or practical implementation. Use as bounded doctrinal-uptake context only, not as a practical-compliance rate or denominator-matched lowerCourtCompliance validation target."
masood-kassow-songer-2019-precedent-treatment,526 U.S. 273,https://doi.org/10.7910/DVN/DZZY7G,10.7910/DVN/DZZY7G,10.1086/703067,526 U.S. 273,RONALD DEAN LOWE v. MARCUS POGUE et al.,1998,1999-03-29,1998-040-04,119 S. Ct. 1238,1999 U.S. LEXIS 2249,2,no,no,yes,0,4,0,0,0,0,4,4,0,0.000000000,0.000000000,,post-decision through 2016,"Aggregate Shepard's lower-court response categories attached to one formally argued U.S. Supreme Court precedent, covering the 12 regular federal circuits, their district courts, and state courts through 2016; Federal Circuit excluded","Automated reduction of the authors' public precedent-level replication file. The source aggregates Shepard's categories and does not expose individual lower-court opinions, non-citing or ignored exposed cases, treatment dates, remedy fidelity, or practical implementation. Use as bounded doctrinal-uptake context only, not as a practical-compliance rate or denominator-matched lowerCourtCompliance validation target."
masood-kassow-songer-2019-precedent-treatment,526 U.S. 275,https://doi.org/10.7910/DVN/DZZY7G,10.7910/DVN/DZZY7G,10.1086/703067,526 U.S. 275,UNITED STATES v. JACINTO RODRIGUEZ-MORENO,1998,1999-03-30,1998-041-01,119 S. Ct. 1239,1999 U.S. LEXIS 2342,9,no,no,yes,0,218,74,0,6,6,292,224,80,0.253424658,0.026785714,0.925000000,post-decision through 2016,"Aggregate Shepard's lower-court response categories attached to one formally argued U.S. Supreme Court precedent, covering the 12 regular federal circuits, their district courts, and state courts through 2016; Federal Circuit excluded","Automated reduction of the authors' public precedent-level replication file. The source aggregates Shepard's categories and does not expose individual lower-court opinions, non-citing or ignored exposed cases, treatment dates, remedy fidelity, or practical implementation. Use as bounded doctrinal-uptake context only, not as a practical-compliance rate or denominator-matched lowerCourtCompliance validation target."
masood-kassow-songer-2019-precedent-treatment,526 U.S. 286,https://doi.org/10.7910/DVN/DZZY7G,10.7910/DVN/DZZY7G,10.1086/703067,526 U.S. 286,DAVID CONN AND CAROL NAJERA v. PAUL L. GABBERT,1998,1999-04-05,1998-042-01,119 S. Ct. 1292,1999 U.S. LEXIS 2345,8,yes,no,yes,0,1077,270,2,5,7,1347,1084,277,0.200445434,0.006457565,0.974729242,post-decision through 2016,"Aggregate Shepard's lower-court response categories attached to one formally argued U.S. Supreme Court precedent, covering the 12 regular federal circuits, their district courts, and state courts through 2016; Federal Circuit excluded","Automated reduction of the authors' public precedent-level replication file. The source aggregates Shepard's categories and does not expose individual lower-court opinions, non-citing or ignored exposed cases, treatment dates, remedy fidelity, or practical implementation. Use as bounded doctrinal-uptake context only, not as a practical-compliance rate or denominator-matched lowerCourtCompliance validation target."
masood-kassow-songer-2019-precedent-treatment,526 U.S. 295,https://doi.org/10.7910/DVN/DZZY7G,10.7910/DVN/DZZY7G,10.1086/703067,526 U.S. 295,WYOMING v. SANDRA HOUGHTON,1998,1999-04-05,1998-043-01,119 S. Ct. 1297,1999 U.S. LEXIS 2347,1,yes,yes,yes,0,569,114,0,28,28,683,597,142,0.166910688,0.046901173,0.802816901,post-decision through 2016,"Aggregate Shepard's lower-court response categories attached to one formally argued U.S. Supreme Court precedent, covering the 12 regular federal circuits, their district courts, and state courts through 2016; Federal Circuit excluded","Automated reduction of the authors' public precedent-level replication file. The source aggregates Shepard's categories and does not expose individual lower-court opinions, non-citing or ignored exposed cases, treatment dates, remedy fidelity, or practical implementation. Use as bounded doctrinal-uptake context only, not as a practical-compliance rate or denominator-matched lowerCourtCompliance validation target."
masood-kassow-songer-2019-precedent-treatment,526 U.S. 314,https://doi.org/10.7910/DVN/DZZY7G,10.7910/DVN/DZZY7G,10.1086/703067,526 U.S. 314,AMANDA MITCHELL v. UNITED STATES,1998,1999-04-05,1998-044-01,119 S. Ct. 1307,1999 U.S. LEXIS 2348,1,yes,yes,yes,0,482,75,0,60,60,557,542,135,0.134649910,0.110701107,0.555555556,post-decision through 2016,"Aggregate Shepard's lower-court response categories attached to one formally argued U.S. Supreme Court precedent, covering the 12 regular federal circuits, their district courts, and state courts through 2016; Federal Circuit excluded","Automated reduction of the authors' public precedent-level replication file. The source aggregates Shepard's categories and does not expose individual lower-court opinions, non-citing or ignored exposed cases, treatment dates, remedy fidelity, or practical implementation. Use as bounded doctrinal-uptake context only, not as a practical-compliance rate or denominator-matched lowerCourtCompliance validation target."
masood-kassow-songer-2019-precedent-treatment,526 U.S. 344,https://doi.org/10.7910/DVN/DZZY7G,10.7910/DVN/DZZY7G,10.1086/703067,526 U.S. 344,"MURPHY BROTHERS, INC. v. MICHETTI PIPE STRINGING, INC.",1998,1999-04-05,1998-045-01,119 S. Ct. 1322,1999 U.S. LEXIS 2346,9,no,no,yes,0,1140,278,2,56,58,1418,1198,336,0.196050776,0.048414023,0.827380952,post-decision through 2016,"Aggregate Shepard's lower-court response categories attached to one formally argued U.S. Supreme Court precedent, covering the 12 regular federal circuits, their district courts, and state courts through 2016; Federal Circuit excluded","Automated reduction of the authors' public precedent-level replication file. The source aggregates Shepard's categories and does not expose individual lower-court opinions, non-citing or ignored exposed cases, treatment dates, remedy fidelity, or practical implementation. Use as bounded doctrinal-uptake context only, not as a practical-compliance rate or denominator-matched lowerCourtCompliance validation target."
masood-kassow-songer-2019-precedent-treatment,526 U.S. 358,https://doi.org/10.7910/DVN/DZZY7G,10.7910/DVN/DZZY7G,10.1086/703067,526 U.S. 358,UNUM LIFE INSURANCE COMPANY OF AMERICA v. JOHN E. WARD,1998,1999-04-20,1998-046-01,119 S. Ct. 1380,1999 U.S. LEXIS 2839,10,no,no,yes,0,218,69,3,36,39,287,257,108,0.240418118,0.151750973,0.638888889,post-decision through 2016,"Aggregate Shepard's lower-court response categories attached to one formally argued U.S. Supreme Court precedent, covering the 12 regular federal circuits, their district courts, and state courts through 2016; Federal Circuit excluded","Automated reduction of the authors' public precedent-level replication file. The source aggregates Shepard's categories and does not expose individual lower-court opinions, non-citing or ignored exposed cases, treatment dates, remedy fidelity, or practical implementation. Use as bounded doctrinal-uptake context only, not as a practical-compliance rate or denominator-matched lowerCourtCompliance validation target."
masood-kassow-songer-2019-precedent-treatment,526 U.S. 380,https://doi.org/10.7910/DVN/DZZY7G,10.7910/DVN/DZZY7G,10.1086/703067,526 U.S. 380,UNITED STATES v. HAGGAR APPAREL COMPANY,1998,1999-04-21,1998-047-01,119 S. Ct. 1392,1999 U.S. LEXIS 2842,9,no,no,yes,0,35,7,0,0,0,42,35,7,0.166666667,0.000000000,1.000000000,post-decision through 2016,"Aggregate Shepard's lower-court response categories attached to one formally argued U.S. Supreme Court precedent, covering the 12 regular federal circuits, their district courts, and state courts through 2016; Federal Circuit excluded","Automated reduction of the authors' public precedent-level replication file. The source aggregates Shepard's categories and does not expose individual lower-court opinions, non-citing or ignored exposed cases, treatment dates, remedy fidelity, or practical implementation. Use as bounded doctrinal-uptake context only, not as a practical-compliance rate or denominator-matched lowerCourtCompliance validation target."
masood-kassow-songer-2019-precedent-treatment,526 U.S. 398,https://doi.org/10.7910/DVN/DZZY7G,10.7910/DVN/DZZY7G,10.1086/703067,526 U.S. 398,UNITED STATES v. SUN-DIAMOND GROWERS OF CALIFORNIA,1998,1999-04-27,1998-048-01,119 S. Ct. 1402,1999 U.S. LEXIS 3001,8,no,no,yes,0,119,38,0,24,24,157,143,62,0.242038217,0.167832168,0.612903226,post-decision through 2016,"Aggregate Shepard's lower-court response categories attached to one formally argued U.S. Supreme Court precedent, covering the 12 regular federal circuits, their district courts, and state courts through 2016; Federal Circuit excluded","Automated reduction of the authors' public precedent-level replication file. The source aggregates Shepard's categories and does not expose individual lower-court opinions, non-citing or ignored exposed cases, treatment dates, remedy fidelity, or practical implementation. Use as bounded doctrinal-uptake context only, not as a practical-compliance rate or denominator-matched lowerCourtCompliance validation target."
masood-kassow-songer-2019-precedent-treatment,526 U.S. 415,https://doi.org/10.7910/DVN/DZZY7G,10.7910/DVN/DZZY7G,10.1086/703067,526 U.S. 415,IMMIGRATION AND NATURALIZATION SERVICE v. JUAN ANIBAL AGUIRRE-AGUIRRE,1998,1999-05-03,1998-049-01,119 S. Ct. 1439,1999 U.S. LEXIS 3005,2,no,no,yes,0,589,74,0,18,18,663,607,92,0.111613876,0.029654036,0.804347826,post-decision through 2016,"Aggregate Shepard's lower-court response categories attached to one formally argued U.S. Supreme Court precedent, covering the 12 regular federal circuits, their district courts, and state courts through 2016; Federal Circuit excluded","Automated reduction of the authors' public precedent-level replication file. The source aggregates Shepard's categories and does not expose individual lower-court opinions, non-citing or ignored exposed cases, treatment dates, remedy fidelity, or practical implementation. Use as bounded doctrinal-uptake context only, not as a practical-compliance rate or denominator-matched lowerCourtCompliance validation target."
masood-kassow-songer-2019-precedent-treatment,526 U.S. 434,https://doi.org/10.7910/DVN/DZZY7G,10.7910/DVN/DZZY7G,10.1086/703067,526 U.S. 434,BANK OF AMERICA NATIONAL TRUST AND SAVINGS ASSOCIATION v. 203 NORTH LASALLE STRE,1998,1999-05-03,1998-050-01,119 S. Ct. 1411,1999 U.S. LEXIS 3003,8,no,no,yes,0,249,56,0,15,15,305,264,71,0.183606557,0.056818182,0.788732394,post-decision through 2016,"Aggregate Shepard's lower-court response categories attached to one formally argued U.S. Supreme Court precedent, covering the 12 regular federal circuits, their district courts, and state courts through 2016; Federal Circuit excluded","Automated reduction of the authors' public precedent-level replication file. The source aggregates Shepard's categories and does not expose individual lower-court opinions, non-citing or ignored exposed cases, treatment dates, remedy fidelity, or practical implementation. Use as bounded doctrinal-uptake context only, not as a practical-compliance rate or denominator-matched lowerCourtCompliance validation target."
masood-kassow-songer-2019-precedent-treatment,526 U.S. 473,https://doi.org/10.7910/DVN/DZZY7G,10.7910/DVN/DZZY7G,10.1086/703067,526 U.S. 473,"EL PASO NATURAL GAS COMPANY, et al. v. LAURA NEZTSOSIE et al.",1998,1999-05-03,1998-051-01,119 S. Ct. 1430,1999 U.S. LEXIS 3004,2,no,no,yes,0,161,19,0,11,11,180,172,30,0.105555556,0.063953488,0.633333333,post-decision through 2016,"Aggregate Shepard's lower-court response categories attached to one formally argued U.S. Supreme Court precedent, covering the 12 regular federal circuits, their district courts, and state courts through 2016; Federal Circuit excluded","Automated reduction of the authors' public precedent-level replication file. The source aggregates Shepard's categories and does not expose individual lower-court opinions, non-citing or ignored exposed cases, treatment dates, remedy fidelity, or practical implementation. Use as bounded doctrinal-uptake context only, not as a practical-compliance rate or denominator-matched lowerCourtCompliance validation target."
masood-kassow-songer-2019-precedent-treatment,526 U.S. 489,https://doi.org/10.7910/DVN/DZZY7G,10.7910/DVN/DZZY7G,10.1086/703067,526 U.S. 489,"RITA L. SAENZ, DIRECTOR, CALIFORNIA DEPARTMENT OF SOCIAL SERVICES, et al. v. BRE",1998,1999-05-17,1998-052-01,119 S. Ct. 1518,1999 U.S. LEXIS 3174,2,yes,no,yes,0,324,67,0,27,27,391,351,94,0.171355499,0.076923077,0.712765957,post-decision through 2016,"Aggregate Shepard's lower-court response categories attached to one formally argued U.S. Supreme Court precedent, covering the 12 regular federal circuits, their district courts, and state courts through 2016; Federal Circuit excluded","Automated reduction of the authors' public precedent-level replication file. The source aggregates Shepard's categories and does not expose individual lower-court opinions, non-citing or ignored exposed cases, treatment dates, remedy fidelity, or practical implementation. Use as bounded doctrinal-uptake context only, not as a practical-compliance rate or denominator-matched lowerCourtCompliance validation target."
masood-kassow-songer-2019-precedent-treatment,526 U.S. 529,https://doi.org/10.7910/DVN/DZZY7G,10.7910/DVN/DZZY7G,10.1086/703067,526 U.S. 529,"WILLIAM J. CLINTON, PRESIDENT OF THE UNITED STATES, et al. v. JAMES T. GOLDSMITH",1998,1999-05-17,1998-053-01,119 S. Ct. 1538,1999 U.S. LEXIS 3173,9,no,no,yes,0,105,14,0,3,3,119,108,17,0.117647059,0.027777778,0.823529412,post-decision through 2016,"Aggregate Shepard's lower-court response categories attached to one formally argued U.S. Supreme Court precedent, covering the 12 regular federal circuits, their district courts, and state courts through 2016; Federal Circuit excluded","Automated reduction of the authors' public precedent-level replication file. The source aggregates Shepard's categories and does not expose individual lower-court opinions, non-citing or ignored exposed cases, treatment dates, remedy fidelity, or practical implementation. Use as bounded doctrinal-uptake context only, not as a practical-compliance rate or denominator-matched lowerCourtCompliance validation target."
masood-kassow-songer-2019-precedent-treatment,526 U.S. 541,https://doi.org/10.7910/DVN/DZZY7G,10.7910/DVN/DZZY7G,10.1086/703067,526 U.S. 541,"JAMES B. HUNT, JR., GOVERNOR OF NORTH CAROLINA, et al. v. MARTIN CROMARTIE et al",1998,1999-05-17,1998-054-01,119 S. Ct. 1545,1999 U.S. LEXIS 3171,2,yes,no,yes,0,2371,97,0,7,7,2468,2378,104,0.039303079,0.002943650,0.932692308,post-decision through 2016,"Aggregate Shepard's lower-court response categories attached to one formally argued U.S. Supreme Court precedent, covering the 12 regular federal circuits, their district courts, and state courts through 2016; Federal Circuit excluded","Automated reduction of the authors' public precedent-level replication file. The source aggregates Shepard's categories and does not expose individual lower-court opinions, non-citing or ignored exposed cases, treatment dates, remedy fidelity, or practical implementation. Use as bounded doctrinal-uptake context only, not as a practical-compliance rate or denominator-matched lowerCourtCompliance validation target."
masood-kassow-songer-2019-precedent-treatment,526 U.S. 559,https://doi.org/10.7910/DVN/DZZY7G,10.7910/DVN/DZZY7G,10.1086/703067,526 U.S. 559,FLORIDA v. TYVESSEL TYVORUS WHITE,1998,1999-05-17,1998-055-01,119 S. Ct. 1555,1999 U.S. LEXIS 3172,1,yes,yes,yes,0,169,20,0,5,5,189,174,25,0.105820106,0.028735632,0.800000000,post-decision through 2016,"Aggregate Shepard's lower-court response categories attached to one formally argued U.S. Supreme Court precedent, covering the 12 regular federal circuits, their district courts, and state courts through 2016; Federal Circuit excluded","Automated reduction of the authors' public precedent-level replication file. The source aggregates Shepard's categories and does not expose individual lower-court opinions, non-citing or ignored exposed cases, treatment dates, remedy fidelity, or practical implementation. Use as bounded doctrinal-uptake context only, not as a practical-compliance rate or denominator-matched lowerCourtCompliance validation target."
masood-kassow-songer-2019-precedent-treatment,526 U.S. 574,https://doi.org/10.7910/DVN/DZZY7G,10.7910/DVN/DZZY7G,10.1086/703067,526 U.S. 574,RUHRGAS AG v. MARATHON OIL COMPANY et al.,1998,1999-05-17,1998-056-01,119 S. Ct. 1563,1999 U.S. LEXIS 3170,9,no,no,yes,1,1912,132,0,18,18,2044,1930,150,0.064579256,0.009326425,0.880000000,post-decision through 2016,"Aggregate Shepard's lower-court response categories attached to one formally argued U.S. Supreme Court precedent, covering the 12 regular federal circuits, their district courts, and state courts through 2016; Federal Circuit excluded","Automated reduction of the authors' public precedent-level replication file. The source aggregates Shepard's categories and does not expose individual lower-court opinions, non-citing or ignored exposed cases, treatment dates, remedy fidelity, or practical implementation. Use as bounded doctrinal-uptake context only, not as a practical-compliance rate or denominator-matched lowerCourtCompliance validation target."
masood-kassow-songer-2019-precedent-treatment,526 U.S. 589,https://doi.org/10.7910/DVN/DZZY7G,10.7910/DVN/DZZY7G,10.1086/703067,526 U.S. 589,STATE OF NEW JERSEY v. STATE OF NEW YORK,1998,1999-05-17,1998-057-01,119 S. Ct. 1743,1999 U.S. LEXIS 3450,11,no,no,no,0,0,0,0,0,0,0,0,0,,,,post-decision through 2016,"Aggregate Shepard's lower-court response categories attached to one formally argued U.S. Supreme Court precedent, covering the 12 regular federal circuits, their district courts, and state courts through 2016; Federal Circuit excluded","Automated reduction of the authors' public precedent-level replication file. The source aggregates Shepard's categories and does not expose individual lower-court opinions, non-citing or ignored exposed cases, treatment dates, remedy fidelity, or practical implementation. Use as bounded doctrinal-uptake context only, not as a practical-compliance rate or denominator-matched lowerCourtCompliance validation target."
masood-kassow-songer-2019-precedent-treatment,526 U.S. 603,https://doi.org/10.7910/DVN/DZZY7G,10.7910/DVN/DZZY7G,10.1086/703067,526 U.S. 603,"CHARLES H. WILSON, ET UX., et al. v. HARRY LAYNE, DEPUTY UNITED STATES MARSHAL, ",1998,1999-05-24,1998-058-01,119 S. Ct. 1692,1999 U.S. LEXIS 3633,1,yes,yes,yes,0,2862,733,1,40,41,3595,2903,774,0.203894298,0.014123321,0.947028424,post-decision through 2016,"Aggregate Shepard's lower-court response categories attached to one formally argued U.S. Supreme Court precedent, covering the 12 regular federal circuits, their district courts, and state courts through 2016; Federal Circuit excluded","Automated reduction of the authors' public precedent-level replication file. The source aggregates Shepard's categories and does not expose individual lower-court opinions, non-citing or ignored exposed cases, treatment dates, remedy fidelity, or practical implementation. Use as bounded doctrinal-uptake context only, not as a practical-compliance rate or denominator-matched lowerCourtCompliance validation target."
masood-kassow-songer-2019-precedent-treatment,526 U.S. 629,https://doi.org/10.7910/DVN/DZZY7G,10.7910/DVN/DZZY7G,10.1086/703067,526 U.S. 629,"AURELIA DAVIS, AS NEXT FRIEND OF LASHONDA D. v. MONROE COUNTY BOARD OF EDUCATION",1998,1999-05-24,1998-059-01,119 S. Ct. 1661,1999 U.S. LEXIS 3452,2,no,no,yes,0,781,365,0,67,67,1146,848,432,0.318499127,0.079009434,0.844907407,post-decision through 2016,"Aggregate Shepard's lower-court response categories attached to one formally argued U.S. Supreme Court precedent, covering the 12 regular federal circuits, their district courts, and state courts through 2016; Federal Circuit excluded","Automated reduction of the authors' public precedent-level replication file. The source aggregates Shepard's categories and does not expose individual lower-court opinions, non-citing or ignored exposed cases, treatment dates, remedy fidelity, or practical implementation. Use as bounded doctrinal-uptake context only, not as a practical-compliance rate or denominator-matched lowerCourtCompliance validation target."
masood-kassow-songer-2019-precedent-treatment,526 U.S. 687,https://doi.org/10.7910/DVN/DZZY7G,10.7910/DVN/DZZY7G,10.1086/703067,526 U.S. 687,"CITY OF MONTEREY v. DEL MONTE DUNES AT MONTEREY, LTD., AND MONTEREY-DEL MONTE DU",1998,1999-05-24,1998-060-01,119 S. Ct. 1624,1999 U.S. LEXIS 3631,1,yes,no,yes,0,1185,75,4,23,27,1260,1212,102,0.059523810,0.022277228,0.735294118,post-decision through 2016,"Aggregate Shepard's lower-court response categories attached to one formally argued U.S. Supreme Court precedent, covering the 12 regular federal circuits, their district courts, and state courts through 2016; Federal Circuit excluded","Automated reduction of the authors' public precedent-level replication file. The source aggregates Shepard's categories and does not expose individual lower-court opinions, non-citing or ignored exposed cases, treatment dates, remedy fidelity, or practical implementation. Use as bounded doctrinal-uptake context only, not as a practical-compliance rate or denominator-matched lowerCourtCompliance validation target."
masood-kassow-songer-2019-precedent-treatment,526 U.S. 756,https://doi.org/10.7910/DVN/DZZY7G,10.7910/DVN/DZZY7G,10.1086/703067,526 U.S. 756,CALIFORNIA DENTAL ASSOCIATION v. FEDERAL TRADE COMMISSION,1998,1999-05-24,1998-061-01,119 S. Ct. 1604,1999 U.S. LEXIS 3606,8,no,no,yes,0,114,26,0,8,8,140,122,34,0.185714286,0.065573770,0.764705882,post-decision through 2016,"Aggregate Shepard's lower-court response categories attached to one formally argued U.S. Supreme Court precedent, covering the 12 regular federal circuits, their district courts, and state courts through 2016; Federal Circuit excluded","Automated reduction of the authors' public precedent-level replication file. The source aggregates Shepard's categories and does not expose individual lower-court opinions, non-citing or ignored exposed cases, treatment dates, remedy fidelity, or practical implementation. Use as bounded doctrinal-uptake context only, not as a practical-compliance rate or denominator-matched lowerCourtCompliance validation target."
masood-kassow-songer-2019-precedent-treatment,526 U.S. 795,https://doi.org/10.7910/DVN/DZZY7G,10.7910/DVN/DZZY7G,10.1086/703067,526 U.S. 795,CAROLYN C. CLEVELAND v. POLICY MANAGEMENT SYSTEMS CORPORATION et al.,1998,1999-05-24,1998-062-01,119 S. Ct. 1597,1999 U.S. LEXIS 3451,2,no,no,yes,0,1298,330,0,55,55,1628,1353,385,0.202702703,0.040650407,0.857142857,post-decision through 2016,"Aggregate Shepard's lower-court response categories attached to one formally argued U.S. Supreme Court precedent, covering the 12 regular federal circuits, their district courts, and state courts through 2016; Federal Circuit excluded","Automated reduction of the authors' public precedent-level replication file. The source aggregates Shepard's categories and does not expose individual lower-court opinions, non-citing or ignored exposed cases, treatment dates, remedy fidelity, or practical implementation. Use as bounded doctrinal-uptake context only, not as a practical-compliance rate or denominator-matched lowerCourtCompliance validation target."
masood-kassow-songer-2019-precedent-treatment,526 U.S. 808,https://doi.org/10.7910/DVN/DZZY7G,10.7910/DVN/DZZY7G,10.1086/703067,526 U.S. 808,"RODNEY C. HANLON, JOEL SCRAFFORD, KRIS A. MCLEAN, RICHARD C. BRANZELL, AND ROBER",1998,1999-05-24,1998-063-01,119 S. Ct. 1706,1999 U.S. LEXIS 3634,1,yes,yes,yes,0,30,1,0,4,4,31,34,5,0.032258065,0.117647059,0.200000000,post-decision through 2016,"Aggregate Shepard's lower-court response categories attached to one formally argued U.S. Supreme Court precedent, covering the 12 regular federal circuits, their district courts, and state courts through 2016; Federal Circuit excluded","Automated reduction of the authors' public precedent-level replication file. The source aggregates Shepard's categories and does not expose individual lower-court opinions, non-citing or ignored exposed cases, treatment dates, remedy fidelity, or practical implementation. Use as bounded doctrinal-uptake context only, not as a practical-compliance rate or denominator-matched lowerCourtCompliance validation target."
masood-kassow-songer-2019-precedent-treatment,526 U.S. 811,https://doi.org/10.7910/DVN/DZZY7G,10.7910/DVN/DZZY7G,10.1086/703067,526 U.S. 811,RICHARD M. CROSS v. PELICAN BAY STATE PRISON et al.,1998,1999-05-24,1998-064-02,119 S. Ct. 1596,1999 U.S. LEXIS 3632,2,no,no,yes,0,3,0,0,0,0,3,3,0,0.000000000,0.000000000,,post-decision through 2016,"Aggregate Shepard's lower-court response categories attached to one formally argued U.S. Supreme Court precedent, covering the 12 regular federal circuits, their district courts, and state courts through 2016; Federal Circuit excluded","Automated reduction of the authors' public precedent-level replication file. The source aggregates Shepard's categories and does not expose individual lower-court opinions, non-citing or ignored exposed cases, treatment dates, remedy fidelity, or practical implementation. Use as bounded doctrinal-uptake context only, not as a practical-compliance rate or denominator-matched lowerCourtCompliance validation target."
masood-kassow-songer-2019-precedent-treatment,526 U.S. 813,https://doi.org/10.7910/DVN/DZZY7G,10.7910/DVN/DZZY7G,10.1086/703067,526 U.S. 813,EDDIE RICHARDSON v. UNITED STATES,1998,1999-06-01,1998-065-01,119 S. Ct. 1707,1999 U.S. LEXIS 3640,1,no,yes,yes,3,676,139,0,99,99,815,775,238,0.170552147,0.127741935,0.584033613,post-decision through 2016,"Aggregate Shepard's lower-court response categories attached to one formally argued U.S. Supreme Court precedent, covering the 12 regular federal circuits, their district courts, and state courts through 2016; Federal Circuit excluded","Automated reduction of the authors' public precedent-level replication file. The source aggregates Shepard's categories and does not expose individual lower-court opinions, non-citing or ignored exposed cases, treatment dates, remedy fidelity, or practical implementation. Use as bounded doctrinal-uptake context only, not as a practical-compliance rate or denominator-matched lowerCourtCompliance validation target."
masood-kassow-songer-2019-precedent-treatment,526 U.S. 838,https://doi.org/10.7910/DVN/DZZY7G,10.7910/DVN/DZZY7G,10.1086/703067,526 U.S. 838,WILLIAM D. O'SULLIVAN v. DARREN BOERCKEL,1998,1999-06-07,1998-066-01,119 S. Ct. 1728,1999 U.S. LEXIS 4003,1,no,yes,yes,2,15121,1843,2,22,24,16964,15145,1867,0.108641830,0.001584681,0.987145153,post-decision through 2016,"Aggregate Shepard's lower-court response categories attached to one formally argued U.S. Supreme Court precedent, covering the 12 regular federal circuits, their district courts, and state courts through 2016; Federal Circuit excluded","Automated reduction of the authors' public precedent-level replication file. The source aggregates Shepard's categories and does not expose individual lower-court opinions, non-citing or ignored exposed cases, treatment dates, remedy fidelity, or practical implementation. Use as bounded doctrinal-uptake context only, not as a practical-compliance rate or denominator-matched lowerCourtCompliance validation target."
masood-kassow-songer-2019-precedent-treatment,526 U.S. 865,https://doi.org/10.7910/DVN/DZZY7G,10.7910/DVN/DZZY7G,10.1086/703067,526 U.S. 865,"AMOCO PRODUCTION COMPANY, ON BEHALF OF ITSELF AND THE CLASS IT REPRESENTS v. SOU",1998,1999-06-07,1998-067-01,119 S. Ct. 1719,1999 U.S. LEXIS 4002,8,no,no,yes,0,34,10,0,1,1,44,35,11,0.227272727,0.028571429,0.909090909,post-decision through 2016,"Aggregate Shepard's lower-court response categories attached to one formally argued U.S. Supreme Court precedent, covering the 12 regular federal circuits, their district courts, and state courts through 2016; Federal Circuit excluded","Automated reduction of the authors' public precedent-level replication file. The source aggregates Shepard's categories and does not expose individual lower-court opinions, non-citing or ignored exposed cases, treatment dates, remedy fidelity, or practical implementation. Use as bounded doctrinal-uptake context only, not as a practical-compliance rate or denominator-matched lowerCourtCompliance validation target."
masood-kassow-songer-2019-precedent-treatment,527 U.S. 1,https://doi.org/10.7910/DVN/DZZY7G,10.7910/DVN/DZZY7G,10.1086/703067,527 U.S. 1,"ELLIS E. NEDER, JR. v. UNITED STATES",1998,1999-06-10,1998-068-01,119 S. Ct. 1827,1999 U.S. LEXIS 4007,1,no,yes,yes,0,3286,672,5,97,102,3958,3388,774,0.169782719,0.030106257,0.868217054,post-decision through 2016,"Aggregate Shepard's lower-court response categories attached to one formally argued U.S. Supreme Court precedent, covering the 12 regular federal circuits, their district courts, and state courts through 2016; Federal Circuit excluded","Automated reduction of the authors' public precedent-level replication file. The source aggregates Shepard's categories and does not expose individual lower-court opinions, non-citing or ignored exposed cases, treatment dates, remedy fidelity, or practical implementation. Use as bounded doctrinal-uptake context only, not as a practical-compliance rate or denominator-matched lowerCourtCompliance validation target."
masood-kassow-songer-2019-precedent-treatment,527 U.S. 116,https://doi.org/10.7910/DVN/DZZY7G,10.7910/DVN/DZZY7G,10.1086/703067,527 U.S. 116,BENJAMIN LEE LILLY v. VIRGINIA,1998,1999-06-10,1998-070-01,119 S. Ct. 1887,1999 U.S. LEXIS 4006,1,yes,yes,yes,5,1125,189,18,100,118,1314,1243,307,0.143835616,0.094931617,0.615635179,post-decision through 2016,"Aggregate Shepard's lower-court response categories attached to one formally argued U.S. Supreme Court precedent, covering the 12 regular federal circuits, their district courts, and state courts through 2016; Federal Circuit excluded","Automated reduction of the authors' public precedent-level replication file. The source aggregates Shepard's categories and does not expose individual lower-court opinions, non-citing or ignored exposed cases, treatment dates, remedy fidelity, or practical implementation. Use as bounded doctrinal-uptake context only, not as a practical-compliance rate or denominator-matched lowerCourtCompliance validation target."
masood-kassow-songer-2019-precedent-treatment,527 U.S. 150,https://doi.org/10.7910/DVN/DZZY7G,10.7910/DVN/DZZY7G,10.1086/703067,527 U.S. 150,"Q. TODD DICKINSON, ACTING COMMISSIONER OF PATENTS AND TRADEMARKS v. MARY E. ZURK",1998,1999-06-10,1998-071-01,119 S. Ct. 1816,1999 U.S. LEXIS 4004,9,no,no,yes,0,159,12,0,3,3,171,162,15,0.070175439,0.018518519,0.800000000,post-decision through 2016,"Aggregate Shepard's lower-court response categories attached to one formally argued U.S. Supreme Court precedent, covering the 12 regular federal circuits, their district courts, and state courts through 2016; Federal Circuit excluded","Automated reduction of the authors' public precedent-level replication file. The source aggregates Shepard's categories and does not expose individual lower-court opinions, non-citing or ignored exposed cases, treatment dates, remedy fidelity, or practical implementation. Use as bounded doctrinal-uptake context only, not as a practical-compliance rate or denominator-matched lowerCourtCompliance validation target."
masood-kassow-songer-2019-precedent-treatment,527 U.S. 41,https://doi.org/10.7910/DVN/DZZY7G,10.7910/DVN/DZZY7G,10.1086/703067,527 U.S. 41,CITY OF CHICAGO v. JESUS MORALES et al.,1998,1999-06-10,1998-069-01,119 S. Ct. 1849,1999 U.S. LEXIS 4005,4,yes,no,yes,0,825,156,3,74,77,981,902,233,0.159021407,0.085365854,0.669527897,post-decision through 2016,"Aggregate Shepard's lower-court response categories attached to one formally argued U.S. Supreme Court precedent, covering the 12 regular federal circuits, their district courts, and state courts through 2016; Federal Circuit excluded","Automated reduction of the authors' public precedent-level replication file. The source aggregates Shepard's categories and does not expose individual lower-court opinions, non-citing or ignored exposed cases, treatment dates, remedy fidelity, or practical implementation. Use as bounded doctrinal-uptake context only, not as a practical-compliance rate or denominator-matched lowerCourtCompliance validation target."
masood-kassow-songer-2019-precedent-treatment,527 U.S. 173,https://doi.org/10.7910/DVN/DZZY7G,10.7910/DVN/DZZY7G,10.1086/703067,527 U.S. 173,"GREATER NEW ORLEANS BROADCASTING ASSOCIATION, INC., ETC., et al. v. UNITED STATE",1998,1999-06-14,1998-072-01,119 S. Ct. 1923,1999 U.S. LEXIS 4010,3,yes,no,yes,0,164,37,0,17,17,201,181,54,0.184079602,0.093922652,0.685185185,post-decision through 2016,"Aggregate Shepard's lower-court response categories attached to one formally argued U.S. Supreme Court precedent, covering the 12 regular federal circuits, their district courts, and state courts through 2016; Federal Circuit excluded","Automated reduction of the authors' public precedent-level replication file. The source aggregates Shepard's categories and does not expose individual lower-court opinions, non-citing or ignored exposed cases, treatment dates, remedy fidelity, or practical implementation. Use as bounded doctrinal-uptake context only, not as a practical-compliance rate or denominator-matched lowerCourtCompliance validation target."
masood-kassow-songer-2019-precedent-treatment,527 U.S. 198,https://doi.org/10.7910/DVN/DZZY7G,10.7910/DVN/DZZY7G,10.1086/703067,527 U.S. 198,"TERESA L. CUNNINGHAM v. HAMILTON COUNTY, OHIO",1998,1999-06-14,1998-073-01,119 S. Ct. 1915,1999 U.S. LEXIS 4009,9,no,no,yes,0,260,46,0,13,13,306,273,59,0.150326797,0.047619048,0.779661017,post-decision through 2016,"Aggregate Shepard's lower-court response categories attached to one formally argued U.S. Supreme Court precedent, covering the 12 regular federal circuits, their district courts, and state courts through 2016; Federal Circuit excluded","Automated reduction of the authors' public precedent-level replication file. The source aggregates Shepard's categories and does not expose individual lower-court opinions, non-citing or ignored exposed cases, treatment dates, remedy fidelity, or practical implementation. Use as bounded doctrinal-uptake context only, not as a practical-compliance rate or denominator-matched lowerCourtCompliance validation target."
masood-kassow-songer-2019-precedent-treatment,527 U.S. 212,https://doi.org/10.7910/DVN/DZZY7G,10.7910/DVN/DZZY7G,10.1086/703067,527 U.S. 212,"TOGO D. WEST, JR., SECRETARY OF VETERANS AFFAIRS v. MICHAEL GIBSON",1998,1999-06-14,1998-074-01,119 S. Ct. 1906,1999 U.S. LEXIS 4008,2,no,no,yes,0,0,0,0,0,0,0,0,0,,,,post-decision through 2016,"Aggregate Shepard's lower-court response categories attached to one formally argued U.S. Supreme Court precedent, covering the 12 regular federal circuits, their district courts, and state courts through 2016; Federal Circuit excluded","Automated reduction of the authors' public precedent-level replication file. The source aggregates Shepard's categories and does not expose individual lower-court opinions, non-citing or ignored exposed cases, treatment dates, remedy fidelity, or practical implementation. Use as bounded doctrinal-uptake context only, not as a practical-compliance rate or denominator-matched lowerCourtCompliance validation target."
masood-kassow-songer-2019-precedent-treatment,527 U.S. 229,https://doi.org/10.7910/DVN/DZZY7G,10.7910/DVN/DZZY7G,10.1086/703067,527 U.S. 229,"NATIONAL AERONAUTICS AND SPACE ADMINISTRATION, ETC., et al. v. FEDERAL LABOR REL",1998,1999-06-17,1998-075-01,119 S. Ct. 1979,1999 U.S. LEXIS 4190,7,no,no,yes,0,19,4,0,2,2,23,21,6,0.173913043,0.095238095,0.666666667,post-decision through 2016,"Aggregate Shepard's lower-court response categories attached to one formally argued U.S. Supreme Court precedent, covering the 12 regular federal circuits, their district courts, and state courts through 2016; Federal Circuit excluded","Automated reduction of the authors' public precedent-level replication file. The source aggregates Shepard's categories and does not expose individual lower-court opinions, non-citing or ignored exposed cases, treatment dates, remedy fidelity, or practical implementation. Use as bounded doctrinal-uptake context only, not as a practical-compliance rate or denominator-matched lowerCourtCompliance validation target."
masood-kassow-songer-2019-precedent-treatment,527 U.S. 263,https://doi.org/10.7910/DVN/DZZY7G,10.7910/DVN/DZZY7G,10.1086/703067,527 U.S. 263,"TOMMY DAVID STRICKLER v. FRED W. GREENE, WARDEN",1998,1999-06-17,1998-076-01,119 S. Ct. 1936,1999 U.S. LEXIS 4191,1,no,yes,yes,0,3617,2094,0,53,53,5711,3670,2147,0.366660830,0.014441417,0.975314392,post-decision through 2016,"Aggregate Shepard's lower-court response categories attached to one formally argued U.S. Supreme Court precedent, covering the 12 regular federal circuits, their district courts, and state courts through 2016; Federal Circuit excluded","Automated reduction of the authors' public precedent-level replication file. The source aggregates Shepard's categories and does not expose individual lower-court opinions, non-citing or ignored exposed cases, treatment dates, remedy fidelity, or practical implementation. Use as bounded doctrinal-uptake context only, not as a practical-compliance rate or denominator-matched lowerCourtCompliance validation target."
masood-kassow-songer-2019-precedent-treatment,527 U.S. 308,https://doi.org/10.7910/DVN/DZZY7G,10.7910/DVN/DZZY7G,10.1086/703067,527 U.S. 308,"GRUPO MEXICANO DE DESARROLLO, S. A., et al. v. ALLIANCE BOND FUND, INC., et al.",1998,1999-06-17,1998-077-01,119 S. Ct. 1961,1999 U.S. LEXIS 4189,9,no,no,yes,0,340,105,1,88,89,445,429,194,0.235955056,0.207459207,0.541237113,post-decision through 2016,"Aggregate Shepard's lower-court response categories attached to one formally argued U.S. Supreme Court precedent, covering the 12 regular federal circuits, their district courts, and state courts through 2016; Federal Circuit excluded","Automated reduction of the authors' public precedent-level replication file. The source aggregates Shepard's categories and does not expose individual lower-court opinions, non-citing or ignored exposed cases, treatment dates, remedy fidelity, or practical implementation. Use as bounded doctrinal-uptake context only, not as a practical-compliance rate or denominator-matched lowerCourtCompliance validation target."
masood-kassow-songer-2019-precedent-treatment,527 U.S. 343,https://doi.org/10.7910/DVN/DZZY7G,10.7910/DVN/DZZY7G,10.1086/703067,527 U.S. 343,"BILL MARTIN, DIRECTOR, MICHIGAN DEPARTMENT OF CORRECTIONS, et al. v. EVERETT HAD",1998,1999-06-21,1998-078-01,119 S. Ct. 1998,1999 U.S. LEXIS 4204,6,no,no,yes,1,215,42,0,11,11,257,226,53,0.163424125,0.048672566,0.792452830,post-decision through 2016,"Aggregate Shepard's lower-court response categories attached to one formally argued U.S. Supreme Court precedent, covering the 12 regular federal circuits, their district courts, and state courts through 2016; Federal Circuit excluded","Automated reduction of the authors' public precedent-level replication file. The source aggregates Shepard's categories and does not expose individual lower-court opinions, non-citing or ignored exposed cases, treatment dates, remedy fidelity, or practical implementation. Use as bounded doctrinal-uptake context only, not as a practical-compliance rate or denominator-matched lowerCourtCompliance validation target."
masood-kassow-songer-2019-precedent-treatment,527 U.S. 373,https://doi.org/10.7910/DVN/DZZY7G,10.7910/DVN/DZZY7G,10.1086/703067,527 U.S. 373,LOUIS JONES v. UNITED STATES,1998,1999-06-21,1998-079-01,119 S. Ct. 2090,1999 U.S. LEXIS 4201,1,yes,yes,yes,0,650,141,1,7,8,791,658,149,0.178255373,0.012158055,0.946308725,post-decision through 2016,"Aggregate Shepard's lower-court response categories attached to one formally argued U.S. Supreme Court precedent, covering the 12 regular federal circuits, their district courts, and state courts through 2016; Federal Circuit excluded","Automated reduction of the authors' public precedent-level replication file. The source aggregates Shepard's categories and does not expose individual lower-court opinions, non-citing or ignored exposed cases, treatment dates, remedy fidelity, or practical implementation. Use as bounded doctrinal-uptake context only, not as a practical-compliance rate or denominator-matched lowerCourtCompliance validation target."
masood-kassow-songer-2019-precedent-treatment,527 U.S. 423,https://doi.org/10.7910/DVN/DZZY7G,10.7910/DVN/DZZY7G,10.1086/703067,527 U.S. 423,"JEFFERSON COUNTY, ALABAMA v. WILLIAM M. ACKER, JR., SENIOR JUDGE, UNITED STATES ",1998,1999-06-21,1998-080-01,119 S. Ct. 2069,1999 U.S. LEXIS 4202,10,no,no,yes,0,332,113,1,12,13,445,345,126,0.253932584,0.037681159,0.896825397,post-decision through 2016,"Aggregate Shepard's lower-court response categories attached to one formally argued U.S. Supreme Court precedent, covering the 12 regular federal circuits, their district courts, and state courts through 2016; Federal Circuit excluded","Automated reduction of the authors' public precedent-level replication file. The source aggregates Shepard's categories and does not expose individual lower-court opinions, non-citing or ignored exposed cases, treatment dates, remedy fidelity, or practical implementation. Use as bounded doctrinal-uptake context only, not as a practical-compliance rate or denominator-matched lowerCourtCompliance validation target."
masood-kassow-songer-2019-precedent-treatment,527 U.S. 465,https://doi.org/10.7910/DVN/DZZY7G,10.7910/DVN/DZZY7G,10.1086/703067,527 U.S. 465,MARYLAND v. KEVIN DARNELL DYSON,1998,1999-06-21,1998-081-01,119 S. Ct. 2013,1999 U.S. LEXIS 4200,1,no,yes,yes,0,680,101,1,5,6,781,686,107,0.129321383,0.008746356,0.943925234,post-decision through 2016,"Aggregate Shepard's lower-court response categories attached to one formally argued U.S. Supreme Court precedent, covering the 12 regular federal circuits, their district courts, and state courts through 2016; Federal Circuit excluded","Automated reduction of the authors' public precedent-level replication file. The source aggregates Shepard's categories and does not expose individual lower-court opinions, non-citing or ignored exposed cases, treatment dates, remedy fidelity, or practical implementation. Use as bounded doctrinal-uptake context only, not as a practical-compliance rate or denominator-matched lowerCourtCompliance validation target."
masood-kassow-songer-2019-precedent-treatment,527 U.S. 469,https://doi.org/10.7910/DVN/DZZY7G,10.7910/DVN/DZZY7G,10.1086/703067,527 U.S. 469,MARY KOEGEL FERTEL-RUST v. MILWAUKEE COUNTY MENTAL HEALTH CENTER et al.,1998,1999-06-21,1998-082-01,119 S. Ct. 1997,1999 U.S. LEXIS 4203,2,no,no,yes,0,1,0,0,0,0,1,1,0,0.000000000,0.000000000,,post-decision through 2016,"Aggregate Shepard's lower-court response categories attached to one formally argued U.S. Supreme Court precedent, covering the 12 regular federal circuits, their district courts, and state courts through 2016; Federal Circuit excluded","Automated reduction of the authors' public precedent-level replication file. The source aggregates Shepard's categories and does not expose individual lower-court opinions, non-citing or ignored exposed cases, treatment dates, remedy fidelity, or practical implementation. Use as bounded doctrinal-uptake context only, not as a practical-compliance rate or denominator-matched lowerCourtCompliance validation target."
masood-kassow-songer-2019-precedent-treatment,527 U.S. 471,https://doi.org/10.7910/DVN/DZZY7G,10.7910/DVN/DZZY7G,10.1086/703067,527 U.S. 471,"KAREN SUTTON AND KIMBERLY HINTON v. UNITED AIR LINES, INC.",1998,1999-06-22,1998-083-01,119 S. Ct. 2139,1999 U.S. LEXIS 4371,2,no,no,yes,2,2270,976,180,46,226,3246,2496,1202,0.300677757,0.090544872,0.811980033,post-decision through 2016,"Aggregate Shepard's lower-court response categories attached to one formally argued U.S. Supreme Court precedent, covering the 12 regular federal circuits, their district courts, and state courts through 2016; Federal Circuit excluded","Automated reduction of the authors' public precedent-level replication file. The source aggregates Shepard's categories and does not expose individual lower-court opinions, non-citing or ignored exposed cases, treatment dates, remedy fidelity, or practical implementation. Use as bounded doctrinal-uptake context only, not as a practical-compliance rate or denominator-matched lowerCourtCompliance validation target."
masood-kassow-songer-2019-precedent-treatment,527 U.S. 516,https://doi.org/10.7910/DVN/DZZY7G,10.7910/DVN/DZZY7G,10.1086/703067,527 U.S. 516,VAUGHN L. MURPHY v. UNITED PARCEL SERVICE,1998,1999-06-22,1998-084-01,119 S. Ct. 2133,1999 U.S. LEXIS 4370,2,no,no,yes,0,444,128,1,13,14,572,458,142,0.223776224,0.030567686,0.901408451,post-decision through 2016,"Aggregate Shepard's lower-court response categories attached to one formally argued U.S. Supreme Court precedent, covering the 12 regular federal circuits, their district courts, and state courts through 2016; Federal Circuit excluded","Automated reduction of the authors' public precedent-level replication file. The source aggregates Shepard's categories and does not expose individual lower-court opinions, non-citing or ignored exposed cases, treatment dates, remedy fidelity, or practical implementation. Use as bounded doctrinal-uptake context only, not as a practical-compliance rate or denominator-matched lowerCourtCompliance validation target."
masood-kassow-songer-2019-precedent-treatment,527 U.S. 526,https://doi.org/10.7910/DVN/DZZY7G,10.7910/DVN/DZZY7G,10.1086/703067,527 U.S. 526,CAROLE KOLSTAD v. AMERICAN DENTAL ASSOCIATION,1998,1999-06-22,1998-085-01,119 S. Ct. 2118,1999 U.S. LEXIS 4372,2,no,no,yes,1,864,343,1,26,27,1207,891,370,0.284175642,0.030303030,0.927027027,post-decision through 2016,"Aggregate Shepard's lower-court response categories attached to one formally argued U.S. Supreme Court precedent, covering the 12 regular federal circuits, their district courts, and state courts through 2016; Federal Circuit excluded","Automated reduction of the authors' public precedent-level replication file. The source aggregates Shepard's categories and does not expose individual lower-court opinions, non-citing or ignored exposed cases, treatment dates, remedy fidelity, or practical implementation. Use as bounded doctrinal-uptake context only, not as a practical-compliance rate or denominator-matched lowerCourtCompliance validation target."
masood-kassow-songer-2019-precedent-treatment,527 U.S. 555,https://doi.org/10.7910/DVN/DZZY7G,10.7910/DVN/DZZY7G,10.1086/703067,527 U.S. 555,"ALBERTSON'S, INC. v. HALLIE KIRKINGBURG",1998,1999-06-22,1998-087-01,119 S. Ct. 2162,1999 U.S. LEXIS 4369,2,no,no,yes,1,623,108,2,12,14,731,637,122,0.147742818,0.021978022,0.885245902,post-decision through 2016,"Aggregate Shepard's lower-court response categories attached to one formally argued U.S. Supreme Court precedent, covering the 12 regular federal circuits, their district courts, and state courts through 2016; Federal Circuit excluded","Automated reduction of the authors' public precedent-level replication file. The source aggregates Shepard's categories and does not expose individual lower-court opinions, non-citing or ignored exposed cases, treatment dates, remedy fidelity, or practical implementation. Use as bounded doctrinal-uptake context only, not as a practical-compliance rate or denominator-matched lowerCourtCompliance validation target."
masood-kassow-songer-2019-precedent-treatment,527 U.S. 581,https://doi.org/10.7910/DVN/DZZY7G,10.7910/DVN/DZZY7G,10.1086/703067,527 U.S. 581,"TOMMY OLMSTEAD, COMMISSIONER, GEORGIA DEPARTMENT OF HUMAN RESOURCES, et al. v. L",1998,1999-06-22,1998-088-01,119 S. Ct. 2176,1999 U.S. LEXIS 4368,2,no,no,yes,0,485,154,0,42,42,639,527,196,0.241001565,0.079696395,0.785714286,post-decision through 2016,"Aggregate Shepard's lower-court response categories attached to one formally argued U.S. Supreme Court precedent, covering the 12 regular federal circuits, their district courts, and state courts through 2016; Federal Circuit excluded","Automated reduction of the authors' public precedent-level replication file. The source aggregates Shepard's categories and does not expose individual lower-court opinions, non-citing or ignored exposed cases, treatment dates, remedy fidelity, or practical implementation. Use as bounded doctrinal-uptake context only, not as a practical-compliance rate or denominator-matched lowerCourtCompliance validation target."
masood-kassow-songer-2019-precedent-treatment,527 U.S. 627,https://doi.org/10.7910/DVN/DZZY7G,10.7910/DVN/DZZY7G,10.1086/703067,527 U.S. 627,FLORIDA PREPAID POSTSECONDARY EDUCATION EXPENSE BOARD v. COLLEGE SAVINGS BANK AN,1998,1999-06-23,1998-089-01,119 S. Ct. 2199,1999 U.S. LEXIS 4376,10,no,no,yes,0,355,63,0,23,23,418,378,86,0.150717703,0.060846561,0.732558140,post-decision through 2016,"Aggregate Shepard's lower-court response categories attached to one formally argued U.S. Supreme Court precedent, covering the 12 regular federal circuits, their district courts, and state courts through 2016; Federal Circuit excluded","Automated reduction of the authors' public precedent-level replication file. The source aggregates Shepard's categories and does not expose individual lower-court opinions, non-citing or ignored exposed cases, treatment dates, remedy fidelity, or practical implementation. Use as bounded doctrinal-uptake context only, not as a practical-compliance rate or denominator-matched lowerCourtCompliance validation target."
masood-kassow-songer-2019-precedent-treatment,527 U.S. 666,https://doi.org/10.7910/DVN/DZZY7G,10.7910/DVN/DZZY7G,10.1086/703067,527 U.S. 666,COLLEGE SAVINGS BANK v. FLORIDA PREPAID POSTSECONDARY EDUCATION EXPENSE BOARD et,1998,1999-06-23,1998-090-01,119 S. Ct. 2219,1999 U.S. LEXIS 4375,10,no,no,yes,1,1003,192,1,24,25,1195,1028,217,0.160669456,0.024319066,0.884792627,post-decision through 2016,"Aggregate Shepard's lower-court response categories attached to one formally argued U.S. Supreme Court precedent, covering the 12 regular federal circuits, their district courts, and state courts through 2016; Federal Circuit excluded","Automated reduction of the authors' public precedent-level replication file. The source aggregates Shepard's categories and does not expose individual lower-court opinions, non-citing or ignored exposed cases, treatment dates, remedy fidelity, or practical implementation. Use as bounded doctrinal-uptake context only, not as a practical-compliance rate or denominator-matched lowerCourtCompliance validation target."
masood-kassow-songer-2019-precedent-treatment,527 U.S. 706,https://doi.org/10.7910/DVN/DZZY7G,10.7910/DVN/DZZY7G,10.1086/703067,527 U.S. 706,"JOHN H. ALDEN, et al. v. MAINE",1998,1999-06-23,1998-091-01,119 S. Ct. 2240,1999 U.S. LEXIS 4374,10,yes,no,yes,3,1565,141,2,35,37,1706,1602,178,0.082649472,0.023096130,0.792134831,post-decision through 2016,"Aggregate Shepard's lower-court response categories attached to one formally argued U.S. Supreme Court precedent, covering the 12 regular federal circuits, their district courts, and state courts through 2016; Federal Circuit excluded","Automated reduction of the authors' public precedent-level replication file. The source aggregates Shepard's categories and does not expose individual lower-court opinions, non-citing or ignored exposed cases, treatment dates, remedy fidelity, or practical implementation. Use as bounded doctrinal-uptake context only, not as a practical-compliance rate or denominator-matched lowerCourtCompliance validation target."
masood-kassow-songer-2019-precedent-treatment,527 U.S. 815,https://doi.org/10.7910/DVN/DZZY7G,10.7910/DVN/DZZY7G,10.1086/703067,527 U.S. 815,"ESTEBAN ORTIZ, et al. v. FIBREBOARD CORPORATION, et al.",1998,1999-06-23,1998-092-01,119 S. Ct. 2295,1999 U.S. LEXIS 4373,9,no,no,yes,1,533,95,0,95,95,628,628,190,0.151273885,0.151273885,0.500000000,post-decision through 2016,"Aggregate Shepard's lower-court response categories attached to one formally argued U.S. Supreme Court precedent, covering the 12 regular federal circuits, their district courts, and state courts through 2016; Federal Circuit excluded","Automated reduction of the authors' public precedent-level replication file. The source aggregates Shepard's categories and does not expose individual lower-court opinions, non-citing or ignored exposed cases, treatment dates, remedy fidelity, or practical implementation. Use as bounded doctrinal-uptake context only, not as a practical-compliance rate or denominator-matched lowerCourtCompliance validation target."
masood-kassow-songer-2019-precedent-treatment,527 U.S. 885,https://doi.org/10.7910/DVN/DZZY7G,10.7910/DVN/DZZY7G,10.1086/703067,527 U.S. 885,RONALD DWAYNE WHITFIELD v. TEXAS; RONALD DWAYNE WHITFIELD v. TEXAS; RONALD DWAYN,1998,1999-06-24,1998-093-01,119 S. Ct. 2333,1999 U.S. LEXIS 4559,2,no,no,yes,0,2,0,0,0,0,2,2,0,0.000000000,0.000000000,,post-decision through 2016,"Aggregate Shepard's lower-court response categories attached to one formally argued U.S. Supreme Court precedent, covering the 12 regular federal circuits, their district courts, and state courts through 2016; Federal Circuit excluded","Automated reduction of the authors' public precedent-level replication file. The source aggregates Shepard's categories and does not expose individual lower-court opinions, non-citing or ignored exposed cases, treatment dates, remedy fidelity, or practical implementation. Use as bounded doctrinal-uptake context only, not as a practical-compliance rate or denominator-matched lowerCourtCompliance validation target."
masood-kassow-songer-2019-precedent-treatment,528 U.S. 1,https://doi.org/10.7910/DVN/DZZY7G,10.7910/DVN/DZZY7G,10.1086/703067,528 U.S. 1,DONALD H. BRANCATO v. PRISCILLA F. GUNN et al.,1999,1999-10-12,1999-002-01,120 S. Ct. 5,1999 U.S. LEXIS 6584,2,no,no,yes,0,0,0,0,0,0,0,0,0,,,,post-decision through 2016,"Aggregate Shepard's lower-court response categories attached to one formally argued U.S. Supreme Court precedent, covering the 12 regular federal circuits, their district courts, and state courts through 2016; Federal Circuit excluded","Automated reduction of the authors' public precedent-level replication file. The source aggregates Shepard's categories and does not expose individual lower-court opinions, non-citing or ignored exposed cases, treatment dates, remedy fidelity, or practical implementation. Use as bounded doctrinal-uptake context only, not as a practical-compliance rate or denominator-matched lowerCourtCompliance validation target."
masood-kassow-songer-2019-precedent-treatment,528 U.S. 3,https://doi.org/10.7910/DVN/DZZY7G,10.7910/DVN/DZZY7G,10.1086/703067,528 U.S. 3,MICHAEL C. ANTONELLI v. DALE CARIDINE et al.,1999,1999-10-12,1999-003-01,120 S. Ct. 4,1999 U.S. LEXIS 6585,2,no,no,yes,0,1,0,0,0,0,1,1,0,0.000000000,0.000000000,,post-decision through 2016,"Aggregate Shepard's lower-court response categories attached to one formally argued U.S. Supreme Court precedent, covering the 12 regular federal circuits, their district courts, and state courts through 2016; Federal Circuit excluded","Automated reduction of the authors' public precedent-level replication file. The source aggregates Shepard's categories and does not expose individual lower-court opinions, non-citing or ignored exposed cases, treatment dates, remedy fidelity, or practical implementation. Use as bounded doctrinal-uptake context only, not as a practical-compliance rate or denominator-matched lowerCourtCompliance validation target."
masood-kassow-songer-2019-precedent-treatment,528 U.S. 5,https://doi.org/10.7910/DVN/DZZY7G,10.7910/DVN/DZZY7G,10.1086/703067,528 U.S. 5,KEITH RUSSELL JUDD v. UNITED STATES DISTRICT COURT FOR THE WESTERN DISTRICT OF T,1999,1999-10-12,1999-004-01,120 S. Ct. 1,1999 U.S. LEXIS 6586,2,no,no,yes,0,37,1,0,0,0,38,37,1,0.026315789,0.000000000,1.000000000,post-decision through 2016,"Aggregate Shepard's lower-court response categories attached to one formally argued U.S. Supreme Court precedent, covering the 12 regular federal circuits, their district courts, and state courts through 2016; Federal Circuit excluded","Automated reduction of the authors' public precedent-level replication file. The source aggregates Shepard's categories and does not expose individual lower-court opinions, non-citing or ignored exposed cases, treatment dates, remedy fidelity, or practical implementation. Use as bounded doctrinal-uptake context only, not as a practical-compliance rate or denominator-matched lowerCourtCompliance validation target."
masood-kassow-songer-2019-precedent-treatment,528 U.S. 9,https://doi.org/10.7910/DVN/DZZY7G,10.7910/DVN/DZZY7G,10.1086/703067,528 U.S. 9,ROBERT E. PRUNTY v. W. BROOKS et al.,1999,1999-10-12,1999-005-01,120 S. Ct. 3,1999 U.S. LEXIS 6589,2,no,no,yes,0,0,0,0,0,0,0,0,0,,,,post-decision through 2016,"Aggregate Shepard's lower-court response categories attached to one formally argued U.S. Supreme Court precedent, covering the 12 regular federal circuits, their district courts, and state courts through 2016; Federal Circuit excluded","Automated reduction of the authors' public precedent-level replication file. The source aggregates Shepard's categories and does not expose individual lower-court opinions, non-citing or ignored exposed cases, treatment dates, remedy fidelity, or practical implementation. Use as bounded doctrinal-uptake context only, not as a practical-compliance rate or denominator-matched lowerCourtCompliance validation target."
masood-kassow-songer-2019-precedent-treatment,528 U.S. 11,https://doi.org/10.7910/DVN/DZZY7G,10.7910/DVN/DZZY7G,10.1086/703067,528 U.S. 11,JAMES MICHAEL FLIPPO v. WEST VIRGINIA,1999,1999-10-18,1999-007-01,120 S. Ct. 7,1999 U.S. LEXIS 6924,1,no,yes,yes,0,119,9,1,7,8,128,127,17,0.070312500,0.062992126,0.529411765,post-decision through 2016,"Aggregate Shepard's lower-court response categories attached to one formally argued U.S. Supreme Court precedent, covering the 12 regular federal circuits, their district courts, and state courts through 2016; Federal Circuit excluded","Automated reduction of the authors' public precedent-level replication file. The source aggregates Shepard's categories and does not expose individual lower-court opinions, non-citing or ignored exposed cases, treatment dates, remedy fidelity, or practical implementation. Use as bounded doctrinal-uptake context only, not as a practical-compliance rate or denominator-matched lowerCourtCompliance validation target."
masood-kassow-songer-2019-precedent-treatment,528 U.S. 16,https://doi.org/10.7910/DVN/DZZY7G,10.7910/DVN/DZZY7G,10.1086/703067,528 U.S. 16,In re FREDERICK W. BAUER,1999,1999-10-18,1999-008-01,120 S. Ct. 6,1999 U.S. LEXIS 6910,2,no,no,yes,0,5,0,0,0,0,5,5,0,0.000000000,0.000000000,,post-decision through 2016,"Aggregate Shepard's lower-court response categories attached to one formally argued U.S. Supreme Court precedent, covering the 12 regular federal circuits, their district courts, and state courts through 2016; Federal Circuit excluded","Automated reduction of the authors' public precedent-level replication file. The source aggregates Shepard's categories and does not expose individual lower-court opinions, non-citing or ignored exposed cases, treatment dates, remedy fidelity, or practical implementation. Use as bounded doctrinal-uptake context only, not as a practical-compliance rate or denominator-matched lowerCourtCompliance validation target."
masood-kassow-songer-2019-precedent-treatment,528 U.S. 18,https://doi.org/10.7910/DVN/DZZY7G,10.7910/DVN/DZZY7G,10.1086/703067,528 U.S. 18,"TEXAS, et al. v. FRANCOIS DANIEL LESAGE AND UNITED STATES",1999,1999-11-29,1999-009-01,120 S. Ct. 467,1999 U.S. LEXIS 8014,2,no,no,yes,0,67,22,1,2,3,89,70,25,0.247191011,0.042857143,0.880000000,post-decision through 2016,"Aggregate Shepard's lower-court response categories attached to one formally argued U.S. Supreme Court precedent, covering the 12 regular federal circuits, their district courts, and state courts through 2016; Federal Circuit excluded","Automated reduction of the authors' public precedent-level replication file. The source aggregates Shepard's categories and does not expose individual lower-court opinions, non-citing or ignored exposed cases, treatment dates, remedy fidelity, or practical implementation. Use as bounded doctrinal-uptake context only, not as a practical-compliance rate or denominator-matched lowerCourtCompliance validation target."
masood-kassow-songer-2019-precedent-treatment,528 U.S. 23,https://doi.org/10.7910/DVN/DZZY7G,10.7910/DVN/DZZY7G,10.1086/703067,528 U.S. 23,"WILLIAM FIORE v. GREGORY WHITE, WARDEN, et al.",1999,1999-11-30,1999-010-01,120 S. Ct. 469,1999 U.S. LEXIS 8016,9,no,no,yes,1,17,4,0,3,3,21,20,7,0.190476190,0.150000000,0.571428571,post-decision through 2016,"Aggregate Shepard's lower-court response categories attached to one formally argued U.S. Supreme Court precedent, covering the 12 regular federal circuits, their district courts, and state courts through 2016; Federal Circuit excluded","Automated reduction of the authors' public precedent-level replication file. The source aggregates Shepard's categories and does not expose individual lower-court opinions, non-citing or ignored exposed cases, treatment dates, remedy fidelity, or practical implementation. Use as bounded doctrinal-uptake context only, not as a practical-compliance rate or denominator-matched lowerCourtCompliance validation target."
masood-kassow-songer-2019-precedent-treatment,528 U.S. 32,https://doi.org/10.7910/DVN/DZZY7G,10.7910/DVN/DZZY7G,10.1086/703067,528 U.S. 32,LOS ANGELES POLICE DEPARTMENT v. UNITED REPORTING PUBLISHING CORPORATION,1999,1999-12-07,1999-011-01,120 S. Ct. 483,1999 U.S. LEXIS 8239,3,yes,no,yes,1,133,20,0,7,7,153,140,27,0.130718954,0.050000000,0.740740741,post-decision through 2016,"Aggregate Shepard's lower-court response categories attached to one formally argued U.S. Supreme Court precedent, covering the 12 regular federal circuits, their district courts, and state courts through 2016; Federal Circuit excluded","Automated reduction of the authors' public precedent-level replication file. The source aggregates Shepard's categories and does not expose individual lower-court opinions, non-citing or ignored exposed cases, treatment dates, remedy fidelity, or practical implementation. Use as bounded doctrinal-uptake context only, not as a practical-compliance rate or denominator-matched lowerCourtCompliance validation target."
masood-kassow-songer-2019-precedent-treatment,528 U.S. 49,https://doi.org/10.7910/DVN/DZZY7G,10.7910/DVN/DZZY7G,10.1086/703067,528 U.S. 49,"ROHN F. DRYE, JR., et al. v. UNITED STATES",1999,1999-12-07,1999-012-01,120 S. Ct. 474,1999 U.S. LEXIS 8238,12,no,no,yes,0,225,42,1,14,15,267,240,57,0.157303371,0.062500000,0.736842105,post-decision through 2016,"Aggregate Shepard's lower-court response categories attached to one formally argued U.S. Supreme Court precedent, covering the 12 regular federal circuits, their district courts, and state courts through 2016; Federal Circuit excluded","Automated reduction of the authors' public precedent-level replication file. The source aggregates Shepard's categories and does not expose individual lower-court opinions, non-citing or ignored exposed cases, treatment dates, remedy fidelity, or practical implementation. Use as bounded doctrinal-uptake context only, not as a practical-compliance rate or denominator-matched lowerCourtCompliance validation target."
masood-kassow-songer-2019-precedent-treatment,528 U.S. 110,https://doi.org/10.7910/DVN/DZZY7G,10.7910/DVN/DZZY7G,10.1086/703067,528 U.S. 110,NEW YORK v. MICHAEL HILL,1999,2000-01-11,1999-016-01,120 S. Ct. 659,2000 U.S. LEXIS 497,1,no,yes,yes,0,475,70,0,12,12,545,487,82,0.128440367,0.024640657,0.853658537,post-decision through 2016,"Aggregate Shepard's lower-court response categories attached to one formally argued U.S. Supreme Court precedent, covering the 12 regular federal circuits, their district courts, and state courts through 2016; Federal Circuit excluded","Automated reduction of the authors' public precedent-level replication file. The source aggregates Shepard's categories and does not expose individual lower-court opinions, non-citing or ignored exposed cases, treatment dates, remedy fidelity, or practical implementation. Use as bounded doctrinal-uptake context only, not as a practical-compliance rate or denominator-matched lowerCourtCompliance validation target."
masood-kassow-songer-2019-precedent-treatment,528 U.S. 62,https://doi.org/10.7910/DVN/DZZY7G,10.7910/DVN/DZZY7G,10.1086/703067,528 U.S. 62,"J. DANIEL KIMEL, JR., et al. v. FLORIDA BOARD OF REGENTS, et al.",1999,2000-01-11,1999-013-01,120 S. Ct. 631,2000 U.S. LEXIS 498,10,no,no,yes,7,1626,306,1,50,51,1932,1677,357,0.158385093,0.030411449,0.857142857,post-decision through 2016,"Aggregate Shepard's lower-court response categories attached to one formally argued U.S. Supreme Court precedent, covering the 12 regular federal circuits, their district courts, and state courts through 2016; Federal Circuit excluded","Automated reduction of the authors' public precedent-level replication file. The source aggregates Shepard's categories and does not expose individual lower-court opinions, non-citing or ignored exposed cases, treatment dates, remedy fidelity, or practical implementation. Use as bounded doctrinal-uptake context only, not as a practical-compliance rate or denominator-matched lowerCourtCompliance validation target."
masood-kassow-songer-2019-precedent-treatment,528 U.S. 119,https://doi.org/10.7910/DVN/DZZY7G,10.7910/DVN/DZZY7G,10.1086/703067,528 U.S. 119,ILLINOIS v. WILLIAM AKA SAM WARDLOW,1999,2000-01-12,1999-017-01,120 S. Ct. 673,2000 U.S. LEXIS 504,1,yes,yes,yes,1,3156,680,0,119,119,3836,3275,799,0.177267987,0.036335878,0.851063830,post-decision through 2016,"Aggregate Shepard's lower-court response categories attached to one formally argued U.S. Supreme Court precedent, covering the 12 regular federal circuits, their district courts, and state courts through 2016; Federal Circuit excluded","Automated reduction of the authors' public precedent-level replication file. The source aggregates Shepard's categories and does not expose individual lower-court opinions, non-citing or ignored exposed cases, treatment dates, remedy fidelity, or practical implementation. Use as bounded doctrinal-uptake context only, not as a practical-compliance rate or denominator-matched lowerCourtCompliance validation target."
masood-kassow-songer-2019-precedent-treatment,528 U.S. 141,https://doi.org/10.7910/DVN/DZZY7G,10.7910/DVN/DZZY7G,10.1086/703067,528 U.S. 141,"JANET RENO, ATTORNEY GENERAL, et al. v. CHARLIE CONDON, ATTORNEY GENERAL OF SOUT",1999,2000-01-12,1999-018-01,120 S. Ct. 666,2000 U.S. LEXIS 503,10,no,no,yes,1,151,23,0,7,7,174,158,30,0.132183908,0.044303797,0.766666667,post-decision through 2016,"Aggregate Shepard's lower-court response categories attached to one formally argued U.S. Supreme Court precedent, covering the 12 regular federal circuits, their district courts, and state courts through 2016; Federal Circuit excluded","Automated reduction of the authors' public precedent-level replication file. The source aggregates Shepard's categories and does not expose individual lower-court opinions, non-citing or ignored exposed cases, treatment dates, remedy fidelity, or practical implementation. Use as bounded doctrinal-uptake context only, not as a practical-compliance rate or denominator-matched lowerCourtCompliance validation target."
masood-kassow-songer-2019-precedent-treatment,528 U.S. 152,https://doi.org/10.7910/DVN/DZZY7G,10.7910/DVN/DZZY7G,10.1086/703067,528 U.S. 152,"SALVADOR MARTINEZ v. COURT OF APPEAL OF CALIFORNIA, FOURTH APPELLATE DISTRICT",1999,2000-01-12,1999-019-01,120 S. Ct. 684,2000 U.S. LEXIS 502,1,yes,yes,yes,0,683,76,0,7,7,759,690,83,0.100131752,0.010144928,0.915662651,post-decision through 2016,"Aggregate Shepard's lower-court response categories attached to one formally argued U.S. Supreme Court precedent, covering the 12 regular federal circuits, their district courts, and state courts through 2016; Federal Circuit excluded","Automated reduction of the authors' public precedent-level replication file. The source aggregates Shepard's categories and does not expose individual lower-court opinions, non-citing or ignored exposed cases, treatment dates, remedy fidelity, or practical implementation. Use as bounded doctrinal-uptake context only, not as a practical-compliance rate or denominator-matched lowerCourtCompliance validation target."
masood-kassow-songer-2019-precedent-treatment,528 U.S. 167,https://doi.org/10.7910/DVN/DZZY7G,10.7910/DVN/DZZY7G,10.1086/703067,528 U.S. 167,"FRIENDS OF THE EARTH, INCORPORATED, et al. v. LAIDLAW ENVIRONMENTAL SERVICES (TO",1999,2000-01-12,1999-001-01,120 S. Ct. 693,2000 U.S. LEXIS 501,9,no,no,yes,1,2601,1501,2,91,93,4102,2694,1594,0.365919064,0.034521158,0.941656211,post-decision through 2016,"Aggregate Shepard's lower-court response categories attached to one formally argued U.S. Supreme Court precedent, covering the 12 regular federal circuits, their district courts, and state courts through 2016; Federal Circuit excluded","Automated reduction of the authors' public precedent-level replication file. The source aggregates Shepard's categories and does not expose individual lower-court opinions, non-citing or ignored exposed cases, treatment dates, remedy fidelity, or practical implementation. Use as bounded doctrinal-uptake context only, not as a practical-compliance rate or denominator-matched lowerCourtCompliance validation target."
masood-kassow-songer-2019-precedent-treatment,528 U.S. 216,https://doi.org/10.7910/DVN/DZZY7G,10.7910/DVN/DZZY7G,10.1086/703067,528 U.S. 216,"ADARAND CONSTRUCTORS, INC. v. RODNEY SLATER, SECRETARY OF TRANSPORTATION, et al.",1999,2000-01-12,1999-020-01,120 S. Ct. 722,2000 U.S. LEXIS 505,9,no,no,yes,0,103,16,0,2,2,119,105,18,0.134453782,0.019047619,0.888888889,post-decision through 2016,"Aggregate Shepard's lower-court response categories attached to one formally argued U.S. Supreme Court precedent, covering the 12 regular federal circuits, their district courts, and state courts through 2016; Federal Circuit excluded","Automated reduction of the authors' public precedent-level replication file. The source aggregates Shepard's categories and does not expose individual lower-court opinions, non-citing or ignored exposed cases, treatment dates, remedy fidelity, or practical implementation. Use as bounded doctrinal-uptake context only, not as a practical-compliance rate or denominator-matched lowerCourtCompliance validation target."
masood-kassow-songer-2019-precedent-treatment,528 U.S. 225,https://doi.org/10.7910/DVN/DZZY7G,10.7910/DVN/DZZY7G,10.1086/703067,528 U.S. 225,"LONNIE WEEKS, JR. v. RONALD J. ANGELONE, DIRECTOR, VIRGINIA DEPARTMENT OF CORREC",1999,2000-01-19,1999-021-01,120 S. Ct. 727,2000 U.S. LEXIS 824,1,yes,yes,yes,0,2146,144,0,6,6,2290,2152,150,0.062882096,0.002788104,0.960000000,post-decision through 2016,"Aggregate Shepard's lower-court response categories attached to one formally argued U.S. Supreme Court precedent, covering the 12 regular federal circuits, their district courts, and state courts through 2016; Federal Circuit excluded","Automated reduction of the authors' public precedent-level replication file. The source aggregates Shepard's categories and does not expose individual lower-court opinions, non-citing or ignored exposed cases, treatment dates, remedy fidelity, or practical implementation. Use as bounded doctrinal-uptake context only, not as a practical-compliance rate or denominator-matched lowerCourtCompliance validation target."
masood-kassow-songer-2019-precedent-treatment,528 U.S. 250,https://doi.org/10.7910/DVN/DZZY7G,10.7910/DVN/DZZY7G,10.1086/703067,528 U.S. 250,CARL T. C. GUTIERREZ AND MADELEINE Z. BORDALLO v. JOSEPH F. ADA AND FELIX P. CAM,1999,2000-01-19,1999-022-01,120 S. Ct. 740,2000 U.S. LEXIS 822,2,no,no,yes,0,53,2,0,1,1,55,54,3,0.036363636,0.018518519,0.666666667,post-decision through 2016,"Aggregate Shepard's lower-court response categories attached to one formally argued U.S. Supreme Court precedent, covering the 12 regular federal circuits, their district courts, and state courts through 2016; Federal Circuit excluded","Automated reduction of the authors' public precedent-level replication file. The source aggregates Shepard's categories and does not expose individual lower-court opinions, non-citing or ignored exposed cases, treatment dates, remedy fidelity, or practical implementation. Use as bounded doctrinal-uptake context only, not as a practical-compliance rate or denominator-matched lowerCourtCompliance validation target."
masood-kassow-songer-2019-precedent-treatment,528 U.S. 259,https://doi.org/10.7910/DVN/DZZY7G,10.7910/DVN/DZZY7G,10.1086/703067,528 U.S. 259,"GEORGE SMITH, WARDEN v. LEE ROBBINS",1999,2000-01-19,1999-023-01,120 S. Ct. 746,2000 U.S. LEXIS 825,2,yes,no,yes,2,7501,1250,2,18,20,8751,7521,1270,0.142840818,0.002659221,0.984251969,post-decision through 2016,"Aggregate Shepard's lower-court response categories attached to one formally argued U.S. Supreme Court precedent, covering the 12 regular federal circuits, their district courts, and state courts through 2016; Federal Circuit excluded","Automated reduction of the authors' public precedent-level replication file. The source aggregates Shepard's categories and does not expose individual lower-court opinions, non-citing or ignored exposed cases, treatment dates, remedy fidelity, or practical implementation. Use as bounded doctrinal-uptake context only, not as a practical-compliance rate or denominator-matched lowerCourtCompliance validation target."
masood-kassow-songer-2019-precedent-treatment,528 U.S. 304,https://doi.org/10.7910/DVN/DZZY7G,10.7910/DVN/DZZY7G,10.1086/703067,528 U.S. 304,UNITED STATES v. ABEL MARTINEZ-SALAZAR,1999,2000-01-19,1999-024-01,120 S. Ct. 774,2000 U.S. LEXIS 821,1,no,yes,yes,0,519,114,2,16,18,633,537,132,0.180094787,0.033519553,0.863636364,post-decision through 2016,"Aggregate Shepard's lower-court response categories attached to one formally argued U.S. Supreme Court precedent, covering the 12 regular federal circuits, their district courts, and state courts through 2016; Federal Circuit excluded","Automated reduction of the authors' public precedent-level replication file. The source aggregates Shepard's categories and does not expose individual lower-court opinions, non-citing or ignored exposed cases, treatment dates, remedy fidelity, or practical implementation. Use as bounded doctrinal-uptake context only, not as a practical-compliance rate or denominator-matched lowerCourtCompliance validation target."
masood-kassow-songer-2019-precedent-treatment,528 U.S. 320,https://doi.org/10.7910/DVN/DZZY7G,10.7910/DVN/DZZY7G,10.1086/703067,528 U.S. 320,"JANET RENO, ATTORNEY GENERAL v. BOSSIER PARISH SCHOOL BOARD",1999,2000-01-24,1999-025-02,120 S. Ct. 866,2000 U.S. LEXIS 993,2,no,no,yes,0,68,11,5,7,12,79,80,23,0.139240506,0.150000000,0.478260870,post-decision through 2016,"Aggregate Shepard's lower-court response categories attached to one formally argued U.S. Supreme Court precedent, covering the 12 regular federal circuits, their district courts, and state courts through 2016; Federal Circuit excluded","Automated reduction of the authors' public precedent-level replication file. The source aggregates Shepard's categories and does not expose individual lower-court opinions, non-citing or ignored exposed cases, treatment dates, remedy fidelity, or practical implementation. Use as bounded doctrinal-uptake context only, not as a practical-compliance rate or denominator-matched lowerCourtCompliance validation target."
masood-kassow-songer-2019-precedent-treatment,528 U.S. 377,https://doi.org/10.7910/DVN/DZZY7G,10.7910/DVN/DZZY7G,10.1086/703067,528 U.S. 377,"JEREMIAH W. (JAY) NIXON, ATTORNEY GENERAL OF MISSOURI, et al. v. SHRINK MISSOURI",1999,2000-01-24,1999-026-01,120 S. Ct. 897,2000 U.S. LEXIS 826,3,yes,no,yes,1,196,57,0,7,7,253,203,64,0.225296443,0.034482759,0.890625000,post-decision through 2016,"Aggregate Shepard's lower-court response categories attached to one formally argued U.S. Supreme Court precedent, covering the 12 regular federal circuits, their district courts, and state courts through 2016; Federal Circuit excluded","Automated reduction of the authors' public precedent-level replication file. The source aggregates Shepard's categories and does not expose individual lower-court opinions, non-citing or ignored exposed cases, treatment dates, remedy fidelity, or practical implementation. Use as bounded doctrinal-uptake context only, not as a practical-compliance rate or denominator-matched lowerCourtCompliance validation target."
masood-kassow-songer-2019-precedent-treatment,528 U.S. 431,https://doi.org/10.7910/DVN/DZZY7G,10.7910/DVN/DZZY7G,10.1086/703067,528 U.S. 431,DAVID H. BARAL v. UNITED STATES,1999,2000-02-22,1999-027-01,120 S. Ct. 1006,2000 U.S. LEXIS 1012,12,no,no,yes,0,28,11,0,2,2,39,30,13,0.282051282,0.066666667,0.846153846,post-decision through 2016,"Aggregate Shepard's lower-court response categories attached to one formally argued U.S. Supreme Court precedent, covering the 12 regular federal circuits, their district courts, and state courts through 2016; Federal Circuit excluded","Automated reduction of the authors' public precedent-level replication file. The source aggregates Shepard's categories and does not expose individual lower-court opinions, non-citing or ignored exposed cases, treatment dates, remedy fidelity, or practical implementation. Use as bounded doctrinal-uptake context only, not as a practical-compliance rate or denominator-matched lowerCourtCompliance validation target."
masood-kassow-songer-2019-precedent-treatment,528 U.S. 440,https://doi.org/10.7910/DVN/DZZY7G,10.7910/DVN/DZZY7G,10.1086/703067,528 U.S. 440,"CHAD WEISGRAM, et al. v. MARLEY COMPANY, et al.",1999,2000-02-22,1999-028-01,120 S. Ct. 1011,2000 U.S. LEXIS 1011,8,no,no,yes,0,260,22,1,7,8,282,268,30,0.078014184,0.029850746,0.733333333,post-decision through 2016,"Aggregate Shepard's lower-court response categories attached to one formally argued U.S. Supreme Court precedent, covering the 12 regular federal circuits, their district courts, and state courts through 2016; Federal Circuit excluded","Automated reduction of the authors' public precedent-level replication file. The source aggregates Shepard's categories and does not expose individual lower-court opinions, non-citing or ignored exposed cases, treatment dates, remedy fidelity, or practical implementation. Use as bounded doctrinal-uptake context only, not as a practical-compliance rate or denominator-matched lowerCourtCompliance validation target."
masood-kassow-songer-2019-precedent-treatment,528 U.S. 458,https://doi.org/10.7910/DVN/DZZY7G,10.7910/DVN/DZZY7G,10.1086/703067,528 U.S. 458,"HUNT-WESSON, INC. v. FRANCHISE TAX BOARD OF CALIFORNIA",1999,2000-02-22,1999-029-01,120 S. Ct. 1022,2000 U.S. LEXIS 1010,8,yes,no,yes,1,13,4,0,2,2,17,15,6,0.235294118,0.133333333,0.666666667,post-decision through 2016,"Aggregate Shepard's lower-court response categories attached to one formally argued U.S. Supreme Court precedent, covering the 12 regular federal circuits, their district courts, and state courts through 2016; Federal Circuit excluded","Automated reduction of the authors' public precedent-level replication file. The source aggregates Shepard's categories and does not expose individual lower-court opinions, non-citing or ignored exposed cases, treatment dates, remedy fidelity, or practical implementation. Use as bounded doctrinal-uptake context only, not as a practical-compliance rate or denominator-matched lowerCourtCompliance validation target."
masood-kassow-songer-2019-precedent-treatment,528 U.S. 470,https://doi.org/10.7910/DVN/DZZY7G,10.7910/DVN/DZZY7G,10.1086/703067,528 U.S. 470,"ERNEST C. ROE, WARDEN v. LUCIO FLORES-ORTEGA",1999,2000-02-23,1999-030-01,120 S. Ct. 1029,2000 U.S. LEXIS 1539,1,yes,yes,yes,5,3436,1578,4,192,196,5014,3632,1774,0.314718787,0.053964758,0.889515220,post-decision through 2016,"Aggregate Shepard's lower-court response categories attached to one formally argued U.S. Supreme Court precedent, covering the 12 regular federal circuits, their district courts, and state courts through 2016; Federal Circuit excluded","Automated reduction of the authors' public precedent-level replication file. The source aggregates Shepard's categories and does not expose individual lower-court opinions, non-citing or ignored exposed cases, treatment dates, remedy fidelity, or practical implementation. Use as bounded doctrinal-uptake context only, not as a practical-compliance rate or denominator-matched lowerCourtCompliance validation target."
masood-kassow-songer-2019-precedent-treatment,528 U.S. 495,https://doi.org/10.7910/DVN/DZZY7G,10.7910/DVN/DZZY7G,10.1086/703067,528 U.S. 495,"HAROLD F. RICE v. BENJAMIN J. CAYETANO, GOVERNOR OF HAWAII",1999,2000-02-23,1999-031-01,120 S. Ct. 1044,2000 U.S. LEXIS 1538,2,yes,no,yes,0,82,14,0,9,9,96,91,23,0.145833333,0.098901099,0.608695652,post-decision through 2016,"Aggregate Shepard's lower-court response categories attached to one formally argued U.S. Supreme Court precedent, covering the 12 regular federal circuits, their district courts, and state courts through 2016; Federal Circuit excluded","Automated reduction of the authors' public precedent-level replication file. The source aggregates Shepard's categories and does not expose individual lower-court opinions, non-citing or ignored exposed cases, treatment dates, remedy fidelity, or practical implementation. Use as bounded doctrinal-uptake context only, not as a practical-compliance rate or denominator-matched lowerCourtCompliance validation target."
masood-kassow-songer-2019-precedent-treatment,528 U.S. 549,https://doi.org/10.7910/DVN/DZZY7G,10.7910/DVN/DZZY7G,10.1086/703067,528 U.S. 549,"MARK ROTELLA v. ANGELA M. WOOD, et al.",1999,2000-02-23,1999-032-01,120 S. Ct. 1075,2000 U.S. LEXIS 1537,9,no,no,yes,0,595,94,0,10,10,689,605,104,0.136429608,0.016528926,0.903846154,post-decision through 2016,"Aggregate Shepard's lower-court response categories attached to one formally argued U.S. Supreme Court precedent, covering the 12 regular federal circuits, their district courts, and state courts through 2016; Federal Circuit excluded","Automated reduction of the authors' public precedent-level replication file. The source aggregates Shepard's categories and does not expose individual lower-court opinions, non-citing or ignored exposed cases, treatment dates, remedy fidelity, or practical implementation. Use as bounded doctrinal-uptake context only, not as a practical-compliance rate or denominator-matched lowerCourtCompliance validation target."
masood-kassow-songer-2019-precedent-treatment,528 U.S. 562,https://doi.org/10.7910/DVN/DZZY7G,10.7910/DVN/DZZY7G,10.1086/703067,528 U.S. 562,"VILLAGE OF WILLOWBROOK, et al. v. GRACE OLECH",1999,2000-02-23,1999-033-01,120 S. Ct. 1073,2000 U.S. LEXIS 1540,2,yes,no,yes,0,3112,1454,6,103,109,4566,3221,1563,0.318440648,0.033840422,0.930262316,post-decision through 2016,"Aggregate Shepard's lower-court response categories attached to one formally argued U.S. Supreme Court precedent, covering the 12 regular federal circuits, their district courts, and state courts through 2016; Federal Circuit excluded","Automated reduction of the authors' public precedent-level replication file. The source aggregates Shepard's categories and does not expose individual lower-court opinions, non-citing or ignored exposed cases, treatment dates, remedy fidelity, or practical implementation. Use as bounded doctrinal-uptake context only, not as a practical-compliance rate or denominator-matched lowerCourtCompliance validation target."
masood-kassow-songer-2019-precedent-treatment,529 U.S. 1,https://doi.org/10.7910/DVN/DZZY7G,10.7910/DVN/DZZY7G,10.1086/703067,529 U.S. 1,"DONNA E. SHALALA, SECRETARY OF HEALTH AND HUMAN SERVICES, et al. v. ILLINOIS COU",1999,2000-02-29,1999-034-01,120 S. Ct. 1084,2000 U.S. LEXIS 1734,9,no,no,yes,0,366,104,0,31,31,470,397,135,0.221276596,0.078085642,0.770370370,post-decision through 2016,"Aggregate Shepard's lower-court response categories attached to one formally argued U.S. Supreme Court precedent, covering the 12 regular federal circuits, their district courts, and state courts through 2016; Federal Circuit excluded","Automated reduction of the authors' public precedent-level replication file. The source aggregates Shepard's categories and does not expose individual lower-court opinions, non-citing or ignored exposed cases, treatment dates, remedy fidelity, or practical implementation. Use as bounded doctrinal-uptake context only, not as a practical-compliance rate or denominator-matched lowerCourtCompliance validation target."
masood-kassow-songer-2019-precedent-treatment,529 U.S. 53,https://doi.org/10.7910/DVN/DZZY7G,10.7910/DVN/DZZY7G,10.1086/703067,529 U.S. 53,UNITED STATES v. ROY LEE JOHNSON,1999,2000-03-01,1999-035-01,120 S. Ct. 1114,2000 U.S. LEXIS 1735,1,no,yes,yes,0,342,64,0,22,22,406,364,86,0.157635468,0.060439560,0.744186047,post-decision through 2016,"Aggregate Shepard's lower-court response categories attached to one formally argued U.S. Supreme Court precedent, covering the 12 regular federal circuits, their district courts, and state courts through 2016; Federal Circuit excluded","Automated reduction of the authors' public precedent-level replication file. The source aggregates Shepard's categories and does not expose individual lower-court opinions, non-citing or ignored exposed cases, treatment dates, remedy fidelity, or practical implementation. Use as bounded doctrinal-uptake context only, not as a practical-compliance rate or denominator-matched lowerCourtCompliance validation target."
masood-kassow-songer-2019-precedent-treatment,529 U.S. 61,https://doi.org/10.7910/DVN/DZZY7G,10.7910/DVN/DZZY7G,10.1086/703067,529 U.S. 61,"LEONARD PORTUONDO, SUPERINTENDENT, FISHKILL CORRECTIONAL FACILITY v. RAY AGARD",1999,2000-03-06,1999-036-01,120 S. Ct. 1119,2000 U.S. LEXIS 1739,1,yes,yes,yes,0,348,74,3,9,12,422,360,86,0.175355450,0.033333333,0.860465116,post-decision through 2016,"Aggregate Shepard's lower-court response categories attached to one formally argued U.S. Supreme Court precedent, covering the 12 regular federal circuits, their district courts, and state courts through 2016; Federal Circuit excluded","Automated reduction of the authors' public precedent-level replication file. The source aggregates Shepard's categories and does not expose individual lower-court opinions, non-citing or ignored exposed cases, treatment dates, remedy fidelity, or practical implementation. Use as bounded doctrinal-uptake context only, not as a practical-compliance rate or denominator-matched lowerCourtCompliance validation target."
masood-kassow-songer-2019-precedent-treatment,529 U.S. 89,https://doi.org/10.7910/DVN/DZZY7G,10.7910/DVN/DZZY7G,10.1086/703067,529 U.S. 89,"UNITED STATES v. GARY LOCKE, GOVERNOR OF WASHINGTON, et al.",1999,2000-03-06,1999-037-01,120 S. Ct. 1135,2000 U.S. LEXIS 1895,10,no,no,yes,0,299,40,1,24,25,339,324,65,0.117994100,0.077160494,0.615384615,post-decision through 2016,"Aggregate Shepard's lower-court response categories attached to one formally argued U.S. Supreme Court precedent, covering the 12 regular federal circuits, their district courts, and state courts through 2016; Federal Circuit excluded","Automated reduction of the authors' public precedent-level replication file. The source aggregates Shepard's categories and does not expose individual lower-court opinions, non-citing or ignored exposed cases, treatment dates, remedy fidelity, or practical implementation. Use as bounded doctrinal-uptake context only, not as a practical-compliance rate or denominator-matched lowerCourtCompliance validation target."
masood-kassow-songer-2019-precedent-treatment,529 U.S. 120,https://doi.org/10.7910/DVN/DZZY7G,10.7910/DVN/DZZY7G,10.1086/703067,529 U.S. 120,"FOOD AND DRUG ADMINISTRATION, et al. v. BROWN & WILLIAMSON TOBACCO CORPORATION, ",1999,2000-03-21,1999-038-01,120 S. Ct. 1291,2000 U.S. LEXIS 2195,8,no,no,yes,0,682,74,1,31,32,756,714,106,0.097883598,0.044817927,0.698113208,post-decision through 2016,"Aggregate Shepard's lower-court response categories attached to one formally argued U.S. Supreme Court precedent, covering the 12 regular federal circuits, their district courts, and state courts through 2016; Federal Circuit excluded","Automated reduction of the authors' public precedent-level replication file. The source aggregates Shepard's categories and does not expose individual lower-court opinions, non-citing or ignored exposed cases, treatment dates, remedy fidelity, or practical implementation. Use as bounded doctrinal-uptake context only, not as a practical-compliance rate or denominator-matched lowerCourtCompliance validation target."
masood-kassow-songer-2019-precedent-treatment,529 U.S. 193,https://doi.org/10.7910/DVN/DZZY7G,10.7910/DVN/DZZY7G,10.1086/703067,529 U.S. 193,"CORTEZ BYRD CHIPS, INC. v. BILL HARBERT CONSTRUCTION COMPANY, ETC.",1999,2000-03-21,1999-039-01,120 S. Ct. 1331,2000 U.S. LEXIS 2194,9,no,no,yes,0,161,26,0,6,6,187,167,32,0.139037433,0.035928144,0.812500000,post-decision through 2016,"Aggregate Shepard's lower-court response categories attached to one formally argued U.S. Supreme Court precedent, covering the 12 regular federal circuits, their district courts, and state courts through 2016; Federal Circuit excluded","Automated reduction of the authors' public precedent-level replication file. The source aggregates Shepard's categories and does not expose individual lower-court opinions, non-citing or ignored exposed cases, treatment dates, remedy fidelity, or practical implementation. Use as bounded doctrinal-uptake context only, not as a practical-compliance rate or denominator-matched lowerCourtCompliance validation target."
masood-kassow-songer-2019-precedent-treatment,529 U.S. 205,https://doi.org/10.7910/DVN/DZZY7G,10.7910/DVN/DZZY7G,10.1086/703067,529 U.S. 205,"WAL-MART STORES, INC. v. SAMARA BROTHERS, INC.",1999,2000-03-22,1999-040-01,120 S. Ct. 1339,2000 U.S. LEXIS 2197,8,no,no,yes,0,463,144,0,9,9,607,472,153,0.237232290,0.019067797,0.941176471,post-decision through 2016,"Aggregate Shepard's lower-court response categories attached to one formally argued U.S. Supreme Court precedent, covering the 12 regular federal circuits, their district courts, and state courts through 2016; Federal Circuit excluded","Automated reduction of the authors' public precedent-level replication file. The source aggregates Shepard's categories and does not expose individual lower-court opinions, non-citing or ignored exposed cases, treatment dates, remedy fidelity, or practical implementation. Use as bounded doctrinal-uptake context only, not as a practical-compliance rate or denominator-matched lowerCourtCompliance validation target."
masood-kassow-songer-2019-precedent-treatment,529 U.S. 217,https://doi.org/10.7910/DVN/DZZY7G,10.7910/DVN/DZZY7G,10.1086/703067,529 U.S. 217,BOARD OF REGENTS OF THE UNIVERSITY OF WISCONSIN SYSTEM v. SCOTT HAROLD SOUTHWORT,1999,2000-03-22,1999-041-01,120 S. Ct. 1346,2000 U.S. LEXIS 2196,3,yes,no,yes,0,131,14,0,16,16,145,147,30,0.096551724,0.108843537,0.466666667,post-decision through 2016,"Aggregate Shepard's lower-court response categories attached to one formally argued U.S. Supreme Court precedent, covering the 12 regular federal circuits, their district courts, and state courts through 2016; Federal Circuit excluded","Automated reduction of the authors' public precedent-level replication file. The source aggregates Shepard's categories and does not expose individual lower-court opinions, non-citing or ignored exposed cases, treatment dates, remedy fidelity, or practical implementation. Use as bounded doctrinal-uptake context only, not as a practical-compliance rate or denominator-matched lowerCourtCompliance validation target."
masood-kassow-songer-2019-precedent-treatment,529 U.S. 244,https://doi.org/10.7910/DVN/DZZY7G,10.7910/DVN/DZZY7G,10.1086/703067,529 U.S. 244,"J. WAYNE GARNER, FORMER CHAIRMAN OF THE STATE BOARD OF PARDONS AND PAROLES OF GE",1999,2000-03-28,1999-042-01,120 S. Ct. 1362,2000 U.S. LEXIS 2346,1,yes,yes,yes,0,791,373,4,44,48,1164,839,421,0.320446735,0.057210965,0.885985748,post-decision through 2016,"Aggregate Shepard's lower-court response categories attached to one formally argued U.S. Supreme Court precedent, covering the 12 regular federal circuits, their district courts, and state courts through 2016; Federal Circuit excluded","Automated reduction of the authors' public precedent-level replication file. The source aggregates Shepard's categories and does not expose individual lower-court opinions, non-citing or ignored exposed cases, treatment dates, remedy fidelity, or practical implementation. Use as bounded doctrinal-uptake context only, not as a practical-compliance rate or denominator-matched lowerCourtCompliance validation target."
masood-kassow-songer-2019-precedent-treatment,529 U.S. 266,https://doi.org/10.7910/DVN/DZZY7G,10.7910/DVN/DZZY7G,10.1086/703067,529 U.S. 266,FLORIDA v. J. L.,1999,2000-03-28,1999-043-01,120 S. Ct. 1375,2000 U.S. LEXIS 2345,1,yes,yes,yes,0,1374,320,1,410,411,1694,1785,731,0.188902007,0.230252101,0.437756498,post-decision through 2016,"Aggregate Shepard's lower-court response categories attached to one formally argued U.S. Supreme Court precedent, covering the 12 regular federal circuits, their district courts, and state courts through 2016; Federal Circuit excluded","Automated reduction of the authors' public precedent-level replication file. The source aggregates Shepard's categories and does not expose individual lower-court opinions, non-citing or ignored exposed cases, treatment dates, remedy fidelity, or practical implementation. Use as bounded doctrinal-uptake context only, not as a practical-compliance rate or denominator-matched lowerCourtCompliance validation target."
masood-kassow-songer-2019-precedent-treatment,529 U.S. 277,https://doi.org/10.7910/DVN/DZZY7G,10.7910/DVN/DZZY7G,10.1086/703067,529 U.S. 277,"CITY OF ERIE, et al. v. PAP'S A. M., TDBA 'KANDYLAND'",1999,2000-03-29,1999-044-01,120 S. Ct. 1382,2000 U.S. LEXIS 2347,9,yes,no,yes,0,66,138,1,53,54,204,120,192,0.676470588,0.450000000,0.718750000,post-decision through 2016,"Aggregate Shepard's lower-court response categories attached to one formally argued U.S. Supreme Court precedent, covering the 12 regular federal circuits, their district courts, and state courts through 2016; Federal Circuit excluded","Automated reduction of the authors' public precedent-level replication file. The source aggregates Shepard's categories and does not expose individual lower-court opinions, non-citing or ignored exposed cases, treatment dates, remedy fidelity, or practical implementation. Use as bounded doctrinal-uptake context only, not as a practical-compliance rate or denominator-matched lowerCourtCompliance validation target."
masood-kassow-songer-2019-precedent-treatment,529 U.S. 333,https://doi.org/10.7910/DVN/DZZY7G,10.7910/DVN/DZZY7G,10.1086/703067,529 U.S. 333,"ROBIN FREE, et al. v. ABBOTT LABORATORIES, INC., et al.",1999,2000-04-03,1999-045-01,120 S. Ct. 1578,2000 U.S. LEXIS 2378,,no,no,no,0,48,2,4,1,5,50,53,7,0.040000000,0.094339623,0.285714286,post-decision through 2016,"Aggregate Shepard's lower-court response categories attached to one formally argued U.S. Supreme Court precedent, covering the 12 regular federal circuits, their district courts, and state courts through 2016; Federal Circuit excluded","Automated reduction of the authors' public precedent-level replication file. The source aggregates Shepard's categories and does not expose individual lower-court opinions, non-citing or ignored exposed cases, treatment dates, remedy fidelity, or practical implementation. Use as bounded doctrinal-uptake context only, not as a practical-compliance rate or denominator-matched lowerCourtCompliance validation target."
masood-kassow-songer-2019-precedent-treatment,529 U.S. 334,https://doi.org/10.7910/DVN/DZZY7G,10.7910/DVN/DZZY7G,10.1086/703067,529 U.S. 334,STEVEN DEWAYNE BOND v. UNITED STATES,1999,2000-04-17,1999-046-01,120 S. Ct. 1462,2000 U.S. LEXIS 2520,1,yes,yes,yes,0,226,74,1,21,22,300,248,96,0.246666667,0.088709677,0.770833333,post-decision through 2016,"Aggregate Shepard's lower-court response categories attached to one formally argued U.S. Supreme Court precedent, covering the 12 regular federal circuits, their district courts, and state courts through 2016; Federal Circuit excluded","Automated reduction of the authors' public precedent-level replication file. The source aggregates Shepard's categories and does not expose individual lower-court opinions, non-citing or ignored exposed cases, treatment dates, remedy fidelity, or practical implementation. Use as bounded doctrinal-uptake context only, not as a practical-compliance rate or denominator-matched lowerCourtCompliance validation target."
masood-kassow-songer-2019-precedent-treatment,529 U.S. 344,https://doi.org/10.7910/DVN/DZZY7G,10.7910/DVN/DZZY7G,10.1086/703067,529 U.S. 344,"NORFOLK SOUTHERN RAILWAY COMPANY v. DEDRA SHANKLIN, INDIVIDUALLY, AND AS NEXT FR",1999,2000-04-17,1999-047-01,120 S. Ct. 1467,2000 U.S. LEXIS 2519,10,no,no,yes,0,164,61,2,14,16,225,180,77,0.271111111,0.088888889,0.792207792,post-decision through 2016,"Aggregate Shepard's lower-court response categories attached to one formally argued U.S. Supreme Court precedent, covering the 12 regular federal circuits, their district courts, and state courts through 2016; Federal Circuit excluded","Automated reduction of the authors' public precedent-level replication file. The source aggregates Shepard's categories and does not expose individual lower-court opinions, non-citing or ignored exposed cases, treatment dates, remedy fidelity, or practical implementation. Use as bounded doctrinal-uptake context only, not as a practical-compliance rate or denominator-matched lowerCourtCompliance validation target."
masood-kassow-songer-2019-precedent-treatment,529 U.S. 362,https://doi.org/10.7910/DVN/DZZY7G,10.7910/DVN/DZZY7G,10.1086/703067,529 U.S. 362,"TERRY WILLIAMS v. JOHN TAYLOR, WARDEN",1999,2000-04-18,1999-048-01,120 S. Ct. 1495,2000 U.S. LEXIS 2837,1,no,yes,yes,0,34232,11203,2,285,287,45435,34519,11490,0.246572026,0.008314262,0.975021758,post-decision through 2016,"Aggregate Shepard's lower-court response categories attached to one formally argued U.S. Supreme Court precedent, covering the 12 regular federal circuits, their district courts, and state courts through 2016; Federal Circuit excluded","Automated reduction of the authors' public precedent-level replication file. The source aggregates Shepard's categories and does not expose individual lower-court opinions, non-citing or ignored exposed cases, treatment dates, remedy fidelity, or practical implementation. Use as bounded doctrinal-uptake context only, not as a practical-compliance rate or denominator-matched lowerCourtCompliance validation target."
masood-kassow-songer-2019-precedent-treatment,529 U.S. 420,https://doi.org/10.7910/DVN/DZZY7G,10.7910/DVN/DZZY7G,10.1086/703067,529 U.S. 420,"MICHAEL WAYNE WILLIAMS v. JOHN TAYLOR, WARDEN",1999,2000-04-18,1999-050-01,120 S. Ct. 1479,2000 U.S. LEXIS 2836,1,no,yes,yes,1,2114,347,0,32,32,2461,2146,379,0.140999594,0.014911463,0.915567282,post-decision through 2016,"Aggregate Shepard's lower-court response categories attached to one formally argued U.S. Supreme Court precedent, covering the 12 regular federal circuits, their district courts, and state courts through 2016; Federal Circuit excluded","Automated reduction of the authors' public precedent-level replication file. The source aggregates Shepard's categories and does not expose individual lower-court opinions, non-citing or ignored exposed cases, treatment dates, remedy fidelity, or practical implementation. Use as bounded doctrinal-uptake context only, not as a practical-compliance rate or denominator-matched lowerCourtCompliance validation target."
masood-kassow-songer-2019-precedent-treatment,529 U.S. 446,https://doi.org/10.7910/DVN/DZZY7G,10.7910/DVN/DZZY7G,10.1086/703067,529 U.S. 446,"RONALD D. EDWARDS, WARDEN v. ROBERT W. CARPENTER",1999,2000-04-25,1999-051-01,120 S. Ct. 1587,2000 U.S. LEXIS 2992,1,no,yes,yes,0,4200,929,0,20,20,5129,4220,949,0.181126925,0.004739336,0.978925184,post-decision through 2016,"Aggregate Shepard's lower-court response categories attached to one formally argued U.S. Supreme Court precedent, covering the 12 regular federal circuits, their district courts, and state courts through 2016; Federal Circuit excluded","Automated reduction of the authors' public precedent-level replication file. The source aggregates Shepard's categories and does not expose individual lower-court opinions, non-citing or ignored exposed cases, treatment dates, remedy fidelity, or practical implementation. Use as bounded doctrinal-uptake context only, not as a practical-compliance rate or denominator-matched lowerCourtCompliance validation target."
masood-kassow-songer-2019-precedent-treatment,529 U.S. 460,https://doi.org/10.7910/DVN/DZZY7G,10.7910/DVN/DZZY7G,10.1086/703067,529 U.S. 460,"DONALD E. NELSON v. ADAMS, USA, INC., et al.",1999,2000-04-25,1999-052-01,120 S. Ct. 1579,2000 U.S. LEXIS 2991,4,yes,no,yes,0,133,24,0,22,22,157,155,46,0.152866242,0.141935484,0.521739130,post-decision through 2016,"Aggregate Shepard's lower-court response categories attached to one formally argued U.S. Supreme Court precedent, covering the 12 regular federal circuits, their district courts, and state courts through 2016; Federal Circuit excluded","Automated reduction of the authors' public precedent-level replication file. The source aggregates Shepard's categories and does not expose individual lower-court opinions, non-citing or ignored exposed cases, treatment dates, remedy fidelity, or practical implementation. Use as bounded doctrinal-uptake context only, not as a practical-compliance rate or denominator-matched lowerCourtCompliance validation target."
masood-kassow-songer-2019-precedent-treatment,529 U.S. 473,https://doi.org/10.7910/DVN/DZZY7G,10.7910/DVN/DZZY7G,10.1086/703067,529 U.S. 473,"ANTONIO TONTON SLACK v. ELDON MCDANIEL, WARDEN, et al.",1999,2000-04-26,1999-053-01,120 S. Ct. 1595,2000 U.S. LEXIS 3000,1,no,yes,yes,2,34294,27354,0,0,0,61648,34294,27354,0.443712691,0.000000000,1.000000000,post-decision through 2016,"Aggregate Shepard's lower-court response categories attached to one formally argued U.S. Supreme Court precedent, covering the 12 regular federal circuits, their district courts, and state courts through 2016; Federal Circuit excluded","Automated reduction of the authors' public precedent-level replication file. The source aggregates Shepard's categories and does not expose individual lower-court opinions, non-citing or ignored exposed cases, treatment dates, remedy fidelity, or practical implementation. Use as bounded doctrinal-uptake context only, not as a practical-compliance rate or denominator-matched lowerCourtCompliance validation target."
masood-kassow-songer-2019-precedent-treatment,529 U.S. 494,https://doi.org/10.7910/DVN/DZZY7G,10.7910/DVN/DZZY7G,10.1086/703067,529 U.S. 494,"ROBERT A. BECK, II v. RONALD M. PRUPIS, et al.",1999,2000-04-26,1999-054-01,120 S. Ct. 1608,2000 U.S. LEXIS 2999,1,no,yes,yes,0,399,70,0,7,7,469,406,77,0.149253731,0.017241379,0.909090909,post-decision through 2016,"Aggregate Shepard's lower-court response categories attached to one formally argued U.S. Supreme Court precedent, covering the 12 regular federal circuits, their district courts, and state courts through 2016; Federal Circuit excluded","Automated reduction of the authors' public precedent-level replication file. The source aggregates Shepard's categories and does not expose individual lower-court opinions, non-citing or ignored exposed cases, treatment dates, remedy fidelity, or practical implementation. Use as bounded doctrinal-uptake context only, not as a practical-compliance rate or denominator-matched lowerCourtCompliance validation target."
masood-kassow-songer-2019-precedent-treatment,529 U.S. 513,https://doi.org/10.7910/DVN/DZZY7G,10.7910/DVN/DZZY7G,10.1086/703067,529 U.S. 513,SCOTT LESLIE CARMELL v. TEXAS,1999,2000-05-01,1999-055-01,120 S. Ct. 1620,2000 U.S. LEXIS 3004,1,yes,yes,yes,0,396,81,1,47,48,477,444,129,0.169811321,0.108108108,0.627906977,post-decision through 2016,"Aggregate Shepard's lower-court response categories attached to one formally argued U.S. Supreme Court precedent, covering the 12 regular federal circuits, their district courts, and state courts through 2016; Federal Circuit excluded","Automated reduction of the authors' public precedent-level replication file. The source aggregates Shepard's categories and does not expose individual lower-court opinions, non-citing or ignored exposed cases, treatment dates, remedy fidelity, or practical implementation. Use as bounded doctrinal-uptake context only, not as a practical-compliance rate or denominator-matched lowerCourtCompliance validation target."
masood-kassow-songer-2019-precedent-treatment,529 U.S. 576,https://doi.org/10.7910/DVN/DZZY7G,10.7910/DVN/DZZY7G,10.1086/703067,529 U.S. 576,"EDWARD CHRISTENSEN, et al. v. HARRIS COUNTY, et al.",1999,2000-05-01,1999-056-01,120 S. Ct. 1655,2000 U.S. LEXIS 3003,7,no,no,yes,0,1201,174,0,33,33,1375,1234,207,0.126545455,0.026742301,0.840579710,post-decision through 2016,"Aggregate Shepard's lower-court response categories attached to one formally argued U.S. Supreme Court precedent, covering the 12 regular federal circuits, their district courts, and state courts through 2016; Federal Circuit excluded","Automated reduction of the authors' public precedent-level replication file. The source aggregates Shepard's categories and does not expose individual lower-court opinions, non-citing or ignored exposed cases, treatment dates, remedy fidelity, or practical implementation. Use as bounded doctrinal-uptake context only, not as a practical-compliance rate or denominator-matched lowerCourtCompliance validation target."
masood-kassow-songer-2019-precedent-treatment,529 U.S. 598,https://doi.org/10.7910/DVN/DZZY7G,10.7910/DVN/DZZY7G,10.1086/703067,529 U.S. 598,"UNITED STATES v. ANTONIO J. MORRISON, et al.",1999,2000-05-15,1999-057-02,120 S. Ct. 1740,2000 U.S. LEXIS 3422,10,no,no,yes,0,919,179,3,195,198,1098,1117,377,0.163023679,0.177260519,0.474801061,post-decision through 2016,"Aggregate Shepard's lower-court response categories attached to one formally argued U.S. Supreme Court precedent, covering the 12 regular federal circuits, their district courts, and state courts through 2016; Federal Circuit excluded","Automated reduction of the authors' public precedent-level replication file. The source aggregates Shepard's categories and does not expose individual lower-court opinions, non-citing or ignored exposed cases, treatment dates, remedy fidelity, or practical implementation. Use as bounded doctrinal-uptake context only, not as a practical-compliance rate or denominator-matched lowerCourtCompliance validation target."
masood-kassow-songer-2019-precedent-treatment,529 U.S. 667,https://doi.org/10.7910/DVN/DZZY7G,10.7910/DVN/DZZY7G,10.1086/703067,529 U.S. 667,JEFFREY ALLAN FISCHER v. UNITED STATES,1999,2000-05-15,1999-058-01,120 S. Ct. 1780,2000 U.S. LEXIS 3136,2,no,no,yes,0,49,16,0,6,6,65,55,22,0.246153846,0.109090909,0.727272727,post-decision through 2016,"Aggregate Shepard's lower-court response categories attached to one formally argued U.S. Supreme Court precedent, covering the 12 regular federal circuits, their district courts, and state courts through 2016; Federal Circuit excluded","Automated reduction of the authors' public precedent-level replication file. The source aggregates Shepard's categories and does not expose individual lower-court opinions, non-citing or ignored exposed cases, treatment dates, remedy fidelity, or practical implementation. Use as bounded doctrinal-uptake context only, not as a practical-compliance rate or denominator-matched lowerCourtCompliance validation target."
masood-kassow-songer-2019-precedent-treatment,529 U.S. 694,https://doi.org/10.7910/DVN/DZZY7G,10.7910/DVN/DZZY7G,10.1086/703067,529 U.S. 694,CORNELL JOHNSON v. UNITED STATES,1999,2000-05-15,1999-059-01,120 S. Ct. 1795,2000 U.S. LEXIS 3135,1,no,yes,yes,0,600,139,0,25,25,739,625,164,0.188092016,0.040000000,0.847560976,post-decision through 2016,"Aggregate Shepard's lower-court response categories attached to one formally argued U.S. Supreme Court precedent, covering the 12 regular federal circuits, their district courts, and state courts through 2016; Federal Circuit excluded","Automated reduction of the authors' public precedent-level replication file. The source aggregates Shepard's categories and does not expose individual lower-court opinions, non-citing or ignored exposed cases, treatment dates, remedy fidelity, or practical implementation. Use as bounded doctrinal-uptake context only, not as a practical-compliance rate or denominator-matched lowerCourtCompliance validation target."
masood-kassow-songer-2019-precedent-treatment,529 U.S. 728,https://doi.org/10.7910/DVN/DZZY7G,10.7910/DVN/DZZY7G,10.1086/703067,529 U.S. 728,"PUBLIC LANDS COUNCIL, et al. v. BRUCE BABBITT, SECRETARY OF THE INTERIOR, et al.",1999,2000-05-15,1999-060-01,120 S. Ct. 1815,2000 U.S. LEXIS 3134,8,no,no,yes,0,33,2,0,1,1,35,34,3,0.057142857,0.029411765,0.666666667,post-decision through 2016,"Aggregate Shepard's lower-court response categories attached to one formally argued U.S. Supreme Court precedent, covering the 12 regular federal circuits, their district courts, and state courts through 2016; Federal Circuit excluded","Automated reduction of the authors' public precedent-level replication file. The source aggregates Shepard's categories and does not expose individual lower-court opinions, non-citing or ignored exposed cases, treatment dates, remedy fidelity, or practical implementation. Use as bounded doctrinal-uptake context only, not as a practical-compliance rate or denominator-matched lowerCourtCompliance validation target."
masood-kassow-songer-2019-precedent-treatment,529 U.S. 753,https://doi.org/10.7910/DVN/DZZY7G,10.7910/DVN/DZZY7G,10.1086/703067,529 U.S. 753,MARIA SUZUKI OHLER v. UNITED STATES,1999,2000-05-22,1999-061-01,120 S. Ct. 1851,2000 U.S. LEXIS 3429,1,no,yes,yes,0,456,38,10,5,15,494,471,53,0.076923077,0.031847134,0.716981132,post-decision through 2016,"Aggregate Shepard's lower-court response categories attached to one formally argued U.S. Supreme Court precedent, covering the 12 regular federal circuits, their district courts, and state courts through 2016; Federal Circuit excluded","Automated reduction of the authors' public precedent-level replication file. The source aggregates Shepard's categories and does not expose individual lower-court opinions, non-citing or ignored exposed cases, treatment dates, remedy fidelity, or practical implementation. Use as bounded doctrinal-uptake context only, not as a practical-compliance rate or denominator-matched lowerCourtCompliance validation target."
masood-kassow-songer-2019-precedent-treatment,529 U.S. 765,https://doi.org/10.7910/DVN/DZZY7G,10.7910/DVN/DZZY7G,10.1086/703067,529 U.S. 765,"VERMONT AGENCY OF NATURAL RESOURCES v. UNITED STATES, EX REL., JONATHAN STEVENS",1999,2000-05-22,1999-062-01,120 S. Ct. 1858,2000 U.S. LEXIS 3428,9,yes,no,yes,0,899,193,6,47,53,1092,952,246,0.176739927,0.055672269,0.784552846,post-decision through 2016,"Aggregate Shepard's lower-court response categories attached to one formally argued U.S. Supreme Court precedent, covering the 12 regular federal circuits, their district courts, and state courts through 2016; Federal Circuit excluded","Automated reduction of the authors' public precedent-level replication file. The source aggregates Shepard's categories and does not expose individual lower-court opinions, non-citing or ignored exposed cases, treatment dates, remedy fidelity, or practical implementation. Use as bounded doctrinal-uptake context only, not as a practical-compliance rate or denominator-matched lowerCourtCompliance validation target."
masood-kassow-songer-2019-precedent-treatment,529 U.S. 803,https://doi.org/10.7910/DVN/DZZY7G,10.7910/DVN/DZZY7G,10.1086/703067,529 U.S. 803,"UNITED STATES, et al. v. PLAYBOY ENTERTAINMENT GROUP, INC.",1999,2000-05-22,1999-063-01,120 S. Ct. 1878,2000 U.S. LEXIS 3427,3,no,no,yes,0,393,88,0,23,23,481,416,111,0.182952183,0.055288462,0.792792793,post-decision through 2016,"Aggregate Shepard's lower-court response categories attached to one formally argued U.S. Supreme Court precedent, covering the 12 regular federal circuits, their district courts, and state courts through 2016; Federal Circuit excluded","Automated reduction of the authors' public precedent-level replication file. The source aggregates Shepard's categories and does not expose individual lower-court opinions, non-citing or ignored exposed cases, treatment dates, remedy fidelity, or practical implementation. Use as bounded doctrinal-uptake context only, not as a practical-compliance rate or denominator-matched lowerCourtCompliance validation target."
masood-kassow-songer-2019-precedent-treatment,529 U.S. 848,https://doi.org/10.7910/DVN/DZZY7G,10.7910/DVN/DZZY7G,10.1086/703067,529 U.S. 848,DEWEY J. JONES v. UNITED STATES,1999,2000-05-22,1999-064-01,120 S. Ct. 1904,2000 U.S. LEXIS 3426,1,no,yes,yes,0,518,81,1,97,98,599,616,179,0.135225376,0.159090909,0.452513966,post-decision through 2016,"Aggregate Shepard's lower-court response categories attached to one formally argued U.S. Supreme Court precedent, covering the 12 regular federal circuits, their district courts, and state courts through 2016; Federal Circuit excluded","Automated reduction of the authors' public precedent-level replication file. The source aggregates Shepard's categories and does not expose individual lower-court opinions, non-citing or ignored exposed cases, treatment dates, remedy fidelity, or practical implementation. Use as bounded doctrinal-uptake context only, not as a practical-compliance rate or denominator-matched lowerCourtCompliance validation target."
masood-kassow-songer-2019-precedent-treatment,529 U.S. 861,https://doi.org/10.7910/DVN/DZZY7G,10.7910/DVN/DZZY7G,10.1086/703067,529 U.S. 861,"ALEXIS GEIER, et al. v. AMERICAN HONDA MOTOR COMPANY, INC., et al.",1999,2000-05-22,1999-065-01,120 S. Ct. 1913,2000 U.S. LEXIS 3425,10,no,no,yes,0,499,134,3,72,75,633,574,209,0.211690363,0.130662021,0.641148325,post-decision through 2016,"Aggregate Shepard's lower-court response categories attached to one formally argued U.S. Supreme Court precedent, covering the 12 regular federal circuits, their district courts, and state courts through 2016; Federal Circuit excluded","Automated reduction of the authors' public precedent-level replication file. The source aggregates Shepard's categories and does not expose individual lower-court opinions, non-citing or ignored exposed cases, treatment dates, remedy fidelity, or practical implementation. Use as bounded doctrinal-uptake context only, not as a practical-compliance rate or denominator-matched lowerCourtCompliance validation target."
masood-kassow-songer-2019-precedent-treatment,530 U.S. 1,https://doi.org/10.7910/DVN/DZZY7G,10.7910/DVN/DZZY7G,10.1086/703067,530 U.S. 1,"HARTFORD UNDERWRITERS INSURANCE COMPANY v. UNION PLANTERS BANK, N. A.",1999,2000-05-30,1999-066-01,120 S. Ct. 1942,2000 U.S. LEXIS 3624,8,no,no,yes,0,748,107,3,27,30,855,778,137,0.125146199,0.038560411,0.781021898,post-decision through 2016,"Aggregate Shepard's lower-court response categories attached to one formally argued U.S. Supreme Court precedent, covering the 12 regular federal circuits, their district courts, and state courts through 2016; Federal Circuit excluded","Automated reduction of the authors' public precedent-level replication file. The source aggregates Shepard's categories and does not expose individual lower-court opinions, non-citing or ignored exposed cases, treatment dates, remedy fidelity, or practical implementation. Use as bounded doctrinal-uptake context only, not as a practical-compliance rate or denominator-matched lowerCourtCompliance validation target."
masood-kassow-songer-2019-precedent-treatment,530 U.S. 15,https://doi.org/10.7910/DVN/DZZY7G,10.7910/DVN/DZZY7G,10.1086/703067,530 U.S. 15,"THOMAS E. RALEIGH, CHAPTER 7 TRUSTEE FOR THE ESTATE OF WILLIAM J. STOECKER, v. I",1999,2000-05-30,1999-067-01,120 S. Ct. 1951,2000 U.S. LEXIS 3623,8,no,no,yes,0,487,46,1,9,10,533,497,56,0.086303940,0.020120724,0.821428571,post-decision through 2016,"Aggregate Shepard's lower-court response categories attached to one formally argued U.S. Supreme Court precedent, covering the 12 regular federal circuits, their district courts, and state courts through 2016; Federal Circuit excluded","Automated reduction of the authors' public precedent-level replication file. The source aggregates Shepard's categories and does not expose individual lower-court opinions, non-citing or ignored exposed cases, treatment dates, remedy fidelity, or practical implementation. Use as bounded doctrinal-uptake context only, not as a practical-compliance rate or denominator-matched lowerCourtCompliance validation target."
masood-kassow-songer-2019-precedent-treatment,530 U.S. 103,https://doi.org/10.7910/DVN/DZZY7G,10.7910/DVN/DZZY7G,10.1086/703067,530 U.S. 103,"JUATASSA SIMS v. KENNETH S. APFEL, COMMISSIONER OF SOCIAL SECURITY",1999,2000-06-05,1999-070-01,120 S. Ct. 2080,2000 U.S. LEXIS 3766,9,no,no,yes,1,2000,160,1,28,29,2160,2029,189,0.074074074,0.014292755,0.846560847,post-decision through 2016,"Aggregate Shepard's lower-court response categories attached to one formally argued U.S. Supreme Court precedent, covering the 12 regular federal circuits, their district courts, and state courts through 2016; Federal Circuit excluded","Automated reduction of the authors' public precedent-level replication file. The source aggregates Shepard's categories and does not expose individual lower-court opinions, non-citing or ignored exposed cases, treatment dates, remedy fidelity, or practical implementation. Use as bounded doctrinal-uptake context only, not as a practical-compliance rate or denominator-matched lowerCourtCompliance validation target."
masood-kassow-songer-2019-precedent-treatment,530 U.S. 120,https://doi.org/10.7910/DVN/DZZY7G,10.7910/DVN/DZZY7G,10.1086/703067,530 U.S. 120,"JAIME CASTILLO, et al., v. UNITED STATES",1999,2000-06-05,1999-071-01,120 S. Ct. 2090,2000 U.S. LEXIS 3765,1,no,yes,yes,0,218,28,3,49,52,246,270,80,0.113821138,0.192592593,0.350000000,post-decision through 2016,"Aggregate Shepard's lower-court response categories attached to one formally argued U.S. Supreme Court precedent, covering the 12 regular federal circuits, their district courts, and state courts through 2016; Federal Circuit excluded","Automated reduction of the authors' public precedent-level replication file. The source aggregates Shepard's categories and does not expose individual lower-court opinions, non-citing or ignored exposed cases, treatment dates, remedy fidelity, or practical implementation. Use as bounded doctrinal-uptake context only, not as a practical-compliance rate or denominator-matched lowerCourtCompliance validation target."
masood-kassow-songer-2019-precedent-treatment,530 U.S. 27,https://doi.org/10.7910/DVN/DZZY7G,10.7910/DVN/DZZY7G,10.1086/703067,530 U.S. 27,UNITED STATES v. WEBSTER L. HUBBELL,1999,2000-06-05,1999-068-01,120 S. Ct. 2037,2000 U.S. LEXIS 3768,1,no,yes,yes,0,237,56,0,22,22,293,259,78,0.191126280,0.084942085,0.717948718,post-decision through 2016,"Aggregate Shepard's lower-court response categories attached to one formally argued U.S. Supreme Court precedent, covering the 12 regular federal circuits, their district courts, and state courts through 2016; Federal Circuit excluded","Automated reduction of the authors' public precedent-level replication file. The source aggregates Shepard's categories and does not expose individual lower-court opinions, non-citing or ignored exposed cases, treatment dates, remedy fidelity, or practical implementation. Use as bounded doctrinal-uptake context only, not as a practical-compliance rate or denominator-matched lowerCourtCompliance validation target."
masood-kassow-songer-2019-precedent-treatment,530 U.S. 57,https://doi.org/10.7910/DVN/DZZY7G,10.7910/DVN/DZZY7G,10.1086/703067,530 U.S. 57,"JENIFER TROXEL, ET VIR v. TOMMIE GRANVILLE",1999,2000-06-05,1999-069-01,120 S. Ct. 2054,2000 U.S. LEXIS 3767,5,no,no,yes,1,2441,374,4,217,221,2815,2662,595,0.132859680,0.083020285,0.628571429,post-decision through 2016,"Aggregate Shepard's lower-court response categories attached to one formally argued U.S. Supreme Court precedent, covering the 12 regular federal circuits, their district courts, and state courts through 2016; Federal Circuit excluded","Automated reduction of the authors' public precedent-level replication file. The source aggregates Shepard's categories and does not expose individual lower-court opinions, non-citing or ignored exposed cases, treatment dates, remedy fidelity, or practical implementation. Use as bounded doctrinal-uptake context only, not as a practical-compliance rate or denominator-matched lowerCourtCompliance validation target."
masood-kassow-songer-2019-precedent-treatment,530 U.S. 133,https://doi.org/10.7910/DVN/DZZY7G,10.7910/DVN/DZZY7G,10.1086/703067,530 U.S. 133,"ROGER REEVES v. SANDERSON PLUMBING PRODUCTS, INC.",1999,2000-06-12,1999-072-01,120 S. Ct. 2097,2000 U.S. LEXIS 3966,2,no,no,yes,1,15152,2637,1,152,153,17789,15305,2790,0.148237675,0.009996733,0.945161290,post-decision through 2016,"Aggregate Shepard's lower-court response categories attached to one formally argued U.S. Supreme Court precedent, covering the 12 regular federal circuits, their district courts, and state courts through 2016; Federal Circuit excluded","Automated reduction of the authors' public precedent-level replication file. The source aggregates Shepard's categories and does not expose individual lower-court opinions, non-citing or ignored exposed cases, treatment dates, remedy fidelity, or practical implementation. Use as bounded doctrinal-uptake context only, not as a practical-compliance rate or denominator-matched lowerCourtCompliance validation target."
masood-kassow-songer-2019-precedent-treatment,530 U.S. 156,https://doi.org/10.7910/DVN/DZZY7G,10.7910/DVN/DZZY7G,10.1086/703067,530 U.S. 156,"BOBBY LEE RAMDASS v. RONALD J. ANGELONE, DIRECTOR, VIRGINIA DEPARTMENT OF CORREC",1999,2000-06-12,1999-073-01,120 S. Ct. 2113,2000 U.S. LEXIS 3965,1,no,yes,yes,0,531,217,2,3,5,748,536,222,0.290106952,0.009328358,0.977477477,post-decision through 2016,"Aggregate Shepard's lower-court response categories attached to one formally argued U.S. Supreme Court precedent, covering the 12 regular federal circuits, their district courts, and state courts through 2016; Federal Circuit excluded","Automated reduction of the authors' public precedent-level replication file. The source aggregates Shepard's categories and does not expose individual lower-court opinions, non-citing or ignored exposed cases, treatment dates, remedy fidelity, or practical implementation. Use as bounded doctrinal-uptake context only, not as a practical-compliance rate or denominator-matched lowerCourtCompliance validation target."
masood-kassow-songer-2019-precedent-treatment,530 U.S. 211,https://doi.org/10.7910/DVN/DZZY7G,10.7910/DVN/DZZY7G,10.1086/703067,530 U.S. 211,"LORI PEGRAM, et al. v. CYNTHIA HERDRICH",1999,2000-06-12,1999-074-01,120 S. Ct. 2143,2000 U.S. LEXIS 3964,8,no,no,yes,1,857,141,2,32,34,998,891,175,0.141282565,0.038159371,0.805714286,post-decision through 2016,"Aggregate Shepard's lower-court response categories attached to one formally argued U.S. Supreme Court precedent, covering the 12 regular federal circuits, their district courts, and state courts through 2016; Federal Circuit excluded","Automated reduction of the authors' public precedent-level replication file. The source aggregates Shepard's categories and does not expose individual lower-court opinions, non-citing or ignored exposed cases, treatment dates, remedy fidelity, or practical implementation. Use as bounded doctrinal-uptake context only, not as a practical-compliance rate or denominator-matched lowerCourtCompliance validation target."
masood-kassow-songer-2019-precedent-treatment,530 U.S. 238,https://doi.org/10.7910/DVN/DZZY7G,10.7910/DVN/DZZY7G,10.1086/703067,530 U.S. 238,"HARRIS TRUST AND SAVINGS BANK, ETC., et al. v. SALOMON SMITH BARNEY INC., et al.",1999,2000-06-12,1999-075-01,120 S. Ct. 2180,2000 U.S. LEXIS 3962,8,no,no,yes,0,296,59,0,16,16,355,312,75,0.166197183,0.051282051,0.786666667,post-decision through 2016,"Aggregate Shepard's lower-court response categories attached to one formally argued U.S. Supreme Court precedent, covering the 12 regular federal circuits, their district courts, and state courts through 2016; Federal Circuit excluded","Automated reduction of the authors' public precedent-level replication file. The source aggregates Shepard's categories and does not expose individual lower-court opinions, non-citing or ignored exposed cases, treatment dates, remedy fidelity, or practical implementation. Use as bounded doctrinal-uptake context only, not as a practical-compliance rate or denominator-matched lowerCourtCompliance validation target."
masood-kassow-songer-2019-precedent-treatment,530 U.S. 255,https://doi.org/10.7910/DVN/DZZY7G,10.7910/DVN/DZZY7G,10.1086/703067,530 U.S. 255,FLOYD J. CARTER v. UNITED STATES,1999,2000-06-12,1999-076-01,120 S. Ct. 2159,2000 U.S. LEXIS 3963,1,no,yes,yes,0,208,35,0,3,3,243,211,38,0.144032922,0.014218009,0.921052632,post-decision through 2016,"Aggregate Shepard's lower-court response categories attached to one formally argued U.S. Supreme Court precedent, covering the 12 regular federal circuits, their district courts, and state courts through 2016; Federal Circuit excluded","Automated reduction of the authors' public precedent-level replication file. The source aggregates Shepard's categories and does not expose individual lower-court opinions, non-citing or ignored exposed cases, treatment dates, remedy fidelity, or practical implementation. Use as bounded doctrinal-uptake context only, not as a practical-compliance rate or denominator-matched lowerCourtCompliance validation target."
masood-kassow-songer-2019-precedent-treatment,530 U.S. 290,https://doi.org/10.7910/DVN/DZZY7G,10.7910/DVN/DZZY7G,10.1086/703067,530 U.S. 290,"SANTA FE INDEPENDENT SCHOOL DISTRICT v. JANE DOE, INDIVIDUALLY AND AS NEXT FRIEN",1999,2000-06-19,1999-077-01,120 S. Ct. 2266,2000 U.S. LEXIS 4154,3,yes,no,yes,1,255,57,0,31,31,312,286,88,0.182692308,0.108391608,0.647727273,post-decision through 2016,"Aggregate Shepard's lower-court response categories attached to one formally argued U.S. Supreme Court precedent, covering the 12 regular federal circuits, their district courts, and state courts through 2016; Federal Circuit excluded","Automated reduction of the authors' public precedent-level replication file. The source aggregates Shepard's categories and does not expose individual lower-court opinions, non-citing or ignored exposed cases, treatment dates, remedy fidelity, or practical implementation. Use as bounded doctrinal-uptake context only, not as a practical-compliance rate or denominator-matched lowerCourtCompliance validation target."
masood-kassow-songer-2019-precedent-treatment,530 U.S. 327,https://doi.org/10.7910/DVN/DZZY7G,10.7910/DVN/DZZY7G,10.1086/703067,530 U.S. 327,"CHARLES B. MILLER, SUPERINTENDENT, PENDLETON CORRECTIONAL FACILITY, et al., v. R",1999,2000-06-19,1999-078-02,120 S. Ct. 2246,2000 U.S. LEXIS 4296,1,no,yes,yes,0,221,18,0,6,6,239,227,24,0.075313808,0.026431718,0.750000000,post-decision through 2016,"Aggregate Shepard's lower-court response categories attached to one formally argued U.S. Supreme Court precedent, covering the 12 regular federal circuits, their district courts, and state courts through 2016; Federal Circuit excluded","Automated reduction of the authors' public precedent-level replication file. The source aggregates Shepard's categories and does not expose individual lower-court opinions, non-citing or ignored exposed cases, treatment dates, remedy fidelity, or practical implementation. Use as bounded doctrinal-uptake context only, not as a practical-compliance rate or denominator-matched lowerCourtCompliance validation target."
masood-kassow-songer-2019-precedent-treatment,530 U.S. 363,https://doi.org/10.7910/DVN/DZZY7G,10.7910/DVN/DZZY7G,10.1086/703067,530 U.S. 363,"STEPHEN P. CROSBY, SECRETARY OF ADMINISTRATION AND FINANCE OF MASSACHUSETTS, et ",1999,2000-06-19,1999-079-01,120 S. Ct. 2288,2000 U.S. LEXIS 4153,10,yes,no,yes,0,512,91,0,16,16,603,528,107,0.150912106,0.030303030,0.850467290,post-decision through 2016,"Aggregate Shepard's lower-court response categories attached to one formally argued U.S. Supreme Court precedent, covering the 12 regular federal circuits, their district courts, and state courts through 2016; Federal Circuit excluded","Automated reduction of the authors' public precedent-level replication file. The source aggregates Shepard's categories and does not expose individual lower-court opinions, non-citing or ignored exposed cases, treatment dates, remedy fidelity, or practical implementation. Use as bounded doctrinal-uptake context only, not as a practical-compliance rate or denominator-matched lowerCourtCompliance validation target."
masood-kassow-songer-2019-precedent-treatment,530 U.S. 392,https://doi.org/10.7910/DVN/DZZY7G,10.7910/DVN/DZZY7G,10.1086/703067,530 U.S. 392,"STATE OF ARIZONA v. STATE OF CALIFORNIA, et al.",1999,2000-06-19,1999-080-01,120 S. Ct. 2304,2000 U.S. LEXIS 4297,2,no,no,yes,0,477,59,1,8,9,536,486,68,0.110074627,0.018518519,0.867647059,post-decision through 2016,"Aggregate Shepard's lower-court response categories attached to one formally argued U.S. Supreme Court precedent, covering the 12 regular federal circuits, their district courts, and state courts through 2016; Federal Circuit excluded","Automated reduction of the authors' public precedent-level replication file. The source aggregates Shepard's categories and does not expose individual lower-court opinions, non-citing or ignored exposed cases, treatment dates, remedy fidelity, or practical implementation. Use as bounded doctrinal-uptake context only, not as a practical-compliance rate or denominator-matched lowerCourtCompliance validation target."
masood-kassow-songer-2019-precedent-treatment,530 U.S. 428,https://doi.org/10.7910/DVN/DZZY7G,10.7910/DVN/DZZY7G,10.1086/703067,530 U.S. 428,CHARLES THOMAS DICKERSON v. UNITED STATES,1999,2000-06-26,1999-081-01,120 S. Ct. 2326,2000 U.S. LEXIS 4305,1,yes,yes,yes,1,1810,238,1,23,24,2048,1834,262,0.116210938,0.013086150,0.908396947,post-decision through 2016,"Aggregate Shepard's lower-court response categories attached to one formally argued U.S. Supreme Court precedent, covering the 12 regular federal circuits, their district courts, and state courts through 2016; Federal Circuit excluded","Automated reduction of the authors' public precedent-level replication file. The source aggregates Shepard's categories and does not expose individual lower-court opinions, non-citing or ignored exposed cases, treatment dates, remedy fidelity, or practical implementation. Use as bounded doctrinal-uptake context only, not as a practical-compliance rate or denominator-matched lowerCourtCompliance validation target."
masood-kassow-songer-2019-precedent-treatment,530 U.S. 466,https://doi.org/10.7910/DVN/DZZY7G,10.7910/DVN/DZZY7G,10.1086/703067,530 U.S. 466,"CHARLES C. APPRENDI, JR. v. NEW JERSEY",1999,2000-06-26,1999-082-01,120 S. Ct. 2348,2000 U.S. LEXIS 4304,1,yes,yes,yes,51,29380,2842,11,3701,3712,32222,33092,6554,0.088200608,0.112172126,0.433628319,post-decision through 2016,"Aggregate Shepard's lower-court response categories attached to one formally argued U.S. Supreme Court precedent, covering the 12 regular federal circuits, their district courts, and state courts through 2016; Federal Circuit excluded","Automated reduction of the authors' public precedent-level replication file. The source aggregates Shepard's categories and does not expose individual lower-court opinions, non-citing or ignored exposed cases, treatment dates, remedy fidelity, or practical implementation. Use as bounded doctrinal-uptake context only, not as a practical-compliance rate or denominator-matched lowerCourtCompliance validation target."
masood-kassow-songer-2019-precedent-treatment,530 U.S. 567,https://doi.org/10.7910/DVN/DZZY7G,10.7910/DVN/DZZY7G,10.1086/703067,530 U.S. 567,"CALIFORNIA DEMOCRATIC PARTY, et al. v. BILL JONES, SECRETARY OF STATE OF CALIFOR",1999,2000-06-26,1999-083-01,120 S. Ct. 2402,2000 U.S. LEXIS 4303,2,yes,no,yes,0,157,35,0,32,32,192,189,67,0.182291667,0.169312169,0.522388060,post-decision through 2016,"Aggregate Shepard's lower-court response categories attached to one formally argued U.S. Supreme Court precedent, covering the 12 regular federal circuits, their district courts, and state courts through 2016; Federal Circuit excluded","Automated reduction of the authors' public precedent-level replication file. The source aggregates Shepard's categories and does not expose individual lower-court opinions, non-citing or ignored exposed cases, treatment dates, remedy fidelity, or practical implementation. Use as bounded doctrinal-uptake context only, not as a practical-compliance rate or denominator-matched lowerCourtCompliance validation target."
masood-kassow-songer-2019-precedent-treatment,530 U.S. 604,https://doi.org/10.7910/DVN/DZZY7G,10.7910/DVN/DZZY7G,10.1086/703067,530 U.S. 604,"MOBIL OIL EXPLORATION AND PRODUCING SOUTHEAST, INC. v. UNITED STATES",1999,2000-06-26,1999-084-01,120 S. Ct. 2423,2000 U.S. LEXIS 4306,8,no,no,yes,0,50,4,0,6,6,54,56,10,0.074074074,0.107142857,0.400000000,post-decision through 2016,"Aggregate Shepard's lower-court response categories attached to one formally argued U.S. Supreme Court precedent, covering the 12 regular federal circuits, their district courts, and state courts through 2016; Federal Circuit excluded","Automated reduction of the authors' public precedent-level replication file. The source aggregates Shepard's categories and does not expose individual lower-court opinions, non-citing or ignored exposed cases, treatment dates, remedy fidelity, or practical implementation. Use as bounded doctrinal-uptake context only, not as a practical-compliance rate or denominator-matched lowerCourtCompliance validation target."
masood-kassow-songer-2019-precedent-treatment,530 U.S. 640,https://doi.org/10.7910/DVN/DZZY7G,10.7910/DVN/DZZY7G,10.1086/703067,530 U.S. 640,"BOY SCOUTS OF AMERICA AND MONMOUTH COUNCIL, et al. v. JAMES DALE",1999,2000-06-28,1999-085-01,120 S. Ct. 2446,2000 U.S. LEXIS 4487,2,yes,no,yes,0,244,49,0,27,27,293,271,76,0.167235495,0.099630996,0.644736842,post-decision through 2016,"Aggregate Shepard's lower-court response categories attached to one formally argued U.S. Supreme Court precedent, covering the 12 regular federal circuits, their district courts, and state courts through 2016; Federal Circuit excluded","Automated reduction of the authors' public precedent-level replication file. The source aggregates Shepard's categories and does not expose individual lower-court opinions, non-citing or ignored exposed cases, treatment dates, remedy fidelity, or practical implementation. Use as bounded doctrinal-uptake context only, not as a practical-compliance rate or denominator-matched lowerCourtCompliance validation target."
masood-kassow-songer-2019-precedent-treatment,530 U.S. 703,https://doi.org/10.7910/DVN/DZZY7G,10.7910/DVN/DZZY7G,10.1086/703067,530 U.S. 703,"LEILA JEANNE HILL, AUDREY HIMMELMANN, AND EVERITT W. SIMPSON, JR. v. COLORADO, e",1999,2000-06-28,1999-086-01,120 S. Ct. 2480,2000 U.S. LEXIS 4486,5,yes,no,yes,0,648,213,0,33,33,861,681,246,0.247386760,0.048458150,0.865853659,post-decision through 2016,"Aggregate Shepard's lower-court response categories attached to one formally argued U.S. Supreme Court precedent, covering the 12 regular federal circuits, their district courts, and state courts through 2016; Federal Circuit excluded","Automated reduction of the authors' public precedent-level replication file. The source aggregates Shepard's categories and does not expose individual lower-court opinions, non-citing or ignored exposed cases, treatment dates, remedy fidelity, or practical implementation. Use as bounded doctrinal-uptake context only, not as a practical-compliance rate or denominator-matched lowerCourtCompliance validation target."
masood-kassow-songer-2019-precedent-treatment,530 U.S. 793,https://doi.org/10.7910/DVN/DZZY7G,10.7910/DVN/DZZY7G,10.1086/703067,530 U.S. 793,"GUY MITCHELL, et al. v. MARY L. HELMS, et al.",1999,2000-06-28,1999-087-01,120 S. Ct. 2530,2000 U.S. LEXIS 4485,3,no,no,yes,2,100,29,0,10,10,129,110,39,0.224806202,0.090909091,0.743589744,post-decision through 2016,"Aggregate Shepard's lower-court response categories attached to one formally argued U.S. Supreme Court precedent, covering the 12 regular federal circuits, their district courts, and state courts through 2016; Federal Circuit excluded","Automated reduction of the authors' public precedent-level replication file. The source aggregates Shepard's categories and does not expose individual lower-court opinions, non-citing or ignored exposed cases, treatment dates, remedy fidelity, or practical implementation. Use as bounded doctrinal-uptake context only, not as a practical-compliance rate or denominator-matched lowerCourtCompliance validation target."
masood-kassow-songer-2019-precedent-treatment,530 U.S. 914,https://doi.org/10.7910/DVN/DZZY7G,10.7910/DVN/DZZY7G,10.1086/703067,530 U.S. 914,"DON STENBERG, ATTORNEY GENERAL OF NEBRASKA, et al. v. LEROY CARHART",1999,2000-06-28,1999-088-01,120 S. Ct. 2597,2000 U.S. LEXIS 4484,5,yes,no,yes,3,195,51,0,12,12,246,207,63,0.207317073,0.057971014,0.809523810,post-decision through 2016,"Aggregate Shepard's lower-court response categories attached to one formally argued U.S. Supreme Court precedent, covering the 12 regular federal circuits, their district courts, and state courts through 2016; Federal Circuit excluded","Automated reduction of the authors' public precedent-level replication file. The source aggregates Shepard's categories and does not expose individual lower-court opinions, non-citing or ignored exposed cases, treatment dates, remedy fidelity, or practical implementation. Use as bounded doctrinal-uptake context only, not as a practical-compliance rate or denominator-matched lowerCourtCompliance validation target."
masood-kassow-songer-2019-precedent-treatment,530 U.S. 1021,https://doi.org/10.7910/DVN/DZZY7G,10.7910/DVN/DZZY7G,10.1086/703067,530 U.S. 1021,UNITED STATES OF AMERICA v. STATE OF ALASKA,1999,2000-06-29,1999-089-01,120 S. Ct. 2767,2000 U.S. LEXIS 4684,10,no,no,yes,0,0,0,0,0,0,0,0,0,,,,post-decision through 2016,"Aggregate Shepard's lower-court response categories attached to one formally argued U.S. Supreme Court precedent, covering the 12 regular federal circuits, their district courts, and state courts through 2016; Federal Circuit excluded","Automated reduction of the authors' public precedent-level replication file. The source aggregates Shepard's categories and does not expose individual lower-court opinions, non-citing or ignored exposed cases, treatment dates, remedy fidelity, or practical implementation. Use as bounded doctrinal-uptake context only, not as a practical-compliance rate or denominator-matched lowerCourtCompliance validation target."
masood-kassow-songer-2019-precedent-treatment,531 U.S. 1,https://doi.org/10.7910/DVN/DZZY7G,10.7910/DVN/DZZY7G,10.1086/703067,531 U.S. 1,"STATE OF ARIZONA v. STATE OF CALIFORNIA, et al.",2000,2000-10-10,2000-001-01,121 S. Ct. 292,2000 U.S. LEXIS 6841,2,no,no,yes,0,22,0,0,0,0,22,22,0,0.000000000,0.000000000,,post-decision through 2016,"Aggregate Shepard's lower-court response categories attached to one formally argued U.S. Supreme Court precedent, covering the 12 regular federal circuits, their district courts, and state courts through 2016; Federal Circuit excluded","Automated reduction of the authors' public precedent-level replication file. The source aggregates Shepard's categories and does not expose individual lower-court opinions, non-citing or ignored exposed cases, treatment dates, remedy fidelity, or practical implementation. Use as bounded doctrinal-uptake context only, not as a practical-compliance rate or denominator-matched lowerCourtCompliance validation target."
masood-kassow-songer-2019-precedent-treatment,531 U.S. 12,https://doi.org/10.7910/DVN/DZZY7G,10.7910/DVN/DZZY7G,10.1086/703067,531 U.S. 12,CARL W. CLEVELAND v. UNITED STATES,2000,2000-11-07,2000-003-01,121 S. Ct. 365,2000 U.S. LEXIS 7436,1,no,yes,yes,2,188,46,0,46,46,234,234,92,0.196581197,0.196581197,0.500000000,post-decision through 2016,"Aggregate Shepard's lower-court response categories attached to one formally argued U.S. Supreme Court precedent, covering the 12 regular federal circuits, their district courts, and state courts through 2016; Federal Circuit excluded","Automated reduction of the authors' public precedent-level replication file. The source aggregates Shepard's categories and does not expose individual lower-court opinions, non-citing or ignored exposed cases, treatment dates, remedy fidelity, or practical implementation. Use as bounded doctrinal-uptake context only, not as a practical-compliance rate or denominator-matched lowerCourtCompliance validation target."
masood-kassow-songer-2019-precedent-treatment,531 U.S. 4,https://doi.org/10.7910/DVN/DZZY7G,10.7910/DVN/DZZY7G,10.1086/703067,531 U.S. 4,"CHRISTOPHER ARTUZ, SUPERINTENDENT, GREEN HAVEN CORRECTIONAL FACILITY v. TONY BRU",2000,2000-11-07,2000-002-01,121 S. Ct. 361,2000 U.S. LEXIS 7437,1,no,yes,yes,11,3991,403,1,25,26,4394,4017,429,0.091715976,0.006472492,0.939393939,post-decision through 2016,"Aggregate Shepard's lower-court response categories attached to one formally argued U.S. Supreme Court precedent, covering the 12 regular federal circuits, their district courts, and state courts through 2016; Federal Circuit excluded","Automated reduction of the authors' public precedent-level replication file. The source aggregates Shepard's categories and does not expose individual lower-court opinions, non-citing or ignored exposed cases, treatment dates, remedy fidelity, or practical implementation. Use as bounded doctrinal-uptake context only, not as a practical-compliance rate or denominator-matched lowerCourtCompliance validation target."
masood-kassow-songer-2019-precedent-treatment,531 U.S. 28,https://doi.org/10.7910/DVN/DZZY7G,10.7910/DVN/DZZY7G,10.1086/703067,531 U.S. 28,"DARRYL SINKFIELD, et al. v. PEGGY C. KELLEY, et al.",2000,2000-11-27,2000-004-01,121 S. Ct. 446,2000 U.S. LEXIS 8081,9,no,no,yes,0,12,0,0,0,0,12,12,0,0.000000000,0.000000000,,post-decision through 2016,"Aggregate Shepard's lower-court response categories attached to one formally argued U.S. Supreme Court precedent, covering the 12 regular federal circuits, their district courts, and state courts through 2016; Federal Circuit excluded","Automated reduction of the authors' public precedent-level replication file. The source aggregates Shepard's categories and does not expose individual lower-court opinions, non-citing or ignored exposed cases, treatment dates, remedy fidelity, or practical implementation. Use as bounded doctrinal-uptake context only, not as a practical-compliance rate or denominator-matched lowerCourtCompliance validation target."
masood-kassow-songer-2019-precedent-treatment,531 U.S. 32,https://doi.org/10.7910/DVN/DZZY7G,10.7910/DVN/DZZY7G,10.1086/703067,531 U.S. 32,"CITY OF INDIANAPOLIS, et al. v. JAMES EDMOND et al.",2000,2000-11-28,2000-005-01,121 S. Ct. 447,2000 U.S. LEXIS 8084,1,yes,yes,yes,0,666,142,3,86,89,808,755,231,0.175742574,0.117880795,0.614718615,post-decision through 2016,"Aggregate Shepard's lower-court response categories attached to one formally argued U.S. Supreme Court precedent, covering the 12 regular federal circuits, their district courts, and state courts through 2016; Federal Circuit excluded","Automated reduction of the authors' public precedent-level replication file. The source aggregates Shepard's categories and does not expose individual lower-court opinions, non-citing or ignored exposed cases, treatment dates, remedy fidelity, or practical implementation. Use as bounded doctrinal-uptake context only, not as a practical-compliance rate or denominator-matched lowerCourtCompliance validation target."
masood-kassow-songer-2019-precedent-treatment,531 U.S. 57,https://doi.org/10.7910/DVN/DZZY7G,10.7910/DVN/DZZY7G,10.1086/703067,531 U.S. 57,"EASTERN ASSOCIATED COAL CORPORATION v. UNITED MINE WORKERS OF AMERICA, DISTRICT ",2000,2000-11-28,2000-006-01,121 S. Ct. 462,2000 U.S. LEXIS 8083,,no,no,yes,0,376,75,0,8,8,451,384,83,0.166297118,0.020833333,0.903614458,post-decision through 2016,"Aggregate Shepard's lower-court response categories attached to one formally argued U.S. Supreme Court precedent, covering the 12 regular federal circuits, their district courts, and state courts through 2016; Federal Circuit excluded","Automated reduction of the authors' public precedent-level replication file. The source aggregates Shepard's categories and does not expose individual lower-court opinions, non-citing or ignored exposed cases, treatment dates, remedy fidelity, or practical implementation. Use as bounded doctrinal-uptake context only, not as a practical-compliance rate or denominator-matched lowerCourtCompliance validation target."
masood-kassow-songer-2019-precedent-treatment,531 U.S. 70,https://doi.org/10.7910/DVN/DZZY7G,10.7910/DVN/DZZY7G,10.1086/703067,531 U.S. 70,"GEORGE W. BUSH v. PALM BEACH COUNTY CANVASSING BOARD, et al.",2000,2000-12-04,2000-007-01,121 S. Ct. 471,2000 U.S. LEXIS 8087,9,no,no,yes,0,32,0,0,0,0,32,32,0,0.000000000,0.000000000,,post-decision through 2016,"Aggregate Shepard's lower-court response categories attached to one formally argued U.S. Supreme Court precedent, covering the 12 regular federal circuits, their district courts, and state courts through 2016; Federal Circuit excluded","Automated reduction of the authors' public precedent-level replication file. The source aggregates Shepard's categories and does not expose individual lower-court opinions, non-citing or ignored exposed cases, treatment dates, remedy fidelity, or practical implementation. Use as bounded doctrinal-uptake context only, not as a practical-compliance rate or denominator-matched lowerCourtCompliance validation target."
masood-kassow-songer-2019-precedent-treatment,531 U.S. 79,https://doi.org/10.7910/DVN/DZZY7G,10.7910/DVN/DZZY7G,10.1086/703067,531 U.S. 79,GREEN TREE FINANCIAL CORP.-ALABAMA AND GREEN TREE FINANCIAL CORPORATION v. LARKE,2000,2000-12-11,2000-008-01,121 S. Ct. 513,2000 U.S. LEXIS 8279,9,no,no,yes,1,1278,374,2,88,90,1652,1368,464,0.226392252,0.065789474,0.806034483,post-decision through 2016,"Aggregate Shepard's lower-court response categories attached to one formally argued U.S. Supreme Court precedent, covering the 12 regular federal circuits, their district courts, and state courts through 2016; Federal Circuit excluded","Automated reduction of the authors' public precedent-level replication file. The source aggregates Shepard's categories and does not expose individual lower-court opinions, non-citing or ignored exposed cases, treatment dates, remedy fidelity, or practical implementation. Use as bounded doctrinal-uptake context only, not as a practical-compliance rate or denominator-matched lowerCourtCompliance validation target."
masood-kassow-songer-2019-precedent-treatment,531 U.S. 98,https://doi.org/10.7910/DVN/DZZY7G,10.7910/DVN/DZZY7G,10.1086/703067,531 U.S. 98,"GEORGE W. BUSH AND RICHARD CHENEY v. ALBERT GORE, JR., et al.",2000,2000-12-12,2000-009-01,121 S. Ct. 525,2000 U.S. LEXIS 8430,2,no,no,yes,0,289,22,0,59,59,311,348,81,0.070739550,0.169540230,0.271604938,post-decision through 2016,"Aggregate Shepard's lower-court response categories attached to one formally argued U.S. Supreme Court precedent, covering the 12 regular federal circuits, their district courts, and state courts through 2016; Federal Circuit excluded","Automated reduction of the authors' public precedent-level replication file. The source aggregates Shepard's categories and does not expose individual lower-court opinions, non-citing or ignored exposed cases, treatment dates, remedy fidelity, or practical implementation. Use as bounded doctrinal-uptake context only, not as a practical-compliance rate or denominator-matched lowerCourtCompliance validation target."
masood-kassow-songer-2019-precedent-treatment,531 U.S. 159,https://doi.org/10.7910/DVN/DZZY7G,10.7910/DVN/DZZY7G,10.1086/703067,531 U.S. 159,SOLID WASTE AGENCY OF NORTHERN COOK COUNTY v. UNITED STATES ARMY CORPS OF ENGINE,2000,2001-01-09,2000-010-01,121 S. Ct. 675,2001 U.S. LEXIS 640,8,no,no,yes,1,207,28,1,28,29,235,236,57,0.119148936,0.122881356,0.491228070,post-decision through 2016,"Aggregate Shepard's lower-court response categories attached to one formally argued U.S. Supreme Court precedent, covering the 12 regular federal circuits, their district courts, and state courts through 2016; Federal Circuit excluded","Automated reduction of the authors' public precedent-level replication file. The source aggregates Shepard's categories and does not expose individual lower-court opinions, non-citing or ignored exposed cases, treatment dates, remedy fidelity, or practical implementation. Use as bounded doctrinal-uptake context only, not as a practical-compliance rate or denominator-matched lowerCourtCompliance validation target."
masood-kassow-songer-2019-precedent-treatment,531 U.S. 198,https://doi.org/10.7910/DVN/DZZY7G,10.7910/DVN/DZZY7G,10.1086/703067,531 U.S. 198,PAUL L. GLOVER v. UNITED STATES,2000,2001-01-09,2000-011-01,121 S. Ct. 696,2001 U.S. LEXIS 639,1,yes,yes,yes,1,1178,222,2,37,39,1400,1217,261,0.158571429,0.032046015,0.850574713,post-decision through 2016,"Aggregate Shepard's lower-court response categories attached to one formally argued U.S. Supreme Court precedent, covering the 12 regular federal circuits, their district courts, and state courts through 2016; Federal Circuit excluded","Automated reduction of the authors' public precedent-level replication file. The source aggregates Shepard's categories and does not expose individual lower-court opinions, non-citing or ignored exposed cases, treatment dates, remedy fidelity, or practical implementation. Use as bounded doctrinal-uptake context only, not as a practical-compliance rate or denominator-matched lowerCourtCompliance validation target."
masood-kassow-songer-2019-precedent-treatment,531 U.S. 206,https://doi.org/10.7910/DVN/DZZY7G,10.7910/DVN/DZZY7G,10.1086/703067,531 U.S. 206,"DAVID A. GITLITZ, ET UX., et al. v. COMMISSIONER OF INTERNAL REVENUE",2000,2001-01-09,2000-012-01,121 S. Ct. 701,2001 U.S. LEXIS 638,12,no,no,yes,2,41,6,0,2,2,47,43,8,0.127659574,0.046511628,0.750000000,post-decision through 2016,"Aggregate Shepard's lower-court response categories attached to one formally argued U.S. Supreme Court precedent, covering the 12 regular federal circuits, their district courts, and state courts through 2016; Federal Circuit excluded","Automated reduction of the authors' public precedent-level replication file. The source aggregates Shepard's categories and does not expose individual lower-court opinions, non-citing or ignored exposed cases, treatment dates, remedy fidelity, or practical implementation. Use as bounded doctrinal-uptake context only, not as a practical-compliance rate or denominator-matched lowerCourtCompliance validation target."
masood-kassow-songer-2019-precedent-treatment,531 U.S. 225,https://doi.org/10.7910/DVN/DZZY7G,10.7910/DVN/DZZY7G,10.1086/703067,531 U.S. 225,"WILLIAM FIORE v. GREGORY WHITE, WARDEN, et al.",2000,2001-01-09,2000-013-01,121 S. Ct. 712,2001 U.S. LEXIS 641,4,yes,no,yes,0,347,33,0,44,44,380,391,77,0.086842105,0.112531969,0.428571429,post-decision through 2016,"Aggregate Shepard's lower-court response categories attached to one formally argued U.S. Supreme Court precedent, covering the 12 regular federal circuits, their district courts, and state courts through 2016; Federal Circuit excluded","Automated reduction of the authors' public precedent-level replication file. The source aggregates Shepard's categories and does not expose individual lower-court opinions, non-citing or ignored exposed cases, treatment dates, remedy fidelity, or practical implementation. Use as bounded doctrinal-uptake context only, not as a practical-compliance rate or denominator-matched lowerCourtCompliance validation target."
masood-kassow-songer-2019-precedent-treatment,531 U.S. 230,https://doi.org/10.7910/DVN/DZZY7G,10.7910/DVN/DZZY7G,10.1086/703067,531 U.S. 230,"CHRISTOPHER A. LOPEZ v. RANDY J. DAVIS, WARDEN, et al.",2000,2001-01-10,2000-014-01,121 S. Ct. 714,2001 U.S. LEXIS 642,1,no,yes,yes,2,767,230,3,117,120,997,887,350,0.230692076,0.135287486,0.657142857,post-decision through 2016,"Aggregate Shepard's lower-court response categories attached to one formally argued U.S. Supreme Court precedent, covering the 12 regular federal circuits, their district courts, and state courts through 2016; Federal Circuit excluded","Automated reduction of the authors' public precedent-level replication file. The source aggregates Shepard's categories and does not expose individual lower-court opinions, non-citing or ignored exposed cases, treatment dates, remedy fidelity, or practical implementation. Use as bounded doctrinal-uptake context only, not as a practical-compliance rate or denominator-matched lowerCourtCompliance validation target."
masood-kassow-songer-2019-precedent-treatment,531 U.S. 250,https://doi.org/10.7910/DVN/DZZY7G,10.7910/DVN/DZZY7G,10.1086/703067,531 U.S. 250,"MARK SELING, SUPERINTENDENT, SPECIAL COMMITMENT CENTER v. ANDRE BRIGHAM YOUNG",2000,2001-01-17,2000-015-01,121 S. Ct. 727,2001 U.S. LEXIS 790,4,yes,no,yes,0,337,114,0,8,8,451,345,122,0.252771619,0.023188406,0.934426230,post-decision through 2016,"Aggregate Shepard's lower-court response categories attached to one formally argued U.S. Supreme Court precedent, covering the 12 regular federal circuits, their district courts, and state courts through 2016; Federal Circuit excluded","Automated reduction of the authors' public precedent-level replication file. The source aggregates Shepard's categories and does not expose individual lower-court opinions, non-citing or ignored exposed cases, treatment dates, remedy fidelity, or practical implementation. Use as bounded doctrinal-uptake context only, not as a practical-compliance rate or denominator-matched lowerCourtCompliance validation target."
masood-kassow-songer-2019-precedent-treatment,531 U.S. 278,https://doi.org/10.7910/DVN/DZZY7G,10.7910/DVN/DZZY7G,10.1086/703067,531 U.S. 278,"CITY NEWS AND NOVELTY, INC. v. CITY OF WAUKESHA",2000,2001-01-17,2000-016-01,121 S. Ct. 743,2001 U.S. LEXIS 789,9,no,no,yes,0,82,7,0,8,8,89,90,15,0.078651685,0.088888889,0.466666667,post-decision through 2016,"Aggregate Shepard's lower-court response categories attached to one formally argued U.S. Supreme Court precedent, covering the 12 regular federal circuits, their district courts, and state courts through 2016; Federal Circuit excluded","Automated reduction of the authors' public precedent-level replication file. The source aggregates Shepard's categories and does not expose individual lower-court opinions, non-citing or ignored exposed cases, treatment dates, remedy fidelity, or practical implementation. Use as bounded doctrinal-uptake context only, not as a practical-compliance rate or denominator-matched lowerCourtCompliance validation target."
masood-kassow-songer-2019-precedent-treatment,531 U.S. 287,https://doi.org/10.7910/DVN/DZZY7G,10.7910/DVN/DZZY7G,10.1086/703067,531 U.S. 287,"DISTRICT OF COLUMBIA, et al., v. TRI COUNTY INDUSTRIES, INC.",2000,2001-01-17,2000-017-01,121 S. Ct. 850,2001 U.S. LEXIS 791,9,no,no,yes,0,0,0,0,0,0,0,0,0,,,,post-decision through 2016,"Aggregate Shepard's lower-court response categories attached to one formally argued U.S. Supreme Court precedent, covering the 12 regular federal circuits, their district courts, and state courts through 2016; Federal Circuit excluded","Automated reduction of the authors' public precedent-level replication file. The source aggregates Shepard's categories and does not expose individual lower-court opinions, non-citing or ignored exposed cases, treatment dates, remedy fidelity, or practical implementation. Use as bounded doctrinal-uptake context only, not as a practical-compliance rate or denominator-matched lowerCourtCompliance validation target."
masood-kassow-songer-2019-precedent-treatment,531 U.S. 288,https://doi.org/10.7910/DVN/DZZY7G,10.7910/DVN/DZZY7G,10.1086/703067,531 U.S. 288,"BRENTWOOD ACADEMY v. TENNESSEE SECONDARY SCHOOL ATHLETIC ASSOCIATION, et al.",2000,2001-02-20,2000-018-01,121 S. Ct. 924,2001 U.S. LEXIS 964,4,yes,no,yes,0,1125,370,0,46,46,1495,1171,416,0.247491639,0.039282664,0.889423077,post-decision through 2016,"Aggregate Shepard's lower-court response categories attached to one formally argued U.S. Supreme Court precedent, covering the 12 regular federal circuits, their district courts, and state courts through 2016; Federal Circuit excluded","Automated reduction of the authors' public precedent-level replication file. The source aggregates Shepard's categories and does not expose individual lower-court opinions, non-citing or ignored exposed cases, treatment dates, remedy fidelity, or practical implementation. Use as bounded doctrinal-uptake context only, not as a practical-compliance rate or denominator-matched lowerCourtCompliance validation target."
masood-kassow-songer-2019-precedent-treatment,531 U.S. 316,https://doi.org/10.7910/DVN/DZZY7G,10.7910/DVN/DZZY7G,10.1086/703067,531 U.S. 316,"DIRECTOR OF REVENUE OF MISSOURI v. COBANK ACB, AS SUCCESSOR TO THE NATIONAL BANK",2000,2001-02-20,2000-019-01,121 S. Ct. 941,2001 U.S. LEXIS 963,8,no,no,yes,0,13,4,0,1,1,17,14,5,0.235294118,0.071428571,0.800000000,post-decision through 2016,"Aggregate Shepard's lower-court response categories attached to one formally argued U.S. Supreme Court precedent, covering the 12 regular federal circuits, their district courts, and state courts through 2016; Federal Circuit excluded","Automated reduction of the authors' public precedent-level replication file. The source aggregates Shepard's categories and does not expose individual lower-court opinions, non-citing or ignored exposed cases, treatment dates, remedy fidelity, or practical implementation. Use as bounded doctrinal-uptake context only, not as a practical-compliance rate or denominator-matched lowerCourtCompliance validation target."
masood-kassow-songer-2019-precedent-treatment,531 U.S. 326,https://doi.org/10.7910/DVN/DZZY7G,10.7910/DVN/DZZY7G,10.1086/703067,531 U.S. 326,ILLINOIS v. CHARLES MCARTHUR,2000,2001-02-20,2000-020-01,121 S. Ct. 946,2001 U.S. LEXIS 962,1,yes,yes,yes,0,433,105,1,21,22,538,455,127,0.195167286,0.048351648,0.826771654,post-decision through 2016,"Aggregate Shepard's lower-court response categories attached to one formally argued U.S. Supreme Court precedent, covering the 12 regular federal circuits, their district courts, and state courts through 2016; Federal Circuit excluded","Automated reduction of the authors' public precedent-level replication file. The source aggregates Shepard's categories and does not expose individual lower-court opinions, non-citing or ignored exposed cases, treatment dates, remedy fidelity, or practical implementation. Use as bounded doctrinal-uptake context only, not as a practical-compliance rate or denominator-matched lowerCourtCompliance validation target."
masood-kassow-songer-2019-precedent-treatment,531 U.S. 341,https://doi.org/10.7910/DVN/DZZY7G,10.7910/DVN/DZZY7G,10.1086/703067,531 U.S. 341,BUCKMAN COMPANY v. Plaintiffs' LEGAL COMMITTEE,2000,2001-02-21,2000-021-01,121 S. Ct. 1012,2001 U.S. LEXIS 1701,10,no,no,yes,0,572,176,1,138,139,748,711,315,0.235294118,0.195499297,0.558730159,post-decision through 2016,"Aggregate Shepard's lower-court response categories attached to one formally argued U.S. Supreme Court precedent, covering the 12 regular federal circuits, their district courts, and state courts through 2016; Federal Circuit excluded","Automated reduction of the authors' public precedent-level replication file. The source aggregates Shepard's categories and does not expose individual lower-court opinions, non-citing or ignored exposed cases, treatment dates, remedy fidelity, or practical implementation. Use as bounded doctrinal-uptake context only, not as a practical-compliance rate or denominator-matched lowerCourtCompliance validation target."
masood-kassow-songer-2019-precedent-treatment,531 U.S. 356,https://doi.org/10.7910/DVN/DZZY7G,10.7910/DVN/DZZY7G,10.1086/703067,531 U.S. 356,"BOARD OF TRUSTEES OF THE UNIVERSITY OF ALABAMA, et al., v. PATRICIA GARRETT, et ",2000,2001-02-21,2000-022-01,121 S. Ct. 955,2001 U.S. LEXIS 1700,10,yes,no,yes,0,2077,443,1,52,53,2520,2130,496,0.175793651,0.024882629,0.893145161,post-decision through 2016,"Aggregate Shepard's lower-court response categories attached to one formally argued U.S. Supreme Court precedent, covering the 12 regular federal circuits, their district courts, and state courts through 2016; Federal Circuit excluded","Automated reduction of the authors' public precedent-level replication file. The source aggregates Shepard's categories and does not expose individual lower-court opinions, non-citing or ignored exposed cases, treatment dates, remedy fidelity, or practical implementation. Use as bounded doctrinal-uptake context only, not as a practical-compliance rate or denominator-matched lowerCourtCompliance validation target."
masood-kassow-songer-2019-precedent-treatment,531 U.S. 425,https://doi.org/10.7910/DVN/DZZY7G,10.7910/DVN/DZZY7G,10.1086/703067,531 U.S. 425,CENTRAL GREEN CO. v. UNITED STATES,2000,2001-02-21,2000-023-01,121 S. Ct. 1005,2001 U.S. LEXIS 1699,8,no,no,yes,0,45,16,0,1,1,61,46,17,0.262295082,0.021739130,0.941176471,post-decision through 2016,"Aggregate Shepard's lower-court response categories attached to one formally argued U.S. Supreme Court precedent, covering the 12 regular federal circuits, their district courts, and state courts through 2016; Federal Circuit excluded","Automated reduction of the authors' public precedent-level replication file. The source aggregates Shepard's categories and does not expose individual lower-court opinions, non-citing or ignored exposed cases, treatment dates, remedy fidelity, or practical implementation. Use as bounded doctrinal-uptake context only, not as a practical-compliance rate or denominator-matched lowerCourtCompliance validation target."
masood-kassow-songer-2019-precedent-treatment,531 U.S. 438,https://doi.org/10.7910/DVN/DZZY7G,10.7910/DVN/DZZY7G,10.1086/703067,531 U.S. 438,"JAMES F. LEWIS v. LEWIS & CLARK MARINE, INC., ETC.",2000,2001-02-21,2000-024-01,121 S. Ct. 993,2001 U.S. LEXIS 1698,9,no,no,yes,0,322,49,0,11,11,371,333,60,0.132075472,0.033033033,0.816666667,post-decision through 2016,"Aggregate Shepard's lower-court response categories attached to one formally argued U.S. Supreme Court precedent, covering the 12 regular federal circuits, their district courts, and state courts through 2016; Federal Circuit excluded","Automated reduction of the authors' public precedent-level replication file. The source aggregates Shepard's categories and does not expose individual lower-court opinions, non-citing or ignored exposed cases, treatment dates, remedy fidelity, or practical implementation. Use as bounded doctrinal-uptake context only, not as a practical-compliance rate or denominator-matched lowerCourtCompliance validation target."
masood-kassow-songer-2019-precedent-treatment,531 U.S. 457,https://doi.org/10.7910/DVN/DZZY7G,10.7910/DVN/DZZY7G,10.1086/703067,531 U.S. 457,"CHRISTINE TODD WHITMAN, ADMINISTRATOR OF ENVIRONMENTAL PROTECTION AGENCY, et al.",2000,2001-02-27,2000-025-01,121 S. Ct. 903,2001 U.S. LEXIS 1952,8,no,no,yes,2,414,51,0,13,13,465,427,64,0.109677419,0.030444965,0.796875000,post-decision through 2016,"Aggregate Shepard's lower-court response categories attached to one formally argued U.S. Supreme Court precedent, covering the 12 regular federal circuits, their district courts, and state courts through 2016; Federal Circuit excluded","Automated reduction of the authors' public precedent-level replication file. The source aggregates Shepard's categories and does not expose individual lower-court opinions, non-citing or ignored exposed cases, treatment dates, remedy fidelity, or practical implementation. Use as bounded doctrinal-uptake context only, not as a practical-compliance rate or denominator-matched lowerCourtCompliance validation target."
masood-kassow-songer-2019-precedent-treatment,531 U.S. 497,https://doi.org/10.7910/DVN/DZZY7G,10.7910/DVN/DZZY7G,10.1086/703067,531 U.S. 497,SEMTEK INTERNATIONAL INCORPORATED v. LOCKHEED MARTIN CORPORATION,2000,2001-02-27,2000-026-01,121 S. Ct. 1021,2001 U.S. LEXIS 1951,9,no,no,yes,0,726,108,1,34,35,834,761,143,0.129496403,0.045992116,0.755244755,post-decision through 2016,"Aggregate Shepard's lower-court response categories attached to one formally argued U.S. Supreme Court precedent, covering the 12 regular federal circuits, their district courts, and state courts through 2016; Federal Circuit excluded","Automated reduction of the authors' public precedent-level replication file. The source aggregates Shepard's categories and does not expose individual lower-court opinions, non-citing or ignored exposed cases, treatment dates, remedy fidelity, or practical implementation. Use as bounded doctrinal-uptake context only, not as a practical-compliance rate or denominator-matched lowerCourtCompliance validation target."
masood-kassow-songer-2019-precedent-treatment,531 U.S. 510,https://doi.org/10.7910/DVN/DZZY7G,10.7910/DVN/DZZY7G,10.1086/703067,531 U.S. 510,REBECCA MCDOWELL COOK v. DONALD J. GRALIKE AND MIKE HARMAN,2000,2001-02-28,2000-027-01,121 S. Ct. 1029,2001 U.S. LEXIS 1953,2,yes,no,yes,0,22,3,0,8,8,25,30,11,0.120000000,0.266666667,0.272727273,post-decision through 2016,"Aggregate Shepard's lower-court response categories attached to one formally argued U.S. Supreme Court precedent, covering the 12 regular federal circuits, their district courts, and state courts through 2016; Federal Circuit excluded","Automated reduction of the authors' public precedent-level replication file. The source aggregates Shepard's categories and does not expose individual lower-court opinions, non-citing or ignored exposed cases, treatment dates, remedy fidelity, or practical implementation. Use as bounded doctrinal-uptake context only, not as a practical-compliance rate or denominator-matched lowerCourtCompliance validation target."
masood-kassow-songer-2019-precedent-treatment,531 U.S. 533,https://doi.org/10.7910/DVN/DZZY7G,10.7910/DVN/DZZY7G,10.1086/703067,531 U.S. 533,"LEGAL SERVICES CORPORATION v. CARMEN VELAZQUEZ, et al.",2000,2001-02-28,2000-028-01,121 S. Ct. 1043,2001 U.S. LEXIS 1954,3,yes,no,yes,0,107,17,2,29,31,124,138,48,0.137096774,0.224637681,0.354166667,post-decision through 2016,"Aggregate Shepard's lower-court response categories attached to one formally argued U.S. Supreme Court precedent, covering the 12 regular federal circuits, their district courts, and state courts through 2016; Federal Circuit excluded","Automated reduction of the authors' public precedent-level replication file. The source aggregates Shepard's categories and does not expose individual lower-court opinions, non-citing or ignored exposed cases, treatment dates, remedy fidelity, or practical implementation. Use as bounded doctrinal-uptake context only, not as a practical-compliance rate or denominator-matched lowerCourtCompliance validation target."
masood-kassow-songer-2019-precedent-treatment,532 U.S. 1,https://doi.org/10.7910/DVN/DZZY7G,10.7910/DVN/DZZY7G,10.1086/703067,532 U.S. 1,DEPARTMENT OF THE INTERIOR AND BUREAU OF INDIAN AFFAIRS v. KLAMATH WATER USERS P,2000,2001-03-05,2000-029-01,121 S. Ct. 1060,2001 U.S. LEXIS 1957,5,no,no,yes,0,518,103,0,15,15,621,533,118,0.165861514,0.028142589,0.872881356,post-decision through 2016,"Aggregate Shepard's lower-court response categories attached to one formally argued U.S. Supreme Court precedent, covering the 12 regular federal circuits, their district courts, and state courts through 2016; Federal Circuit excluded","Automated reduction of the authors' public precedent-level replication file. The source aggregates Shepard's categories and does not expose individual lower-court opinions, non-citing or ignored exposed cases, treatment dates, remedy fidelity, or practical implementation. Use as bounded doctrinal-uptake context only, not as a practical-compliance rate or denominator-matched lowerCourtCompliance validation target."
masood-kassow-songer-2019-precedent-treatment,532 U.S. 17,https://doi.org/10.7910/DVN/DZZY7G,10.7910/DVN/DZZY7G,10.1086/703067,532 U.S. 17,OHIO v. MATTHEW REINER,2000,2001-03-19,2000-030-01,121 S. Ct. 1252,2001 U.S. LEXIS 2454,1,no,yes,yes,0,99,9,0,2,2,108,101,11,0.083333333,0.019801980,0.818181818,post-decision through 2016,"Aggregate Shepard's lower-court response categories attached to one formally argued U.S. Supreme Court precedent, covering the 12 regular federal circuits, their district courts, and state courts through 2016; Federal Circuit excluded","Automated reduction of the authors' public precedent-level replication file. The source aggregates Shepard's categories and does not expose individual lower-court opinions, non-citing or ignored exposed cases, treatment dates, remedy fidelity, or practical implementation. Use as bounded doctrinal-uptake context only, not as a practical-compliance rate or denominator-matched lowerCourtCompliance validation target."
masood-kassow-songer-2019-precedent-treatment,532 U.S. 23,https://doi.org/10.7910/DVN/DZZY7G,10.7910/DVN/DZZY7G,10.1086/703067,532 U.S. 23,"TRAFFIX DEVICES, INC. v. MARKETING DISPLAYS, INC.",2000,2001-03-20,2000-031-01,121 S. Ct. 1255,2001 U.S. LEXIS 2457,8,no,no,yes,0,347,100,0,14,14,447,361,114,0.223713647,0.038781163,0.877192982,post-decision through 2016,"Aggregate Shepard's lower-court response categories attached to one formally argued U.S. Supreme Court precedent, covering the 12 regular federal circuits, their district courts, and state courts through 2016; Federal Circuit excluded","Automated reduction of the authors' public precedent-level replication file. The source aggregates Shepard's categories and does not expose individual lower-court opinions, non-citing or ignored exposed cases, treatment dates, remedy fidelity, or practical implementation. Use as bounded doctrinal-uptake context only, not as a practical-compliance rate or denominator-matched lowerCourtCompliance validation target."
masood-kassow-songer-2019-precedent-treatment,532 U.S. 36,https://doi.org/10.7910/DVN/DZZY7G,10.7910/DVN/DZZY7G,10.1086/703067,532 U.S. 36,"WESLEY AARON SHAFER, JR. v. SOUTH CAROLINA",2000,2001-03-20,2000-032-01,121 S. Ct. 1263,2001 U.S. LEXIS 2456,1,yes,yes,yes,0,92,28,1,23,24,120,116,52,0.233333333,0.206896552,0.538461538,post-decision through 2016,"Aggregate Shepard's lower-court response categories attached to one formally argued U.S. Supreme Court precedent, covering the 12 regular federal circuits, their district courts, and state courts through 2016; Federal Circuit excluded","Automated reduction of the authors' public precedent-level replication file. The source aggregates Shepard's categories and does not expose individual lower-court opinions, non-citing or ignored exposed cases, treatment dates, remedy fidelity, or practical implementation. Use as bounded doctrinal-uptake context only, not as a practical-compliance rate or denominator-matched lowerCourtCompliance validation target."
masood-kassow-songer-2019-precedent-treatment,532 U.S. 59,https://doi.org/10.7910/DVN/DZZY7G,10.7910/DVN/DZZY7G,10.1086/703067,532 U.S. 59,PAULA L. BUFORD v. UNITED STATES,2000,2001-03-20,2000-033-01,121 S. Ct. 1276,2001 U.S. LEXIS 2455,1,no,yes,yes,0,258,38,0,10,10,296,268,48,0.128378378,0.037313433,0.791666667,post-decision through 2016,"Aggregate Shepard's lower-court response categories attached to one formally argued U.S. Supreme Court precedent, covering the 12 regular federal circuits, their district courts, and state courts through 2016; Federal Circuit excluded","Automated reduction of the authors' public precedent-level replication file. The source aggregates Shepard's categories and does not expose individual lower-court opinions, non-citing or ignored exposed cases, treatment dates, remedy fidelity, or practical implementation. Use as bounded doctrinal-uptake context only, not as a practical-compliance rate or denominator-matched lowerCourtCompliance validation target."
masood-kassow-songer-2019-precedent-treatment,532 U.S. 105,https://doi.org/10.7910/DVN/DZZY7G,10.7910/DVN/DZZY7G,10.1086/703067,532 U.S. 105,"CIRCUIT CITY STORES, INC. v. SAINT CLAIR ADAMS",2000,2001-03-21,2000-035-01,121 S. Ct. 1302,2001 U.S. LEXIS 2459,7,no,no,yes,3,922,143,0,26,26,1065,948,169,0.134272300,0.027426160,0.846153846,post-decision through 2016,"Aggregate Shepard's lower-court response categories attached to one formally argued U.S. Supreme Court precedent, covering the 12 regular federal circuits, their district courts, and state courts through 2016; Federal Circuit excluded","Automated reduction of the authors' public precedent-level replication file. The source aggregates Shepard's categories and does not expose individual lower-court opinions, non-citing or ignored exposed cases, treatment dates, remedy fidelity, or practical implementation. Use as bounded doctrinal-uptake context only, not as a practical-compliance rate or denominator-matched lowerCourtCompliance validation target."
masood-kassow-songer-2019-precedent-treatment,532 U.S. 141,https://doi.org/10.7910/DVN/DZZY7G,10.7910/DVN/DZZY7G,10.1086/703067,532 U.S. 141,"DONNA RAE EGELHOFF v. SAMANTHA EGELHOFF, A MINOR, BY AND THROUGH HER NATURAL PAR",2000,2001-03-21,2000-036-01,121 S. Ct. 1322,2001 U.S. LEXIS 2458,10,no,no,yes,0,490,83,0,32,32,573,522,115,0.144851658,0.061302682,0.721739130,post-decision through 2016,"Aggregate Shepard's lower-court response categories attached to one formally argued U.S. Supreme Court precedent, covering the 12 regular federal circuits, their district courts, and state courts through 2016; Federal Circuit excluded","Automated reduction of the authors' public precedent-level replication file. The source aggregates Shepard's categories and does not expose individual lower-court opinions, non-citing or ignored exposed cases, treatment dates, remedy fidelity, or practical implementation. Use as bounded doctrinal-uptake context only, not as a practical-compliance rate or denominator-matched lowerCourtCompliance validation target."
masood-kassow-songer-2019-precedent-treatment,532 U.S. 67,https://doi.org/10.7910/DVN/DZZY7G,10.7910/DVN/DZZY7G,10.1086/703067,532 U.S. 67,"CRYSTAL M. FERGUSON, et al. v. CITY OF CHARLESTON et al.",2000,2001-03-21,2000-034-01,121 S. Ct. 1281,2001 U.S. LEXIS 2460,1,yes,yes,yes,0,273,49,2,63,65,322,338,114,0.152173913,0.192307692,0.429824561,post-decision through 2016,"Aggregate Shepard's lower-court response categories attached to one formally argued U.S. Supreme Court precedent, covering the 12 regular federal circuits, their district courts, and state courts through 2016; Federal Circuit excluded","Automated reduction of the authors' public precedent-level replication file. The source aggregates Shepard's categories and does not expose individual lower-court opinions, non-citing or ignored exposed cases, treatment dates, remedy fidelity, or practical implementation. Use as bounded doctrinal-uptake context only, not as a practical-compliance rate or denominator-matched lowerCourtCompliance validation target."
masood-kassow-songer-2019-precedent-treatment,532 U.S. 162,https://doi.org/10.7910/DVN/DZZY7G,10.7910/DVN/DZZY7G,10.1086/703067,532 U.S. 162,TEXAS v. RAYMOND LEVI COBB,2000,2001-04-02,2000-037-01,121 S. Ct. 1335,2001 U.S. LEXIS 2696,1,yes,yes,yes,0,448,104,0,12,12,552,460,116,0.188405797,0.026086957,0.896551724,post-decision through 2016,"Aggregate Shepard's lower-court response categories attached to one formally argued U.S. Supreme Court precedent, covering the 12 regular federal circuits, their district courts, and state courts through 2016; Federal Circuit excluded","Automated reduction of the authors' public precedent-level replication file. The source aggregates Shepard's categories and does not expose individual lower-court opinions, non-citing or ignored exposed cases, treatment dates, remedy fidelity, or practical implementation. Use as bounded doctrinal-uptake context only, not as a practical-compliance rate or denominator-matched lowerCourtCompliance validation target."
masood-kassow-songer-2019-precedent-treatment,532 U.S. 189,https://doi.org/10.7910/DVN/DZZY7G,10.7910/DVN/DZZY7G,10.1086/703067,532 U.S. 189,"ARTHUR S. LUJAN, LABOR COMMISSIONER OF CALIFORNIA, et al. v. G & G FIRE SPRINKLE",2000,2001-04-17,2000-038-01,121 S. Ct. 1446,2001 U.S. LEXIS 3204,4,yes,no,yes,1,115,29,1,12,13,144,128,42,0.201388889,0.101562500,0.690476190,post-decision through 2016,"Aggregate Shepard's lower-court response categories attached to one formally argued U.S. Supreme Court precedent, covering the 12 regular federal circuits, their district courts, and state courts through 2016; Federal Circuit excluded","Automated reduction of the authors' public precedent-level replication file. The source aggregates Shepard's categories and does not expose individual lower-court opinions, non-citing or ignored exposed cases, treatment dates, remedy fidelity, or practical implementation. Use as bounded doctrinal-uptake context only, not as a practical-compliance rate or denominator-matched lowerCourtCompliance validation target."
masood-kassow-songer-2019-precedent-treatment,532 U.S. 200,https://doi.org/10.7910/DVN/DZZY7G,10.7910/DVN/DZZY7G,10.1086/703067,532 U.S. 200,UNITED STATES v. CLEVELAND INDIANS BASEBALL COMPANY,2000,2001-04-17,2000-039-01,121 S. Ct. 1433,2001 U.S. LEXIS 3203,12,no,no,yes,0,107,10,0,2,2,117,109,12,0.085470085,0.018348624,0.833333333,post-decision through 2016,"Aggregate Shepard's lower-court response categories attached to one formally argued U.S. Supreme Court precedent, covering the 12 regular federal circuits, their district courts, and state courts through 2016; Federal Circuit excluded","Automated reduction of the authors' public precedent-level replication file. The source aggregates Shepard's categories and does not expose individual lower-court opinions, non-citing or ignored exposed cases, treatment dates, remedy fidelity, or practical implementation. Use as bounded doctrinal-uptake context only, not as a practical-compliance rate or denominator-matched lowerCourtCompliance validation target."
masood-kassow-songer-2019-precedent-treatment,532 U.S. 223,https://doi.org/10.7910/DVN/DZZY7G,10.7910/DVN/DZZY7G,10.1086/703067,532 U.S. 223,"ROBERT SHAW, et al.  v. KEVIN MURPHY",2000,2001-04-18,2000-040-01,121 S. Ct. 1475,2001 U.S. LEXIS 3205,3,yes,no,yes,0,817,139,0,5,5,956,822,144,0.145397490,0.006082725,0.965277778,post-decision through 2016,"Aggregate Shepard's lower-court response categories attached to one formally argued U.S. Supreme Court precedent, covering the 12 regular federal circuits, their district courts, and state courts through 2016; Federal Circuit excluded","Automated reduction of the authors' public precedent-level replication file. The source aggregates Shepard's categories and does not expose individual lower-court opinions, non-citing or ignored exposed cases, treatment dates, remedy fidelity, or practical implementation. Use as bounded doctrinal-uptake context only, not as a practical-compliance rate or denominator-matched lowerCourtCompliance validation target."
masood-kassow-songer-2019-precedent-treatment,532 U.S. 234,https://doi.org/10.7910/DVN/DZZY7G,10.7910/DVN/DZZY7G,10.1086/703067,532 U.S. 234,"MICHAEL F. EASLEY, * GOVERNOR OF NORTH CAROLINA, et al. v. MARTIN CROMARTIE, et ",2000,2001-04-18,2000-041-02,121 S. Ct. 1452,2001 U.S. LEXIS 3206,2,yes,no,yes,0,404,54,0,6,6,458,410,60,0.117903930,0.014634146,0.900000000,post-decision through 2016,"Aggregate Shepard's lower-court response categories attached to one formally argued U.S. Supreme Court precedent, covering the 12 regular federal circuits, their district courts, and state courts through 2016; Federal Circuit excluded","Automated reduction of the authors' public precedent-level replication file. The source aggregates Shepard's categories and does not expose individual lower-court opinions, non-citing or ignored exposed cases, treatment dates, remedy fidelity, or practical implementation. Use as bounded doctrinal-uptake context only, not as a practical-compliance rate or denominator-matched lowerCourtCompliance validation target."
masood-kassow-songer-2019-precedent-treatment,532 U.S. 268,https://doi.org/10.7910/DVN/DZZY7G,10.7910/DVN/DZZY7G,10.1086/703067,532 U.S. 268,CLARK COUNTY SCHOOL DISTRICT v. SHIRLEY A. BREEDEN,2000,2001-04-23,2000-042-01,121 S. Ct. 1508,2001 U.S. LEXIS 3365,2,no,no,yes,0,3225,665,0,75,75,3890,3300,740,0.170951157,0.022727273,0.898648649,post-decision through 2016,"Aggregate Shepard's lower-court response categories attached to one formally argued U.S. Supreme Court precedent, covering the 12 regular federal circuits, their district courts, and state courts through 2016; Federal Circuit excluded","Automated reduction of the authors' public precedent-level replication file. The source aggregates Shepard's categories and does not expose individual lower-court opinions, non-citing or ignored exposed cases, treatment dates, remedy fidelity, or practical implementation. Use as bounded doctrinal-uptake context only, not as a practical-compliance rate or denominator-matched lowerCourtCompliance validation target."
masood-kassow-songer-2019-precedent-treatment,532 U.S. 275,https://doi.org/10.7910/DVN/DZZY7G,10.7910/DVN/DZZY7G,10.1086/703067,532 U.S. 275,"JAMES ALEXANDER, DIRECTOR, ALABAMA DEPARTMENT OF PUBLIC SAFETY, et al. v. MARTHA",2000,2001-04-24,2000-043-01,121 S. Ct. 1511,2001 U.S. LEXIS 3367,9,no,no,yes,0,1373,324,2,42,44,1697,1417,368,0.190925162,0.031051517,0.880434783,post-decision through 2016,"Aggregate Shepard's lower-court response categories attached to one formally argued U.S. Supreme Court precedent, covering the 12 regular federal circuits, their district courts, and state courts through 2016; Federal Circuit excluded","Automated reduction of the authors' public precedent-level replication file. The source aggregates Shepard's categories and does not expose individual lower-court opinions, non-citing or ignored exposed cases, treatment dates, remedy fidelity, or practical implementation. Use as bounded doctrinal-uptake context only, not as a practical-compliance rate or denominator-matched lowerCourtCompliance validation target."
masood-kassow-songer-2019-precedent-treatment,532 U.S. 318,https://doi.org/10.7910/DVN/DZZY7G,10.7910/DVN/DZZY7G,10.1086/703067,532 U.S. 318,"GAIL ATWATER, et al. v. CITY OF LAGO VISTA et al.",2000,2001-04-24,2000-044-01,121 S. Ct. 1536,2001 U.S. LEXIS 3366,1,yes,yes,yes,0,1170,172,6,44,50,1342,1220,222,0.128166915,0.040983607,0.774774775,post-decision through 2016,"Aggregate Shepard's lower-court response categories attached to one formally argued U.S. Supreme Court precedent, covering the 12 regular federal circuits, their district courts, and state courts through 2016; Federal Circuit excluded","Automated reduction of the authors' public precedent-level replication file. The source aggregates Shepard's categories and does not expose individual lower-court opinions, non-citing or ignored exposed cases, treatment dates, remedy fidelity, or practical implementation. Use as bounded doctrinal-uptake context only, not as a practical-compliance rate or denominator-matched lowerCourtCompliance validation target."
masood-kassow-songer-2019-precedent-treatment,532 U.S. 374,https://doi.org/10.7910/DVN/DZZY7G,10.7910/DVN/DZZY7G,10.1086/703067,532 U.S. 374,"EARTHY D. DANIELS, JR. v. UNITED STATES",2000,2001-04-25,2000-045-01,121 S. Ct. 1578,2001 U.S. LEXIS 3368,1,no,yes,yes,1,887,203,1,48,49,1090,936,252,0.186238532,0.052350427,0.805555556,post-decision through 2016,"Aggregate Shepard's lower-court response categories attached to one formally argued U.S. Supreme Court precedent, covering the 12 regular federal circuits, their district courts, and state courts through 2016; Federal Circuit excluded","Automated reduction of the authors' public precedent-level replication file. The source aggregates Shepard's categories and does not expose individual lower-court opinions, non-citing or ignored exposed cases, treatment dates, remedy fidelity, or practical implementation. Use as bounded doctrinal-uptake context only, not as a practical-compliance rate or denominator-matched lowerCourtCompliance validation target."
masood-kassow-songer-2019-precedent-treatment,532 U.S. 394,https://doi.org/10.7910/DVN/DZZY7G,10.7910/DVN/DZZY7G,10.1086/703067,532 U.S. 394,"LACKAWANNA COUNTY DISTRICT ATTORNEY, et al. v. EDWARD R. COSS, JR.",2000,2001-04-25,2000-046-01,121 S. Ct. 1567,2001 U.S. LEXIS 3369,1,no,yes,yes,0,1011,509,1,145,146,1520,1157,655,0.334868421,0.126188418,0.777099237,post-decision through 2016,"Aggregate Shepard's lower-court response categories attached to one formally argued U.S. Supreme Court precedent, covering the 12 regular federal circuits, their district courts, and state courts through 2016; Federal Circuit excluded","Automated reduction of the authors' public precedent-level replication file. The source aggregates Shepard's categories and does not expose individual lower-court opinions, non-citing or ignored exposed cases, treatment dates, remedy fidelity, or practical implementation. Use as bounded doctrinal-uptake context only, not as a practical-compliance rate or denominator-matched lowerCourtCompliance validation target."
masood-kassow-songer-2019-precedent-treatment,532 U.S. 411,https://doi.org/10.7910/DVN/DZZY7G,10.7910/DVN/DZZY7G,10.1086/703067,532 U.S. 411,"C & L ENTERPRISES, INC. v. CITIZEN BAND POTAWATOMI INDIAN TRIBE OF OKLAHOMA",2000,2001-04-30,2000-047-01,121 S. Ct. 1589,2001 U.S. LEXIS 3374,2,no,no,yes,0,197,27,0,32,32,224,229,59,0.120535714,0.139737991,0.457627119,post-decision through 2016,"Aggregate Shepard's lower-court response categories attached to one formally argued U.S. Supreme Court precedent, covering the 12 regular federal circuits, their district courts, and state courts through 2016; Federal Circuit excluded","Automated reduction of the authors' public precedent-level replication file. The source aggregates Shepard's categories and does not expose individual lower-court opinions, non-citing or ignored exposed cases, treatment dates, remedy fidelity, or practical implementation. Use as bounded doctrinal-uptake context only, not as a practical-compliance rate or denominator-matched lowerCourtCompliance validation target."
masood-kassow-songer-2019-precedent-treatment,532 U.S. 424,https://doi.org/10.7910/DVN/DZZY7G,10.7910/DVN/DZZY7G,10.1086/703067,532 U.S. 424,"COOPER INDUSTRIES, INC. v. LEATHERMAN TOOL GROUP, INC.",2000,2001-05-14,2000-048-01,121 S. Ct. 1678,2001 U.S. LEXIS 3520,8,yes,no,yes,1,529,92,0,21,21,621,550,113,0.148148148,0.038181818,0.814159292,post-decision through 2016,"Aggregate Shepard's lower-court response categories attached to one formally argued U.S. Supreme Court precedent, covering the 12 regular federal circuits, their district courts, and state courts through 2016; Federal Circuit excluded","Automated reduction of the authors' public precedent-level replication file. The source aggregates Shepard's categories and does not expose individual lower-court opinions, non-citing or ignored exposed cases, treatment dates, remedy fidelity, or practical implementation. Use as bounded doctrinal-uptake context only, not as a practical-compliance rate or denominator-matched lowerCourtCompliance validation target."
masood-kassow-songer-2019-precedent-treatment,532 U.S. 451,https://doi.org/10.7910/DVN/DZZY7G,10.7910/DVN/DZZY7G,10.1086/703067,532 U.S. 451,WILBERT K. ROGERS v. TENNESSEE,2000,2001-05-14,2000-049-01,121 S. Ct. 1693,2001 U.S. LEXIS 3519,4,yes,no,yes,0,538,137,0,26,26,675,564,163,0.202962963,0.046099291,0.840490798,post-decision through 2016,"Aggregate Shepard's lower-court response categories attached to one formally argued U.S. Supreme Court precedent, covering the 12 regular federal circuits, their district courts, and state courts through 2016; Federal Circuit excluded","Automated reduction of the authors' public precedent-level replication file. The source aggregates Shepard's categories and does not expose individual lower-court opinions, non-citing or ignored exposed cases, treatment dates, remedy fidelity, or practical implementation. Use as bounded doctrinal-uptake context only, not as a practical-compliance rate or denominator-matched lowerCourtCompliance validation target."
masood-kassow-songer-2019-precedent-treatment,532 U.S. 483,https://doi.org/10.7910/DVN/DZZY7G,10.7910/DVN/DZZY7G,10.1086/703067,532 U.S. 483,UNITED STATES v. OAKLAND CANNABIS BUYERS' COOPERATIVE AND JEFFREY JONES,2000,2001-05-14,2000-050-01,121 S. Ct. 1711,2001 U.S. LEXIS 3518,1,no,yes,yes,0,240,32,0,11,11,272,251,43,0.117647059,0.043824701,0.744186047,post-decision through 2016,"Aggregate Shepard's lower-court response categories attached to one formally argued U.S. Supreme Court precedent, covering the 12 regular federal circuits, their district courts, and state courts through 2016; Federal Circuit excluded","Automated reduction of the authors' public precedent-level replication file. The source aggregates Shepard's categories and does not expose individual lower-court opinions, non-citing or ignored exposed cases, treatment dates, remedy fidelity, or practical implementation. Use as bounded doctrinal-uptake context only, not as a practical-compliance rate or denominator-matched lowerCourtCompliance validation target."
masood-kassow-songer-2019-precedent-treatment,532 U.S. 504,https://doi.org/10.7910/DVN/DZZY7G,10.7910/DVN/DZZY7G,10.1086/703067,532 U.S. 504,MAJOR LEAGUE BASEBALL PLAYERS ASSOCIATION v. STEVE GARVEY,2000,2001-05-14,2000-051-01,121 S. Ct. 1724,2001 U.S. LEXIS 3811,7,no,no,yes,0,521,83,0,3,3,604,524,86,0.137417219,0.005725191,0.965116279,post-decision through 2016,"Aggregate Shepard's lower-court response categories attached to one formally argued U.S. Supreme Court precedent, covering the 12 regular federal circuits, their district courts, and state courts through 2016; Federal Circuit excluded","Automated reduction of the authors' public precedent-level replication file. The source aggregates Shepard's categories and does not expose individual lower-court opinions, non-citing or ignored exposed cases, treatment dates, remedy fidelity, or practical implementation. Use as bounded doctrinal-uptake context only, not as a practical-compliance rate or denominator-matched lowerCourtCompliance validation target."
masood-kassow-songer-2019-precedent-treatment,532 U.S. 514,https://doi.org/10.7910/DVN/DZZY7G,10.7910/DVN/DZZY7G,10.1086/703067,532 U.S. 514,"BARTNICKI et al. v. VOPPER, AKA WILLIAMS, et al.",2000,2001-05-21,2000-052-01,121 S. Ct. 1753,2001 U.S. LEXIS 3815,3,yes,no,yes,1,159,23,0,20,20,182,179,43,0.126373626,0.111731844,0.534883721,post-decision through 2016,"Aggregate Shepard's lower-court response categories attached to one formally argued U.S. Supreme Court precedent, covering the 12 regular federal circuits, their district courts, and state courts through 2016; Federal Circuit excluded","Automated reduction of the authors' public precedent-level replication file. The source aggregates Shepard's categories and does not expose individual lower-court opinions, non-citing or ignored exposed cases, treatment dates, remedy fidelity, or practical implementation. Use as bounded doctrinal-uptake context only, not as a practical-compliance rate or denominator-matched lowerCourtCompliance validation target."
masood-kassow-songer-2019-precedent-treatment,532 U.S. 557,https://doi.org/10.7910/DVN/DZZY7G,10.7910/DVN/DZZY7G,10.1086/703067,532 U.S. 557,"UNITED STATES v. TERRY J. HATTER, JR., JUDGE, UNITED STATES DISTRICT COURT FOR T",2000,2001-05-21,2000-053-01,121 S. Ct. 1782,2001 U.S. LEXIS 3813,12,yes,no,yes,0,70,8,0,6,6,78,76,14,0.102564103,0.078947368,0.571428571,post-decision through 2016,"Aggregate Shepard's lower-court response categories attached to one formally argued U.S. Supreme Court precedent, covering the 12 regular federal circuits, their district courts, and state courts through 2016; Federal Circuit excluded","Automated reduction of the authors' public precedent-level replication file. The source aggregates Shepard's categories and does not expose individual lower-court opinions, non-citing or ignored exposed cases, treatment dates, remedy fidelity, or practical implementation. Use as bounded doctrinal-uptake context only, not as a practical-compliance rate or denominator-matched lowerCourtCompliance validation target."
masood-kassow-songer-2019-precedent-treatment,532 U.S. 588,https://doi.org/10.7910/DVN/DZZY7G,10.7910/DVN/DZZY7G,10.1086/703067,532 U.S. 588,"THE WHARF (HOLDINGS) LIMITED, et al. v. UNITED INTERNATIONAL HOLDINGS, INC. et a",2000,2001-05-21,2000-054-01,121 S. Ct. 1776,2001 U.S. LEXIS 3812,8,no,no,yes,0,74,10,0,7,7,84,81,17,0.119047619,0.086419753,0.588235294,post-decision through 2016,"Aggregate Shepard's lower-court response categories attached to one formally argued U.S. Supreme Court precedent, covering the 12 regular federal circuits, their district courts, and state courts through 2016; Federal Circuit excluded","Automated reduction of the authors' public precedent-level replication file. The source aggregates Shepard's categories and does not expose individual lower-court opinions, non-citing or ignored exposed cases, treatment dates, remedy fidelity, or practical implementation. Use as bounded doctrinal-uptake context only, not as a practical-compliance rate or denominator-matched lowerCourtCompliance validation target."
masood-kassow-songer-2019-precedent-treatment,532 U.S. 598,https://doi.org/10.7910/DVN/DZZY7G,10.7910/DVN/DZZY7G,10.1086/703067,532 U.S. 598,"BUCKHANNON BOARD AND CARE HOME, INC., et al. v. WEST VIRGINIA DEPARTMENT OF HEAL",2000,2001-05-29,2000-055-01,121 S. Ct. 1835,2001 U.S. LEXIS 4117,6,no,no,yes,0,2136,830,28,112,140,2966,2276,970,0.279838166,0.061511424,0.855670103,post-decision through 2016,"Aggregate Shepard's lower-court response categories attached to one formally argued U.S. Supreme Court precedent, covering the 12 regular federal circuits, their district courts, and state courts through 2016; Federal Circuit excluded","Automated reduction of the authors' public precedent-level replication file. The source aggregates Shepard's categories and does not expose individual lower-court opinions, non-citing or ignored exposed cases, treatment dates, remedy fidelity, or practical implementation. Use as bounded doctrinal-uptake context only, not as a practical-compliance rate or denominator-matched lowerCourtCompliance validation target."
masood-kassow-songer-2019-precedent-treatment,532 U.S. 645,https://doi.org/10.7910/DVN/DZZY7G,10.7910/DVN/DZZY7G,10.1086/703067,532 U.S. 645,"ATKINSON TRADING COMPANY, INC. v. JOE SHIRLEY, JR., et al.",2000,2001-05-29,2000-056-01,121 S. Ct. 1825,2001 U.S. LEXIS 4116,2,no,no,yes,0,83,21,0,9,9,104,92,30,0.201923077,0.097826087,0.700000000,post-decision through 2016,"Aggregate Shepard's lower-court response categories attached to one formally argued U.S. Supreme Court precedent, covering the 12 regular federal circuits, their district courts, and state courts through 2016; Federal Circuit excluded","Automated reduction of the authors' public precedent-level replication file. The source aggregates Shepard's categories and does not expose individual lower-court opinions, non-citing or ignored exposed cases, treatment dates, remedy fidelity, or practical implementation. Use as bounded doctrinal-uptake context only, not as a practical-compliance rate or denominator-matched lowerCourtCompliance validation target."
masood-kassow-songer-2019-precedent-treatment,532 U.S. 661,https://doi.org/10.7910/DVN/DZZY7G,10.7910/DVN/DZZY7G,10.1086/703067,532 U.S. 661,"PGA TOUR, INC. v. CASEY MARTIN",2000,2001-05-29,2000-057-01,121 S. Ct. 1879,2001 U.S. LEXIS 4115,2,no,no,yes,1,297,58,0,15,15,355,312,73,0.163380282,0.048076923,0.794520548,post-decision through 2016,"Aggregate Shepard's lower-court response categories attached to one formally argued U.S. Supreme Court precedent, covering the 12 regular federal circuits, their district courts, and state courts through 2016; Federal Circuit excluded","Automated reduction of the authors' public precedent-level replication file. The source aggregates Shepard's categories and does not expose individual lower-court opinions, non-citing or ignored exposed cases, treatment dates, remedy fidelity, or practical implementation. Use as bounded doctrinal-uptake context only, not as a practical-compliance rate or denominator-matched lowerCourtCompliance validation target."
masood-kassow-songer-2019-precedent-treatment,532 U.S. 706,https://doi.org/10.7910/DVN/DZZY7G,10.7910/DVN/DZZY7G,10.1086/703067,532 U.S. 706,"NATIONAL LABOR RELATIONS BOARD v. KENTUCKY RIVER COMMUNITY CARE, INC., et al.",2000,2001-05-29,2000-058-01,121 S. Ct. 1861,2001 U.S. LEXIS 4119,7,no,no,yes,0,135,25,0,3,3,160,138,28,0.156250000,0.021739130,0.892857143,post-decision through 2016,"Aggregate Shepard's lower-court response categories attached to one formally argued U.S. Supreme Court precedent, covering the 12 regular federal circuits, their district courts, and state courts through 2016; Federal Circuit excluded","Automated reduction of the authors' public precedent-level replication file. The source aggregates Shepard's categories and does not expose individual lower-court opinions, non-citing or ignored exposed cases, treatment dates, remedy fidelity, or practical implementation. Use as bounded doctrinal-uptake context only, not as a practical-compliance rate or denominator-matched lowerCourtCompliance validation target."
masood-kassow-songer-2019-precedent-treatment,532 U.S. 731,https://doi.org/10.7910/DVN/DZZY7G,10.7910/DVN/DZZY7G,10.1086/703067,532 U.S. 731,"TIMOTHY BOOTH v. C. O. CHURNER, et al.",2000,2001-05-29,2000-059-01,121 S. Ct. 1819,2001 U.S. LEXIS 3982,9,no,no,yes,0,10407,1039,0,34,34,11446,10441,1073,0.090774070,0.003256393,0.968313141,post-decision through 2016,"Aggregate Shepard's lower-court response categories attached to one formally argued U.S. Supreme Court precedent, covering the 12 regular federal circuits, their district courts, and state courts through 2016; Federal Circuit excluded","Automated reduction of the authors' public precedent-level replication file. The source aggregates Shepard's categories and does not expose individual lower-court opinions, non-citing or ignored exposed cases, treatment dates, remedy fidelity, or practical implementation. Use as bounded doctrinal-uptake context only, not as a practical-compliance rate or denominator-matched lowerCourtCompliance validation target."
masood-kassow-songer-2019-precedent-treatment,532 U.S. 742,https://doi.org/10.7910/DVN/DZZY7G,10.7910/DVN/DZZY7G,10.1086/703067,532 U.S. 742,STATE OF NEW HAMPSHIRE v. STATE OF MAINE,2000,2001-05-29,2000-060-01,121 S. Ct. 1808,2001 U.S. LEXIS 3981,11,no,no,no,0,2186,960,1,33,34,3146,2220,994,0.305149396,0.015315315,0.965794769,post-decision through 2016,"Aggregate Shepard's lower-court response categories attached to one formally argued U.S. Supreme Court precedent, covering the 12 regular federal circuits, their district courts, and state courts through 2016; Federal Circuit excluded","Automated reduction of the authors' public precedent-level replication file. The source aggregates Shepard's categories and does not expose individual lower-court opinions, non-citing or ignored exposed cases, treatment dates, remedy fidelity, or practical implementation. Use as bounded doctrinal-uptake context only, not as a practical-compliance rate or denominator-matched lowerCourtCompliance validation target."
masood-kassow-songer-2019-precedent-treatment,532 U.S. 757,https://doi.org/10.7910/DVN/DZZY7G,10.7910/DVN/DZZY7G,10.1086/703067,532 U.S. 757,"DALE G. BECKER v. BETTY MONTGOMERY, ATTORNEY GENERAL OF OHIO, et al.",2000,2001-05-29,2000-061-01,121 S. Ct. 1801,2001 U.S. LEXIS 4114,1,no,yes,yes,1,124,34,0,5,5,158,129,39,0.215189873,0.038759690,0.871794872,post-decision through 2016,"Aggregate Shepard's lower-court response categories attached to one formally argued U.S. Supreme Court precedent, covering the 12 regular federal circuits, their district courts, and state courts through 2016; Federal Circuit excluded","Automated reduction of the authors' public precedent-level replication file. The source aggregates Shepard's categories and does not expose individual lower-court opinions, non-citing or ignored exposed cases, treatment dates, remedy fidelity, or practical implementation. Use as bounded doctrinal-uptake context only, not as a practical-compliance rate or denominator-matched lowerCourtCompliance validation target."
masood-kassow-songer-2019-precedent-treatment,532 U.S. 769,https://doi.org/10.7910/DVN/DZZY7G,10.7910/DVN/DZZY7G,10.1086/703067,532 U.S. 769,ARKANSAS v. KENNETH ANDREW SULLIVAN,2000,2001-05-29,2000-062-01,121 S. Ct. 1876,2001 U.S. LEXIS 4118,10,no,no,yes,0,219,25,0,0,0,244,219,25,0.102459016,0.000000000,1.000000000,post-decision through 2016,"Aggregate Shepard's lower-court response categories attached to one formally argued U.S. Supreme Court precedent, covering the 12 regular federal circuits, their district courts, and state courts through 2016; Federal Circuit excluded","Automated reduction of the authors' public precedent-level replication file. The source aggregates Shepard's categories and does not expose individual lower-court opinions, non-citing or ignored exposed cases, treatment dates, remedy fidelity, or practical implementation. Use as bounded doctrinal-uptake context only, not as a practical-compliance rate or denominator-matched lowerCourtCompliance validation target."
masood-kassow-songer-2019-precedent-treatment,532 U.S. 774,https://doi.org/10.7910/DVN/DZZY7G,10.7910/DVN/DZZY7G,10.1086/703067,532 U.S. 774,FLORIDA v. ROBERT A. THOMAS,2000,2001-06-04,2000-063-01,121 S. Ct. 1905,2001 U.S. LEXIS 4126,9,no,no,yes,0,22,1,0,3,3,23,25,4,0.043478261,0.120000000,0.250000000,post-decision through 2016,"Aggregate Shepard's lower-court response categories attached to one formally argued U.S. Supreme Court precedent, covering the 12 regular federal circuits, their district courts, and state courts through 2016; Federal Circuit excluded","Automated reduction of the authors' public precedent-level replication file. The source aggregates Shepard's categories and does not expose individual lower-court opinions, non-citing or ignored exposed cases, treatment dates, remedy fidelity, or practical implementation. Use as bounded doctrinal-uptake context only, not as a practical-compliance rate or denominator-matched lowerCourtCompliance validation target."
masood-kassow-songer-2019-precedent-treatment,532 U.S. 782,https://doi.org/10.7910/DVN/DZZY7G,10.7910/DVN/DZZY7G,10.1086/703067,532 U.S. 782,"JOHN PAUL PENRY v. GARY L. JOHNSON, DIRECTOR, TEXAS DEPARTMENT OF CRIMINAL JUSTI",2000,2001-06-04,2000-064-01,121 S. Ct. 1910,2001 U.S. LEXIS 4309,1,yes,yes,yes,1,2926,360,1,49,50,3286,2976,410,0.109555691,0.016801075,0.878048780,post-decision through 2016,"Aggregate Shepard's lower-court response categories attached to one formally argued U.S. Supreme Court precedent, covering the 12 regular federal circuits, their district courts, and state courts through 2016; Federal Circuit excluded","Automated reduction of the authors' public precedent-level replication file. The source aggregates Shepard's categories and does not expose individual lower-court opinions, non-citing or ignored exposed cases, treatment dates, remedy fidelity, or practical implementation. Use as bounded doctrinal-uptake context only, not as a practical-compliance rate or denominator-matched lowerCourtCompliance validation target."
masood-kassow-songer-2019-precedent-treatment,532 U.S. 811,https://doi.org/10.7910/DVN/DZZY7G,10.7910/DVN/DZZY7G,10.1086/703067,532 U.S. 811,"NORFOLK SHIPBUILDING & DRYDOCK CORPORATION v. CELESTINE GARRIS, ADMINISTRATRIX O",2000,2001-06-04,2000-065-01,121 S. Ct. 1927,2001 U.S. LEXIS 4125,8,no,no,yes,0,76,15,0,1,1,91,77,16,0.164835165,0.012987013,0.937500000,post-decision through 2016,"Aggregate Shepard's lower-court response categories attached to one formally argued U.S. Supreme Court precedent, covering the 12 regular federal circuits, their district courts, and state courts through 2016; Federal Circuit excluded","Automated reduction of the authors' public precedent-level replication file. The source aggregates Shepard's categories and does not expose individual lower-court opinions, non-citing or ignored exposed cases, treatment dates, remedy fidelity, or practical implementation. Use as bounded doctrinal-uptake context only, not as a practical-compliance rate or denominator-matched lowerCourtCompliance validation target."
masood-kassow-songer-2019-precedent-treatment,532 U.S. 822,https://doi.org/10.7910/DVN/DZZY7G,10.7910/DVN/DZZY7G,10.1086/703067,532 U.S. 822,"UNITED DOMINION INDUSTRIES, INC. v. UNITED STATES",2000,2001-06-04,2000-066-01,121 S. Ct. 1934,2001 U.S. LEXIS 4124,12,no,no,yes,0,29,0,0,0,0,29,29,0,0.000000000,0.000000000,,post-decision through 2016,"Aggregate Shepard's lower-court response categories attached to one formally argued U.S. Supreme Court precedent, covering the 12 regular federal circuits, their district courts, and state courts through 2016; Federal Circuit excluded","Automated reduction of the authors' public precedent-level replication file. The source aggregates Shepard's categories and does not expose individual lower-court opinions, non-citing or ignored exposed cases, treatment dates, remedy fidelity, or practical implementation. Use as bounded doctrinal-uptake context only, not as a practical-compliance rate or denominator-matched lowerCourtCompliance validation target."
masood-kassow-songer-2019-precedent-treatment,532 U.S. 843,https://doi.org/10.7910/DVN/DZZY7G,10.7910/DVN/DZZY7G,10.1086/703067,532 U.S. 843,SHARON B. POLLARD v. E. I. DU PONT DE NEMOURS & COMPANY,2000,2001-06-04,2000-067-01,121 S. Ct. 1946,2001 U.S. LEXIS 4123,2,no,no,yes,0,312,31,0,3,3,343,315,34,0.090379009,0.009523810,0.911764706,post-decision through 2016,"Aggregate Shepard's lower-court response categories attached to one formally argued U.S. Supreme Court precedent, covering the 12 regular federal circuits, their district courts, and state courts through 2016; Federal Circuit excluded","Automated reduction of the authors' public precedent-level replication file. The source aggregates Shepard's categories and does not expose individual lower-court opinions, non-citing or ignored exposed cases, treatment dates, remedy fidelity, or practical implementation. Use as bounded doctrinal-uptake context only, not as a practical-compliance rate or denominator-matched lowerCourtCompliance validation target."
masood-kassow-songer-2019-precedent-treatment,533 U.S. 1,https://doi.org/10.7910/DVN/DZZY7G,10.7910/DVN/DZZY7G,10.1086/703067,533 U.S. 1,STATE OF KANSAS v. STATE OF COLORADO,2000,2001-06-11,2000-068-01,121 S. Ct. 2023,2001 U.S. LEXIS 4488,11,no,no,yes,0,38,4,0,0,0,42,38,4,0.095238095,0.000000000,1.000000000,post-decision through 2016,"Aggregate Shepard's lower-court response categories attached to one formally argued U.S. Supreme Court precedent, covering the 12 regular federal circuits, their district courts, and state courts through 2016; Federal Circuit excluded","Automated reduction of the authors' public precedent-level replication file. The source aggregates Shepard's categories and does not expose individual lower-court opinions, non-citing or ignored exposed cases, treatment dates, remedy fidelity, or practical implementation. Use as bounded doctrinal-uptake context only, not as a practical-compliance rate or denominator-matched lowerCourtCompliance validation target."
masood-kassow-songer-2019-precedent-treatment,533 U.S. 146,https://doi.org/10.7910/DVN/DZZY7G,10.7910/DVN/DZZY7G,10.1086/703067,533 U.S. 146,ALABAMA v. MICHAEL HERMAN BOZEMAN,2000,2001-06-11,2000-072-01,121 S. Ct. 2079,2001 U.S. LEXIS 4310,1,no,yes,yes,0,209,22,1,22,23,231,232,45,0.095238095,0.099137931,0.488888889,post-decision through 2016,"Aggregate Shepard's lower-court response categories attached to one formally argued U.S. Supreme Court precedent, covering the 12 regular federal circuits, their district courts, and state courts through 2016; Federal Circuit excluded","Automated reduction of the authors' public precedent-level replication file. The source aggregates Shepard's categories and does not expose individual lower-court opinions, non-citing or ignored exposed cases, treatment dates, remedy fidelity, or practical implementation. Use as bounded doctrinal-uptake context only, not as a practical-compliance rate or denominator-matched lowerCourtCompliance validation target."
masood-kassow-songer-2019-precedent-treatment,533 U.S. 158,https://doi.org/10.7910/DVN/DZZY7G,10.7910/DVN/DZZY7G,10.1086/703067,533 U.S. 158,"CEDRIC KUSHNER PROMOTIONS, LTD. v. DON KING, et al.",2000,2001-06-11,2000-073-01,121 S. Ct. 2087,2001 U.S. LEXIS 4311,1,no,yes,yes,0,339,204,0,30,30,543,369,234,0.375690608,0.081300813,0.871794872,post-decision through 2016,"Aggregate Shepard's lower-court response categories attached to one formally argued U.S. Supreme Court precedent, covering the 12 regular federal circuits, their district courts, and state courts through 2016; Federal Circuit excluded","Automated reduction of the authors' public precedent-level replication file. The source aggregates Shepard's categories and does not expose individual lower-court opinions, non-citing or ignored exposed cases, treatment dates, remedy fidelity, or practical implementation. Use as bounded doctrinal-uptake context only, not as a practical-compliance rate or denominator-matched lowerCourtCompliance validation target."
masood-kassow-songer-2019-precedent-treatment,533 U.S. 27,https://doi.org/10.7910/DVN/DZZY7G,10.7910/DVN/DZZY7G,10.1086/703067,533 U.S. 27,DANNY LEE KYLLO v. UNITED STATES,2000,2001-06-11,2000-069-01,121 S. Ct. 2038,2001 U.S. LEXIS 4487,1,yes,yes,yes,1,835,132,0,96,96,967,931,228,0.136504654,0.103114930,0.578947368,post-decision through 2016,"Aggregate Shepard's lower-court response categories attached to one formally argued U.S. Supreme Court precedent, covering the 12 regular federal circuits, their district courts, and state courts through 2016; Federal Circuit excluded","Automated reduction of the authors' public precedent-level replication file. The source aggregates Shepard's categories and does not expose individual lower-court opinions, non-citing or ignored exposed cases, treatment dates, remedy fidelity, or practical implementation. Use as bounded doctrinal-uptake context only, not as a practical-compliance rate or denominator-matched lowerCourtCompliance validation target."
masood-kassow-songer-2019-precedent-treatment,533 U.S. 53,https://doi.org/10.7910/DVN/DZZY7G,10.7910/DVN/DZZY7G,10.1086/703067,533 U.S. 53,TUAN ANH NGUYEN AND JOSEPH BOULAIS v. IMMIGRATION AND NATURALIZATION SERVICE,2000,2001-06-11,2000-070-01,121 S. Ct. 2053,2001 U.S. LEXIS 4340,2,yes,no,yes,2,102,36,0,9,9,138,111,45,0.260869565,0.081081081,0.800000000,post-decision through 2016,"Aggregate Shepard's lower-court response categories attached to one formally argued U.S. Supreme Court precedent, covering the 12 regular federal circuits, their district courts, and state courts through 2016; Federal Circuit excluded","Automated reduction of the authors' public precedent-level replication file. The source aggregates Shepard's categories and does not expose individual lower-court opinions, non-citing or ignored exposed cases, treatment dates, remedy fidelity, or practical implementation. Use as bounded doctrinal-uptake context only, not as a practical-compliance rate or denominator-matched lowerCourtCompliance validation target."
masood-kassow-songer-2019-precedent-treatment,533 U.S. 98,https://doi.org/10.7910/DVN/DZZY7G,10.7910/DVN/DZZY7G,10.1086/703067,533 U.S. 98,"GOOD NEWS CLUB, et al. v. MILFORD CENTRAL SCHOOL",2000,2001-06-11,2000-071-01,121 S. Ct. 2093,2001 U.S. LEXIS 4312,3,yes,no,yes,1,259,77,0,29,29,336,288,106,0.229166667,0.100694444,0.726415094,post-decision through 2016,"Aggregate Shepard's lower-court response categories attached to one formally argued U.S. Supreme Court precedent, covering the 12 regular federal circuits, their district courts, and state courts through 2016; Federal Circuit excluded","Automated reduction of the authors' public precedent-level replication file. The source aggregates Shepard's categories and does not expose individual lower-court opinions, non-citing or ignored exposed cases, treatment dates, remedy fidelity, or practical implementation. Use as bounded doctrinal-uptake context only, not as a practical-compliance rate or denominator-matched lowerCourtCompliance validation target."
masood-kassow-songer-2019-precedent-treatment,533 U.S. 167,https://doi.org/10.7910/DVN/DZZY7G,10.7910/DVN/DZZY7G,10.1086/703067,533 U.S. 167,"GEORGE DUNCAN, SUPERINTENDENT, GREAT MEADOW CORRECTIONAL FACILITY v. SHERMAN WAL",2000,2001-06-18,2000-074-01,121 S. Ct. 2120,2001 U.S. LEXIS 4493,1,no,yes,yes,1,5226,373,2,21,23,5599,5249,396,0.066619039,0.004381787,0.941919192,post-decision through 2016,"Aggregate Shepard's lower-court response categories attached to one formally argued U.S. Supreme Court precedent, covering the 12 regular federal circuits, their district courts, and state courts through 2016; Federal Circuit excluded","Automated reduction of the authors' public precedent-level replication file. The source aggregates Shepard's categories and does not expose individual lower-court opinions, non-citing or ignored exposed cases, treatment dates, remedy fidelity, or practical implementation. Use as bounded doctrinal-uptake context only, not as a practical-compliance rate or denominator-matched lowerCourtCompliance validation target."
masood-kassow-songer-2019-precedent-treatment,533 U.S. 194,https://doi.org/10.7910/DVN/DZZY7G,10.7910/DVN/DZZY7G,10.1086/703067,533 U.S. 194,DONALD SAUCIER v. ELLIOT M. KATZ AND IN DEFENSE OF ANIMALS,2000,2001-06-18,2000-075-01,121 S. Ct. 2151,2001 U.S. LEXIS 4664,8,no,no,yes,1,10418,8153,623,53,676,18571,11094,8829,0.439017823,0.060933838,0.923434138,post-decision through 2016,"Aggregate Shepard's lower-court response categories attached to one formally argued U.S. Supreme Court precedent, covering the 12 regular federal circuits, their district courts, and state courts through 2016; Federal Circuit excluded","Automated reduction of the authors' public precedent-level replication file. The source aggregates Shepard's categories and does not expose individual lower-court opinions, non-citing or ignored exposed cases, treatment dates, remedy fidelity, or practical implementation. Use as bounded doctrinal-uptake context only, not as a practical-compliance rate or denominator-matched lowerCourtCompliance validation target."
masood-kassow-songer-2019-precedent-treatment,533 U.S. 218,https://doi.org/10.7910/DVN/DZZY7G,10.7910/DVN/DZZY7G,10.1086/703067,533 U.S. 218,UNITED STATES v. MEAD CORPORATION,2000,2001-06-18,2000-076-01,121 S. Ct. 2164,2001 U.S. LEXIS 4492,9,no,no,yes,1,1328,333,1,32,33,1661,1361,366,0.200481638,0.024246877,0.909836066,post-decision through 2016,"Aggregate Shepard's lower-court response categories attached to one formally argued U.S. Supreme Court precedent, covering the 12 regular federal circuits, their district courts, and state courts through 2016; Federal Circuit excluded","Automated reduction of the authors' public precedent-level replication file. The source aggregates Shepard's categories and does not expose individual lower-court opinions, non-citing or ignored exposed cases, treatment dates, remedy fidelity, or practical implementation. Use as bounded doctrinal-uptake context only, not as a practical-compliance rate or denominator-matched lowerCourtCompliance validation target."
masood-kassow-songer-2019-precedent-treatment,533 U.S. 262,https://doi.org/10.7910/DVN/DZZY7G,10.7910/DVN/DZZY7G,10.1086/703067,533 U.S. 262,IDAHO v. UNITED STATES et al.,2000,2001-06-18,2000-077-01,121 S. Ct. 2135,2001 U.S. LEXIS 4665,2,no,no,yes,0,11,2,0,2,2,13,13,4,0.153846154,0.153846154,0.500000000,post-decision through 2016,"Aggregate Shepard's lower-court response categories attached to one formally argued U.S. Supreme Court precedent, covering the 12 regular federal circuits, their district courts, and state courts through 2016; Federal Circuit excluded","Automated reduction of the authors' public precedent-level replication file. The source aggregates Shepard's categories and does not expose individual lower-court opinions, non-citing or ignored exposed cases, treatment dates, remedy fidelity, or practical implementation. Use as bounded doctrinal-uptake context only, not as a practical-compliance rate or denominator-matched lowerCourtCompliance validation target."
masood-kassow-songer-2019-precedent-treatment,533 U.S. 289,https://doi.org/10.7910/DVN/DZZY7G,10.7910/DVN/DZZY7G,10.1086/703067,533 U.S. 289,IMMIGRATION AND NATURALIZATION SERVICE v. ENRICO ST. CYR,2000,2001-06-25,2000-078-01,121 S. Ct. 2271,2001 U.S. LEXIS 4670,2,no,no,yes,5,1947,237,11,236,247,2184,2194,484,0.108516484,0.112579763,0.489669421,post-decision through 2016,"Aggregate Shepard's lower-court response categories attached to one formally argued U.S. Supreme Court precedent, covering the 12 regular federal circuits, their district courts, and state courts through 2016; Federal Circuit excluded","Automated reduction of the authors' public precedent-level replication file. The source aggregates Shepard's categories and does not expose individual lower-court opinions, non-citing or ignored exposed cases, treatment dates, remedy fidelity, or practical implementation. Use as bounded doctrinal-uptake context only, not as a practical-compliance rate or denominator-matched lowerCourtCompliance validation target."
masood-kassow-songer-2019-precedent-treatment,533 U.S. 348,https://doi.org/10.7910/DVN/DZZY7G,10.7910/DVN/DZZY7G,10.1086/703067,533 U.S. 348,"DEBORIS CALCANO-MARTINEZ, et al. v. IMMIGRATION AND NATURALIZATION SERVICE",2000,2001-06-25,2000-079-01,121 S. Ct. 2268,2001 U.S. LEXIS 4671,2,no,no,yes,0,182,15,0,5,5,197,187,20,0.076142132,0.026737968,0.750000000,post-decision through 2016,"Aggregate Shepard's lower-court response categories attached to one formally argued U.S. Supreme Court precedent, covering the 12 regular federal circuits, their district courts, and state courts through 2016; Federal Circuit excluded","Automated reduction of the authors' public precedent-level replication file. The source aggregates Shepard's categories and does not expose individual lower-court opinions, non-citing or ignored exposed cases, treatment dates, remedy fidelity, or practical implementation. Use as bounded doctrinal-uptake context only, not as a practical-compliance rate or denominator-matched lowerCourtCompliance validation target."
masood-kassow-songer-2019-precedent-treatment,533 U.S. 353,https://doi.org/10.7910/DVN/DZZY7G,10.7910/DVN/DZZY7G,10.1086/703067,533 U.S. 353,"NEVADA, et al. v. FLOYD HICKS, et al.",2000,2001-06-25,2000-080-01,121 S. Ct. 2304,2001 U.S. LEXIS 4669,2,no,no,yes,0,241,63,1,33,34,304,275,97,0.207236842,0.123636364,0.649484536,post-decision through 2016,"Aggregate Shepard's lower-court response categories attached to one formally argued U.S. Supreme Court precedent, covering the 12 regular federal circuits, their district courts, and state courts through 2016; Federal Circuit excluded","Automated reduction of the authors' public precedent-level replication file. The source aggregates Shepard's categories and does not expose individual lower-court opinions, non-citing or ignored exposed cases, treatment dates, remedy fidelity, or practical implementation. Use as bounded doctrinal-uptake context only, not as a practical-compliance rate or denominator-matched lowerCourtCompliance validation target."
masood-kassow-songer-2019-precedent-treatment,533 U.S. 405,https://doi.org/10.7910/DVN/DZZY7G,10.7910/DVN/DZZY7G,10.1086/703067,533 U.S. 405,"UNITED STATES AND DEPARTMENT OF AGRICULTURE v. UNITED FOODS, INC.",2000,2001-06-25,2000-081-01,121 S. Ct. 2334,2001 U.S. LEXIS 4904,3,no,no,yes,0,118,26,0,20,20,144,138,46,0.180555556,0.144927536,0.565217391,post-decision through 2016,"Aggregate Shepard's lower-court response categories attached to one formally argued U.S. Supreme Court precedent, covering the 12 regular federal circuits, their district courts, and state courts through 2016; Federal Circuit excluded","Automated reduction of the authors' public precedent-level replication file. The source aggregates Shepard's categories and does not expose individual lower-court opinions, non-citing or ignored exposed cases, treatment dates, remedy fidelity, or practical implementation. Use as bounded doctrinal-uptake context only, not as a practical-compliance rate or denominator-matched lowerCourtCompliance validation target."
masood-kassow-songer-2019-precedent-treatment,533 U.S. 431,https://doi.org/10.7910/DVN/DZZY7G,10.7910/DVN/DZZY7G,10.1086/703067,533 U.S. 431,FEDERAL ELECTION COMMISSION v. COLORADO REPUBLICAN FEDERAL CAMPAIGN COMMITTEE,2000,2001-06-25,2000-082-01,121 S. Ct. 2351,2001 U.S. LEXIS 4668,3,no,no,yes,1,91,19,0,4,4,110,95,23,0.172727273,0.042105263,0.826086957,post-decision through 2016,"Aggregate Shepard's lower-court response categories attached to one formally argued U.S. Supreme Court precedent, covering the 12 regular federal circuits, their district courts, and state courts through 2016; Federal Circuit excluded","Automated reduction of the authors' public precedent-level replication file. The source aggregates Shepard's categories and does not expose individual lower-court opinions, non-citing or ignored exposed cases, treatment dates, remedy fidelity, or practical implementation. Use as bounded doctrinal-uptake context only, not as a practical-compliance rate or denominator-matched lowerCourtCompliance validation target."
masood-kassow-songer-2019-precedent-treatment,533 U.S. 483,https://doi.org/10.7910/DVN/DZZY7G,10.7910/DVN/DZZY7G,10.1086/703067,533 U.S. 483,"NEW YORK TIMES COMPANY, INC., et al. v. JONATHAN TASINI, et al.",2000,2001-06-25,2000-083-01,121 S. Ct. 2381,2001 U.S. LEXIS 4667,8,no,no,yes,0,75,9,0,11,11,84,86,20,0.107142857,0.127906977,0.450000000,post-decision through 2016,"Aggregate Shepard's lower-court response categories attached to one formally argued U.S. Supreme Court precedent, covering the 12 regular federal circuits, their district courts, and state courts through 2016; Federal Circuit excluded","Automated reduction of the authors' public precedent-level replication file. The source aggregates Shepard's categories and does not expose individual lower-court opinions, non-citing or ignored exposed cases, treatment dates, remedy fidelity, or practical implementation. Use as bounded doctrinal-uptake context only, not as a practical-compliance rate or denominator-matched lowerCourtCompliance validation target."
masood-kassow-songer-2019-precedent-treatment,533 U.S. 525,https://doi.org/10.7910/DVN/DZZY7G,10.7910/DVN/DZZY7G,10.1086/703067,533 U.S. 525,"LORILLARD TOBACCO COMPANY, et al. v. THOMAS F. REILLY, ATTORNEY GENERAL OF MASSA",2000,2001-06-28,2000-084-02,121 S. Ct. 2404,2001 U.S. LEXIS 4911,10,no,no,yes,0,320,68,0,18,18,388,338,86,0.175257732,0.053254438,0.790697674,post-decision through 2016,"Aggregate Shepard's lower-court response categories attached to one formally argued U.S. Supreme Court precedent, covering the 12 regular federal circuits, their district courts, and state courts through 2016; Federal Circuit excluded","Automated reduction of the authors' public precedent-level replication file. The source aggregates Shepard's categories and does not expose individual lower-court opinions, non-citing or ignored exposed cases, treatment dates, remedy fidelity, or practical implementation. Use as bounded doctrinal-uptake context only, not as a practical-compliance rate or denominator-matched lowerCourtCompliance validation target."
masood-kassow-songer-2019-precedent-treatment,533 U.S. 606,https://doi.org/10.7910/DVN/DZZY7G,10.7910/DVN/DZZY7G,10.1086/703067,533 U.S. 606,"ANTHONY PALAZZOLO v. RHODE ISLAND, et al.",2000,2001-06-28,2000-085-01,121 S. Ct. 2448,2001 U.S. LEXIS 4910,4,yes,no,yes,1,424,92,0,25,25,516,449,117,0.178294574,0.055679287,0.786324786,post-decision through 2016,"Aggregate Shepard's lower-court response categories attached to one formally argued U.S. Supreme Court precedent, covering the 12 regular federal circuits, their district courts, and state courts through 2016; Federal Circuit excluded","Automated reduction of the authors' public precedent-level replication file. The source aggregates Shepard's categories and does not expose individual lower-court opinions, non-citing or ignored exposed cases, treatment dates, remedy fidelity, or practical implementation. Use as bounded doctrinal-uptake context only, not as a practical-compliance rate or denominator-matched lowerCourtCompliance validation target."
masood-kassow-songer-2019-precedent-treatment,533 U.S. 656,https://doi.org/10.7910/DVN/DZZY7G,10.7910/DVN/DZZY7G,10.1086/703067,533 U.S. 656,"MELVIN TYLER v. BURL CAIN, WARDEN",2000,2001-06-28,2000-086-01,121 S. Ct. 2478,2001 U.S. LEXIS 4909,1,no,yes,yes,0,1327,246,2,20,22,1573,1349,268,0.156389065,0.016308377,0.917910448,post-decision through 2016,"Aggregate Shepard's lower-court response categories attached to one formally argued U.S. Supreme Court precedent, covering the 12 regular federal circuits, their district courts, and state courts through 2016; Federal Circuit excluded","Automated reduction of the authors' public precedent-level replication file. The source aggregates Shepard's categories and does not expose individual lower-court opinions, non-citing or ignored exposed cases, treatment dates, remedy fidelity, or practical implementation. Use as bounded doctrinal-uptake context only, not as a practical-compliance rate or denominator-matched lowerCourtCompliance validation target."
masood-kassow-songer-2019-precedent-treatment,533 U.S. 678,https://doi.org/10.7910/DVN/DZZY7G,10.7910/DVN/DZZY7G,10.1086/703067,533 U.S. 678,KESTUTIS ZADVYDAS v. CHRISTINE G. DAVIS AND IMMIGRATION AND NATURALIZATION SERVI,2000,2001-06-28,2000-087-01,121 S. Ct. 2491,2001 U.S. LEXIS 4912,2,no,no,yes,12,2057,935,3,318,321,2992,2378,1256,0.312500000,0.134987384,0.744426752,post-decision through 2016,"Aggregate Shepard's lower-court response categories attached to one formally argued U.S. Supreme Court precedent, covering the 12 regular federal circuits, their district courts, and state courts through 2016; Federal Circuit excluded","Automated reduction of the authors' public precedent-level replication file. The source aggregates Shepard's categories and does not expose individual lower-court opinions, non-citing or ignored exposed cases, treatment dates, remedy fidelity, or practical implementation. Use as bounded doctrinal-uptake context only, not as a practical-compliance rate or denominator-matched lowerCourtCompliance validation target."
masood-kassow-songer-2019-precedent-treatment,534 U.S. 1,https://doi.org/10.7910/DVN/DZZY7G,10.7910/DVN/DZZY7G,10.1086/703067,534 U.S. 1,UNITED STATES POSTAL SERVICE v. MARIA A. GREGORY,2001,2001-11-13,2001-001-01,122 S. Ct. 431,2001 U.S. LEXIS 10307,9,no,no,yes,0,138,2,0,1,1,140,139,3,0.014285714,0.007194245,0.666666667,post-decision through 2016,"Aggregate Shepard's lower-court response categories attached to one formally argued U.S. Supreme Court precedent, covering the 12 regular federal circuits, their district courts, and state courts through 2016; Federal Circuit excluded","Automated reduction of the authors' public precedent-level replication file. The source aggregates Shepard's categories and does not expose individual lower-court opinions, non-citing or ignored exposed cases, treatment dates, remedy fidelity, or practical implementation. Use as bounded doctrinal-uptake context only, not as a practical-compliance rate or denominator-matched lowerCourtCompliance validation target."
masood-kassow-songer-2019-precedent-treatment,534 U.S. 19,https://doi.org/10.7910/DVN/DZZY7G,10.7910/DVN/DZZY7G,10.1086/703067,534 U.S. 19,TRW INC. v. ADELAIDE ANDREWS,2001,2001-11-13,2001-002-01,122 S. Ct. 441,2001 U.S. LEXIS 10306,8,no,no,yes,0,724,70,2,18,20,794,744,90,0.088161209,0.026881720,0.777777778,post-decision through 2016,"Aggregate Shepard's lower-court response categories attached to one formally argued U.S. Supreme Court precedent, covering the 12 regular federal circuits, their district courts, and state courts through 2016; Federal Circuit excluded","Automated reduction of the authors' public precedent-level replication file. The source aggregates Shepard's categories and does not expose individual lower-court opinions, non-citing or ignored exposed cases, treatment dates, remedy fidelity, or practical implementation. Use as bounded doctrinal-uptake context only, not as a practical-compliance rate or denominator-matched lowerCourtCompliance validation target."
masood-kassow-songer-2019-precedent-treatment,534 U.S. 40,https://doi.org/10.7910/DVN/DZZY7G,10.7910/DVN/DZZY7G,10.1086/703067,534 U.S. 40,STATE OF NEBRASKA v. STATES OF WYOMING AND COLORADO,2001,2001-11-13,2001-003-01,122 S. Ct. 420,2001 U.S. LEXIS 10607,11,no,no,no,0,1,0,0,0,0,1,1,0,0.000000000,0.000000000,,post-decision through 2016,"Aggregate Shepard's lower-court response categories attached to one formally argued U.S. Supreme Court precedent, covering the 12 regular federal circuits, their district courts, and state courts through 2016; Federal Circuit excluded","Automated reduction of the authors' public precedent-level replication file. The source aggregates Shepard's categories and does not expose individual lower-court opinions, non-citing or ignored exposed cases, treatment dates, remedy fidelity, or practical implementation. Use as bounded doctrinal-uptake context only, not as a practical-compliance rate or denominator-matched lowerCourtCompliance validation target."
masood-kassow-songer-2019-precedent-treatment,534 U.S. 103,https://doi.org/10.7910/DVN/DZZY7G,10.7910/DVN/DZZY7G,10.1086/703067,534 U.S. 103,"ADARAND CONSTRUCTORS, INC. v. NORMAN Y. MINETA, SECRETARY OF TRANSPORTATION, et ",2001,2001-11-27,2001-006-01,122 S. Ct. 511,2001 U.S. LEXIS 10814,9,no,no,yes,0,63,2,0,0,0,65,63,2,0.030769231,0.000000000,1.000000000,post-decision through 2016,"Aggregate Shepard's lower-court response categories attached to one formally argued U.S. Supreme Court precedent, covering the 12 regular federal circuits, their district courts, and state courts through 2016; Federal Circuit excluded","Automated reduction of the authors' public precedent-level replication file. The source aggregates Shepard's categories and does not expose individual lower-court opinions, non-citing or ignored exposed cases, treatment dates, remedy fidelity, or practical implementation. Use as bounded doctrinal-uptake context only, not as a practical-compliance rate or denominator-matched lowerCourtCompliance validation target."
masood-kassow-songer-2019-precedent-treatment,534 U.S. 61,https://doi.org/10.7910/DVN/DZZY7G,10.7910/DVN/DZZY7G,10.1086/703067,534 U.S. 61,CORRECTIONAL SERVICES CORPORATION v. JOHN E. MALESKO,2001,2001-11-27,2001-004-01,122 S. Ct. 515,2001 U.S. LEXIS 10812,2,no,no,yes,0,1276,270,1,16,17,1546,1293,287,0.174644243,0.013147718,0.940766551,post-decision through 2016,"Aggregate Shepard's lower-court response categories attached to one formally argued U.S. Supreme Court precedent, covering the 12 regular federal circuits, their district courts, and state courts through 2016; Federal Circuit excluded","Automated reduction of the authors' public precedent-level replication file. The source aggregates Shepard's categories and does not expose individual lower-court opinions, non-citing or ignored exposed cases, treatment dates, remedy fidelity, or practical implementation. Use as bounded doctrinal-uptake context only, not as a practical-compliance rate or denominator-matched lowerCourtCompliance validation target."
masood-kassow-songer-2019-precedent-treatment,534 U.S. 84,https://doi.org/10.7910/DVN/DZZY7G,10.7910/DVN/DZZY7G,10.1086/703067,534 U.S. 84,CHICKASAW NATION v. UNITED STATES,2001,2001-11-27,2001-005-02,122 S. Ct. 528,2001 U.S. LEXIS 10813,2,no,no,yes,1,159,11,0,3,3,170,162,14,0.064705882,0.018518519,0.785714286,post-decision through 2016,"Aggregate Shepard's lower-court response categories attached to one formally argued U.S. Supreme Court precedent, covering the 12 regular federal circuits, their district courts, and state courts through 2016; Federal Circuit excluded","Automated reduction of the authors' public precedent-level replication file. The source aggregates Shepard's categories and does not expose individual lower-court opinions, non-citing or ignored exposed cases, treatment dates, remedy fidelity, or practical implementation. Use as bounded doctrinal-uptake context only, not as a practical-compliance rate or denominator-matched lowerCourtCompliance validation target."
masood-kassow-songer-2019-precedent-treatment,534 U.S. 112,https://doi.org/10.7910/DVN/DZZY7G,10.7910/DVN/DZZY7G,10.1086/703067,534 U.S. 112,UNITED STATES v. MARK JAMES KNIGHTS,2001,2001-12-10,2001-007-01,122 S. Ct. 587,2001 U.S. LEXIS 10950,1,yes,yes,yes,0,1041,308,2,71,73,1349,1114,381,0.228317272,0.065529623,0.808398950,post-decision through 2016,"Aggregate Shepard's lower-court response categories attached to one formally argued U.S. Supreme Court precedent, covering the 12 regular federal circuits, their district courts, and state courts through 2016; Federal Circuit excluded","Automated reduction of the authors' public precedent-level replication file. The source aggregates Shepard's categories and does not expose individual lower-court opinions, non-citing or ignored exposed cases, treatment dates, remedy fidelity, or practical implementation. Use as bounded doctrinal-uptake context only, not as a practical-compliance rate or denominator-matched lowerCourtCompliance validation target."
masood-kassow-songer-2019-precedent-treatment,534 U.S. 124,https://doi.org/10.7910/DVN/DZZY7G,10.7910/DVN/DZZY7G,10.1086/703067,534 U.S. 124,"J. E. M. AG SUPPLY, INC., DBA FARM ADVANTAGE, INC., et al. v. PIONEER HI-BRED IN",2001,2001-12-10,2001-008-01,122 S. Ct. 593,2001 U.S. LEXIS 10949,8,no,no,yes,0,71,11,0,3,3,82,74,14,0.134146341,0.040540541,0.785714286,post-decision through 2016,"Aggregate Shepard's lower-court response categories attached to one formally argued U.S. Supreme Court precedent, covering the 12 regular federal circuits, their district courts, and state courts through 2016; Federal Circuit excluded","Automated reduction of the authors' public precedent-level replication file. The source aggregates Shepard's categories and does not expose individual lower-court opinions, non-citing or ignored exposed cases, treatment dates, remedy fidelity, or practical implementation. Use as bounded doctrinal-uptake context only, not as a practical-compliance rate or denominator-matched lowerCourtCompliance validation target."
masood-kassow-songer-2019-precedent-treatment,534 U.S. 157,https://doi.org/10.7910/DVN/DZZY7G,10.7910/DVN/DZZY7G,10.1086/703067,534 U.S. 157,"TERRY L. STEWART, DIRECTOR, ARIZONA DEPARTMENT OF CORRECTIONS v. ROBERT DOUGLAS ",2001,2001-12-12,2001-009-01,122 S. Ct. 1143,2001 U.S. LEXIS 11061,9,no,no,yes,0,9,0,0,0,0,9,9,0,0.000000000,0.000000000,,post-decision through 2016,"Aggregate Shepard's lower-court response categories attached to one formally argued U.S. Supreme Court precedent, covering the 12 regular federal circuits, their district courts, and state courts through 2016; Federal Circuit excluded","Automated reduction of the authors' public precedent-level replication file. The source aggregates Shepard's categories and does not expose individual lower-court opinions, non-citing or ignored exposed cases, treatment dates, remedy fidelity, or practical implementation. Use as bounded doctrinal-uptake context only, not as a practical-compliance rate or denominator-matched lowerCourtCompliance validation target."
masood-kassow-songer-2019-precedent-treatment,534 U.S. 161,https://doi.org/10.7910/DVN/DZZY7G,10.7910/DVN/DZZY7G,10.1086/703067,534 U.S. 161,LARRY DEAN DUSENBERY v. UNITED STATES,2001,2002-01-08,2001-010-01,122 S. Ct. 694,2002 U.S. LEXIS 401,4,yes,no,yes,0,660,114,0,9,9,774,669,123,0.147286822,0.013452915,0.926829268,post-decision through 2016,"Aggregate Shepard's lower-court response categories attached to one formally argued U.S. Supreme Court precedent, covering the 12 regular federal circuits, their district courts, and state courts through 2016; Federal Circuit excluded","Automated reduction of the authors' public precedent-level replication file. The source aggregates Shepard's categories and does not expose individual lower-court opinions, non-citing or ignored exposed cases, treatment dates, remedy fidelity, or practical implementation. Use as bounded doctrinal-uptake context only, not as a practical-compliance rate or denominator-matched lowerCourtCompliance validation target."
masood-kassow-songer-2019-precedent-treatment,534 U.S. 184,https://doi.org/10.7910/DVN/DZZY7G,10.7910/DVN/DZZY7G,10.1086/703067,534 U.S. 184,"TOYOTA MOTOR MANUFACTURING, KENTUCKY, INC. v. ELLA WILLIAMS",2001,2002-01-08,2001-011-01,122 S. Ct. 681,2002 U.S. LEXIS 400,2,no,no,yes,0,1852,670,206,25,231,2522,2083,901,0.265662173,0.110897744,0.743618202,post-decision through 2016,"Aggregate Shepard's lower-court response categories attached to one formally argued U.S. Supreme Court precedent, covering the 12 regular federal circuits, their district courts, and state courts through 2016; Federal Circuit excluded","Automated reduction of the authors' public precedent-level replication file. The source aggregates Shepard's categories and does not expose individual lower-court opinions, non-citing or ignored exposed cases, treatment dates, remedy fidelity, or practical implementation. Use as bounded doctrinal-uptake context only, not as a practical-compliance rate or denominator-matched lowerCourtCompliance validation target."
masood-kassow-songer-2019-precedent-treatment,534 U.S. 204,https://doi.org/10.7910/DVN/DZZY7G,10.7910/DVN/DZZY7G,10.1086/703067,534 U.S. 204,"GREAT-WEST LIFE & ANNUITY INSURANCE COMPANY, et al. v. JANETTE KNUDSON AND ERIC ",2001,2002-01-08,2001-012-01,122 S. Ct. 708,2002 U.S. LEXIS 399,8,no,no,yes,0,1023,358,4,145,149,1381,1172,507,0.259232440,0.127133106,0.706114398,post-decision through 2016,"Aggregate Shepard's lower-court response categories attached to one formally argued U.S. Supreme Court precedent, covering the 12 regular federal circuits, their district courts, and state courts through 2016; Federal Circuit excluded","Automated reduction of the authors' public precedent-level replication file. The source aggregates Shepard's categories and does not expose individual lower-court opinions, non-citing or ignored exposed cases, treatment dates, remedy fidelity, or practical implementation. Use as bounded doctrinal-uptake context only, not as a practical-compliance rate or denominator-matched lowerCourtCompliance validation target."
masood-kassow-songer-2019-precedent-treatment,534 U.S. 235,https://doi.org/10.7910/DVN/DZZY7G,10.7910/DVN/DZZY7G,10.1086/703067,534 U.S. 235,"ELAINE L. CHAO, SECRETARY OF LABOR v. MALLARD BAY DRILLING, INC.",2001,2002-01-09,2001-013-01,122 S. Ct. 738,2002 U.S. LEXIS 403,7,no,no,yes,0,22,5,0,0,0,27,22,5,0.185185185,0.000000000,1.000000000,post-decision through 2016,"Aggregate Shepard's lower-court response categories attached to one formally argued U.S. Supreme Court precedent, covering the 12 regular federal circuits, their district courts, and state courts through 2016; Federal Circuit excluded","Automated reduction of the authors' public precedent-level replication file. The source aggregates Shepard's categories and does not expose individual lower-court opinions, non-citing or ignored exposed cases, treatment dates, remedy fidelity, or practical implementation. Use as bounded doctrinal-uptake context only, not as a practical-compliance rate or denominator-matched lowerCourtCompliance validation target."
masood-kassow-songer-2019-precedent-treatment,534 U.S. 246,https://doi.org/10.7910/DVN/DZZY7G,10.7910/DVN/DZZY7G,10.1086/703067,534 U.S. 246,WILLIAM ARTHUR KELLY v. SOUTH CAROLINA,2001,2002-01-09,2001-014-01,122 S. Ct. 726,2002 U.S. LEXIS 402,1,yes,yes,yes,0,79,19,0,26,26,98,105,45,0.193877551,0.247619048,0.422222222,post-decision through 2016,"Aggregate Shepard's lower-court response categories attached to one formally argued U.S. Supreme Court precedent, covering the 12 regular federal circuits, their district courts, and state courts through 2016; Federal Circuit excluded","Automated reduction of the authors' public precedent-level replication file. The source aggregates Shepard's categories and does not expose individual lower-court opinions, non-citing or ignored exposed cases, treatment dates, remedy fidelity, or practical implementation. Use as bounded doctrinal-uptake context only, not as a practical-compliance rate or denominator-matched lowerCourtCompliance validation target."
masood-kassow-songer-2019-precedent-treatment,534 U.S. 266,https://doi.org/10.7910/DVN/DZZY7G,10.7910/DVN/DZZY7G,10.1086/703067,534 U.S. 266,UNITED STATES v. RALPH ARVIZU,2001,2002-01-15,2001-015-01,122 S. Ct. 744,2002 U.S. LEXIS 490,1,no,yes,yes,0,3225,706,0,19,19,3931,3244,725,0.179598067,0.005856967,0.973793103,post-decision through 2016,"Aggregate Shepard's lower-court response categories attached to one formally argued U.S. Supreme Court precedent, covering the 12 regular federal circuits, their district courts, and state courts through 2016; Federal Circuit excluded","Automated reduction of the authors' public precedent-level replication file. The source aggregates Shepard's categories and does not expose individual lower-court opinions, non-citing or ignored exposed cases, treatment dates, remedy fidelity, or practical implementation. Use as bounded doctrinal-uptake context only, not as a practical-compliance rate or denominator-matched lowerCourtCompliance validation target."
masood-kassow-songer-2019-precedent-treatment,534 U.S. 279,https://doi.org/10.7910/DVN/DZZY7G,10.7910/DVN/DZZY7G,10.1086/703067,534 U.S. 279,"EQUAL EMPLOYMENT OPPORTUNITY COMMISSION v. WAFFLE HOUSE, INC.",2001,2002-01-15,2001-016-01,122 S. Ct. 754,2002 U.S. LEXIS 489,7,no,no,yes,0,968,128,1,26,27,1096,995,155,0.116788321,0.027135678,0.825806452,post-decision through 2016,"Aggregate Shepard's lower-court response categories attached to one formally argued U.S. Supreme Court precedent, covering the 12 regular federal circuits, their district courts, and state courts through 2016; Federal Circuit excluded","Automated reduction of the authors' public precedent-level replication file. The source aggregates Shepard's categories and does not expose individual lower-court opinions, non-citing or ignored exposed cases, treatment dates, remedy fidelity, or practical implementation. Use as bounded doctrinal-uptake context only, not as a practical-compliance rate or denominator-matched lowerCourtCompliance validation target."
masood-kassow-songer-2019-precedent-treatment,534 U.S. 316,https://doi.org/10.7910/DVN/DZZY7G,10.7910/DVN/DZZY7G,10.1086/703067,534 U.S. 316,CAREN CRONK THOMAS AND WINDY CITY HEMP DEVELOPMENT BOARD v. CHICAGO PARK DISTRIC,2001,2002-01-15,2001-017-01,122 S. Ct. 775,2002 U.S. LEXIS 488,3,yes,no,yes,1,210,102,0,38,38,312,248,140,0.326923077,0.153225806,0.728571429,post-decision through 2016,"Aggregate Shepard's lower-court response categories attached to one formally argued U.S. Supreme Court precedent, covering the 12 regular federal circuits, their district courts, and state courts through 2016; Federal Circuit excluded","Automated reduction of the authors' public precedent-level replication file. The source aggregates Shepard's categories and does not expose individual lower-court opinions, non-citing or ignored exposed cases, treatment dates, remedy fidelity, or practical implementation. Use as bounded doctrinal-uptake context only, not as a practical-compliance rate or denominator-matched lowerCourtCompliance validation target."
masood-kassow-songer-2019-precedent-treatment,534 U.S. 327,https://doi.org/10.7910/DVN/DZZY7G,10.7910/DVN/DZZY7G,10.1086/703067,534 U.S. 327,"NATIONAL CABLE & TELECOMMUNICATIONS ASSOCIATION, INC. v. GULF POWER COMPANY et a",2001,2002-01-16,2001-018-02,122 S. Ct. 782,2002 U.S. LEXIS 491,9,no,no,yes,0,52,7,0,1,1,59,53,8,0.118644068,0.018867925,0.875000000,post-decision through 2016,"Aggregate Shepard's lower-court response categories attached to one formally argued U.S. Supreme Court precedent, covering the 12 regular federal circuits, their district courts, and state courts through 2016; Federal Circuit excluded","Automated reduction of the authors' public precedent-level replication file. The source aggregates Shepard's categories and does not expose individual lower-court opinions, non-citing or ignored exposed cases, treatment dates, remedy fidelity, or practical implementation. Use as bounded doctrinal-uptake context only, not as a practical-compliance rate or denominator-matched lowerCourtCompliance validation target."
masood-kassow-songer-2019-precedent-treatment,534 U.S. 362,https://doi.org/10.7910/DVN/DZZY7G,10.7910/DVN/DZZY7G,10.1086/703067,534 U.S. 362,"REMON LEE v. MIKE KEMNA, SUPERINTENDENT, CROSSROADS CORRECTIONAL CENTER",2001,2002-01-22,2001-019-01,122 S. Ct. 877,2002 U.S. LEXIS 494,9,no,no,yes,0,1244,268,0,47,47,1512,1291,315,0.177248677,0.036405887,0.850793651,post-decision through 2016,"Aggregate Shepard's lower-court response categories attached to one formally argued U.S. Supreme Court precedent, covering the 12 regular federal circuits, their district courts, and state courts through 2016; Federal Circuit excluded","Automated reduction of the authors' public precedent-level replication file. The source aggregates Shepard's categories and does not expose individual lower-court opinions, non-citing or ignored exposed cases, treatment dates, remedy fidelity, or practical implementation. Use as bounded doctrinal-uptake context only, not as a practical-compliance rate or denominator-matched lowerCourtCompliance validation target."
masood-kassow-songer-2019-precedent-treatment,534 U.S. 407,https://doi.org/10.7910/DVN/DZZY7G,10.7910/DVN/DZZY7G,10.1086/703067,534 U.S. 407,KANSAS v. MICHAEL T. CRANE,2001,2002-01-22,2001-020-01,122 S. Ct. 867,2002 U.S. LEXIS 493,4,yes,no,yes,2,620,204,0,18,18,824,638,222,0.247572816,0.028213166,0.918918919,post-decision through 2016,"Aggregate Shepard's lower-court response categories attached to one formally argued U.S. Supreme Court precedent, covering the 12 regular federal circuits, their district courts, and state courts through 2016; Federal Circuit excluded","Automated reduction of the authors' public precedent-level replication file. The source aggregates Shepard's categories and does not expose individual lower-court opinions, non-citing or ignored exposed cases, treatment dates, remedy fidelity, or practical implementation. Use as bounded doctrinal-uptake context only, not as a practical-compliance rate or denominator-matched lowerCourtCompliance validation target."
masood-kassow-songer-2019-precedent-treatment,534 U.S. 426,https://doi.org/10.7910/DVN/DZZY7G,10.7910/DVN/DZZY7G,10.1086/703067,534 U.S. 426,"OWASSO INDEPENDENT SCHOOL DISTRICT NO. I-011, AKA OWASSO PUBLIC SCHOOLS, et al. ",2001,2002-02-19,2001-021-01,122 S. Ct. 934,2002 U.S. LEXIS 619,5,no,no,yes,0,37,5,0,2,2,42,39,7,0.119047619,0.051282051,0.714285714,post-decision through 2016,"Aggregate Shepard's lower-court response categories attached to one formally argued U.S. Supreme Court precedent, covering the 12 regular federal circuits, their district courts, and state courts through 2016; Federal Circuit excluded","Automated reduction of the authors' public precedent-level replication file. The source aggregates Shepard's categories and does not expose individual lower-court opinions, non-citing or ignored exposed cases, treatment dates, remedy fidelity, or practical implementation. Use as bounded doctrinal-uptake context only, not as a practical-compliance rate or denominator-matched lowerCourtCompliance validation target."
masood-kassow-songer-2019-precedent-treatment,534 U.S. 438,https://doi.org/10.7910/DVN/DZZY7G,10.7910/DVN/DZZY7G,10.1086/703067,534 U.S. 438,"JO ANNE B. BARNHART, COMMISSIONER OF SOCIAL SECURITY v. SIGMON COAL COMPANY, INC",2001,2002-02-19,2001-022-01,122 S. Ct. 941,2002 U.S. LEXIS 617,8,no,no,yes,1,517,40,0,6,6,557,523,46,0.071813285,0.011472275,0.869565217,post-decision through 2016,"Aggregate Shepard's lower-court response categories attached to one formally argued U.S. Supreme Court precedent, covering the 12 regular federal circuits, their district courts, and state courts through 2016; Federal Circuit excluded","Automated reduction of the authors' public precedent-level replication file. The source aggregates Shepard's categories and does not expose individual lower-court opinions, non-citing or ignored exposed cases, treatment dates, remedy fidelity, or practical implementation. Use as bounded doctrinal-uptake context only, not as a practical-compliance rate or denominator-matched lowerCourtCompliance validation target."
masood-kassow-songer-2019-precedent-treatment,534 U.S. 473,https://doi.org/10.7910/DVN/DZZY7G,10.7910/DVN/DZZY7G,10.1086/703067,534 U.S. 473,WISCONSIN DEPARTMENT OF HEALTH AND FAMILY SERVICES v. IRENE BLUMER,2001,2002-02-20,2001-023-01,122 S. Ct. 962,2002 U.S. LEXIS 1173,10,no,no,yes,0,125,10,0,2,2,135,127,12,0.074074074,0.015748031,0.833333333,post-decision through 2016,"Aggregate Shepard's lower-court response categories attached to one formally argued U.S. Supreme Court precedent, covering the 12 regular federal circuits, their district courts, and state courts through 2016; Federal Circuit excluded","Automated reduction of the authors' public precedent-level replication file. The source aggregates Shepard's categories and does not expose individual lower-court opinions, non-citing or ignored exposed cases, treatment dates, remedy fidelity, or practical implementation. Use as bounded doctrinal-uptake context only, not as a practical-compliance rate or denominator-matched lowerCourtCompliance validation target."
masood-kassow-songer-2019-precedent-treatment,534 U.S. 506,https://doi.org/10.7910/DVN/DZZY7G,10.7910/DVN/DZZY7G,10.1086/703067,534 U.S. 506,AKOS SWIERKIEWICZ v. SOREMA N. A.,2001,2002-02-26,2001-024-01,122 S. Ct. 992,2002 U.S. LEXIS 1374,2,no,no,yes,1,12266,1250,76,103,179,13516,12445,1429,0.092482983,0.014383286,0.874737579,post-decision through 2016,"Aggregate Shepard's lower-court response categories attached to one formally argued U.S. Supreme Court precedent, covering the 12 regular federal circuits, their district courts, and state courts through 2016; Federal Circuit excluded","Automated reduction of the authors' public precedent-level replication file. The source aggregates Shepard's categories and does not expose individual lower-court opinions, non-citing or ignored exposed cases, treatment dates, remedy fidelity, or practical implementation. Use as bounded doctrinal-uptake context only, not as a practical-compliance rate or denominator-matched lowerCourtCompliance validation target."
masood-kassow-songer-2019-precedent-treatment,534 U.S. 516,https://doi.org/10.7910/DVN/DZZY7G,10.7910/DVN/DZZY7G,10.1086/703067,534 U.S. 516,"CORRECTION OFFICER PORTER, et al. v. RONALD NUSSLE",2001,2002-02-26,2001-025-01,122 S. Ct. 983,2002 U.S. LEXIS 1373,9,no,no,yes,2,11924,1265,0,25,25,13189,11949,1290,0.095913261,0.002092225,0.980620155,post-decision through 2016,"Aggregate Shepard's lower-court response categories attached to one formally argued U.S. Supreme Court precedent, covering the 12 regular federal circuits, their district courts, and state courts through 2016; Federal Circuit excluded","Automated reduction of the authors' public precedent-level replication file. The source aggregates Shepard's categories and does not expose individual lower-court opinions, non-citing or ignored exposed cases, treatment dates, remedy fidelity, or practical implementation. Use as bounded doctrinal-uptake context only, not as a practical-compliance rate or denominator-matched lowerCourtCompliance validation target."
masood-kassow-songer-2019-precedent-treatment,534 U.S. 533,https://doi.org/10.7910/DVN/DZZY7G,10.7910/DVN/DZZY7G,10.1086/703067,534 U.S. 533,"LANCE RAYGOR AND JAMES GOODCHILD v. REGENTS OF THE UNIVERSITY OF MINNESOTA, et a",2001,2002-02-27,2001-026-01,122 S. Ct. 999,2002 U.S. LEXIS 1375,9,no,no,yes,0,226,39,0,3,3,265,229,42,0.147169811,0.013100437,0.928571429,post-decision through 2016,"Aggregate Shepard's lower-court response categories attached to one formally argued U.S. Supreme Court precedent, covering the 12 regular federal circuits, their district courts, and state courts through 2016; Federal Circuit excluded","Automated reduction of the authors' public precedent-level replication file. The source aggregates Shepard's categories and does not expose individual lower-court opinions, non-citing or ignored exposed cases, treatment dates, remedy fidelity, or practical implementation. Use as bounded doctrinal-uptake context only, not as a practical-compliance rate or denominator-matched lowerCourtCompliance validation target."
masood-kassow-songer-2019-precedent-treatment,535 U.S. 1,https://doi.org/10.7910/DVN/DZZY7G,10.7910/DVN/DZZY7G,10.1086/703067,535 U.S. 1,NEW YORK et al. v. FEDERAL ENERGY REGULATORY COMMISSION et al.,2001,2002-03-04,2001-027-02,122 S. Ct. 1012,2002 U.S. LEXIS 1380,9,no,no,yes,0,103,5,0,2,2,108,105,7,0.046296296,0.019047619,0.714285714,post-decision through 2016,"Aggregate Shepard's lower-court response categories attached to one formally argued U.S. Supreme Court precedent, covering the 12 regular federal circuits, their district courts, and state courts through 2016; Federal Circuit excluded","Automated reduction of the authors' public precedent-level replication file. The source aggregates Shepard's categories and does not expose individual lower-court opinions, non-citing or ignored exposed cases, treatment dates, remedy fidelity, or practical implementation. Use as bounded doctrinal-uptake context only, not as a practical-compliance rate or denominator-matched lowerCourtCompliance validation target."
masood-kassow-songer-2019-precedent-treatment,535 U.S. 43,https://doi.org/10.7910/DVN/DZZY7G,10.7910/DVN/DZZY7G,10.1086/703067,535 U.S. 43,"CORNELIUS P. YOUNG, ET UX. v. UNITED STATES",2001,2002-03-04,2001-028-01,122 S. Ct. 1036,2002 U.S. LEXIS 1378,8,no,no,yes,0,236,36,2,17,19,272,255,55,0.132352941,0.074509804,0.654545455,post-decision through 2016,"Aggregate Shepard's lower-court response categories attached to one formally argued U.S. Supreme Court precedent, covering the 12 regular federal circuits, their district courts, and state courts through 2016; Federal Circuit excluded","Automated reduction of the authors' public precedent-level replication file. The source aggregates Shepard's categories and does not expose individual lower-court opinions, non-citing or ignored exposed cases, treatment dates, remedy fidelity, or practical implementation. Use as bounded doctrinal-uptake context only, not as a practical-compliance rate or denominator-matched lowerCourtCompliance validation target."
masood-kassow-songer-2019-precedent-treatment,535 U.S. 55,https://doi.org/10.7910/DVN/DZZY7G,10.7910/DVN/DZZY7G,10.1086/703067,535 U.S. 55,UNITED STATES v. ALPHONSO VONN,2001,2002-03-04,2001-029-01,122 S. Ct. 1043,2002 U.S. LEXIS 1377,1,no,yes,yes,1,1174,150,0,9,9,1324,1183,159,0.113293051,0.007607777,0.943396226,post-decision through 2016,"Aggregate Shepard's lower-court response categories attached to one formally argued U.S. Supreme Court precedent, covering the 12 regular federal circuits, their district courts, and state courts through 2016; Federal Circuit excluded","Automated reduction of the authors' public precedent-level replication file. The source aggregates Shepard's categories and does not expose individual lower-court opinions, non-citing or ignored exposed cases, treatment dates, remedy fidelity, or practical implementation. Use as bounded doctrinal-uptake context only, not as a practical-compliance rate or denominator-matched lowerCourtCompliance validation target."
masood-kassow-songer-2019-precedent-treatment,535 U.S. 106,https://doi.org/10.7910/DVN/DZZY7G,10.7910/DVN/DZZY7G,10.1086/703067,535 U.S. 106,LEONARD EDELMAN v. LYNCHBURG COLLEGE,2001,2002-03-19,2001-031-01,122 S. Ct. 1145,2002 U.S. LEXIS 1935,2,no,no,yes,1,186,51,0,18,18,237,204,69,0.215189873,0.088235294,0.739130435,post-decision through 2016,"Aggregate Shepard's lower-court response categories attached to one formally argued U.S. Supreme Court precedent, covering the 12 regular federal circuits, their district courts, and state courts through 2016; Federal Circuit excluded","Automated reduction of the authors' public precedent-level replication file. The source aggregates Shepard's categories and does not expose individual lower-court opinions, non-citing or ignored exposed cases, treatment dates, remedy fidelity, or practical implementation. Use as bounded doctrinal-uptake context only, not as a practical-compliance rate or denominator-matched lowerCourtCompliance validation target."
masood-kassow-songer-2019-precedent-treatment,535 U.S. 81,https://doi.org/10.7910/DVN/DZZY7G,10.7910/DVN/DZZY7G,10.1086/703067,535 U.S. 81,"TRACY RAGSDALE, et al. v. WOLVERINE WORLD WIDE, INC.",2001,2002-03-19,2001-030-01,122 S. Ct. 1155,2002 U.S. LEXIS 1936,9,no,no,yes,0,457,177,1,23,24,634,481,201,0.279179811,0.049896050,0.880597015,post-decision through 2016,"Aggregate Shepard's lower-court response categories attached to one formally argued U.S. Supreme Court precedent, covering the 12 regular federal circuits, their district courts, and state courts through 2016; Federal Circuit excluded","Automated reduction of the authors' public precedent-level replication file. The source aggregates Shepard's categories and does not expose individual lower-court opinions, non-citing or ignored exposed cases, treatment dates, remedy fidelity, or practical implementation. Use as bounded doctrinal-uptake context only, not as a practical-compliance rate or denominator-matched lowerCourtCompliance validation target."
masood-kassow-songer-2019-precedent-treatment,535 U.S. 125,https://doi.org/10.7910/DVN/DZZY7G,10.7910/DVN/DZZY7G,10.1086/703067,535 U.S. 125,DEPARTMENT OF HOUSING AND URBAN DEVELOPMENT v. PEARLIE RUCKER et al.,2001,2002-03-26,2001-032-02,122 S. Ct. 1230,2002 U.S. LEXIS 2144,2,no,no,yes,0,179,39,0,15,15,218,194,54,0.178899083,0.077319588,0.722222222,post-decision through 2016,"Aggregate Shepard's lower-court response categories attached to one formally argued U.S. Supreme Court precedent, covering the 12 regular federal circuits, their district courts, and state courts through 2016; Federal Circuit excluded","Automated reduction of the authors' public precedent-level replication file. The source aggregates Shepard's categories and does not expose individual lower-court opinions, non-citing or ignored exposed cases, treatment dates, remedy fidelity, or practical implementation. Use as bounded doctrinal-uptake context only, not as a practical-compliance rate or denominator-matched lowerCourtCompliance validation target."
masood-kassow-songer-2019-precedent-treatment,535 U.S. 137,https://doi.org/10.7910/DVN/DZZY7G,10.7910/DVN/DZZY7G,10.1086/703067,535 U.S. 137,"HOFFMAN PLASTIC COMPOUNDS, INC. v. NATIONAL LABOR RELATIONS BOARD",2001,2002-03-27,2001-033-01,122 S. Ct. 1275,2002 U.S. LEXIS 2147,2,no,no,yes,0,198,40,1,77,78,238,276,118,0.168067227,0.282608696,0.338983051,post-decision through 2016,"Aggregate Shepard's lower-court response categories attached to one formally argued U.S. Supreme Court precedent, covering the 12 regular federal circuits, their district courts, and state courts through 2016; Federal Circuit excluded","Automated reduction of the authors' public precedent-level replication file. The source aggregates Shepard's categories and does not expose individual lower-court opinions, non-citing or ignored exposed cases, treatment dates, remedy fidelity, or practical implementation. Use as bounded doctrinal-uptake context only, not as a practical-compliance rate or denominator-matched lowerCourtCompliance validation target."
masood-kassow-songer-2019-precedent-treatment,535 U.S. 162,https://doi.org/10.7910/DVN/DZZY7G,10.7910/DVN/DZZY7G,10.1086/703067,535 U.S. 162,"WALTER MICKENS, JR. v. JOHN TAYLOR, WARDEN",2001,2002-03-27,2001-034-01,122 S. Ct. 1237,2002 U.S. LEXIS 2146,1,yes,yes,yes,1,1400,360,1,46,47,1760,1447,407,0.204545455,0.032480995,0.884520885,post-decision through 2016,"Aggregate Shepard's lower-court response categories attached to one formally argued U.S. Supreme Court precedent, covering the 12 regular federal circuits, their district courts, and state courts through 2016; Federal Circuit excluded","Automated reduction of the authors' public precedent-level replication file. The source aggregates Shepard's categories and does not expose individual lower-court opinions, non-citing or ignored exposed cases, treatment dates, remedy fidelity, or practical implementation. Use as bounded doctrinal-uptake context only, not as a practical-compliance rate or denominator-matched lowerCourtCompliance validation target."
masood-kassow-songer-2019-precedent-treatment,535 U.S. 212,https://doi.org/10.7910/DVN/DZZY7G,10.7910/DVN/DZZY7G,10.1086/703067,535 U.S. 212,"JO ANNE B. BARNHART, COMMISSIONER OF SOCIAL SECURITY v. CLEVELAND B. WALTON",2001,2002-03-27,2001-035-01,122 S. Ct. 1265,2002 U.S. LEXIS 2145,2,no,no,yes,0,1280,166,0,8,8,1446,1288,174,0.114799447,0.006211180,0.954022989,post-decision through 2016,"Aggregate Shepard's lower-court response categories attached to one formally argued U.S. Supreme Court precedent, covering the 12 regular federal circuits, their district courts, and state courts through 2016; Federal Circuit excluded","Automated reduction of the authors' public precedent-level replication file. The source aggregates Shepard's categories and does not expose individual lower-court opinions, non-citing or ignored exposed cases, treatment dates, remedy fidelity, or practical implementation. Use as bounded doctrinal-uptake context only, not as a practical-compliance rate or denominator-matched lowerCourtCompliance validation target."
masood-kassow-songer-2019-precedent-treatment,535 U.S. 228,https://doi.org/10.7910/DVN/DZZY7G,10.7910/DVN/DZZY7G,10.1086/703067,535 U.S. 228,"WANDA ADAMS, et al. v. FLORIDA POWER CORPORATION AND FLORIDA PROGRESS CORPORATIO",2001,2002-04-01,2001-036-01,122 S. Ct. 1290,2002 U.S. LEXIS 2339,9,no,no,yes,0,4,1,0,0,0,5,4,1,0.200000000,0.000000000,1.000000000,post-decision through 2016,"Aggregate Shepard's lower-court response categories attached to one formally argued U.S. Supreme Court precedent, covering the 12 regular federal circuits, their district courts, and state courts through 2016; Federal Circuit excluded","Automated reduction of the authors' public precedent-level replication file. The source aggregates Shepard's categories and does not expose individual lower-court opinions, non-citing or ignored exposed cases, treatment dates, remedy fidelity, or practical implementation. Use as bounded doctrinal-uptake context only, not as a practical-compliance rate or denominator-matched lowerCourtCompliance validation target."
masood-kassow-songer-2019-precedent-treatment,535 U.S. 229,https://doi.org/10.7910/DVN/DZZY7G,10.7910/DVN/DZZY7G,10.1086/703067,535 U.S. 229,"SAO PAULO STATE OF THE FEDERATIVE REPUBLIC OF BRAZIL v. AMERICAN TOBACCO CO., IN",2001,2002-04-01,2001-037-01,122 S. Ct. 1290,2002 U.S. LEXIS 2340,4,no,no,yes,0,56,14,0,0,0,70,56,14,0.200000000,0.000000000,1.000000000,post-decision through 2016,"Aggregate Shepard's lower-court response categories attached to one formally argued U.S. Supreme Court precedent, covering the 12 regular federal circuits, their district courts, and state courts through 2016; Federal Circuit excluded","Automated reduction of the authors' public precedent-level replication file. The source aggregates Shepard's categories and does not expose individual lower-court opinions, non-citing or ignored exposed cases, treatment dates, remedy fidelity, or practical implementation. Use as bounded doctrinal-uptake context only, not as a practical-compliance rate or denominator-matched lowerCourtCompliance validation target."
masood-kassow-songer-2019-precedent-treatment,535 U.S. 234,https://doi.org/10.7910/DVN/DZZY7G,10.7910/DVN/DZZY7G,10.1086/703067,535 U.S. 234,"JOHN D. ASHCROFT, ATTORNEY GENERAL, et al. v. THE FREE SPEECH COALITION et al.",2001,2002-04-16,2001-038-01,122 S. Ct. 1389,2002 U.S. LEXIS 2789,3,no,no,yes,7,604,105,1,111,112,709,716,217,0.148095910,0.156424581,0.483870968,post-decision through 2016,"Aggregate Shepard's lower-court response categories attached to one formally argued U.S. Supreme Court precedent, covering the 12 regular federal circuits, their district courts, and state courts through 2016; Federal Circuit excluded","Automated reduction of the authors' public precedent-level replication file. The source aggregates Shepard's categories and does not expose individual lower-court opinions, non-citing or ignored exposed cases, treatment dates, remedy fidelity, or practical implementation. Use as bounded doctrinal-uptake context only, not as a practical-compliance rate or denominator-matched lowerCourtCompliance validation target."
masood-kassow-songer-2019-precedent-treatment,535 U.S. 274,https://doi.org/10.7910/DVN/DZZY7G,10.7910/DVN/DZZY7G,10.1086/703067,535 U.S. 274,UNITED STATES v. SANDRA L. CRAFT,2001,2002-04-17,2001-039-01,122 S. Ct. 1414,2002 U.S. LEXIS 2790,12,no,no,yes,0,295,57,1,20,21,352,316,78,0.161931818,0.066455696,0.730769231,post-decision through 2016,"Aggregate Shepard's lower-court response categories attached to one formally argued U.S. Supreme Court precedent, covering the 12 regular federal circuits, their district courts, and state courts through 2016; Federal Circuit excluded","Automated reduction of the authors' public precedent-level replication file. The source aggregates Shepard's categories and does not expose individual lower-court opinions, non-citing or ignored exposed cases, treatment dates, remedy fidelity, or practical implementation. Use as bounded doctrinal-uptake context only, not as a practical-compliance rate or denominator-matched lowerCourtCompliance validation target."
masood-kassow-songer-2019-precedent-treatment,535 U.S. 302,https://doi.org/10.7910/DVN/DZZY7G,10.7910/DVN/DZZY7G,10.1086/703067,535 U.S. 302,"TAHOE-SIERRA PRESERVATION COUNCIL, INC., et al. v. TAHOE REGIONAL PLANNING AGENC",2001,2002-04-23,2001-040-01,122 S. Ct. 1465,2002 U.S. LEXIS 3028,4,yes,no,yes,0,336,69,1,5,6,405,342,75,0.170370370,0.017543860,0.920000000,post-decision through 2016,"Aggregate Shepard's lower-court response categories attached to one formally argued U.S. Supreme Court precedent, covering the 12 regular federal circuits, their district courts, and state courts through 2016; Federal Circuit excluded","Automated reduction of the authors' public precedent-level replication file. The source aggregates Shepard's categories and does not expose individual lower-court opinions, non-citing or ignored exposed cases, treatment dates, remedy fidelity, or practical implementation. Use as bounded doctrinal-uptake context only, not as a practical-compliance rate or denominator-matched lowerCourtCompliance validation target."
masood-kassow-songer-2019-precedent-treatment,535 U.S. 357,https://doi.org/10.7910/DVN/DZZY7G,10.7910/DVN/DZZY7G,10.1086/703067,535 U.S. 357,"TOMMY G. THOMPSON, SECRETARY OF HEALTH AND HUMAN SERVICES, et al. v. WESTERN STA",2001,2002-04-29,2001-041-01,122 S. Ct. 1497,2002 U.S. LEXIS 3035,3,yes,no,yes,0,111,41,0,13,13,152,124,54,0.269736842,0.104838710,0.759259259,post-decision through 2016,"Aggregate Shepard's lower-court response categories attached to one formally argued U.S. Supreme Court precedent, covering the 12 regular federal circuits, their district courts, and state courts through 2016; Federal Circuit excluded","Automated reduction of the authors' public precedent-level replication file. The source aggregates Shepard's categories and does not expose individual lower-court opinions, non-citing or ignored exposed cases, treatment dates, remedy fidelity, or practical implementation. Use as bounded doctrinal-uptake context only, not as a practical-compliance rate or denominator-matched lowerCourtCompliance validation target."
masood-kassow-songer-2019-precedent-treatment,535 U.S. 391,https://doi.org/10.7910/DVN/DZZY7G,10.7910/DVN/DZZY7G,10.1086/703067,535 U.S. 391,"US AIRWAYS, INC. v. ROBERT BARNETT",2001,2002-04-29,2001-042-01,122 S. Ct. 1516,2002 U.S. LEXIS 3034,2,no,no,yes,0,525,100,0,19,19,625,544,119,0.160000000,0.034926471,0.840336134,post-decision through 2016,"Aggregate Shepard's lower-court response categories attached to one formally argued U.S. Supreme Court precedent, covering the 12 regular federal circuits, their district courts, and state courts through 2016; Federal Circuit excluded","Automated reduction of the authors' public precedent-level replication file. The source aggregates Shepard's categories and does not expose individual lower-court opinions, non-citing or ignored exposed cases, treatment dates, remedy fidelity, or practical implementation. Use as bounded doctrinal-uptake context only, not as a practical-compliance rate or denominator-matched lowerCourtCompliance validation target."
masood-kassow-songer-2019-precedent-treatment,535 U.S. 425,https://doi.org/10.7910/DVN/DZZY7G,10.7910/DVN/DZZY7G,10.1086/703067,535 U.S. 425,"CITY OF LOS ANGELES v. ALAMEDA BOOKS, INC., et al.",2001,2002-05-13,2001-044-01,122 S. Ct. 1728,2002 U.S. LEXIS 3424,3,no,no,yes,0,239,124,0,17,17,363,256,141,0.341597796,0.066406250,0.879432624,post-decision through 2016,"Aggregate Shepard's lower-court response categories attached to one formally argued U.S. Supreme Court precedent, covering the 12 regular federal circuits, their district courts, and state courts through 2016; Federal Circuit excluded","Automated reduction of the authors' public precedent-level replication file. The source aggregates Shepard's categories and does not expose individual lower-court opinions, non-citing or ignored exposed cases, treatment dates, remedy fidelity, or practical implementation. Use as bounded doctrinal-uptake context only, not as a practical-compliance rate or denominator-matched lowerCourtCompliance validation target."
masood-kassow-songer-2019-precedent-treatment,535 U.S. 467,https://doi.org/10.7910/DVN/DZZY7G,10.7910/DVN/DZZY7G,10.1086/703067,535 U.S. 467,"VERIZON COMMUNICATIONS INC., et al. v. FEDERAL COMMUNICATIONS COMMISSION, et al.",2001,2002-05-13,2001-045-05,122 S. Ct. 1646,2002 U.S. LEXIS 3559,8,no,no,yes,1,146,17,0,5,5,163,151,22,0.104294479,0.033112583,0.772727273,post-decision through 2016,"Aggregate Shepard's lower-court response categories attached to one formally argued U.S. Supreme Court precedent, covering the 12 regular federal circuits, their district courts, and state courts through 2016; Federal Circuit excluded","Automated reduction of the authors' public precedent-level replication file. The source aggregates Shepard's categories and does not expose individual lower-court opinions, non-citing or ignored exposed cases, treatment dates, remedy fidelity, or practical implementation. Use as bounded doctrinal-uptake context only, not as a practical-compliance rate or denominator-matched lowerCourtCompliance validation target."
masood-kassow-songer-2019-precedent-treatment,535 U.S. 564,https://doi.org/10.7910/DVN/DZZY7G,10.7910/DVN/DZZY7G,10.1086/703067,535 U.S. 564,"JOHN ASHCROFT, ATTORNEY GENERAL v. AMERICAN CIVIL LIBERTIES UNION, et al.",2001,2002-05-13,2001-046-01,122 S. Ct. 1700,2002 U.S. LEXIS 3421,3,no,no,yes,0,148,17,1,6,7,165,155,24,0.103030303,0.045161290,0.708333333,post-decision through 2016,"Aggregate Shepard's lower-court response categories attached to one formally argued U.S. Supreme Court precedent, covering the 12 regular federal circuits, their district courts, and state courts through 2016; Federal Circuit excluded","Automated reduction of the authors' public precedent-level replication file. The source aggregates Shepard's categories and does not expose individual lower-court opinions, non-citing or ignored exposed cases, treatment dates, remedy fidelity, or practical implementation. Use as bounded doctrinal-uptake context only, not as a practical-compliance rate or denominator-matched lowerCourtCompliance validation target."
masood-kassow-songer-2019-precedent-treatment,535 U.S. 613,https://doi.org/10.7910/DVN/DZZY7G,10.7910/DVN/DZZY7G,10.1086/703067,535 U.S. 613,"PAUL D. LAPIDES v. BOARD OF REGENTS OF THE UNIVERSITY SYSTEM OF GEORGIA, et al.",2001,2002-05-13,2001-047-01,122 S. Ct. 1640,2002 U.S. LEXIS 3220,10,yes,no,yes,1,1208,186,0,114,114,1394,1322,300,0.133428981,0.086232980,0.620000000,post-decision through 2016,"Aggregate Shepard's lower-court response categories attached to one formally argued U.S. Supreme Court precedent, covering the 12 regular federal circuits, their district courts, and state courts through 2016; Federal Circuit excluded","Automated reduction of the authors' public precedent-level replication file. The source aggregates Shepard's categories and does not expose individual lower-court opinions, non-citing or ignored exposed cases, treatment dates, remedy fidelity, or practical implementation. Use as bounded doctrinal-uptake context only, not as a practical-compliance rate or denominator-matched lowerCourtCompliance validation target."
masood-kassow-songer-2019-precedent-treatment,535 U.S. 625,https://doi.org/10.7910/DVN/DZZY7G,10.7910/DVN/DZZY7G,10.1086/703067,535 U.S. 625,"UNITED STATES v. LEONARD COTTON, MARQUETTE HALL, LAMONT THOMAS, MATILDA HALL, JO",2001,2002-05-20,2001-048-01,122 S. Ct. 1781,2002 U.S. LEXIS 3565,1,no,yes,yes,0,1834,582,2,52,54,2416,1888,636,0.240894040,0.028601695,0.915094340,post-decision through 2016,"Aggregate Shepard's lower-court response categories attached to one formally argued U.S. Supreme Court precedent, covering the 12 regular federal circuits, their district courts, and state courts through 2016; Federal Circuit excluded","Automated reduction of the authors' public precedent-level replication file. The source aggregates Shepard's categories and does not expose individual lower-court opinions, non-citing or ignored exposed cases, treatment dates, remedy fidelity, or practical implementation. Use as bounded doctrinal-uptake context only, not as a practical-compliance rate or denominator-matched lowerCourtCompliance validation target."
masood-kassow-songer-2019-precedent-treatment,535 U.S. 635,https://doi.org/10.7910/DVN/DZZY7G,10.7910/DVN/DZZY7G,10.1086/703067,535 U.S. 635,VERIZON MD. INC. v. PUBLIC SERv. COMM'N OF MD.,2001,2002-05-20,2001-049-02,122 S. Ct. 1753,2002 U.S. LEXIS 3787,10,no,no,yes,1,881,273,0,25,25,1154,906,298,0.236568458,0.027593819,0.916107383,post-decision through 2016,"Aggregate Shepard's lower-court response categories attached to one formally argued U.S. Supreme Court precedent, covering the 12 regular federal circuits, their district courts, and state courts through 2016; Federal Circuit excluded","Automated reduction of the authors' public precedent-level replication file. The source aggregates Shepard's categories and does not expose individual lower-court opinions, non-citing or ignored exposed cases, treatment dates, remedy fidelity, or practical implementation. Use as bounded doctrinal-uptake context only, not as a practical-compliance rate or denominator-matched lowerCourtCompliance validation target."
masood-kassow-songer-2019-precedent-treatment,535 U.S. 654,https://doi.org/10.7910/DVN/DZZY7G,10.7910/DVN/DZZY7G,10.1086/703067,535 U.S. 654,ALABAMA v. LEREED SHELTON,2001,2002-05-20,2001-050-01,122 S. Ct. 1764,2002 U.S. LEXIS 3564,1,yes,yes,yes,1,218,44,0,29,29,262,247,73,0.167938931,0.117408907,0.602739726,post-decision through 2016,"Aggregate Shepard's lower-court response categories attached to one formally argued U.S. Supreme Court precedent, covering the 12 regular federal circuits, their district courts, and state courts through 2016; Federal Circuit excluded","Automated reduction of the authors' public precedent-level replication file. The source aggregates Shepard's categories and does not expose individual lower-court opinions, non-citing or ignored exposed cases, treatment dates, remedy fidelity, or practical implementation. Use as bounded doctrinal-uptake context only, not as a practical-compliance rate or denominator-matched lowerCourtCompliance validation target."
masood-kassow-songer-2019-precedent-treatment,535 U.S. 685,https://doi.org/10.7910/DVN/DZZY7G,10.7910/DVN/DZZY7G,10.1086/703067,535 U.S. 685,"RICKY BELL, WARDEN v. GARY BRADFORD CONE",2001,2002-05-28,2001-051-01,122 S. Ct. 1843,2002 U.S. LEXIS 4020,1,no,yes,yes,3,9928,1480,3,38,41,11408,9969,1521,0.129733520,0.004112750,0.973044050,post-decision through 2016,"Aggregate Shepard's lower-court response categories attached to one formally argued U.S. Supreme Court precedent, covering the 12 regular federal circuits, their district courts, and state courts through 2016; Federal Circuit excluded","Automated reduction of the authors' public precedent-level replication file. The source aggregates Shepard's categories and does not expose individual lower-court opinions, non-citing or ignored exposed cases, treatment dates, remedy fidelity, or practical implementation. Use as bounded doctrinal-uptake context only, not as a practical-compliance rate or denominator-matched lowerCourtCompliance validation target."
masood-kassow-songer-2019-precedent-treatment,535 U.S. 722,https://doi.org/10.7910/DVN/DZZY7G,10.7910/DVN/DZZY7G,10.1086/703067,535 U.S. 722,"FESTO CORPORATION v. SHOKETSU KINZOKU KOGYO KABUSHIKI CO., LTD., et al.",2001,2002-05-28,2001-052-01,122 S. Ct. 1831,2002 U.S. LEXIS 3818,8,no,no,yes,9,617,175,0,9,9,792,626,184,0.220959596,0.014376997,0.951086957,post-decision through 2016,"Aggregate Shepard's lower-court response categories attached to one formally argued U.S. Supreme Court precedent, covering the 12 regular federal circuits, their district courts, and state courts through 2016; Federal Circuit excluded","Automated reduction of the authors' public precedent-level replication file. The source aggregates Shepard's categories and does not expose individual lower-court opinions, non-citing or ignored exposed cases, treatment dates, remedy fidelity, or practical implementation. Use as bounded doctrinal-uptake context only, not as a practical-compliance rate or denominator-matched lowerCourtCompliance validation target."
masood-kassow-songer-2019-precedent-treatment,535 U.S. 743,https://doi.org/10.7910/DVN/DZZY7G,10.7910/DVN/DZZY7G,10.1086/703067,535 U.S. 743,FEDERAL MARITIME COMMISSION v. SOUTH CAROLINA STATE PORTS AUTHORITY et al.,2001,2002-05-28,2001-053-01,122 S. Ct. 1864,2002 U.S. LEXIS 3794,10,yes,no,yes,0,487,32,0,17,17,519,504,49,0.061657033,0.033730159,0.653061224,post-decision through 2016,"Aggregate Shepard's lower-court response categories attached to one formally argued U.S. Supreme Court precedent, covering the 12 regular federal circuits, their district courts, and state courts through 2016; Federal Circuit excluded","Automated reduction of the authors' public precedent-level replication file. The source aggregates Shepard's categories and does not expose individual lower-court opinions, non-citing or ignored exposed cases, treatment dates, remedy fidelity, or practical implementation. Use as bounded doctrinal-uptake context only, not as a practical-compliance rate or denominator-matched lowerCourtCompliance validation target."
masood-kassow-songer-2019-precedent-treatment,535 U.S. 789,https://doi.org/10.7910/DVN/DZZY7G,10.7910/DVN/DZZY7G,10.1086/703067,535 U.S. 789,"GARY E. GISBRECHT, BARBARA A. MILLER, AND NANCY SANDINE v. JO ANNE B. BARNHART, ",2001,2002-05-28,2001-054-01,122 S. Ct. 1817,2002 U.S. LEXIS 3793,6,no,no,yes,0,1898,1314,1,12,13,3212,1911,1327,0.409090909,0.006802721,0.990203466,post-decision through 2016,"Aggregate Shepard's lower-court response categories attached to one formally argued U.S. Supreme Court precedent, covering the 12 regular federal circuits, their district courts, and state courts through 2016; Federal Circuit excluded","Automated reduction of the authors' public precedent-level replication file. The source aggregates Shepard's categories and does not expose individual lower-court opinions, non-citing or ignored exposed cases, treatment dates, remedy fidelity, or practical implementation. Use as bounded doctrinal-uptake context only, not as a practical-compliance rate or denominator-matched lowerCourtCompliance validation target."
masood-kassow-songer-2019-precedent-treatment,535 U.S. 813,https://doi.org/10.7910/DVN/DZZY7G,10.7910/DVN/DZZY7G,10.1086/703067,535 U.S. 813,SECURITIES AND EXCHANGE COMMISSION v. CHARLES ZANDFORD,2001,2002-06-03,2001-055-01,122 S. Ct. 1899,2002 U.S. LEXIS 4023,8,no,no,yes,0,318,70,0,19,19,388,337,89,0.180412371,0.056379822,0.786516854,post-decision through 2016,"Aggregate Shepard's lower-court response categories attached to one formally argued U.S. Supreme Court precedent, covering the 12 regular federal circuits, their district courts, and state courts through 2016; Federal Circuit excluded","Automated reduction of the authors' public precedent-level replication file. The source aggregates Shepard's categories and does not expose individual lower-court opinions, non-citing or ignored exposed cases, treatment dates, remedy fidelity, or practical implementation. Use as bounded doctrinal-uptake context only, not as a practical-compliance rate or denominator-matched lowerCourtCompliance validation target."
masood-kassow-songer-2019-precedent-treatment,535 U.S. 826,https://doi.org/10.7910/DVN/DZZY7G,10.7910/DVN/DZZY7G,10.1086/703067,535 U.S. 826,"THE HOLMES GROUP, INC. v. VORNADO AIR CIRCULATION SYSTEMS, INC.",2001,2002-06-03,2001-056-01,122 S. Ct. 1889,2002 U.S. LEXIS 4022,9,no,no,yes,0,957,159,9,10,19,1116,976,178,0.142473118,0.019467213,0.893258427,post-decision through 2016,"Aggregate Shepard's lower-court response categories attached to one formally argued U.S. Supreme Court precedent, covering the 12 regular federal circuits, their district courts, and state courts through 2016; Federal Circuit excluded","Automated reduction of the authors' public precedent-level replication file. The source aggregates Shepard's categories and does not expose individual lower-court opinions, non-citing or ignored exposed cases, treatment dates, remedy fidelity, or practical implementation. Use as bounded doctrinal-uptake context only, not as a practical-compliance rate or denominator-matched lowerCourtCompliance validation target."
masood-kassow-songer-2019-precedent-treatment,536 U.S. 1,https://doi.org/10.7910/DVN/DZZY7G,10.7910/DVN/DZZY7G,10.1086/703067,536 U.S. 1,ROBERT J. DEVLIN v. ROBERT A. SCARDELLETTI et al.,2001,2002-06-10,2001-057-01,122 S. Ct. 2005,2002 U.S. LEXIS 4215,9,no,no,yes,2,223,38,0,27,27,261,250,65,0.145593870,0.108000000,0.584615385,post-decision through 2016,"Aggregate Shepard's lower-court response categories attached to one formally argued U.S. Supreme Court precedent, covering the 12 regular federal circuits, their district courts, and state courts through 2016; Federal Circuit excluded","Automated reduction of the authors' public precedent-level replication file. The source aggregates Shepard's categories and does not expose individual lower-court opinions, non-citing or ignored exposed cases, treatment dates, remedy fidelity, or practical implementation. Use as bounded doctrinal-uptake context only, not as a practical-compliance rate or denominator-matched lowerCourtCompliance validation target."
masood-kassow-songer-2019-precedent-treatment,536 U.S. 101,https://doi.org/10.7910/DVN/DZZY7G,10.7910/DVN/DZZY7G,10.1086/703067,536 U.S. 101,"NATIONAL RAILROAD PASSENGER CORPORATION v. ABNER MORGAN, JR.",2001,2002-06-10,2001-061-01,122 S. Ct. 2061,2002 U.S. LEXIS 4214,2,no,no,yes,2,5657,1892,4,201,205,7549,5862,2097,0.250629222,0.034971000,0.902241297,post-decision through 2016,"Aggregate Shepard's lower-court response categories attached to one formally argued U.S. Supreme Court precedent, covering the 12 regular federal circuits, their district courts, and state courts through 2016; Federal Circuit excluded","Automated reduction of the authors' public precedent-level replication file. The source aggregates Shepard's categories and does not expose individual lower-court opinions, non-citing or ignored exposed cases, treatment dates, remedy fidelity, or practical implementation. Use as bounded doctrinal-uptake context only, not as a practical-compliance rate or denominator-matched lowerCourtCompliance validation target."
masood-kassow-songer-2019-precedent-treatment,536 U.S. 129,https://doi.org/10.7910/DVN/DZZY7G,10.7910/DVN/DZZY7G,10.1086/703067,536 U.S. 129,"FRANCONIA ASSOCIATES, et al. v. UNITED STATES",2001,2002-06-10,2001-062-01,122 S. Ct. 1993,2002 U.S. LEXIS 4204,9,no,no,yes,0,109,16,0,6,6,125,115,22,0.128000000,0.052173913,0.727272727,post-decision through 2016,"Aggregate Shepard's lower-court response categories attached to one formally argued U.S. Supreme Court precedent, covering the 12 regular federal circuits, their district courts, and state courts through 2016; Federal Circuit excluded","Automated reduction of the authors' public precedent-level replication file. The source aggregates Shepard's categories and does not expose individual lower-court opinions, non-citing or ignored exposed cases, treatment dates, remedy fidelity, or practical implementation. Use as bounded doctrinal-uptake context only, not as a practical-compliance rate or denominator-matched lowerCourtCompliance validation target."
masood-kassow-songer-2019-precedent-treatment,536 U.S. 24,https://doi.org/10.7910/DVN/DZZY7G,10.7910/DVN/DZZY7G,10.1086/703067,536 U.S. 24,"DAVID R. MCKUNE, WARDEN, et al. v. ROBERT G. LILE",2001,2002-06-10,2001-058-01,122 S. Ct. 2017,2002 U.S. LEXIS 4206,1,no,yes,yes,2,833,160,2,35,37,993,870,197,0.161127895,0.042528736,0.812182741,post-decision through 2016,"Aggregate Shepard's lower-court response categories attached to one formally argued U.S. Supreme Court precedent, covering the 12 regular federal circuits, their district courts, and state courts through 2016; Federal Circuit excluded","Automated reduction of the authors' public precedent-level replication file. The source aggregates Shepard's categories and does not expose individual lower-court opinions, non-citing or ignored exposed cases, treatment dates, remedy fidelity, or practical implementation. Use as bounded doctrinal-uptake context only, not as a practical-compliance rate or denominator-matched lowerCourtCompliance validation target."
masood-kassow-songer-2019-precedent-treatment,536 U.S. 73,https://doi.org/10.7910/DVN/DZZY7G,10.7910/DVN/DZZY7G,10.1086/703067,536 U.S. 73,CHEVRON U.S.A. INC. v. MARIO ECHAZABAL,2001,2002-06-10,2001-059-01,122 S. Ct. 2045,2002 U.S. LEXIS 4202,2,no,no,yes,0,146,21,0,6,6,167,152,27,0.125748503,0.039473684,0.777777778,post-decision through 2016,"Aggregate Shepard's lower-court response categories attached to one formally argued U.S. Supreme Court precedent, covering the 12 regular federal circuits, their district courts, and state courts through 2016; Federal Circuit excluded","Automated reduction of the authors' public precedent-level replication file. The source aggregates Shepard's categories and does not expose individual lower-court opinions, non-citing or ignored exposed cases, treatment dates, remedy fidelity, or practical implementation. Use as bounded doctrinal-uptake context only, not as a practical-compliance rate or denominator-matched lowerCourtCompliance validation target."
masood-kassow-songer-2019-precedent-treatment,536 U.S. 88,https://doi.org/10.7910/DVN/DZZY7G,10.7910/DVN/DZZY7G,10.1086/703067,536 U.S. 88,JPMORGAN CHASE BANK v. TRAFFIC STREAM (BVI) INFRASTRUCTURE LIMITED,2001,2002-06-10,2001-060-01,122 S. Ct. 2054,2002 U.S. LEXIS 4203,9,no,no,yes,0,72,9,0,3,3,81,75,12,0.111111111,0.040000000,0.750000000,post-decision through 2016,"Aggregate Shepard's lower-court response categories attached to one formally argued U.S. Supreme Court precedent, covering the 12 regular federal circuits, their district courts, and state courts through 2016; Federal Circuit excluded","Automated reduction of the authors' public precedent-level replication file. The source aggregates Shepard's categories and does not expose individual lower-court opinions, non-citing or ignored exposed cases, treatment dates, remedy fidelity, or practical implementation. Use as bounded doctrinal-uptake context only, not as a practical-compliance rate or denominator-matched lowerCourtCompliance validation target."
masood-kassow-songer-2019-precedent-treatment,536 U.S. 150,https://doi.org/10.7910/DVN/DZZY7G,10.7910/DVN/DZZY7G,10.1086/703067,536 U.S. 150,"WATCHTOWER BIBLE AND TRACT SOCIETY OF NEW YORK, INC., et al. v. VILLAGE OF STRAT",2001,2002-06-17,2001-063-01,122 S. Ct. 2080,2002 U.S. LEXIS 4422,3,yes,no,yes,0,130,22,0,35,35,152,165,57,0.144736842,0.212121212,0.385964912,post-decision through 2016,"Aggregate Shepard's lower-court response categories attached to one formally argued U.S. Supreme Court precedent, covering the 12 regular federal circuits, their district courts, and state courts through 2016; Federal Circuit excluded","Automated reduction of the authors' public precedent-level replication file. The source aggregates Shepard's categories and does not expose individual lower-court opinions, non-citing or ignored exposed cases, treatment dates, remedy fidelity, or practical implementation. Use as bounded doctrinal-uptake context only, not as a practical-compliance rate or denominator-matched lowerCourtCompliance validation target."
masood-kassow-songer-2019-precedent-treatment,536 U.S. 181,https://doi.org/10.7910/DVN/DZZY7G,10.7910/DVN/DZZY7G,10.1086/703067,536 U.S. 181,"KAY BARNES, ETC., et al. v. JEFFREY GORMAN",2001,2002-06-17,2001-064-01,122 S. Ct. 2097,2002 U.S. LEXIS 4421,8,no,no,yes,0,455,66,1,16,17,521,472,83,0.126679463,0.036016949,0.795180723,post-decision through 2016,"Aggregate Shepard's lower-court response categories attached to one formally argued U.S. Supreme Court precedent, covering the 12 regular federal circuits, their district courts, and state courts through 2016; Federal Circuit excluded","Automated reduction of the authors' public precedent-level replication file. The source aggregates Shepard's categories and does not expose individual lower-court opinions, non-citing or ignored exposed cases, treatment dates, remedy fidelity, or practical implementation. Use as bounded doctrinal-uptake context only, not as a practical-compliance rate or denominator-matched lowerCourtCompliance validation target."
masood-kassow-songer-2019-precedent-treatment,536 U.S. 194,https://doi.org/10.7910/DVN/DZZY7G,10.7910/DVN/DZZY7G,10.1086/703067,536 U.S. 194,"UNITED STATES v. CHRISTOPHER DRAYTON AND CLIFTON BROWN, JR.",2001,2002-06-17,2001-065-01,122 S. Ct. 2105,2002 U.S. LEXIS 4420,1,yes,yes,yes,0,899,172,1,27,28,1071,927,200,0.160597572,0.030204962,0.860000000,post-decision through 2016,"Aggregate Shepard's lower-court response categories attached to one formally argued U.S. Supreme Court precedent, covering the 12 regular federal circuits, their district courts, and state courts through 2016; Federal Circuit excluded","Automated reduction of the authors' public precedent-level replication file. The source aggregates Shepard's categories and does not expose individual lower-court opinions, non-citing or ignored exposed cases, treatment dates, remedy fidelity, or practical implementation. Use as bounded doctrinal-uptake context only, not as a practical-compliance rate or denominator-matched lowerCourtCompliance validation target."
masood-kassow-songer-2019-precedent-treatment,536 U.S. 214,https://doi.org/10.7910/DVN/DZZY7G,10.7910/DVN/DZZY7G,10.1086/703067,536 U.S. 214,"TOM L. CAREY, WARDEN v. TONY EUGENE SAFFOLD",2001,2002-06-17,2001-066-01,122 S. Ct. 2134,2002 U.S. LEXIS 4419,1,no,yes,yes,1,4330,437,2,32,34,4767,4364,471,0.091671911,0.007791017,0.927813163,post-decision through 2016,"Aggregate Shepard's lower-court response categories attached to one formally argued U.S. Supreme Court precedent, covering the 12 regular federal circuits, their district courts, and state courts through 2016; Federal Circuit excluded","Automated reduction of the authors' public precedent-level replication file. The source aggregates Shepard's categories and does not expose individual lower-court opinions, non-citing or ignored exposed cases, treatment dates, remedy fidelity, or practical implementation. Use as bounded doctrinal-uptake context only, not as a practical-compliance rate or denominator-matched lowerCourtCompliance validation target."
masood-kassow-songer-2019-precedent-treatment,536 U.S. 238,https://doi.org/10.7910/DVN/DZZY7G,10.7910/DVN/DZZY7G,10.1086/703067,536 U.S. 238,"UNITED STATES v. FIOR D'ITALIA, INC.",2001,2002-06-17,2001-067-01,122 S. Ct. 2117,2002 U.S. LEXIS 4418,12,no,no,yes,0,142,13,0,2,2,155,144,15,0.083870968,0.013888889,0.866666667,post-decision through 2016,"Aggregate Shepard's lower-court response categories attached to one formally argued U.S. Supreme Court precedent, covering the 12 regular federal circuits, their district courts, and state courts through 2016; Federal Circuit excluded","Automated reduction of the authors' public precedent-level replication file. The source aggregates Shepard's categories and does not expose individual lower-court opinions, non-citing or ignored exposed cases, treatment dates, remedy fidelity, or practical implementation. Use as bounded doctrinal-uptake context only, not as a practical-compliance rate or denominator-matched lowerCourtCompliance validation target."
masood-kassow-songer-2019-precedent-treatment,536 U.S. 266,https://doi.org/10.7910/DVN/DZZY7G,10.7910/DVN/DZZY7G,10.1086/703067,536 U.S. 266,"MARTIN HORN, COMMISSIONER, PENNSYLVANIA DEPARTMENT OF CORRECTIONS, et al. v. GEO",2001,2002-06-17,2001-068-01,122 S. Ct. 2147,2002 U.S. LEXIS 4423,1,no,yes,yes,0,279,22,0,1,1,301,280,23,0.073089701,0.003571429,0.956521739,post-decision through 2016,"Aggregate Shepard's lower-court response categories attached to one formally argued U.S. Supreme Court precedent, covering the 12 regular federal circuits, their district courts, and state courts through 2016; Federal Circuit excluded","Automated reduction of the authors' public precedent-level replication file. The source aggregates Shepard's categories and does not expose individual lower-court opinions, non-citing or ignored exposed cases, treatment dates, remedy fidelity, or practical implementation. Use as bounded doctrinal-uptake context only, not as a practical-compliance rate or denominator-matched lowerCourtCompliance validation target."
masood-kassow-songer-2019-precedent-treatment,536 U.S. 273,https://doi.org/10.7910/DVN/DZZY7G,10.7910/DVN/DZZY7G,10.1086/703067,536 U.S. 273,GONZAGA UNIVERSITY AND ROBERTA S. LEAGUE v. JOHN DOE,2001,2002-06-20,2001-069-01,122 S. Ct. 2268,2002 U.S. LEXIS 4649,5,no,no,yes,1,1766,397,0,49,49,2163,1815,446,0.183541378,0.026997245,0.890134529,post-decision through 2016,"Aggregate Shepard's lower-court response categories attached to one formally argued U.S. Supreme Court precedent, covering the 12 regular federal circuits, their district courts, and state courts through 2016; Federal Circuit excluded","Automated reduction of the authors' public precedent-level replication file. The source aggregates Shepard's categories and does not expose individual lower-court opinions, non-citing or ignored exposed cases, treatment dates, remedy fidelity, or practical implementation. Use as bounded doctrinal-uptake context only, not as a practical-compliance rate or denominator-matched lowerCourtCompliance validation target."
masood-kassow-songer-2019-precedent-treatment,536 U.S. 304,https://doi.org/10.7910/DVN/DZZY7G,10.7910/DVN/DZZY7G,10.1086/703067,536 U.S. 304,DARYL RENARD ATKINS v. VIRGINIA,2001,2002-06-20,2001-070-01,122 S. Ct. 2242,2002 U.S. LEXIS 4648,1,yes,yes,yes,3,1959,374,3,163,166,2333,2125,540,0.160308616,0.078117647,0.692592593,post-decision through 2016,"Aggregate Shepard's lower-court response categories attached to one formally argued U.S. Supreme Court precedent, covering the 12 regular federal circuits, their district courts, and state courts through 2016; Federal Circuit excluded","Automated reduction of the authors' public precedent-level replication file. The source aggregates Shepard's categories and does not expose individual lower-court opinions, non-citing or ignored exposed cases, treatment dates, remedy fidelity, or practical implementation. Use as bounded doctrinal-uptake context only, not as a practical-compliance rate or denominator-matched lowerCourtCompliance validation target."
masood-kassow-songer-2019-precedent-treatment,536 U.S. 355,https://doi.org/10.7910/DVN/DZZY7G,10.7910/DVN/DZZY7G,10.1086/703067,536 U.S. 355,"RUSH PRUDENTIAL HMO, INC. v. DEBRA C. MORAN et al.",2001,2002-06-20,2001-071-01,122 S. Ct. 2151,2002 U.S. LEXIS 4644,10,no,no,yes,1,225,56,3,23,26,281,251,82,0.199288256,0.103585657,0.682926829,post-decision through 2016,"Aggregate Shepard's lower-court response categories attached to one formally argued U.S. Supreme Court precedent, covering the 12 regular federal circuits, their district courts, and state courts through 2016; Federal Circuit excluded","Automated reduction of the authors' public precedent-level replication file. The source aggregates Shepard's categories and does not expose individual lower-court opinions, non-citing or ignored exposed cases, treatment dates, remedy fidelity, or practical implementation. Use as bounded doctrinal-uptake context only, not as a practical-compliance rate or denominator-matched lowerCourtCompliance validation target."
masood-kassow-songer-2019-precedent-treatment,536 U.S. 403,https://doi.org/10.7910/DVN/DZZY7G,10.7910/DVN/DZZY7G,10.1086/703067,536 U.S. 403,"WARREN CHRISTOPHER, FORMER SECRETARY OF STATE, et al. v. JENNIFER K. HARBURY",2001,2002-06-20,2001-072-01,122 S. Ct. 2179,2002 U.S. LEXIS 4647,8,no,no,yes,0,2871,910,0,19,19,3781,2890,929,0.240677070,0.006574394,0.979547901,post-decision through 2016,"Aggregate Shepard's lower-court response categories attached to one formally argued U.S. Supreme Court precedent, covering the 12 regular federal circuits, their district courts, and state courts through 2016; Federal Circuit excluded","Automated reduction of the authors' public precedent-level replication file. The source aggregates Shepard's categories and does not expose individual lower-court opinions, non-citing or ignored exposed cases, treatment dates, remedy fidelity, or practical implementation. Use as bounded doctrinal-uptake context only, not as a practical-compliance rate or denominator-matched lowerCourtCompliance validation target."
masood-kassow-songer-2019-precedent-treatment,536 U.S. 424,https://doi.org/10.7910/DVN/DZZY7G,10.7910/DVN/DZZY7G,10.1086/703067,536 U.S. 424,"CITY OF COLUMBUS, et al. v. OURS GARAGE AND WRECKER SERVICE, INC., et al.",2001,2002-06-20,2001-073-01,122 S. Ct. 2226,2002 U.S. LEXIS 4643,10,no,no,yes,2,145,33,0,0,0,178,145,33,0.185393258,0.000000000,1.000000000,post-decision through 2016,"Aggregate Shepard's lower-court response categories attached to one formally argued U.S. Supreme Court precedent, covering the 12 regular federal circuits, their district courts, and state courts through 2016; Federal Circuit excluded","Automated reduction of the authors' public precedent-level replication file. The source aggregates Shepard's categories and does not expose individual lower-court opinions, non-citing or ignored exposed cases, treatment dates, remedy fidelity, or practical implementation. Use as bounded doctrinal-uptake context only, not as a practical-compliance rate or denominator-matched lowerCourtCompliance validation target."
masood-kassow-songer-2019-precedent-treatment,536 U.S. 452,https://doi.org/10.7910/DVN/DZZY7G,10.7910/DVN/DZZY7G,10.1086/703067,536 U.S. 452,"UTAH, et al. v. DONALD L. EVANS, SECRETARY OF COMMERCE, et al.",2001,2002-06-20,2001-074-01,122 S. Ct. 2191,2002 U.S. LEXIS 4645,2,no,no,yes,0,72,13,0,6,6,85,78,19,0.152941176,0.076923077,0.684210526,post-decision through 2016,"Aggregate Shepard's lower-court response categories attached to one formally argued U.S. Supreme Court precedent, covering the 12 regular federal circuits, their district courts, and state courts through 2016; Federal Circuit excluded","Automated reduction of the authors' public precedent-level replication file. The source aggregates Shepard's categories and does not expose individual lower-court opinions, non-citing or ignored exposed cases, treatment dates, remedy fidelity, or practical implementation. Use as bounded doctrinal-uptake context only, not as a practical-compliance rate or denominator-matched lowerCourtCompliance validation target."
masood-kassow-songer-2019-precedent-treatment,536 U.S. 516,https://doi.org/10.7910/DVN/DZZY7G,10.7910/DVN/DZZY7G,10.1086/703067,536 U.S. 516,BE & K CONSTRUCTION COMPANY v. NATIONAL LABOR RELATIONS BOARD et al.,2001,2002-06-24,2001-075-01,122 S. Ct. 2390,2002 U.S. LEXIS 4653,7,yes,no,yes,0,144,22,0,7,7,166,151,29,0.132530120,0.046357616,0.758620690,post-decision through 2016,"Aggregate Shepard's lower-court response categories attached to one formally argued U.S. Supreme Court precedent, covering the 12 regular federal circuits, their district courts, and state courts through 2016; Federal Circuit excluded","Automated reduction of the authors' public precedent-level replication file. The source aggregates Shepard's categories and does not expose individual lower-court opinions, non-citing or ignored exposed cases, treatment dates, remedy fidelity, or practical implementation. Use as bounded doctrinal-uptake context only, not as a practical-compliance rate or denominator-matched lowerCourtCompliance validation target."
masood-kassow-songer-2019-precedent-treatment,536 U.S. 545,https://doi.org/10.7910/DVN/DZZY7G,10.7910/DVN/DZZY7G,10.1086/703067,536 U.S. 545,WILLIAM JOSEPH HARRIS v. UNITED STATES,2001,2002-06-24,2001-076-01,122 S. Ct. 2406,2002 U.S. LEXIS 4652,1,no,yes,yes,0,1235,349,351,34,385,1584,1620,734,0.220328283,0.237654321,0.475476839,post-decision through 2016,"Aggregate Shepard's lower-court response categories attached to one formally argued U.S. Supreme Court precedent, covering the 12 regular federal circuits, their district courts, and state courts through 2016; Federal Circuit excluded","Automated reduction of the authors' public precedent-level replication file. The source aggregates Shepard's categories and does not expose individual lower-court opinions, non-citing or ignored exposed cases, treatment dates, remedy fidelity, or practical implementation. Use as bounded doctrinal-uptake context only, not as a practical-compliance rate or denominator-matched lowerCourtCompliance validation target."
masood-kassow-songer-2019-precedent-treatment,536 U.S. 584,https://doi.org/10.7910/DVN/DZZY7G,10.7910/DVN/DZZY7G,10.1086/703067,536 U.S. 584,TIMOTHY STUART RING v. ARIZONA,2001,2002-06-24,2001-077-01,122 S. Ct. 2428,2002 U.S. LEXIS 4651,1,yes,yes,yes,4,3575,592,4,589,593,4167,4168,1185,0.142068635,0.142274472,0.499578059,post-decision through 2016,"Aggregate Shepard's lower-court response categories attached to one formally argued U.S. Supreme Court precedent, covering the 12 regular federal circuits, their district courts, and state courts through 2016; Federal Circuit excluded","Automated reduction of the authors' public precedent-level replication file. The source aggregates Shepard's categories and does not expose individual lower-court opinions, non-citing or ignored exposed cases, treatment dates, remedy fidelity, or practical implementation. Use as bounded doctrinal-uptake context only, not as a practical-compliance rate or denominator-matched lowerCourtCompliance validation target."
masood-kassow-songer-2019-precedent-treatment,536 U.S. 622,https://doi.org/10.7910/DVN/DZZY7G,10.7910/DVN/DZZY7G,10.1086/703067,536 U.S. 622,UNITED STATES v. ANGELA RUIZ,2001,2002-06-24,2001-078-01,122 S. Ct. 2450,2002 U.S. LEXIS 4650,1,yes,yes,yes,0,858,192,0,15,15,1050,873,207,0.182857143,0.017182131,0.927536232,post-decision through 2016,"Aggregate Shepard's lower-court response categories attached to one formally argued U.S. Supreme Court precedent, covering the 12 regular federal circuits, their district courts, and state courts through 2016; Federal Circuit excluded","Automated reduction of the authors' public precedent-level replication file. The source aggregates Shepard's categories and does not expose individual lower-court opinions, non-citing or ignored exposed cases, treatment dates, remedy fidelity, or practical implementation. Use as bounded doctrinal-uptake context only, not as a practical-compliance rate or denominator-matched lowerCourtCompliance validation target."
masood-kassow-songer-2019-precedent-treatment,536 U.S. 635,https://doi.org/10.7910/DVN/DZZY7G,10.7910/DVN/DZZY7G,10.1086/703067,536 U.S. 635,KENNEDY D. KIRK v. LOUISIANA,2001,2002-06-24,2001-079-01,122 S. Ct. 2458,2002 U.S. LEXIS 4682,1,no,yes,yes,0,240,38,0,8,8,278,248,46,0.136690647,0.032258065,0.826086957,post-decision through 2016,"Aggregate Shepard's lower-court response categories attached to one formally argued U.S. Supreme Court precedent, covering the 12 regular federal circuits, their district courts, and state courts through 2016; Federal Circuit excluded","Automated reduction of the authors' public precedent-level replication file. The source aggregates Shepard's categories and does not expose individual lower-court opinions, non-citing or ignored exposed cases, treatment dates, remedy fidelity, or practical implementation. Use as bounded doctrinal-uptake context only, not as a practical-compliance rate or denominator-matched lowerCourtCompliance validation target."
masood-kassow-songer-2019-precedent-treatment,536 U.S. 639,https://doi.org/10.7910/DVN/DZZY7G,10.7910/DVN/DZZY7G,10.1086/703067,536 U.S. 639,"SUSAN TAVE ZELMAN, SUPERINTENDENT OF PUBLIC INSTRUCTION OF OHIO, et al. v. DORIS",2001,2002-06-27,2001-080-02,122 S. Ct. 2460,2002 U.S. LEXIS 4885,3,yes,no,yes,0,141,30,0,13,13,171,154,43,0.175438596,0.084415584,0.697674419,post-decision through 2016,"Aggregate Shepard's lower-court response categories attached to one formally argued U.S. Supreme Court precedent, covering the 12 regular federal circuits, their district courts, and state courts through 2016; Federal Circuit excluded","Automated reduction of the authors' public precedent-level replication file. The source aggregates Shepard's categories and does not expose individual lower-court opinions, non-citing or ignored exposed cases, treatment dates, remedy fidelity, or practical implementation. Use as bounded doctrinal-uptake context only, not as a practical-compliance rate or denominator-matched lowerCourtCompliance validation target."
masood-kassow-songer-2019-precedent-treatment,536 U.S. 730,https://doi.org/10.7910/DVN/DZZY7G,10.7910/DVN/DZZY7G,10.1086/703067,536 U.S. 730,LARRY HOPE v. MARK PELZER et al.,2001,2002-06-27,2001-081-01,122 S. Ct. 2508,2002 U.S. LEXIS 4884,1,no,no,yes,2,4325,1141,0,60,60,5466,4385,1201,0.208744969,0.013683010,0.950041632,post-decision through 2016,"Aggregate Shepard's lower-court response categories attached to one formally argued U.S. Supreme Court precedent, covering the 12 regular federal circuits, their district courts, and state courts through 2016; Federal Circuit excluded","Automated reduction of the authors' public precedent-level replication file. The source aggregates Shepard's categories and does not expose individual lower-court opinions, non-citing or ignored exposed cases, treatment dates, remedy fidelity, or practical implementation. Use as bounded doctrinal-uptake context only, not as a practical-compliance rate or denominator-matched lowerCourtCompliance validation target."
masood-kassow-songer-2019-precedent-treatment,536 U.S. 765,https://doi.org/10.7910/DVN/DZZY7G,10.7910/DVN/DZZY7G,10.1086/703067,536 U.S. 765,"REPUBLICAN PARTY OF MINNESOTA, et al. v. SUZANNE WHITE, CHAIRPERSON, MINNESOTA B",2001,2002-06-27,2001-082-01,122 S. Ct. 2528,2002 U.S. LEXIS 4883,3,yes,no,yes,0,206,55,0,24,24,261,230,79,0.210727969,0.104347826,0.696202532,post-decision through 2016,"Aggregate Shepard's lower-court response categories attached to one formally argued U.S. Supreme Court precedent, covering the 12 regular federal circuits, their district courts, and state courts through 2016; Federal Circuit excluded","Automated reduction of the authors' public precedent-level replication file. The source aggregates Shepard's categories and does not expose individual lower-court opinions, non-citing or ignored exposed cases, treatment dates, remedy fidelity, or practical implementation. Use as bounded doctrinal-uptake context only, not as a practical-compliance rate or denominator-matched lowerCourtCompliance validation target."
masood-kassow-songer-2019-precedent-treatment,536 U.S. 822,https://doi.org/10.7910/DVN/DZZY7G,10.7910/DVN/DZZY7G,10.1086/703067,536 U.S. 822,"BOARD OF EDUCATION OF INDEPENDENT SCHOOL DISTRICT NO. 92 OF POTTAWATOMIE COUNTY,",2001,2002-06-27,2001-083-01,122 S. Ct. 2559,2002 U.S. LEXIS 4882,5,yes,no,yes,0,312,55,3,34,37,367,349,92,0.149863760,0.106017192,0.597826087,post-decision through 2016,"Aggregate Shepard's lower-court response categories attached to one formally argued U.S. Supreme Court precedent, covering the 12 regular federal circuits, their district courts, and state courts through 2016; Federal Circuit excluded","Automated reduction of the authors' public precedent-level replication file. The source aggregates Shepard's categories and does not expose individual lower-court opinions, non-citing or ignored exposed cases, treatment dates, remedy fidelity, or practical implementation. Use as bounded doctrinal-uptake context only, not as a practical-compliance rate or denominator-matched lowerCourtCompliance validation target."
masood-kassow-songer-2019-precedent-treatment,536 U.S. 856,https://doi.org/10.7910/DVN/DZZY7G,10.7910/DVN/DZZY7G,10.1086/703067,536 U.S. 856,"TERRY L. STEWART, DIRECTOR, ARIZONA DEPARTMENT OF CORRECTIONS v. ROBERT DOUGLAS ",2001,2002-06-28,2001-084-01,122 S. Ct. 2578,2002 U.S. LEXIS 5165,9,no,no,yes,0,458,41,0,2,2,499,460,43,0.082164329,0.004347826,0.953488372,post-decision through 2016,"Aggregate Shepard's lower-court response categories attached to one formally argued U.S. Supreme Court precedent, covering the 12 regular federal circuits, their district courts, and state courts through 2016; Federal Circuit excluded","Automated reduction of the authors' public precedent-level replication file. The source aggregates Shepard's categories and does not expose individual lower-court opinions, non-citing or ignored exposed cases, treatment dates, remedy fidelity, or practical implementation. Use as bounded doctrinal-uptake context only, not as a practical-compliance rate or denominator-matched lowerCourtCompliance validation target."
masood-kassow-songer-2019-precedent-treatment,536 U.S. 862,https://doi.org/10.7910/DVN/DZZY7G,10.7910/DVN/DZZY7G,10.1086/703067,536 U.S. 862,UNITED STATES v. JOHN BASS,2001,2002-06-28,2001-085-01,122 S. Ct. 2389,2002 U.S. LEXIS 5166,1,no,yes,yes,0,67,38,0,0,0,105,67,38,0.361904762,0.000000000,1.000000000,post-decision through 2016,"Aggregate Shepard's lower-court response categories attached to one formally argued U.S. Supreme Court precedent, covering the 12 regular federal circuits, their district courts, and state courts through 2016; Federal Circuit excluded","Automated reduction of the authors' public precedent-level replication file. The source aggregates Shepard's categories and does not expose individual lower-court opinions, non-citing or ignored exposed cases, treatment dates, remedy fidelity, or practical implementation. Use as bounded doctrinal-uptake context only, not as a practical-compliance rate or denominator-matched lowerCourtCompliance validation target."
masood-kassow-songer-2019-precedent-treatment,537 U.S. 1,https://doi.org/10.7910/DVN/DZZY7G,10.7910/DVN/DZZY7G,10.1086/703067,537 U.S. 1,"FORD MOTOR COMPANY AND CITIBANK (SOUTH DAKOTA), N. A. v. JOHN B. MCCAULEY et al.",2002,2002-10-15,2002-001-01,123 S. Ct. 584,2002 U.S. LEXIS 7783,9,no,no,yes,0,9,0,0,0,0,9,9,0,0.000000000,0.000000000,,post-decision through 2016,"Aggregate Shepard's lower-court response categories attached to one formally argued U.S. Supreme Court precedent, covering the 12 regular federal circuits, their district courts, and state courts through 2016; Federal Circuit excluded","Automated reduction of the authors' public precedent-level replication file. The source aggregates Shepard's categories and does not expose individual lower-court opinions, non-citing or ignored exposed cases, treatment dates, remedy fidelity, or practical implementation. Use as bounded doctrinal-uptake context only, not as a practical-compliance rate or denominator-matched lowerCourtCompliance validation target."
masood-kassow-songer-2019-precedent-treatment,537 U.S. 12,https://doi.org/10.7910/DVN/DZZY7G,10.7910/DVN/DZZY7G,10.1086/703067,537 U.S. 12,IMMIGRATION AND NATURALIZATION SERVICE v. FREDY ORLANDO VENTURA,2002,2002-11-04,2002-003-01,123 S. Ct. 353,2002 U.S. LEXIS 8313,2,no,no,yes,3,2369,248,1,49,50,2617,2419,298,0.094764998,0.020669698,0.832214765,post-decision through 2016,"Aggregate Shepard's lower-court response categories attached to one formally argued U.S. Supreme Court precedent, covering the 12 regular federal circuits, their district courts, and state courts through 2016; Federal Circuit excluded","Automated reduction of the authors' public precedent-level replication file. The source aggregates Shepard's categories and does not expose individual lower-court opinions, non-citing or ignored exposed cases, treatment dates, remedy fidelity, or practical implementation. Use as bounded doctrinal-uptake context only, not as a practical-compliance rate or denominator-matched lowerCourtCompliance validation target."
masood-kassow-songer-2019-precedent-treatment,537 U.S. 19,https://doi.org/10.7910/DVN/DZZY7G,10.7910/DVN/DZZY7G,10.1086/703067,537 U.S. 19,"JEANNE WOODFORD, WARDEN v. JOHN LOUIS VISCIOTTI",2002,2002-11-04,2002-004-01,123 S. Ct. 357,2002 U.S. LEXIS 8312,1,no,yes,yes,1,7626,711,0,15,15,8337,7641,726,0.085282476,0.001963094,0.979338843,post-decision through 2016,"Aggregate Shepard's lower-court response categories attached to one formally argued U.S. Supreme Court precedent, covering the 12 regular federal circuits, their district courts, and state courts through 2016; Federal Circuit excluded","Automated reduction of the authors' public precedent-level replication file. The source aggregates Shepard's categories and does not expose individual lower-court opinions, non-citing or ignored exposed cases, treatment dates, remedy fidelity, or practical implementation. Use as bounded doctrinal-uptake context only, not as a practical-compliance rate or denominator-matched lowerCourtCompliance validation target."
masood-kassow-songer-2019-precedent-treatment,537 U.S. 3,https://doi.org/10.7910/DVN/DZZY7G,10.7910/DVN/DZZY7G,10.1086/703067,537 U.S. 3,"RICHARD E. EARLY, WARDEN, et al. v. WILLIAM PACKER",2002,2002-11-04,2002-002-01,123 S. Ct. 362,2002 U.S. LEXIS 8314,1,no,yes,yes,2,8341,1187,0,12,12,9528,8353,1199,0.124580185,0.001436610,0.989991660,post-decision through 2016,"Aggregate Shepard's lower-court response categories attached to one formally argued U.S. Supreme Court precedent, covering the 12 regular federal circuits, their district courts, and state courts through 2016; Federal Circuit excluded","Automated reduction of the authors' public precedent-level replication file. The source aggregates Shepard's categories and does not expose individual lower-court opinions, non-citing or ignored exposed cases, treatment dates, remedy fidelity, or practical implementation. Use as bounded doctrinal-uptake context only, not as a practical-compliance rate or denominator-matched lowerCourtCompliance validation target."
masood-kassow-songer-2019-precedent-treatment,537 U.S. 28,https://doi.org/10.7910/DVN/DZZY7G,10.7910/DVN/DZZY7G,10.1086/703067,537 U.S. 28,"SYNGENTA CROP PROTECTION, INC., ROBERT BABB, EDEE TEMPLET, AND KENNETH A. DEVUN ",2002,2002-11-05,2002-005-01,123 S. Ct. 366,2002 U.S. LEXIS 8317,9,no,no,yes,0,1544,64,0,6,6,1608,1550,70,0.039800995,0.003870968,0.914285714,post-decision through 2016,"Aggregate Shepard's lower-court response categories attached to one formally argued U.S. Supreme Court precedent, covering the 12 regular federal circuits, their district courts, and state courts through 2016; Federal Circuit excluded","Automated reduction of the authors' public precedent-level replication file. The source aggregates Shepard's categories and does not expose individual lower-court opinions, non-citing or ignored exposed cases, treatment dates, remedy fidelity, or practical implementation. Use as bounded doctrinal-uptake context only, not as a practical-compliance rate or denominator-matched lowerCourtCompliance validation target."
masood-kassow-songer-2019-precedent-treatment,537 U.S. 36,https://doi.org/10.7910/DVN/DZZY7G,10.7910/DVN/DZZY7G,10.1086/703067,537 U.S. 36,"YELLOW TRANSPORTATION, INC. v. MICHIGAN, et al.",2002,2002-11-05,2002-006-01,123 S. Ct. 371,2002 U.S. LEXIS 8316,8,no,no,yes,0,19,2,0,1,1,21,20,3,0.095238095,0.050000000,0.666666667,post-decision through 2016,"Aggregate Shepard's lower-court response categories attached to one formally argued U.S. Supreme Court precedent, covering the 12 regular federal circuits, their district courts, and state courts through 2016; Federal Circuit excluded","Automated reduction of the authors' public precedent-level replication file. The source aggregates Shepard's categories and does not expose individual lower-court opinions, non-citing or ignored exposed cases, treatment dates, remedy fidelity, or practical implementation. Use as bounded doctrinal-uptake context only, not as a practical-compliance rate or denominator-matched lowerCourtCompliance validation target."
masood-kassow-songer-2019-precedent-treatment,537 U.S. 51,https://doi.org/10.7910/DVN/DZZY7G,10.7910/DVN/DZZY7G,10.1086/703067,537 U.S. 51,"REX R. SPRIETSMA, ADMINISTRATOR OF THE ESTATE OF JEANNE SPRIETSMA, DECEASED v. M",2002,2002-12-03,2002-007-01,123 S. Ct. 518,2002 U.S. LEXIS 9067,10,no,no,yes,0,214,48,1,27,28,262,242,76,0.183206107,0.115702479,0.631578947,post-decision through 2016,"Aggregate Shepard's lower-court response categories attached to one formally argued U.S. Supreme Court precedent, covering the 12 regular federal circuits, their district courts, and state courts through 2016; Federal Circuit excluded","Automated reduction of the authors' public precedent-level replication file. The source aggregates Shepard's categories and does not expose individual lower-court opinions, non-citing or ignored exposed cases, treatment dates, remedy fidelity, or practical implementation. Use as bounded doctrinal-uptake context only, not as a practical-compliance rate or denominator-matched lowerCourtCompliance validation target."
masood-kassow-songer-2019-precedent-treatment,537 U.S. 71,https://doi.org/10.7910/DVN/DZZY7G,10.7910/DVN/DZZY7G,10.1086/703067,537 U.S. 71,"UNITED STATES, et al. v. THOMAS LAMAR BEAN",2002,2002-12-10,2002-008-01,123 S. Ct. 584,2002 U.S. LEXIS 9236,9,no,no,yes,0,59,10,0,0,0,69,59,10,0.144927536,0.000000000,1.000000000,post-decision through 2016,"Aggregate Shepard's lower-court response categories attached to one formally argued U.S. Supreme Court precedent, covering the 12 regular federal circuits, their district courts, and state courts through 2016; Federal Circuit excluded","Automated reduction of the authors' public precedent-level replication file. The source aggregates Shepard's categories and does not expose individual lower-court opinions, non-citing or ignored exposed cases, treatment dates, remedy fidelity, or practical implementation. Use as bounded doctrinal-uptake context only, not as a practical-compliance rate or denominator-matched lowerCourtCompliance validation target."
masood-kassow-songer-2019-precedent-treatment,537 U.S. 79,https://doi.org/10.7910/DVN/DZZY7G,10.7910/DVN/DZZY7G,10.1086/703067,537 U.S. 79,"KAREN HOWSAM, ETC. v. DEAN WITTER REYNOLDS, INC.",2002,2002-12-10,2002-009-01,123 S. Ct. 588,2002 U.S. LEXIS 9235,8,no,no,yes,2,1322,272,1,43,44,1594,1366,316,0.170639900,0.032210835,0.860759494,post-decision through 2016,"Aggregate Shepard's lower-court response categories attached to one formally argued U.S. Supreme Court precedent, covering the 12 regular federal circuits, their district courts, and state courts through 2016; Federal Circuit excluded","Automated reduction of the authors' public precedent-level replication file. The source aggregates Shepard's categories and does not expose individual lower-court opinions, non-citing or ignored exposed cases, treatment dates, remedy fidelity, or practical implementation. Use as bounded doctrinal-uptake context only, not as a practical-compliance rate or denominator-matched lowerCourtCompliance validation target."
masood-kassow-songer-2019-precedent-treatment,537 U.S. 88,https://doi.org/10.7910/DVN/DZZY7G,10.7910/DVN/DZZY7G,10.1086/703067,537 U.S. 88,"ABU-ALI ABDUR'RAHMAN v. RICKY BELL, WARDEN",2002,2002-12-10,2002-010-01,123 S. Ct. 594,2002 U.S. LEXIS 9240,1,no,yes,yes,0,30,3,0,2,2,33,32,5,0.090909091,0.062500000,0.600000000,post-decision through 2016,"Aggregate Shepard's lower-court response categories attached to one formally argued U.S. Supreme Court precedent, covering the 12 regular federal circuits, their district courts, and state courts through 2016; Federal Circuit excluded","Automated reduction of the authors' public precedent-level replication file. The source aggregates Shepard's categories and does not expose individual lower-court opinions, non-citing or ignored exposed cases, treatment dates, remedy fidelity, or practical implementation. Use as bounded doctrinal-uptake context only, not as a practical-compliance rate or denominator-matched lowerCourtCompliance validation target."
masood-kassow-songer-2019-precedent-treatment,537 U.S. 99,https://doi.org/10.7910/DVN/DZZY7G,10.7910/DVN/DZZY7G,10.1086/703067,537 U.S. 99,BORDEN RANCH PARTNERSHIP AND ANGELO K. TSAKOPOULOS v. UNITED STATES ARMY CORPS O,2002,2002-12-16,2002-011-01,123 S. Ct. 599,2002 U.S. LEXIS 9430,8,no,no,yes,0,14,0,0,0,0,14,14,0,0.000000000,0.000000000,,post-decision through 2016,"Aggregate Shepard's lower-court response categories attached to one formally argued U.S. Supreme Court precedent, covering the 12 regular federal circuits, their district courts, and state courts through 2016; Federal Circuit excluded","Automated reduction of the authors' public precedent-level replication file. The source aggregates Shepard's categories and does not expose individual lower-court opinions, non-citing or ignored exposed cases, treatment dates, remedy fidelity, or practical implementation. Use as bounded doctrinal-uptake context only, not as a practical-compliance rate or denominator-matched lowerCourtCompliance validation target."
masood-kassow-songer-2019-precedent-treatment,537 U.S. 101,https://doi.org/10.7910/DVN/DZZY7G,10.7910/DVN/DZZY7G,10.1086/703067,537 U.S. 101,DAVID ALLEN SATTAZAHN v. PENNSYLVANIA,2002,2003-01-14,2002-012-01,123 S. Ct. 732,2003 U.S. LEXIS 748,1,yes,yes,yes,0,262,40,0,29,29,302,291,69,0.132450331,0.099656357,0.579710145,post-decision through 2016,"Aggregate Shepard's lower-court response categories attached to one formally argued U.S. Supreme Court precedent, covering the 12 regular federal circuits, their district courts, and state courts through 2016; Federal Circuit excluded","Automated reduction of the authors' public precedent-level replication file. The source aggregates Shepard's categories and does not expose individual lower-court opinions, non-citing or ignored exposed cases, treatment dates, remedy fidelity, or practical implementation. Use as bounded doctrinal-uptake context only, not as a practical-compliance rate or denominator-matched lowerCourtCompliance validation target."
masood-kassow-songer-2019-precedent-treatment,537 U.S. 129,https://doi.org/10.7910/DVN/DZZY7G,10.7910/DVN/DZZY7G,10.1086/703067,537 U.S. 129,"PIERCE COUNTY, WASHINGTON v. IGNACIO GUILLEN, LEGAL GUARDIAN OF JENNIFER GUILLEN",2002,2003-01-14,2002-013-01,123 S. Ct. 720,2003 U.S. LEXIS 747,9,no,no,yes,0,82,20,0,3,3,102,85,23,0.196078431,0.035294118,0.869565217,post-decision through 2016,"Aggregate Shepard's lower-court response categories attached to one formally argued U.S. Supreme Court precedent, covering the 12 regular federal circuits, their district courts, and state courts through 2016; Federal Circuit excluded","Automated reduction of the authors' public precedent-level replication file. The source aggregates Shepard's categories and does not expose individual lower-court opinions, non-citing or ignored exposed cases, treatment dates, remedy fidelity, or practical implementation. Use as bounded doctrinal-uptake context only, not as a practical-compliance rate or denominator-matched lowerCourtCompliance validation target."
masood-kassow-songer-2019-precedent-treatment,537 U.S. 149,https://doi.org/10.7910/DVN/DZZY7G,10.7910/DVN/DZZY7G,10.1086/703067,537 U.S. 149,"JO ANNE B. BARNHART, COMMISSIONER OF SOCIAL SECURITY v. PEABODY COAL COMPANY et ",2002,2003-01-15,2002-014-01,123 S. Ct. 748,2003 U.S. LEXIS 752,2,no,no,yes,0,185,28,0,4,4,213,189,32,0.131455399,0.021164021,0.875000000,post-decision through 2016,"Aggregate Shepard's lower-court response categories attached to one formally argued U.S. Supreme Court precedent, covering the 12 regular federal circuits, their district courts, and state courts through 2016; Federal Circuit excluded","Automated reduction of the authors' public precedent-level replication file. The source aggregates Shepard's categories and does not expose individual lower-court opinions, non-citing or ignored exposed cases, treatment dates, remedy fidelity, or practical implementation. Use as bounded doctrinal-uptake context only, not as a practical-compliance rate or denominator-matched lowerCourtCompliance validation target."
masood-kassow-songer-2019-precedent-treatment,537 U.S. 186,https://doi.org/10.7910/DVN/DZZY7G,10.7910/DVN/DZZY7G,10.1086/703067,537 U.S. 186,"ERIC ELDRED, et al. v. JOHN D. ASHCROFT, ATTORNEY GENERAL",2002,2003-01-15,2002-015-01,123 S. Ct. 769,2003 U.S. LEXIS 751,8,no,no,yes,0,106,19,0,2,2,125,108,21,0.152000000,0.018518519,0.904761905,post-decision through 2016,"Aggregate Shepard's lower-court response categories attached to one formally argued U.S. Supreme Court precedent, covering the 12 regular federal circuits, their district courts, and state courts through 2016; Federal Circuit excluded","Automated reduction of the authors' public precedent-level replication file. The source aggregates Shepard's categories and does not expose individual lower-court opinions, non-citing or ignored exposed cases, treatment dates, remedy fidelity, or practical implementation. Use as bounded doctrinal-uptake context only, not as a practical-compliance rate or denominator-matched lowerCourtCompliance validation target."
masood-kassow-songer-2019-precedent-treatment,537 U.S. 270,https://doi.org/10.7910/DVN/DZZY7G,10.7910/DVN/DZZY7G,10.1086/703067,537 U.S. 270,UNITED STATES v. FRANCISCO JIMENEZ RECIO AND ADRIAN LOPEZ-MEZA,2002,2003-01-21,2002-016-01,123 S. Ct. 819,2003 U.S. LEXIS 901,1,no,yes,yes,0,114,16,0,1,1,130,115,17,0.123076923,0.008695652,0.941176471,post-decision through 2016,"Aggregate Shepard's lower-court response categories attached to one formally argued U.S. Supreme Court precedent, covering the 12 regular federal circuits, their district courts, and state courts through 2016; Federal Circuit excluded","Automated reduction of the authors' public precedent-level replication file. The source aggregates Shepard's categories and does not expose individual lower-court opinions, non-citing or ignored exposed cases, treatment dates, remedy fidelity, or practical implementation. Use as bounded doctrinal-uptake context only, not as a practical-compliance rate or denominator-matched lowerCourtCompliance validation target."
masood-kassow-songer-2019-precedent-treatment,537 U.S. 280,https://doi.org/10.7910/DVN/DZZY7G,10.7910/DVN/DZZY7G,10.1086/703067,537 U.S. 280,"DAVID MEYER, INDIVIDUALLY AND IN HIS CAPACITY AS PRESIDENT AND DESIGNATED OFFICE",2002,2003-01-22,2002-017-01,123 S. Ct. 824,2003 U.S. LEXIS 902,2,no,no,yes,0,228,40,0,10,10,268,238,50,0.149253731,0.042016807,0.800000000,post-decision through 2016,"Aggregate Shepard's lower-court response categories attached to one formally argued U.S. Supreme Court precedent, covering the 12 regular federal circuits, their district courts, and state courts through 2016; Federal Circuit excluded","Automated reduction of the authors' public precedent-level replication file. The source aggregates Shepard's categories and does not expose individual lower-court opinions, non-citing or ignored exposed cases, treatment dates, remedy fidelity, or practical implementation. Use as bounded doctrinal-uptake context only, not as a practical-compliance rate or denominator-matched lowerCourtCompliance validation target."
masood-kassow-songer-2019-precedent-treatment,537 U.S. 293,https://doi.org/10.7910/DVN/DZZY7G,10.7910/DVN/DZZY7G,10.1086/703067,537 U.S. 293,FEDERAL COMMUNICATIONS COMMISSION v. NEXTWAVE PERSONAL COMMUNICATIONS INC. et al,2002,2003-01-27,2002-018-02,123 S. Ct. 832,2003 U.S. LEXIS 1059,8,no,no,yes,0,131,19,0,7,7,150,138,26,0.126666667,0.050724638,0.730769231,post-decision through 2016,"Aggregate Shepard's lower-court response categories attached to one formally argued U.S. Supreme Court precedent, covering the 12 regular federal circuits, their district courts, and state courts through 2016; Federal Circuit excluded","Automated reduction of the authors' public precedent-level replication file. The source aggregates Shepard's categories and does not expose individual lower-court opinions, non-citing or ignored exposed cases, treatment dates, remedy fidelity, or practical implementation. Use as bounded doctrinal-uptake context only, not as a practical-compliance rate or denominator-matched lowerCourtCompliance validation target."
masood-kassow-songer-2019-precedent-treatment,537 U.S. 322,https://doi.org/10.7910/DVN/DZZY7G,10.7910/DVN/DZZY7G,10.1086/703067,537 U.S. 322,"THOMAS JOE MILLER-EL v. JANIE COCKRELL, DIRECTOR, TEXAS DEPARTMENT OF CRIMINAL J",2002,2003-02-25,2002-019-01,123 S. Ct. 1029,2003 U.S. LEXIS 1734,1,no,yes,yes,1,30515,11360,3,41,44,41875,30559,11404,0.271283582,0.001439838,0.996141705,post-decision through 2016,"Aggregate Shepard's lower-court response categories attached to one formally argued U.S. Supreme Court precedent, covering the 12 regular federal circuits, their district courts, and state courts through 2016; Federal Circuit excluded","Automated reduction of the authors' public precedent-level replication file. The source aggregates Shepard's categories and does not expose individual lower-court opinions, non-citing or ignored exposed cases, treatment dates, remedy fidelity, or practical implementation. Use as bounded doctrinal-uptake context only, not as a practical-compliance rate or denominator-matched lowerCourtCompliance validation target."
masood-kassow-songer-2019-precedent-treatment,537 U.S. 371,https://doi.org/10.7910/DVN/DZZY7G,10.7910/DVN/DZZY7G,10.1086/703067,537 U.S. 371,"WASHINGTON STATE DEPARTMENT OF SOCIAL AND HEALTH SERVICES, et al. v. GUARDIANSHI",2002,2003-02-25,2002-020-01,123 S. Ct. 1017,2003 U.S. LEXIS 1735,2,no,no,yes,0,250,40,1,12,13,290,263,53,0.137931034,0.049429658,0.754716981,post-decision through 2016,"Aggregate Shepard's lower-court response categories attached to one formally argued U.S. Supreme Court precedent, covering the 12 regular federal circuits, their district courts, and state courts through 2016; Federal Circuit excluded","Automated reduction of the authors' public precedent-level replication file. The source aggregates Shepard's categories and does not expose individual lower-court opinions, non-citing or ignored exposed cases, treatment dates, remedy fidelity, or practical implementation. Use as bounded doctrinal-uptake context only, not as a practical-compliance rate or denominator-matched lowerCourtCompliance validation target."
masood-kassow-songer-2019-precedent-treatment,537 U.S. 393,https://doi.org/10.7910/DVN/DZZY7G,10.7910/DVN/DZZY7G,10.1086/703067,537 U.S. 393,"SCHEIDLER v. NATIONAL ORGANIZATION FOR WOMEN, INC.",2002,2003-02-26,2002-021-02,123 S. Ct. 1057,2003 U.S. LEXIS 1738,5,no,no,yes,0,217,41,1,21,22,258,239,63,0.158914729,0.092050209,0.650793651,post-decision through 2016,"Aggregate Shepard's lower-court response categories attached to one formally argued U.S. Supreme Court precedent, covering the 12 regular federal circuits, their district courts, and state courts through 2016; Federal Circuit excluded","Automated reduction of the authors' public precedent-level replication file. The source aggregates Shepard's categories and does not expose individual lower-court opinions, non-citing or ignored exposed cases, treatment dates, remedy fidelity, or practical implementation. Use as bounded doctrinal-uptake context only, not as a practical-compliance rate or denominator-matched lowerCourtCompliance validation target."
masood-kassow-songer-2019-precedent-treatment,537 U.S. 418,https://doi.org/10.7910/DVN/DZZY7G,10.7910/DVN/DZZY7G,10.1086/703067,537 U.S. 418,"VICTOR MOSELEY AND CATHY MOSELEY, DBA VICTOR'S LITTLE SECRET v. V SECRET CATALOG",2002,2003-03-04,2002-022-01,123 S. Ct. 1115,2003 U.S. LEXIS 1945,8,no,no,yes,0,180,41,13,6,19,221,199,60,0.185520362,0.095477387,0.683333333,post-decision through 2016,"Aggregate Shepard's lower-court response categories attached to one formally argued U.S. Supreme Court precedent, covering the 12 regular federal circuits, their district courts, and state courts through 2016; Federal Circuit excluded","Automated reduction of the authors' public precedent-level replication file. The source aggregates Shepard's categories and does not expose individual lower-court opinions, non-citing or ignored exposed cases, treatment dates, remedy fidelity, or practical implementation. Use as bounded doctrinal-uptake context only, not as a practical-compliance rate or denominator-matched lowerCourtCompliance validation target."
masood-kassow-songer-2019-precedent-treatment,537 U.S. 437,https://doi.org/10.7910/DVN/DZZY7G,10.7910/DVN/DZZY7G,10.1086/703067,537 U.S. 437,THE BOEING COMPANY AND CONSOLIDATED SUBSIDIARIES v. UNITED STATES,2002,2003-03-04,2002-023-01,123 S. Ct. 1099,2003 U.S. LEXIS 1947,12,no,no,yes,0,17,1,0,0,0,18,17,1,0.055555556,0.000000000,1.000000000,post-decision through 2016,"Aggregate Shepard's lower-court response categories attached to one formally argued U.S. Supreme Court precedent, covering the 12 regular federal circuits, their district courts, and state courts through 2016; Federal Circuit excluded","Automated reduction of the authors' public precedent-level replication file. The source aggregates Shepard's categories and does not expose individual lower-court opinions, non-citing or ignored exposed cases, treatment dates, remedy fidelity, or practical implementation. Use as bounded doctrinal-uptake context only, not as a practical-compliance rate or denominator-matched lowerCourtCompliance validation target."
masood-kassow-songer-2019-precedent-treatment,537 U.S. 465,https://doi.org/10.7910/DVN/DZZY7G,10.7910/DVN/DZZY7G,10.1086/703067,537 U.S. 465,UNITED STATES v. WHITE MOUNTAIN APACHE TRIBE,2002,2003-03-04,2002-024-01,123 S. Ct. 1126,2003 U.S. LEXIS 1944,8,no,no,yes,0,451,38,0,15,15,489,466,53,0.077709611,0.032188841,0.716981132,post-decision through 2016,"Aggregate Shepard's lower-court response categories attached to one formally argued U.S. Supreme Court precedent, covering the 12 regular federal circuits, their district courts, and state courts through 2016; Federal Circuit excluded","Automated reduction of the authors' public precedent-level replication file. The source aggregates Shepard's categories and does not expose individual lower-court opinions, non-citing or ignored exposed cases, treatment dates, remedy fidelity, or practical implementation. Use as bounded doctrinal-uptake context only, not as a practical-compliance rate or denominator-matched lowerCourtCompliance validation target."
masood-kassow-songer-2019-precedent-treatment,537 U.S. 488,https://doi.org/10.7910/DVN/DZZY7G,10.7910/DVN/DZZY7G,10.1086/703067,537 U.S. 488,UNITED STATES v. NAVAJO NATION,2002,2003-03-04,2002-025-01,123 S. Ct. 1079,2003 U.S. LEXIS 1946,8,no,no,yes,0,68,14,0,2,2,82,70,16,0.170731707,0.028571429,0.875000000,post-decision through 2016,"Aggregate Shepard's lower-court response categories attached to one formally argued U.S. Supreme Court precedent, covering the 12 regular federal circuits, their district courts, and state courts through 2016; Federal Circuit excluded","Automated reduction of the authors' public precedent-level replication file. The source aggregates Shepard's categories and does not expose individual lower-court opinions, non-citing or ignored exposed cases, treatment dates, remedy fidelity, or practical implementation. Use as bounded doctrinal-uptake context only, not as a practical-compliance rate or denominator-matched lowerCourtCompliance validation target."
masood-kassow-songer-2019-precedent-treatment,537 U.S. 522,https://doi.org/10.7910/DVN/DZZY7G,10.7910/DVN/DZZY7G,10.1086/703067,537 U.S. 522,ERICK CORNELL CLAY v. UNITED STATES,2002,2003-03-04,2002-026-01,123 S. Ct. 1072,2003 U.S. LEXIS 1943,1,no,yes,yes,4,3576,353,0,31,31,3929,3607,384,0.089844744,0.008594400,0.919270833,post-decision through 2016,"Aggregate Shepard's lower-court response categories attached to one formally argued U.S. Supreme Court precedent, covering the 12 regular federal circuits, their district courts, and state courts through 2016; Federal Circuit excluded","Automated reduction of the authors' public precedent-level replication file. The source aggregates Shepard's categories and does not expose individual lower-court opinions, non-citing or ignored exposed cases, treatment dates, remedy fidelity, or practical implementation. Use as bounded doctrinal-uptake context only, not as a practical-compliance rate or denominator-matched lowerCourtCompliance validation target."
masood-kassow-songer-2019-precedent-treatment,538 U.S. 1,https://doi.org/10.7910/DVN/DZZY7G,10.7910/DVN/DZZY7G,10.1086/703067,538 U.S. 1,"CONNECTICUT DEPARTMENT OF PUBLIC SAFETY, et al. v. JOHN DOE, INDIVIDUALLY AND ON",2002,2003-03-05,2002-027-01,123 S. Ct. 1160,2003 U.S. LEXIS 1951,1,yes,yes,yes,0,387,106,0,26,26,493,413,132,0.215010142,0.062953995,0.803030303,post-decision through 2016,"Aggregate Shepard's lower-court response categories attached to one formally argued U.S. Supreme Court precedent, covering the 12 regular federal circuits, their district courts, and state courts through 2016; Federal Circuit excluded","Automated reduction of the authors' public precedent-level replication file. The source aggregates Shepard's categories and does not expose individual lower-court opinions, non-citing or ignored exposed cases, treatment dates, remedy fidelity, or practical implementation. Use as bounded doctrinal-uptake context only, not as a practical-compliance rate or denominator-matched lowerCourtCompliance validation target."
masood-kassow-songer-2019-precedent-treatment,538 U.S. 11,https://doi.org/10.7910/DVN/DZZY7G,10.7910/DVN/DZZY7G,10.1086/703067,538 U.S. 11,GARY ALBERT EWING v. CALIFORNIA,2002,2003-03-05,2002-028-01,123 S. Ct. 1179,2003 U.S. LEXIS 1952,1,no,yes,yes,0,2574,571,0,51,51,3145,2625,622,0.181558029,0.019428571,0.918006431,post-decision through 2016,"Aggregate Shepard's lower-court response categories attached to one formally argued U.S. Supreme Court precedent, covering the 12 regular federal circuits, their district courts, and state courts through 2016; Federal Circuit excluded","Automated reduction of the authors' public precedent-level replication file. The source aggregates Shepard's categories and does not expose individual lower-court opinions, non-citing or ignored exposed cases, treatment dates, remedy fidelity, or practical implementation. Use as bounded doctrinal-uptake context only, not as a practical-compliance rate or denominator-matched lowerCourtCompliance validation target."
masood-kassow-songer-2019-precedent-treatment,538 U.S. 63,https://doi.org/10.7910/DVN/DZZY7G,10.7910/DVN/DZZY7G,10.1086/703067,538 U.S. 63,"BILL LOCKYER, ATTORNEY GENERAL OF CALIFORNIA v. LEANDRO ANDRADE",2002,2003-03-05,2002-029-01,123 S. Ct. 1166,2003 U.S. LEXIS 1950,1,no,yes,yes,2,12916,2024,1,62,63,14940,12979,2087,0.135475234,0.004853995,0.969813129,post-decision through 2016,"Aggregate Shepard's lower-court response categories attached to one formally argued U.S. Supreme Court precedent, covering the 12 regular federal circuits, their district courts, and state courts through 2016; Federal Circuit excluded","Automated reduction of the authors' public precedent-level replication file. The source aggregates Shepard's categories and does not expose individual lower-court opinions, non-citing or ignored exposed cases, treatment dates, remedy fidelity, or practical implementation. Use as bounded doctrinal-uptake context only, not as a practical-compliance rate or denominator-matched lowerCourtCompliance validation target."
masood-kassow-songer-2019-precedent-treatment,538 U.S. 84,https://doi.org/10.7910/DVN/DZZY7G,10.7910/DVN/DZZY7G,10.1086/703067,538 U.S. 84,DELBERT W. SMITH AND BRUCE M. BOTELHO v. JOHN DOE I et al.,2002,2003-03-05,2002-030-01,123 S. Ct. 1140,2003 U.S. LEXIS 1949,1,yes,yes,yes,0,869,416,3,65,68,1285,937,484,0.323735409,0.072572038,0.859504132,post-decision through 2016,"Aggregate Shepard's lower-court response categories attached to one formally argued U.S. Supreme Court precedent, covering the 12 regular federal circuits, their district courts, and state courts through 2016; Federal Circuit excluded","Automated reduction of the authors' public precedent-level replication file. The source aggregates Shepard's categories and does not expose individual lower-court opinions, non-citing or ignored exposed cases, treatment dates, remedy fidelity, or practical implementation. Use as bounded doctrinal-uptake context only, not as a practical-compliance rate or denominator-matched lowerCourtCompliance validation target."
masood-kassow-songer-2019-precedent-treatment,538 U.S. 119,https://doi.org/10.7910/DVN/DZZY7G,10.7910/DVN/DZZY7G,10.1086/703067,538 U.S. 119,"COOK COUNTY, ILLINOIS v. UNITED STATES ex rel. JANET CHANDLER",2002,2003-03-10,2002-031-01,123 S. Ct. 1239,2003 U.S. LEXIS 1957,8,no,no,yes,1,176,36,0,5,5,212,181,41,0.169811321,0.027624309,0.878048780,post-decision through 2016,"Aggregate Shepard's lower-court response categories attached to one formally argued U.S. Supreme Court precedent, covering the 12 regular federal circuits, their district courts, and state courts through 2016; Federal Circuit excluded","Automated reduction of the authors' public precedent-level replication file. The source aggregates Shepard's categories and does not expose individual lower-court opinions, non-citing or ignored exposed cases, treatment dates, remedy fidelity, or practical implementation. Use as bounded doctrinal-uptake context only, not as a practical-compliance rate or denominator-matched lowerCourtCompliance validation target."
masood-kassow-songer-2019-precedent-treatment,538 U.S. 135,https://doi.org/10.7910/DVN/DZZY7G,10.7910/DVN/DZZY7G,10.1086/703067,538 U.S. 135,NORFOLK & WESTERN RAILWAY COMPANY v. FREEMAN AYERS et al.,2002,2003-03-10,2002-032-01,123 S. Ct. 1210,2003 U.S. LEXIS 1956,8,no,no,yes,0,119,33,1,21,22,152,141,55,0.217105263,0.156028369,0.600000000,post-decision through 2016,"Aggregate Shepard's lower-court response categories attached to one formally argued U.S. Supreme Court precedent, covering the 12 regular federal circuits, their district courts, and state courts through 2016; Federal Circuit excluded","Automated reduction of the authors' public precedent-level replication file. The source aggregates Shepard's categories and does not expose individual lower-court opinions, non-citing or ignored exposed cases, treatment dates, remedy fidelity, or practical implementation. Use as bounded doctrinal-uptake context only, not as a practical-compliance rate or denominator-matched lowerCourtCompliance validation target."
masood-kassow-songer-2019-precedent-treatment,538 U.S. 188,https://doi.org/10.7910/DVN/DZZY7G,10.7910/DVN/DZZY7G,10.1086/703067,538 U.S. 188,"CITY OF CUYAHOGA FALLS, OHIO, et al. v. BUCKEYE COMMUNITY HOPE FOUNDATION et al.",2002,2003-03-25,2002-033-01,123 S. Ct. 1389,2003 U.S. LEXIS 2492,2,yes,no,yes,0,164,29,0,6,6,193,170,35,0.150259067,0.035294118,0.828571429,post-decision through 2016,"Aggregate Shepard's lower-court response categories attached to one formally argued U.S. Supreme Court precedent, covering the 12 regular federal circuits, their district courts, and state courts through 2016; Federal Circuit excluded","Automated reduction of the authors' public precedent-level replication file. The source aggregates Shepard's categories and does not expose individual lower-court opinions, non-citing or ignored exposed cases, treatment dates, remedy fidelity, or practical implementation. Use as bounded doctrinal-uptake context only, not as a practical-compliance rate or denominator-matched lowerCourtCompliance validation target."
masood-kassow-songer-2019-precedent-treatment,538 U.S. 202,https://doi.org/10.7910/DVN/DZZY7G,10.7910/DVN/DZZY7G,10.1086/703067,538 U.S. 202,"JEANNE WOODFORD, WARDEN v. ROBERT FREDERICK GARCEAU",2002,2003-03-25,2002-034-01,123 S. Ct. 1398,2003 U.S. LEXIS 2491,1,no,yes,yes,1,1609,43,0,6,6,1652,1615,49,0.026029056,0.003715170,0.877551020,post-decision through 2016,"Aggregate Shepard's lower-court response categories attached to one formally argued U.S. Supreme Court precedent, covering the 12 regular federal circuits, their district courts, and state courts through 2016; Federal Circuit excluded","Automated reduction of the authors' public precedent-level replication file. The source aggregates Shepard's categories and does not expose individual lower-court opinions, non-citing or ignored exposed cases, treatment dates, remedy fidelity, or practical implementation. Use as bounded doctrinal-uptake context only, not as a practical-compliance rate or denominator-matched lowerCourtCompliance validation target."
masood-kassow-songer-2019-precedent-treatment,538 U.S. 216,https://doi.org/10.7910/DVN/DZZY7G,10.7910/DVN/DZZY7G,10.1086/703067,538 U.S. 216,ALLEN D. BROWN AND GREG HAYES v. LEGAL FOUNDATION OF WASHINGTON et al.,2002,2003-03-26,2002-035-01,123 S. Ct. 1406,2003 U.S. LEXIS 2493,4,yes,no,yes,1,126,36,0,16,16,162,142,52,0.222222222,0.112676056,0.692307692,post-decision through 2016,"Aggregate Shepard's lower-court response categories attached to one formally argued U.S. Supreme Court precedent, covering the 12 regular federal circuits, their district courts, and state courts through 2016; Federal Circuit excluded","Automated reduction of the authors' public precedent-level replication file. The source aggregates Shepard's categories and does not expose individual lower-court opinions, non-citing or ignored exposed cases, treatment dates, remedy fidelity, or practical implementation. Use as bounded doctrinal-uptake context only, not as a practical-compliance rate or denominator-matched lowerCourtCompliance validation target."
masood-kassow-songer-2019-precedent-treatment,538 U.S. 254,https://doi.org/10.7910/DVN/DZZY7G,10.7910/DVN/DZZY7G,10.1086/703067,538 U.S. 254,"BEATRICE BRANCH, et al. v. JOHN ROBERT SMITH et al.",2002,2003-03-31,2002-036-01,123 S. Ct. 1429,2003 U.S. LEXIS 2709,2,no,no,yes,0,107,14,0,3,3,121,110,17,0.115702479,0.027272727,0.823529412,post-decision through 2016,"Aggregate Shepard's lower-court response categories attached to one formally argued U.S. Supreme Court precedent, covering the 12 regular federal circuits, their district courts, and state courts through 2016; Federal Circuit excluded","Automated reduction of the authors' public precedent-level replication file. The source aggregates Shepard's categories and does not expose individual lower-court opinions, non-citing or ignored exposed cases, treatment dates, remedy fidelity, or practical implementation. Use as bounded doctrinal-uptake context only, not as a practical-compliance rate or denominator-matched lowerCourtCompliance validation target."
masood-kassow-songer-2019-precedent-treatment,538 U.S. 314,https://doi.org/10.7910/DVN/DZZY7G,10.7910/DVN/DZZY7G,10.1086/703067,538 U.S. 314,"A. ELLIOTT ARCHER, ET UX. v. ARLENE L. WARNER",2002,2003-03-31,2002-037-01,123 S. Ct. 1462,2003 U.S. LEXIS 2498,8,no,no,yes,0,114,67,0,9,9,181,123,76,0.370165746,0.073170732,0.881578947,post-decision through 2016,"Aggregate Shepard's lower-court response categories attached to one formally argued U.S. Supreme Court precedent, covering the 12 regular federal circuits, their district courts, and state courts through 2016; Federal Circuit excluded","Automated reduction of the authors' public precedent-level replication file. The source aggregates Shepard's categories and does not expose individual lower-court opinions, non-citing or ignored exposed cases, treatment dates, remedy fidelity, or practical implementation. Use as bounded doctrinal-uptake context only, not as a practical-compliance rate or denominator-matched lowerCourtCompliance validation target."
masood-kassow-songer-2019-precedent-treatment,538 U.S. 329,https://doi.org/10.7910/DVN/DZZY7G,10.7910/DVN/DZZY7G,10.1086/703067,538 U.S. 329,"KENTUCKY ASSOCIATION OF HEALTH PLANS, INC., et al. v. JANIE A. MILLER, COMMISSIO",2002,2003-04-02,2002-038-01,123 S. Ct. 1471,2003 U.S. LEXIS 2710,10,no,no,yes,0,165,139,1,14,15,304,180,154,0.457236842,0.083333333,0.902597403,post-decision through 2016,"Aggregate Shepard's lower-court response categories attached to one formally argued U.S. Supreme Court precedent, covering the 12 regular federal circuits, their district courts, and state courts through 2016; Federal Circuit excluded","Automated reduction of the authors' public precedent-level replication file. The source aggregates Shepard's categories and does not expose individual lower-court opinions, non-citing or ignored exposed cases, treatment dates, remedy fidelity, or practical implementation. Use as bounded doctrinal-uptake context only, not as a practical-compliance rate or denominator-matched lowerCourtCompliance validation target."
masood-kassow-songer-2019-precedent-treatment,538 U.S. 343,https://doi.org/10.7910/DVN/DZZY7G,10.7910/DVN/DZZY7G,10.1086/703067,538 U.S. 343,"VIRGINIA v. BARRY ELTON BLACK, RICHARD J. ELLIOTT, AND JONATHAN O'MARA",2002,2003-04-07,2002-039-01,123 S. Ct. 1536,2003 U.S. LEXIS 2715,3,yes,no,yes,0,441,82,0,27,27,523,468,109,0.156787763,0.057692308,0.752293578,post-decision through 2016,"Aggregate Shepard's lower-court response categories attached to one formally argued U.S. Supreme Court precedent, covering the 12 regular federal circuits, their district courts, and state courts through 2016; Federal Circuit excluded","Automated reduction of the authors' public precedent-level replication file. The source aggregates Shepard's categories and does not expose individual lower-court opinions, non-citing or ignored exposed cases, treatment dates, remedy fidelity, or practical implementation. Use as bounded doctrinal-uptake context only, not as a practical-compliance rate or denominator-matched lowerCourtCompliance validation target."
masood-kassow-songer-2019-precedent-treatment,538 U.S. 401,https://doi.org/10.7910/DVN/DZZY7G,10.7910/DVN/DZZY7G,10.1086/703067,538 U.S. 401,"PACIFICARE HEALTH SYSTEMS, INC., et al. v. JEFFREY BOOK et al.",2002,2003-04-07,2002-040-01,123 S. Ct. 1531,2003 U.S. LEXIS 2714,8,no,no,yes,1,149,42,0,6,6,191,155,48,0.219895288,0.038709677,0.875000000,post-decision through 2016,"Aggregate Shepard's lower-court response categories attached to one formally argued U.S. Supreme Court precedent, covering the 12 regular federal circuits, their district courts, and state courts through 2016; Federal Circuit excluded","Automated reduction of the authors' public precedent-level replication file. The source aggregates Shepard's categories and does not expose individual lower-court opinions, non-citing or ignored exposed cases, treatment dates, remedy fidelity, or practical implementation. Use as bounded doctrinal-uptake context only, not as a practical-compliance rate or denominator-matched lowerCourtCompliance validation target."
masood-kassow-songer-2019-precedent-treatment,538 U.S. 408,https://doi.org/10.7910/DVN/DZZY7G,10.7910/DVN/DZZY7G,10.1086/703067,538 U.S. 408,STATE FARM MUTUAL AUTOMOBILE INSURANCE COMPANY v. INEZ PREECE CAMPBELL AND MATTH,2002,2003-04-07,2002-041-01,123 S. Ct. 1513,2003 U.S. LEXIS 2713,8,yes,no,yes,8,1457,832,0,139,139,2289,1596,971,0.363477501,0.087092732,0.856848610,post-decision through 2016,"Aggregate Shepard's lower-court response categories attached to one formally argued U.S. Supreme Court precedent, covering the 12 regular federal circuits, their district courts, and state courts through 2016; Federal Circuit excluded","Automated reduction of the authors' public precedent-level replication file. The source aggregates Shepard's categories and does not expose individual lower-court opinions, non-citing or ignored exposed cases, treatment dates, remedy fidelity, or practical implementation. Use as bounded doctrinal-uptake context only, not as a practical-compliance rate or denominator-matched lowerCourtCompliance validation target."
masood-kassow-songer-2019-precedent-treatment,538 U.S. 440,https://doi.org/10.7910/DVN/DZZY7G,10.7910/DVN/DZZY7G,10.1086/703067,538 U.S. 440,"CLACKAMAS GASTROENTEROLOGY ASSOCIATES, P. C. v. DEBORAH WELLS",2002,2003-04-22,2002-042-01,123 S. Ct. 1673,2003 U.S. LEXIS 3240,2,no,no,yes,0,151,87,0,14,14,238,165,101,0.365546218,0.084848485,0.861386139,post-decision through 2016,"Aggregate Shepard's lower-court response categories attached to one formally argued U.S. Supreme Court precedent, covering the 12 regular federal circuits, their district courts, and state courts through 2016; Federal Circuit excluded","Automated reduction of the authors' public precedent-level replication file. The source aggregates Shepard's categories and does not expose individual lower-court opinions, non-citing or ignored exposed cases, treatment dates, remedy fidelity, or practical implementation. Use as bounded doctrinal-uptake context only, not as a practical-compliance rate or denominator-matched lowerCourtCompliance validation target."
masood-kassow-songer-2019-precedent-treatment,538 U.S. 456,https://doi.org/10.7910/DVN/DZZY7G,10.7910/DVN/DZZY7G,10.1086/703067,538 U.S. 456,"SUSAN JINKS v. RICHLAND COUNTY, SOUTH CAROLINA",2002,2003-04-22,2002-043-01,123 S. Ct. 1667,2003 U.S. LEXIS 3241,9,no,no,yes,0,199,22,0,8,8,221,207,30,0.099547511,0.038647343,0.733333333,post-decision through 2016,"Aggregate Shepard's lower-court response categories attached to one formally argued U.S. Supreme Court precedent, covering the 12 regular federal circuits, their district courts, and state courts through 2016; Federal Circuit excluded","Automated reduction of the authors' public precedent-level replication file. The source aggregates Shepard's categories and does not expose individual lower-court opinions, non-citing or ignored exposed cases, treatment dates, remedy fidelity, or practical implementation. Use as bounded doctrinal-uptake context only, not as a practical-compliance rate or denominator-matched lowerCourtCompliance validation target."
masood-kassow-songer-2019-precedent-treatment,538 U.S. 468,https://doi.org/10.7910/DVN/DZZY7G,10.7910/DVN/DZZY7G,10.1086/703067,538 U.S. 468,"DOLE FOOD COMPANY, et al. v. GERARDO DENNIS PATRICKSON et al.",2002,2003-04-22,2002-044-01,123 S. Ct. 1655,2003 U.S. LEXIS 3242,9,no,no,yes,0,274,52,1,12,13,326,287,65,0.159509202,0.045296167,0.800000000,post-decision through 2016,"Aggregate Shepard's lower-court response categories attached to one formally argued U.S. Supreme Court precedent, covering the 12 regular federal circuits, their district courts, and state courts through 2016; Federal Circuit excluded","Automated reduction of the authors' public precedent-level replication file. The source aggregates Shepard's categories and does not expose individual lower-court opinions, non-citing or ignored exposed cases, treatment dates, remedy fidelity, or practical implementation. Use as bounded doctrinal-uptake context only, not as a practical-compliance rate or denominator-matched lowerCourtCompliance validation target."
masood-kassow-songer-2019-precedent-treatment,538 U.S. 488,https://doi.org/10.7910/DVN/DZZY7G,10.7910/DVN/DZZY7G,10.1086/703067,538 U.S. 488,"FRANCHISE TAX BOARD OF CALIFORNIA v. GILBERT P. HYATT, et al.",2002,2003-04-23,2002-045-01,123 S. Ct. 1683,2003 U.S. LEXIS 3244,11,yes,no,no,0,46,10,0,1,1,56,47,11,0.178571429,0.021276596,0.909090909,post-decision through 2016,"Aggregate Shepard's lower-court response categories attached to one formally argued U.S. Supreme Court precedent, covering the 12 regular federal circuits, their district courts, and state courts through 2016; Federal Circuit excluded","Automated reduction of the authors' public precedent-level replication file. The source aggregates Shepard's categories and does not expose individual lower-court opinions, non-citing or ignored exposed cases, treatment dates, remedy fidelity, or practical implementation. Use as bounded doctrinal-uptake context only, not as a practical-compliance rate or denominator-matched lowerCourtCompliance validation target."
masood-kassow-songer-2019-precedent-treatment,538 U.S. 500,https://doi.org/10.7910/DVN/DZZY7G,10.7910/DVN/DZZY7G,10.1086/703067,538 U.S. 500,JOSEPH MASSARO v. UNITED STATES,2002,2003-04-23,2002-046-01,123 S. Ct. 1690,2003 U.S. LEXIS 3243,1,no,yes,yes,0,4090,443,2,79,81,4533,4171,524,0.097727774,0.019419803,0.845419847,post-decision through 2016,"Aggregate Shepard's lower-court response categories attached to one formally argued U.S. Supreme Court precedent, covering the 12 regular federal circuits, their district courts, and state courts through 2016; Federal Circuit excluded","Automated reduction of the authors' public precedent-level replication file. The source aggregates Shepard's categories and does not expose individual lower-court opinions, non-citing or ignored exposed cases, treatment dates, remedy fidelity, or practical implementation. Use as bounded doctrinal-uptake context only, not as a practical-compliance rate or denominator-matched lowerCourtCompliance validation target."
masood-kassow-songer-2019-precedent-treatment,538 U.S. 510,https://doi.org/10.7910/DVN/DZZY7G,10.7910/DVN/DZZY7G,10.1086/703067,538 U.S. 510,"CHARLES DEMORE, DISTRICT DIRECTOR, SAN FRANCISCO DISTRICT OF IMMIGRATION AND NAT",2002,2003-04-29,2002-047-01,123 S. Ct. 1708,2003 U.S. LEXIS 3428,2,no,no,yes,3,708,267,2,74,76,975,784,343,0.273846154,0.096938776,0.778425656,post-decision through 2016,"Aggregate Shepard's lower-court response categories attached to one formally argued U.S. Supreme Court precedent, covering the 12 regular federal circuits, their district courts, and state courts through 2016; Federal Circuit excluded","Automated reduction of the authors' public precedent-level replication file. The source aggregates Shepard's categories and does not expose individual lower-court opinions, non-citing or ignored exposed cases, treatment dates, remedy fidelity, or practical implementation. Use as bounded doctrinal-uptake context only, not as a practical-compliance rate or denominator-matched lowerCourtCompliance validation target."
masood-kassow-songer-2019-precedent-treatment,538 U.S. 580,https://doi.org/10.7910/DVN/DZZY7G,10.7910/DVN/DZZY7G,10.1086/703067,538 U.S. 580,"JOSEPH C. ROELL, PETRA GARIBAY, AND JAMES REAGAN v. JON MICHAEL WITHROW",2002,2003-04-29,2002-048-01,123 S. Ct. 1696,2003 U.S. LEXIS 3427,9,no,no,yes,0,221,29,1,7,8,250,229,37,0.116000000,0.034934498,0.783783784,post-decision through 2016,"Aggregate Shepard's lower-court response categories attached to one formally argued U.S. Supreme Court precedent, covering the 12 regular federal circuits, their district courts, and state courts through 2016; Federal Circuit excluded","Automated reduction of the authors' public precedent-level replication file. The source aggregates Shepard's categories and does not expose individual lower-court opinions, non-citing or ignored exposed cases, treatment dates, remedy fidelity, or practical implementation. Use as bounded doctrinal-uptake context only, not as a practical-compliance rate or denominator-matched lowerCourtCompliance validation target."
masood-kassow-songer-2019-precedent-treatment,538 U.S. 600,https://doi.org/10.7910/DVN/DZZY7G,10.7910/DVN/DZZY7G,10.1086/703067,538 U.S. 600,"ILLINOIS ex rel. LISA MADIGAN, ATTORNEY GENERAL OF ILLINOIS v. TELEMARKETING ASS",2002,2003-05-05,2002-049-01,123 S. Ct. 1829,2003 U.S. LEXIS 3430,3,yes,no,yes,0,74,13,0,3,3,87,77,16,0.149425287,0.038961039,0.812500000,post-decision through 2016,"Aggregate Shepard's lower-court response categories attached to one formally argued U.S. Supreme Court precedent, covering the 12 regular federal circuits, their district courts, and state courts through 2016; Federal Circuit excluded","Automated reduction of the authors' public precedent-level replication file. The source aggregates Shepard's categories and does not expose individual lower-court opinions, non-citing or ignored exposed cases, treatment dates, remedy fidelity, or practical implementation. Use as bounded doctrinal-uptake context only, not as a practical-compliance rate or denominator-matched lowerCourtCompliance validation target."
masood-kassow-songer-2019-precedent-treatment,538 U.S. 626,https://doi.org/10.7910/DVN/DZZY7G,10.7910/DVN/DZZY7G,10.1086/703067,538 U.S. 626,ROBERT KAUPP v. TEXAS,2002,2003-05-05,2002-050-01,123 S. Ct. 1843,2003 U.S. LEXIS 3670,1,no,yes,yes,0,292,72,0,26,26,364,318,98,0.197802198,0.081761006,0.734693878,post-decision through 2016,"Aggregate Shepard's lower-court response categories attached to one formally argued U.S. Supreme Court precedent, covering the 12 regular federal circuits, their district courts, and state courts through 2016; Federal Circuit excluded","Automated reduction of the authors' public precedent-level replication file. The source aggregates Shepard's categories and does not expose individual lower-court opinions, non-citing or ignored exposed cases, treatment dates, remedy fidelity, or practical implementation. Use as bounded doctrinal-uptake context only, not as a practical-compliance rate or denominator-matched lowerCourtCompliance validation target."
masood-kassow-songer-2019-precedent-treatment,538 U.S. 634,https://doi.org/10.7910/DVN/DZZY7G,10.7910/DVN/DZZY7G,10.1086/703067,538 U.S. 634,"JANETTE PRICE, WARDEN v. DUYONN ANDRE VINCENT",2002,2003-05-19,2002-051-01,123 S. Ct. 1848,2003 U.S. LEXIS 3678,1,no,yes,yes,0,2028,317,0,6,6,2345,2034,323,0.135181237,0.002949853,0.981424149,post-decision through 2016,"Aggregate Shepard's lower-court response categories attached to one formally argued U.S. Supreme Court precedent, covering the 12 regular federal circuits, their district courts, and state courts through 2016; Federal Circuit excluded","Automated reduction of the authors' public precedent-level replication file. The source aggregates Shepard's categories and does not expose individual lower-court opinions, non-citing or ignored exposed cases, treatment dates, remedy fidelity, or practical implementation. Use as bounded doctrinal-uptake context only, not as a practical-compliance rate or denominator-matched lowerCourtCompliance validation target."
masood-kassow-songer-2019-precedent-treatment,538 U.S. 644,https://doi.org/10.7910/DVN/DZZY7G,10.7910/DVN/DZZY7G,10.1086/703067,538 U.S. 644,"PHARMACEUTICAL RESEARCH AND MANUFACTURERS OF AMERICA v. PETER E. WALSH, ACTING C",2002,2003-05-19,2002-052-01,123 S. Ct. 1855,2003 U.S. LEXIS 4056,8,yes,no,yes,0,144,12,1,5,6,156,150,18,0.076923077,0.040000000,0.666666667,post-decision through 2016,"Aggregate Shepard's lower-court response categories attached to one formally argued U.S. Supreme Court precedent, covering the 12 regular federal circuits, their district courts, and state courts through 2016; Federal Circuit excluded","Automated reduction of the authors' public precedent-level replication file. The source aggregates Shepard's categories and does not expose individual lower-court opinions, non-citing or ignored exposed cases, treatment dates, remedy fidelity, or practical implementation. Use as bounded doctrinal-uptake context only, not as a practical-compliance rate or denominator-matched lowerCourtCompliance validation target."
masood-kassow-songer-2019-precedent-treatment,538 U.S. 691,https://doi.org/10.7910/DVN/DZZY7G,10.7910/DVN/DZZY7G,10.1086/703067,538 U.S. 691,"PHILLIP T. BREUER v. JIM'S CONCRETE OF BREVARD, INC.",2002,2003-05-19,2002-053-01,123 S. Ct. 1882,2003 U.S. LEXIS 3677,9,no,no,yes,0,110,16,0,21,21,126,131,37,0.126984127,0.160305344,0.432432432,post-decision through 2016,"Aggregate Shepard's lower-court response categories attached to one formally argued U.S. Supreme Court precedent, covering the 12 regular federal circuits, their district courts, and state courts through 2016; Federal Circuit excluded","Automated reduction of the authors' public precedent-level replication file. The source aggregates Shepard's categories and does not expose individual lower-court opinions, non-citing or ignored exposed cases, treatment dates, remedy fidelity, or practical implementation. Use as bounded doctrinal-uptake context only, not as a practical-compliance rate or denominator-matched lowerCourtCompliance validation target."
masood-kassow-songer-2019-precedent-treatment,538 U.S. 701,https://doi.org/10.7910/DVN/DZZY7G,10.7910/DVN/DZZY7G,10.1086/703067,538 U.S. 701,"INYO COUNTY, CALIFORNIA, et al. v. PAIUTE-SHOSHONE INDIANS OF THE BISHOP COMMUNI",2002,2003-05-19,2002-054-01,123 S. Ct. 1887,2003 U.S. LEXIS 3676,,no,no,yes,0,108,9,1,5,6,117,114,15,0.076923077,0.052631579,0.600000000,post-decision through 2016,"Aggregate Shepard's lower-court response categories attached to one formally argued U.S. Supreme Court precedent, covering the 12 regular federal circuits, their district courts, and state courts through 2016; Federal Circuit excluded","Automated reduction of the authors' public precedent-level replication file. The source aggregates Shepard's categories and does not expose individual lower-court opinions, non-citing or ignored exposed cases, treatment dates, remedy fidelity, or practical implementation. Use as bounded doctrinal-uptake context only, not as a practical-compliance rate or denominator-matched lowerCourtCompliance validation target."
masood-kassow-songer-2019-precedent-treatment,538 U.S. 715,https://doi.org/10.7910/DVN/DZZY7G,10.7910/DVN/DZZY7G,10.1086/703067,538 U.S. 715,CITY OF LOS ANGELES v. EDWIN F. DAVID,2002,2003-05-19,2002-055-01,123 S. Ct. 1895,2003 U.S. LEXIS 4059,4,no,no,yes,0,75,16,0,0,0,91,75,16,0.175824176,0.000000000,1.000000000,post-decision through 2016,"Aggregate Shepard's lower-court response categories attached to one formally argued U.S. Supreme Court precedent, covering the 12 regular federal circuits, their district courts, and state courts through 2016; Federal Circuit excluded","Automated reduction of the authors' public precedent-level replication file. The source aggregates Shepard's categories and does not expose individual lower-court opinions, non-citing or ignored exposed cases, treatment dates, remedy fidelity, or practical implementation. Use as bounded doctrinal-uptake context only, not as a practical-compliance rate or denominator-matched lowerCourtCompliance validation target."
masood-kassow-songer-2019-precedent-treatment,538 U.S. 720,https://doi.org/10.7910/DVN/DZZY7G,10.7910/DVN/DZZY7G,10.1086/703067,538 U.S. 720,STATE OF KANSAS v. STATES OF NEBRASKA AND COLORADO,2002,2003-05-19,2002-056-01,123 S. Ct. 1898,2003 U.S. LEXIS 4058,11,no,no,no,0,4,1,0,0,0,5,4,1,0.200000000,0.000000000,1.000000000,post-decision through 2016,"Aggregate Shepard's lower-court response categories attached to one formally argued U.S. Supreme Court precedent, covering the 12 regular federal circuits, their district courts, and state courts through 2016; Federal Circuit excluded","Automated reduction of the authors' public precedent-level replication file. The source aggregates Shepard's categories and does not expose individual lower-court opinions, non-citing or ignored exposed cases, treatment dates, remedy fidelity, or practical implementation. Use as bounded doctrinal-uptake context only, not as a practical-compliance rate or denominator-matched lowerCourtCompliance validation target."
masood-kassow-songer-2019-precedent-treatment,538 U.S. 721,https://doi.org/10.7910/DVN/DZZY7G,10.7910/DVN/DZZY7G,10.1086/703067,538 U.S. 721,"NEVADA DEPARTMENT OF HUMAN RESOURCES, et al. v. WILLIAM HIBBS et al.",2002,2003-05-27,2002-057-01,123 S. Ct. 1972,2003 U.S. LEXIS 4272,10,yes,no,yes,0,414,77,0,30,30,491,444,107,0.156822811,0.067567568,0.719626168,post-decision through 2016,"Aggregate Shepard's lower-court response categories attached to one formally argued U.S. Supreme Court precedent, covering the 12 regular federal circuits, their district courts, and state courts through 2016; Federal Circuit excluded","Automated reduction of the authors' public precedent-level replication file. The source aggregates Shepard's categories and does not expose individual lower-court opinions, non-citing or ignored exposed cases, treatment dates, remedy fidelity, or practical implementation. Use as bounded doctrinal-uptake context only, not as a practical-compliance rate or denominator-matched lowerCourtCompliance validation target."
masood-kassow-songer-2019-precedent-treatment,538 U.S. 760,https://doi.org/10.7910/DVN/DZZY7G,10.7910/DVN/DZZY7G,10.1086/703067,538 U.S. 760,BEN CHAVEZ v. OLIVERIO MARTINEZ,2002,2003-05-27,2002-058-01,123 S. Ct. 1994,2003 U.S. LEXIS 4274,2,no,yes,yes,0,761,161,3,30,33,922,794,194,0.174620390,0.041561713,0.829896907,post-decision through 2016,"Aggregate Shepard's lower-court response categories attached to one formally argued U.S. Supreme Court precedent, covering the 12 regular federal circuits, their district courts, and state courts through 2016; Federal Circuit excluded","Automated reduction of the authors' public precedent-level replication file. The source aggregates Shepard's categories and does not expose individual lower-court opinions, non-citing or ignored exposed cases, treatment dates, remedy fidelity, or practical implementation. Use as bounded doctrinal-uptake context only, not as a practical-compliance rate or denominator-matched lowerCourtCompliance validation target."
masood-kassow-songer-2019-precedent-treatment,538 U.S. 803,https://doi.org/10.7910/DVN/DZZY7G,10.7910/DVN/DZZY7G,10.1086/703067,538 U.S. 803,NATIONAL PARK HOSPITALITY ASSOCIATION v. DEPARTMENT OF THE INTERIOR et al.,2002,2003-05-27,2002-059-01,123 S. Ct. 2026,2003 U.S. LEXIS 4271,9,no,no,yes,0,510,119,0,9,9,629,519,128,0.189189189,0.017341040,0.929687500,post-decision through 2016,"Aggregate Shepard's lower-court response categories attached to one formally argued U.S. Supreme Court precedent, covering the 12 regular federal circuits, their district courts, and state courts through 2016; Federal Circuit excluded","Automated reduction of the authors' public precedent-level replication file. The source aggregates Shepard's categories and does not expose individual lower-court opinions, non-citing or ignored exposed cases, treatment dates, remedy fidelity, or practical implementation. Use as bounded doctrinal-uptake context only, not as a practical-compliance rate or denominator-matched lowerCourtCompliance validation target."
masood-kassow-songer-2019-precedent-treatment,538 U.S. 822,https://doi.org/10.7910/DVN/DZZY7G,10.7910/DVN/DZZY7G,10.1086/703067,538 U.S. 822,THE BLACK & DECKER DISABILITY PLAN v. KENNETH L. NORD,2002,2003-05-27,2002-060-01,123 S. Ct. 1965,2003 U.S. LEXIS 4061,8,no,no,yes,1,1752,348,0,43,43,2100,1795,391,0.165714286,0.023955432,0.890025575,post-decision through 2016,"Aggregate Shepard's lower-court response categories attached to one formally argued U.S. Supreme Court precedent, covering the 12 regular federal circuits, their district courts, and state courts through 2016; Federal Circuit excluded","Automated reduction of the authors' public precedent-level replication file. The source aggregates Shepard's categories and does not expose individual lower-court opinions, non-citing or ignored exposed cases, treatment dates, remedy fidelity, or practical implementation. Use as bounded doctrinal-uptake context only, not as a practical-compliance rate or denominator-matched lowerCourtCompliance validation target."
masood-kassow-songer-2019-precedent-treatment,538 U.S. 835,https://doi.org/10.7910/DVN/DZZY7G,10.7910/DVN/DZZY7G,10.1086/703067,538 U.S. 835,CLYDE TIMOTHY BUNKLEY v. FLORIDA,2002,2003-05-27,2002-061-01,123 S. Ct. 2020,2003 U.S. LEXIS 4273,4,no,no,yes,0,55,15,1,6,7,70,62,22,0.214285714,0.112903226,0.681818182,post-decision through 2016,"Aggregate Shepard's lower-court response categories attached to one formally argued U.S. Supreme Court precedent, covering the 12 regular federal circuits, their district courts, and state courts through 2016; Federal Circuit excluded","Automated reduction of the authors' public precedent-level replication file. The source aggregates Shepard's categories and does not expose individual lower-court opinions, non-citing or ignored exposed cases, treatment dates, remedy fidelity, or practical implementation. Use as bounded doctrinal-uptake context only, not as a practical-compliance rate or denominator-matched lowerCourtCompliance validation target."
masood-kassow-songer-2019-precedent-treatment,539 U.S. 1,https://doi.org/10.7910/DVN/DZZY7G,10.7910/DVN/DZZY7G,10.1086/703067,539 U.S. 1,"BENEFICIAL NATIONAL BANK, et al. v. MARIE ANDERSON et al.",2002,2003-06-02,2002-062-01,123 S. Ct. 2058,2003 U.S. LEXIS 4277,9,no,no,yes,1,1369,244,0,43,43,1613,1412,287,0.151270924,0.030453258,0.850174216,post-decision through 2016,"Aggregate Shepard's lower-court response categories attached to one formally argued U.S. Supreme Court precedent, covering the 12 regular federal circuits, their district courts, and state courts through 2016; Federal Circuit excluded","Automated reduction of the authors' public precedent-level replication file. The source aggregates Shepard's categories and does not expose individual lower-court opinions, non-citing or ignored exposed cases, treatment dates, remedy fidelity, or practical implementation. Use as bounded doctrinal-uptake context only, not as a practical-compliance rate or denominator-matched lowerCourtCompliance validation target."
masood-kassow-songer-2019-precedent-treatment,539 U.S. 23,https://doi.org/10.7910/DVN/DZZY7G,10.7910/DVN/DZZY7G,10.1086/703067,539 U.S. 23,DASTAR CORPORATION v. TWENTIETH CENTURY FOX FILM CORPORATION et al.,2002,2003-06-02,2002-063-01,123 S. Ct. 2041,2003 U.S. LEXIS 4276,8,no,no,yes,0,379,175,0,42,42,554,421,217,0.315884477,0.099762470,0.806451613,post-decision through 2016,"Aggregate Shepard's lower-court response categories attached to one formally argued U.S. Supreme Court precedent, covering the 12 regular federal circuits, their district courts, and state courts through 2016; Federal Circuit excluded","Automated reduction of the authors' public precedent-level replication file. The source aggregates Shepard's categories and does not expose individual lower-court opinions, non-citing or ignored exposed cases, treatment dates, remedy fidelity, or practical implementation. Use as bounded doctrinal-uptake context only, not as a practical-compliance rate or denominator-matched lowerCourtCompliance validation target."
masood-kassow-songer-2019-precedent-treatment,539 U.S. 39,https://doi.org/10.7910/DVN/DZZY7G,10.7910/DVN/DZZY7G,10.1086/703067,539 U.S. 39,"ENTERGY LOUISIANA, INC. v. LOUISIANA PUBLIC SERVICE COMMISSION et al.",2002,2003-06-02,2002-064-01,123 S. Ct. 2050,2003 U.S. LEXIS 4278,10,no,no,yes,0,27,5,0,2,2,32,29,7,0.156250000,0.068965517,0.714285714,post-decision through 2016,"Aggregate Shepard's lower-court response categories attached to one formally argued U.S. Supreme Court precedent, covering the 12 regular federal circuits, their district courts, and state courts through 2016; Federal Circuit excluded","Automated reduction of the authors' public precedent-level replication file. The source aggregates Shepard's categories and does not expose individual lower-court opinions, non-citing or ignored exposed cases, treatment dates, remedy fidelity, or practical implementation. Use as bounded doctrinal-uptake context only, not as a practical-compliance rate or denominator-matched lowerCourtCompliance validation target."
masood-kassow-songer-2019-precedent-treatment,539 U.S. 52,https://doi.org/10.7910/DVN/DZZY7G,10.7910/DVN/DZZY7G,10.1086/703067,539 U.S. 52,"THE CITIZENS BANK v. ALAFABCO, INC., et al.",2002,2003-06-02,2002-065-01,123 S. Ct. 2037,2003 U.S. LEXIS 4418,8,no,no,yes,1,284,67,0,7,7,351,291,74,0.190883191,0.024054983,0.905405405,post-decision through 2016,"Aggregate Shepard's lower-court response categories attached to one formally argued U.S. Supreme Court precedent, covering the 12 regular federal circuits, their district courts, and state courts through 2016; Federal Circuit excluded","Automated reduction of the authors' public precedent-level replication file. The source aggregates Shepard's categories and does not expose individual lower-court opinions, non-citing or ignored exposed cases, treatment dates, remedy fidelity, or practical implementation. Use as bounded doctrinal-uptake context only, not as a practical-compliance rate or denominator-matched lowerCourtCompliance validation target."
masood-kassow-songer-2019-precedent-treatment,539 U.S. 103,https://doi.org/10.7910/DVN/DZZY7G,10.7910/DVN/DZZY7G,10.1086/703067,539 U.S. 103,"MICHAEL FITZGERALD, TREASURER OF IOWA v. RACING ASSOCIATION OF CENTRAL IOWA et a",2002,2003-06-09,2002-069-01,123 S. Ct. 2156,2003 U.S. LEXIS 4424,8,yes,no,yes,0,54,18,0,4,4,72,58,22,0.250000000,0.068965517,0.818181818,post-decision through 2016,"Aggregate Shepard's lower-court response categories attached to one formally argued U.S. Supreme Court precedent, covering the 12 regular federal circuits, their district courts, and state courts through 2016; Federal Circuit excluded","Automated reduction of the authors' public precedent-level replication file. The source aggregates Shepard's categories and does not expose individual lower-court opinions, non-citing or ignored exposed cases, treatment dates, remedy fidelity, or practical implementation. Use as bounded doctrinal-uptake context only, not as a practical-compliance rate or denominator-matched lowerCourtCompliance validation target."
masood-kassow-songer-2019-precedent-treatment,539 U.S. 111,https://doi.org/10.7910/DVN/DZZY7G,10.7910/DVN/DZZY7G,10.1086/703067,539 U.S. 111,"DOW CHEMICAL COMPANY, et al. v. DANIEL RAYMOND STEPHENSON et al.",2002,2003-06-09,2002-070-01,123 S. Ct. 2161,2003 U.S. LEXIS 4576,9,no,no,yes,0,37,0,0,0,0,37,37,0,0.000000000,0.000000000,,post-decision through 2016,"Aggregate Shepard's lower-court response categories attached to one formally argued U.S. Supreme Court precedent, covering the 12 regular federal circuits, their district courts, and state courts through 2016; Federal Circuit excluded","Automated reduction of the authors' public precedent-level replication file. The source aggregates Shepard's categories and does not expose individual lower-court opinions, non-citing or ignored exposed cases, treatment dates, remedy fidelity, or practical implementation. Use as bounded doctrinal-uptake context only, not as a practical-compliance rate or denominator-matched lowerCourtCompliance validation target."
masood-kassow-songer-2019-precedent-treatment,539 U.S. 59,https://doi.org/10.7910/DVN/DZZY7G,10.7910/DVN/DZZY7G,10.1086/703067,539 U.S. 59,"HILLSIDE DAIRY INC., A&A DAIRY, L&S DAIRY, AND MILKY WAY FARMS v. WILLIAM J. LYO",2002,2003-06-09,2002-066-02,123 S. Ct. 2142,2003 U.S. LEXIS 4423,8,no,no,yes,0,23,3,0,1,1,26,24,4,0.115384615,0.041666667,0.750000000,post-decision through 2016,"Aggregate Shepard's lower-court response categories attached to one formally argued U.S. Supreme Court precedent, covering the 12 regular federal circuits, their district courts, and state courts through 2016; Federal Circuit excluded","Automated reduction of the authors' public precedent-level replication file. The source aggregates Shepard's categories and does not expose individual lower-court opinions, non-citing or ignored exposed cases, treatment dates, remedy fidelity, or practical implementation. Use as bounded doctrinal-uptake context only, not as a practical-compliance rate or denominator-matched lowerCourtCompliance validation target."
masood-kassow-songer-2019-precedent-treatment,539 U.S. 69,https://doi.org/10.7910/DVN/DZZY7G,10.7910/DVN/DZZY7G,10.1086/703067,539 U.S. 69,KHANH PHUONG NGUYEN v. UNITED STATES et al.,2002,2003-06-09,2002-067-01,123 S. Ct. 2130,2003 U.S. LEXIS 4425,9,no,no,yes,1,47,9,0,8,8,56,55,17,0.160714286,0.145454545,0.529411765,post-decision through 2016,"Aggregate Shepard's lower-court response categories attached to one formally argued U.S. Supreme Court precedent, covering the 12 regular federal circuits, their district courts, and state courts through 2016; Federal Circuit excluded","Automated reduction of the authors' public precedent-level replication file. The source aggregates Shepard's categories and does not expose individual lower-court opinions, non-citing or ignored exposed cases, treatment dates, remedy fidelity, or practical implementation. Use as bounded doctrinal-uptake context only, not as a practical-compliance rate or denominator-matched lowerCourtCompliance validation target."
masood-kassow-songer-2019-precedent-treatment,539 U.S. 90,https://doi.org/10.7910/DVN/DZZY7G,10.7910/DVN/DZZY7G,10.1086/703067,539 U.S. 90,"DESERT PALACE, INC., DBA CAESARS PALACE HOTEL & CASINO v. CATHARINA F. COSTA",2002,2003-06-09,2002-068-01,123 S. Ct. 2148,2003 U.S. LEXIS 4422,2,no,no,yes,0,1838,276,2,72,74,2114,1912,350,0.130558184,0.038702929,0.788571429,post-decision through 2016,"Aggregate Shepard's lower-court response categories attached to one formally argued U.S. Supreme Court precedent, covering the 12 regular federal circuits, their district courts, and state courts through 2016; Federal Circuit excluded","Automated reduction of the authors' public precedent-level replication file. The source aggregates Shepard's categories and does not expose individual lower-court opinions, non-citing or ignored exposed cases, treatment dates, remedy fidelity, or practical implementation. Use as bounded doctrinal-uptake context only, not as a practical-compliance rate or denominator-matched lowerCourtCompliance validation target."
masood-kassow-songer-2019-precedent-treatment,539 U.S. 113,https://doi.org/10.7910/DVN/DZZY7G,10.7910/DVN/DZZY7G,10.1086/703067,539 U.S. 113,VIRGINIA v. KEVIN LAMONT HICKS,2002,2003-06-16,2002-072-01,123 S. Ct. 2191,2003 U.S. LEXIS 4782,3,yes,no,yes,0,306,73,0,4,4,379,310,77,0.192612137,0.012903226,0.948051948,post-decision through 2016,"Aggregate Shepard's lower-court response categories attached to one formally argued U.S. Supreme Court precedent, covering the 12 regular federal circuits, their district courts, and state courts through 2016; Federal Circuit excluded","Automated reduction of the authors' public precedent-level replication file. The source aggregates Shepard's categories and does not expose individual lower-court opinions, non-citing or ignored exposed cases, treatment dates, remedy fidelity, or practical implementation. Use as bounded doctrinal-uptake context only, not as a practical-compliance rate or denominator-matched lowerCourtCompliance validation target."
masood-kassow-songer-2019-precedent-treatment,539 U.S. 126,https://doi.org/10.7910/DVN/DZZY7G,10.7910/DVN/DZZY7G,10.1086/703067,539 U.S. 126,"WILLIAM OVERTON, DIRECTOR, MICHIGAN DEPARTMENT OF CORRECTIONS, et al. v. MICHELL",2002,2003-06-16,2002-073-01,123 S. Ct. 2162,2003 U.S. LEXIS 4781,3,yes,no,yes,0,1302,312,0,23,23,1614,1325,335,0.193308550,0.017358491,0.931343284,post-decision through 2016,"Aggregate Shepard's lower-court response categories attached to one formally argued U.S. Supreme Court precedent, covering the 12 regular federal circuits, their district courts, and state courts through 2016; Federal Circuit excluded","Automated reduction of the authors' public precedent-level replication file. The source aggregates Shepard's categories and does not expose individual lower-court opinions, non-citing or ignored exposed cases, treatment dates, remedy fidelity, or practical implementation. Use as bounded doctrinal-uptake context only, not as a practical-compliance rate or denominator-matched lowerCourtCompliance validation target."
masood-kassow-songer-2019-precedent-treatment,539 U.S. 146,https://doi.org/10.7910/DVN/DZZY7G,10.7910/DVN/DZZY7G,10.1086/703067,539 U.S. 146,FEDERAL ELECTION COMMISSION v. CHRISTINE BEAUMONT et al.,2002,2003-06-16,2002-074-01,123 S. Ct. 2200,2003 U.S. LEXIS 4595,3,no,no,yes,0,65,37,3,6,9,102,74,46,0.362745098,0.121621622,0.804347826,post-decision through 2016,"Aggregate Shepard's lower-court response categories attached to one formally argued U.S. Supreme Court precedent, covering the 12 regular federal circuits, their district courts, and state courts through 2016; Federal Circuit excluded","Automated reduction of the authors' public precedent-level replication file. The source aggregates Shepard's categories and does not expose individual lower-court opinions, non-citing or ignored exposed cases, treatment dates, remedy fidelity, or practical implementation. Use as bounded doctrinal-uptake context only, not as a practical-compliance rate or denominator-matched lowerCourtCompliance validation target."
masood-kassow-songer-2019-precedent-treatment,539 U.S. 166,https://doi.org/10.7910/DVN/DZZY7G,10.7910/DVN/DZZY7G,10.1086/703067,539 U.S. 166,CHARLES THOMAS SELL v. UNITED STATES,2002,2003-06-16,2002-075-01,123 S. Ct. 2174,2003 U.S. LEXIS 4594,4,yes,no,yes,1,371,275,0,46,46,646,417,321,0.425696594,0.110311751,0.856697819,post-decision through 2016,"Aggregate Shepard's lower-court response categories attached to one formally argued U.S. Supreme Court precedent, covering the 12 regular federal circuits, their district courts, and state courts through 2016; Federal Circuit excluded","Automated reduction of the authors' public precedent-level replication file. The source aggregates Shepard's categories and does not expose individual lower-court opinions, non-citing or ignored exposed cases, treatment dates, remedy fidelity, or practical implementation. Use as bounded doctrinal-uptake context only, not as a practical-compliance rate or denominator-matched lowerCourtCompliance validation target."
masood-kassow-songer-2019-precedent-treatment,539 U.S. 194,https://doi.org/10.7910/DVN/DZZY7G,10.7910/DVN/DZZY7G,10.1086/703067,539 U.S. 194,"UNITED STATES, et al. v. AMERICAN LIBRARY ASSOCIATION, INC., et al.",2002,2003-06-23,2002-076-01,123 S. Ct. 2297,2003 U.S. LEXIS 4799,3,no,no,yes,0,88,15,0,10,10,103,98,25,0.145631068,0.102040816,0.600000000,post-decision through 2016,"Aggregate Shepard's lower-court response categories attached to one formally argued U.S. Supreme Court precedent, covering the 12 regular federal circuits, their district courts, and state courts through 2016; Federal Circuit excluded","Automated reduction of the authors' public precedent-level replication file. The source aggregates Shepard's categories and does not expose individual lower-court opinions, non-citing or ignored exposed cases, treatment dates, remedy fidelity, or practical implementation. Use as bounded doctrinal-uptake context only, not as a practical-compliance rate or denominator-matched lowerCourtCompliance validation target."
masood-kassow-songer-2019-precedent-treatment,539 U.S. 244,https://doi.org/10.7910/DVN/DZZY7G,10.7910/DVN/DZZY7G,10.1086/703067,539 U.S. 244,JENNIFER GRATZ AND PATRICK HAMACHER v. LEE BOLLINGER et al.,2002,2003-06-23,2002-077-01,123 S. Ct. 2411,2003 U.S. LEXIS 4801,2,yes,no,yes,0,220,41,0,22,22,261,242,63,0.157088123,0.090909091,0.650793651,post-decision through 2016,"Aggregate Shepard's lower-court response categories attached to one formally argued U.S. Supreme Court precedent, covering the 12 regular federal circuits, their district courts, and state courts through 2016; Federal Circuit excluded","Automated reduction of the authors' public precedent-level replication file. The source aggregates Shepard's categories and does not expose individual lower-court opinions, non-citing or ignored exposed cases, treatment dates, remedy fidelity, or practical implementation. Use as bounded doctrinal-uptake context only, not as a practical-compliance rate or denominator-matched lowerCourtCompliance validation target."
masood-kassow-songer-2019-precedent-treatment,539 U.S. 306,https://doi.org/10.7910/DVN/DZZY7G,10.7910/DVN/DZZY7G,10.1086/703067,539 U.S. 306,BARBARA GRUTTER v. LEE BOLLINGER et al.,2002,2003-06-23,2002-078-01,123 S. Ct. 2325,2003 U.S. LEXIS 4800,2,yes,no,yes,0,316,53,1,19,20,369,336,73,0.143631436,0.059523810,0.726027397,post-decision through 2016,"Aggregate Shepard's lower-court response categories attached to one formally argued U.S. Supreme Court precedent, covering the 12 regular federal circuits, their district courts, and state courts through 2016; Federal Circuit excluded","Automated reduction of the authors' public precedent-level replication file. The source aggregates Shepard's categories and does not expose individual lower-court opinions, non-citing or ignored exposed cases, treatment dates, remedy fidelity, or practical implementation. Use as bounded doctrinal-uptake context only, not as a practical-compliance rate or denominator-matched lowerCourtCompliance validation target."
masood-kassow-songer-2019-precedent-treatment,539 U.S. 396,https://doi.org/10.7910/DVN/DZZY7G,10.7910/DVN/DZZY7G,10.1086/703067,539 U.S. 396,"AMERICAN INSURANCE ASSOCIATION, et al. v. JOHN GARAMENDI, INSURANCE COMMISSIONER",2002,2003-06-23,2002-079-01,123 S. Ct. 2374,2003 U.S. LEXIS 4797,10,yes,no,yes,1,108,26,1,17,18,134,126,44,0.194029851,0.142857143,0.590909091,post-decision through 2016,"Aggregate Shepard's lower-court response categories attached to one formally argued U.S. Supreme Court precedent, covering the 12 regular federal circuits, their district courts, and state courts through 2016; Federal Circuit excluded","Automated reduction of the authors' public precedent-level replication file. The source aggregates Shepard's categories and does not expose individual lower-court opinions, non-citing or ignored exposed cases, treatment dates, remedy fidelity, or practical implementation. Use as bounded doctrinal-uptake context only, not as a practical-compliance rate or denominator-matched lowerCourtCompliance validation target."
masood-kassow-songer-2019-precedent-treatment,539 U.S. 444,https://doi.org/10.7910/DVN/DZZY7G,10.7910/DVN/DZZY7G,10.1086/703067,539 U.S. 444,"GREEN TREE FINANCIAL CORP., NKA CONSECO FINANCE CORP. v. LYNN W. BAZZLE et al., ",2002,2003-06-23,2002-080-01,123 S. Ct. 2402,2003 U.S. LEXIS 4798,8,no,no,yes,1,473,113,10,35,45,586,518,158,0.192832765,0.086872587,0.715189873,post-decision through 2016,"Aggregate Shepard's lower-court response categories attached to one formally argued U.S. Supreme Court precedent, covering the 12 regular federal circuits, their district courts, and state courts through 2016; Federal Circuit excluded","Automated reduction of the authors' public precedent-level replication file. The source aggregates Shepard's categories and does not expose individual lower-court opinions, non-citing or ignored exposed cases, treatment dates, remedy fidelity, or practical implementation. Use as bounded doctrinal-uptake context only, not as a practical-compliance rate or denominator-matched lowerCourtCompliance validation target."
masood-kassow-songer-2019-precedent-treatment,539 U.S. 461,https://doi.org/10.7910/DVN/DZZY7G,10.7910/DVN/DZZY7G,10.1086/703067,539 U.S. 461,"GEORGIA v. JOHN ASHCROFT, ATTORNEY GENERAL, et al.",2002,2003-06-26,2002-081-01,123 S. Ct. 2498,2003 U.S. LEXIS 5012,2,no,no,yes,0,72,9,12,6,18,81,90,27,0.111111111,0.200000000,0.333333333,post-decision through 2016,"Aggregate Shepard's lower-court response categories attached to one formally argued U.S. Supreme Court precedent, covering the 12 regular federal circuits, their district courts, and state courts through 2016; Federal Circuit excluded","Automated reduction of the authors' public precedent-level replication file. The source aggregates Shepard's categories and does not expose individual lower-court opinions, non-citing or ignored exposed cases, treatment dates, remedy fidelity, or practical implementation. Use as bounded doctrinal-uptake context only, not as a practical-compliance rate or denominator-matched lowerCourtCompliance validation target."
masood-kassow-songer-2019-precedent-treatment,539 U.S. 510,https://doi.org/10.7910/DVN/DZZY7G,10.7910/DVN/DZZY7G,10.1086/703067,539 U.S. 510,"KEVIN WIGGINS v. SEWALL SMITH, WARDEN, et al.",2002,2003-06-26,2002-082-01,123 S. Ct. 2527,2003 U.S. LEXIS 5014,1,yes,yes,yes,2,8042,1848,1,374,375,9890,8417,2223,0.186855410,0.044552691,0.831309042,post-decision through 2016,"Aggregate Shepard's lower-court response categories attached to one formally argued U.S. Supreme Court precedent, covering the 12 regular federal circuits, their district courts, and state courts through 2016; Federal Circuit excluded","Automated reduction of the authors' public precedent-level replication file. The source aggregates Shepard's categories and does not expose individual lower-court opinions, non-citing or ignored exposed cases, treatment dates, remedy fidelity, or practical implementation. Use as bounded doctrinal-uptake context only, not as a practical-compliance rate or denominator-matched lowerCourtCompliance validation target."
masood-kassow-songer-2019-precedent-treatment,539 U.S. 558,https://doi.org/10.7910/DVN/DZZY7G,10.7910/DVN/DZZY7G,10.1086/703067,539 U.S. 558,JOHN GEDDES LAWRENCE AND TYRON GARNER v. TEXAS,2002,2003-06-26,2002-083-01,123 S. Ct. 2472,2003 U.S. LEXIS 5013,5,yes,no,yes,1,594,194,2,152,154,788,748,348,0.246192893,0.205882353,0.557471264,post-decision through 2016,"Aggregate Shepard's lower-court response categories attached to one formally argued U.S. Supreme Court precedent, covering the 12 regular federal circuits, their district courts, and state courts through 2016; Federal Circuit excluded","Automated reduction of the authors' public precedent-level replication file. The source aggregates Shepard's categories and does not expose individual lower-court opinions, non-citing or ignored exposed cases, treatment dates, remedy fidelity, or practical implementation. Use as bounded doctrinal-uptake context only, not as a practical-compliance rate or denominator-matched lowerCourtCompliance validation target."
masood-kassow-songer-2019-precedent-treatment,539 U.S. 607,https://doi.org/10.7910/DVN/DZZY7G,10.7910/DVN/DZZY7G,10.1086/703067,539 U.S. 607,MARION REYNOLDS STOGNER v. CALIFORNIA,2002,2003-06-26,2002-084-01,123 S. Ct. 2446,2003 U.S. LEXIS 5011,1,yes,yes,yes,0,448,59,0,58,58,507,506,117,0.116370809,0.114624506,0.504273504,post-decision through 2016,"Aggregate Shepard's lower-court response categories attached to one formally argued U.S. Supreme Court precedent, covering the 12 regular federal circuits, their district courts, and state courts through 2016; Federal Circuit excluded","Automated reduction of the authors' public precedent-level replication file. The source aggregates Shepard's categories and does not expose individual lower-court opinions, non-citing or ignored exposed cases, treatment dates, remedy fidelity, or practical implementation. Use as bounded doctrinal-uptake context only, not as a practical-compliance rate or denominator-matched lowerCourtCompliance validation target."
masood-kassow-songer-2019-precedent-treatment,539 U.S. 654,https://doi.org/10.7910/DVN/DZZY7G,10.7910/DVN/DZZY7G,10.1086/703067,539 U.S. 654,"NIKE, INC., et al. v. MARC KASKY",2002,2003-06-26,2002-085-01,123 S. Ct. 2554,2003 U.S. LEXIS 5015,9,no,no,yes,0,12,2,0,1,1,14,13,3,0.142857143,0.076923077,0.666666667,post-decision through 2016,"Aggregate Shepard's lower-court response categories attached to one formally argued U.S. Supreme Court precedent, covering the 12 regular federal circuits, their district courts, and state courts through 2016; Federal Circuit excluded","Automated reduction of the authors' public precedent-level replication file. The source aggregates Shepard's categories and does not expose individual lower-court opinions, non-citing or ignored exposed cases, treatment dates, remedy fidelity, or practical implementation. Use as bounded doctrinal-uptake context only, not as a practical-compliance rate or denominator-matched lowerCourtCompliance validation target."
masood-kassow-songer-2019-precedent-treatment,540 U.S. 1,https://doi.org/10.7910/DVN/DZZY7G,10.7910/DVN/DZZY7G,10.1086/703067,540 U.S. 1,"MICHAEL YARBOROUGH, WARDEN, et al.'S v. LIONEL E. GENTRY",2003,2003-10-20,2003-001-01,124 S. Ct. 1,2003 U.S. LEXIS 7701,1,no,yes,yes,0,3084,343,0,2,2,3427,3086,345,0.100087540,0.000648088,0.994202899,post-decision through 2016,"Aggregate Shepard's lower-court response categories attached to one formally argued U.S. Supreme Court precedent, covering the 12 regular federal circuits, their district courts, and state courts through 2016; Federal Circuit excluded","Automated reduction of the authors' public precedent-level replication file. The source aggregates Shepard's categories and does not expose individual lower-court opinions, non-citing or ignored exposed cases, treatment dates, remedy fidelity, or practical implementation. Use as bounded doctrinal-uptake context only, not as a practical-compliance rate or denominator-matched lowerCourtCompliance validation target."
masood-kassow-songer-2019-precedent-treatment,540 U.S. 12,https://doi.org/10.7910/DVN/DZZY7G,10.7910/DVN/DZZY7G,10.1086/703067,540 U.S. 12,"BETTY MITCHELL, WARDEN v. GREGORY ESPARZA",2003,2003-11-03,2003-002-01,124 S. Ct. 7,2003 U.S. LEXIS 8191,1,no,yes,yes,0,2306,513,0,5,5,2819,2311,518,0.181979425,0.002163566,0.990347490,post-decision through 2016,"Aggregate Shepard's lower-court response categories attached to one formally argued U.S. Supreme Court precedent, covering the 12 regular federal circuits, their district courts, and state courts through 2016; Federal Circuit excluded","Automated reduction of the authors' public precedent-level replication file. The source aggregates Shepard's categories and does not expose individual lower-court opinions, non-citing or ignored exposed cases, treatment dates, remedy fidelity, or practical implementation. Use as bounded doctrinal-uptake context only, not as a practical-compliance rate or denominator-matched lowerCourtCompliance validation target."
masood-kassow-songer-2019-precedent-treatment,540 U.S. 20,https://doi.org/10.7910/DVN/DZZY7G,10.7910/DVN/DZZY7G,10.1086/703067,540 U.S. 20,"JO ANNE B. BARNHART, COMMISSIONER OF SOCIAL SECURITY v. PAULINE THOMAS",2003,2003-11-12,2003-003-01,124 S. Ct. 376,2003 U.S. LEXIS 8348,2,no,no,yes,0,2327,511,0,4,4,2838,2331,515,0.180056378,0.001716002,0.992233010,post-decision through 2016,"Aggregate Shepard's lower-court response categories attached to one formally argued U.S. Supreme Court precedent, covering the 12 regular federal circuits, their district courts, and state courts through 2016; Federal Circuit excluded","Automated reduction of the authors' public precedent-level replication file. The source aggregates Shepard's categories and does not expose individual lower-court opinions, non-citing or ignored exposed cases, treatment dates, remedy fidelity, or practical implementation. Use as bounded doctrinal-uptake context only, not as a practical-compliance rate or denominator-matched lowerCourtCompliance validation target."
masood-kassow-songer-2019-precedent-treatment,540 U.S. 31,https://doi.org/10.7910/DVN/DZZY7G,10.7910/DVN/DZZY7G,10.1086/703067,540 U.S. 31,UNITED STATES v. LASHAWN LOWELL BANKS,2003,2003-12-02,2003-004-01,124 S. Ct. 521,2003 U.S. LEXIS 8966,1,yes,yes,yes,0,239,66,0,12,12,305,251,78,0.216393443,0.047808765,0.846153846,post-decision through 2016,"Aggregate Shepard's lower-court response categories attached to one formally argued U.S. Supreme Court precedent, covering the 12 regular federal circuits, their district courts, and state courts through 2016; Federal Circuit excluded","Automated reduction of the authors' public precedent-level replication file. The source aggregates Shepard's categories and does not expose individual lower-court opinions, non-citing or ignored exposed cases, treatment dates, remedy fidelity, or practical implementation. Use as bounded doctrinal-uptake context only, not as a practical-compliance rate or denominator-matched lowerCourtCompliance validation target."
masood-kassow-songer-2019-precedent-treatment,540 U.S. 44,https://doi.org/10.7910/DVN/DZZY7G,10.7910/DVN/DZZY7G,10.1086/703067,540 U.S. 44,RAYTHEON COMPANY v. JOEL HERNANDEZ,2003,2003-12-02,2003-005-01,124 S. Ct. 513,2003 U.S. LEXIS 8965,2,no,no,yes,0,525,130,0,6,6,655,531,136,0.198473282,0.011299435,0.955882353,post-decision through 2016,"Aggregate Shepard's lower-court response categories attached to one formally argued U.S. Supreme Court precedent, covering the 12 regular federal circuits, their district courts, and state courts through 2016; Federal Circuit excluded","Automated reduction of the authors' public precedent-level replication file. The source aggregates Shepard's categories and does not expose individual lower-court opinions, non-citing or ignored exposed cases, treatment dates, remedy fidelity, or practical implementation. Use as bounded doctrinal-uptake context only, not as a practical-compliance rate or denominator-matched lowerCourtCompliance validation target."
masood-kassow-songer-2019-precedent-treatment,540 U.S. 93,https://doi.org/10.7910/DVN/DZZY7G,10.7910/DVN/DZZY7G,10.1086/703067,540 U.S. 93,"MITCH MCCONNELL, UNITED STATES SENATOR, et al. v. FEDERAL ELECTION COMMISSION, e",2003,2003-12-10,2003-006-01,124 S. Ct. 619,2003 U.S. LEXIS 9195,3,yes,no,yes,1,367,135,17,43,60,502,427,195,0.268924303,0.140515222,0.692307692,post-decision through 2016,"Aggregate Shepard's lower-court response categories attached to one formally argued U.S. Supreme Court precedent, covering the 12 regular federal circuits, their district courts, and state courts through 2016; Federal Circuit excluded","Automated reduction of the authors' public precedent-level replication file. The source aggregates Shepard's categories and does not expose individual lower-court opinions, non-citing or ignored exposed cases, treatment dates, remedy fidelity, or practical implementation. Use as bounded doctrinal-uptake context only, not as a practical-compliance rate or denominator-matched lowerCourtCompliance validation target."
masood-kassow-songer-2019-precedent-treatment,540 U.S. 366,https://doi.org/10.7910/DVN/DZZY7G,10.7910/DVN/DZZY7G,10.1086/703067,540 U.S. 366,MARYLAND v. JOSEPH JERMAINE PRINGLE,2003,2003-12-15,2003-019-01,124 S. Ct. 795,2003 U.S. LEXIS 9198,1,yes,yes,yes,0,1233,277,1,54,55,1510,1288,332,0.183443709,0.042701863,0.834337349,post-decision through 2016,"Aggregate Shepard's lower-court response categories attached to one formally argued U.S. Supreme Court precedent, covering the 12 regular federal circuits, their district courts, and state courts through 2016; Federal Circuit excluded","Automated reduction of the authors' public precedent-level replication file. The source aggregates Shepard's categories and does not expose individual lower-court opinions, non-citing or ignored exposed cases, treatment dates, remedy fidelity, or practical implementation. Use as bounded doctrinal-uptake context only, not as a practical-compliance rate or denominator-matched lowerCourtCompliance validation target."
masood-kassow-songer-2019-precedent-treatment,540 U.S. 375,https://doi.org/10.7910/DVN/DZZY7G,10.7910/DVN/DZZY7G,10.1086/703067,540 U.S. 375,HERNAN O'RYAN CASTRO v. UNITED STATES,2003,2003-12-15,2003-020-01,124 S. Ct. 786,2003 U.S. LEXIS 9197,1,no,yes,yes,0,2069,372,0,131,131,2441,2200,503,0.152396559,0.059545455,0.739562624,post-decision through 2016,"Aggregate Shepard's lower-court response categories attached to one formally argued U.S. Supreme Court precedent, covering the 12 regular federal circuits, their district courts, and state courts through 2016; Federal Circuit excluded","Automated reduction of the authors' public precedent-level replication file. The source aggregates Shepard's categories and does not expose individual lower-court opinions, non-citing or ignored exposed cases, treatment dates, remedy fidelity, or practical implementation. Use as bounded doctrinal-uptake context only, not as a practical-compliance rate or denominator-matched lowerCourtCompliance validation target."
masood-kassow-songer-2019-precedent-treatment,540 U.S. 389,https://doi.org/10.7910/DVN/DZZY7G,10.7910/DVN/DZZY7G,10.1086/703067,540 U.S. 389,SECURITIES AND EXCHANGE COMMISSION v. CHARLES E. EDWARDS,2003,2004-01-13,2003-021-01,124 S. Ct. 892,2004 U.S. LEXIS 659,8,no,no,yes,0,86,22,1,1,2,108,88,24,0.203703704,0.022727273,0.916666667,post-decision through 2016,"Aggregate Shepard's lower-court response categories attached to one formally argued U.S. Supreme Court precedent, covering the 12 regular federal circuits, their district courts, and state courts through 2016; Federal Circuit excluded","Automated reduction of the authors' public precedent-level replication file. The source aggregates Shepard's categories and does not expose individual lower-court opinions, non-citing or ignored exposed cases, treatment dates, remedy fidelity, or practical implementation. Use as bounded doctrinal-uptake context only, not as a practical-compliance rate or denominator-matched lowerCourtCompliance validation target."
masood-kassow-songer-2019-precedent-treatment,540 U.S. 398,https://doi.org/10.7910/DVN/DZZY7G,10.7910/DVN/DZZY7G,10.1086/703067,540 U.S. 398,"VERIZON COMMUNICATIONS INC. v. LAW OFFICES OF CURTIS v. TRINKO, LLP",2003,2004-01-13,2003-022-01,124 S. Ct. 872,2004 U.S. LEXIS 657,8,no,no,yes,2,246,104,0,27,27,350,273,131,0.297142857,0.098901099,0.793893130,post-decision through 2016,"Aggregate Shepard's lower-court response categories attached to one formally argued U.S. Supreme Court precedent, covering the 12 regular federal circuits, their district courts, and state courts through 2016; Federal Circuit excluded","Automated reduction of the authors' public precedent-level replication file. The source aggregates Shepard's categories and does not expose individual lower-court opinions, non-citing or ignored exposed cases, treatment dates, remedy fidelity, or practical implementation. Use as bounded doctrinal-uptake context only, not as a practical-compliance rate or denominator-matched lowerCourtCompliance validation target."
masood-kassow-songer-2019-precedent-treatment,540 U.S. 419,https://doi.org/10.7910/DVN/DZZY7G,10.7910/DVN/DZZY7G,10.1086/703067,540 U.S. 419,ILLINOIS v. ROBERT S. LIDSTER,2003,2004-01-13,2003-023-01,124 S. Ct. 885,2004 U.S. LEXIS 656,1,yes,yes,yes,0,160,41,2,13,15,201,175,56,0.203980100,0.085714286,0.732142857,post-decision through 2016,"Aggregate Shepard's lower-court response categories attached to one formally argued U.S. Supreme Court precedent, covering the 12 regular federal circuits, their district courts, and state courts through 2016; Federal Circuit excluded","Automated reduction of the authors' public precedent-level replication file. The source aggregates Shepard's categories and does not expose individual lower-court opinions, non-citing or ignored exposed cases, treatment dates, remedy fidelity, or practical implementation. Use as bounded doctrinal-uptake context only, not as a practical-compliance rate or denominator-matched lowerCourtCompliance validation target."
masood-kassow-songer-2019-precedent-treatment,540 U.S. 431,https://doi.org/10.7910/DVN/DZZY7G,10.7910/DVN/DZZY7G,10.1086/703067,540 U.S. 431,"LINDA FREW, ON BEHALF OF HER DAUGHTER, CARLA FREW, et al. v. ALBERT HAWKINS, COM",2003,2004-01-14,2003-024-01,124 S. Ct. 899,2004 U.S. LEXIS 664,10,yes,no,yes,0,393,37,0,20,20,430,413,57,0.086046512,0.048426150,0.649122807,post-decision through 2016,"Aggregate Shepard's lower-court response categories attached to one formally argued U.S. Supreme Court precedent, covering the 12 regular federal circuits, their district courts, and state courts through 2016; Federal Circuit excluded","Automated reduction of the authors' public precedent-level replication file. The source aggregates Shepard's categories and does not expose individual lower-court opinions, non-citing or ignored exposed cases, treatment dates, remedy fidelity, or practical implementation. Use as bounded doctrinal-uptake context only, not as a practical-compliance rate or denominator-matched lowerCourtCompliance validation target."
masood-kassow-songer-2019-precedent-treatment,540 U.S. 443,https://doi.org/10.7910/DVN/DZZY7G,10.7910/DVN/DZZY7G,10.1086/703067,540 U.S. 443,ANDREW J. KONTRICK v. ROBERT A. RYAN,2003,2004-01-14,2003-025-01,124 S. Ct. 906,2004 U.S. LEXIS 663,8,no,no,yes,0,897,115,1,33,34,1012,931,149,0.113636364,0.036519871,0.771812081,post-decision through 2016,"Aggregate Shepard's lower-court response categories attached to one formally argued U.S. Supreme Court precedent, covering the 12 regular federal circuits, their district courts, and state courts through 2016; Federal Circuit excluded","Automated reduction of the authors' public precedent-level replication file. The source aggregates Shepard's categories and does not expose individual lower-court opinions, non-citing or ignored exposed cases, treatment dates, remedy fidelity, or practical implementation. Use as bounded doctrinal-uptake context only, not as a practical-compliance rate or denominator-matched lowerCourtCompliance validation target."
masood-kassow-songer-2019-precedent-treatment,540 U.S. 461,https://doi.org/10.7910/DVN/DZZY7G,10.7910/DVN/DZZY7G,10.1086/703067,540 U.S. 461,ALASKA DEPARTMENT OF ENVIRONMENTAL CONSERVATION v. ENVIRONMENTAL PROTECTION AGEN,2003,2004-01-21,2003-026-01,124 S. Ct. 983,2004 U.S. LEXIS 820,8,no,no,yes,0,226,31,2,4,6,257,232,37,0.120622568,0.025862069,0.837837838,post-decision through 2016,"Aggregate Shepard's lower-court response categories attached to one formally argued U.S. Supreme Court precedent, covering the 12 regular federal circuits, their district courts, and state courts through 2016; Federal Circuit excluded","Automated reduction of the authors' public precedent-level replication file. The source aggregates Shepard's categories and does not expose individual lower-court opinions, non-citing or ignored exposed cases, treatment dates, remedy fidelity, or practical implementation. Use as bounded doctrinal-uptake context only, not as a practical-compliance rate or denominator-matched lowerCourtCompliance validation target."
masood-kassow-songer-2019-precedent-treatment,540 U.S. 519,https://doi.org/10.7910/DVN/DZZY7G,10.7910/DVN/DZZY7G,10.1086/703067,540 U.S. 519,JOHN J. FELLERS v. UNITED STATES,2003,2004-01-26,2003-027-01,124 S. Ct. 1019,2004 U.S. LEXIS 825,1,yes,yes,yes,0,133,23,0,13,13,156,146,36,0.147435897,0.089041096,0.638888889,post-decision through 2016,"Aggregate Shepard's lower-court response categories attached to one formally argued U.S. Supreme Court precedent, covering the 12 regular federal circuits, their district courts, and state courts through 2016; Federal Circuit excluded","Automated reduction of the authors' public precedent-level replication file. The source aggregates Shepard's categories and does not expose individual lower-court opinions, non-citing or ignored exposed cases, treatment dates, remedy fidelity, or practical implementation. Use as bounded doctrinal-uptake context only, not as a practical-compliance rate or denominator-matched lowerCourtCompliance validation target."
masood-kassow-songer-2019-precedent-treatment,540 U.S. 526,https://doi.org/10.7910/DVN/DZZY7G,10.7910/DVN/DZZY7G,10.1086/703067,540 U.S. 526,JOHN M. LAMIE v. UNITED STATES TRUSTEE,2003,2004-01-26,2003-028-01,124 S. Ct. 1023,2004 U.S. LEXIS 824,6,no,no,yes,0,1232,176,3,20,23,1408,1255,199,0.125000000,0.018326693,0.884422111,post-decision through 2016,"Aggregate Shepard's lower-court response categories attached to one formally argued U.S. Supreme Court precedent, covering the 12 regular federal circuits, their district courts, and state courts through 2016; Federal Circuit excluded","Automated reduction of the authors' public precedent-level replication file. The source aggregates Shepard's categories and does not expose individual lower-court opinions, non-citing or ignored exposed cases, treatment dates, remedy fidelity, or practical implementation. Use as bounded doctrinal-uptake context only, not as a practical-compliance rate or denominator-matched lowerCourtCompliance validation target."
masood-kassow-songer-2019-precedent-treatment,540 U.S. 544,https://doi.org/10.7910/DVN/DZZY7G,10.7910/DVN/DZZY7G,10.1086/703067,540 U.S. 544,ILLINOIS v. GREGORY FISHER,2003,2004-02-23,2003-029-01,124 S. Ct. 1200,2004 U.S. LEXIS 1412,4,no,no,yes,0,320,102,0,7,7,422,327,109,0.241706161,0.021406728,0.935779817,post-decision through 2016,"Aggregate Shepard's lower-court response categories attached to one formally argued U.S. Supreme Court precedent, covering the 12 regular federal circuits, their district courts, and state courts through 2016; Federal Circuit excluded","Automated reduction of the authors' public precedent-level replication file. The source aggregates Shepard's categories and does not expose individual lower-court opinions, non-citing or ignored exposed cases, treatment dates, remedy fidelity, or practical implementation. Use as bounded doctrinal-uptake context only, not as a practical-compliance rate or denominator-matched lowerCourtCompliance validation target."
masood-kassow-songer-2019-precedent-treatment,540 U.S. 551,https://doi.org/10.7910/DVN/DZZY7G,10.7910/DVN/DZZY7G,10.1086/703067,540 U.S. 551,JEFF GROH v. JOSEPH R. RAMIREZ et al.,2003,2004-02-24,2003-030-01,124 S. Ct. 1284,2004 U.S. LEXIS 1624,8,yes,no,yes,1,1079,183,1,100,101,1262,1180,284,0.145007924,0.085593220,0.644366197,post-decision through 2016,"Aggregate Shepard's lower-court response categories attached to one formally argued U.S. Supreme Court precedent, covering the 12 regular federal circuits, their district courts, and state courts through 2016; Federal Circuit excluded","Automated reduction of the authors' public precedent-level replication file. The source aggregates Shepard's categories and does not expose individual lower-court opinions, non-citing or ignored exposed cases, treatment dates, remedy fidelity, or practical implementation. Use as bounded doctrinal-uptake context only, not as a practical-compliance rate or denominator-matched lowerCourtCompliance validation target."
masood-kassow-songer-2019-precedent-treatment,540 U.S. 581,https://doi.org/10.7910/DVN/DZZY7G,10.7910/DVN/DZZY7G,10.1086/703067,540 U.S. 581,"GENERAL DYNAMICS LAND SYSTEMS, INC. v. DENNIS CLINE et al.",2003,2004-02-24,2003-031-01,124 S. Ct. 1236,2004 U.S. LEXIS 1623,2,no,no,yes,0,265,27,1,6,7,292,272,34,0.092465753,0.025735294,0.794117647,post-decision through 2016,"Aggregate Shepard's lower-court response categories attached to one formally argued U.S. Supreme Court precedent, covering the 12 regular federal circuits, their district courts, and state courts through 2016; Federal Circuit excluded","Automated reduction of the authors' public precedent-level replication file. The source aggregates Shepard's categories and does not expose individual lower-court opinions, non-citing or ignored exposed cases, treatment dates, remedy fidelity, or practical implementation. Use as bounded doctrinal-uptake context only, not as a practical-compliance rate or denominator-matched lowerCourtCompliance validation target."
masood-kassow-songer-2019-precedent-treatment,540 U.S. 614,https://doi.org/10.7910/DVN/DZZY7G,10.7910/DVN/DZZY7G,10.1086/703067,540 U.S. 614,"BUCK DOE v. ELAINE L. CHAO, SECRETARY OF LABOR",2003,2004-02-24,2003-032-01,124 S. Ct. 1204,2004 U.S. LEXIS 1622,5,no,no,yes,0,318,52,0,15,15,370,333,67,0.140540541,0.045045045,0.776119403,post-decision through 2016,"Aggregate Shepard's lower-court response categories attached to one formally argued U.S. Supreme Court precedent, covering the 12 regular federal circuits, their district courts, and state courts through 2016; Federal Circuit excluded","Automated reduction of the authors' public precedent-level replication file. The source aggregates Shepard's categories and does not expose individual lower-court opinions, non-citing or ignored exposed cases, treatment dates, remedy fidelity, or practical implementation. Use as bounded doctrinal-uptake context only, not as a practical-compliance rate or denominator-matched lowerCourtCompliance validation target."
masood-kassow-songer-2019-precedent-treatment,540 U.S. 644,https://doi.org/10.7910/DVN/DZZY7G,10.7910/DVN/DZZY7G,10.1086/703067,540 U.S. 644,"OLYMPIC AIRWAYS v. RUBINA HUSAIN, INDIVIDUALLY AND AS PERSONAL REPRESENTATIVE OF",2003,2004-02-24,2003-033-01,124 S. Ct. 1221,2004 U.S. LEXIS 1620,8,no,no,yes,0,72,21,0,10,10,93,82,31,0.225806452,0.121951220,0.677419355,post-decision through 2016,"Aggregate Shepard's lower-court response categories attached to one formally argued U.S. Supreme Court precedent, covering the 12 regular federal circuits, their district courts, and state courts through 2016; Federal Circuit excluded","Automated reduction of the authors' public precedent-level replication file. The source aggregates Shepard's categories and does not expose individual lower-court opinions, non-citing or ignored exposed cases, treatment dates, remedy fidelity, or practical implementation. Use as bounded doctrinal-uptake context only, not as a practical-compliance rate or denominator-matched lowerCourtCompliance validation target."
masood-kassow-songer-2019-precedent-treatment,540 U.S. 668,https://doi.org/10.7910/DVN/DZZY7G,10.7910/DVN/DZZY7G,10.1086/703067,540 U.S. 668,"DELMA BANKS, JR. v. DOUG DRETKE, DIRECTOR, TEXAS DEPARTMENT OF CRIMINAL JUSTICE,",2003,2004-02-24,2003-034-01,124 S. Ct. 1256,2004 U.S. LEXIS 1621,1,yes,yes,yes,1,1105,407,0,56,56,1512,1161,463,0.269179894,0.048234281,0.879049676,post-decision through 2016,"Aggregate Shepard's lower-court response categories attached to one formally argued U.S. Supreme Court precedent, covering the 12 regular federal circuits, their district courts, and state courts through 2016; Federal Circuit excluded","Automated reduction of the authors' public precedent-level replication file. The source aggregates Shepard's categories and does not expose individual lower-court opinions, non-citing or ignored exposed cases, treatment dates, remedy fidelity, or practical implementation. Use as bounded doctrinal-uptake context only, not as a practical-compliance rate or denominator-matched lowerCourtCompliance validation target."
masood-kassow-songer-2019-precedent-treatment,540 U.S. 712,https://doi.org/10.7910/DVN/DZZY7G,10.7910/DVN/DZZY7G,10.1086/703067,540 U.S. 712,"GARY LOCKE, GOVERNOR OF WASHINGTON, et al. v. JOSHUA DAVEY",2003,2004-02-25,2003-035-01,124 S. Ct. 1307,2004 U.S. LEXIS 1626,3,yes,no,yes,0,110,20,0,11,11,130,121,31,0.153846154,0.090909091,0.645161290,post-decision through 2016,"Aggregate Shepard's lower-court response categories attached to one formally argued U.S. Supreme Court precedent, covering the 12 regular federal circuits, their district courts, and state courts through 2016; Federal Circuit excluded","Automated reduction of the authors' public precedent-level replication file. The source aggregates Shepard's categories and does not expose individual lower-court opinions, non-citing or ignored exposed cases, treatment dates, remedy fidelity, or practical implementation. Use as bounded doctrinal-uptake context only, not as a practical-compliance rate or denominator-matched lowerCourtCompliance validation target."
masood-kassow-songer-2019-precedent-treatment,540 U.S. 736,https://doi.org/10.7910/DVN/DZZY7G,10.7910/DVN/DZZY7G,10.1086/703067,540 U.S. 736,UNITED STATES POSTAL SERVICE v. FLAMINGO INDUSTRIES (USA) LTD. et al.,2003,2004-02-25,2003-036-01,124 S. Ct. 1321,2004 U.S. LEXIS 1625,8,no,no,yes,0,74,15,1,3,4,89,78,19,0.168539326,0.051282051,0.789473684,post-decision through 2016,"Aggregate Shepard's lower-court response categories attached to one formally argued U.S. Supreme Court precedent, covering the 12 regular federal circuits, their district courts, and state courts through 2016; Federal Circuit excluded","Automated reduction of the authors' public precedent-level replication file. The source aggregates Shepard's categories and does not expose individual lower-court opinions, non-citing or ignored exposed cases, treatment dates, remedy fidelity, or practical implementation. Use as bounded doctrinal-uptake context only, not as a practical-compliance rate or denominator-matched lowerCourtCompliance validation target."
masood-kassow-songer-2019-precedent-treatment,540 U.S. 749,https://doi.org/10.7910/DVN/DZZY7G,10.7910/DVN/DZZY7G,10.1086/703067,540 U.S. 749,"SHAKUR MUHAMMAD, AKA JOHN E. MEASE v. MARK CLOSE",2003,2004-02-25,2003-037-01,124 S. Ct. 1303,2004 U.S. LEXIS 1627,2,no,no,yes,0,1641,263,0,44,44,1904,1685,307,0.138130252,0.026112760,0.856677524,post-decision through 2016,"Aggregate Shepard's lower-court response categories attached to one formally argued U.S. Supreme Court precedent, covering the 12 regular federal circuits, their district courts, and state courts through 2016; Federal Circuit excluded","Automated reduction of the authors' public precedent-level replication file. The source aggregates Shepard's categories and does not expose individual lower-court opinions, non-citing or ignored exposed cases, treatment dates, remedy fidelity, or practical implementation. Use as bounded doctrinal-uptake context only, not as a practical-compliance rate or denominator-matched lowerCourtCompliance validation target."
masood-kassow-songer-2019-precedent-treatment,541 U.S. 1,https://doi.org/10.7910/DVN/DZZY7G,10.7910/DVN/DZZY7G,10.1086/703067,541 U.S. 1,"RAYMOND B. YATES, M.D., P.C. PROFIT SHARING PLAN, AND RAYMOND B. YATES, TRUSTEE ",2003,2004-03-02,2003-038-01,124 S. Ct. 1330,2004 U.S. LEXIS 1836,8,no,no,yes,0,89,33,0,6,6,122,95,39,0.270491803,0.063157895,0.846153846,post-decision through 2016,"Aggregate Shepard's lower-court response categories attached to one formally argued U.S. Supreme Court precedent, covering the 12 regular federal circuits, their district courts, and state courts through 2016; Federal Circuit excluded","Automated reduction of the authors' public precedent-level replication file. The source aggregates Shepard's categories and does not expose individual lower-court opinions, non-citing or ignored exposed cases, treatment dates, remedy fidelity, or practical implementation. Use as bounded doctrinal-uptake context only, not as a practical-compliance rate or denominator-matched lowerCourtCompliance validation target."
masood-kassow-songer-2019-precedent-treatment,541 U.S. 27,https://doi.org/10.7910/DVN/DZZY7G,10.7910/DVN/DZZY7G,10.1086/703067,541 U.S. 27,GEORGE H. BALDWIN v. MICHAEL REESE,2003,2004-03-02,2003-039-01,124 S. Ct. 1347,2004 U.S. LEXIS 1835,9,no,no,yes,0,5183,719,0,23,23,5902,5206,742,0.121823111,0.004417979,0.969002695,post-decision through 2016,"Aggregate Shepard's lower-court response categories attached to one formally argued U.S. Supreme Court precedent, covering the 12 regular federal circuits, their district courts, and state courts through 2016; Federal Circuit excluded","Automated reduction of the authors' public precedent-level replication file. The source aggregates Shepard's categories and does not expose individual lower-court opinions, non-citing or ignored exposed cases, treatment dates, remedy fidelity, or practical implementation. Use as bounded doctrinal-uptake context only, not as a practical-compliance rate or denominator-matched lowerCourtCompliance validation target."
masood-kassow-songer-2019-precedent-treatment,541 U.S. 36,https://doi.org/10.7910/DVN/DZZY7G,10.7910/DVN/DZZY7G,10.1086/703067,541 U.S. 36,MICHAEL D. CRAWFORD v. WASHINGTON,2003,2004-03-08,2003-040-01,124 S. Ct. 1354,2004 U.S. LEXIS 1838,1,yes,yes,yes,4,12132,3162,9,1706,1715,15294,13847,4877,0.206747744,0.123853542,0.648349395,post-decision through 2016,"Aggregate Shepard's lower-court response categories attached to one formally argued U.S. Supreme Court precedent, covering the 12 regular federal circuits, their district courts, and state courts through 2016; Federal Circuit excluded","Automated reduction of the authors' public precedent-level replication file. The source aggregates Shepard's categories and does not expose individual lower-court opinions, non-citing or ignored exposed cases, treatment dates, remedy fidelity, or practical implementation. Use as bounded doctrinal-uptake context only, not as a practical-compliance rate or denominator-matched lowerCourtCompliance validation target."
masood-kassow-songer-2019-precedent-treatment,541 U.S. 77,https://doi.org/10.7910/DVN/DZZY7G,10.7910/DVN/DZZY7G,10.1086/703067,541 U.S. 77,IOWA v. FELIPE EDGARDO TOVAR,2003,2004-03-08,2003-041-01,124 S. Ct. 1379,2004 U.S. LEXIS 1837,1,yes,yes,yes,0,549,152,0,14,14,701,563,166,0.216833096,0.024866785,0.915662651,post-decision through 2016,"Aggregate Shepard's lower-court response categories attached to one formally argued U.S. Supreme Court precedent, covering the 12 regular federal circuits, their district courts, and state courts through 2016; Federal Circuit excluded","Automated reduction of the authors' public precedent-level replication file. The source aggregates Shepard's categories and does not expose individual lower-court opinions, non-citing or ignored exposed cases, treatment dates, remedy fidelity, or practical implementation. Use as bounded doctrinal-uptake context only, not as a practical-compliance rate or denominator-matched lowerCourtCompliance validation target."
masood-kassow-songer-2019-precedent-treatment,541 U.S. 114,https://doi.org/10.7910/DVN/DZZY7G,10.7910/DVN/DZZY7G,10.1086/703067,541 U.S. 114,UNITED STATES v. ABEL COSMO GALLETTI et al.,2003,2004-03-23,2003-043-01,124 S. Ct. 1548,2004 U.S. LEXIS 2375,12,no,no,yes,0,36,11,0,6,6,47,42,17,0.234042553,0.142857143,0.647058824,post-decision through 2016,"Aggregate Shepard's lower-court response categories attached to one formally argued U.S. Supreme Court precedent, covering the 12 regular federal circuits, their district courts, and state courts through 2016; Federal Circuit excluded","Automated reduction of the authors' public precedent-level replication file. The source aggregates Shepard's categories and does not expose individual lower-court opinions, non-citing or ignored exposed cases, treatment dates, remedy fidelity, or practical implementation. Use as bounded doctrinal-uptake context only, not as a practical-compliance rate or denominator-matched lowerCourtCompliance validation target."
masood-kassow-songer-2019-precedent-treatment,541 U.S. 95,https://doi.org/10.7910/DVN/DZZY7G,10.7910/DVN/DZZY7G,10.1086/703067,541 U.S. 95,SOUTH FLORIDA WATER MANAGEMENT DISTRICT v. MICCOSUKEE TRIBE OF INDIANS et al.,2003,2004-03-23,2003-042-01,124 S. Ct. 1537,2004 U.S. LEXIS 2376,8,no,no,yes,0,65,7,0,5,5,72,70,12,0.097222222,0.071428571,0.583333333,post-decision through 2016,"Aggregate Shepard's lower-court response categories attached to one formally argued U.S. Supreme Court precedent, covering the 12 regular federal circuits, their district courts, and state courts through 2016; Federal Circuit excluded","Automated reduction of the authors' public precedent-level replication file. The source aggregates Shepard's categories and does not expose individual lower-court opinions, non-citing or ignored exposed cases, treatment dates, remedy fidelity, or practical implementation. Use as bounded doctrinal-uptake context only, not as a practical-compliance rate or denominator-matched lowerCourtCompliance validation target."
masood-kassow-songer-2019-precedent-treatment,541 U.S. 125,https://doi.org/10.7910/DVN/DZZY7G,10.7910/DVN/DZZY7G,10.1086/703067,541 U.S. 125,"JEREMIAH W. (JAY) NIXON, ATTORNEY GENERAL OF MISSOURI v. MISSOURI MUNICIPAL LEAG",2003,2004-03-24,2003-044-03,124 S. Ct. 1555,2004 U.S. LEXIS 2377,10,no,no,yes,0,0,0,0,0,0,0,0,0,,,,post-decision through 2016,"Aggregate Shepard's lower-court response categories attached to one formally argued U.S. Supreme Court precedent, covering the 12 regular federal circuits, their district courts, and state courts through 2016; Federal Circuit excluded","Automated reduction of the authors' public precedent-level replication file. The source aggregates Shepard's categories and does not expose individual lower-court opinions, non-citing or ignored exposed cases, treatment dates, remedy fidelity, or practical implementation. Use as bounded doctrinal-uptake context only, not as a practical-compliance rate or denominator-matched lowerCourtCompliance validation target."
masood-kassow-songer-2019-precedent-treatment,541 U.S. 149,https://doi.org/10.7910/DVN/DZZY7G,10.7910/DVN/DZZY7G,10.1086/703067,541 U.S. 149,UNITED STATES v. MANUEL FLORES-MONTANO,2003,2004-03-30,2003-045-01,124 S. Ct. 1582,2004 U.S. LEXIS 2548,1,yes,yes,yes,0,127,33,0,9,9,160,136,42,0.206250000,0.066176471,0.785714286,post-decision through 2016,"Aggregate Shepard's lower-court response categories attached to one formally argued U.S. Supreme Court precedent, covering the 12 regular federal circuits, their district courts, and state courts through 2016; Federal Circuit excluded","Automated reduction of the authors' public precedent-level replication file. The source aggregates Shepard's categories and does not expose individual lower-court opinions, non-citing or ignored exposed cases, treatment dates, remedy fidelity, or practical implementation. Use as bounded doctrinal-uptake context only, not as a practical-compliance rate or denominator-matched lowerCourtCompliance validation target."
masood-kassow-songer-2019-precedent-treatment,541 U.S. 157,https://doi.org/10.7910/DVN/DZZY7G,10.7910/DVN/DZZY7G,10.1086/703067,541 U.S. 157,NATIONAL ARCHIVES AND RECORDS ADMINISTRATION v. ALLAN J. FAVISH et al.,2003,2004-03-30,2003-046-01,124 S. Ct. 1570,2004 U.S. LEXIS 2546,5,no,no,yes,3,377,160,0,24,24,537,401,184,0.297951583,0.059850374,0.869565217,post-decision through 2016,"Aggregate Shepard's lower-court response categories attached to one formally argued U.S. Supreme Court precedent, covering the 12 regular federal circuits, their district courts, and state courts through 2016; Federal Circuit excluded","Automated reduction of the authors' public precedent-level replication file. The source aggregates Shepard's categories and does not expose individual lower-court opinions, non-citing or ignored exposed cases, treatment dates, remedy fidelity, or practical implementation. Use as bounded doctrinal-uptake context only, not as a practical-compliance rate or denominator-matched lowerCourtCompliance validation target."
masood-kassow-songer-2019-precedent-treatment,541 U.S. 176,https://doi.org/10.7910/DVN/DZZY7G,10.7910/DVN/DZZY7G,10.1086/703067,541 U.S. 176,"BEDROC LIMITED, LLC, AND WESTERN ELITE, INC. v. UNITED STATES et al.",2003,2004-03-31,2003-047-01,124 S. Ct. 1587,2004 U.S. LEXIS 2549,8,no,no,yes,0,233,24,0,2,2,257,235,26,0.093385214,0.008510638,0.923076923,post-decision through 2016,"Aggregate Shepard's lower-court response categories attached to one formally argued U.S. Supreme Court precedent, covering the 12 regular federal circuits, their district courts, and state courts through 2016; Federal Circuit excluded","Automated reduction of the authors' public precedent-level replication file. The source aggregates Shepard's categories and does not expose individual lower-court opinions, non-citing or ignored exposed cases, treatment dates, remedy fidelity, or practical implementation. Use as bounded doctrinal-uptake context only, not as a practical-compliance rate or denominator-matched lowerCourtCompliance validation target."
masood-kassow-songer-2019-precedent-treatment,541 U.S. 193,https://doi.org/10.7910/DVN/DZZY7G,10.7910/DVN/DZZY7G,10.1086/703067,541 U.S. 193,UNITED STATES v. BILLY JO LARA,2003,2004-04-19,2003-048-01,124 S. Ct. 1628,2004 U.S. LEXIS 2738,2,yes,no,yes,0,117,15,1,4,5,132,122,20,0.113636364,0.040983607,0.750000000,post-decision through 2016,"Aggregate Shepard's lower-court response categories attached to one formally argued U.S. Supreme Court precedent, covering the 12 regular federal circuits, their district courts, and state courts through 2016; Federal Circuit excluded","Automated reduction of the authors' public precedent-level replication file. The source aggregates Shepard's categories and does not expose individual lower-court opinions, non-citing or ignored exposed cases, treatment dates, remedy fidelity, or practical implementation. Use as bounded doctrinal-uptake context only, not as a practical-compliance rate or denominator-matched lowerCourtCompliance validation target."
masood-kassow-songer-2019-precedent-treatment,541 U.S. 232,https://doi.org/10.7910/DVN/DZZY7G,10.7910/DVN/DZZY7G,10.1086/703067,541 U.S. 232,"HOUSEHOLD CREDIT SERVICES, INC. AND MBNA AMERICA BANK, N. A. v. SHARON R. PFENNI",2003,2004-04-21,2003-049-01,124 S. Ct. 1741,2004 U.S. LEXIS 3051,8,no,no,yes,0,104,11,0,1,1,115,105,12,0.095652174,0.009523810,0.916666667,post-decision through 2016,"Aggregate Shepard's lower-court response categories attached to one formally argued U.S. Supreme Court precedent, covering the 12 regular federal circuits, their district courts, and state courts through 2016; Federal Circuit excluded","Automated reduction of the authors' public precedent-level replication file. The source aggregates Shepard's categories and does not expose individual lower-court opinions, non-citing or ignored exposed cases, treatment dates, remedy fidelity, or practical implementation. Use as bounded doctrinal-uptake context only, not as a practical-compliance rate or denominator-matched lowerCourtCompliance validation target."
masood-kassow-songer-2019-precedent-treatment,541 U.S. 246,https://doi.org/10.7910/DVN/DZZY7G,10.7910/DVN/DZZY7G,10.1086/703067,541 U.S. 246,ENGINE MANUFACTURERS ASSOCIATION AND WESTERN STATES PETROLEUM ASSOCIATION v. SOU,2003,2004-04-28,2003-050-01,124 S. Ct. 1756,2004 U.S. LEXIS 3232,10,no,no,yes,0,102,14,0,6,6,116,108,20,0.120689655,0.055555556,0.700000000,post-decision through 2016,"Aggregate Shepard's lower-court response categories attached to one formally argued U.S. Supreme Court precedent, covering the 12 regular federal circuits, their district courts, and state courts through 2016; Federal Circuit excluded","Automated reduction of the authors' public precedent-level replication file. The source aggregates Shepard's categories and does not expose individual lower-court opinions, non-citing or ignored exposed cases, treatment dates, remedy fidelity, or practical implementation. Use as bounded doctrinal-uptake context only, not as a practical-compliance rate or denominator-matched lowerCourtCompliance validation target."
masood-kassow-songer-2019-precedent-treatment,541 U.S. 267,https://doi.org/10.7910/DVN/DZZY7G,10.7910/DVN/DZZY7G,10.1086/703067,541 U.S. 267,"RICHARD VIETH, NORMA JEAN VIETH, AND SUSAN FUREY v. ROBERT C. JUBELIRER, PRESIDE",2003,2004-04-28,2003-051-01,124 S. Ct. 1769,2004 U.S. LEXIS 3233,2,no,no,yes,5,148,43,1,3,4,191,152,47,0.225130890,0.026315789,0.914893617,post-decision through 2016,"Aggregate Shepard's lower-court response categories attached to one formally argued U.S. Supreme Court precedent, covering the 12 regular federal circuits, their district courts, and state courts through 2016; Federal Circuit excluded","Automated reduction of the authors' public precedent-level replication file. The source aggregates Shepard's categories and does not expose individual lower-court opinions, non-citing or ignored exposed cases, treatment dates, remedy fidelity, or practical implementation. Use as bounded doctrinal-uptake context only, not as a practical-compliance rate or denominator-matched lowerCourtCompliance validation target."
masood-kassow-songer-2019-precedent-treatment,541 U.S. 369,https://doi.org/10.7910/DVN/DZZY7G,10.7910/DVN/DZZY7G,10.1086/703067,541 U.S. 369,"EDITH JONES et al., ON BEHALF OF HERSELF AND A CLASS OF OTHERS SIMILARLY SITUATE",2003,2004-05-03,2003-052-01,124 S. Ct. 1836,2004 U.S. LEXIS 3236,2,no,no,yes,1,1138,159,0,51,51,1297,1189,210,0.122590594,0.042893188,0.757142857,post-decision through 2016,"Aggregate Shepard's lower-court response categories attached to one formally argued U.S. Supreme Court precedent, covering the 12 regular federal circuits, their district courts, and state courts through 2016; Federal Circuit excluded","Automated reduction of the authors' public precedent-level replication file. The source aggregates Shepard's categories and does not expose individual lower-court opinions, non-citing or ignored exposed cases, treatment dates, remedy fidelity, or practical implementation. Use as bounded doctrinal-uptake context only, not as a practical-compliance rate or denominator-matched lowerCourtCompliance validation target."
masood-kassow-songer-2019-precedent-treatment,541 U.S. 386,https://doi.org/10.7910/DVN/DZZY7G,10.7910/DVN/DZZY7G,10.1086/703067,541 U.S. 386,"DOUG DRETKE, DIRECTOR, TEXAS DEPARTMENT OF CRIMINAL JUSTICE, CORRECTIONAL INSTIT",2003,2004-05-03,2003-053-01,124 S. Ct. 1847,2004 U.S. LEXIS 3235,1,no,yes,yes,0,1106,241,0,20,20,1347,1126,261,0.178916110,0.017761989,0.923371648,post-decision through 2016,"Aggregate Shepard's lower-court response categories attached to one formally argued U.S. Supreme Court precedent, covering the 12 regular federal circuits, their district courts, and state courts through 2016; Federal Circuit excluded","Automated reduction of the authors' public precedent-level replication file. The source aggregates Shepard's categories and does not expose individual lower-court opinions, non-citing or ignored exposed cases, treatment dates, remedy fidelity, or practical implementation. Use as bounded doctrinal-uptake context only, not as a practical-compliance rate or denominator-matched lowerCourtCompliance validation target."
masood-kassow-songer-2019-precedent-treatment,541 U.S. 401,https://doi.org/10.7910/DVN/DZZY7G,10.7910/DVN/DZZY7G,10.1086/703067,541 U.S. 401,"RANDALL C. SCARBOROUGH v. ANTHONY J. PRINCIPI, SECRETARY OF VETERANS AFFAIRS",2003,2004-05-03,2003-054-01,124 S. Ct. 1856,2004 U.S. LEXIS 3234,6,no,no,no,0,507,99,0,7,7,606,514,106,0.163366337,0.013618677,0.933962264,post-decision through 2016,"Aggregate Shepard's lower-court response categories attached to one formally argued U.S. Supreme Court precedent, covering the 12 regular federal circuits, their district courts, and state courts through 2016; Federal Circuit excluded","Automated reduction of the authors' public precedent-level replication file. The source aggregates Shepard's categories and does not expose individual lower-court opinions, non-citing or ignored exposed cases, treatment dates, remedy fidelity, or practical implementation. Use as bounded doctrinal-uptake context only, not as a practical-compliance rate or denominator-matched lowerCourtCompliance validation target."
masood-kassow-songer-2019-precedent-treatment,541 U.S. 428,https://doi.org/10.7910/DVN/DZZY7G,10.7910/DVN/DZZY7G,10.1086/703067,541 U.S. 428,JAY SHAWN JOHNSON v. CALIFORNIA,2003,2004-05-03,2003-055-01,124 S. Ct. 1833,2004 U.S. LEXIS 3380,9,no,no,yes,0,10,0,0,0,0,10,10,0,0.000000000,0.000000000,,post-decision through 2016,"Aggregate Shepard's lower-court response categories attached to one formally argued U.S. Supreme Court precedent, covering the 12 regular federal circuits, their district courts, and state courts through 2016; Federal Circuit excluded","Automated reduction of the authors' public precedent-level replication file. The source aggregates Shepard's categories and does not expose individual lower-court opinions, non-citing or ignored exposed cases, treatment dates, remedy fidelity, or practical implementation. Use as bounded doctrinal-uptake context only, not as a practical-compliance rate or denominator-matched lowerCourtCompliance validation target."
masood-kassow-songer-2019-precedent-treatment,541 U.S. 433,https://doi.org/10.7910/DVN/DZZY7G,10.7910/DVN/DZZY7G,10.1086/703067,541 U.S. 433,"RAYMOND L. MIDDLETON, WARDEN v. SALLY MARIE MCNEIL",2003,2004-05-03,2003-056-01,124 S. Ct. 1830,2004 U.S. LEXIS 3381,1,no,yes,yes,0,1327,157,0,6,6,1484,1333,163,0.105795148,0.004501125,0.963190184,post-decision through 2016,"Aggregate Shepard's lower-court response categories attached to one formally argued U.S. Supreme Court precedent, covering the 12 regular federal circuits, their district courts, and state courts through 2016; Federal Circuit excluded","Automated reduction of the authors' public precedent-level replication file. The source aggregates Shepard's categories and does not expose individual lower-court opinions, non-citing or ignored exposed cases, treatment dates, remedy fidelity, or practical implementation. Use as bounded doctrinal-uptake context only, not as a practical-compliance rate or denominator-matched lowerCourtCompliance validation target."
masood-kassow-songer-2019-precedent-treatment,541 U.S. 440,https://doi.org/10.7910/DVN/DZZY7G,10.7910/DVN/DZZY7G,10.1086/703067,541 U.S. 440,TENNESSEE STUDENT ASSISTANCE CORPORATION v. PAMELA L. HOOD,2003,2004-05-17,2003-057-01,124 S. Ct. 1905,2004 U.S. LEXIS 3387,10,yes,no,yes,0,257,33,0,8,8,290,265,41,0.113793103,0.030188679,0.804878049,post-decision through 2016,"Aggregate Shepard's lower-court response categories attached to one formally argued U.S. Supreme Court precedent, covering the 12 regular federal circuits, their district courts, and state courts through 2016; Federal Circuit excluded","Automated reduction of the authors' public precedent-level replication file. The source aggregates Shepard's categories and does not expose individual lower-court opinions, non-citing or ignored exposed cases, treatment dates, remedy fidelity, or practical implementation. Use as bounded doctrinal-uptake context only, not as a practical-compliance rate or denominator-matched lowerCourtCompliance validation target."
masood-kassow-songer-2019-precedent-treatment,541 U.S. 465,https://doi.org/10.7910/DVN/DZZY7G,10.7910/DVN/DZZY7G,10.1086/703067,541 U.S. 465,"LEE M. TILL, ET UX. v. SCS CREDIT CORPORATION",2003,2004-05-17,2003-058-01,124 S. Ct. 1951,2004 U.S. LEXIS 3385,8,no,no,yes,0,292,219,5,27,32,511,324,251,0.428571429,0.098765432,0.872509960,post-decision through 2016,"Aggregate Shepard's lower-court response categories attached to one formally argued U.S. Supreme Court precedent, covering the 12 regular federal circuits, their district courts, and state courts through 2016; Federal Circuit excluded","Automated reduction of the authors' public precedent-level replication file. The source aggregates Shepard's categories and does not expose individual lower-court opinions, non-citing or ignored exposed cases, treatment dates, remedy fidelity, or practical implementation. Use as bounded doctrinal-uptake context only, not as a practical-compliance rate or denominator-matched lowerCourtCompliance validation target."
masood-kassow-songer-2019-precedent-treatment,541 U.S. 509,https://doi.org/10.7910/DVN/DZZY7G,10.7910/DVN/DZZY7G,10.1086/703067,541 U.S. 509,TENNESSEE v. GEORGE LANE et al.,2003,2004-05-17,2003-059-01,124 S. Ct. 1978,2004 U.S. LEXIS 3386,10,no,no,yes,7,717,145,0,51,51,862,768,196,0.168213457,0.066406250,0.739795918,post-decision through 2016,"Aggregate Shepard's lower-court response categories attached to one formally argued U.S. Supreme Court precedent, covering the 12 regular federal circuits, their district courts, and state courts through 2016; Federal Circuit excluded","Automated reduction of the authors' public precedent-level replication file. The source aggregates Shepard's categories and does not expose individual lower-court opinions, non-citing or ignored exposed cases, treatment dates, remedy fidelity, or practical implementation. Use as bounded doctrinal-uptake context only, not as a practical-compliance rate or denominator-matched lowerCourtCompliance validation target."
masood-kassow-songer-2019-precedent-treatment,541 U.S. 567,https://doi.org/10.7910/DVN/DZZY7G,10.7910/DVN/DZZY7G,10.1086/703067,541 U.S. 567,"GRUPO DATAFLUX v. ATLAS GLOBAL GROUP, L. P., et al.",2003,2004-05-17,2003-060-01,124 S. Ct. 1920,2004 U.S. LEXIS 3676,9,no,no,yes,0,1225,94,2,20,22,1319,1247,116,0.071266111,0.017642342,0.810344828,post-decision through 2016,"Aggregate Shepard's lower-court response categories attached to one formally argued U.S. Supreme Court precedent, covering the 12 regular federal circuits, their district courts, and state courts through 2016; Federal Circuit excluded","Automated reduction of the authors' public precedent-level replication file. The source aggregates Shepard's categories and does not expose individual lower-court opinions, non-citing or ignored exposed cases, treatment dates, remedy fidelity, or practical implementation. Use as bounded doctrinal-uptake context only, not as a practical-compliance rate or denominator-matched lowerCourtCompliance validation target."
masood-kassow-songer-2019-precedent-treatment,541 U.S. 600,https://doi.org/10.7910/DVN/DZZY7G,10.7910/DVN/DZZY7G,10.1086/703067,541 U.S. 600,BASIM OMAR SABRI v. UNITED STATES,2003,2004-05-17,2003-061-01,124 S. Ct. 1941,2004 U.S. LEXIS 3384,10,no,no,yes,0,205,45,0,8,8,250,213,53,0.180000000,0.037558685,0.849056604,post-decision through 2016,"Aggregate Shepard's lower-court response categories attached to one formally argued U.S. Supreme Court precedent, covering the 12 regular federal circuits, their district courts, and state courts through 2016; Federal Circuit excluded","Automated reduction of the authors' public precedent-level replication file. The source aggregates Shepard's categories and does not expose individual lower-court opinions, non-citing or ignored exposed cases, treatment dates, remedy fidelity, or practical implementation. Use as bounded doctrinal-uptake context only, not as a practical-compliance rate or denominator-matched lowerCourtCompliance validation target."
masood-kassow-songer-2019-precedent-treatment,541 U.S. 615,https://doi.org/10.7910/DVN/DZZY7G,10.7910/DVN/DZZY7G,10.1086/703067,541 U.S. 615,MARCUS THORNTON v. UNITED STATES,2003,2004-05-24,2003-062-01,124 S. Ct. 2127,2004 U.S. LEXIS 3681,1,yes,yes,yes,0,579,163,10,21,31,742,610,194,0.219676550,0.050819672,0.840206186,post-decision through 2016,"Aggregate Shepard's lower-court response categories attached to one formally argued U.S. Supreme Court precedent, covering the 12 regular federal circuits, their district courts, and state courts through 2016; Federal Circuit excluded","Automated reduction of the authors' public precedent-level replication file. The source aggregates Shepard's categories and does not expose individual lower-court opinions, non-citing or ignored exposed cases, treatment dates, remedy fidelity, or practical implementation. Use as bounded doctrinal-uptake context only, not as a practical-compliance rate or denominator-matched lowerCourtCompliance validation target."
masood-kassow-songer-2019-precedent-treatment,541 U.S. 637,https://doi.org/10.7910/DVN/DZZY7G,10.7910/DVN/DZZY7G,10.1086/703067,541 U.S. 637,"DAVID L. NELSON v. DONAL CAMPBELL, COMMISSIONER, ALABAMA DEPARTMENT OF CORRECTIO",2003,2004-05-24,2003-063-01,124 S. Ct. 2117,2004 U.S. LEXIS 3680,2,no,no,yes,1,921,188,0,24,24,1109,945,212,0.169522092,0.025396825,0.886792453,post-decision through 2016,"Aggregate Shepard's lower-court response categories attached to one formally argued U.S. Supreme Court precedent, covering the 12 regular federal circuits, their district courts, and state courts through 2016; Federal Circuit excluded","Automated reduction of the authors' public precedent-level replication file. The source aggregates Shepard's categories and does not expose individual lower-court opinions, non-citing or ignored exposed cases, treatment dates, remedy fidelity, or practical implementation. Use as bounded doctrinal-uptake context only, not as a practical-compliance rate or denominator-matched lowerCourtCompliance validation target."
masood-kassow-songer-2019-precedent-treatment,541 U.S. 652,https://doi.org/10.7910/DVN/DZZY7G,10.7910/DVN/DZZY7G,10.1086/703067,541 U.S. 652,"MICHAEL YARBOROUGH, WARDEN v. MICHAEL ALVARADO",2003,2004-06-01,2003-064-01,124 S. Ct. 2140,2004 U.S. LEXIS 3843,1,no,yes,yes,0,6032,544,0,19,19,6576,6051,563,0.082725061,0.003139977,0.966252220,post-decision through 2016,"Aggregate Shepard's lower-court response categories attached to one formally argued U.S. Supreme Court precedent, covering the 12 regular federal circuits, their district courts, and state courts through 2016; Federal Circuit excluded","Automated reduction of the authors' public precedent-level replication file. The source aggregates Shepard's categories and does not expose individual lower-court opinions, non-citing or ignored exposed cases, treatment dates, remedy fidelity, or practical implementation. Use as bounded doctrinal-uptake context only, not as a practical-compliance rate or denominator-matched lowerCourtCompliance validation target."
masood-kassow-songer-2019-precedent-treatment,541 U.S. 677,https://doi.org/10.7910/DVN/DZZY7G,10.7910/DVN/DZZY7G,10.1086/703067,541 U.S. 677,REPUBLIC OF AUSTRIA et al. v. MARIA v. ALTMANN,2003,2004-06-07,2003-065-01,124 S. Ct. 2240,2004 U.S. LEXIS 4030,1,no,yes,yes,4,197,29,0,7,7,226,204,36,0.128318584,0.034313725,0.805555556,post-decision through 2016,"Aggregate Shepard's lower-court response categories attached to one formally argued U.S. Supreme Court precedent, covering the 12 regular federal circuits, their district courts, and state courts through 2016; Federal Circuit excluded","Automated reduction of the authors' public precedent-level replication file. The source aggregates Shepard's categories and does not expose individual lower-court opinions, non-citing or ignored exposed cases, treatment dates, remedy fidelity, or practical implementation. Use as bounded doctrinal-uptake context only, not as a practical-compliance rate or denominator-matched lowerCourtCompliance validation target."
masood-kassow-songer-2019-precedent-treatment,541 U.S. 739,https://doi.org/10.7910/DVN/DZZY7G,10.7910/DVN/DZZY7G,10.1086/703067,541 U.S. 739,CENTRAL LABORERS' PENSION FUND v. THOMAS E. HEINZ et al.,2003,2004-06-07,2003-066-01,124 S. Ct. 2230,2004 U.S. LEXIS 4028,8,no,no,yes,0,128,12,0,9,9,140,137,21,0.085714286,0.065693431,0.571428571,post-decision through 2016,"Aggregate Shepard's lower-court response categories attached to one formally argued U.S. Supreme Court precedent, covering the 12 regular federal circuits, their district courts, and state courts through 2016; Federal Circuit excluded","Automated reduction of the authors' public precedent-level replication file. The source aggregates Shepard's categories and does not expose individual lower-court opinions, non-citing or ignored exposed cases, treatment dates, remedy fidelity, or practical implementation. Use as bounded doctrinal-uptake context only, not as a practical-compliance rate or denominator-matched lowerCourtCompliance validation target."
masood-kassow-songer-2019-precedent-treatment,541 U.S. 752,https://doi.org/10.7910/DVN/DZZY7G,10.7910/DVN/DZZY7G,10.1086/703067,541 U.S. 752,"DEPARTMENT OF TRANSPORTATION, et al. v. PUBLIC CITIZEN et al.",2003,2004-06-07,2003-067-01,124 S. Ct. 2204,2004 U.S. LEXIS 4027,8,no,no,yes,0,353,59,0,23,23,412,376,82,0.143203883,0.061170213,0.719512195,post-decision through 2016,"Aggregate Shepard's lower-court response categories attached to one formally argued U.S. Supreme Court precedent, covering the 12 regular federal circuits, their district courts, and state courts through 2016; Federal Circuit excluded","Automated reduction of the authors' public precedent-level replication file. The source aggregates Shepard's categories and does not expose individual lower-court opinions, non-citing or ignored exposed cases, treatment dates, remedy fidelity, or practical implementation. Use as bounded doctrinal-uptake context only, not as a practical-compliance rate or denominator-matched lowerCourtCompliance validation target."
masood-kassow-songer-2019-precedent-treatment,541 U.S. 774,https://doi.org/10.7910/DVN/DZZY7G,10.7910/DVN/DZZY7G,10.1086/703067,541 U.S. 774,"CITY OF LITTLETON, COLORADO v. Z. J. GIFTS D-4, L. L. C., A LIMITED LIABILITY CO",2003,2004-06-07,2003-068-01,124 S. Ct. 2219,2004 U.S. LEXIS 4026,3,yes,no,yes,0,138,36,0,6,6,174,144,42,0.206896552,0.041666667,0.857142857,post-decision through 2016,"Aggregate Shepard's lower-court response categories attached to one formally argued U.S. Supreme Court precedent, covering the 12 regular federal circuits, their district courts, and state courts through 2016; Federal Circuit excluded","Automated reduction of the authors' public precedent-level replication file. The source aggregates Shepard's categories and does not expose individual lower-court opinions, non-citing or ignored exposed cases, treatment dates, remedy fidelity, or practical implementation. Use as bounded doctrinal-uptake context only, not as a practical-compliance rate or denominator-matched lowerCourtCompliance validation target."
masood-kassow-songer-2019-precedent-treatment,542 U.S. 1,https://doi.org/10.7910/DVN/DZZY7G,10.7910/DVN/DZZY7G,10.1086/703067,542 U.S. 1,"ELK GROVE UNIFIED SCHOOL DISTRICT AND DAVID W. GORDON, SUPERINTENDENT v. MICHAEL",2003,2004-06-14,2003-069-01,124 S. Ct. 2301,2004 U.S. LEXIS 4178,9,no,no,yes,0,874,151,3,10,13,1025,887,164,0.147317073,0.014656144,0.920731707,post-decision through 2016,"Aggregate Shepard's lower-court response categories attached to one formally argued U.S. Supreme Court precedent, covering the 12 regular federal circuits, their district courts, and state courts through 2016; Federal Circuit excluded","Automated reduction of the authors' public precedent-level replication file. The source aggregates Shepard's categories and does not expose individual lower-court opinions, non-citing or ignored exposed cases, treatment dates, remedy fidelity, or practical implementation. Use as bounded doctrinal-uptake context only, not as a practical-compliance rate or denominator-matched lowerCourtCompliance validation target."
masood-kassow-songer-2019-precedent-treatment,542 U.S. 129,https://doi.org/10.7910/DVN/DZZY7G,10.7910/DVN/DZZY7G,10.1086/703067,542 U.S. 129,PENNSYLVANIA STATE POLICE v. NANCY DREW SUDERS,2003,2004-06-14,2003-073-01,124 S. Ct. 2342,2004 U.S. LEXIS 4176,2,no,no,yes,0,979,388,1,13,14,1367,993,402,0.283833211,0.014098691,0.965174129,post-decision through 2016,"Aggregate Shepard's lower-court response categories attached to one formally argued U.S. Supreme Court precedent, covering the 12 regular federal circuits, their district courts, and state courts through 2016; Federal Circuit excluded","Automated reduction of the authors' public precedent-level replication file. The source aggregates Shepard's categories and does not expose individual lower-court opinions, non-citing or ignored exposed cases, treatment dates, remedy fidelity, or practical implementation. Use as bounded doctrinal-uptake context only, not as a practical-compliance rate or denominator-matched lowerCourtCompliance validation target."
masood-kassow-songer-2019-precedent-treatment,542 U.S. 155,https://doi.org/10.7910/DVN/DZZY7G,10.7910/DVN/DZZY7G,10.1086/703067,542 U.S. 155,"F. HOFFMANN-LA ROCHE LTD, et al. v. EMPAGRAN S.A. et al.",2003,2004-06-14,2003-074-01,124 S. Ct. 2359,2004 U.S. LEXIS 4174,8,no,no,yes,1,91,44,0,13,13,135,104,57,0.325925926,0.125000000,0.771929825,post-decision through 2016,"Aggregate Shepard's lower-court response categories attached to one formally argued U.S. Supreme Court precedent, covering the 12 regular federal circuits, their district courts, and state courts through 2016; Federal Circuit excluded","Automated reduction of the authors' public precedent-level replication file. The source aggregates Shepard's categories and does not expose individual lower-court opinions, non-citing or ignored exposed cases, treatment dates, remedy fidelity, or practical implementation. Use as bounded doctrinal-uptake context only, not as a practical-compliance rate or denominator-matched lowerCourtCompliance validation target."
masood-kassow-songer-2019-precedent-treatment,542 U.S. 55,https://doi.org/10.7910/DVN/DZZY7G,10.7910/DVN/DZZY7G,10.1086/703067,542 U.S. 55,"GALE NORTON, SECRETARY OF THE INTERIOR, et al. v. SOUTHERN UTAH WILDERNESS ALLIA",2003,2004-06-14,2003-070-01,124 S. Ct. 2373,2004 U.S. LEXIS 4379,8,no,no,yes,3,686,212,0,53,53,898,739,265,0.236080178,0.071718539,0.800000000,post-decision through 2016,"Aggregate Shepard's lower-court response categories attached to one formally argued U.S. Supreme Court precedent, covering the 12 regular federal circuits, their district courts, and state courts through 2016; Federal Circuit excluded","Automated reduction of the authors' public precedent-level replication file. The source aggregates Shepard's categories and does not expose individual lower-court opinions, non-citing or ignored exposed cases, treatment dates, remedy fidelity, or practical implementation. Use as bounded doctrinal-uptake context only, not as a practical-compliance rate or denominator-matched lowerCourtCompliance validation target."
masood-kassow-songer-2019-precedent-treatment,542 U.S. 74,https://doi.org/10.7910/DVN/DZZY7G,10.7910/DVN/DZZY7G,10.1086/703067,542 U.S. 74,UNITED STATES v. CARLOS DOMINGUEZ BENITEZ,2003,2004-06-14,2003-071-01,124 S. Ct. 2333,2004 U.S. LEXIS 4177,1,no,yes,yes,0,1024,268,0,18,18,1292,1042,286,0.207430341,0.017274472,0.937062937,post-decision through 2016,"Aggregate Shepard's lower-court response categories attached to one formally argued U.S. Supreme Court precedent, covering the 12 regular federal circuits, their district courts, and state courts through 2016; Federal Circuit excluded","Automated reduction of the authors' public precedent-level replication file. The source aggregates Shepard's categories and does not expose individual lower-court opinions, non-citing or ignored exposed cases, treatment dates, remedy fidelity, or practical implementation. Use as bounded doctrinal-uptake context only, not as a practical-compliance rate or denominator-matched lowerCourtCompliance validation target."
masood-kassow-songer-2019-precedent-treatment,542 U.S. 88,https://doi.org/10.7910/DVN/DZZY7G,10.7910/DVN/DZZY7G,10.1086/703067,542 U.S. 88,"J. ELLIOTT HIBBS, DIRECTOR, ARIZONA DEPARTMENT OF REVENUE v. KATHLEEN M. WINN et",2003,2004-06-14,2003-072-01,124 S. Ct. 2276,2004 U.S. LEXIS 4175,10,no,no,yes,0,249,55,0,22,22,304,271,77,0.180921053,0.081180812,0.714285714,post-decision through 2016,"Aggregate Shepard's lower-court response categories attached to one formally argued U.S. Supreme Court precedent, covering the 12 regular federal circuits, their district courts, and state courts through 2016; Federal Circuit excluded","Automated reduction of the authors' public precedent-level replication file. The source aggregates Shepard's categories and does not expose individual lower-court opinions, non-citing or ignored exposed cases, treatment dates, remedy fidelity, or practical implementation. Use as bounded doctrinal-uptake context only, not as a practical-compliance rate or denominator-matched lowerCourtCompliance validation target."
masood-kassow-songer-2019-precedent-treatment,542 U.S. 177,https://doi.org/10.7910/DVN/DZZY7G,10.7910/DVN/DZZY7G,10.1086/703067,542 U.S. 177,"LARRY D. HIIBEL v. SIXTH JUDICIAL DISTRICT COURT OF NEVADA, HUMBOLDT COUNTY, et ",2003,2004-06-21,2003-075-01,124 S. Ct. 2451,2004 U.S. LEXIS 4385,1,yes,yes,yes,0,558,133,0,25,25,691,583,158,0.192474674,0.042881647,0.841772152,post-decision through 2016,"Aggregate Shepard's lower-court response categories attached to one formally argued U.S. Supreme Court precedent, covering the 12 regular federal circuits, their district courts, and state courts through 2016; Federal Circuit excluded","Automated reduction of the authors' public precedent-level replication file. The source aggregates Shepard's categories and does not expose individual lower-court opinions, non-citing or ignored exposed cases, treatment dates, remedy fidelity, or practical implementation. Use as bounded doctrinal-uptake context only, not as a practical-compliance rate or denominator-matched lowerCourtCompliance validation target."
masood-kassow-songer-2019-precedent-treatment,542 U.S. 200,https://doi.org/10.7910/DVN/DZZY7G,10.7910/DVN/DZZY7G,10.1086/703067,542 U.S. 200,"AETNA HEALTH INC., FKA AETNA U.S. HEALTHCARE INC. AND AETNA U.S. HEALTHCARE OF N",2003,2004-06-21,2003-076-01,124 S. Ct. 2488,2004 U.S. LEXIS 4571,10,no,no,yes,2,1466,591,0,55,55,2057,1521,646,0.287311619,0.036160421,0.914860681,post-decision through 2016,"Aggregate Shepard's lower-court response categories attached to one formally argued U.S. Supreme Court precedent, covering the 12 regular federal circuits, their district courts, and state courts through 2016; Federal Circuit excluded","Automated reduction of the authors' public precedent-level replication file. The source aggregates Shepard's categories and does not expose individual lower-court opinions, non-citing or ignored exposed cases, treatment dates, remedy fidelity, or practical implementation. Use as bounded doctrinal-uptake context only, not as a practical-compliance rate or denominator-matched lowerCourtCompliance validation target."
masood-kassow-songer-2019-precedent-treatment,542 U.S. 225,https://doi.org/10.7910/DVN/DZZY7G,10.7910/DVN/DZZY7G,10.1086/703067,542 U.S. 225,"CHERYL K. PLILER, WARDEN v. RICHARD HERMAN FORD",2003,2004-06-21,2003-077-01,124 S. Ct. 2441,2004 U.S. LEXIS 4384,1,no,yes,yes,2,2302,100,0,17,17,2402,2319,117,0.041631973,0.007330746,0.854700855,post-decision through 2016,"Aggregate Shepard's lower-court response categories attached to one formally argued U.S. Supreme Court precedent, covering the 12 regular federal circuits, their district courts, and state courts through 2016; Federal Circuit excluded","Automated reduction of the authors' public precedent-level replication file. The source aggregates Shepard's categories and does not expose individual lower-court opinions, non-citing or ignored exposed cases, treatment dates, remedy fidelity, or practical implementation. Use as bounded doctrinal-uptake context only, not as a practical-compliance rate or denominator-matched lowerCourtCompliance validation target."
masood-kassow-songer-2019-precedent-treatment,542 U.S. 241,https://doi.org/10.7910/DVN/DZZY7G,10.7910/DVN/DZZY7G,10.1086/703067,542 U.S. 241,"INTEL CORPORATION v. ADVANCED MICRO DEVICES, INC.",2003,2004-06-21,2003-078-01,124 S. Ct. 2466,2004 U.S. LEXIS 4570,5,no,no,yes,0,206,262,0,12,12,468,218,274,0.559829060,0.055045872,0.956204380,post-decision through 2016,"Aggregate Shepard's lower-court response categories attached to one formally argued U.S. Supreme Court precedent, covering the 12 regular federal circuits, their district courts, and state courts through 2016; Federal Circuit excluded","Automated reduction of the authors' public precedent-level replication file. The source aggregates Shepard's categories and does not expose individual lower-court opinions, non-citing or ignored exposed cases, treatment dates, remedy fidelity, or practical implementation. Use as bounded doctrinal-uptake context only, not as a practical-compliance rate or denominator-matched lowerCourtCompliance validation target."
masood-kassow-songer-2019-precedent-treatment,542 U.S. 274,https://doi.org/10.7910/DVN/DZZY7G,10.7910/DVN/DZZY7G,10.1086/703067,542 U.S. 274,"ROBERT JAMES TENNARD v. DOUG DRETKE, DIRECTOR, TEXAS DEPARTMENT OF CRIMINAL JUST",2003,2004-06-24,2003-079-01,124 S. Ct. 2562,2004 U.S. LEXIS 4575,1,no,yes,yes,1,2284,1404,0,35,35,3688,2319,1439,0.380694143,0.015092712,0.975677554,post-decision through 2016,"Aggregate Shepard's lower-court response categories attached to one formally argued U.S. Supreme Court precedent, covering the 12 regular federal circuits, their district courts, and state courts through 2016; Federal Circuit excluded","Automated reduction of the authors' public precedent-level replication file. The source aggregates Shepard's categories and does not expose individual lower-court opinions, non-citing or ignored exposed cases, treatment dates, remedy fidelity, or practical implementation. Use as bounded doctrinal-uptake context only, not as a practical-compliance rate or denominator-matched lowerCourtCompliance validation target."
masood-kassow-songer-2019-precedent-treatment,542 U.S. 296,https://doi.org/10.7910/DVN/DZZY7G,10.7910/DVN/DZZY7G,10.1086/703067,542 U.S. 296,"RALPH HOWARD BLAKELY, JR. v. WASHINGTON",2003,2004-06-24,2003-080-01,124 S. Ct. 2531,2004 U.S. LEXIS 4573,1,yes,yes,yes,1,21525,2067,6,3209,3215,23592,24740,5282,0.087614446,0.129951496,0.391329042,post-decision through 2016,"Aggregate Shepard's lower-court response categories attached to one formally argued U.S. Supreme Court precedent, covering the 12 regular federal circuits, their district courts, and state courts through 2016; Federal Circuit excluded","Automated reduction of the authors' public precedent-level replication file. The source aggregates Shepard's categories and does not expose individual lower-court opinions, non-citing or ignored exposed cases, treatment dates, remedy fidelity, or practical implementation. Use as bounded doctrinal-uptake context only, not as a practical-compliance rate or denominator-matched lowerCourtCompliance validation target."
masood-kassow-songer-2019-precedent-treatment,542 U.S. 348,https://doi.org/10.7910/DVN/DZZY7G,10.7910/DVN/DZZY7G,10.1086/703067,542 U.S. 348,"DORA B. SCHRIRO, DIRECTOR, ARIZONA DEPARTMENT OF CORRECTIONS v. WARREN WESLEY SU",2003,2004-06-24,2003-081-01,124 S. Ct. 2519,2004 U.S. LEXIS 4574,1,no,yes,yes,0,1622,455,2,34,36,2077,1658,491,0.219065961,0.021712907,0.926680244,post-decision through 2016,"Aggregate Shepard's lower-court response categories attached to one formally argued U.S. Supreme Court precedent, covering the 12 regular federal circuits, their district courts, and state courts through 2016; Federal Circuit excluded","Automated reduction of the authors' public precedent-level replication file. The source aggregates Shepard's categories and does not expose individual lower-court opinions, non-citing or ignored exposed cases, treatment dates, remedy fidelity, or practical implementation. Use as bounded doctrinal-uptake context only, not as a practical-compliance rate or denominator-matched lowerCourtCompliance validation target."
masood-kassow-songer-2019-precedent-treatment,542 U.S. 367,https://doi.org/10.7910/DVN/DZZY7G,10.7910/DVN/DZZY7G,10.1086/703067,542 U.S. 367,"RICHARD B. CHENEY, VICE PRESIDENT OF THE UNITED STATES, et al. v. UNITED STATES ",2003,2004-06-24,2003-082-01,124 S. Ct. 2576,2004 U.S. LEXIS 4576,5,no,no,yes,0,369,186,0,2,2,555,371,188,0.335135135,0.005390836,0.989361702,post-decision through 2016,"Aggregate Shepard's lower-court response categories attached to one formally argued U.S. Supreme Court precedent, covering the 12 regular federal circuits, their district courts, and state courts through 2016; Federal Circuit excluded","Automated reduction of the authors' public precedent-level replication file. The source aggregates Shepard's categories and does not expose individual lower-court opinions, non-citing or ignored exposed cases, treatment dates, remedy fidelity, or practical implementation. Use as bounded doctrinal-uptake context only, not as a practical-compliance rate or denominator-matched lowerCourtCompliance validation target."
masood-kassow-songer-2019-precedent-treatment,542 U.S. 406,https://doi.org/10.7910/DVN/DZZY7G,10.7910/DVN/DZZY7G,10.1086/703067,542 U.S. 406,"JEFFREY A. BEARD, SECRETARY, PENNSYLVANIA DEPARTMENT OF CORRECTIONS, et al. v. G",2003,2004-06-24,2003-083-01,124 S. Ct. 2504,2004 U.S. LEXIS 4572,1,no,yes,yes,0,404,131,0,4,4,535,408,135,0.244859813,0.009803922,0.970370370,post-decision through 2016,"Aggregate Shepard's lower-court response categories attached to one formally argued U.S. Supreme Court precedent, covering the 12 regular federal circuits, their district courts, and state courts through 2016; Federal Circuit excluded","Automated reduction of the authors' public precedent-level replication file. The source aggregates Shepard's categories and does not expose individual lower-court opinions, non-citing or ignored exposed cases, treatment dates, remedy fidelity, or practical implementation. Use as bounded doctrinal-uptake context only, not as a practical-compliance rate or denominator-matched lowerCourtCompliance validation target."
masood-kassow-songer-2019-precedent-treatment,542 U.S. 426,https://doi.org/10.7910/DVN/DZZY7G,10.7910/DVN/DZZY7G,10.1086/703067,542 U.S. 426,"DONALD H. RUMSFELD, SECRETARY OF DEFENSE v. JOSE PADILLA AND DONNA R. NEWMAN, AS",2003,2004-06-28,2003-084-01,124 S. Ct. 2711,2004 U.S. LEXIS 4759,1,no,yes,yes,1,2691,366,2,36,38,3057,2729,404,0.119725221,0.013924514,0.905940594,post-decision through 2016,"Aggregate Shepard's lower-court response categories attached to one formally argued U.S. Supreme Court precedent, covering the 12 regular federal circuits, their district courts, and state courts through 2016; Federal Circuit excluded","Automated reduction of the authors' public precedent-level replication file. The source aggregates Shepard's categories and does not expose individual lower-court opinions, non-citing or ignored exposed cases, treatment dates, remedy fidelity, or practical implementation. Use as bounded doctrinal-uptake context only, not as a practical-compliance rate or denominator-matched lowerCourtCompliance validation target."
masood-kassow-songer-2019-precedent-treatment,542 U.S. 466,https://doi.org/10.7910/DVN/DZZY7G,10.7910/DVN/DZZY7G,10.1086/703067,542 U.S. 466,"SHAFIQ RASUL, et al. v. GEORGE W. BUSH, PRESIDENT OF THE UNITED STATES, et al.",2003,2004-06-28,2003-085-02,124 S. Ct. 2686,2004 U.S. LEXIS 4760,1,no,yes,yes,0,355,14,2,18,20,369,375,34,0.037940379,0.053333333,0.411764706,post-decision through 2016,"Aggregate Shepard's lower-court response categories attached to one formally argued U.S. Supreme Court precedent, covering the 12 regular federal circuits, their district courts, and state courts through 2016; Federal Circuit excluded","Automated reduction of the authors' public precedent-level replication file. The source aggregates Shepard's categories and does not expose individual lower-court opinions, non-citing or ignored exposed cases, treatment dates, remedy fidelity, or practical implementation. Use as bounded doctrinal-uptake context only, not as a practical-compliance rate or denominator-matched lowerCourtCompliance validation target."
masood-kassow-songer-2019-precedent-treatment,542 U.S. 507,https://doi.org/10.7910/DVN/DZZY7G,10.7910/DVN/DZZY7G,10.1086/703067,542 U.S. 507,YASER ESAM HAMDI AND ESAM FOUAD HAMDI AS NEXT FRIEND OF YASER ESAM HAMDI v. DONA,2003,2004-06-28,2003-086-01,124 S. Ct. 2633,2004 U.S. LEXIS 4761,4,no,no,yes,0,342,59,3,24,27,401,369,86,0.147132170,0.073170732,0.686046512,post-decision through 2016,"Aggregate Shepard's lower-court response categories attached to one formally argued U.S. Supreme Court precedent, covering the 12 regular federal circuits, their district courts, and state courts through 2016; Federal Circuit excluded","Automated reduction of the authors' public precedent-level replication file. The source aggregates Shepard's categories and does not expose individual lower-court opinions, non-citing or ignored exposed cases, treatment dates, remedy fidelity, or practical implementation. Use as bounded doctrinal-uptake context only, not as a practical-compliance rate or denominator-matched lowerCourtCompliance validation target."
masood-kassow-songer-2019-precedent-treatment,542 U.S. 600,https://doi.org/10.7910/DVN/DZZY7G,10.7910/DVN/DZZY7G,10.1086/703067,542 U.S. 600,MISSOURI v. PATRICE SEIBERT.,2003,2004-06-28,2003-087-01,124 S. Ct. 2601,2004 U.S. LEXIS 4578,1,no,yes,yes,0,1082,353,3,456,459,1435,1541,812,0.245993031,0.297858533,0.434729064,post-decision through 2016,"Aggregate Shepard's lower-court response categories attached to one formally argued U.S. Supreme Court precedent, covering the 12 regular federal circuits, their district courts, and state courts through 2016; Federal Circuit excluded","Automated reduction of the authors' public precedent-level replication file. The source aggregates Shepard's categories and does not expose individual lower-court opinions, non-citing or ignored exposed cases, treatment dates, remedy fidelity, or practical implementation. Use as bounded doctrinal-uptake context only, not as a practical-compliance rate or denominator-matched lowerCourtCompliance validation target."
masood-kassow-songer-2019-precedent-treatment,542 U.S. 630,https://doi.org/10.7910/DVN/DZZY7G,10.7910/DVN/DZZY7G,10.1086/703067,542 U.S. 630,UNITED STATES v. SAMUEL FRANCIS PATANE,2003,2004-06-28,2003-088-01,124 S. Ct. 2620,2004 U.S. LEXIS 4577,1,no,yes,yes,1,507,123,6,21,27,630,534,150,0.195238095,0.050561798,0.820000000,post-decision through 2016,"Aggregate Shepard's lower-court response categories attached to one formally argued U.S. Supreme Court precedent, covering the 12 regular federal circuits, their district courts, and state courts through 2016; Federal Circuit excluded","Automated reduction of the authors' public precedent-level replication file. The source aggregates Shepard's categories and does not expose individual lower-court opinions, non-citing or ignored exposed cases, treatment dates, remedy fidelity, or practical implementation. Use as bounded doctrinal-uptake context only, not as a practical-compliance rate or denominator-matched lowerCourtCompliance validation target."
masood-kassow-songer-2019-precedent-treatment,542 U.S. 649,https://doi.org/10.7910/DVN/DZZY7G,10.7910/DVN/DZZY7G,10.1086/703067,542 U.S. 649,"FLORA HOLLAND, WARDEN v. JESSIE L. JACKSON",2003,2004-06-28,2003-089-01,124 S. Ct. 2736,2004 U.S. LEXIS 4758,1,no,yes,yes,0,1273,118,0,13,13,1391,1286,131,0.084831057,0.010108865,0.900763359,post-decision through 2016,"Aggregate Shepard's lower-court response categories attached to one formally argued U.S. Supreme Court precedent, covering the 12 regular federal circuits, their district courts, and state courts through 2016; Federal Circuit excluded","Automated reduction of the authors' public precedent-level replication file. The source aggregates Shepard's categories and does not expose individual lower-court opinions, non-citing or ignored exposed cases, treatment dates, remedy fidelity, or practical implementation. Use as bounded doctrinal-uptake context only, not as a practical-compliance rate or denominator-matched lowerCourtCompliance validation target."
masood-kassow-songer-2019-precedent-treatment,542 U.S. 656,https://doi.org/10.7910/DVN/DZZY7G,10.7910/DVN/DZZY7G,10.1086/703067,542 U.S. 656,"JOHN D. ASHCROFT, ATTORNEY GENERAL v. AMERICAN CIVIL LIBERTIES UNION et al.",2003,2004-06-29,2003-090-01,124 S. Ct. 2783,2004 U.S. LEXIS 4762,3,yes,no,yes,0,143,35,0,9,9,178,152,44,0.196629213,0.059210526,0.795454545,post-decision through 2016,"Aggregate Shepard's lower-court response categories attached to one formally argued U.S. Supreme Court precedent, covering the 12 regular federal circuits, their district courts, and state courts through 2016; Federal Circuit excluded","Automated reduction of the authors' public precedent-level replication file. The source aggregates Shepard's categories and does not expose individual lower-court opinions, non-citing or ignored exposed cases, treatment dates, remedy fidelity, or practical implementation. Use as bounded doctrinal-uptake context only, not as a practical-compliance rate or denominator-matched lowerCourtCompliance validation target."
masood-kassow-songer-2019-precedent-treatment,542 U.S. 692,https://doi.org/10.7910/DVN/DZZY7G,10.7910/DVN/DZZY7G,10.1086/703067,542 U.S. 692,JOSE FRANCISCO SOSA v. HUMBERTO ALVAREZ-MACHAIN et al.,2003,2004-06-29,2003-091-01,124 S. Ct. 2739,2004 U.S. LEXIS 4763,8,no,no,yes,0,691,169,1,21,22,860,713,191,0.196511628,0.030855540,0.884816754,post-decision through 2016,"Aggregate Shepard's lower-court response categories attached to one formally argued U.S. Supreme Court precedent, covering the 12 regular federal circuits, their district courts, and state courts through 2016; Federal Circuit excluded","Automated reduction of the authors' public precedent-level replication file. The source aggregates Shepard's categories and does not expose individual lower-court opinions, non-citing or ignored exposed cases, treatment dates, remedy fidelity, or practical implementation. Use as bounded doctrinal-uptake context only, not as a practical-compliance rate or denominator-matched lowerCourtCompliance validation target."
masood-kassow-songer-2019-precedent-treatment,543 U.S. 1,https://doi.org/10.7910/DVN/DZZY7G,10.7910/DVN/DZZY7G,10.1086/703067,543 U.S. 1,"JOSUE LEOCAL v. JOHN D. ASHCROFT, ATTORNEY GENERAL, et al.",2004,2004-11-09,2004-001-01,125 S. Ct. 377,2004 U.S. LEXIS 7511,2,no,no,yes,0,511,125,2,60,62,636,573,187,0.196540881,0.108202443,0.668449198,post-decision through 2016,"Aggregate Shepard's lower-court response categories attached to one formally argued U.S. Supreme Court precedent, covering the 12 regular federal circuits, their district courts, and state courts through 2016; Federal Circuit excluded","Automated reduction of the authors' public precedent-level replication file. The source aggregates Shepard's categories and does not expose individual lower-court opinions, non-citing or ignored exposed cases, treatment dates, remedy fidelity, or practical implementation. Use as bounded doctrinal-uptake context only, not as a practical-compliance rate or denominator-matched lowerCourtCompliance validation target."
masood-kassow-songer-2019-precedent-treatment,543 U.S. 14,https://doi.org/10.7910/DVN/DZZY7G,10.7910/DVN/DZZY7G,10.1086/703067,543 U.S. 14,"NORFOLK SOUTHERN RAILWAY COMPANY v. JAMES N. KIRBY, PTY LTD., DBA KIRBY ENGINEER",2004,2004-11-09,2004-002-01,125 S. Ct. 385,2004 U.S. LEXIS 7510,8,no,no,yes,1,384,122,0,33,33,506,417,155,0.241106719,0.079136691,0.787096774,post-decision through 2016,"Aggregate Shepard's lower-court response categories attached to one formally argued U.S. Supreme Court precedent, covering the 12 regular federal circuits, their district courts, and state courts through 2016; Federal Circuit excluded","Automated reduction of the authors' public precedent-level replication file. The source aggregates Shepard's categories and does not expose individual lower-court opinions, non-citing or ignored exposed cases, treatment dates, remedy fidelity, or practical implementation. Use as bounded doctrinal-uptake context only, not as a practical-compliance rate or denominator-matched lowerCourtCompliance validation target."
masood-kassow-songer-2019-precedent-treatment,543 U.S. 37,https://doi.org/10.7910/DVN/DZZY7G,10.7910/DVN/DZZY7G,10.1086/703067,543 U.S. 37,LAROYCE LATHAIR SMITH v. TEXAS,2004,2004-11-15,2004-003-01,125 S. Ct. 400,2004 U.S. LEXIS 7668,1,no,yes,yes,0,83,31,0,15,15,114,98,46,0.271929825,0.153061224,0.673913043,post-decision through 2016,"Aggregate Shepard's lower-court response categories attached to one formally argued U.S. Supreme Court precedent, covering the 12 regular federal circuits, their district courts, and state courts through 2016; Federal Circuit excluded","Automated reduction of the authors' public precedent-level replication file. The source aggregates Shepard's categories and does not expose individual lower-court opinions, non-citing or ignored exposed cases, treatment dates, remedy fidelity, or practical implementation. Use as bounded doctrinal-uptake context only, not as a practical-compliance rate or denominator-matched lowerCourtCompliance validation target."
masood-kassow-songer-2019-precedent-treatment,543 U.S. 50,https://doi.org/10.7910/DVN/DZZY7G,10.7910/DVN/DZZY7G,10.1086/703067,543 U.S. 50,"KOONS BUICK PONTIAC GMC, INC. v. BRADLEY NIGH",2004,2004-11-30,2004-004-01,125 S. Ct. 460,2004 U.S. LEXIS 7979,8,no,no,yes,0,167,14,0,1,1,181,168,15,0.077348066,0.005952381,0.933333333,post-decision through 2016,"Aggregate Shepard's lower-court response categories attached to one formally argued U.S. Supreme Court precedent, covering the 12 regular federal circuits, their district courts, and state courts through 2016; Federal Circuit excluded","Automated reduction of the authors' public precedent-level replication file. The source aggregates Shepard's categories and does not expose individual lower-court opinions, non-citing or ignored exposed cases, treatment dates, remedy fidelity, or practical implementation. Use as bounded doctrinal-uptake context only, not as a practical-compliance rate or denominator-matched lowerCourtCompliance validation target."
masood-kassow-songer-2019-precedent-treatment,543 U.S. 77,https://doi.org/10.7910/DVN/DZZY7G,10.7910/DVN/DZZY7G,10.1086/703067,543 U.S. 77,"CITY OF SAN DIEGO, CALIFORNIA et al. v. JOHN ROE",2004,2004-12-06,2004-005-01,125 S. Ct. 521,2004 U.S. LEXIS 8165,3,no,no,yes,0,303,73,0,2,2,376,305,75,0.194148936,0.006557377,0.973333333,post-decision through 2016,"Aggregate Shepard's lower-court response categories attached to one formally argued U.S. Supreme Court precedent, covering the 12 regular federal circuits, their district courts, and state courts through 2016; Federal Circuit excluded","Automated reduction of the authors' public precedent-level replication file. The source aggregates Shepard's categories and does not expose individual lower-court opinions, non-citing or ignored exposed cases, treatment dates, remedy fidelity, or practical implementation. Use as bounded doctrinal-uptake context only, not as a practical-compliance rate or denominator-matched lowerCourtCompliance validation target."
masood-kassow-songer-2019-precedent-treatment,543 U.S. 86,https://doi.org/10.7910/DVN/DZZY7G,10.7910/DVN/DZZY7G,10.1086/703067,543 U.S. 86,STATE OF KANSAS v. STATE OF COLORADO,2004,2004-12-07,2004-006-01,125 S. Ct. 526,2004 U.S. LEXIS 8168,11,no,no,no,0,10,1,0,0,0,11,10,1,0.090909091,0.000000000,1.000000000,post-decision through 2016,"Aggregate Shepard's lower-court response categories attached to one formally argued U.S. Supreme Court precedent, covering the 12 regular federal circuits, their district courts, and state courts through 2016; Federal Circuit excluded","Automated reduction of the authors' public precedent-level replication file. The source aggregates Shepard's categories and does not expose individual lower-court opinions, non-citing or ignored exposed cases, treatment dates, remedy fidelity, or practical implementation. Use as bounded doctrinal-uptake context only, not as a practical-compliance rate or denominator-matched lowerCourtCompliance validation target."
masood-kassow-songer-2019-precedent-treatment,543 U.S. 111,https://doi.org/10.7910/DVN/DZZY7G,10.7910/DVN/DZZY7G,10.1086/703067,543 U.S. 111,"KP PERMANENT MAKE-UP, INC. v. LASTING IMPRESSION I, INC., et al.",2004,2004-12-08,2004-007-01,125 S. Ct. 542,2004 U.S. LEXIS 8170,8,no,no,yes,0,200,37,0,6,6,237,206,43,0.156118143,0.029126214,0.860465116,post-decision through 2016,"Aggregate Shepard's lower-court response categories attached to one formally argued U.S. Supreme Court precedent, covering the 12 regular federal circuits, their district courts, and state courts through 2016; Federal Circuit excluded","Automated reduction of the authors' public precedent-level replication file. The source aggregates Shepard's categories and does not expose individual lower-court opinions, non-citing or ignored exposed cases, treatment dates, remedy fidelity, or practical implementation. Use as bounded doctrinal-uptake context only, not as a practical-compliance rate or denominator-matched lowerCourtCompliance validation target."
masood-kassow-songer-2019-precedent-treatment,543 U.S. 125,https://doi.org/10.7910/DVN/DZZY7G,10.7910/DVN/DZZY7G,10.1086/703067,543 U.S. 125,"JOHN F. KOWALSKI, JUDGE, 26TH JUDICIAL CIRCUIT COURT OF MICHIGAN, et al. v. JOHN",2004,2004-12-13,2004-008-01,125 S. Ct. 564,2004 U.S. LEXIS 8273,9,yes,no,yes,0,300,86,0,17,17,386,317,103,0.222797927,0.053627760,0.834951456,post-decision through 2016,"Aggregate Shepard's lower-court response categories attached to one formally argued U.S. Supreme Court precedent, covering the 12 regular federal circuits, their district courts, and state courts through 2016; Federal Circuit excluded","Automated reduction of the authors' public precedent-level replication file. The source aggregates Shepard's categories and does not expose individual lower-court opinions, non-citing or ignored exposed cases, treatment dates, remedy fidelity, or practical implementation. Use as bounded doctrinal-uptake context only, not as a practical-compliance rate or denominator-matched lowerCourtCompliance validation target."
masood-kassow-songer-2019-precedent-treatment,543 U.S. 146,https://doi.org/10.7910/DVN/DZZY7G,10.7910/DVN/DZZY7G,10.1086/703067,543 U.S. 146,"GERALD DEVENPECK, et al. v. JEROME ANTHONY ALFORD",2004,2004-12-13,2004-009-01,125 S. Ct. 588,2004 U.S. LEXIS 8272,1,yes,yes,yes,0,1617,274,1,23,24,1891,1641,298,0.144896880,0.014625229,0.919463087,post-decision through 2016,"Aggregate Shepard's lower-court response categories attached to one formally argued U.S. Supreme Court precedent, covering the 12 regular federal circuits, their district courts, and state courts through 2016; Federal Circuit excluded","Automated reduction of the authors' public precedent-level replication file. The source aggregates Shepard's categories and does not expose individual lower-court opinions, non-citing or ignored exposed cases, treatment dates, remedy fidelity, or practical implementation. Use as bounded doctrinal-uptake context only, not as a practical-compliance rate or denominator-matched lowerCourtCompliance validation target."
masood-kassow-songer-2019-precedent-treatment,543 U.S. 157,https://doi.org/10.7910/DVN/DZZY7G,10.7910/DVN/DZZY7G,10.1086/703067,543 U.S. 157,"COOPER INDUSTRIES, INC. v. AVIALL SERVICES, INC.",2004,2004-12-13,2004-010-01,125 S. Ct. 577,2004 U.S. LEXIS 8271,8,no,no,yes,0,259,70,1,9,10,329,269,80,0.212765957,0.037174721,0.875000000,post-decision through 2016,"Aggregate Shepard's lower-court response categories attached to one formally argued U.S. Supreme Court precedent, covering the 12 regular federal circuits, their district courts, and state courts through 2016; Federal Circuit excluded","Automated reduction of the authors' public precedent-level replication file. The source aggregates Shepard's categories and does not expose individual lower-court opinions, non-citing or ignored exposed cases, treatment dates, remedy fidelity, or practical implementation. Use as bounded doctrinal-uptake context only, not as a practical-compliance rate or denominator-matched lowerCourtCompliance validation target."
masood-kassow-songer-2019-precedent-treatment,543 U.S. 175,https://doi.org/10.7910/DVN/DZZY7G,10.7910/DVN/DZZY7G,10.1086/703067,543 U.S. 175,FLORIDA v. JOE ELTON NIXON,2004,2004-12-13,2004-011-01,125 S. Ct. 551,2004 U.S. LEXIS 8270,1,yes,yes,yes,1,669,127,0,27,27,796,696,154,0.159547739,0.038793103,0.824675325,post-decision through 2016,"Aggregate Shepard's lower-court response categories attached to one formally argued U.S. Supreme Court precedent, covering the 12 regular federal circuits, their district courts, and state courts through 2016; Federal Circuit excluded","Automated reduction of the authors' public precedent-level replication file. The source aggregates Shepard's categories and does not expose individual lower-court opinions, non-citing or ignored exposed cases, treatment dates, remedy fidelity, or practical implementation. Use as bounded doctrinal-uptake context only, not as a practical-compliance rate or denominator-matched lowerCourtCompliance validation target."
masood-kassow-songer-2019-precedent-treatment,543 U.S. 194,https://doi.org/10.7910/DVN/DZZY7G,10.7910/DVN/DZZY7G,10.1086/703067,543 U.S. 194,ROCHELLE BROSSEAU v. KENNETH J. HAUGEN,2004,2004-12-13,2004-012-01,125 S. Ct. 596,2004 U.S. LEXIS 8275,8,no,no,yes,1,1756,386,1,52,53,2142,1809,439,0.180205415,0.029297955,0.879271071,post-decision through 2016,"Aggregate Shepard's lower-court response categories attached to one formally argued U.S. Supreme Court precedent, covering the 12 regular federal circuits, their district courts, and state courts through 2016; Federal Circuit excluded","Automated reduction of the authors' public precedent-level replication file. The source aggregates Shepard's categories and does not expose individual lower-court opinions, non-citing or ignored exposed cases, treatment dates, remedy fidelity, or practical implementation. Use as bounded doctrinal-uptake context only, not as a practical-compliance rate or denominator-matched lowerCourtCompliance validation target."
masood-kassow-songer-2019-precedent-treatment,543 U.S. 209,https://doi.org/10.7910/DVN/DZZY7G,10.7910/DVN/DZZY7G,10.1086/703067,543 U.S. 209,DAVID WHITFIELD v. UNITED STATES,2004,2005-01-11,2004-013-01,125 S. Ct. 687,2005 U.S. LEXIS 625,1,no,yes,yes,0,151,31,0,2,2,182,153,33,0.170329670,0.013071895,0.939393939,post-decision through 2016,"Aggregate Shepard's lower-court response categories attached to one formally argued U.S. Supreme Court precedent, covering the 12 regular federal circuits, their district courts, and state courts through 2016; Federal Circuit excluded","Automated reduction of the authors' public precedent-level replication file. The source aggregates Shepard's categories and does not expose individual lower-court opinions, non-citing or ignored exposed cases, treatment dates, remedy fidelity, or practical implementation. Use as bounded doctrinal-uptake context only, not as a practical-compliance rate or denominator-matched lowerCourtCompliance validation target."
masood-kassow-songer-2019-precedent-treatment,543 U.S. 220,https://doi.org/10.7910/DVN/DZZY7G,10.7910/DVN/DZZY7G,10.1086/703067,543 U.S. 220,UNITED STATES v. FREDDIE J. BOOKER,2004,2005-01-12,2004-014-02,125 S. Ct. 738,2005 U.S. LEXIS 628,1,no,yes,yes,774,25343,3864,5,2301,2306,29207,27649,6170,0.132297052,0.083402655,0.626256078,post-decision through 2016,"Aggregate Shepard's lower-court response categories attached to one formally argued U.S. Supreme Court precedent, covering the 12 regular federal circuits, their district courts, and state courts through 2016; Federal Circuit excluded","Automated reduction of the authors' public precedent-level replication file. The source aggregates Shepard's categories and does not expose individual lower-court opinions, non-citing or ignored exposed cases, treatment dates, remedy fidelity, or practical implementation. Use as bounded doctrinal-uptake context only, not as a practical-compliance rate or denominator-matched lowerCourtCompliance validation target."
masood-kassow-songer-2019-precedent-treatment,543 U.S. 335,https://doi.org/10.7910/DVN/DZZY7G,10.7910/DVN/DZZY7G,10.1086/703067,543 U.S. 335,KEYSE G. JAMA v. IMMIGRATION AND CUSTOMS ENFORCEMENT,2004,2005-01-12,2004-015-01,125 S. Ct. 694,2005 U.S. LEXIS 626,2,no,no,yes,0,171,24,0,1,1,195,172,25,0.123076923,0.005813953,0.960000000,post-decision through 2016,"Aggregate Shepard's lower-court response categories attached to one formally argued U.S. Supreme Court precedent, covering the 12 regular federal circuits, their district courts, and state courts through 2016; Federal Circuit excluded","Automated reduction of the authors' public precedent-level replication file. The source aggregates Shepard's categories and does not expose individual lower-court opinions, non-citing or ignored exposed cases, treatment dates, remedy fidelity, or practical implementation. Use as bounded doctrinal-uptake context only, not as a practical-compliance rate or denominator-matched lowerCourtCompliance validation target."
masood-kassow-songer-2019-precedent-treatment,543 U.S. 371,https://doi.org/10.7910/DVN/DZZY7G,10.7910/DVN/DZZY7G,10.1086/703067,543 U.S. 371,"A. NEIL CLARK, FIELD OFFICE DIRECTOR, SEATTLE, WASHINGTON, IMMIGRATION AND CUSTO",2004,2005-01-12,2004-016-02,125 S. Ct. 716,2005 U.S. LEXIS 627,2,no,no,yes,3,539,96,0,21,21,635,560,117,0.151181102,0.037500000,0.820512821,post-decision through 2016,"Aggregate Shepard's lower-court response categories attached to one formally argued U.S. Supreme Court precedent, covering the 12 regular federal circuits, their district courts, and state courts through 2016; Federal Circuit excluded","Automated reduction of the authors' public precedent-level replication file. The source aggregates Shepard's categories and does not expose individual lower-court opinions, non-citing or ignored exposed cases, treatment dates, remedy fidelity, or practical implementation. Use as bounded doctrinal-uptake context only, not as a practical-compliance rate or denominator-matched lowerCourtCompliance validation target."
masood-kassow-songer-2019-precedent-treatment,543 U.S. 405,https://doi.org/10.7910/DVN/DZZY7G,10.7910/DVN/DZZY7G,10.1086/703067,543 U.S. 405,ILLINOIS v. ROY I. CABALLES,2004,2005-01-24,2004-017-01,125 S. Ct. 834,2005 U.S. LEXIS 769,1,yes,yes,yes,1,1258,321,2,61,63,1579,1321,384,0.203293224,0.047691143,0.835937500,post-decision through 2016,"Aggregate Shepard's lower-court response categories attached to one formally argued U.S. Supreme Court precedent, covering the 12 regular federal circuits, their district courts, and state courts through 2016; Federal Circuit excluded","Automated reduction of the authors' public precedent-level replication file. The source aggregates Shepard's categories and does not expose individual lower-court opinions, non-citing or ignored exposed cases, treatment dates, remedy fidelity, or practical implementation. Use as bounded doctrinal-uptake context only, not as a practical-compliance rate or denominator-matched lowerCourtCompliance validation target."
masood-kassow-songer-2019-precedent-treatment,543 U.S. 426,https://doi.org/10.7910/DVN/DZZY7G,10.7910/DVN/DZZY7G,10.1086/703067,543 U.S. 426,"COMMISSIONER OF INTERNAL REVENUE v. JOHN W. BANKS, II",2004,2005-01-24,2004-018-01,125 S. Ct. 826,2005 U.S. LEXIS 1370,12,no,no,yes,0,62,14,0,5,5,76,67,19,0.184210526,0.074626866,0.736842105,post-decision through 2016,"Aggregate Shepard's lower-court response categories attached to one formally argued U.S. Supreme Court precedent, covering the 12 regular federal circuits, their district courts, and state courts through 2016; Federal Circuit excluded","Automated reduction of the authors' public precedent-level replication file. The source aggregates Shepard's categories and does not expose individual lower-court opinions, non-citing or ignored exposed cases, treatment dates, remedy fidelity, or practical implementation. Use as bounded doctrinal-uptake context only, not as a practical-compliance rate or denominator-matched lowerCourtCompliance validation target."
masood-kassow-songer-2019-precedent-treatment,543 U.S. 440,https://doi.org/10.7910/DVN/DZZY7G,10.7910/DVN/DZZY7G,10.1086/703067,543 U.S. 440,"MARLON LATODD HOWELL, AKA MARLON COX v. MISSISSIPPI",2004,2005-01-24,2004-019-01,125 S. Ct. 856,2005 U.S. LEXIS 1371,9,no,no,yes,0,111,12,0,2,2,123,113,14,0.097560976,0.017699115,0.857142857,post-decision through 2016,"Aggregate Shepard's lower-court response categories attached to one formally argued U.S. Supreme Court precedent, covering the 12 regular federal circuits, their district courts, and state courts through 2016; Federal Circuit excluded","Automated reduction of the authors' public precedent-level replication file. The source aggregates Shepard's categories and does not expose individual lower-court opinions, non-citing or ignored exposed cases, treatment dates, remedy fidelity, or practical implementation. Use as bounded doctrinal-uptake context only, not as a practical-compliance rate or denominator-matched lowerCourtCompliance validation target."
masood-kassow-songer-2019-precedent-treatment,543 U.S. 447,https://doi.org/10.7910/DVN/DZZY7G,10.7910/DVN/DZZY7G,10.1086/703067,543 U.S. 447,"RICKY BELL, WARDEN v. GARY BRADFORD CONE",2004,2005-01-24,2004-020-01,125 S. Ct. 847,2005 U.S. LEXIS 1369,9,no,no,yes,0,1251,81,0,1,1,1332,1252,82,0.060810811,0.000798722,0.987804878,post-decision through 2016,"Aggregate Shepard's lower-court response categories attached to one formally argued U.S. Supreme Court precedent, covering the 12 regular federal circuits, their district courts, and state courts through 2016; Federal Circuit excluded","Automated reduction of the authors' public precedent-level replication file. The source aggregates Shepard's categories and does not expose individual lower-court opinions, non-citing or ignored exposed cases, treatment dates, remedy fidelity, or practical implementation. Use as bounded doctrinal-uptake context only, not as a practical-compliance rate or denominator-matched lowerCourtCompliance validation target."
masood-kassow-songer-2019-precedent-treatment,543 U.S. 462,https://doi.org/10.7910/DVN/DZZY7G,10.7910/DVN/DZZY7G,10.1086/703067,543 U.S. 462,MELVIN T. SMITH v. MASSACHUSETTS,2004,2005-02-22,2004-021-01,125 S. Ct. 1129,2005 U.S. LEXIS 1398,1,yes,yes,yes,2,129,35,0,25,25,164,154,60,0.213414634,0.162337662,0.583333333,post-decision through 2016,"Aggregate Shepard's lower-court response categories attached to one formally argued U.S. Supreme Court precedent, covering the 12 regular federal circuits, their district courts, and state courts through 2016; Federal Circuit excluded","Automated reduction of the authors' public precedent-level replication file. The source aggregates Shepard's categories and does not expose individual lower-court opinions, non-citing or ignored exposed cases, treatment dates, remedy fidelity, or practical implementation. Use as bounded doctrinal-uptake context only, not as a practical-compliance rate or denominator-matched lowerCourtCompliance validation target."
masood-kassow-songer-2019-precedent-treatment,543 U.S. 481,https://doi.org/10.7910/DVN/DZZY7G,10.7910/DVN/DZZY7G,10.1086/703067,543 U.S. 481,WILLARD STEWART v. DUTRA CONSTRUCTION COMPANY,2004,2005-02-22,2004-022-01,125 S. Ct. 1118,2005 U.S. LEXIS 1397,8,no,no,yes,0,131,65,0,7,7,196,138,72,0.331632653,0.050724638,0.902777778,post-decision through 2016,"Aggregate Shepard's lower-court response categories attached to one formally argued U.S. Supreme Court precedent, covering the 12 regular federal circuits, their district courts, and state courts through 2016; Federal Circuit excluded","Automated reduction of the authors' public precedent-level replication file. The source aggregates Shepard's categories and does not expose individual lower-court opinions, non-citing or ignored exposed cases, treatment dates, remedy fidelity, or practical implementation. Use as bounded doctrinal-uptake context only, not as a practical-compliance rate or denominator-matched lowerCourtCompliance validation target."
masood-kassow-songer-2019-precedent-treatment,543 U.S. 499,https://doi.org/10.7910/DVN/DZZY7G,10.7910/DVN/DZZY7G,10.1086/703067,543 U.S. 499,GARRISON S. JOHNSON v. CALIFORNIA et al.,2004,2005-02-23,2004-023-01,125 S. Ct. 1141,2005 U.S. LEXIS 2007,2,yes,no,yes,0,524,59,0,20,20,583,544,79,0.101200686,0.036764706,0.746835443,post-decision through 2016,"Aggregate Shepard's lower-court response categories attached to one formally argued U.S. Supreme Court precedent, covering the 12 regular federal circuits, their district courts, and state courts through 2016; Federal Circuit excluded","Automated reduction of the authors' public precedent-level replication file. The source aggregates Shepard's categories and does not expose individual lower-court opinions, non-citing or ignored exposed cases, treatment dates, remedy fidelity, or practical implementation. Use as bounded doctrinal-uptake context only, not as a practical-compliance rate or denominator-matched lowerCourtCompliance validation target."
masood-kassow-songer-2019-precedent-treatment,543 U.S. 551,https://doi.org/10.7910/DVN/DZZY7G,10.7910/DVN/DZZY7G,10.1086/703067,543 U.S. 551,"DONALD P. ROPER, SUPERINTENDENT, POTOSI CORRECTIONAL CENTER v. CHRISTOPHER SIMMO",2004,2005-03-01,2004-024-01,125 S. Ct. 1183,2005 U.S. LEXIS 2200,1,yes,yes,yes,6,1361,195,0,365,365,1556,1726,560,0.125321337,0.211471611,0.348214286,post-decision through 2016,"Aggregate Shepard's lower-court response categories attached to one formally argued U.S. Supreme Court precedent, covering the 12 regular federal circuits, their district courts, and state courts through 2016; Federal Circuit excluded","Automated reduction of the authors' public precedent-level replication file. The source aggregates Shepard's categories and does not expose individual lower-court opinions, non-citing or ignored exposed cases, treatment dates, remedy fidelity, or practical implementation. Use as bounded doctrinal-uptake context only, not as a practical-compliance rate or denominator-matched lowerCourtCompliance validation target."
masood-kassow-songer-2019-precedent-treatment,543 U.S. 631,https://doi.org/10.7910/DVN/DZZY7G,10.7910/DVN/DZZY7G,10.1086/703067,543 U.S. 631,CHEROKEE NATION OF OKLAHOMA AND SHOSHONE-PAIUTE TRIBES OF THE DUCK VALLEY RESERV,2004,2005-03-01,2004-025-02,125 S. Ct. 1172,2005 U.S. LEXIS 2199,2,no,no,yes,0,51,6,1,8,9,57,60,15,0.105263158,0.150000000,0.400000000,post-decision through 2016,"Aggregate Shepard's lower-court response categories attached to one formally argued U.S. Supreme Court precedent, covering the 12 regular federal circuits, their district courts, and state courts through 2016; Federal Circuit excluded","Automated reduction of the authors' public precedent-level replication file. The source aggregates Shepard's categories and does not expose individual lower-court opinions, non-citing or ignored exposed cases, treatment dates, remedy fidelity, or practical implementation. Use as bounded doctrinal-uptake context only, not as a practical-compliance rate or denominator-matched lowerCourtCompliance validation target."
masood-kassow-songer-2019-precedent-treatment,544 U.S. 1,https://doi.org/10.7910/DVN/DZZY7G,10.7910/DVN/DZZY7G,10.1086/703067,544 U.S. 1,"GEORGE J. TENET, INDIVIDUALLY, PORTER J. GOSS, DIRECTOR OF CENTRAL INTELLIGENCE ",2004,2005-03-02,2004-026-01,125 S. Ct. 1230,2005 U.S. LEXIS 2202,8,no,no,yes,0,119,20,0,2,2,139,121,22,0.143884892,0.016528926,0.909090909,post-decision through 2016,"Aggregate Shepard's lower-court response categories attached to one formally argued U.S. Supreme Court precedent, covering the 12 regular federal circuits, their district courts, and state courts through 2016; Federal Circuit excluded","Automated reduction of the authors' public precedent-level replication file. The source aggregates Shepard's categories and does not expose individual lower-court opinions, non-citing or ignored exposed cases, treatment dates, remedy fidelity, or practical implementation. Use as bounded doctrinal-uptake context only, not as a practical-compliance rate or denominator-matched lowerCourtCompliance validation target."
masood-kassow-songer-2019-precedent-treatment,544 U.S. 13,https://doi.org/10.7910/DVN/DZZY7G,10.7910/DVN/DZZY7G,10.1086/703067,544 U.S. 13,REGINALD SHEPARD v. UNITED STATES,2004,2005-03-07,2004-027-01,125 S. Ct. 1254,2005 U.S. LEXIS 2205,1,no,yes,yes,1,2907,769,2,305,307,3676,3214,1076,0.209194777,0.095519602,0.714684015,post-decision through 2016,"Aggregate Shepard's lower-court response categories attached to one formally argued U.S. Supreme Court precedent, covering the 12 regular federal circuits, their district courts, and state courts through 2016; Federal Circuit excluded","Automated reduction of the authors' public precedent-level replication file. The source aggregates Shepard's categories and does not expose individual lower-court opinions, non-citing or ignored exposed cases, treatment dates, remedy fidelity, or practical implementation. Use as bounded doctrinal-uptake context only, not as a practical-compliance rate or denominator-matched lowerCourtCompliance validation target."
masood-kassow-songer-2019-precedent-treatment,544 U.S. 40,https://doi.org/10.7910/DVN/DZZY7G,10.7910/DVN/DZZY7G,10.1086/703067,544 U.S. 40,"CLAUDE M. BALLARD, ET UX. v. COMMISSIONER OF INTERNAL REVENUE",2004,2005-03-07,2004-028-02,125 S. Ct. 1270,2005 U.S. LEXIS 2403,9,no,no,yes,0,35,0,0,0,0,35,35,0,0.000000000,0.000000000,,post-decision through 2016,"Aggregate Shepard's lower-court response categories attached to one formally argued U.S. Supreme Court precedent, covering the 12 regular federal circuits, their district courts, and state courts through 2016; Federal Circuit excluded","Automated reduction of the authors' public precedent-level replication file. The source aggregates Shepard's categories and does not expose individual lower-court opinions, non-citing or ignored exposed cases, treatment dates, remedy fidelity, or practical implementation. Use as bounded doctrinal-uptake context only, not as a practical-compliance rate or denominator-matched lowerCourtCompliance validation target."
masood-kassow-songer-2019-precedent-treatment,544 U.S. 74,https://doi.org/10.7910/DVN/DZZY7G,10.7910/DVN/DZZY7G,10.1086/703067,544 U.S. 74,"REGINALD A. WILKINSON, DIRECTOR, OHIO DEPARTMENT OF REHABILITATION AND CORRECTIO",2004,2005-03-07,2004-029-01,125 S. Ct. 1242,2005 U.S. LEXIS 2204,1,no,yes,yes,1,3468,812,0,120,120,4280,3588,932,0.189719626,0.033444816,0.871244635,post-decision through 2016,"Aggregate Shepard's lower-court response categories attached to one formally argued U.S. Supreme Court precedent, covering the 12 regular federal circuits, their district courts, and state courts through 2016; Federal Circuit excluded","Automated reduction of the authors' public precedent-level replication file. The source aggregates Shepard's categories and does not expose individual lower-court opinions, non-citing or ignored exposed cases, treatment dates, remedy fidelity, or practical implementation. Use as bounded doctrinal-uptake context only, not as a practical-compliance rate or denominator-matched lowerCourtCompliance validation target."
masood-kassow-songer-2019-precedent-treatment,544 U.S. 113,https://doi.org/10.7910/DVN/DZZY7G,10.7910/DVN/DZZY7G,10.1086/703067,544 U.S. 113,"CITY OF RANCHO PALOS VERDES, CALIFORNIA, et al. v. MARK J. ABRAMS",2004,2005-03-22,2004-031-01,125 S. Ct. 1453,2005 U.S. LEXIS 2754,2,no,no,yes,1,408,80,0,11,11,488,419,91,0.163934426,0.026252983,0.879120879,post-decision through 2016,"Aggregate Shepard's lower-court response categories attached to one formally argued U.S. Supreme Court precedent, covering the 12 regular federal circuits, their district courts, and state courts through 2016; Federal Circuit excluded","Automated reduction of the authors' public precedent-level replication file. The source aggregates Shepard's categories and does not expose individual lower-court opinions, non-citing or ignored exposed cases, treatment dates, remedy fidelity, or practical implementation. Use as bounded doctrinal-uptake context only, not as a practical-compliance rate or denominator-matched lowerCourtCompliance validation target."
masood-kassow-songer-2019-precedent-treatment,544 U.S. 133,https://doi.org/10.7910/DVN/DZZY7G,10.7910/DVN/DZZY7G,10.1086/703067,544 U.S. 133,"JILL L. BROWN, WARDEN v. WILLIAM CHARLES PAYTON",2004,2005-03-22,2004-032-01,125 S. Ct. 1432,2005 U.S. LEXIS 2753,1,no,yes,yes,1,2018,463,0,4,4,2481,2022,467,0.186618299,0.001978239,0.991434690,post-decision through 2016,"Aggregate Shepard's lower-court response categories attached to one formally argued U.S. Supreme Court precedent, covering the 12 regular federal circuits, their district courts, and state courts through 2016; Federal Circuit excluded","Automated reduction of the authors' public precedent-level replication file. The source aggregates Shepard's categories and does not expose individual lower-court opinions, non-citing or ignored exposed cases, treatment dates, remedy fidelity, or practical implementation. Use as bounded doctrinal-uptake context only, not as a practical-compliance rate or denominator-matched lowerCourtCompliance validation target."
masood-kassow-songer-2019-precedent-treatment,544 U.S. 93,https://doi.org/10.7910/DVN/DZZY7G,10.7910/DVN/DZZY7G,10.1086/703067,544 U.S. 93,"DARIN L. MUEHLER, et al. v. IRIS MENA",2004,2005-03-22,2004-030-01,125 S. Ct. 1465,2005 U.S. LEXIS 2755,1,yes,yes,yes,0,683,193,0,57,57,876,740,250,0.220319635,0.077027027,0.772000000,post-decision through 2016,"Aggregate Shepard's lower-court response categories attached to one formally argued U.S. Supreme Court precedent, covering the 12 regular federal circuits, their district courts, and state courts through 2016; Federal Circuit excluded","Automated reduction of the authors' public precedent-level replication file. The source aggregates Shepard's categories and does not expose individual lower-court opinions, non-citing or ignored exposed cases, treatment dates, remedy fidelity, or practical implementation. Use as bounded doctrinal-uptake context only, not as a practical-compliance rate or denominator-matched lowerCourtCompliance validation target."
masood-kassow-songer-2019-precedent-treatment,544 U.S. 167,https://doi.org/10.7910/DVN/DZZY7G,10.7910/DVN/DZZY7G,10.1086/703067,544 U.S. 167,RODERICK JACKSON v. BIRMINGHAM BOARD OF EDUCATION,2004,2005-03-29,2004-033-01,125 S. Ct. 1497,2005 U.S. LEXIS 2928,2,no,no,yes,0,387,63,0,9,9,450,396,72,0.140000000,0.022727273,0.875000000,post-decision through 2016,"Aggregate Shepard's lower-court response categories attached to one formally argued U.S. Supreme Court precedent, covering the 12 regular federal circuits, their district courts, and state courts through 2016; Federal Circuit excluded","Automated reduction of the authors' public precedent-level replication file. The source aggregates Shepard's categories and does not expose individual lower-court opinions, non-citing or ignored exposed cases, treatment dates, remedy fidelity, or practical implementation. Use as bounded doctrinal-uptake context only, not as a practical-compliance rate or denominator-matched lowerCourtCompliance validation target."
masood-kassow-songer-2019-precedent-treatment,544 U.S. 197,https://doi.org/10.7910/DVN/DZZY7G,10.7910/DVN/DZZY7G,10.1086/703067,544 U.S. 197,"CITY OF SHERRILL, NEW YORK v. ONEIDA INDIAN NATION OF NEW YORK, et al.",2004,2005-03-29,2004-034-01,125 S. Ct. 1478,2005 U.S. LEXIS 2927,2,no,no,yes,0,223,24,1,23,24,247,247,48,0.097165992,0.097165992,0.500000000,post-decision through 2016,"Aggregate Shepard's lower-court response categories attached to one formally argued U.S. Supreme Court precedent, covering the 12 regular federal circuits, their district courts, and state courts through 2016; Federal Circuit excluded","Automated reduction of the authors' public precedent-level replication file. The source aggregates Shepard's categories and does not expose individual lower-court opinions, non-citing or ignored exposed cases, treatment dates, remedy fidelity, or practical implementation. Use as bounded doctrinal-uptake context only, not as a practical-compliance rate or denominator-matched lowerCourtCompliance validation target."
masood-kassow-songer-2019-precedent-treatment,544 U.S. 228,https://doi.org/10.7910/DVN/DZZY7G,10.7910/DVN/DZZY7G,10.1086/703067,544 U.S. 228,"AZEL P. SMITH, et al. v. CITY OF JACKSON, MISSISSIPPI, et al.",2004,2005-03-30,2004-035-01,125 S. Ct. 1536,2005 U.S. LEXIS 2931,2,no,no,yes,1,333,103,1,30,31,436,364,134,0.236238532,0.085164835,0.768656716,post-decision through 2016,"Aggregate Shepard's lower-court response categories attached to one formally argued U.S. Supreme Court precedent, covering the 12 regular federal circuits, their district courts, and state courts through 2016; Federal Circuit excluded","Automated reduction of the authors' public precedent-level replication file. The source aggregates Shepard's categories and does not expose individual lower-court opinions, non-citing or ignored exposed cases, treatment dates, remedy fidelity, or practical implementation. Use as bounded doctrinal-uptake context only, not as a practical-compliance rate or denominator-matched lowerCourtCompliance validation target."
masood-kassow-songer-2019-precedent-treatment,544 U.S. 269,https://doi.org/10.7910/DVN/DZZY7G,10.7910/DVN/DZZY7G,10.1086/703067,544 U.S. 269,"CHARLES RUSSELL RHINES v. DOUGLAS WEBER, WARDEN",2004,2005-03-30,2004-036-01,125 S. Ct. 1528,2005 U.S. LEXIS 2930,1,no,yes,yes,2,5780,3005,1,403,404,8785,6184,3409,0.342060330,0.065329884,0.881490173,post-decision through 2016,"Aggregate Shepard's lower-court response categories attached to one formally argued U.S. Supreme Court precedent, covering the 12 regular federal circuits, their district courts, and state courts through 2016; Federal Circuit excluded","Automated reduction of the authors' public precedent-level replication file. The source aggregates Shepard's categories and does not expose individual lower-court opinions, non-citing or ignored exposed cases, treatment dates, remedy fidelity, or practical implementation. Use as bounded doctrinal-uptake context only, not as a practical-compliance rate or denominator-matched lowerCourtCompliance validation target."
masood-kassow-songer-2019-precedent-treatment,544 U.S. 280,https://doi.org/10.7910/DVN/DZZY7G,10.7910/DVN/DZZY7G,10.1086/703067,544 U.S. 280,"EXXON MOBIL CORPORATION, EXXON CHEMICAL ARABIA, INC., AND MOBIL YANBU PETROCHEMI",2004,2005-03-30,2004-037-01,125 S. Ct. 1517,2005 U.S. LEXIS 2929,9,no,no,yes,2,4428,1255,0,54,54,5683,4482,1309,0.220834067,0.012048193,0.958747135,post-decision through 2016,"Aggregate Shepard's lower-court response categories attached to one formally argued U.S. Supreme Court precedent, covering the 12 regular federal circuits, their district courts, and state courts through 2016; Federal Circuit excluded","Automated reduction of the authors' public precedent-level replication file. The source aggregates Shepard's categories and does not expose individual lower-court opinions, non-citing or ignored exposed cases, treatment dates, remedy fidelity, or practical implementation. Use as bounded doctrinal-uptake context only, not as a practical-compliance rate or denominator-matched lowerCourtCompliance validation target."
masood-kassow-songer-2019-precedent-treatment,544 U.S. 295,https://doi.org/10.7910/DVN/DZZY7G,10.7910/DVN/DZZY7G,10.1086/703067,544 U.S. 295,"ROBERT JOHNSON, JR. v. UNITED STATES",2004,2005-04-04,2004-038-01,125 S. Ct. 1571,2005 U.S. LEXIS 2934,9,no,no,yes,0,943,160,0,85,85,1103,1028,245,0.145058930,0.082684825,0.653061224,post-decision through 2016,"Aggregate Shepard's lower-court response categories attached to one formally argued U.S. Supreme Court precedent, covering the 12 regular federal circuits, their district courts, and state courts through 2016; Federal Circuit excluded","Automated reduction of the authors' public precedent-level replication file. The source aggregates Shepard's categories and does not expose individual lower-court opinions, non-citing or ignored exposed cases, treatment dates, remedy fidelity, or practical implementation. Use as bounded doctrinal-uptake context only, not as a practical-compliance rate or denominator-matched lowerCourtCompliance validation target."
masood-kassow-songer-2019-precedent-treatment,544 U.S. 320,https://doi.org/10.7910/DVN/DZZY7G,10.7910/DVN/DZZY7G,10.1086/703067,544 U.S. 320,"RICHARD GERALD ROUSEY, ET UX. v. JILL R. JACOWAY",2004,2005-04-04,2004-039-01,125 S. Ct. 1561,2005 U.S. LEXIS 2933,8,no,no,yes,0,144,42,0,19,19,186,163,61,0.225806452,0.116564417,0.688524590,post-decision through 2016,"Aggregate Shepard's lower-court response categories attached to one formally argued U.S. Supreme Court precedent, covering the 12 regular federal circuits, their district courts, and state courts through 2016; Federal Circuit excluded","Automated reduction of the authors' public precedent-level replication file. The source aggregates Shepard's categories and does not expose individual lower-court opinions, non-citing or ignored exposed cases, treatment dates, remedy fidelity, or practical implementation. Use as bounded doctrinal-uptake context only, not as a practical-compliance rate or denominator-matched lowerCourtCompliance validation target."
masood-kassow-songer-2019-precedent-treatment,544 U.S. 336,https://doi.org/10.7910/DVN/DZZY7G,10.7910/DVN/DZZY7G,10.1086/703067,544 U.S. 336,"DURA PHARMACEUTICALS, INC., et al. v. MICHAEL BROUDO et al.",2004,2005-04-19,2004-040-01,125 S. Ct. 1627,2005 U.S. LEXIS 3478,8,no,no,yes,0,2259,781,1,77,78,3040,2337,859,0.256907895,0.033376123,0.909196740,post-decision through 2016,"Aggregate Shepard's lower-court response categories attached to one formally argued U.S. Supreme Court precedent, covering the 12 regular federal circuits, their district courts, and state courts through 2016; Federal Circuit excluded","Automated reduction of the authors' public precedent-level replication file. The source aggregates Shepard's categories and does not expose individual lower-court opinions, non-citing or ignored exposed cases, treatment dates, remedy fidelity, or practical implementation. Use as bounded doctrinal-uptake context only, not as a practical-compliance rate or denominator-matched lowerCourtCompliance validation target."
masood-kassow-songer-2019-precedent-treatment,544 U.S. 349,https://doi.org/10.7910/DVN/DZZY7G,10.7910/DVN/DZZY7G,10.1086/703067,544 U.S. 349,"DAVID B. PASQUANTINO, CARL J. PASQUANTINO, AND ARTHUR HILTS v. UNITED STATES",2004,2005-04-26,2004-041-01,125 S. Ct. 1766,2005 U.S. LEXIS 3701,1,no,yes,yes,1,129,27,2,10,12,156,141,39,0.173076923,0.085106383,0.692307692,post-decision through 2016,"Aggregate Shepard's lower-court response categories attached to one formally argued U.S. Supreme Court precedent, covering the 12 regular federal circuits, their district courts, and state courts through 2016; Federal Circuit excluded","Automated reduction of the authors' public precedent-level replication file. The source aggregates Shepard's categories and does not expose individual lower-court opinions, non-citing or ignored exposed cases, treatment dates, remedy fidelity, or practical implementation. Use as bounded doctrinal-uptake context only, not as a practical-compliance rate or denominator-matched lowerCourtCompliance validation target."
masood-kassow-songer-2019-precedent-treatment,544 U.S. 385,https://doi.org/10.7910/DVN/DZZY7G,10.7910/DVN/DZZY7G,10.1086/703067,544 U.S. 385,GARY SHERWOOD SMALL v. UNITED STATES,2004,2005-04-26,2004-042-01,125 S. Ct. 1752,2005 U.S. LEXIS 3700,1,no,yes,yes,0,83,12,0,13,13,95,96,25,0.126315789,0.135416667,0.480000000,post-decision through 2016,"Aggregate Shepard's lower-court response categories attached to one formally argued U.S. Supreme Court precedent, covering the 12 regular federal circuits, their district courts, and state courts through 2016; Federal Circuit excluded","Automated reduction of the authors' public precedent-level replication file. The source aggregates Shepard's categories and does not expose individual lower-court opinions, non-citing or ignored exposed cases, treatment dates, remedy fidelity, or practical implementation. Use as bounded doctrinal-uptake context only, not as a practical-compliance rate or denominator-matched lowerCourtCompliance validation target."
masood-kassow-songer-2019-precedent-treatment,544 U.S. 408,https://doi.org/10.7910/DVN/DZZY7G,10.7910/DVN/DZZY7G,10.1086/703067,544 U.S. 408,"JOHN A. PACE v. DAVID DIGUGLIELMO, SUPERINTENDENT, STATE CORRECTIONAL INSTITUTIO",2004,2005-04-27,2004-043-01,125 S. Ct. 1807,2005 U.S. LEXIS 3705,9,no,no,yes,0,7662,5952,8,66,74,13614,7736,6026,0.437197003,0.009565667,0.987719881,post-decision through 2016,"Aggregate Shepard's lower-court response categories attached to one formally argued U.S. Supreme Court precedent, covering the 12 regular federal circuits, their district courts, and state courts through 2016; Federal Circuit excluded","Automated reduction of the authors' public precedent-level replication file. The source aggregates Shepard's categories and does not expose individual lower-court opinions, non-citing or ignored exposed cases, treatment dates, remedy fidelity, or practical implementation. Use as bounded doctrinal-uptake context only, not as a practical-compliance rate or denominator-matched lowerCourtCompliance validation target."
masood-kassow-songer-2019-precedent-treatment,544 U.S. 431,https://doi.org/10.7910/DVN/DZZY7G,10.7910/DVN/DZZY7G,10.1086/703067,544 U.S. 431,"DENNIS BATES, et al. v. DOW AGROSCIENCES LLC",2004,2005-04-27,2004-044-01,125 S. Ct. 1788,2005 U.S. LEXIS 3706,10,no,no,yes,2,291,77,1,22,23,368,314,100,0.209239130,0.073248408,0.770000000,post-decision through 2016,"Aggregate Shepard's lower-court response categories attached to one formally argued U.S. Supreme Court precedent, covering the 12 regular federal circuits, their district courts, and state courts through 2016; Federal Circuit excluded","Automated reduction of the authors' public precedent-level replication file. The source aggregates Shepard's categories and does not expose individual lower-court opinions, non-citing or ignored exposed cases, treatment dates, remedy fidelity, or practical implementation. Use as bounded doctrinal-uptake context only, not as a practical-compliance rate or denominator-matched lowerCourtCompliance validation target."
masood-kassow-songer-2019-precedent-treatment,544 U.S. 460,https://doi.org/10.7910/DVN/DZZY7G,10.7910/DVN/DZZY7G,10.1086/703067,544 U.S. 460,"JENNIFER M. GRANHOLM, GOVERNOR OF MICHIGAN, et al. v. ELEANOR HEALD, et al.",2004,2005-05-16,2004-045-01,125 S. Ct. 1885,2005 U.S. LEXIS 4174,8,yes,no,yes,0,120,44,1,31,32,164,152,76,0.268292683,0.210526316,0.578947368,post-decision through 2016,"Aggregate Shepard's lower-court response categories attached to one formally argued U.S. Supreme Court precedent, covering the 12 regular federal circuits, their district courts, and state courts through 2016; Federal Circuit excluded","Automated reduction of the authors' public precedent-level replication file. The source aggregates Shepard's categories and does not expose individual lower-court opinions, non-citing or ignored exposed cases, treatment dates, remedy fidelity, or practical implementation. Use as bounded doctrinal-uptake context only, not as a practical-compliance rate or denominator-matched lowerCourtCompliance validation target."
masood-kassow-songer-2019-precedent-treatment,544 U.S. 528,https://doi.org/10.7910/DVN/DZZY7G,10.7910/DVN/DZZY7G,10.1086/703067,544 U.S. 528,"LINDA LINGLE, GOVERNOR OF HAWAII, et al. v. CHEVRON U.S.A. INC.",2004,2005-05-23,2004-046-01,125 S. Ct. 2074,2005 U.S. LEXIS 4342,4,yes,no,yes,0,474,160,1,12,13,634,487,173,0.252365931,0.026694045,0.924855491,post-decision through 2016,"Aggregate Shepard's lower-court response categories attached to one formally argued U.S. Supreme Court precedent, covering the 12 regular federal circuits, their district courts, and state courts through 2016; Federal Circuit excluded","Automated reduction of the authors' public precedent-level replication file. The source aggregates Shepard's categories and does not expose individual lower-court opinions, non-citing or ignored exposed cases, treatment dates, remedy fidelity, or practical implementation. Use as bounded doctrinal-uptake context only, not as a practical-compliance rate or denominator-matched lowerCourtCompliance validation target."
masood-kassow-songer-2019-precedent-treatment,544 U.S. 550,https://doi.org/10.7910/DVN/DZZY7G,10.7910/DVN/DZZY7G,10.1086/703067,544 U.S. 550,"MIKE JOHANNS, SECRETARY OF AGRICULTURE, et al., v. LIVESTOCK MARKETING ASSOCIATI",2004,2005-05-23,2004-047-01,125 S. Ct. 2055,2005 U.S. LEXIS 4343,3,yes,no,yes,3,95,36,0,18,18,131,113,54,0.274809160,0.159292035,0.666666667,post-decision through 2016,"Aggregate Shepard's lower-court response categories attached to one formally argued U.S. Supreme Court precedent, covering the 12 regular federal circuits, their district courts, and state courts through 2016; Federal Circuit excluded","Automated reduction of the authors' public precedent-level replication file. The source aggregates Shepard's categories and does not expose individual lower-court opinions, non-citing or ignored exposed cases, treatment dates, remedy fidelity, or practical implementation. Use as bounded doctrinal-uptake context only, not as a practical-compliance rate or denominator-matched lowerCourtCompliance validation target."
masood-kassow-songer-2019-precedent-treatment,544 U.S. 581,https://doi.org/10.7910/DVN/DZZY7G,10.7910/DVN/DZZY7G,10.1086/703067,544 U.S. 581,"MICHAEL CLINGMAN, SECRETARY, OKLAHOMA STATE ELECTION BOARD, et al. v. ANDREA L. ",2004,2005-05-23,2004-048-01,125 S. Ct. 2029,2005 U.S. LEXIS 4181,3,yes,no,yes,0,95,23,0,7,7,118,102,30,0.194915254,0.068627451,0.766666667,post-decision through 2016,"Aggregate Shepard's lower-court response categories attached to one formally argued U.S. Supreme Court precedent, covering the 12 regular federal circuits, their district courts, and state courts through 2016; Federal Circuit excluded","Automated reduction of the authors' public precedent-level replication file. The source aggregates Shepard's categories and does not expose individual lower-court opinions, non-citing or ignored exposed cases, treatment dates, remedy fidelity, or practical implementation. Use as bounded doctrinal-uptake context only, not as a practical-compliance rate or denominator-matched lowerCourtCompliance validation target."
masood-kassow-songer-2019-precedent-treatment,544 U.S. 622,https://doi.org/10.7910/DVN/DZZY7G,10.7910/DVN/DZZY7G,10.1086/703067,544 U.S. 622,CARMAN L. DECK v. MISSOURI,2004,2005-05-23,2004-049-01,125 S. Ct. 2007,2005 U.S. LEXIS 4180,4,yes,no,yes,0,631,162,4,141,145,793,776,307,0.204287516,0.186855670,0.527687296,post-decision through 2016,"Aggregate Shepard's lower-court response categories attached to one formally argued U.S. Supreme Court precedent, covering the 12 regular federal circuits, their district courts, and state courts through 2016; Federal Circuit excluded","Automated reduction of the authors' public precedent-level replication file. The source aggregates Shepard's categories and does not expose individual lower-court opinions, non-citing or ignored exposed cases, treatment dates, remedy fidelity, or practical implementation. Use as bounded doctrinal-uptake context only, not as a practical-compliance rate or denominator-matched lowerCourtCompliance validation target."
masood-kassow-songer-2019-precedent-treatment,544 U.S. 660,https://doi.org/10.7910/DVN/DZZY7G,10.7910/DVN/DZZY7G,10.1086/703067,544 U.S. 660,"JOSE ERNESTO MEDELLIN v. DOUG DRETKE, DIRECTOR, TEXAS DEPARTMENT OF CRIMINAL JUS",2004,2005-05-23,2004-050-01,125 S. Ct. 2088,2005 U.S. LEXIS 4344,9,no,no,yes,0,122,11,0,2,2,133,124,13,0.082706767,0.016129032,0.846153846,post-decision through 2016,"Aggregate Shepard's lower-court response categories attached to one formally argued U.S. Supreme Court precedent, covering the 12 regular federal circuits, their district courts, and state courts through 2016; Federal Circuit excluded","Automated reduction of the authors' public precedent-level replication file. The source aggregates Shepard's categories and does not expose individual lower-court opinions, non-citing or ignored exposed cases, treatment dates, remedy fidelity, or practical implementation. Use as bounded doctrinal-uptake context only, not as a practical-compliance rate or denominator-matched lowerCourtCompliance validation target."
masood-kassow-songer-2019-precedent-treatment,544 U.S. 696,https://doi.org/10.7910/DVN/DZZY7G,10.7910/DVN/DZZY7G,10.1086/703067,544 U.S. 696,ARTHUR ANDERSEN LLP v. UNITED STATES,2004,2005-05-31,2004-051-01,125 S. Ct. 2129,2005 U.S. LEXIS 4348,1,no,yes,yes,0,155,36,0,50,50,191,205,86,0.188481675,0.243902439,0.418604651,post-decision through 2016,"Aggregate Shepard's lower-court response categories attached to one formally argued U.S. Supreme Court precedent, covering the 12 regular federal circuits, their district courts, and state courts through 2016; Federal Circuit excluded","Automated reduction of the authors' public precedent-level replication file. The source aggregates Shepard's categories and does not expose individual lower-court opinions, non-citing or ignored exposed cases, treatment dates, remedy fidelity, or practical implementation. Use as bounded doctrinal-uptake context only, not as a practical-compliance rate or denominator-matched lowerCourtCompliance validation target."
masood-kassow-songer-2019-precedent-treatment,544 U.S. 709,https://doi.org/10.7910/DVN/DZZY7G,10.7910/DVN/DZZY7G,10.1086/703067,544 U.S. 709,"JON B. CUTTER, et al. v. REGINALD WILKINSON, DIRECTOR, OHIO DEPARTMENT OF REHABI",2004,2005-05-31,2004-052-01,125 S. Ct. 2113,2005 U.S. LEXIS 4346,3,no,no,yes,1,1455,231,0,8,8,1686,1463,239,0.137010676,0.005468216,0.966527197,post-decision through 2016,"Aggregate Shepard's lower-court response categories attached to one formally argued U.S. Supreme Court precedent, covering the 12 regular federal circuits, their district courts, and state courts through 2016; Federal Circuit excluded","Automated reduction of the authors' public precedent-level replication file. The source aggregates Shepard's categories and does not expose individual lower-court opinions, non-citing or ignored exposed cases, treatment dates, remedy fidelity, or practical implementation. Use as bounded doctrinal-uptake context only, not as a practical-compliance rate or denominator-matched lowerCourtCompliance validation target."
masood-kassow-songer-2019-precedent-treatment,544 U.S. 734,https://doi.org/10.7910/DVN/DZZY7G,10.7910/DVN/DZZY7G,10.1086/703067,544 U.S. 734,"ULYSSES TORY, et al. v. JOHNNIE L. COCHRAN, JR.",2004,2005-05-31,2004-053-01,125 S. Ct. 2108,2005 U.S. LEXIS 4347,3,yes,no,yes,0,19,4,0,1,1,23,20,5,0.173913043,0.050000000,0.800000000,post-decision through 2016,"Aggregate Shepard's lower-court response categories attached to one formally argued U.S. Supreme Court precedent, covering the 12 regular federal circuits, their district courts, and state courts through 2016; Federal Circuit excluded","Automated reduction of the authors' public precedent-level replication file. The source aggregates Shepard's categories and does not expose individual lower-court opinions, non-citing or ignored exposed cases, treatment dates, remedy fidelity, or practical implementation. Use as bounded doctrinal-uptake context only, not as a practical-compliance rate or denominator-matched lowerCourtCompliance validation target."
masood-kassow-songer-2019-precedent-treatment,545 U.S. 1,https://doi.org/10.7910/DVN/DZZY7G,10.7910/DVN/DZZY7G,10.1086/703067,545 U.S. 1,"ALBERTO R. GONZALES, ATTORNEY GENERAL, et al. v. ANGEL MCCLARY RAICH et al.",2004,2005-06-06,2004-054-01,125 S. Ct. 2195,2005 U.S. LEXIS 4656,10,no,no,yes,5,637,198,3,43,46,835,683,244,0.237125749,0.067349927,0.811475410,post-decision through 2016,"Aggregate Shepard's lower-court response categories attached to one formally argued U.S. Supreme Court precedent, covering the 12 regular federal circuits, their district courts, and state courts through 2016; Federal Circuit excluded","Automated reduction of the authors' public precedent-level replication file. The source aggregates Shepard's categories and does not expose individual lower-court opinions, non-citing or ignored exposed cases, treatment dates, remedy fidelity, or practical implementation. Use as bounded doctrinal-uptake context only, not as a practical-compliance rate or denominator-matched lowerCourtCompliance validation target."
masood-kassow-songer-2019-precedent-treatment,545 U.S. 119,https://doi.org/10.7910/DVN/DZZY7G,10.7910/DVN/DZZY7G,10.1086/703067,545 U.S. 119,"DOUGLAS SPECTOR, et al. v. NORWEGIAN CRUISE LINE LTD.",2004,2005-06-06,2004-056-01,125 S. Ct. 2169,2005 U.S. LEXIS 4655,2,no,no,yes,0,72,10,0,1,1,82,73,11,0.121951220,0.013698630,0.909090909,post-decision through 2016,"Aggregate Shepard's lower-court response categories attached to one formally argued U.S. Supreme Court precedent, covering the 12 regular federal circuits, their district courts, and state courts through 2016; Federal Circuit excluded","Automated reduction of the authors' public precedent-level replication file. The source aggregates Shepard's categories and does not expose individual lower-court opinions, non-citing or ignored exposed cases, treatment dates, remedy fidelity, or practical implementation. Use as bounded doctrinal-uptake context only, not as a practical-compliance rate or denominator-matched lowerCourtCompliance validation target."
masood-kassow-songer-2019-precedent-treatment,545 U.S. 75,https://doi.org/10.7910/DVN/DZZY7G,10.7910/DVN/DZZY7G,10.1086/703067,545 U.S. 75,STATE OF ALASKA v. UNITED STATES OF AMERICA,2004,2005-06-06,2004-055-01,125 S. Ct. 2137,2005 U.S. LEXIS 4654,,no,no,yes,0,13,0,0,0,0,13,13,0,0.000000000,0.000000000,,post-decision through 2016,"Aggregate Shepard's lower-court response categories attached to one formally argued U.S. Supreme Court precedent, covering the 12 regular federal circuits, their district courts, and state courts through 2016; Federal Circuit excluded","Automated reduction of the authors' public precedent-level replication file. The source aggregates Shepard's categories and does not expose individual lower-court opinions, non-citing or ignored exposed cases, treatment dates, remedy fidelity, or practical implementation. Use as bounded doctrinal-uptake context only, not as a practical-compliance rate or denominator-matched lowerCourtCompliance validation target."
masood-kassow-songer-2019-precedent-treatment,545 U.S. 162,https://doi.org/10.7910/DVN/DZZY7G,10.7910/DVN/DZZY7G,10.1086/703067,545 U.S. 162,JAY SHAWN JOHNSON v. CALIFORNIA,2004,2005-06-13,2004-057-01,125 S. Ct. 2410,2005 U.S. LEXIS 4842,2,yes,no,yes,0,988,288,0,27,27,1276,1015,315,0.225705329,0.026600985,0.914285714,post-decision through 2016,"Aggregate Shepard's lower-court response categories attached to one formally argued U.S. Supreme Court precedent, covering the 12 regular federal circuits, their district courts, and state courts through 2016; Federal Circuit excluded","Automated reduction of the authors' public precedent-level replication file. The source aggregates Shepard's categories and does not expose individual lower-court opinions, non-citing or ignored exposed cases, treatment dates, remedy fidelity, or practical implementation. Use as bounded doctrinal-uptake context only, not as a practical-compliance rate or denominator-matched lowerCourtCompliance validation target."
masood-kassow-songer-2019-precedent-treatment,545 U.S. 175,https://doi.org/10.7910/DVN/DZZY7G,10.7910/DVN/DZZY7G,10.1086/703067,545 U.S. 175,"MARGARET BRADSHAW, WARDEN v. JOHN DAVID STUMPF",2004,2005-06-13,2004-058-01,125 S. Ct. 2398,2005 U.S. LEXIS 4841,1,yes,yes,yes,0,605,156,0,29,29,761,634,185,0.204993430,0.045741325,0.843243243,post-decision through 2016,"Aggregate Shepard's lower-court response categories attached to one formally argued U.S. Supreme Court precedent, covering the 12 regular federal circuits, their district courts, and state courts through 2016; Federal Circuit excluded","Automated reduction of the authors' public precedent-level replication file. The source aggregates Shepard's categories and does not expose individual lower-court opinions, non-citing or ignored exposed cases, treatment dates, remedy fidelity, or practical implementation. Use as bounded doctrinal-uptake context only, not as a practical-compliance rate or denominator-matched lowerCourtCompliance validation target."
masood-kassow-songer-2019-precedent-treatment,545 U.S. 193,https://doi.org/10.7910/DVN/DZZY7G,10.7910/DVN/DZZY7G,10.1086/703067,545 U.S. 193,"MERCK KGAA v. INTEGRA LIFESCIENCES I, LTD., et al.",2004,2005-06-13,2004-059-01,125 S. Ct. 2372,2005 U.S. LEXIS 4840,8,no,no,yes,0,45,9,0,2,2,54,47,11,0.166666667,0.042553191,0.818181818,post-decision through 2016,"Aggregate Shepard's lower-court response categories attached to one formally argued U.S. Supreme Court precedent, covering the 12 regular federal circuits, their district courts, and state courts through 2016; Federal Circuit excluded","Automated reduction of the authors' public precedent-level replication file. The source aggregates Shepard's categories and does not expose individual lower-court opinions, non-citing or ignored exposed cases, treatment dates, remedy fidelity, or practical implementation. Use as bounded doctrinal-uptake context only, not as a practical-compliance rate or denominator-matched lowerCourtCompliance validation target."
masood-kassow-songer-2019-precedent-treatment,545 U.S. 209,https://doi.org/10.7910/DVN/DZZY7G,10.7910/DVN/DZZY7G,10.1086/703067,545 U.S. 209,"REGINALD A. WILKINSON, DIRECTOR, OHIO DEPARTMENT OF REHABILITATION AND CORRECTIO",2004,2005-06-13,2004-060-01,125 S. Ct. 2384,2005 U.S. LEXIS 4839,4,yes,no,yes,0,2928,670,1,257,258,3598,3186,928,0.186214564,0.080979284,0.721982759,post-decision through 2016,"Aggregate Shepard's lower-court response categories attached to one formally argued U.S. Supreme Court precedent, covering the 12 regular federal circuits, their district courts, and state courts through 2016; Federal Circuit excluded","Automated reduction of the authors' public precedent-level replication file. The source aggregates Shepard's categories and does not expose individual lower-court opinions, non-citing or ignored exposed cases, treatment dates, remedy fidelity, or practical implementation. Use as bounded doctrinal-uptake context only, not as a practical-compliance rate or denominator-matched lowerCourtCompliance validation target."
masood-kassow-songer-2019-precedent-treatment,545 U.S. 231,https://doi.org/10.7910/DVN/DZZY7G,10.7910/DVN/DZZY7G,10.1086/703067,545 U.S. 231,"THOMAS JOE MILLER-EL v. DOUG DRETKE, DIRECTOR, TEXAS DEPARTMENT OF CRIMINAL JUST",2004,2005-06-13,2004-061-01,125 S. Ct. 2317,2005 U.S. LEXIS 4658,1,no,yes,yes,4,2074,329,0,140,140,2403,2214,469,0.136912193,0.063233966,0.701492537,post-decision through 2016,"Aggregate Shepard's lower-court response categories attached to one formally argued U.S. Supreme Court precedent, covering the 12 regular federal circuits, their district courts, and state courts through 2016; Federal Circuit excluded","Automated reduction of the authors' public precedent-level replication file. The source aggregates Shepard's categories and does not expose individual lower-court opinions, non-citing or ignored exposed cases, treatment dates, remedy fidelity, or practical implementation. Use as bounded doctrinal-uptake context only, not as a practical-compliance rate or denominator-matched lowerCourtCompliance validation target."
masood-kassow-songer-2019-precedent-treatment,545 U.S. 308,https://doi.org/10.7910/DVN/DZZY7G,10.7910/DVN/DZZY7G,10.1086/703067,545 U.S. 308,"GRABLE & SONS METAL PRODUCTS, INC. v. DARUE ENGINEERING & MANUFACTURING",2004,2005-06-13,2004-062-01,125 S. Ct. 2363,2005 U.S. LEXIS 4659,9,no,no,yes,0,1210,786,1,340,341,1996,1551,1127,0.393787575,0.219858156,0.697426797,post-decision through 2016,"Aggregate Shepard's lower-court response categories attached to one formally argued U.S. Supreme Court precedent, covering the 12 regular federal circuits, their district courts, and state courts through 2016; Federal Circuit excluded","Automated reduction of the authors' public precedent-level replication file. The source aggregates Shepard's categories and does not expose individual lower-court opinions, non-citing or ignored exposed cases, treatment dates, remedy fidelity, or practical implementation. Use as bounded doctrinal-uptake context only, not as a practical-compliance rate or denominator-matched lowerCourtCompliance validation target."
masood-kassow-songer-2019-precedent-treatment,545 U.S. 323,https://doi.org/10.7910/DVN/DZZY7G,10.7910/DVN/DZZY7G,10.1086/703067,545 U.S. 323,"SAN REMO HOTEL, L. P., et al. v. CITY AND COUNTY OF SAN FRANCISCO, CALIFORNIA, e",2004,2005-06-20,2004-063-01,125 S. Ct. 2491,2005 U.S. LEXIS 4848,4,yes,no,yes,0,335,57,1,7,8,392,343,65,0.145408163,0.023323615,0.876923077,post-decision through 2016,"Aggregate Shepard's lower-court response categories attached to one formally argued U.S. Supreme Court precedent, covering the 12 regular federal circuits, their district courts, and state courts through 2016; Federal Circuit excluded","Automated reduction of the authors' public precedent-level replication file. The source aggregates Shepard's categories and does not expose individual lower-court opinions, non-citing or ignored exposed cases, treatment dates, remedy fidelity, or practical implementation. Use as bounded doctrinal-uptake context only, not as a practical-compliance rate or denominator-matched lowerCourtCompliance validation target."
masood-kassow-songer-2019-precedent-treatment,545 U.S. 353,https://doi.org/10.7910/DVN/DZZY7G,10.7910/DVN/DZZY7G,10.1086/703067,545 U.S. 353,MICHAEL DONALD DODD v. UNITED STATES,2004,2005-06-20,2004-064-01,125 S. Ct. 2478,2005 U.S. LEXIS 4847,9,no,yes,yes,0,1032,134,0,38,38,1166,1070,172,0.114922813,0.035514019,0.779069767,post-decision through 2016,"Aggregate Shepard's lower-court response categories attached to one formally argued U.S. Supreme Court precedent, covering the 12 regular federal circuits, their district courts, and state courts through 2016; Federal Circuit excluded","Automated reduction of the authors' public precedent-level replication file. The source aggregates Shepard's categories and does not expose individual lower-court opinions, non-citing or ignored exposed cases, treatment dates, remedy fidelity, or practical implementation. Use as bounded doctrinal-uptake context only, not as a practical-compliance rate or denominator-matched lowerCourtCompliance validation target."
masood-kassow-songer-2019-precedent-treatment,545 U.S. 374,https://doi.org/10.7910/DVN/DZZY7G,10.7910/DVN/DZZY7G,10.1086/703067,545 U.S. 374,"RONALD ROMPILLA v. JEFFREY A. BEARD, SECRETARY, PENNSYLVANIA DEPARTMENT OF CORRE",2004,2005-06-20,2004-065-01,125 S. Ct. 2456,2005 U.S. LEXIS 4846,1,yes,yes,yes,0,2348,357,3,213,216,2705,2564,573,0.131977819,0.084243370,0.623036649,post-decision through 2016,"Aggregate Shepard's lower-court response categories attached to one formally argued U.S. Supreme Court precedent, covering the 12 regular federal circuits, their district courts, and state courts through 2016; Federal Circuit excluded","Automated reduction of the authors' public precedent-level replication file. The source aggregates Shepard's categories and does not expose individual lower-court opinions, non-citing or ignored exposed cases, treatment dates, remedy fidelity, or practical implementation. Use as bounded doctrinal-uptake context only, not as a practical-compliance rate or denominator-matched lowerCourtCompliance validation target."
masood-kassow-songer-2019-precedent-treatment,545 U.S. 409,https://doi.org/10.7910/DVN/DZZY7G,10.7910/DVN/DZZY7G,10.1086/703067,545 U.S. 409,"GRAHAM COUNTY SOIL & WATER CONSERVATION DISTRICT, et al. v. UNITED STATES ex rel",2004,2005-06-20,2004-066-01,125 S. Ct. 2444,2005 U.S. LEXIS 4845,9,no,no,yes,0,173,23,0,7,7,196,180,30,0.117346939,0.038888889,0.766666667,post-decision through 2016,"Aggregate Shepard's lower-court response categories attached to one formally argued U.S. Supreme Court precedent, covering the 12 regular federal circuits, their district courts, and state courts through 2016; Federal Circuit excluded","Automated reduction of the authors' public precedent-level replication file. The source aggregates Shepard's categories and does not expose individual lower-court opinions, non-citing or ignored exposed cases, treatment dates, remedy fidelity, or practical implementation. Use as bounded doctrinal-uptake context only, not as a practical-compliance rate or denominator-matched lowerCourtCompliance validation target."
masood-kassow-songer-2019-precedent-treatment,545 U.S. 429,https://doi.org/10.7910/DVN/DZZY7G,10.7910/DVN/DZZY7G,10.1086/703067,545 U.S. 429,"AMERICAN TRUCKING ASSOCIATIONS, INC. AND USF HOLLAND, INC. v. MICHIGAN PUBLIC SE",2004,2005-06-20,2004-067-01,125 S. Ct. 2419,2005 U.S. LEXIS 4843,8,yes,no,yes,0,74,12,3,0,3,86,77,15,0.139534884,0.038961039,0.800000000,post-decision through 2016,"Aggregate Shepard's lower-court response categories attached to one formally argued U.S. Supreme Court precedent, covering the 12 regular federal circuits, their district courts, and state courts through 2016; Federal Circuit excluded","Automated reduction of the authors' public precedent-level replication file. The source aggregates Shepard's categories and does not expose individual lower-court opinions, non-citing or ignored exposed cases, treatment dates, remedy fidelity, or practical implementation. Use as bounded doctrinal-uptake context only, not as a practical-compliance rate or denominator-matched lowerCourtCompliance validation target."
masood-kassow-songer-2019-precedent-treatment,545 U.S. 440,https://doi.org/10.7910/DVN/DZZY7G,10.7910/DVN/DZZY7G,10.1086/703067,545 U.S. 440,"MID-CON FREIGHT SYSTEMS, INC., et al. v. MICHIGAN PUBLIC SERVICE COMMISSION, et ",2004,2005-06-20,2004-068-01,125 S. Ct. 2427,2005 U.S. LEXIS 4844,10,no,no,yes,0,5,0,0,0,0,5,5,0,0.000000000,0.000000000,,post-decision through 2016,"Aggregate Shepard's lower-court response categories attached to one formally argued U.S. Supreme Court precedent, covering the 12 regular federal circuits, their district courts, and state courts through 2016; Federal Circuit excluded","Automated reduction of the authors' public precedent-level replication file. The source aggregates Shepard's categories and does not expose individual lower-court opinions, non-citing or ignored exposed cases, treatment dates, remedy fidelity, or practical implementation. Use as bounded doctrinal-uptake context only, not as a practical-compliance rate or denominator-matched lowerCourtCompliance validation target."
masood-kassow-songer-2019-precedent-treatment,545 U.S. 469,https://doi.org/10.7910/DVN/DZZY7G,10.7910/DVN/DZZY7G,10.1086/703067,545 U.S. 469,"SUSETTE KELO, et al. v. CITY OF NEW LONDON, CONNECTICUT, et al.",2004,2005-06-23,2004-069-01,125 S. Ct. 2655,2005 U.S. LEXIS 5011,4,yes,no,yes,0,289,48,3,27,30,337,319,78,0.142433234,0.094043887,0.615384615,post-decision through 2016,"Aggregate Shepard's lower-court response categories attached to one formally argued U.S. Supreme Court precedent, covering the 12 regular federal circuits, their district courts, and state courts through 2016; Federal Circuit excluded","Automated reduction of the authors' public precedent-level replication file. The source aggregates Shepard's categories and does not expose individual lower-court opinions, non-citing or ignored exposed cases, treatment dates, remedy fidelity, or practical implementation. Use as bounded doctrinal-uptake context only, not as a practical-compliance rate or denominator-matched lowerCourtCompliance validation target."
masood-kassow-songer-2019-precedent-treatment,545 U.S. 524,https://doi.org/10.7910/DVN/DZZY7G,10.7910/DVN/DZZY7G,10.1086/703067,545 U.S. 524,"AURELIO O. GONZALEZ v. JAMES v. CROSBY, JR., SECRETARY, FLORIDA DEPARTMENT OF CO",2004,2005-06-23,2004-070-01,125 S. Ct. 2641,2005 U.S. LEXIS 5014,9,no,no,yes,1,3177,917,2,105,107,4094,3284,1024,0.223986321,0.032582217,0.895507812,post-decision through 2016,"Aggregate Shepard's lower-court response categories attached to one formally argued U.S. Supreme Court precedent, covering the 12 regular federal circuits, their district courts, and state courts through 2016; Federal Circuit excluded","Automated reduction of the authors' public precedent-level replication file. The source aggregates Shepard's categories and does not expose individual lower-court opinions, non-citing or ignored exposed cases, treatment dates, remedy fidelity, or practical implementation. Use as bounded doctrinal-uptake context only, not as a practical-compliance rate or denominator-matched lowerCourtCompliance validation target."
masood-kassow-songer-2019-precedent-treatment,545 U.S. 546,https://doi.org/10.7910/DVN/DZZY7G,10.7910/DVN/DZZY7G,10.1086/703067,545 U.S. 546,"EXXON MOBIL CORPORATION v. ALLAPATTAH SERVICES, INC., et al.",2004,2005-06-23,2004-071-01,125 S. Ct. 2611,2005 U.S. LEXIS 5015,9,no,no,yes,0,2560,222,3,23,26,2782,2586,248,0.079798706,0.010054138,0.895161290,post-decision through 2016,"Aggregate Shepard's lower-court response categories attached to one formally argued U.S. Supreme Court precedent, covering the 12 regular federal circuits, their district courts, and state courts through 2016; Federal Circuit excluded","Automated reduction of the authors' public precedent-level replication file. The source aggregates Shepard's categories and does not expose individual lower-court opinions, non-citing or ignored exposed cases, treatment dates, remedy fidelity, or practical implementation. Use as bounded doctrinal-uptake context only, not as a practical-compliance rate or denominator-matched lowerCourtCompliance validation target."
masood-kassow-songer-2019-precedent-treatment,545 U.S. 596,https://doi.org/10.7910/DVN/DZZY7G,10.7910/DVN/DZZY7G,10.1086/703067,545 U.S. 596,"FRANCIS A. ORFF, et al. v. UNITED STATES et al.",2004,2005-06-23,2004-072-01,125 S. Ct. 2606,2005 U.S. LEXIS 5013,8,no,no,yes,0,74,6,0,1,1,80,75,7,0.075000000,0.013333333,0.857142857,post-decision through 2016,"Aggregate Shepard's lower-court response categories attached to one formally argued U.S. Supreme Court precedent, covering the 12 regular federal circuits, their district courts, and state courts through 2016; Federal Circuit excluded","Automated reduction of the authors' public precedent-level replication file. The source aggregates Shepard's categories and does not expose individual lower-court opinions, non-citing or ignored exposed cases, treatment dates, remedy fidelity, or practical implementation. Use as bounded doctrinal-uptake context only, not as a practical-compliance rate or denominator-matched lowerCourtCompliance validation target."
masood-kassow-songer-2019-precedent-treatment,545 U.S. 605,https://doi.org/10.7910/DVN/DZZY7G,10.7910/DVN/DZZY7G,10.1086/703067,545 U.S. 605,ANTONIO DWAYNE HALBERT v. MICHIGAN,2004,2005-06-23,2004-073-01,125 S. Ct. 2582,2005 U.S. LEXIS 5012,2,yes,no,yes,0,387,40,1,50,51,427,438,91,0.093676815,0.116438356,0.439560440,post-decision through 2016,"Aggregate Shepard's lower-court response categories attached to one formally argued U.S. Supreme Court precedent, covering the 12 regular federal circuits, their district courts, and state courts through 2016; Federal Circuit excluded","Automated reduction of the authors' public precedent-level replication file. The source aggregates Shepard's categories and does not expose individual lower-court opinions, non-citing or ignored exposed cases, treatment dates, remedy fidelity, or practical implementation. Use as bounded doctrinal-uptake context only, not as a practical-compliance rate or denominator-matched lowerCourtCompliance validation target."
masood-kassow-songer-2019-precedent-treatment,545 U.S. 644,https://doi.org/10.7910/DVN/DZZY7G,10.7910/DVN/DZZY7G,10.1086/703067,545 U.S. 644,"DENEICE A. MAYLE, WARDEN v. JACOBY LEE FELIX",2004,2005-06-23,2004-074-01,125 S. Ct. 2562,2005 U.S. LEXIS 5016,1,no,yes,yes,0,2845,717,2,36,38,3562,2883,755,0.201291409,0.013180715,0.949668874,post-decision through 2016,"Aggregate Shepard's lower-court response categories attached to one formally argued U.S. Supreme Court precedent, covering the 12 regular federal circuits, their district courts, and state courts through 2016; Federal Circuit excluded","Automated reduction of the authors' public precedent-level replication file. The source aggregates Shepard's categories and does not expose individual lower-court opinions, non-citing or ignored exposed cases, treatment dates, remedy fidelity, or practical implementation. Use as bounded doctrinal-uptake context only, not as a practical-compliance rate or denominator-matched lowerCourtCompliance validation target."
masood-kassow-songer-2019-precedent-treatment,545 U.S. 677,https://doi.org/10.7910/DVN/DZZY7G,10.7910/DVN/DZZY7G,10.1086/703067,545 U.S. 677,"THOMAS VAN ORDEN v. RICK PERRY, IN HIS OFFICIAL CAPACITY AS GOVERNOR OF TEXAS AN",2004,2005-06-27,2004-075-01,125 S. Ct. 2854,2005 U.S. LEXIS 5215,3,no,no,yes,0,136,38,1,23,24,174,160,62,0.218390805,0.150000000,0.612903226,post-decision through 2016,"Aggregate Shepard's lower-court response categories attached to one formally argued U.S. Supreme Court precedent, covering the 12 regular federal circuits, their district courts, and state courts through 2016; Federal Circuit excluded","Automated reduction of the authors' public precedent-level replication file. The source aggregates Shepard's categories and does not expose individual lower-court opinions, non-citing or ignored exposed cases, treatment dates, remedy fidelity, or practical implementation. Use as bounded doctrinal-uptake context only, not as a practical-compliance rate or denominator-matched lowerCourtCompliance validation target."
masood-kassow-songer-2019-precedent-treatment,545 U.S. 748,https://doi.org/10.7910/DVN/DZZY7G,10.7910/DVN/DZZY7G,10.1086/703067,545 U.S. 748,"TOWN OF CASTLE ROCK, COLORADO v. GONZALES, INDIVIDUALLY AND AS NEXT FRIEND OF HE",2004,2005-06-27,2004-076-01,125 S. Ct. 2796,2005 U.S. LEXIS 5214,4,yes,no,yes,0,708,154,0,13,13,862,721,167,0.178654292,0.018030513,0.922155689,post-decision through 2016,"Aggregate Shepard's lower-court response categories attached to one formally argued U.S. Supreme Court precedent, covering the 12 regular federal circuits, their district courts, and state courts through 2016; Federal Circuit excluded","Automated reduction of the authors' public precedent-level replication file. The source aggregates Shepard's categories and does not expose individual lower-court opinions, non-citing or ignored exposed cases, treatment dates, remedy fidelity, or practical implementation. Use as bounded doctrinal-uptake context only, not as a practical-compliance rate or denominator-matched lowerCourtCompliance validation target."
masood-kassow-songer-2019-precedent-treatment,545 U.S. 794,https://doi.org/10.7910/DVN/DZZY7G,10.7910/DVN/DZZY7G,10.1086/703067,545 U.S. 794,"RICKY BELL, WARDEN v. GREGORY THOMPSON",2004,2005-06-27,2004-077-01,125 S. Ct. 2825,2005 U.S. LEXIS 5213,9,no,no,yes,0,35,3,0,3,3,38,38,6,0.078947368,0.078947368,0.500000000,post-decision through 2016,"Aggregate Shepard's lower-court response categories attached to one formally argued U.S. Supreme Court precedent, covering the 12 regular federal circuits, their district courts, and state courts through 2016; Federal Circuit excluded","Automated reduction of the authors' public precedent-level replication file. The source aggregates Shepard's categories and does not expose individual lower-court opinions, non-citing or ignored exposed cases, treatment dates, remedy fidelity, or practical implementation. Use as bounded doctrinal-uptake context only, not as a practical-compliance rate or denominator-matched lowerCourtCompliance validation target."
masood-kassow-songer-2019-precedent-treatment,545 U.S. 844,https://doi.org/10.7910/DVN/DZZY7G,10.7910/DVN/DZZY7G,10.1086/703067,545 U.S. 844,"MCCREARY COUNTY, KENTUCKY, et al. v. AMERICAN CIVIL LIBERTIES UNION OF KENTUCKY ",2004,2005-06-27,2004-078-01,125 S. Ct. 2722,2005 U.S. LEXIS 5211,3,yes,no,yes,0,244,68,0,11,11,312,255,79,0.217948718,0.043137255,0.860759494,post-decision through 2016,"Aggregate Shepard's lower-court response categories attached to one formally argued U.S. Supreme Court precedent, covering the 12 regular federal circuits, their district courts, and state courts through 2016; Federal Circuit excluded","Automated reduction of the authors' public precedent-level replication file. The source aggregates Shepard's categories and does not expose individual lower-court opinions, non-citing or ignored exposed cases, treatment dates, remedy fidelity, or practical implementation. Use as bounded doctrinal-uptake context only, not as a practical-compliance rate or denominator-matched lowerCourtCompliance validation target."
masood-kassow-songer-2019-precedent-treatment,545 U.S. 913,https://doi.org/10.7910/DVN/DZZY7G,10.7910/DVN/DZZY7G,10.1086/703067,545 U.S. 913,"METRO-GOLDWYN-MAYER STUDIOS, INC., et al. v. GROKSTER, LTD., et al.",2004,2005-06-27,2004-079-01,125 S. Ct. 2764,2005 U.S. LEXIS 5212,8,no,no,yes,0,477,135,0,2,2,612,479,137,0.220588235,0.004175365,0.985401460,post-decision through 2016,"Aggregate Shepard's lower-court response categories attached to one formally argued U.S. Supreme Court precedent, covering the 12 regular federal circuits, their district courts, and state courts through 2016; Federal Circuit excluded","Automated reduction of the authors' public precedent-level replication file. The source aggregates Shepard's categories and does not expose individual lower-court opinions, non-citing or ignored exposed cases, treatment dates, remedy fidelity, or practical implementation. Use as bounded doctrinal-uptake context only, not as a practical-compliance rate or denominator-matched lowerCourtCompliance validation target."
masood-kassow-songer-2019-precedent-treatment,545 U.S. 967,https://doi.org/10.7910/DVN/DZZY7G,10.7910/DVN/DZZY7G,10.1086/703067,545 U.S. 967,"NATIONAL CABLE & TELECOMMUNICATIONS ASSOCIATION, et al. v. BRAND X INTERNET SERV",2004,2005-06-27,2004-080-01,125 S. Ct. 2688,2005 U.S. LEXIS 5018,9,no,no,yes,0,469,91,0,15,15,560,484,106,0.162500000,0.030991736,0.858490566,post-decision through 2016,"Aggregate Shepard's lower-court response categories attached to one formally argued U.S. Supreme Court precedent, covering the 12 regular federal circuits, their district courts, and state courts through 2016; Federal Circuit excluded","Automated reduction of the authors' public precedent-level replication file. The source aggregates Shepard's categories and does not expose individual lower-court opinions, non-citing or ignored exposed cases, treatment dates, remedy fidelity, or practical implementation. Use as bounded doctrinal-uptake context only, not as a practical-compliance rate or denominator-matched lowerCourtCompliance validation target."
